838906
267428
239185
635544
594368
241760
953522
442592
339150
498045
245224
727638
119592
222976
309355
985932
873904
897295
299812
298138
108829
977061
429341
456164
620436
237285
568488
589720
672998
399211
600265
559540
391686
571101
246464
664004
885509
673600
552471
320937
815404
275559
749988
649525
828949
583206
540571
343282
290278
495462
633332
862018
123308
782001
425012
192482
543856
555180
658554
728072
882744
319397
480073
563403
780413
453890
682477
852705
184291
159800
558156
940931
654555
665725
888874
847885
920145
129621
560984
492002
192914
925577
570459
220621
288063
735031
225109
718626
616902
727170
256114
226338
345635
180873
627504
738077
867667
661141
609131
514322
240816
898860
984165
959154
698926
113444
829103
191299
214224
165297
665463
731680
709352
336126
903694
448254
271050
320538
929492
230729
290283
436170
269985
381452
960091
419261
903123
870288
702588
495997
182224
668156
706014
330560
323255
697499
480441
190622
299015
939419
122086
550301
800267
929649
984571
289833
978208
614137
504577
437951
133637
397595
659858
292776
126942
961610
597428
163843
136837
315431
991405
508027
312813
561314
955107
747384
714452
927680
772241
165777
995365
993144
909479
971391
570087
632471
514303
570572
454950
748579
744951
856810
590844
248125
720624
528289
629435
542751
920610
932160
742265
973413
458234
935637
843929
713449
515441
690327
326706
698918
604074
454048
834174
103806
336103
746009
406209
176183
786696
365901
478228
454560
323778
670527
114733
372817
653496
731512
927789
160496
239225
329816
834214
364976
161237
233358
717126
596052
780157
948899
606564
383314
965046
445424
221542
199538
679834
551471
775980
762261
555915
821743
251229
537363
888693
847266
563853
381180
821311
440337
679495
231936
496589
495439
138237
846539
948117
885610
736137
784360
722459
696446
993342
980742
500972
693251
127760
874424
118707
323047
187997
315990
320316
850679
216022
701632
182915
214102
933870
624163
995736
378992
886495
729364
340241
983560
436019
427418
268843
634286
156853
580296
550431
695084
983860
374152
368253
484735
250577
945779
765320
124387
385766
261500
830670
716167
494323
580940
452609
821952
950118
501416
211639
929946
123334
589264
230235
196425
819197
207329
442189
431165
521567
255193
827869
319603
528187
662618
496831
337128
849053
888679
975339
305096
457213
126380
441333
586725
596264
832891
107524
611076
300424
802769
285072
538898
808723
540535
810685
949940
978989
365315
581391
734971
619547
814495
850121
918261
825893
410209
342373
524960
648327
454970
143026
716186
163477
299435
305925
462261
689928
805104
491198
271814
499113
520064
393305
668892
466072
835277
551820
455853
371577
105446
288067
133260
993756
533181
836886
523383
438856
505314
633060
116621
633220
853165
768975
657949
534497
299771
546771
259673
308071
662960
571748
273194
129659
854843
216579
285628
247562
829623
991772
490906
584692
784749
609056
559893
139319
860343
449210
737213
784439
921312
772911
560210
627208
165671
431223
605844
769432
699042
688979
832247
897371
820926
295050
972307
296499
765573
525572
762967
227068
687257
428738
245725
314546
732508
374071
270041
582720
281906
286951
112843
330758
602174
819579
109556
147654
674057
115998
252453
798187
555010
550040
166546
970262
121183
272964
406022
608326
547201
965167
550448
109443
496502
298416
778939
576680
849911
847230
610780
416266
399666
861395
861348
621385
534946
520571
668693
524403
987066
695224
107314
418863
549217
328662
831343
435788
399478
464774
228871
388775
928245
516633
993708
606771
295634
901819
900088
810792
686594
379529
465571
217066
784826
633872
923182
269429
361615
558532
558267
682050
996795
252985
249312
914553
568673
312642
318512
380211
212744
215683
855289
863882
885732
639765
367853
414623
693522
149174
157752
719496
546593
369515
579856
403028
166094
991155
329291
948348
877864
269416
433098
967336
303027
656853
920594
107675
773416
873391
421499
661213
855833
701105
375074
248003
228625
356952
780089
573532
316730
908919
874719
766458
454840
595992
856778
955131
959571
741584
628383
850260
907699
855262
290852
640217
780196
725344
336558
295563
477272
677617
469268
151870
954475
146243
609668
188262
648162
190165
836243
161278
801005
234417
837424
161300
653068
207973
103186
596852
313069
897019
352976
224624
861171
717015
695407
877353
832626
544013
406550
560060
514487
983773
283357
847276
416549
618764
992612
105576
171258
468800
192896
772280
425584
381303
897840
767401
254367
435717
613070
370675
712351
440936
902528
453604
269868
551145
595086
937387
574178
226738
754287
138242
866728
975782
992316
639161
243209
627585
637990
381627
544349
788558
171523
527807
691878
320799
947875
898350
147286
191724
215745
937163
718158
415051
281716
954980
289153
399016
235462
842420
328856
574689
147100
399858
728782
646945
814516
502233
710907
947575
602221
789589
505838
830482
727424
871399
163220
190811
173516
270005
689397
278351
212399
125841
995965
561272
437552
672676
743576
892743
667033
717495
972183
880495
959491
638718
616399
602881
251177
181218
100704
415776
415615
152553
607219
343616
995131
529699
998045
244896
961361
408500
384992
234433
128348
221209
878417
431234
504472
911193
255380
953818
434893
513577
146371
764689
178214
403516
131054
665594
615072
775142
547516
453553
541854
684075
537263
236877
541433
144040
358598
788067
255956
746557
717660
837591
819053
200566
320493
481983
446384
492245
836313
839158
292198
741374
363425
539097
625322
707999
697679
398465
102140
553145
602066
209310
321711
769007
543942
321965
992989
829066
749554
126806
267642
724806
183339
312836
859141
259805
738294
877601
506683
438958
807819
488974
113862
952170
382037
453468
790035
164219
944853
463178
529601
283888
480071
363611
964821
693737
695900
929011
669675
173180
815814
391470
562022
950594
882034
131453
217897
605474
587728
654974
506174
543895
137358
689366
401363
296800
857954
603630
378565
795140
825254
664871
104404
267551
575070
234748
656502
500366
621525
273267
663591
815091
633733
887359
121950
776261
438934
581589
901403
185752
794110
831976
830717
104900
486758
353091
153168
833525
133549
770051
903587
837614
807493
963823
856279
310362
874843
930356
761684
492177
624053
863713
387318
660291
228820
950876
236420
836804
251481
759936
983041
885812
525444
847092
252315
508297
556567
215048
728161
628508
449913
185230
160850
259309
513878
473459
950193
318068
506884
103257
396724
310213
156032
926226
402427
591871
174295
903547
763869
354161
969633
891731
796862
149513
996487
888630
588990
845307
331749
762298
989163
405194
865451
684325
729078
362230
676733
492201
114339
335714
720154
414973
131034
995744
935226
603258
599002
937628
461393
727471
173325
886434
280048
198881
404855
410765
181898
506306
663496
461356
834068
613388
406737
655475
366182
764475
238771
485724
689694
456228
914835
871767
250628
372662
838345
140181
407303
953612
757304
298797
717830
502155
639832
594666
359948
298302
645327
504049
813010
997964
951774
420370
112296
246675
244983
746922
660527
896547
498892
914323
795805
291481
562307
681129
884739
191958
794151
904537
211596
524956
144088
884136
434491
299269
172449
334429
869495
401215
667754
284620
450979
144072
481188
620192
771814
547138
987490
442756
871465
143698
506919
583183
770590
270235
395994
838154
173918
478514
626550
960926
179179
444670
538238
905631
520148
938767
994637
201455
442775
220632
952524
225968
307072
680873
567549
888394
325680
883949
565396
236117
809401
432349
153254
737412
374629
883263
938105
115726
583511
341119
758555
599834
719561
301671
860238
846854
782644
833758
353440
534772
104718
518171
766202
328850
973934
843333
718286
512868
117803
922889
274675
727888
726050
266454
890766
207238
968406
300216
938278
170698
539954
903375
423929
930496
703210
328331
630957
392946
872704
749574
237662
155648
535682
873534
432502
956645
389520
426606
808988
685507
751227
755049
675395
169770
836457
323122
564098
488010
545718
678298
971940
820914
446932
712375
288950
694212
216338
338781
748734
965943
566779
633339
970123
465928
676438
975061
842567
700510
208235
700954
889608
482553
955813
240257
385862
950903
881778
877061
273288
866850
896647
128346
897943
775769
981536
417002
514996
438074
297062
403793
264965
721737
999946
590449
459850
796639
666349
136723
979054
567089
924866
463419
586073
907100
375499
203270
138626
435274
149504
640963
478914
339684
989102
709067
133636
492949
661307
390398
479896
319862
574632
145564
127047
803323
654192
900732
497536
452473
805613
399724
695889
799794
152890
824710
276817
250015
498738
793740
647706
455256
465271
265536
874261
605731
512623
529634
725678
106935
823977
338406
283494
753228
608286
605553
952518
372034
460274
928688
439857
504650
916089
911477
444531
338996
857462
983791
399318
547605
237439
380709
106867
757813
307516
390063
235493
405203
293582
749618
869113
530870
961741
852181
352225
387825
929162
295748
821513
676817
640499
275297
740833
328710
875253
640129
792376
930252
242779
519434
249802
292309
469204
463720
946288
892372
997491
668966
667765
750824
650640
434447
305833
948420
149996
415969
107791
927831
163601
624874
998513
287037
699672
623906
653811
608929
752516
131877
834853
622381
692236
705963
794705
605520
360790
549254
522165
431242
559295
632536
882187
415127
409015
824558
440483
629942
948841
973500
951186
118132
461400
275318
159844
996026
471428
158505
380492
920368
131244
552884
983293
264524
148494
542182
842609
196155
185674
194741
881062
682635
304325
707320
336009
217235
322312
180194
848330
802175
499048
514972
796367
170779
570849
818525
130340
220859
796380
312552
823280
428486
884080
161410
313796
125757
695396
490031
242380
181355
192018
352489
406248
738122
654920
319739
650836
579887
665736
719776
588002
146004
856207
710067
182794
989921
169682
401234
523864
289237
839300
422900
353859
848150
970452
477124
991870
346387
179795
444666
647463
245747
899348
244692
457021
727164
859724
826646
479599
267713
724281
733915
386064
394921
721215
390486
208678
924440
842797
135594
265953
140828
772703
779682
132265
903862
416316
964269
958064
762755
967935
475898
833414
142727
158195
591213
755436
473365
277175
945467
984256
179388
950433
947719
311991
663441
674367
331353
804744
697045
546712
360120
265605
964772
597585
697636
476773
751258
617964
648498
471133
963713
443627
655781
967117
717947
240338
652069
598710
292392
954474
611295
345897
890229
382242
518489
941339
474337
354832
914832
832469
564845
291862
269936
536487
217056
646911
985295
384284
830644
862664
660134
783273
453312
588155
706605
298431
311299
661207
137170
204577
289738
974700
284502
518287
665022
434690
352772
574720
850413
645625
941679
804590
572723
691498
519751
601867
410532
130029
451959
617874
300057
606068
482174
599929
677877
954804
682215
267042
728275
112740
979816
431376
900142
464799
167060
313814
533868
331299
642461
297803
206984
503963
459593
146458
819963
912090
112464
796150
948326
521470
810640
128491
449406
746324
986348
242735
377524
657818
840807
131736
406176
579359
183097
580135
712393
904423
603981
167458
774740
876331
383767
242399
386887
911581
155860
281531
737913
926793
425919
339435
815416
376214
804333
376522
577782
376972
461351
247986
169360
270448
814562
567718
100636
931691
740764
787755
601199
162953
258868
914934
293641
369116
219014
526944
567262
623265
915843
604887
328065
164762
259881
768430
995375
974875
193668
873045
253749
867360
778176
929859
518654
639323
503466
917167
936189
803404
549218
722302
226196
322888
560127
748855
576895
806140
857535
745235
576160
166155
929417
133712
933192
320147
637506
676868
645278
591566
167879
633518
151375
587252
478445
899304
276274
958846
453395
891480
222422
811205
146817
965639
690859
244009
135744
441897
255498
761742
904917
367258
893506
671872
832443
376618
246880
602199
543388
897807
697658
826293
117164
771290
289368
328141
321858
398628
407871
376382
170963
510406
752411
227132
124173
614503
699369
201328
918733
993264
959838
336438
505949
575708
298360
577636
725102
881835
941663
745066
783405
473429
969687
345556
330245
319900
111364
750509
132722
473499
316378
824766
840861
327451
954177
224820
679993
623652
275265
327328
410328
478639
939312
987639
859434
108922
100533
472794
829044
336917
453784
978832
979241
888730
597512
101935
467784
709658
636616
795097
611281
242417
276375
220195
747269
206651
367802
978065
413337
145441
594409
411645
177366
925323
768531
224215
964945
743290
932974
518118
468578
980045
415487
991053
204835
256224
663362
127304
110055
625846
100887
385525
211412
823723
647305
136496
812222
520204
395708
586199
630594
515234
977842
976108
925659
201545
418426
752633
308741
398430
163095
108621
459852
164727
131368
349541
888335
431853
582392
541510
416951
652021
584100
996806
542862
474540
292901
161130
158174
264752
264122
515274
454279
664075
684499
832369
558491
502026
166779
170593
330682
779949
366755
343731
789478
599607
869543
866588
721378
732836
743936
916427
327660
429530
697381
698862
663763
636313
150527
343924
134679
278412
419336
767950
377372
177185
480158
789743
809226
298677
555401
492115
213957
530504
484711
139099
633860
310864
958513
273494
704943
484842
334508
339131
821722
369419
387662
462162
128504
596052
272138
729427
985630
549412
338938
250951
406902
267143
655304
958219
659036
983756
535801
542130
372153
951157
176310
147658
386201
463367
818969
520183
931467
456642
829680
163163
119765
862314
634385
542135
323985
250403
215163
463755
533447
136156
743236
956761
834824
903586
953828
183432
714277
430997
228797
544164
510090
496439
522949
238659
855035
502528
203186
519715
489065
189488
482178
258894
963856
158940
800259
109343
515952
652713
921349
285055
469222
764439
138010
641000
612615
545012
697799
231531
250745
747314
574507
146700
380109
123346
745128
600427
974204
605855
681938
965054
569309
513976
484499
902937
319297
863077
523161
271024
159819
815755
945533
904819
574287
770682
508401
114040
256934
692515
110501
385879
550283
744359
710741
626286
364950
699595
918323
104869
115186
120616
589932
978156
793340
161630
622106
866656
657914
798921
874662
542156
545462
460972
806967
125644
233270
236777
709532
597485
789818
529266
433649
644593
255217
549722
341777
111086
486903
863909
869753
242870
459919
631326
555253
260241
330841
431271
803017
892774
293617
236171
116318
507897
253668
907024
205031
146062
813167
489192
159214
123819
993590
463686
157344
562620
698781
503373
902834
766704
394502
278276
259503
272385
161512
744166
567199
859921
798985
266454
763509
503792
150392
709648
884213
315417
977385
623099
426688
352764
997422
306042
211037
971991
118542
111202
298918
645597
386084
430245
998572
233272
391831
150477
536872
302827
798161
399332
679072
377104
956127
120400
230098
134977
800804
229340
773151
160882
225690
537874
665495
152731
520614
637477
362237
993331
936151
261450
123446
455543
267419
712518
704596
508459
996317
881282
754042
844983
947647
604092
533003
148275
375471
166584
459507
262685
218698
366739
816401
971239
756074
894999
117887
521678
876397
235915
723712
891652
579652
749474
447749
399151
380340
619796
290140
934571
671852
414633
885782
962634
622339
575537
719731
304028
229838
494930
102221
289962
618748
417145
295901
879259
107694
182481
374669
479833
173205
763121
244956
626382
964745
281551
755239
813449
482212
259122
540250
762397
755801
847078
953651
969576
657492
936745
344079
389744
958288
739202
125779
182185
961167
236369
719097
113524
462937
175873
404245
531202
283347
210906
699235
551638
279419
579476
441423
150408
235167
515589
848193
386437
314167
440187
978243
650356
610981
157222
758064
840276
289127
539052
278010
688929
343254
471648
104216
845173
724415
267949
181995
130154
752444
864076
856395
949406
202958
632309
902962
924336
283416
376305
121829
854983
388763
423054
881211
624530
532682
961228
183371
137898
366793
898677
862838
350451
472455
897770
303246
818785
756757
485144
678690
498936
438722
156873
999559
376652
430548
479158
977508
860102
330149
281434
147642
439016
537944
650594
419118
700039
994358
916865
383221
589687
898634
749312
703195
906758
858965
102131
280527
338142
925582
468454
313294
699534
229018
277334
747691
610306
974244
519548
406968
385902
492313
158596
864948
423114
205826
151932
114225
386455
689183
591143
643712
286272
756509
122802
667452
658587
624435
852990
147280
419759
133983
526652
742789
143888
131800
645015
503819
904293
769519
371178
104387
977803
387687
366098
399656
671538
883182
181758
668056
666533
160951
302180
769986
398247
249238
579949
599310
332857
879287
385840
968099
319544
374427
788541
638393
742115
585264
136623
458172
811738
561963
351492
858713
781538
265253
835881
842792
418213
496815
398254
839190
643990
801044
121018
120782
453970
862442
633591
429444
878018
383411
123917
923390
941693
359926
523757
180575
336234
320437
770563
453456
837443
844844
328655
643181
886070
537029
110829
684810
929989
374266
809392
585600
662157
473192
421517
381720
938659
225836
691859
321427
534938
608189
798585
492820
671650
672517
500976
238570
924746
259485
419256
419517
835430
644100
778094
763476
125355
234972
347202
863841
312055
586050
362150
724042
904527
542472
279875
422261
174880
393200
714406
101295
204998
565543
154808
478361
858603
105467
492651
672463
303527
934427
416847
602838
254982
625290
204677
374914
197287
818399
993195
253377
568384
850651
316470
884807
962399
532104
169374
291383
638795
298859
105171
170443
706282
389254
587309
884833
205692
257389
904577
981410
150404
624706
311055
983663
233638
476879
190584
173994
461771
324704
420046
347550
189858
493146
913059
116237
535362
731644
724899
917076
410634
981552
616222
153116
247113
146830
900189
218016
756921
336430
201046
429142
456869
849767
541211
738908
904108
615497
110700
822497
272350
970612
525485
516653
295555
239538
293234
221069
617115
867576
319030
889823
193632
364692
624619
743574
636743
558355
342508
976746
844614
550962
536591
913728
838063
609407
945974
137970
778938
720364
918980
331482
886946
629422
473388
994848
550757
595544
694373
273374
310351
278127
555067
188268
281648
154954
667519
818668
527849
725769
769214
262580
282631
441166
517902
796372
538950
468444
813605
306339
369238
287786
987876
996075
261211
542436
207665
540013
474606
261087
530114
167314
865345
179415
357173
550511
515392
246311
601245
804819
534547
469123
461686
816145
954720
815349
672346
327301
420653
601747
329196
671173
513859
598490
704273
304613
522894
339081
302334
256583
173537
380188
966285
766621
660182
737698
844745
940412
485427
176990
336841
390271
511144
258807
139034
305653
895797
878108
462996
312456
441097
750872
111630
303595
840741
688653
563758
398591
961502
291217
200312
541474
227873
308322
977800
612948
271985
483910
918363
877767
756493
942819
614055
942691
690061
752856
398188
121972
470250
994038
244866
760913
183101
126591
283985
248617
724255
782841
757887
523307
580752
378031
406627
676658
458932
617061
119545
556939
226263
266997
782799
643365
822257
343371
235452
639348
233317
264825
273680
545986
494115
496120
398471
873107
193134
102908
333655
648019
123767
714290
810728
514846
984552
683224
203043
377515
361853
463353
912803
113590
549836
214949
494184
431561
550565
320969
957195
100742
606709
418511
264588
206164
985093
209525
255527
475203
402111
326146
285797
503677
699952
259915
939214
526827
993065
402785
468060
387842
971775
499860
925546
505736
703763
669224
415308
897863
871692
297906
321721
505996
569440
335119
411970
704636
458322
940225
103878
847093
989557
482823
719326
481020
699758
240664
846420
324296
990423
152348
218321
948873
295744
715335
939347
331830
754449
961459
693181
917555
609930
790168
414376
909819
570091
389035
625240
253616
999055
944433
766313
194652
393331
778814
830824
420226
648053
240366
824190
237510
718871
917854
369863
362134
874179
195944
340961
391028
204617
259802
342848
172033
574531
303026
145598
808519
872505
147000
495504
413027
966624
895544
774963
864685
219326
164730
720869
807685
693449
857216
352209
531932
775629
674971
822658
111836
462796
187690
898648
212437
782591
694001
857240
117253
592091
368530
987870
358531
506255
308586
123246
603881
487882
715562
119593
340603
474713
138000
346522
316824
828110
502690
659247
136220
717820
880743
515941
997455
725855
645186
817885
894510
256856
850123
570443
257876
218422
515820
360237
842116
181617
881013
998392
573814
483823
220380
858765
260668
152105
138325
414475
511087
359848
938761
678974
755611
870121
503190
121302
342211
180672
814243
678034
130355
674328
209438
997947
756352
555384
566996
729229
252862
776289
404333
463888
538366
105813
964129
972197
367905
255506
841851
820220
169118
425499
875112
902530
925068
278839
508668
841143
828077
924531
500802
966654
743191
193090
256925
330317
682303
663557
882143
475588
262948
553926
327301
862491
190774
682974
762798
125044
435425
226231
577655
148016
101018
691179
355604
542013
282404
881291
932460
277613
355743
660028
873682
611106
858671
553307
333947
703845
609412
583649
678977
644694
126571
490882
951859
985309
787504
481071
551510
222431
519630
243324
961181
314988
621397
726524
739328
121557
562935
537960
159964
690556
918543
700926
888263
273220
120046
109894
395150
824614
956387
900912
203533
495493
479591
863705
393706
403546
869602
158093
802830
461449
607069
942182
333633
659668
533637
547570
569025
601326
697752
149139
374750
176871
762960
133056
674806
612326
391145
954312
142216
318614
908145
567350
640887
351383
877227
397681
495133
900117
292479
811195
378729
255158
556482
405785
667382
858316
932573
768209
303274
541674
186364
765167
566280
153364
832278
515459
651474
771087
798420
279876
143614
988087
344576
119768
425971
262159
111628
825163
370305
837299
424219
789532
661819
337706
732592
776024
895570
234743
387569
371230
215919
432943
467287
150337
853548
930181
964117
105772
298223
619008
884707
670783
984036
790158
171558
686424
596311
189938
167485
421325
837387
438712
554218
231158
671193
857802
820636
186695
422184
916155
594965
304283
879397
501888
935965
438508
270271
151262
701922
844095
189986
833215
594505
218301
297934
607231
888470
958715
412148
318722
755635
567931
313933
676520
852097
514859
451862
938840
965337
281996
274571
831546
125373
258957
980703
932801
873217
842389
466005
212805
513167
842848
425311
918671
374747
158785
998160
306957
457955
982277
114720
606181
519298
541688
719260
934599
720595
803361
972711
690907
756028
709512
120081
456121
691294
645848
484785
379735
353719
323712
650562
695901
170578
535123
828760
485780
241676
606159
559774
624797
666916
564059
355694
793663
769246
767113
236300
949880
998739
385115
410623
440372
619865
596834
606892
130971
776875
934497
187184
262597
387029
429648
421658
677193
638174
545372
268900
330963
575793
975404
227884
405331
567722
333407
497459
705586
257018
175729
684209
693184
909943
974748
924882
129609
746723
335355
919921
747014
553399
154730
692080
887055
449325
508361
868561
537358
189511
869536
346260
809199
103038
180380
198894
231571
879850
433590
764450
525316
828011
711541
913982
991747
242130
810218
890709
183357
120304
133242
844564
236892
958808
146520
563235
397369
416883
561872
895451
733136
979809
861153
913246
993196
753094
140898
660375
763969
704441
485573
270991
376760
743428
730264
482121
582437
940088
659560
366459
326964
929969
340992
829161
380194
877410
756784
220480
203976
873916
937801
800651
863410
766624
192324
653334
691822
703935
147778
651517
581888
782921
614926
512751
467986
785882
108351
251077
333705
680798
891642
789145
373171
990685
827924
486116
583932
434567
966452
656248
727647
287548
427607
908279
868025
735352
537005
335598
785978
101594
502561
918674
203957
303152
318295
402005
436791
148321
127533
460197
130932
910038
305572
321858
195357
376390
435032
177273
427277
675228
295306
864961
416515
309991
223839
443185
720650
755038
798337
746781
374675
219022
384387
405963
859940
962209
758402
784758
409226
439309
374823
514654
836170
478326
758698
843978
330966
645121
942288
639836
463323
441078
359092
474223
232502
727728
361860
521839
119782
440901
321826
535156
275037
890157
555051
424605
190545
515056
816853
732485
296559
224465
946961
473797
440207
954481
200431
693286
744354
926625
312321
758176
419688
180584
384280
459924
108734
821548
240715
353795
441108
561633
738102
579113
612381
362955
542174
175546
467935
110674
740882
468567
868715
196833
770318
490188
123623
907707
775737
620041
116038
101723
201358
763611
805209
906726
807800
775751
541758
377359
461175
342754
387991
206246
407871
983888
829622
815070
262431
432599
474996
863129
615199
234751
198849
787187
743490
335496
575573
632712
647019
140136
156773
196995
193724
461823
282769
375044
770906
650233
674875
369484
308333
114560
454258
826504
745507
353948
525132
402936
371955
295208
554354
311995
860479
874065
988181
734073
378994
289645
539806
239564
571209
800214
819107
132844
170895
920962
613622
254646
810593
234688
281687
614872
485968
828433
415946
638907
728484
628129
806147
706222
820317
385376
838174
366763
507893
122946
474539
379336
565762
902351
520294
775900
327959
678343
848229
941611
455050
391158
187978
137776
365264
147632
104280
699782
679109
615145
988163
422388
669096
104883
986976
307571
537346
767061
258395
991549
283943
352517
973992
921491
165333
266978
824785
661034
819385
527472
428397
753524
103538
928112
256018
260583
394317
757499
962690
640908
966479
347484
792672
137190
806609
297575
406534
167708
619749
455002
290575
455557
918488
800846
871599
210927
779792
966778
957282
301484
939156
987140
503266
750810
743242
770116
163410
544205
959131
325368
884407
171804
530323
423198
190599
743236
141573
330833
468665
933949
299627
415202
729116
474775
150507
772594
677956
388496
100566
300746
695614
720277
427594
888920
611909
595314
141399
768198
556429
414360
170814
587864
968701
463754
363284
911042
676794
188740
827047
416004
372862
511369
200216
473091
908679
819431
320582
745989
104043
198633
314507
332808
550633
216729
363424
548351
160380
702256
630780
651466
971465
341243
281113
483729
876631
286411
509143
160254
988382
312762
118330
151316
749527
185621
153391
342255
846292
863626
512044
130841
281737
276687
758133
384134
246983
340012
976122
248717
343562
538439
154973
596516
245064
788746
509266
900439
817513
839347
631424
707716
307670
989080
794084
584790
818347
606516
222644
231931
274918
731539
513441
782948
539105
896310
543605
934330
165372
893187
611260
111319
104435
919436
720864
732040
726607
706010
424588
702845
862968
670550
599506
630313
815720
496595
805128
683613
353083
357852
704172
405884
465026
804054
360489
136826
635831
760241
900178
116694
324651
901968
347275
641233
676347
343794
434726
631145
242338
357213
634187
329047
792007
584071
655441
294978
136502
565632
243689
119101
382061
253407
331547
738276
923149
989255
584872
727534
588016
978197
638317
136815
776345
544777
952649
159565
395399
997295
329174
904285
314852
177353
861011
833690
361818
183675
259906
937569
649957
152658
956685
288939
384388
570129
845924
435400
176552
886042
826177
749076
385807
542870
412941
152537
502506
318593
890747
362145
210298
841397
341010
781782
815706
302737
539592
702265
360534
889285
306281
157691
762937
254429
812151
289595
250788
574791
100652
139932
936794
527971
763258
583649
900408
342087
591092
228200
446146
644076
917893
413761
800697
269848
347230
895082
220648
607337
107790
525416
967454
358618
330217
905860
998102
736085
911595
691423
540177
469589
113174
433747
345606
136567
914390
183816
685807
552733
802374
666608
461349
610270
310860
801536
807462
122445
335583
749483
589170
764805
610569
964380
748086
708654
218151
306736
391647
747726
171853
149485
237328
398511
971462
505027
819791
622152
504025
578366
815161
668939
544776
464325
375830
674923
336658
725746
151303
810344
464088
726414
504540
167289
168957
874536
889346
249844
929542
138226
907097
573181
216385
382457
237092
972648
834914
434047
913050
561452
912808
627318
650265
362983
405950
228347
309658
235208
439165
896940
234399
918653
757006
430023
292873
653561
313870
169153
149447
214497
885355
348544
859816
830772
607147
952662
813361
374517
375307
755834
520203
222710
416197
202500
494739
133283
823531
867045
690069
890536
329679
623329
146739
855167
857061
328714
769982
324762
144864
894074
468072
167081
370265
729133
124880
259113
284015
948792
398236
977546
210344
177994
873189
163802
284341
835517
476524
714035
309971
442489
936906
306590
214446
304486
869926
954371
628576
139115
830783
738639
310359
840712
758537
392351
115573
590956
802837
503951
793841
787988
862280
781050
160890
140801
441101
283533
641628
820212
285159
722892
885595
695145
962399
624288
940572
895182
420284
649596
669700
692414
852016
440459
694551
920926
356462
647161
297730
631250
203418
490042
761653
351421
772281
911322
269992
897876
754696
876737
467358
904542
120136
206754
272391
364554
441558
249825
980799
695661
254841
682208
222708
722999
270229
239716
705669
727376
821500
824680
268517
836340
489028
577726
649599
839240
801044
450781
109108
775607
389655
124332
207039
733166
359443
940073
148858
400625
478676
524246
285721
477464
753090
560704
811636
341353
324017
537966
323747
194131
275446
264067
480705
825860
150647
218991
912755
844552
778203
886072
746114
767614
319617
640001
110340
479449
492013
168436
914648
534416
595389
126929
891216
619330
908793
709683
328937
643722
469641
438939
651638
788026
660705
709020
832795
147511
510807
269314
920661
228529
311316
751519
269719
524317
880777
898995
426831
531953
601177
777624
983559
957788
584020
403880
160615
445951
262981
748587
929335
858860
128193
191552
621762
953113
187967
691655
540055
782401
275335
578857
526665
914552
549859
122341
641046
912136
604370
809113
530277
615629
144731
969576
419016
364425
844127
417357
414785
523972
336295
345853
360129
380612
175324
664242
573388
734917
484118
116218
724632
182678
779468
523098
790419
999824
101258
221472
567044
249555
411681
514724
947882
503966
373432
782074
663330
712299
488096
534774
898852
630021
978629
221084
845868
452039
575104
354084
122134
574130
163945
537287
766562
187050
831786
547400
777112
938861
755247
527073
370245
649298
760570
555561
905507
396666
258675
715327
362262
100341
229948
804342
549395
277877
905538
951549
927707
939143
141967
709002
996229
614707
234781
401346
555610
984944
138053
100071
793498
722436
411189
308127
311164
649944
470880
344093
243250
208405
244144
102286
448779
466557
323062
857410
469362
612008
268290
963188
357139
419673
797742
486648
334174
461276
277780
299201
773188
242206
653697
263020
820798
650409
166561
528012
525294
506491
368665
717778
259581
386626
804755
604089
487523
616694
852180
961068
585220
382258
943402
509589
524280
696113
603937
540834
147267
307553
142004
669174
222275
842727
483489
970889
864265
698127
786389
610749
796382
886701
823751
269662
531494
175029
247809
178165
280354
788819
821496
181098
260879
548424
923101
817235
797132
474690
392875
595581
210842
673815
598785
323733
438364
538782
193514
395092
266909
756586
753975
891589
291472
873571
108015
859508
461331
189731
988733
709845
414381
752234
664327
278830
377494
767870
239743
218722
589750
166690
786674
230363
673189
500914
445373
277843
566642
221080
121280
281727
258143
406415
237163
412025
103306
611954
963349
185032
797734
139231
983499
131086
138343
673101
116165
669294
537341
745735
927636
186840
292312
355780
967896
936626
171178
340772
481454
886276
651018
962922
679879
938048
715636
676305
964819
650093
417997
624812
324924
148143
485157
144477
437520
568116
250677
181713
158357
745981
600872
982647
184225
822023
833878
273179
354402
350901
167339
514116
355063
662524
923975
198534
943938
456458
811134
520804
506293
262388
406431
771750
984969
250459
352914
448018
452974
410778
742971
122826
659773
948655
696891
472450
801385
358915
768693
655197
540339
242840
293646
366563
712189
859502
926510
577409
647862
938002
420451
200797
608244
261379
693764
648244
279136
651138
101971
808785
354507
296342
711708
874924
938143
166968
647674
495550
312432
808066
764345
204828
345105
881743
963926
444791
266723
513615
825122
287407
529383
618794
184709
995919
703637
602542
683456
841609
231621
301143
562091
336911
767819
111225
372572
819851
101152
719821
420041
444028
611131
349430
297125
306798
924670
221519
864038
434580
308684
850611
695368
135620
872825
928648
117514
390735
476218
675976
594005
793083
604636
490766
230365
112287
562160
990842
341152
361243
578276
901345
724076
976978
368172
881140
681950
228421
327359
916970
288676
437165
847263
907629
935171
847060
993904
854526
148916
923664
280809
773254
631978
236765
408520
793723
847407
194102
843840
241131
754572
231696
612238
690055
703207
609491
886954
499951
309479
239318
875512
872982
443347
121942
759421
195026
310104
355698
942479
334306
346121
360614
886374
824156
146913
573602
296079
467890
871268
481415
615518
405376
737507
995901
406627
655445
271934
511732
973174
487900
550500
804373
277133
226918
743927
170307
791564
129109
213962
380628
881435
624551
621932
680422
991251
212413
620638
758720
754034
958279
290912
862822
784623
767183
178314
107928
287847
360446
214102
710856
743734
265230
602107
738934
481665
696622
224787
612201
981231
386411
492126
876332
297976
262113
370880
184995
528470
806622
454822
323785
278712
754767
266342
402696
904854
820746
216836
733651
803102
363223
608689
568419
665805
863995
217485
875629
560089
892450
752045
617308
199147
726984
914808
502672
458346
201637
209451
757746
174034
290291
729405
261778
379652
184765
628412
630976
917751
724453
391382
127332
400012
198482
301684
895226
220735
302517
210209
477069
651161
716918
825256
766383
847778
626656
680379
519922
896852
381477
693040
341062
365419
239759
437254
644912
352985
695237
639877
187779
692758
368950
797379
720509
274964
105285
272771
839776
778000
682416
942136
940044
481029
557311
833288
708054
507290
841830
784939
765159
195484
610807
353363
100436
688454
232071
344421
625077
431804
800475
945061
289796
401944
450543
737904
785171
188635
868962
577027
516042
579525
615426
636761
214780
430752
565903
551473
363046
625431
815951
403726
810307
948772
690798
214487
722095
805222
671791
575679
567446
189937
122995
533600
129495
158624
840836
271424
107354
948357
962367
321686
853899
966753
460188
257925
397459
693551
969628
789159
197522
123995
822286
973349
548698
453841
671453
262018
713643
221423
460346
589176
811879
990012
414657
376442
667185
406994
690635
114936
451366
390358
613807
679553
754296
301737
403317
950467
323331
865494
332761
333262
376558
776268
660952
936822
626816
467462
406043
339959
456445
725574
369853
514739
305851
566688
919962
674039
490469
361202
203029
864444
501739
548978
159846
953833
487204
281919
466783
575157
914849
891321
312570
622090
954031
137517
161441
805765
377513
573833
663193
284378
391832
133070
359467
110229
614248
821474
221456
945979
611848
544485
604281
550703
330397
854684
657497
567024
992419
661513
496047
491103
512162
560060
455411
231519
858984
599298
572092
748917
810985
615580
983756
801103
395536
338571
294329
483425
215137
887302
276377
263626
851949
741262
949289
365141
572368
488249
497626
213819
486666
755882
819801
485286
613336
606722
134841
544273
451118
974800
304126
417963
439924
988324
811689
649402
800410
604065
927163
166556
556057
453744
986344
575144
764680
938609
428634
286451
744951
431021
179647
774543
911916
781447
377872
476590
342232
312848
995582
646020
841940
711770
164507
550602
431613
549412
236995
765919
191017
257141
811397
487177
783718
543748
956401
691769
960590
925971
922784
910061
542728
334875
618235
556110
722717
580483
418857
788986
760693
480426
423160
955516
548559
534596
557831
156215
459610
302786
245389
780130
413810
439401
613418
142637
279482
820197
172649
462689
872146
267895
594350
996518
339541
675689
694978
695422
843666
546850
182263
597326
461221
853716
253978
414269
529490
664915
662581
249845
366013
552736
465565
837351
908232
550628
907295
954539
584618
560344
434626
549541
851817
555137
976569
888162
353748
940953
794888
392161
753311
271208
117679
258639
565595
716338
692824
777547
775121
138665
941817
950537
706971
380963
421287
460434
671648
608487
713911
294088
437002
325473
255346
418439
313958
892309
181588
912006
402199
799024
167713
682013
454550
454458
855749
266977
458699
718023
638118
530315
907233
148844
177289
209751
339593
492527
646493
771847
994253
920344
760936
652839
475566
831140
785260
533516
189373
896600
839573
983606
599251
357234
525057
444949
336878
469594
465229
724583
710056
592984
732824
906399
202357
488480
107159
407905
363161
619688
858069
154442
925923
888858
267075
567981
239850
565476
636579
151640
690979
469517
892205
931733
279100
346914
531485
117452
457816
299343
878202
491334
561383
409833
935683
465292
975137
333767
485271
360878
748928
127345
357025
703423
733175
362385
999999
243966
273778
822535
895054
951344
628619
445112
666067
789448
814086
350118
111304
256168
101738
698298
419617
995777
821981
727582
356474
621239
418234
960135
844031
678272
373266
292720
887351
184299
704412
517282
505710
626781
522650
567343
119518
130230
596618
325694
231225
822322
754437
636896
965686
541964
190584
467329
319445
493629
828252
485082
424176
713602
767636
700355
213409
517179
475874
870279
672330
285808
390567
586896
313477
660110
967062
850592
827016
451055
948851
346849
710772
224952
849517
558741
327483
647996
153716
638023
531051
920573
496601
745602
921051
429522
159106
668288
508977
404068
868518
298202
494062
756819
916043
589759
695863
908598
433689
102208
565697
776416
193722
379016
439095
536381
804977
468936
204363
417371
349685
663728
532183
692518
920328
356602
667855
620684
910040
590081
927013
848383
887057
739151
364919
941977
441404
553523
567833
548537
844889
794673
124219
517515
442068
291060
638392
523814
605063
470143
943290
188463
118188
242657
630284
183803
578141
352070
703902
150354
208810
335594
341327
995343
126710
562568
476794
115780
441647
987153
746623
474714
959624
999705
976108
102358
946036
101355
962152
703479
623649
617820
403453
660635
694639
662045
652319
101921
572204
333578
271101
971018
196813
724575
607171
103161
404267
828586
842281
882713
990935
999804
694076
340094
785915
914681
582631
810851
219823
607216
287710
544242
545717
818180
181350
144099
907762
890728
604324
358428
141321
893897
462017
650518
688821
782117
683223
755680
387170
113465
462714
177693
228329
618904
774469
413544
904742
184312
457664
712984
253272
934535
644940
159326
697685
883867
427979
915595
607079
392774
850063
334479
303655
970280
149885
308668
673460
150622
995228
205097
847664
302041
922720
412434
495384
253034
611150
803101
912638
606521
829452
188375
825572
416724
424839
248061
639126
933220
483583
756311
955205
707772
408467
877150
494716
340299
168196
420606
599169
420241
585033
362679
636649
407245
993391
958621
905688
188597
238539
746336
875733
617215
278813
283494
224390
910204
142498
225747
624972
963621
724630
397515
435549
650285
253828
741326
698394
563702
525069
497922
756621
983103
546544
686863
897058
771099
663867
924163
604510
831293
889423
351798
520736
244815
372361
666599
485234
755554
430898
485317
767467
433824
642821
250315
472005
426909
234776
393187
905975
434124
112457
869227
299470
818606
685446
321236
247885
127365
346937
202727
956605
114086
561262
838370
286418
523533
577827
571296
219901
707914
303563
648983
683079
556858
418078
988411
798641
272497
745057
426560
206565
425874
353933
971196
357784
473569
749503
377067
175038
429327
596699
179884
276970
482677
332254
276649
761089
712893
917791
635924
777722
465881
248032
633452
439156
700022
627351
802399
108660
553035
398643
810057
197945
666924
861774
890011
358974
555196
576942
102199
890955
520991
516599
681720
257048
133005
140049
930126
882464
441410
576593
217094
434269
765874
941030
572425
520134
195450
759971
672475
937026
489586
738404
210595
618151
141566
748958
396907
659668
482436
837448
625309
702919
691639
530464
996397
581052
858962
746715
294614
907170
954625
478349
413532
992731
344185
725265
538193
624305
390472
472597
243507
985872
714279
565446
249586
762883
302924
886963
648591
563054
739451
556640
786528
731909
971933
642026
634417
255976
382953
944338
873956
606173
758366
165319
449593
863688
180851
324276
565801
116616
910437
865188
356875
905585
512784
169325
751865
554465
580537
265632
701901
218241
951016
633163
479909
791099
517139
126633
518439
882675
814900
317928
619389
848067
895293
467508
250849
975798
392962
688100
329140
326497
975797
145601
748199
780313
635312
746223
409053
467701
746858
247897
440488
354145
874476
770077
645776
949467
528125
476849
689778
189678
714234
765329
639781
261129
702209
305319
628408
995708
411692
124149
688791
318062
100828
302657
467244
971037
124907
699742
637537
417971
431651
414003
115748
495393
101069
618986
540324
618587
892193
445655
662712
673487
707356
137954
755391
663107
667952
665204
926370
613451
641461
444442
602485
658180
561085
445817
265596
348592
514277
147918
701834
728238
577064
229504
836261
245461
820974
220229
360774
310061
800033
580013
397340
903498
828224
607695
809935
453414
502860
741071
139650
953433
286463
363464
845683
804087
326141
357083
924764
978599
125443
429204
428795
991004
156956
339254
500399
851826
799603
155811
709401
999782
827810
648265
216482
949746
299945
238316
375227
540356
394362
536108
413182
501849
573808
612371
876532
972507
779296
693181
915569
336597
636040
429124
423673
738095
236901
183272
764870
272939
783040
516631
945825
177306
497256
759774
377613
207995
133819
497484
761284
198065
990493
110239
280665
725088
564139
971118
125405
746564
800682
612530
316189
671311
964793
693330
709736
327421
765733
889545
436302
458036
147418
378678
551139
822173
733591
380288
321539
431290
340474
509764
771856
225763
834939
871645
813623
155521
724277
833294
967185
929606
655582
172623
377861
979879
241880
741201
386091
101080
626016
156016
484299
948898
697572
530004
323683
677923
985106
286724
925159
258850
607499
113768
165411
600237
315542
897560
797436
617329
134513
939815
296117
420469
660610
486790
265582
834996
447531
649494
941766
995029
128636
489358
877537
341608
887619
657604
788548
354944
591518
701308
381917
267783
989169
627563
461536
616195
595155
566438
715788
203363
996291
692492
468941
835653
591576
196652
581050
471176
951861
523957
938942
385512
884539
305912
355796
688507
429177
664956
124267
751143
528447
648798
935401
338494
160784
122018
665388
238072
306902
586682
994795
610283
454415
172946
603420
836585
400037
691382
209679
624823
173883
684385
903383
688933
375331
316451
728808
441902
868684
467693
501339
361198
986201
211292
324271
279387
570637
196736
110506
319585
333666
583912
222846
555550
268698
190444
255846
652855
938828
757111
598895
349781
590816
825071
547540
431200
793462
391329
256321
739862
268703
654542
187001
258343
790095
887884
882227
343248
607531
649466
950495
685683
115517
904933
564711
852687
638502
233200
825008
245121
679923
391395
262400
384791
584808
223282
570041
101325
168696
447848
826051
882822
643863
391793
214664
864744
838727
835553
712825
523060
678510
833636
481646
702368
743241
543747
300427
255827
303769
119664
518782
945757
457628
996878
964772
414672
670775
335711
555147
729215
547823
526795
110962
684978
333495
693034
566765
241571
467427
563951
886629
974072
989563
274770
421980
870557
647115
502520
821966
807805
137303
831264
359763
591997
938700
905420
532033
250709
579890
363082
779406
693004
826045
996863
622547
451087
343363
348783
373228
304141
278728
162379
133339
693298
950996
554903
999213
293342
102598
992822
962228
608482
895299
714325
591892
133046
164967
152498
942553
870169
991483
100839
452869
654342
749863
546358
247208
460752
709631
172306
976168
638522
848953
366183
952480
881878
436735
594248
546084
420119
549504
618995
174274
355796
671713
532611
905988
631580
942992
876402
343922
625969
453305
341641
118453
570403
435153
268197
809462
861770
115568
889000
704549
808606
785468
284281
435414
810134
784640
882616
939205
291164
546331
369090
595706
488810
469365
750686
233576
624739
369772
453250
517455
713584
864653
914885
883969
668437
842271
152321
169186
736367
161305
572772
802504
184781
141811
535284
709698
583752
199801
522556
127029
213793
101596
106168
465185
717941
267331
571673
610563
708447
591008
893269
466772
260938
235293
443438
214190
398929
268244
751261
294734
611094
306462
795163
451252
842939
818083
344748
390984
996288
200752
458728
986872
706265
509511
348935
887612
977323
274256
403945
709210
234052
544461
969119
723204
257300
621708
371993
337343
829291
524917
287725
837407
874193
145699
139712
224559
386972
702864
951029
842796
299153
985000
566160
218225
685850
193472
236389
120621
264352
379839
200449
305360
977349
919546
189140
807973
454209
388190
478042
862585
389112
154310
451685
832730
100148
393613
156105
225210
525251
749437
921315
476563
574287
951942
726631
283364
928406
306730
216388
540570
230279
272117
892374
881258
638168
901994
886280
609306
123654
430808
538116
328255
168521
595339
125017
533889
499955
633375
101576
585851
150470
309904
727211
824927
391599
946988
347585
902486
702947
689930
416346
282661
963668
556692
460860
230923
910448
683808
237488
567271
871926
273373
111244
861110
851765
936808
559166
592122
929507
274717
689393
167190
446423
170891
946847
591797
418148
146720
550932
976011
828659
500292
137850
575028
521116
670690
406822
950168
715584
760193
680543
142736
292485
130065
375782
249986
224015
241888
364006
616423
289112
712140
937178
655150
192492
649043
559253
471898
963043
914310
471666
363302
408795
185084
169880
614249
318130
769731
956937
663764
342749
189873
424872
473913
358152
103576
734405
295845
775019
620504
169863
480206
348421
206927
191477
106344
896951
984331
250784
299888
857727
963264
726384
555852
615951
739317
638537
453066
369162
556793
598553
219012
632347
809683
432769
900677
854194
284503
507070
545446
628828
793332
513300
776465
544254
267498
284886
390599
578925
678681
393684
250749
453741
373204
342561
455936
625283
393269
544543
409401
618617
451402
487242
983756
402927
930797
139870
429306
330616
686257
772005
432199
137656
220056
814305
934358
240311
106401
436722
147216
728226
248767
373189
837027
890463
266789
439482
217031
180875
367870
602672
324060
722899
935289
499631
394447
119339
452737
813329
663099
199117
762986
514798
467948
467217
751943
828194
251584
306949
628345
302589
842054
113834
575074
101224
908296
845740
285848
553583
587812
108155
608981
736239
321493
188842
952842
975228
825010
602468
795508
934799
738828
463718
666791
774572
392891
495260
765030
970668
104530
797436
262165
916555
620110
786617
430534
680527
161934
209317
914191
333683
919804
312295
905885
308112
853834
814132
473570
268935
840344
485869
363977
686509
447314
312405
351466
796371
143701
687118
401273
868529
241522
393327
471001
784111
757035
532579
454478
537136
723419
486336
581392
662395
129554
871715
506908
103015
480702
233157
372868
776194
817797
457372
297670
576606
194415
577041
164602
400761
292384
784441
524900
299911
670179
464562
259242
982206
575330
451164
491712
603294
239825
423633
480543
247419
406219
199330
901012
201064
530389
699440
613172
638018
538814
553252
603757
187734
293320
337931
206328
806800
258048
934482
250251
327457
411528
831385
441323
595595
941239
867735
676894
488845
808246
567979
734270
806310
771787
735386
545578
398823
233298
455273
872342
449466
515847
700888
673571
881225
948193
127481
674538
621292
238456
901741
721297
919123
613639
539098
403520
574732
977261
523946
698509
879153
166477
996194
905555
521137
606837
887901
398529
623481
202171
672517
456079
964351
836611
112110
102444
504395
354654
931343
725811
619778
810733
271101
179003
414769
617539
171110
565965
231858
655368
449447
442737
812702
769561
526251
311521
502959
877997
657536
540031
378193
549971
380599
761346
272581
729143
781624
754700
989936
755139
621344
875639
806374
557506
815096
994829
627535
497120
405651
833879
358644
938541
227843
135149
914153
312256
485785
443660
509846
847288
375479
585958
295011
740094
163796
536404
937247
227846
795883
152102
758413
994741
816736
294234
614412
174780
518065
393963
960194
402274
896308
583617
929188
635712
596819
607590
523428
786405
627008
660217
223768
248570
191158
107291
855459
772352
249487
891847
257186
509397
934460
423807
745557
568406
731940
194465
406055
439838
584571
826456
354396
159661
377982
372527
128343
306916
389673
319488
716741
302476
813493
819595
915625
713174
625809
455746
749509
752221
794620
679329
138337
511400
579965
396123
214428
383083
930591
629839
127180
528173
317292
364570
122195
993061
194788
914438
879872
998205
794682
333279
470815
244121
608075
514854
885503
982769
757628
231807
585853
163161
915984
450213
154098
424673
787779
543774
310614
192985
637157
286505
579471
655853
582934
111539
377754
385006
575386
597192
783572
273936
292346
476967
686342
754192
845207
287599
207403
582094
172779
489813
275168
503960
818686
632856
438375
631815
431618
562731
353239
535330
852971
485297
445891
821856
296686
552904
533093
507052
310133
249467
435879
449889
573981
529979
538286
272020
989964
490121
965572
333649
662450
152746
613728
512798
199259
608060
243732
570332
890669
824680
718067
522859
695237
624973
349725
192205
490920
455740
279560
142275
457417
715043
475789
603635
919958
696161
303660
482027
197855
494232
846236
763072
675076
515008
758259
407279
750746
501271
701423
576644
881754
849271
654527
534937
460581
555616
154416
851350
291736
575861
531448
992759
337352
894595
165209
220331
481307
549114
828722
284664
859395
948352
869992
213756
776247
520315
530060
762127
505935
858477
315689
201828
796572
443549
831309
367310
424161
191343
158610
893471
292338
689927
828364
756552
776702
560031
115756
617183
195501
744726
474911
649260
646694
179612
270412
880125
478529
116031
566370
633519
435072
688889
261056
385862
810109
230355
962224
816141
736829
784820
566573
136138
809313
850891
956966
400125
436379
864693
762075
652053
349053
453899
728644
289135
150476
321323
155377
325036
973940
329793
969132
890637
406806
751953
936539
632302
202301
804004
948129
317372
620430
428717
372836
294804
938556
667703
432201
438394
108347
548525
339899
741586
353357
347621
661963
735263
650169
392202
337650
269622
145209
416868
857745
391870
206258
138246
265113
519366
284639
996884
443399
463266
157478
403919
103527
274276
926700
876095
333625
353683
309604
674524
742129
754475
264418
478488
482040
445104
997998
570348
243601
498576
974996
541982
322582
303797
115993
648300
212032
772579
489320
463671
151396
634164
585578
178223
713819
366669
830515
219255
769915
245341
734841
922613
473281
966738
149280
199160
896464
801399
467025
258342
867826
181646
165705
334881
768669
323302
489133
992534
278449
613081
210652
118882
937790
606725
464668
856288
601347
877317
875830
789779
985297
989419
121278
930989
816942
886428
262667
218618
543029
898984
560357
758540
251098
345988
943164
381795
166859
577670
422836
488377
997010
750876
946526
531591
248280
138986
116387
439288
188196
732286
792825
253576
623616
327538
202712
493592
511292
874461
554150
794385
714508
990902
197870
132722
138316
381670
497360
130135
251780
844904
195666
137256
277479
374048
559571
737724
310453
716438
644544
743592
424865
279278
944832
172393
495628
143108
545546
475657
698416
995849
655222
793104
403865
677141
605905
904267
227469
844168
430986
936946
592045
130433
206921
223288
373171
859417
921823
379028
472283
166365
509369
632903
597663
518055
835854
810185
652986
897560
361464
638229
328846
867060
411359
799661
109856
205497
864337
797515
941985
791901
781518
696006
421704
325668
979871
922653
162843
130107
375302
208675
528525
233204
768401
658471
774433
204126
478888
338110
665452
492288
369382
797104
688953
835665
495877
898428
630374
764119
540274
839784
512331
918875
767455
577865
947739
761317
315991
271147
438914
118202
977996
774493
449167
220270
838444
145469
770060
871271
775666
972411
490344
803184
646617
837901
885461
201398
952428
284815
799821
435235
848312
960308
517488
489652
522563
879341
851496
673369
114997
940533
894797
541609
983988
870711
693893
828992
454991
705692
966659
790838
855312
527285
426960
640892
831220
716513
652807
891510
866455
883547
763290
693392
444584
706564
964595
153086
407100
404200
911444
914772
843998
622128
449376
533182
937924
530851
665074
511677
105533
710873
573675
282591
660902
486174
345002
338361
750012
319455
166675
308356
652715
595349
594770
193810
400197
957515
415896
525675
156111
253293
960132
477896
523381
155663
321534
104171
841982
523735
761244
556377
523866
377864
569703
796917
725751
535212
299864
907515
175763
754877
462140
180341
784332
534000
537687
192669
188339
185054
766436
584496
251871
178576
375035
131883
512766
728903
227371
690757
933415
592518
287334
801641
511114
996188
838940
446702
666792
133330
840160
526997
662911
354413
312711
503326
290750
593696
253006
606566
819959
146961
889179
598945
704466
979302
552668
954417
828158
508076
174636
385857
336482
393060
347156
483360
683154
534762
356654
765277
414845
128163
831044
249979
630659
707587
642903
318097
362628
572185
358844
567425
960404
978999
812640
204754
821930
131265
304013
790957
877400
453521
947141
372241
392244
744517
876298
929747
228405
658278
465504
308373
580218
274037
640842
890209
688132
207060
252657
196547
776579
905967
843043
687649
990862
151237
898648
933175
219340
721751
580368
112179
192240
251691
453689
704458
442626
379261
124556
517333
324727
537219
735478
151340
322498
646684
374292
630012
574212
473588
477176
827432
192255
797750
449033
402490
321833
288911
438151
282436
503004
786715
885931
398872
831530
816014
801580
426656
447054
121377
313374
264410
566685
371318
300213
164948
802843
110986
685448
571936
374025
542775
740369
129076
236572
937731
489360
937121
516810
575752
477967
793421
344542
768129
457281
706799
677259
233037
581795
873799
365948
680835
339044
681719
837449
519219
609633
133634
278823
465333
939081
630592
717399
518960
343711
379899
211230
498888
528734
671049
664212
370917
100183
620454
544533
142749
694997
908076
770902
483101
662402
541490
745970
508953
803746
825983
420002
859821
871549
505162
476106
375471
851739
249904
284784
401588
797767
774000
401832
462587
211094
941702
232491
493914
616129
237122
518758
785507
578541
432644
591663
637106
530124
988247
155762
287766
926940
498119
458633
761721
831598
280832
206474
635918
612129
344197
813402
215190
992909
978217
928543
716303
407131
812653
286068
168410
596657
453559
545077
571623
365964
233419
175034
409567
438246
873672
103329
846094
564471
542402
605028
498795
407543
837112
744425
749797
232097
750226
327192
879148
908916
997880
281991
614361
458675
564657
317137
172410
680524
305239
645478
515230
327830
335187
407836
924249
633491
861787
774979
760469
658965
472069
981942
573878
258141
755110
333772
556360
180702
431979
166990
395527
780128
825811
117060
112683
605153
116743
742089
329070
306486
465815
645117
891995
984207
941779
410744
766900
193016
113090
635771
799104
467131
997763
235235
855887
628387
683357
871063
293292
392284
667493
411809
194942
970550
187436
313690
431962
359752
204706
177309
483753
456210
817003
570301
703922
888442
759676
401074
468803
705784
587059
120719
516129
732813
282416
432431
575978
292846
570067
831566
872099
912351
586547
665748
333187
549786
581720
797452
878491
518606
540598
263251
111040
184420
360743
403339
926263
434141
596260
806575
310139
480408
420800
920193
390766
518704
331681
284223
167962
808065
250715
643157
390179
184747
755786
370603
429547
597167
301867
659839
677057
199542
960440
202478
487847
645393
917343
427275
925534
341627
407199
726770
986864
630075
748958
503254
533114
505830
559849
214390
304244
983201
735912
100879
819486
838276
683901
716811
423177
241305
688313
605623
226912
568580
536572
645970
327313
541277
104263
529377
416251
349368
320351
347199
631989
218534
301665
506258
749337
246036
360508
567129
223180
239601
420015
129409
152010
785678
356000
345495
269266
860541
925014
398039
588044
457628
431060
307875
319059
364875
597107
974384
868643
286776
174235
482970
916735
583164
492797
773848
709951
416831
867151
297386
786549
623190
926501
835247
519963
822061
104392
685331
436922
800575
886262
300229
674169
406402
444567
881350
440896
847904
822199
754749
838728
933727
332996
340616
171490
184514
400742
965229
410208
116649
669461
896719
863044
856756
737596
892348
872771
299205
677737
978627
466965
387586
292205
696259
923195
562842
122614
497310
211502
136415
465958
779820
733024
563345
115952
445740
504881
683868
145135
329174
964401
607767
535907
754987
221740
808558
448105
250190
647031
319450
559189
640332
844022
409483
933135
873814
759943
687623
359207
486159
567374
240877
832214
121889
344670
753266
370931
587082
959009
679981
834094
627956
626852
666926
292012
639331
606306
322856
681472
889735
656780
385328
619394
410033
312178
658045
451535
924834
254576
337295
390557
264190
560631
660589
530777
617536
193366
680167
962175
791783
811846
192089
725653
364622
732367
120080
455877
341690
280826
912039
682869
687372
513204
872555
702116
351350
941404
939197
892899
151210
785866
167861
184269
206606
348379
550052
266789
129612
367549
201010
183819
853542
950387
400197
643354
824582
961477
448387
843841
561844
276488
345263
227355
794049
381029
173231
991886
977023
601065
260526
881597
408563
753001
529566
604170
996163
488463
596149
826732
611690
637669
397432
138856
590091
572733
882581
624271
469602
841498
811018
186228
124405
509887
982339
615752
869545
311506
844160
399828
174225
802445
788821
263634
407906
359521
804140
221545
891138
975846
147973
997923
249502
604420
828861
312876
202618
730103
775980
568361
664356
388739
493928
144051
231330
716660
622376
173007
401129
332208
712803
296907
519087
881051
482966
178231
147832
609318
115012
430941
917965
248886
712183
153854
739436
154540
444997
358571
150040
644950
885839
554844
906320
937458
104387
770385
866621
591322
761185
617923
393701
227889
502810
450886
858750
997000
313204
841566
844860
260301
392554
367098
468746
674608
117360
418289
444023
915091
921493
995128
957928
387246
866401
827197
868108
211869
442397
456355
134669
242438
565330
631610
826081
161802
498954
457882
835456
411656
908595
346780
176048
908360
952546
608213
321533
483755
391060
433584
968132
480716
362543
283815
973102
910515
469095
859646
963258
730166
201532
654492
401715
837644
405889
401062
780673
673616
649879
179514
541691
396814
103416
406949
832346
674285
474960
594785
398184
619417
758694
805871
659319
761388
186424
451148
623951
944152
926180
979699
138943
939027
346659
603056
354613
247648
988719
394172
221032
463062
112134
191002
433714
201903
715527
597964
673532
959343
395961
187635
632433
735439
504170
819873
649012
481125
912533
292028
273582
998322
753629
268402
543071
245543
539318
595028
477174
894549
615523
624336
926460
455856
379193
732975
728970
122911
805443
129927
841050
967330
253055
174206
469851
124768
117765
865180
517855
499085
351496
780203
727759
855956
123861
532974
585598
761383
670808
648059
847578
333728
788575
299318
743679
235218
735414
694348
560005
329329
781840
531017
119610
962587
157927
530390
932747
230273
458587
464850
830811
418102
476662
548012
139446
828275
453937
528250
755999
297221
659279
351802
800550
109236
862599
890530
308117
253776
162271
897029
546857
325530
709779
914597
578686
829068
622421
246992
880484
803750
184143
633721
485741
858998
749604
722515
497064
432003
883732
563084
785896
634806
874654
834436
894237
106278
725856
188456
967812
951327
904122
860751
773114
868270
276048
438673
760908
563499
679502
228063
752970
347394
863686
520803
577017
160704
943348
678069
545832
809976
602275
222838
484187
247407
974729
853741
692803
942602
126477
578492
944206
245425
800713
937022
316922
155104
844650
464927
130213
171466
808308
721176
676865
983339
625955
746789
874499
178856
905164
947173
825530
177221
345826
678734
351932
267075
269108
343850
486428
311699
878963
266450
444632
715260
946514
141445
934735
317989
185766
597540
672560
828415
135949
521454
802125
127666
703275
396723
786735
942915
880591
731415
123107
859486
346004
344102
533265
634886
679843
201006
543373
212086
399574
230141
260742
758355
651383
904216
181756
569552
158375
617812
501680
963709
892443
420117
605043
805070
864769
436705
350208
393507
827968
205280
127237
588057
882365
935731
717116
959628
409786
692302
301337
761095
136345
798611
653212
171370
926174
917099
488902
989143
702834
882212
753864
873113
297124
263266
401494
918929
693098
304003
573883
831134
963397
581684
912198
807144
583138
833065
971202
495945
127773
121661
554404
562041
680832
959334
524285
440213
104265
667763
854448
161547
319818
934470
385917
872581
625226
736936
779515
680271
801257
272141
126148
143207
376064
576037
876522
535680
866887
956956
261415
800114
175984
847727
848467
923201
639888
394955
938223
868713
122622
770596
346910
106435
775572
997454
662131
864119
509715
813340
140196
357566
243843
987507
293406
542450
474007
762857
990835
690740
681391
646272
821711
850553
728727
948313
521288
932051
189165
878806
200660
300248
984064
815697
653428
791281
942579
360850
997261
790113
341537
174321
957911
718096
315547
282824
630127
952819
638605
396308
836967
369145
565214
423240
289278
664212
906102
416622
434698
924706
935706
750907
967632
412536
917427
216238
890326
636906
601132
866853
617457
321753
815802
624923
167096
257465
713302
327554
745945
419358
552902
510713
170697
786915
773786
554762
761271
663222
588145
518499
251418
534531
247804
201806
729865
770780
751642
824944
459177
106498
743619
991674
513665
713906
232992
657135
533769
771631
118359
606099
506241
151111
158789
846636
710366
925957
146404
118809
929407
517299
953036
203467
569438
950410
542998
222435
228609
853976
300283
247050
130448
969004
654171
906823
978402
263264
142329
265377
920912
382468
758371
898353
280459
722563
322608
293410
932777
878868
319522
134088
321658
956543
662956
223962
286553
917706
925101
243566
542974
390528
947449
338736
141840
398845
992920
689022
502295
200248
656520
481347
987632
389516
623998
971694
440378
189893
125834
973582
891182
942468
131896
245740
121803
456207
443187
457413
204207
485368
430308
241283
945281
283368
976824
854871
187723
697160
537375
573429
153990
814988
361489
476971
898541
558908
696331
960863
655188
698465
933367
292869
164465
664168
190474
939706
461496
395637
106982
603808
396100
713960
575168
548406
811569
609797
618428
329394
692455
516674
413940
173726
152529
753554
611959
584813
103404
138472
979790
155512
320155
872427
954203
382970
639095
920725
264634
778532
108419
903655
457321
887997
614205
791469
258916
166522
898225
278121
885705
188662
491144
409983
668314
645518
123101
279068
272960
290364
357808
559076
515021
828461
916692
546487
410522
926241
538627
780639
457519
253279
476017
510808
752673
402898
843197
130172
536853
633028
490116
895498
952323
315670
608752
912274
307797
500249
545262
754016
561647
970732
195869
696739
911721
655282
402242
447097
484696
122287
107993
517177
250987
636735
412966
740892
547760
104595
245129
822216
282678
372425
800399
970555
748238
463590
866789
233009
837195
411475
286408
154737
355176
108978
613144
120986
759592
870811
518987
444742
107417
970999
974269
221400
384274
452728
212325
989223
949275
537651
166979
488839
801740
169915
307222
480048
881006
801947
935498
912845
311901
122608
958542
672516
447951
469313
485220
618429
695694
504412
230481
310352
589153
497518
145876
149455
869801
781342
438803
243950
828359
990310
452913
159371
202427
343727
842108
521245
325415
212105
513635
642365
470129
496068
411237
646859
305736
115245
245573
339071
500862
784872
277113
759181
829204
326343
773793
186228
524435
414820
286388
606691
651798
265441
257782
891048
402117
625273
298887
875511
354717
935522
373877
460499
865963
363906
980593
238204
921975
988587
364511
283253
930525
438517
410439
511376
997014
197366
514728
226905
507093
729248
590572
492700
182574
932311
810615
285907
605745
738029
992409
777744
860308
234844
548387
149348
179662
738080
992630
245385
485440
780463
489271
376722
712942
675189
128094
211085
411211
147408
360078
889362
204499
176101
489183
828460
617361
857629
999479
666720
488097
566015
408887
527838
989104
589515
614609
774115
163391
703952
855384
680776
586567
516011
585199
120939
814550
167454
438532
876729
123607
451912
214006
999188
723280
540518
915792
447046
927973
104838
620794
197187
146842
371939
934949
907988
393269
142594
323108
321317
166082
840744
338138
108428
798640
810966
268910
698804
985304
534018
293627
460742
266334
981203
537316
450803
646577
413784
463749
713633
586924
576198
133668
746703
591999
688589
680198
909318
528455
594677
672798
731166
573593
941562
372065
621642
364959
843809
329941
353729
744089
183670
832872
156842
554885
598660
409628
677699
946041
158320
280896
897806
933420
657714
731514
332089
377204
459888
411200
882600
829803
999961
346469
242689
678955
760379
872593
167188
462744
399810
875210
558725
389405
945198
297326
633111
137934
409935
820867
913239
127532
912032
351269
326978
721576
606845
229374
503892
429055
569666
997205
629102
336451
678593
777341
104099
653434
458591
801421
158015
471135
946988
176432
309781
233767
692414
836915
728963
435774
733961
466588
327876
730320
621661
223834
935666
209059
892123
757847
193301
601889
240213
181769
382829
262996
925506
108616
343064
627562
813114
446491
934496
132280
700308
478699
372772
783515
806106
754777
645217
858233
145125
121675
958813
409030
901019
211841
499633
327971
810145
970822
234448
452672
283966
900706
667480
801218
324847
933132
734931
376768
738528
143485
479562
718407
166861
259200
258439
222206
761910
361317
732646
629444
251704
585173
463256
856533
579854
822879
792947
830731
938115
123345
185689
868352
606738
360515
126562
334162
875356
227885
332745
680480
305349
566232
133329
141041
150348
647090
881714
855764
856997
465307
337156
357505
678165
852540
649638
871198
766921
126840
233676
634558
945524
601659
322499
682501
398659
124783
662817
266022
103102
917709
395214
387725
339645
840400
543369
231608
463588
742565
116409
532288
895389
492927
363569
229237
703856
742695
914206
985224
247074
887280
887088
239074
174088
954184
345698
862673
676678
601323
232552
146148
787048
150194
874581
221611
800539
277032
365414
784321
287753
649917
334255
768902
712080
358324
559551
880645
734494
487063
255570
819092
381868
728810
188307
209786
147891
456445
330476
966923
849359
233499
985772
710734
853742
350687
637043
490303
322709
713030
583357
748433
306928
275199
990248
187851
423092
329407
120036
494355
215571
587890
896503
713449
575002
104363
538826
854826
329770
497053
588851
491157
480402
274050
122847
965801
737669
253944
243068
889709
522301
102284
863328
204778
818316
668686
806810
661523
212443
312452
462739
789125
380449
940443
516416
523593
772097
896599
440711
396502
977089
544812
256588
251059
725410
950533
951703
173402
141537
134114
527555
974296
815017
484831
292485
638865
172498
419374
973431
881185
597882
480999
420384
236317
552958
957174
721890
369368
698262
570130
239264
803394
478347
522414
611786
952970
836565
576777
110598
179108
394933
825824
538013
374341
697611
551938
868223
598251
220149
308740
677844
352890
915301
109099
258752
584801
937502
421191
297073
786043
606091
274240
915944
353746
669052
692072
965090
333917
871357
623247
287650
608138
649397
512790
607165
246711
745336
725691
657634
948346
639753
965587
916196
864257
730960
512374
624005
612820
596372
210867
108480
477750
183477
878180
493523
139274
599496
349629
683464
194385
118288
651678
611614
702770
719029
272936
534521
684659
901732
934508
256450
825092
104483
700287
173116
900443
706991
960714
352325
488281
763636
635517
156965
755564
353608
377091
822326
502158
627076
497905
252879
259978
679456
590361
735631
662974
708458
672795
600483
134108
518947
250330
383636
359019
813718
636332
578896
425323
178358
518923
574227
639670
582707
374922
582193
796385
116536
726721
780579
277858
380644
975689
605388
490539
302819
973699
508583
879284
169992
105842
473071
983415
608649
209161
259114
690517
796439
288575
516435
181046
315801
771583
795651
686318
525764
564508
130651
717274
217529
601602
672208
622058
331163
518791
354291
767225
502155
706081
843196
314167
264482
359985
549074
855847
308874
638557
386330
374724
797497
458907
843674
887391
483883
494088
728457
142820
622396
651673
396277
639771
391583
680137
553199
194378
352637
674866
942743
676087
912237
324599
151616
497642
218668
261693
434976
581201
145114
255897
781463
630462
484817
723908
747545
706667
666786
291564
126617
835646
655629
444932
639091
935079
316477
838684
859190
640678
487455
468523
700461
687849
349949
233256
894089
802227
784347
336696
364205
550009
972748
489954
174773
491366
888530
660063
327875
477598
542032
565709
540999
461183
881646
903394
490923
908291
191049
119709
457848
732130
334708
885624
895625
315957
939535
772506
915242
881173
779554
927209
905100
330530
399254
385820
411432
235647
262928
642702
681997
496507
520075
385999
663496
519499
614993
402709
793839
881714
374837
559889
371658
655714
663056
275164
715006
621756
963927
358383
273335
789812
380629
609361
917778
921168
836810
404203
753412
954543
994815
898872
568363
651142
415461
552344
853263
407781
957610
772164
438259
184537
883767
228763
341854
759594
277384
386683
870113
747013
429256
606028
391717
631828
196297
269046
540082
827304
300093
485842
833694
261017
703861
468510
638160
369092
983859
529386
205136
991379
642413
142832
919309
656059
198145
405313
644522
131679
426351
457977
464262
195441
588152
542932
137830
608761
792625
676091
685953
193678
820004
710295
711528
273633
187459
384966
311345
684249
139721
241450
267455
698040
353391
736062
425551
822557
477640
352517
682432
202243
381978
807515
873088
772391
645401
653741
655248
343495
532706
651428
623827
979429
900689
719836
978136
940682
141247
233011
671617
487048
327227
219004
549232
691640
892964
408307
145965
422306
870336
327948
296342
163387
141884
840676
396676
542729
584033
347481
425141
574273
752751
830709
816508
266673
443449
837733
799937
637594
575068
204169
822166
356277
798909
556708
194967
601815
260446
872754
192957
669647
828765
292345
384735
259724
770858
762585
612549
361339
544834
776477
713483
920813
483724
506451
659311
750104
764880
884344
492087
773780
453647
818860
427649
992902
418627
608517
616105
549433
861428
744608
209008
718152
938259
156114
341135
997784
666967
321116
632985
872770
277233
241213
347685
606478
393038
882977
746976
274587
129066
122167
731438
719932
116363
443969
698713
402748
504929
592485
539192
529858
810007
492096
158557
411887
817686
538265
136347
661252
895927
105555
446833
885377
754307
430525
229912
485257
457321
258948
500485
186497
510490
382376
648859
113942
154437
357099
448272
479326
764170
898022
843386
839222
112893
916790
383382
219435
916154
730579
683669
341141
672031
210017
747428
259901
897514
349632
194294
155616
786063
122686
279248
518571
201814
567469
346512
319974
785456
760974
323035
321037
182260
372044
600194
444025
846362
186822
146992
339646
649394
690564
414451
175565
568962
552523
961348
927258
965563
916203
535413
501176
194582
307797
800374
719328
854257
404586
892611
896976
867072
242639
286670
413936
153329
491229
684324
726447
447776
515765
989695
506508
830228
657872
538504
886226
313652
107892
167046
218875
467466
175074
715271
796245
376914
498060
241418
401537
279198
242245
222887
158712
358986
499153
483868
748872
321750
309371
952181
287453
201862
710757
639958
116699
973298
132218
780264
857190
877322
496288
443262
975300
939722
750185
606946
191003
377078
923432
935745
633365
729554
512192
123312
204866
373153
924440
170522
636892
806360
994635
427943
147621
855997
584541
171050
270700
663073
272871
534407
812271
962136
552883
443775
152891
149585
233411
465785
794254
531350
154380
418671
350461
848034
918336
434002
596498
623225
680873
821019
411854
507209
807313
371760
467404
913915
320382
646670
254853
674102
426939
878969
665520
756112
904114
549118
739585
895154
655894
988224
735826
770535
438268
647975
259776
689504
609033
650722
835276
845863
930118
707316
143874
810878
400177
455522
548758
393012
148078
642680
855210
891011
966650
475219
788556
565417
655872
630158
954300
662368
267332
716396
610188
460540
254204
591550
295136
163073
525503
614866
319764
186687
734261
353241
176477
711019
861230
855347
443623
625467
392976
628889
124894
199005
549768
759623
201961
896660
906529
388644
288112
733552
777650
793871
548766
974026
836977
291304
753857
815577
349957
751992
491022
474451
547002
675038
223618
362052
275278
967990
340004
773924
832296
441416
419750
270328
107240
586091
397962
785767
622841
807732
578112
632727
275811
703679
208077
278340
190526
308664
230408
365596
413504
980583
500543
929050
609719
882678
123126
862556
482611
842080
738543
207331
611898
496855
938437
374056
457759
431378
770834
925910
471501
832305
523057
322471
878301
520975
668318
740062
903207
631875
663801
980766
987412
969363
340457
504901
888562
683765
300957
373705
887330
802467
824942
207694
568459
617147
108800
414560
643889
614288
347783
940115
415456
455504
217222
672149
150978
217171
916947
531373
450704
113949
453111
572914
883205
383088
741361
437354
730862
448209
857274
867390
328190
838453
165571
653334
859262
692487
451642
791414
882530
894393
358348
656724
849526
122469
424164
144981
546135
978719
638962
514660
386270
521465
715654
600014
321655
958642
716059
255293
982704
275484
865234
409390
168269
634184
231635
784017
786712
858705
937944
524445
251413
802785
420645
993037
515252
387460
734095
870939
582112
940871
563229
483671
551316
564972
533420
422437
306829
887853
241996
631344
887451
204427
457000
719407
147153
681170
497475
342578
775739
959850
405245
781992
957231
535997
735318
992753
424221
588192
748585
556731
250688
490816
179033
564667
306038
672938
256618
882378
889164
345078
716646
932890
165555
727505
255168
369907
182767
432966
332821
214766
496877
676201
187598
856077
808980
614656
743490
938901
458741
577325
777817
165257
285277
982012
292331
472228
896745
949190
577254
319346
433592
639744
671727
241484
793564
365859
409663
227247
586666
472792
303791
327352
460466
737472
119151
460894
667272
619773
777967
469611
599232
698209
917985
279320
524185
668849
837749
177893
861456
539317
449124
792466
621973
280959
562249
607676
109690
394101
412745
831607
798152
676157
351475
413636
405580
301444
867651
925392
537231
648490
911136
403978
627075
672494
373957
256830
800089
587090
726525
715218
253967
311371
804871
606140
884486
197895
743321
357886
822354
995066
968545
884607
446315
335463
477383
486279
741857
419688
625230
443767
486412
425435
661529
868867
456065
499305
876554
597293
526464
287347
337606
264959
375370
832955
755956
893477
659665
325068
107332
520325
143399
733511
758956
359387
396312
328684
357422
661173
722516
363041
765589
569095
169828
588258
982622
854060
655678
727909
799796
354523
141044
396104
959155
109378
436614
795322
155086
701185
417976
425154
759820
717445
407934
855984
413101
322143
409107
802847
730027
270400
801097
974435
836444
632180
918363
226900
873811
201049
233759
513015
301702
126042
366359
282598
405930
550316
214054
530075
376154
899524
383231
376702
170199
997554
137081
309640
389513
470463
385440
630516
280132
177183
986693
777697
654854
472722
763221
260550
228348
320157
282087
276275
366948
486815
272590
984063
488942
480051
221582
927603
656636
193730
864716
366675
830344
145537
601822
191012
347428
352302
505026
501215
660796
465443
117483
830064
654168
222741
625653
324939
632381
559564
277594
832172
838484
285214
293981
787785
342754
415914
655619
646230
821014
295086
538081
296949
502498
852870
197041
693592
259713
603650
868222
669492
563510
411234
279935
299844
417493
824336
993665
891671
135547
315226
664700
254711
303831
366955
216743
906103
956012
104038
807624
821208
172335
807934
586020
246584
958699
399444
151252
452663
669636
813997
598328
266855
626168
296079
550085
684016
779137
616057
262107
550718
790904
747421
876946
541192
684819
108442
112978
271741
143247
968634
200417
800908
275465
910916
340534
315344
595046
209151
328301
256246
671026
194149
380948
876013
487813
771359
527650
289353
827042
900770
743399
890356
580889
768998
772447
400434
580108
130911
953632
613519
918031
534170
108370
148263
663208
821462
815806
121105
284662
519164
148383
236937
412142
857372
362102
116153
966593
946373
559513
431459
627897
151329
559883
323917
414498
405675
774055
621738
133157
523982
780054
715905
742000
107547
166816
251164
548593
552614
726303
545807
556449
673918
735630
446211
546846
633703
185281
855934
498960
641910
139695
284753
214893
295848
804905
181278
492247
833695
127118
717347
514627
478938
621879
142600
977110
247632
367214
434592
158120
838633
311836
635295
563466
963609
799487
540441
601923
448538
854554
223059
636662
487621
847750
332136
634623
259020
803783
396218
376957
614679
958169
547539
299402
838969
259049
578550
709988
765870
590592
296167
576848
934707
849754
933236
809813
438338
628181
838687
862787
585321
532837
541545
572279
868550
283780
347356
691222
515745
208903
593108
865014
913510
802155
482732
690748
986173
842734
603297
397760
445064
859451
959781
808782
301784
755837
232450
216197
285005
381396
819240
475330
377928
453638
714645
471607
977102
903500
680832
376692
217147
811053
334882
396167
697056
516137
833762
271808
780124
980523
997212
538797
221938
613473
454541
150981
451052
872328
727613
962240
710668
278689
557129
929667
287147
582432
117228
783642
752528
451811
841705
122365
347150
470431
186680
798389
644858
474101
970122
173400
369672
329572
528123
642927
373409
399929
193556
733913
271651
211969
703609
216521
290549
570751
269557
631115
374149
975160
304864
959300
874913
183851
483339
667382
414958
661983
642664
454914
828072
719317
720824
298088
536182
903069
992850
781290
581097
891652
910733
891888
350737
721866
690667
694308
355196
120882
480290
965629
341708
504594
228615
364089
477492
777002
237881
360867
863631
991378
633928
469876
382140
344972
814176
915285
910010
919257
668054
799171
717788
468776
801197
399723
545962
787016
838789
317493
958644
524030
563041
270718
954163
447346
317460
232221
300893
352388
517800
488679
249156
439772
764970
410829
764077
915999
116533
776131
454888
680125
532345
894012
828497
342503
848648
453969
815713
620959
142621
387744
169393
632264
436521
870001
410669
958876
233723
280084
427345
238267
501067
311846
250083
815681
102340
646099
538060
286481
909964
766709
640020
658061
299601
505466
598873
644520
990929
156835
283532
728786
134662
145513
158728
783218
869292
874875
428015
756307
494257
797634
211523
369973
901560
862277
696702
652004
602537
893608
443759
441894
838072
982927
729138
581357
190833
768737
320106
876684
374429
826440
145821
222695
612564
173076
746444
489699
238175
220895
829550
740188
819336
613611
305832
588341
519329
772168
567275
290026
528557
215474
327561
336930
468719
456310
675509
691200
848077
401973
190231
138937
377504
844354
230089
579072
336667
868965
225682
663068
214710
785730
558140
693243
758006
455027
247731
721856
196218
255026
536508
945047
674884
905843
391119
205322
495970
639822
884851
333996
405081
600346
777333
670322
524621
276629
129189
897186
708783
431840
745165
595907
517732
941831
527950
463348
493965
966015
945272
916344
133112
573223
503654
809935
942755
659089
582676
219969
975304
891770
647711
839635
416361
935253
939287
619163
602233
384966
851491
713872
355813
117641
605137
314939
897789
892563
654968
376330
829795
700817
569964
601219
447119
124461
262173
252886
576700
729359
725837
872235
245203
817855
408940
418746
194002
409256
401618
173529
814424
227704
267192
890896
878256
153349
927059
874984
685783
706570
486094
983938
547947
663566
118914
466789
972147
394629
528885
305935
284069
423312
821933
317900
485784
282368
822991
147780
568230
881560
293785
688143
291229
249072
750424
987236
719907
642262
869702
290479
989796
972079
745347
639744
651962
953019
564175
796352
532119
700662
731042
765919
983121
865978
791720
893225
176394
459298
979004
320247
221147
118410
494528
489825
187677
676498
486678
773233
118804
827777
584415
657075
625337
963910
294989
342920
751746
270426
440550
360314
877712
246945
354776
315114
666804
332496
223379
897669
494014
899752
611720
936725
815300
610240
399164
863027
866316
606177
974152
113307
562998
293962
104209
361752
157289
748660
293631
862782
361785
299664
802364
330486
175601
922669
233226
858100
578754
820278
657953
946724
725096
359415
498533
346563
740693
917535
848768
426474
655997
813057
974049
354053
362174
595702
635536
266658
993513
384349
189388
245669
276113
852386
802339
238168
495823
961788
697934
525472
337680
954351
784871
175051
669148
424082
478856
875525
125827
648844
397665
211913
143205
781784
123988
751989
903966
140103
549297
695926
555565
860132
742729
535298
923520
681650
806738
123493
853534
645810
800726
646611
657616
949473
622072
291485
888461
546174
453956
172414
516224
881961
591858
964789
106936
612999
512951
153837
862604
632066
994663
381751
688489
477646
349771
495577
715865
613414
381658
108416
126865
167316
782520
238353
583864
603535
489864
467998
782287
212031
829231
759892
935234
237404
918471
661488
235177
750612
504860
916466
359547
869228
477543
780745
825712
192542
278916
226766
543920
813792
801138
426381
702141
703589
232742
926238
524795
535165
220332
184306
576344
452888
138844
951433
710427
376807
735317
803232
652237
933475
358296
330311
905374
886599
359972
880369
227606
379416
109833
951397
166330
186758
438987
214001
458710
434634
542837
154622
364749
848847
109527
400766
634874
870285
925374
308962
314977
686320
185935
222760
544024
651671
325663
733394
348396
399641
976978
975634
378929
571394
181998
828129
411497
895034
835259
171983
530192
971303
664857
189108
589154
344233
639806
923397
669801
107043
787371
364738
894759
835866
978410
785901
661469
961813
983078
725045
118966
711492
156134
890608
156147
794174
816647
251719
223539
360482
748341
555371
274526
795103
135206
613509
478158
540399
659412
931787
959867
247134
347317
167567
973954
372456
833305
856881
954609
188704
707007
841301
113233
624302
438227
997231
237296
454608
679112
962683
588459
820385
443310
667625
234900
971638
552528
298997
590470
240517
401389
660757
830370
261121
740337
676907
197316
307616
729968
471098
117511
236957
928798
795414
241778
525401
449678
964468
449022
141981
663621
828608
269796
712282
453337
633070
178664
763153
884267
218728
117596
311471
992446
717862
942898
831440
986836
130363
250947
587909
736420
193644
833045
238032
707033
610843
564843
246763
961610
508546
558031
565576
471313
267868
391797
432947
259115
173181
690636
596468
163851
936545
264774
238481
115611
567234
898497
923248
269520
393667
470673
941338
788552
216105
792012
241819
941283
372202
410706
682950
898779
867869
363255
490486
125186
243089
497455
893199
441335
728538
262645
728130
232900
670085
347575
645615
299318
949261
714337
418757
847194
684038
110692
326981
852913
988183
630371
825413
687343
834085
580634
982352
102454
931850
616076
893354
812842
866212
941511
394034
334833
650025
855702
168736
323113
982681
249795
689421
907461
170380
564774
378898
636454
874154
532527
974953
806098
905817
675404
481008
664819
198801
602391
313260
143150
561708
645024
645289
515231
322361
736306
518719
872142
621231
105572
367985
599536
680478
117150
685744
892348
839394
795910
535772
181095
122321
825318
795018
430431
599539
273500
788288
415233
668338
639518
435933
103672
763303
221127
485783
495891
621651
601763
509724
563297
748207
519219
158906
494443
205659
573885
426010
612142
279571
873715
230662
440371
897728
924414
462956
675309
846634
996070
847706
119791
846987
396321
249513
730247
502879
744087
972855
296315
169816
819181
347148
328574
345837
898294
799294
602607
116626
111666
361296
429455
450787
867297
748245
314013
315547
546825
237202
304015
469057
476128
314594
734959
136449
229590
479507
666544
442137
140161
540557
620747
617706
270919
977395
754906
546286
567970
703138
183536
184425
201395
108566
509012
814743
336806
778124
286104
701701
643229
757026
169722
267740
106651
128763
269462
765240
490608
423775
845094
365272
393468
781758
796279
278669
518466
726997
336041
332981
169290
751017
925090
990593
608115
139153
725392
893874
154579
409040
740314
832899
730348
603679
113441
893600
836910
312234
330040
210580
290243
569905
606877
825344
290874
305582
522387
841159
413587
252214
452733
314918
522276
461560
663129
155713
648966
893187
742807
906041
663647
615813
241141
106329
476364
857549
121977
391408
545035
527858
708617
301753
125155
389324
596554
449909
549360
905664
193875
816507
518927
284474
954925
575557
250658
305395
331721
591404
617760
158033
499294
811150
822300
877070
939358
819211
830224
871120
658772
311184
794087
155127
387293
603370
912612
286454
818560
815036
289682
964697
866090
732876
908840
919141
600298
547575
162904
112861
116550
511941
905429
787136
715769
364375
531295
971247
443465
543421
256813
536044
138409
692452
680725
896063
753928
861868
104666
440946
570739
196824
428979
708156
491662
129791
679700
629051
192938
727615
178524
211642
424420
136625
450618
670290
376794
866839
785500
254317
862507
693618
332373
316965
741289
748721
465482
296395
899069
646371
139866
288612
487896
773069
617800
576078
599506
564248
907718
819488
531201
515009
792415
836143
721366
971892
755329
391501
767031
639251
206278
195659
567733
774095
125662
412160
886443
794010
332122
647778
774418
789267
829047
777200
310050
453376
459588
958482
245353
353882
232594
164536
753793
777922
600856
770560
319570
478514
481664
254611
681284
774766
429138
481199
991038
468184
943130
464575
795456
367715
159416
454341
785465
786560
374885
646394
831686
608468
929309
301677
739144
313483
523277
179207
746017
556037
751065
396400
318410
289614
575242
198410
722932
282092
441299
258330
642233
591921
676191
450631
867358
134224
805657
547579
790952
865229
627416
548070
257463
562541
990884
543618
992995
726669
251305
656594
909618
959854
952407
122755
776084
562829
491731
612212
826907
460657
276414
148114
981338
253790
961568
633884
838968
817350
523825
383814
872977
157535
273316
939832
704330
617520
610000
287446
129679
498341
478972
793627
843754
255585
340102
437374
919010
265043
931824
808215
801870
194946
671783
797371
305940
831554
909137
331042
294563
154792
487603
869866
613929
797050
361149
806229
193746
505759
534899
369485
277086
122166
375192
981863
224157
813955
155289
458725
881801
376804
526483
990550
417056
982786
633666
732632
664637
420578
377447
493790
610066
574843
382644
405900
374884
901506
209432
180287
775843
827488
707138
116362
841445
863430
658771
199450
456926
777303
393957
474267
917725
911075
201714
435828
855494
517397
885218
172238
483655
248290
302260
268370
210074
974881
325032
992943
284598
761018
250663
414747
574514
314807
338448
931185
982871
556919
587616
304601
116065
290593
952093
447013
674322
768022
991711
970391
646483
252447
451452
520160
701320
512966
769006
154627
195886
122112
694050
986520
393491
131367
427360
551725
415378
496774
782962
632359
686026
836526
844532
215782
322939
634374
527126
875590
439516
173311
113296
737026
415387
286277
528707
838099
884882
968529
972840
608214
419074
188795
526743
133195
421871
214413
103926
923833
758328
874707
279324
123344
216753
598127
514241
636806
874879
737993
246404
920707
150991
615971
790616
980408
292563
380074
925740
297418
504250
351912
124502
146029
609707
644311
126779
922411
525982
678160
165117
173860
194711
933153
635330
333295
622879
957693
709821
425246
497473
345710
384667
768767
877950
588005
541131
171071
927022
329810
336491
958410
904436
158319
390956
240109
448220
381718
184161
182877
821811
213012
832233
302128
301923
342837
298807
584872
171946
711870
824954
869264
298838
312121
195982
947423
382495
941803
160926
227962
340993
653890
486355
433174
734900
289866
400062
483931
610186
499263
860190
581668
126724
227676
347663
568898
844401
117522
291151
753056
833092
593780
599118
624130
714865
215887
212658
227335
718789
294583
254947
685197
187327
834557
610137
637459
512206
768476
847329
965401
389320
601907
648678
416932
511683
715853
324322
638911
913780
477308
672384
100187
963171
313060
459532
775382
652679
406547
395098
606681
513731
739950
801168
102684
751580
825959
470801
229892
786742
973099
164807
941197
773258
655927
120652
362370
669414
644331
869109
199209
817345
816791
721692
781884
884185
142066
245224
227090
526955
533161
832283
918364
834478
468116
190488
888235
753165
115972
973423
272878
379231
210361
826662
237913
999461
967312
610725
456258
242207
411866
634782
284517
423883
481543
616792
869448
901435
937249
520439
567704
879986
455094
574953
869010
802874
146061
418799
683678
144005
285497
656422
278997
737663
938475
484177
470915
333068
723905
921541
458599
751203
247709
794896
175896
854054
980273
592295
521122
429341
921174
490283
926414
207182
772988
170359
649727
433212
539068
222089
475033
988025
976233
410698
864604
276584
975524
268252
639054
902868
165135
251647
101878
867078
429977
949056
192484
262759
256248
235262
202543
421491
401589
871130
925335
986454
719873
111482
513256
396774
392198
580058
752224
454492
884856
225105
954343
842480
248426
474171
553437
730288
582781
208744
344530
798556
310962
667584
287343
918849
994401
703153
878066
795793
132898
495959
654902
911131
507049
224294
506513
678893
685839
109943
474615
561378
683915
894413
692859
625033
504255
479266
776662
898260
331087
864595
436256
791513
293100
982853
936379
373065
104046
400979
396560
829258
916577
658101
310513
426772
150230
767598
316701
495492
967547
316274
222562
196096
503717
119026
142012
910824
515080
275558
245148
862165
618857
458838
214980
876721
832011
469092
416910
725202
671877
697209
115372
995060
109397
489931
870603
640690
763054
285383
109297
849313
278093
563553
851013
704489
722698
118134
650701
768449
445161
353530
469234
469830
341711
780930
684833
128184
937362
603440
261067
179505
905034
244151
204299
589346
337892
414538
835975
980651
698133
591877
328656
118583
431786
917431
363716
140850
918782
300011
126547
490536
393414
982642
949086
254428
549158
482766
511323
455649
920934
482781
380597
397400
729983
842752
102193
483975
218736
881415
226923
913714
224653
743707
774143
679705
494774
463528
375011
751598
496518
231301
398417
334481
667426
993922
352003
587370
735473
851180
342807
322178
855083
570879
188530
742238
430538
175401
504513
581592
738205
824183
307002
346940
467996
804510
669697
629693
733973
543816
872102
138226
175205
661562
695276
987376
796258
542942
772837
820452
579861
682193
452920
112237
996645
615754
151973
452180
407086
666790
770815
700394
670257
485965
182840
719068
902245
936898
729051
979093
611147
185100
650450
802960
652799
363132
536007
480601
943978
340282
153928
573535
145012
811376
642019
144983
306775
484787
612849
619568
760495
231018
961296
493935
517198
785052
997897
294183
606604
784986
563440
226422
867739
379654
449641
339103
247160
779103
331783
741183
261982
278730
240975
991342
857652
362303
806748
501589
767047
319117
307068
953158
846290
444874
778808
833340
427353
580922
765777
277168
356470
798747
366725
133909
387562
892556
795088
107856
429429
250136
933999
880248
572865
848099
961952
380390
280185
138543
272390
614105
540535
718347
964201
344937
620794
291001
670746
289957
880598
945947
584915
798443
545702
918105
893949
872164
164700
102929
238315
756058
769337
633019
496644
201878
462264
243000
127486
133274
451749
246327
158758
270264
965644
966563
993020
717933
388363
294541
589242
949598
238313
304753
489045
771437
759904
613319
684605
564280
751157
222825
274143
187694
370761
567260
331401
361646
751304
892829
337933
114847
414718
444393
406975
945222
427625
470408
878361
947783
560714
496952
576638
892635
692021
513874
148218
617449
831848
972538
662984
964261
342425
480840
903630
561858
104743
631534
395427
982037
627954
717414
910033
819399
447079
228282
425334
951127
159060
352943
698436
930698
131802
221422
391015
589327
841855
607152
989254
532436
513315
507270
814051
936766
910091
454434
906622
958953
930873
464518
422806
717533
806173
774055
693902
222441
212964
554397
612398
960798
956399
494154
102528
141546
648447
277348
726203
210064
461131
665089
462974
135649
629076
455966
321938
571193
405072
597804
961937
307928
650722
742872
568549
442011
964075
393749
727848
605366
602714
798503
382827
334769
356287
745487
727379
623868
314749
321806
520894
134480
137917
319128
852868
294788
481887
643895
583960
946121
207884
632921
991628
130818
982343
723607
516404
269443
442594
859746
432580
572837
474732
408716
984915
787843
527944
856432
839360
849876
772121
543744
194931
977381
670009
159753
959485
765714
255977
551813
887257
693505
449538
158140
289364
615612
466827
727256
715560
831497
319396
844484
926884
810343
101342
503615
739080
691719
341677
724195
180747
165221
767830
305165
325663
911649
685954
730472
295437
825022
320597
359163
142714
267959
114072
281611
203691
839129
312274
918126
511973
502913
348949
850478
480813
350834
436565
201333
719022
504562
706291
673659
661913
320099
511736
288682
516870
524313
570429
678442
472472
468125
697479
497966
365151
526461
542512
857785
689079
585517
820768
692654
961422
902014
857723
831604
459523
616121
151411
428354
719242
365561
844254
909484
221132
799586
288835
869354
425995
553250
533902
236258
429986
100194
734019
846641
679979
200584
804015
966971
562779
265709
203706
246604
268008
238998
489176
330922
871914
700049
609343
639162
432511
465486
990482
998507
132201
825847
863772
707362
983954
626222
633817
196867
826672
625313
700110
967225
674243
111852
633849
210563
294874
779660
809059
719548
873558
339355
620241
484420
822503
740909
509242
901136
562770
487910
110643
575210
645076
392278
486438
899558
636768
425842
423713
736003
453476
228495
910827
317114
239530
943133
973137
653095
655098
432383
991711
783601
486941
929539
896778
608599
204572
239394
435849
239352
880678
822645
190244
161151
257969
204113
156837
853738
234488
327937
490348
311381
260643
555903
407358
969608
428453
258831
291805
161722
460126
374520
361138
391199
833472
417888
771335
317493
896558
196611
824881
764872
118368
547951
832555
570973
840708
630847
278462
768961
305471
363953
731324
123886
557009
671590
176364
827222
217463
726390
193151
625231
475753
796718
886625
903612
407747
535911
259883
409076
283362
448580
688438
611986
970372
490632
637994
234264
253073
150641
883508
171296
928889
205813
122613
806464
905139
496087
798647
625561
352421
904838
541884
139676
537793
583123
699951
176602
781164
291180
902747
699335
377114
653498
555098
340714
231861
481939
696133
207780
650877
675741
362955
793978
941641
509408
677533
362432
472363
770567
283430
446308
631314
918291
484471
618805
776905
967739
186432
959534
532989
415171
691675
121954
784891
159128
268419
450149
932376
162438
857282
114197
268778
315158
655911
323684
245395
947848
693718
240291
846847
321097
899226
308204
187971
178256
943894
960428
645797
949914
857081
102571
812218
304480
104879
661210
955754
790259
267412
175287
733904
199028
983971
305824
807197
803889
940045
494994
213437
252383
877094
830908
122129
711985
157625
294181
945627
361971
761435
217463
501305
229029
727357
579206
279592
558871
288091
636001
842025
165342
843665
456340
795521
730800
716621
625911
179611
820353
815872
316375
813992
708507
717359
433919
915879
202995
526374
360259
236895
650222
572619
955720
319656
365616
624208
529459
194858
210812
161826
860493
458142
616845
862207
195311
384145
414479
515332
456560
549478
852123
824836
777064
667962
845262
393301
559072
824419
244709
762661
831545
281010
690390
433962
240277
254040
945326
803478
220293
998661
702787
974665
196144
533611
373493
508065
703293
733601
129510
921516
282462
556484
333522
446782
587353
437591
596077
695038
484212
642283
273976
408410
927163
172761
171808
202107
484689
754284
185683
375476
112241
959805
390687
531796
611168
534614
931753
816699
380306
718999
333671
773640
459477
968887
449755
778385
930589
336962
869164
459724
597261
103073
336834
954826
190527
981528
538910
509060
916208
447080
111092
875501
957707
298901
358502
855111
313136
543234
603678
910001
955041
879415
545639
611998
997161
176133
427368
525569
201417
367776
520255
375140
143905
167115
907734
389080
564887
143762
218597
628167
552903
547504
221572
544421
887239
826449
444618
349381
323605
839922
570343
450760
608095
553989
976186
704880
262479
220144
223952
444178
937489
515316
689626
760266
410210
532300
636233
506473
490584
200172
818089
599721
362184
627304
731639
583137
763960
842838
614016
550931
360481
509004
648120
869987
853216
499043
404564
161891
683001
970654
658884
760041
835528
300515
304976
417506
260006
573479
791886
572031
782165
442697
536990
896365
584073
767316
750082
671812
707730
350888
454652
982389
544169
465651
905830
678118
552983
522392
452585
170554
603997
988273
504954
171881
564643
908561
664951
660015
707201
172354
834714
984064
308963
122541
851735
402841
732092
530169
629880
310162
554763
463018
607155
740879
260514
273194
382148
934614
259801
129478
138476
534523
492174
429711
355622
915382
645750
310081
141346
510678
712037
941312
118464
383375
106486
851645
561418
580815
429975
820889
995502
640751
403316
792033
833175
457701
251295
910839
419303
197653
389433
403057
344787
104264
629792
426266
605979
695637
477300
253207
809124
676187
924871
723301
535796
315377
556673
179677
740585
266292
687629
349561
520215
624160
343908
330864
267996
275098
523156
471965
346082
552362
321740
794718
680528
807462
639079
171768
370989
644265
178066
470232
946066
743714
474012
918356
896267
239753
468153
102832
737066
586700
883987
612701
699015
582696
693837
836060
444504
810867
938805
356224
560777
335478
899366
184529
710201
439192
544183
363660
772145
165046
557988
987847
360225
401742
382839
367923
178936
574779
423474
260731
493119
908667
270875
431401
455219
681515
265284
849288
517758
390996
222870
896004
914385
785727
820923
952525
442464
919108
481669
690010
559514
185984
860797
297257
754307
832549
763691
600421
701423
338251
408095
665121
295262
572772
249179
871713
108079
521677
788669
238937
995522
586497
119212
360332
361037
478056
199422
783734
769338
557452
483139
802373
267612
332588
978098
266242
583277
332617
559278
334606
781829
792253
261077
502215
296473
993580
784261
621802
175949
408979
851339
947026
318455
650973
679242
138430
721266
712501
213316
817745
548699
553493
937223
399987
192204
907581
806295
527445
834419
549983
960852
695122
880622
231702
436456
564945
418021
444759
210031
118630
687651
552960
658819
172568
113555
346030
116163
824605
283571
590698
524672
568290
251767
357507
841924
267111
999037
110071
474975
404839
947785
418698
804719
482069
888221
929562
604555
377089
840022
909481
872268
966010
749509
352377
413273
711182
513608
751062
859405
444429
518821
828780
388071
501836
306722
443162
419982
307237
622692
310206
314367
236539
426403
626576
982005
791131
908902
758539
531283
245438
255264
185093
726000
267595
651398
298272
661696
294681
131659
777241
291323
682258
812827
690622
979469
867956
858256
912637
206361
143025
328180
479639
248970
984854
339700
530995
408504
902184
621213
549327
430067
305706
677174
867537
357680
449339
712122
363515
112269
974333
354320
665885
933154
619216
346345
475717
113893
276125
850293
563089
416986
898639
679010
461125
961078
542683
512914
606104
924142
316576
920247
896393
640833
729193
612942
739087
294110
767984
214742
675341
171379
685853
622795
625605
729588
837931
446084
141859
197572
487820
364901
682074
138659
149699
220833
226636
231413
676207
795247
121731
570762
748423
787368
782077
550799
555904
923483
955972
550640
688876
930285
725307
481512
839837
147216
950068
417191
437735
646655
467998
907262
155044
149779
742684
483882
635505
836965
592849
280475
282165
797665
688279
530336
931873
272611
948240
589489
304755
513968
286483
951641
166165
433300
444008
112509
844866
926931
496559
807789
398377
790830
184601
667527
110634
196277
607514
450498
606173
833955
474199
574429
914130
340250
533338
461636
696850
671836
902564
283804
928485
294851
848962
424845
279757
785661
147800
637353
241584
271400
957721
955708
774323
608038
144185
687922
117569
297181
199642
995295
484875
119150
909666
795215
172425
754735
526030
109899
979007
602087
337824
454596
245658
509926
318515
480544
587226
732351
801231
230494
600266
827043
745048
954439
219338
914810
173825
216371
221006
283968
700670
263381
228511
706427
876183
409797
648575
847540
933080
951432
414506
135225
756869
804125
348184
663822
866315
568422
348830
879948
116882
745041
545716
602807
734734
571874
372466
158879
371605
903392
863092
276531
662955
715161
905373
979324
712248
387282
496919
814206
775452
360270
134424
431654
104921
681498
471456
267471
151278
801011
254911
487096
252676
201813
863892
585338
903264
443906
161711
768872
883161
646027
296728
716136
283492
607197
153001
853416
342635
280587
146294
834462
580221
293427
580461
632321
478655
702512
107320
570430
342431
720188
973568
141463
399433
853472
852203
389342
514674
341177
599942
465898
471218
644520
160222
256148
612111
572567
120327
174065
195060
323267
957120
251403
218560
963594
849198
799870
324347
451250
494116
205516
595556
217716
233412
675710
882245
462403
251552
677432
877416
496093
565785
978840
450755
389645
291145
739755
248366
855098
875547
917195
789013
941839
847480
829400
369769
930440
145085
401714
843633
448662
233191
673136
444159
476815
477553
873729
650205
702741
103796
166109
685605
233793
209453
737894
447984
944524
844477
533568
576518
541210
794506
323562
496436
648675
617442
632601
389660
366783
276447
560496
193990
788429
835334
588861
710133
955201
170890
101426
314548
492488
943790
468511
249998
981625
345447
408297
926845
740761
535487
599177
640155
547531
183990
436035
890900
266738
126019
711105
390525
803108
192921
926348
558461
607118
722596
650567
279689
554558
325811
754824
375150
568017
147663
856019
260519
597049
868297
482164
239311
569066
972435
553273
451120
422465
500004
490506
137818
720433
499071
962438
438031
552620
669677
336667
895643
919723
414758
507201
864385
713242
499439
938356
411792
586787
282974
207565
271220
361461
722489
994172
892265
435121
877532
914787
341867
452592
772025
269554
754921
189108
355257
282458
694295
512746
511073
846736
507970
775033
400112
676033
511071
838250
360228
774956
663773
857971
100637
243201
485977
572322
411769
515476
354543
608066
165022
593437
233870
533965
800215
749999
348357
628559
532118
187794
896121
728946
953911
645984
157560
523563
876421
945177
433416
642176
522325
411748
325241
264821
841296
645378
482969
617554
746287
684048
582438
519762
625759
796089
998526
497291
595107
393077
298930
386005
277369
251619
695769
322392
208373
914270
918593
790838
161737
412031
803040
135794
387654
144942
343336
467772
603612
215430
570713
268379
947357
364197
599825
705717
101600
658188
919646
399902
373890
177561
562324
535898
725862
487039
551354
174289
196669
245567
473471
546894
586081
852261
484234
958323
719291
718337
984879
731997
259685
236000
919357
850640
902633
595334
847700
294911
597128
694890
611956
869722
462678
862927
782992
992852
825411
482203
465314
245135
227477
646262
414712
279238
158640
610240
526412
967095
689848
110190
703985
668396
279566
663011
770697
454693
182677
782504
906579
345059
419544
740776
528610
548723
959173
791690
603785
257973
528145
481131
988851
717928
104575
598967
274255
912980
213948
736388
214600
610195
477505
497483
327282
631740
457627
196548
258048
452718
224295
128990
868179
173942
968471
894808
688237
892157
715761
405438
678564
995153
301815
681667
756210
770638
154913
370135
340264
801705
215334
913253
999683
444025
220698
533708
376535
717794
260593
128440
190375
109311
722434
127036
516439
603468
170278
804814
191001
596205
833952
601920
140291
193598
121079
699286
721410
878295
770750
830345
786888
814588
373844
177559
330080
784799
271399
544292
590627
515698
130260
201457
742498
846669
108969
737815
839587
367096
749740
388032
607018
499638
928308
438531
443180
587342
660501
493306
321033
609751
607705
703937
738674
294239
487946
763693
917893
835768
256108
633671
350362
242975
938695
630756
327797
570347
287234
684226
651548
811759
542443
774817
217315
415787
236307
293211
909379
464789
554966
997313
841353
184864
995000
914964
449834
461734
549643
228701
906484
533912
251789
973514
486272
186750
400015
533157
576996
349612
655312
412818
462629
183268
428167
973956
729033
285698
728512
269853
147818
486185
258013
875521
313415
330151
336190
142358
718165
241447
124220
764122
185106
805075
518574
191904
609370
125699
401935
340680
950386
258374
968727
419482
790370
184204
457861
559263
908576
230767
935742
481244
165031
738268
669487
916044
825031
307425
373039
442489
746517
516692
858016
238391
559683
887613
667540
738013
902891
511041
306475
350849
356132
705293
755419
444270
937911
920955
981449
777764
239948
573732
672787
909229
526109
249698
261104
886584
913548
477377
285167
795411
438928
972481
747260
760681
701451
782730
483361
584214
440759
259085
792457
895843
981886
920691
473887
413635
563465
819461
822070
230121
384688
444694
979106
589571
795056
223537
869443
657847
291899
419802
558498
383896
327946
534500
933043
858949
984461
438735
329210
820030
783394
802811
930667
783012
252612
754669
521737
284492
797179
313757
514672
672640
132401
771834
576207
392275
308933
499675
306988
173022
371769
501346
571243
448987
536613
378831
657354
428477
337422
712927
944899
714346
931057
307838
568117
368695
552665
344592
354684
819358
236529
456056
727516
756926
836532
289859
687293
395791
560319
152564
820464
168641
836391
987309
444912
243760
971655
888854
830788
994630
264274
565517
190785
840525
840071
594603
361324
788943
837603
644719
688668
897900
870864
612201
348030
958423
108026
684101
344658
669262
517346
947825
452755
443380
592236
100973
818516
312652
551315
366543
973894
913396
230045
551311
633974
933308
147529
624918
818675
288961
944836
359806
245133
406731
366234
831493
113209
377183
745194
566804
373809
666881
852051
303334
650232
574474
859626
323224
484027
119938
197102
354444
123027
202491
884626
890585
935016
408618
206041
663922
477359
125794
310369
606257
581299
251150
913974
601888
628274
458346
868614
241892
230750
166783
688053
692839
142852
400313
734695
327104
379625
554727
443834
299489
444432
142959
348055
186781
422169
333387
677917
186292
269251
537028
718973
660892
230898
577833
274149
312269
258796
437676
526836
534634
752477
581785
640204
537703
151418
270772
394053
783483
860546
932270
448189
858307
392705
496867
719246
778128
149806
523700
757624
261615
239604
317340
760446
537267
175182
870417
848173
147265
660140
188568
892662
773304
891442
654917
257212
139291
283967
123470
705385
636252
911371
724619
364603
144358
979369
559021
362588
714055
231820
876600
102735
647544
738342
924574
682822
300555
779115
286841
360753
578448
751445
592228
110096
357764
614177
606678
939882
799478
442966
900733
644278
864983
535910
371251
934134
185758
685836
126655
834340
485653
588085
781163
458565
796707
464156
546494
771802
140791
806894
538773
276661
833358
106796
780386
401064
108961
483886
667073
562329
185582
621636
523283
786161
266176
504888
164313
495412
737502
702831
870447
737836
462702
184175
628642
125886
238692
948507
629775
143486
553867
817113
996442
621181
195502
690932
499304
520896
256291
207197
210329
350573
328692
996620
953701
335295
374796
697573
870450
721112
708155
948790
821615
200246
568390
667772
334577
173278
657550
839590
884135
177781
664539
557393
731771
520910
316772
514034
142536
959133
842366
332178
923443
365994
668319
622355
334855
165345
333326
635793
105233
211111
839048
178244
394932
461799
978833
481986
796458
123370
478966
644449
636121
767012
320699
634874
990701
950123
440710
680105
294295
287203
943622
441329
530242
297109
632321
607325
634445
778782
104889
977312
113354
913059
330651
305662
376883
837507
623812
324420
459588
652901
152943
974833
337912
305199
182495
906296
936515
410072
460198
587134
239689
651414
579408
515966
827258
201489
659375
575660
280875
375961
582947
252535
836018
495858
790630
168327
418910
942285
730545
883141
887664
664787
762510
578234
593082
674298
664476
674768
771410
117626
298584
388149
381778
414713
851374
742749
413488
694370
909564
677927
170645
379509
659519
325976
513021
103384
843549
621028
108394
352106
286926
385707
723332
724952
476999
158207
939249
273001
358116
189764
996365
641300
741586
771345
463878
758225
722294
660787
330071
136461
950205
634416
987199
101111
293762
152008
826749
844759
678613
535192
564843
514079
629550
792377
955347
787513
865934
600005
145810
540607
821837
206649
447368
113930
696390
582870
296793
666146
208827
581698
191972
164661
478854
413163
622109
978051
686238
306316
911688
679349
795522
633608
995572
325261
632965
616851
857458
852025
173846
498063
852209
376290
867754
945652
390072
594625
381416
370569
373055
386768
528177
968495
467946
560350
707083
975070
573122
370396
720840
709734
405842
423829
600951
742167
276603
344059
227495
409436
650260
325436
473940
688802
504930
433300
417807
177655
505264
185339
943278
652142
338923
727807
276941
571070
863197
975052
712255
166314
764676
746184
579701
944156
451310
317499
705034
879082
211283
104940
881800
518682
653006
797863
611611
738114
951385
310457
972977
545928
849125
286046
857226
787912
367859
342322
116673
767668
454098
408132
666423
230709
876085
474409
642104
813648
822320
413452
986700
428420
461295
361955
348605
862608
523795
175901
430592
215921
250762
553175
917282
778185
706186
802638
203856
761660
809993
883534
102339
917683
141948
380233
304294
903939
808554
173316
189093
128456
298637
360683
706196
565578
240932
255717
575161
114882
724311
611522
688951
758134
505289
147984
851224
801888
780595
656941
725526
300653
557539
333879
221253
716673
789616
104031
229953
758551
563640
168381
475728
785158
701016
208284
371988
936256
516455
958230
542288
647764
703759
170266
255827
650259
377641
814025
180133
733519
500213
187841
697389
234559
655379
586609
942205
846336
348289
519915
597244
979894
622161
403703
910926
953360
273925
138948
485665
236425
452362
641177
655574
959178
478415
366090
132617
580172
112416
802502
844543
187452
124419
734381
543564
377208
160302
334335
905886
495893
796035
978032
116330
647523
520106
546743
568465
789352
212073
137126
428654
611209
495458
422068
208543
554664
124713
931733
903949
781734
558208
893099
756409
227977
246514
793622
631429
483705
510824
975526
611037
609253
168363
285266
493664
225539
875927
830113
256527
611028
534199
406630
988560
905701
856771
231945
452703
580754
155379
221151
964050
411077
461055
798363
446536
702556
301717
829662
182125
410281
262005
380779
856364
654514
218828
800469
585554
262169
831179
386713
603930
679639
917028
237352
831099
620225
813025
448381
990506
796876
876385
636781
856557
850220
944015
250588
548670
238360
769760
137291
206360
816778
150985
640559
563713
951970
951515
674494
987027
596394
491612
905571
935720
559156
127427
970481
211650
462816
689616
713555
687765
482330
555877
517794
687826
590528
472581
376528
794800
870976
448488
891393
607353
957408
307384
825561
806062
826328
652747
607664
763224
341113
163357
581026
800044
417073
414729
149316
161338
126278
915972
833969
427219
747200
694070
367650
555572
678084
438933
356507
981715
999930
205696
420162
325445
594032
761718
777579
933129
831895
627376
468399
534325
173355
360641
897083
149787
521041
350313
233989
518391
197049
225936
601721
899800
878338
205093
731953
100072
524444
268499
755011
748762
929193
420221
460308
817135
734173
816918
211114
985445
801989
301599
278336
172189
482788
723070
125234
626439
856823
894647
799896
781196
933914
830538
777296
353400
358468
781576
979124
421634
240942
508883
901066
824985
398033
799378
637946
541196
140620
965038
514682
706038
924133
212108
476838
779461
465639
102534
955563
516966
594921
644296
318274
873934
280431
721316
461210
126503
467530
605779
196782
935093
642139
192041
909301
972996
616982
102003
831481
481104
712929
170832
879199
424241
335706
196361
650117
400513
885720
394286
174026
525482
525674
308271
655078
548369
885564
544148
879994
175801
924441
792505
476483
410710
123786
546121
347016
218575
659547
874325
276531
256303
246175
347697
391485
735208
565514
801900
407041
147556
621116
590475
342194
789001
863166
278817
682824
518344
683172
387276
559158
421379
862035
178574
363223
131961
722492
280550
160167
475119
306214
487659
969198
769788
823242
633190
587543
806289
259320
880425
937791
124003
708791
774063
803048
755158
783017
964240
961677
179496
850796
758081
741296
751288
158781
562311
593295
125265
835448
653494
198198
272055
717146
207178
695021
562764
586247
844321
742034
189791
736840
451859
933666
530289
605676
918863
725712
204006
592495
170899
484440
243429
445528
821223
411309
543692
352731
854999
896910
206611
240096
312555
710360
229050
800571
980741
590869
820082
492442
845015
211858
915429
781757
151294
807982
499652
669695
482783
857998
368267
672884
657916
890797
324402
948107
678354
750417
384883
930482
531410
340121
379986
271960
817851
842770
748654
346349
138673
846985
900995
980070
993340
485114
425658
714141
713215
859879
252846
102550
970706
950597
526587
584988
444831
276272
624132
371529
490966
977151
333793
996484
510541
996914
692964
751493
556568
206952
822022
822516
850081
309261
720691
138832
571972
302416
950415
593995
922249
873810
795395
797970
876126
890970
764424
912299
241040
539622
954639
857751
861159
937277
967914
335607
819068
676959
236539
754602
219767
965469
271319
735124
555529
672613
606197
670171
543714
530742
995833
925451
603088
945586
968376
184441
541462
690641
291592
620133
577220
641298
637190
291736
473785
962445
326659
456045
499473
201763
456843
715852
458092
389047
803315
287537
988958
174582
886719
686764
124844
895185
257901
443041
738569
625868
476321
940687
297133
184078
776494
983246
276783
449401
677662
752657
878271
210483
417886
923596
286435
636483
243817
255215
446891
947128
683312
813711
210547
461795
925634
271014
718101
561349
444414
878481
232584
775746
834066
538327
168377
177205
737006
947658
829316
647645
183402
564198
599119
625365
454577
929110
160579
817314
962569
706678
581192
571813
254848
867539
494236
507600
670581
518030
879856
977525
642015
729663
497375
203290
841662
440950
729996
794921
431708
128253
634871
379876
603680
334842
969723
629750
240207
794481
486855
887364
749119
355941
763735
686050
745145
649695
611726
353505
976010
274087
279634
281991
291526
740975
552965
348663
694586
363056
526971
127311
256813
504107
235773
374833
715410
362674
311224
235321
100620
130047
730274
895405
445054
157953
520971
705202
499982
955960
434652
650843
645717
910518
659216
622909
790119
289605
871083
899262
203769
652711
859354
205675
496275
386073
453865
605576
981524
560977
818331
469347
144476
848774
521673
966626
847515
383662
215898
339354
620659
666818
502427
808001
766092
672958
253276
157819
803668
377509
558279
251537
836464
701378
351261
446433
857476
331145
611503
812814
769083
119419
755574
320919
359508
260776
288271
721798
483625
964847
468727
948863
181341
522049
806366
325304
673793
267908
342315
582087
504067
416787
854604
422966
966931
559203
965912
224852
794675
345440
478116
397478
941915
167798
595134
834235
248038
828395
530473
917501
482013
429801
958037
718882
764830
769306
441370
348034
146857
808300
599825
173412
918598
804372
338767
674225
578774
712078
790303
449354
768980
766658
898619
109908
547592
922531
848743
588849
134792
750674
328874
253003
550539
524511
882601
670794
327788
785103
973890
641701
848471
563673
837154
294229
253331
337290
196035
332452
829932
396872
862150
180101
612443
420692
863753
575581
658805
139496
990213
796158
548557
957440
754118
363605
669351
257398
667208
558009
235322
649669
673674
970980
410528
751119
562738
863007
126685
651834
459901
559317
951082
462069
670241
619241
377725
488536
231457
148260
445559
282313
139339
695430
556009
634683
183058
978750
775684
611313
996452
533269
641372
110561
434759
748068
169847
963539
418900
450726
780792
521544
351088
669223
973987
999288
978819
127196
657292
581940
837335
168877
883521
944138
134543
618893
971280
390342
586945
921322
492918
813685
978066
549376
205766
503909
770924
384712
478770
624201
951262
793421
384792
444505
390320
341375
893260
338453
474434
923168
677502
780298
341696
551836
609544
654093
570660
756374
301335
836933
178760
784286
136915
773925
814086
215070
922476
926071
453230
599188
313699
794964
890307
315449
730386
836623
173842
232928
907129
179250
656944
384666
154662
439807
812847
391510
731584
555449
788989
619815
799792
296348
528794
166749
301197
478982
105331
318933
351842
166681
391200
559660
280030
876217
678134
168815
923096
319887
539049
804238
226205
784336
514626
227470
746104
283992
816153
616286
551196
997360
132496
694754
956561
939727
373963
103723
250233
637916
476303
539239
914941
741169
199478
513300
831385
976827
713036
664976
145664
363774
262058
676013
477613
863573
279917
451904
797832
848248
690289
926328
607730
583894
589743
920619
963213
131265
295376
138956
960746
953802
337165
956441
606384
433729
530149
571921
579558
577694
884538
573667
702685
436094
892552
963969
309821
267173
452899
787796
236234
773058
225484
662537
800499
338512
232911
959880
663224
274392
724220
758757
734645
210068
580608
169839
538447
423407
790528
781478
742681
981672
560850
732427
337379
427125
322455
834703
725536
567971
654489
134669
954483
849340
381789
844755
201846
489346
764676
581531
577958
512823
330372
448761
712814
116863
615806
147693
769038
271581
639196
215384
329383
771546
452329
435723
611366
281285
624588
233402
902731
456404
863715
757232
577590
314344
674744
639292
195341
171823
940930
264266
252107
383042
673915
684652
260520
339151
522777
816118
193697
325265
654924
784394
579396
956283
574515
205864
391163
120340
125147
383719
621714
306363
684692
221377
224038
950636
202962
813928
555820
635739
418717
679382
323932
203421
523029
440163
600856
235783
556423
146832
272380
881806
965604
170304
223812
592621
338116
608902
897684
672260
395222
428664
882216
319165
348642
601827
476889
882795
790270
785753
423753
549547
132841
446214
282251
751244
516551
679969
788978
529355
825690
852861
952980
669399
682777
443518
650842
693044
389520
148552
927879
675259
510739
174483
661122
240286
645600
866780
802402
111784
688016
792981
950358
731107
959322
699997
429998
325428
694789
273642
301673
385153
102279
732162
115164
670770
214398
571720
509467
660053
927306
861716
624903
489371
182374
461084
860212
586913
489281
715950
343542
330697
710173
443232
257192
955526
978595
564958
518168
244311
358657
723426
331250
908298
455426
650018
156231
166434
448616
594179
198458
390451
618344
120940
234888
381322
368354
615317
376305
697322
297179
928318
297479
696401
908473
314716
280946
705817
340026
172558
973757
883866
593297
931310
329345
680812
634463
438530
535659
319243
964842
570802
648013
305939
675420
603893
546846
600587
324539
834596
261422
676606
303808
763280
782443
378788
198582
623215
950953
686175
644401
486833
192433
814497
223785
863569
642473
333227
991921
902183
559772
209328
452312
480474
433925
335481
367164
775442
935517
712385
970086
251468
339935
311392
252709
389735
586676
267814
611850
221820
935553
910781
876798
273002
976137
710960
986268
989199
440895
223402
754414
271315
955916
995863
154055
628733
600729
842216
871258
398377
720058
638226
126870
828530
315735
750101
341727
933993
594168
992730
894313
348231
268333
686038
771891
924127
790135
230060
125534
695692
608407
933550
135945
130858
574192
582051
183754
619201
135611
220388
894539
873084
427559
220673
521663
968888
452747
933953
930688
555608
506954
831814
633158
875893
396066
421167
100709
414674
626641
394167
830020
515181
396516
558106
282645
878738
460445
468568
353558
801642
784000
298450
720035
427888
470522
746610
411126
504132
843567
393511
698589
992985
960543
399693
365045
392553
539219
266827
471592
261192
722474
240630
193249
376981
631995
691571
672520
108589
105862
995770
740190
169306
297691
666902
553590
799977
629158
872713
422382
817977
104278
897868
783305
551375
735913
757875
491755
900903
557814
143727
499760
960837
817878
295246
874345
184969
143535
625437
917684
509568
984191
841645
545655
145495
361121
645011
997432
917931
882239
367913
781820
545532
590101
300179
736218
197120
933821
306652
865115
146643
277021
303039
543921
286060
434793
562561
556049
459723
541782
977787
419726
368463
318396
690293
379892
172228
648294
135790
690621
693081
175482
101464
275827
808240
186271
137729
124771
908750
541904
463724
226426
834034
921884
660445
162431
924450
347223
422004
769100
534433
932929
848337
543915
892670
549393
376278
305321
339077
106910
290922
325497
477880
871177
282585
899752
624441
268810
510105
321016
467038
449621
307847
815163
436167
144489
976464
616366
274731
303765
806252
526703
499214
922183
722500
648413
551824
766930
410196
550507
544927
258684
825580
231008
900396
920898
365840
906094
222907
260648
946495
532428
672980
823296
260145
985010
110966
191061
144986
677681
304267
725878
938251
429133
719319
228762
721016
463161
903818
577140
285779
538541
316245
741332
448855
333925
814873
699319
202433
824569
999291
404813
167449
987893
380819
525221
863151
985396
742724
179767
828095
518878
546374
407373
950487
892891
247039
247375
309296
342002
694192
583178
666327
333603
662059
235932
956656
217758
379363
930302
762896
728574
106364
216622
768457
784197
715617
565816
530211
852244
591252
869377
431813
771271
526431
156944
110066
300940
843978
150170
823408
329886
436134
484296
616197
569538
914374
917702
856570
177789
449421
874090
601921
928240
189058
652927
699891
585809
669376
894190
678162
831527
264682
487688
446349
999362
774972
160146
444290
693844
164316
502446
288477
556144
998447
569762
384575
129310
158120
773927
377210
406519
798876
604879
245528
106115
336945
494964
532284
801517
465365
990937
495776
212032
969066
916224
390813
145697
773343
166184
173929
865640
177370
120735
619131
506363
325073
118636
679594
971881
679256
432722
385619
191585
622068
702338
771322
814028
863278
131904
803495
448941
951939
832047
142641
721748
579737
371164
326201
306297
551756
259556
459565
851547
124103
591811
979661
603989
927982
492506
378378
495513
284151
455164
109290
245965
897753
780661
809193
628927
854300
354232
185817
412261
279024
338691
489482
651701
173114
271377
970948
776574
183433
374748
175761
916642
423623
454188
742584
723344
211627
132193
145668
864834
973611
956505
235427
614192
934478
433470
271594
820846
357695
635247
480246
753225
940574
432713
468781
679898
531217
235378
266531
178756
920440
730370
314648
591088
217406
453135
976095
824962
738059
316595
804730
139735
251702
858044
943745
747326
210328
398000
600481
596208
426844
187802
436353
300909
914162
590581
364959
717044
253795
650932
333049
643455
103614
504460
897224
537145
463505
278303
440615
426109
790900
607270
333201
451692
107455
849850
418408
868394
212379
504319
796658
984054
289750
790925
962846
760164
733840
157756
453221
937913
481523
657227
703787
838147
167007
778285
836068
946386
481059
556625
138131
842678
778088
240685
827566
849206
347719
918727
893501
190250
666747
691007
263906
303286
202705
795451
629138
247876
625532
243280
974177
154621
972101
330507
902588
217091
281823
174138
918352
885038
650456
911481
383208
762497
251724
320668
592563
241608
770196
519734
212228
776721
623067
856804
553747
132580
381457
528473
945025
766144
995833
605607
575384
720819
840253
165927
916561
385461
462177
643397
174864
804130
260021
493483
524905
344722
448452
991240
950182
291863
853033
596604
883168
534162
544033
764259
257706
683314
217115
278683
843950
686923
895916
173364
254063
312399
697792
199348
860653
333963
344939
381283
936615
346817
859293
228474
963323
617949
816115
162467
622633
595158
519178
878412
903094
133731
563823
391918
165612
606007
351314
198773
964510
504410
591673
218987
617672
390054
310417
821573
170261
236731
993023
910121
642875
869567
677076
818906
827746
815094
726366
298467
418562
504601
866364
343388
925897
131350
273610
358651
691515
934340
870714
219546
715412
735361
707076
471072
229321
721995
605524
301711
171245
939831
847617
305642
771375
329713
742302
913377
167648
529008
720714
642074
160531
840821
739138
640734
147134
863680
370294
578269
294588
444463
644408
332030
575156
885269
492016
412295
687381
353938
423789
868390
694328
460212
963607
822618
552647
401322
122496
280481
609084
453921
464536
432478
997506
736093
948288
728646
203864
180149
536086
786280
253172
886476
378767
315895
189636
462472
596067
695925
922639
106544
696609
616445
297722
240678
144867
967309
773831
724735
834237
681647
750968
245723
714415
514242
125905
642246
836090
874121
469980
649098
563087
447888
868389
931182
117091
150327
888101
158126
299423
369917
846013
636472
228947
857001
936024
586369
617482
567351
864723
151715
847321
968414
114169
786324
193426
137402
313894
242275
668821
548827
570605
765393
325061
370826
735381
554441
289400
854866
417182
992349
400712
666770
450273
957599
457096
256542
120982
437145
380816
837517
107887
256970
150233
742211
446850
783198
497988
145179
783300
223848
540500
621360
655504
299454
230684
497544
462342
373265
807027
465534
969361
675272
478340
750026
623969
562328
533858
672207
295831
805122
282041
195746
900191
377993
392960
205874
198967
640302
994442
974775
425582
756522
393211
345563
875208
216935
818328
656960
771646
746556
190999
320781
469762
681443
908694
361112
590432
831992
217575
990545
448672
450000
468521
354921
483687
823155
785458
812254
334781
978648
114472
411204
479210
565436
275695
843345
185338
603327
319740
991781
401600
702427
594280
600979
171862
428449
723297
157425
889794
816530
288570
213432
690356
766711
847299
817752
529803
706237
695475
304572
300056
913776
558497
868661
222843
641427
922291
389221
486345
442873
448909
510795
655695
608164
341451
694086
242320
746872
242954
997927
620682
486906
387680
749336
624247
230986
822444
529154
713008
683802
867432
735616
659979
882890
345083
224926
962629
865858
468267
481805
820378
487947
574287
255110
250609
815818
713187
598488
791221
356346
263412
521872
957630
805861
116796
964324
278607
737119
486664
615388
281176
968063
206068
413277
873531
477946
786552
554387
837195
100797
652795
471739
292881
197191
534438
969226
850057
805154
248180
935677
791433
251196
387205
458686
877217
387750
241362
223952
461661
395528
629146
864344
986504
726238
515739
457640
807755
326516
310621
959368
763923
181337
576552
360227
282129
715075
335157
802412
324442
749407
904322
714571
874191
988402
856063
912743
980055
676722
624070
164081
299432
357114
493896
976235
515012
289998
169889
684404
653888
484267
373645
367378
721152
940554
659541
233882
304318
936561
975554
365854
400138
627445
522866
842132
748395
956209
829511
397534
317732
199516
625917
997851
328945
526345
821588
788138
903633
314912
403467
618103
732445
553205
756366
646787
473558
581890
724614
690292
323197
596838
188303
787414
401852
544281
668199
634700
914370
459531
665921
426488
582892
267416
905753
769826
974207
823145
643811
350696
526961
337419
221052
778819
118407
978820
714786
350065
429689
855255
662975
214372
107698
297110
674273
205799
299092
963391
603301
390088
215800
716820
462321
720487
206163
652827
905441
550073
424724
313390
324344
233401
422537
728960
224153
600588
722658
609486
313550
662863
495501
962301
123493
996384
637888
435317
253211
425861
729366
547385
508112
162268
553424
446690
900442
541216
965277
916888
978774
186101
767860
988204
172953
343665
382014
280341
537860
306951
106096
249221
999990
913361
358166
681767
720475
335321
277164
693047
557859
982500
143718
461437
566285
515068
487855
909384
184226
186488
650094
544420
644382
998506
254564
348343
953384
292709
317330
970685
811395
967240
172024
505406
626078
950988
235064
407657
379718
280198
905337
478320
993179
351225
943463
466815
294847
358331
902264
709081
714379
364226
290762
628018
164156
918123
767975
233603
214826
744423
623594
811885
995993
326371
238364
313517
227401
221874
500215
674776
186664
260473
821740
218899
773608
412598
724799
995410
125899
864974
956080
432811
258169
912082
392725
361366
611060
712173
796482
291907
752163
974573
469803
679544
114923
649963
337216
576934
268284
113688
226839
146151
191079
670727
707336
700790
876365
314289
447313
614378
698515
254152
782202
399248
119794
744764
265683
648997
962475
243108
953049
911661
155095
196618
884375
621299
980028
308373
279785
510813
523803
862611
592892
371466
744646
957059
522258
788075
719952
158077
724833
602588
551741
788031
671451
813310
756920
830644
361288
307026
484803
459843
104655
275539
251465
916114
933940
147857
845680
410644
848635
439398
415370
578742
631659
823734
580618
347042
315181
137000
744243
113390
576660
437307
611436
167364
155254
577799
332400
945135
253848
929394
759971
256287
113417
793899
108638
751737
684357
705190
880331
159134
902489
646452
932268
470133
900038
141567
175446
826680
968126
144223
615771
355800
982892
707164
778213
958926
357328
163680
993918
938879
131656
848856
717644
798731
100394
743271
745434
832051
102157
492967
340882
639588
961192
442653
519335
716068
371762
647799
617870
830104
565672
785541
216364
617583
351086
535346
274634
654447
341709
333629
172454
513530
129434
443352
894884
933116
994038
286364
916577
879028
719986
798727
962760
262717
819563
108115
607197
738968
599251
591956
580118
908983
787024
292558
107914
563240
334174
481905
829985
410460
664367
695282
826924
330579
869523
220775
366926
164934
564851
295262
693239
883665
562582
931130
887409
692155
606823
980812
170291
611075
902286
552714
560083
847369
738842
934286
531448
907894
314432
334286
522414
970600
606717
805875
471155
895070
649847
201944
790926
966173
775490
737889
281503
980925
669471
212341
940081
425811
542207
487418
345676
706939
156133
244076
725608
739905
790793
202105
531388
378892
983992
931676
756755
901513
708921
353748
632576
135887
769547
245504
149768
654900
906410
155097
671518
987852
358064
142444
194093
727128
452504
472882
946926
125267
490141
919918
398937
799124
757537
321667
512216
305824
127882
710288
968918
429456
303335
529608
911479
481051
385041
771026
179905
287424
507628
897242
989976
924658
754541
270162
599848
946207
371317
719592
655163
807519
904027
862117
541386
960694
445063
511552
607760
931718
203611
845981
333242
704980
933292
205477
600923
878644
654702
927810
548316
172148
829807
987863
299633
927907
581497
702907
271398
603420
629179
448912
637880
442227
560033
317988
510880
997626
110751
388995
997354
558320
819501
721591
194532
253831
251884
901501
227346
678160
381255
490821
727966
445061
697813
977670
371340
450451
591354
772187
317644
950306
512813
563262
961257
296867
909141
504960
372542
452565
607916
689666
965416
708787
747941
757011
652119
503102
973386
364230
417214
324770
691838
436910
740617
950567
743458
209274
617582
286167
129491
989287
498365
525671
497008
370566
199441
788291
162329
197260
978376
377147
974899
316271
597231
791748
284552
211140
588727
162796
173867
647218
118980
748606
964857
633714
849091
218542
802747
557766
863931
763201
124904
590899
743133
968828
178343
365596
333558
280712
892115
130780
369187
305791
857687
601216
528835
435606
542264
901311
433128
398982
991602
386742
649191
132376
863674
939652
514992
444845
419459
629215
885783
563911
723165
238546
893168
715480
199767
226388
467802
836709
581029
239013
963826
405750
878973
581735
669576
953149
809563
892695
414766
495072
762212
596198
910253
572100
231559
651193
156818
453592
927711
720537
897478
462364
887158
642552
906075
332493
107844
251201
817026
681326
134965
207162
765017
976051
557096
723673
662433
996525
358099
719648
923246
370093
235364
473846
419768
121847
844419
775684
457199
293701
928275
435401
355755
655828
134455
792634
936353
800719
304625
961497
576817
568247
241573
224624
374524
488108
136829
923146
615124
656986
700006
329871
725195
637922
675255
660058
273165
509572
708433
338873
535914
619078
941986
196097
101131
628292
609764
841963
142310
773204
895714
494510
601549
291764
560827
639290
806656
246290
471935
405902
387203
173240
992694
125911
949514
272563
630080
442502
803440
404254
597239
165165
641223
935792
305968
895093
428074
728094
932385
683391
768751
910350
949308
145493
844792
519065
909690
659276
827464
119100
917683
422809
446066
700924
360649
347725
901069
961555
114212
212718
208773
690619
852248
608915
819563
649238
567074
807963
294988
375704
238482
897387
908895
261553
971555
583203
744183
650075
799077
372827
224984
659484
193372
826687
231783
339736
333889
116100
124538
985559
628550
466854
824431
842318
522519
542111
774617
380173
679772
796934
479348
351013
485787
753762
872890
938259
372762
396810
899470
532205
442914
433882
888821
461159
487519
827028
288932
488994
348708
886320
794805
286067
475339
594273
915379
353644
351418
945926
435573
493321
521377
224874
421704
830904
136768
258073
119204
982534
368166
217951
913248
735362
390548
231230
906306
971377
865759
260651
923631
993549
417908
479046
743040
941050
645751
992085
476693
186055
799044
654876
731108
165917
711734
678138
814826
618920
651397
131683
110850
863550
153194
990550
157587
947280
329375
839674
931523
323341
472353
289306
378506
970957
463319
437785
309345
243201
852877
383892
842105
273237
100761
304851
258088
199646
431998
232556
781727
328966
443918
918260
665303
682161
711403
448482
836041
716523
110822
907618
221852
674128
767113
113203
249209
674295
517808
363582
312827
491772
550065
900947
447523
242856
674076
672130
570471
323456
631518
175442
651658
608295
665568
127713
198439
307153
598796
673721
240743
493797
364783
571947
698322
229549
790522
980683
769826
139997
938627
574408
682835
817822
349384
561862
100790
509430
428915
175994
330213
156118
168409
992769
121201
798176
334941
771965
911222
266770
344466
131502
501105
373779
817277
213097
673480
574521
695096
793687
703335
420405
957555
280140
107627
135644
556246
253089
595735
387666
860833
710705
945668
625077
121876
892238
213334
837603
259722
901693
352169
108393
209376
616788
347722
704426
916692
770126
852130
574024
774121
593001
955693
199442
109670
943869
593257
733257
920510
389720
310442
909617
613034
522842
172010
232465
683506
607851
892670
131750
722412
624212
291747
926058
177819
477761
831415
356541
779608
926800
732293
410381
405678
675798
991192
413128
929727
177039
774480
405435
140228
126111
868051
309477
588626
399754
631834
255389
776920
358637
156652
185468
610245
400311
654313
541673
276198
636135
361244
584736
259661
545091
497268
729502
426765
640114
855084
633099
147298
239159
917637
171076
727150
981418
516373
783267
831677
523508
730489
229870
219914
137928
419398
665049
523578
224121
212925
639609
822598
882619
977533
144871
303287
300506
758867
768716
273642
928913
517612
607791
447635
834856
944747
553240
710397
896717
468149
445088
942159
715821
742537
736344
513067
507727
987854
375986
944816
149230
907109
967567
869087
303793
594814
419238
314042
762953
487974
111822
352264
284742
137885
181096
831286
319286
229446
194476
371095
492571
194711
262031
423212
766728
711184
132334
341919
989048
279657
270873
953097
881483
441732
592703
362228
814941
665314
416465
734618
901445
749106
743958
891308
920327
683747
119627
423087
415350
899674
365620
295040
972650
363935
183780
551608
721529
898706
323173
234539
191926
416955
553188
434123
716131
941535
624028
476201
611731
692238
146461
339323
263265
656890
197209
856089
767047
322434
835691
261666
837372
814092
444484
956315
580620
446065
916275
760407
100533
119025
745296
885491
406812
212872
313094
533848
725322
717593
741019
380483
524071
732774
317245
858721
409681
665474
232522
585332
388409
899933
764156
893043
481306
406879
188015
504493
682967
133008
226544
459278
593423
954003
487588
818842
686592
832051
259123
240022
910069
895094
286607
300262
623405
232654
925061
349329
815434
967278
794110
597632
738706
207482
524338
855430
452230
126391
656106
299130
672381
574561
689712
536191
821020
817275
890709
381092
689972
345729
216479
478663
564184
114682
450029
907637
501369
685034
351913
613709
368160
422787
249225
624546
119367
238651
499297
888255
389172
209496
332648
945956
968147
344456
999877
165967
453423
721934
188247
342326
697261
960886
517438
216369
988230
746058
715945
591093
247166
937277
285309
812794
949829
499684
385950
798910
482378
146149
265565
199682
581943
364231
594462
931314
531437
223337
857765
396418
330141
608334
871133
694580
623999
623798
794853
495798
233683
411625
652471
672105
365490
738412
930965
879548
354607
993973
345426
496822
562224
792987
125819
970931
232483
239079
244768
492870
195839
178855
222243
906748
969304
110337
679420
756545
670494
686981
951398
413468
578867
800379
696298
149077
927751
367195
833254
459448
935890
509499
377497
107825
322189
952419
975629
857462
608205
616924
880066
219396
281981
579047
271315
465570
113463
950859
753799
459138
403806
212166
746391
926950
333211
430212
113207
523007
229267
735437
552130
201360
557057
837689
683622
522257
831061
518591
371273
341423
341736
162923
736023
406961
741851
751885
443337
190102
595275
439374
974228
571994
710227
454910
176587
938968
611647
598569
339313
799528
445160
388296
880511
940649
171408
775571
246734
146810
301372
682324
682562
362723
353481
264343
350420
524049
903564
730941
222298
123230
641674
349680
213012
825294
643729
485233
923606
394549
415313
346925
244877
939991
610459
996174
521904
585512
738516
247790
899301
939153
627221
233958
930380
986900
271523
987844
723340
667687
196774
159803
268728
579036
881576
850548
142302
592641
597740
875427
495340
804131
235240
197268
797087
637966
366208
659940
972009
826351
988000
565004
598462
501562
832694
216856
625596
900679
643530
899798
192532
763095
529467
319082
529273
720661
490168
314751
854148
149144
289239
952823
619521
848901
429621
971587
912698
746673
993291
458702
646110
999331
636073
753587
166414
644568
517970
438800
792676
895265
791283
500274
173312
352455
625281
361231
140944
692174
805934
817459
516731
157847
931592
456210
462090
191967
254894
332413
742355
262661
216048
276303
773956
140265
180322
905351
492585
627856
136156
817680
543738
810020
510033
205595
697283
145432
299626
184302
195793
731817
847775
425590
279638
851488
586993
240856
246778
673653
188647
418950
477470
962285
242658
188621
393261
174435
683743
678442
266466
885637
949577
570621
506480
862005
779673
877269
148306
956944
610795
297163
638640
573868
408638
929355
782602
636954
740359
334349
686916
328971
573618
142626
372431
394446
806135
862282
494351
865943
869717
358530
372238
931164
414894
668218
233372
223321
913182
615845
515521
324915
449880
140010
403201
479033
345471
648407
858571
966119
338367
410229
281982
423812
518950
294582
307609
207884
627618
745003
843293
215560
987991
965490
463104
776536
684157
783149
832017
780530
491732
652078
141731
349860
223909
930926
283161
355350
398519
127357
293068
227499
380747
228787
293660
311430
322516
408805
714864
385674
163926
889363
743595
556473
726202
453087
815662
717182
332811
571192
111364
543782
249648
784788
172493
343400
324966
165852
543531
758566
339642
942369
947075
455243
476736
612012
219344
640340
968754
524627
113034
965228
910120
897128
158157
278416
941457
276171
696682
298929
354572
344736
630855
421655
378725
650619
467859
802370
894415
628248
346826
748428
597146
611591
132417
107979
573906
200164
630703
702643
994740
901093
138617
947255
335373
131596
416952
166031
922992
914396
608040
778678
332308
531529
449072
143819
167944
356840
382121
459159
307700
586757
688716
240814
515309
918548
517981
815950
597428
297215
507790
513637
268237
518110
217265
441167
892087
683204
323326
869404
689356
794262
582429
424272
943094
756726
626257
767652
211596
980638
937026
619275
585064
553513
232132
932111
235687
953835
923017
763417
447260
894144
870912
150095
715761
227586
168840
815799
740091
805044
176853
234106
616664
555099
684253
153252
155624
744781
659040
832680
552806
727681
350418
648096
973793
775718
281671
772274
129467
304368
690329
322991
291293
448397
960889
470773
211669
987573
365840
802932
929613
901632
860208
599885
219625
646097
365084
859861
261789
760976
601744
982618
160872
228246
503630
557437
256369
175297
291047
322717
606333
795527
581155
394421
945354
592136
864237
259099
119148
821244
574461
673417
181089
532875
711779
407928
961746
981723
107949
802952
835208
272804
454485
415101
380489
123424
484426
224932
981102
756414
312730
799347
437890
528021
631673
124238
718361
196661
621328
733637
508586
402266
554693
482459
472811
644250
209474
360417
620199
813726
607941
527425
138399
567341
503268
521047
694650
505251
817754
166073
316778
422688
427794
333144
921117
469533
914863
117278
611612
414682
379478
766263
509604
499603
871961
254797
727294
559345
860385
754059
596221
159644
474359
897507
624180
523054
161455
582507
844977
767043
653809
635297
180730
198765
252549
963056
412995
641091
414939
759883
332297
878745
461716
913398
258701
534251
633232
120804
154544
847668
683413
200506
427336
798843
322008
332754
238556
335724
295948
974621
665730
785637
264036
981600
976466
112519
992678
135743
985031
339980
439823
467671
526546
995768
115069
373188
613274
926215
122076
927075
995924
389414
244912
820754
116186
410590
947548
268468
963115
366091
852845
329840
206048
901260
723367
451449
582694
963379
688618
997385
614365
326555
495263
932422
912236
895833
256293
892230
861246
588010
756306
297935
937501
299148
325672
342775
692009
492234
380535
755306
228085
594447
689832
604362
286015
529308
904173
858801
957578
800340
861283
263410
696666
613012
266177
406109
696747
611680
731712
794465
831662
259353
777286
787787
160480
979146
304432
740429
554121
470370
403164
599674
799502
723996
202384
706830
306356
615033
489163
906187
341554
487984
530790
531230
162897
781468
590439
367679
545411
545171
590850
877847
164413
319190
861803
884380
195698
464356
772732
406424
135469
295882
957279
725064
418794
931413
107642
729248
322770
993096
359509
389260
840786
298537
735528
381585
815991
738581
890853
163473
283975
897140
639583
182253
117407
440807
567510
886566
693189
715262
984544
835740
277129
660902
942102
625111
398237
295103
593176
307460
477678
920844
838398
448631
729309
840996
924220
863151
987743
566789
266864
593911
600813
437064
676268
443400
732873
924271
515386
131084
552430
635067
369937
944989
592050
417883
797331
653964
205307
537950
517760
467486
762010
147274
177115
476240
813577
750885
531990
629276
435741
561136
109852
957460
670568
348691
305499
250698
520974
953715
156717
197618
129281
132896
765281
712927
456091
955180
175083
442954
935607
100598
513508
732242
583469
308548
692767
550781
581096
998831
613066
656092
824038
530008
812765
142764
888235
235609
567554
172889
606338
833846
711681
677341
121842
747793
525734
995270
804664
554621
515441
203638
321863
290859
990970
383300
381177
726496
935967
360352
395120
978024
590188
416531
343853
663235
568742
743460
979404
249949
730996
140439
173658
900348
888682
250545
234900
784146
739795
542422
456670
393010
910842
438899
984317
402016
341813
550328
199634
164481
408271
388765
442611
792242
544305
433829
452615
115028
131372
121152
437277
633860
317317
826538
708906
893161
579069
666129
803165
173319
920476
724212
444033
274672
925018
542310
400846
554426
329994
702738
372588
688140
774979
719897
559078
408306
253675
874582
453031
690768
998530
523779
532083
665874
852265
403093
241508
336354
932590
877345
613216
348595
602325
926722
901235
420506
698884
974739
732943
706013
398763
803606
149852
216195
413230
325815
406685
823563
507856
703051
423201
275673
872318
354034
567394
985451
520277
444379
547550
448170
688113
212103
447760
828091
649651
401413
162347
793749
727341
605309
706002
687949
464269
251336
170518
174253
588165
754716
131116
632387
920147
827846
903114
638389
542578
474928
208831
109843
392763
256642
419340
757669
521561
217764
881443
878275
801416
141057
399802
329411
743145
453512
145484
972749
557701
579820
326284
309739
380731
884396
953479
573116
831272
191628
466773
560103
782994
498114
957787
756173
859505
837101
681537
767895
698170
156862
629771
920047
276394
722427
903382
900426
616971
775545
883729
322274
288614
780935
236597
824290
710853
344714
590018
375899
646115
185890
767063
618452
750643
962187
448493
496094
570378
544447
924593
825637
274666
826361
367837
497186
935116
992149
286482
722061
551976
784499
773588
846128
556804
738363
534018
647159
943063
703706
410640
807332
610745
794282
697059
517087
232713
224560
457384
211882
441818
880510
262737
837714
823995
395129
969453
320065
400194
337557
397987
656561
176308
818556
503531
876443
418067
779981
210473
764429
274916
691873
121479
695866
106140
457257
827853
368140
696679
194260
368512
883221
293749
216109
482228
244802
408098
866848
163247
473616
815200
566109
994140
310777
111874
321013
839689
820359
782151
676161
320894
654665
122338
869987
753561
743331
598562
619972
311882
171295
622243
960060
416680
530146
802192
264560
844975
823546
507826
806421
812951
565971
382042
486162
699666
713897
242951
506692
383841
492407
731893
574876
502451
262126
885858
304259
177404
811553
922974
565021
609934
378461
416590
512363
872150
250198
343965
395594
913237
197149
417248
762874
494521
959598
684068
247257
198072
555461
628343
769101
774697
528368
172655
713536
596479
894656
884859
550437
189122
498873
492292
695738
803787
655049
731551
376774
203068
762677
713682
447873
617114
774255
827808
188467
232041
857572
889555
265396
472834
321713
327845
777747
474291
742550
188491
534931
255155
106307
368927
996207
722464
224463
868616
604317
130647
626855
547720
603056
210288
930755
994466
402040
641235
229012
611461
901477
515994
255994
939034
656905
765189
139410
106854
565275
393908
284781
561308
849079
469125
426651
999106
863458
965066
349702
796766
106860
454150
874492
989406
956974
658148
605156
551905
914003
137875
444017
993668
914355
260194
320724
947597
406331
750100
954443
606222
884616
657952
957176
878518
962705
192457
920109
338970
314149
451572
660195
734395
965129
406219
429770
993972
845508
395885
149467
918211
310646
641039
192553
372529
205570
475668
577430
841984
579405
274116
632385
121072
194335
374636
630620
289229
738278
957713
226556
464633
805337
111922
835787
406034
356986
600090
150455
428351
944949
805823
101485
328540
565893
776154
485600
231551
540470
501443
993251
525223
300869
631528
426551
863105
328451
957193
788317
347030
340792
539316
599245
637428
194981
827320
444735
808438
731650
995944
168039
690771
798854
442190
697950
584001
782596
603433
607195
547619
932050
815812
306368
232662
460997
220660
339057
766452
276217
373934
401759
870499
708461
237827
924003
809982
345963
643258
344134
705277
717412
588648
493756
912483
149690
933198
488146
581284
993143
838606
598205
788817
105467
224619
963537
726242
270643
551037
727379
307838
382852
661390
731878
921130
182216
647124
468449
644012
982767
122923
171778
671226
446886
299054
364924
142820
258581
202674
210892
954523
582242
341920
561162
264060
651508
111788
636346
582045
561330
581622
505793
521235
374697
233597
250037
815326
859116
326139
445198
298002
311798
957665
342393
661890
347275
401871
435051
785194
273212
575088
591217
365529
708298
184496
929862
924217
530977
681339
265567
368925
268454
613716
461504
894119
438028
207310
631377
441235
200799
137131
125195
390115
479875
285134
888141
780295
302903
508031
251435
832776
385715
349179
251365
206258
383441
499316
396502
933276
437224
932716
149635
447445
141298
627498
278227
158221
558768
986871
251646
703997
736900
170296
143038
632884
708955
262600
450658
320159
131821
634576
711138
771475
938717
653094
810668
551546
235804
560512
916157
423704
476874
674771
442987
634745
870748
240525
276351
310938
446681
432298
807328
646896
587038
702199
456202
343128
521858
600769
468318
423964
665491
329049
820787
349887
137727
120966
379626
171238
328559
961735
719743
156450
172238
705764
351355
565822
658279
644463
229734
931233
420460
705277
121018
966337
612371
491483
263540
805413
146107
534542
116899
832276
511724
995851
502050
116543
877084
100048
877442
727176
826606
692029
473504
665134
318389
301202
984087
873558
639127
796487
660718
660791
344589
163778
371986
817186
736646
741112
406622
112621
754058
519683
109014
498810
620700
311708
317300
840488
139545
128342
478361
147830
758398
392535
377797
835695
710982
633107
456258
334359
412144
256198
897307
261424
594399
716334
377386
132073
443995
914243
885070
325476
666676
535604
365179
229443
265063
161344
208236
980910
862266
259149
112275
402243
337985
427048
846993
674010
126851
829817
162274
594164
754646
442626
445039
990560
738310
412373
598663
212809
333653
383919
436487
160127
162781
312181
494582
521569
675921
927657
534574
411172
872641
708937
430612
684323
314908
318948
994089
872483
295472
699930
431961
663841
231373
920399
533616
681914
666503
572075
549548
752118
631290
852753
544846
560082
180872
264570
929258
360105
825630
616590
847710
853535
690549
482942
373664
600234
571732
516448
780079
599197
486738
700552
261931
293074
202905
656928
794561
213427
567590
286884
578303
360196
673613
688188
649958
379857
311962
166519
484317
946544
364594
407552
295265
804755
120568
607744
686842
696940
794699
375152
569929
353341
358764
282264
809310
899163
128190
692425
633766
165918
253606
143188
551554
407112
120658
931525
883507
305807
186870
415327
557105
819241
774033
451125
491418
505075
441422
774274
958503
708318
746759
101638
335066
908598
769187
929342
444372
221488
450176
144447
800484
314288
367596
831118
630618
251796
619341
586047
275353
950305
699809
971784
101482
888520
738175
228801
389197
896212
534460
440634
268331
646194
626282
881656
427879
373758
999323
145870
367443
814534
275555
112693
714718
129565
219387
196648
812939
119582
465762
146206
248029
119579
713854
737028
255502
130305
365120
441750
233023
942857
345830
943450
126474
508958
462746
869338
871923
590342
890871
582396
382813
837648
104907
332799
929432
795256
789496
144212
702488
619161
582293
873207
419874
705840
635410
757224
497023
796456
212664
210699
296851
957640
485807
599864
557831
847669
183641
328319
989538
114757
609947
646844
904214
610402
655068
946738
431031
469142
761222
513448
494342
887961
793418
277053
261772
800245
801376
832457
685442
747154
393612
157649
351629
605955
392635
340070
424263
337163
330925
897403
245176
639341
194733
486786
684612
233872
201083
224098
309246
624779
588170
126582
953626
178834
487429
214181
326047
164733
288141
100601
680411
218225
136990
778590
385649
297902
606480
259417
728430
337365
203416
862851
242490
375923
226670
905025
693897
397646
924842
247137
214353
154794
469832
758995
610517
607865
671210
789665
850976
791997
182332
610957
446670
545115
296051
334534
756100
294686
469519
986598
268128
306757
144960
735082
171723
667594
652580
232079
686314
847088
701550
299558
618388
406728
333667
511251
447742
178080
196413
156776
482738
507977
889746
723801
288702
201667
995823
947996
307977
502119
585214
387743
843328
142545
358536
499301
359919
610152
332211
813726
534027
821867
841931
500802
563692
493241
507007
191722
738711
129693
264259
108524
974873
693300
138739
395921
400433
732029
825559
319700
622308
574813
493025
968377
544532
489323
537203
556071
987786
967166
702110
206403
466768
774865
339558
511371
797211
771344
126273
147852
145446
515299
297950
446433
807066
349140
823682
728552
962985
997373
338029
965186
821050
245843
663931
513159
842878
305257
898983
281092
160321
531203
913994
820371
677628
789400
506625
300020
843080
845058
756141
375309
697965
305382
879251
375899
726712
116602
475587
101300
593963
730200
311958
906235
762926
365214
611409
707135
148995
433246
375047
964241
309495
125833
374970
670720
483988
464243
531201
231026
728244
253443
546022
326721
569936
580410
103622
546063
280887
238653
787259
266568
473722
587104
386711
416787
279588
794609
276038
376532
818886
327710
367254
864033
868944
706629
193075
294399
621884
164246
408459
198872
330021
714758
776368
596411
250261
322419
663036
165329
787451
940975
418446
280919
375995
561963
560114
919901
355552
182017
790975
327418
514093
702718
342650
523113
662481
250122
826553
654948
930104
118645
424193
532059
740222
757888
995120
222961
843614
629669
132887
161396
741833
291845
571871
731543
522675
444748
358541
493933
579271
923458
986464
673092
776186
821264
148246
721180
566493
941741
522094
217027
665836
654149
979625
458798
738627
575301
160330
367765
570704
590533
170236
684236
235908
446354
463731
697754
679428
440759
137418
576920
588924
537287
726156
906503
688242
136714
860878
685166
167928
939138
987641
506767
510043
443000
119429
161957
913849
895976
689281
576829
310063
469766
465200
802637
576080
151403
583309
423957
742770
904672
535759
929233
489347
260198
651655
163288
299705
393631
175590
302260
745222
579772
206972
774622
422634
616644
966459
228597
193539
881758
513786
936795
641439
217532
887317
978284
962514
155172
765298
996828
495011
665819
963006
163628
847328
306736
136854
962537
189170
946179
561794
328545
464940
865776
986971
829570
987357
678012
994285
252273
774821
425435
223736
163268
647076
141755
734129
449757
685805
989936
714757
399363
974553
600989
656253
649918
507096
714044
670620
538191
974211
605098
990662
678474
548525
360370
597627
239345
837304
634132
122785
166414
776643
823186
287904
232428
647297
921463
292966
408531
352101
828548
828427
550910
828537
669528
235183
652443
284174
486588
751167
864510
591822
782120
215830
413730
954765
959669
477408
405789
772030
203456
949658
814111
210594
346872
324629
497767
895867
112388
321306
555970
107422
281556
339751
342305
560711
941250
761975
491221
397671
275172
270400
223114
442264
364850
139798
627389
250609
312526
882317
537052
522580
830933
657819
112504
826469
643520
567996
297289
358710
131927
889391
281247
406781
215155
638238
640640
232711
104878
264347
372386
746341
970410
762789
429511
638117
323674
682698
111120
214044
128337
949382
743968
324478
528741
907786
906414
921584
583712
904024
547718
599573
116227
841419
273085
451685
962614
679827
689134
393276
271184
865438
291350
239438
785184
995154
268489
265784
196310
491478
886862
623442
420305
971121
853406
769440
755590
154986
832916
894024
351625
763982
559986
371070
825820
720880
150544
470554
438289
626315
658401
124395
885597
358595
668772
289573
496859
937322
339939
168566
222617
329438
515884
180855
700195
833487
276618
934238
156267
184767
740575
410576
120466
689602
329152
525235
121494
328932
462221
516577
845111
737418
343755
135512
441159
521712
495744
307535
396718
153586
728011
193123
840695
626310
696221
389072
775835
999398
710904
773819
172456
659756
686914
500364
367661
590007
725478
613113
588709
730570
955431
910365
302909
810131
748514
840071
446244
796584
962719
979247
584686
995149
682579
590211
382308
139507
482774
409792
252940
388442
498172
851324
297457
330199
990546
528576
459087
235953
243574
507635
699549
746661
577331
267346
668311
438026
976856
561884
761798
504047
444820
759145
234799
331616
940401
578810
196885
328743
228490
295691
968619
318510
482217
805317
953114
991235
845185
199665
840363
380373
138245
309863
257810
155419
631556
633476
275480
550548
983746
527610
542403
740489
287252
145697
373252
777806
691287
415467
125788
439943
801037
667125
698380
194567
622901
302970
176056
855988
104678
104162
713527
696103
132872
149591
663385
916207
834095
891224
753973
455893
430644
968934
363214
932154
250866
491580
980034
830684
700314
941499
401391
667927
836916
297315
845762
724745
176338
593982
542493
471822
513554
429559
953476
410986
232721
300136
141541
304677
890086
224817
149186
914832
949218
494500
468955
932453
572290
110460
599356
168909
593294
188238
718433
966748
720114
293112
403586
118166
813750
135991
336927
354293
941307
747508
709801
658274
541621
789374
262570
782817
118912
802931
518034
897993
261792
824375
606911
226128
947737
887624
257320
607782
330983
541896
142758
865848
579963
700601
779584
175509
642803
888007
275761
113325
978549
748734
650264
357108
903688
990365
855260
498566
653038
489826
947354
394213
426146
541445
983852
498430
604330
550721
426744
155178
744665
282829
910578
270352
282724
671688
932015
212232
231134
491699
607527
682618
106067
672504
204134
275588
579230
591880
747215
854938
899623
806627
714829
836936
653404
421680
537784
791027
340394
864493
542624
786398
996952
184416
632410
701769
893312
955531
816836
874547
599660
667870
435317
988448
705641
612743
798118
372981
131242
548516
964408
423168
759516
735513
516032
908725
650273
417821
770102
271988
587852
900079
417590
738246
902072
137286
234704
553637
659684
636485
692018
371707
387247
788206
748528
839939
761996
124365
308493
761004
458658
659765
488393
210908
792675
477833
541543
720433
150727
185456
572442
561667
145476
661003
126219
605669
736780
284099
744522
205834
838435
111355
988142
999140
914108
127621
760458
875079
808399
202480
705839
424108
627609
581503
729368
507154
540975
453237
283702
448351
872032
597100
150424
121733
479527
603878
220182
237503
698186
426842
889882
819226
873874
364112
317900
228849
703975
822696
989817
544560
292326
161812
866911
458842
949442
397253
632984
480326
864725
583555
342496
313316
996705
133271
923844
381854
584552
444706
495881
873145
281124
428337
495990
472635
718308
212616
917280
692550
186755
630842
695248
769602
439494
341819
611826
508697
252978
938221
690429
654972
601992
906998
979322
836036
389503
508723
940115
266002
824156
996390
745753
192791
838927
706378
280786
932975
709581
171047
860253
797480
841734
210017
839299
201122
201475
759211
206492
848846
307294
397689
114971
208920
192573
155091
618935
814241
327756
142981
998743
970885
115574
373587
691002
939420
361856
269258
560832
529340
533218
266098
570552
782107
957731
701055
756358
505714
668975
102503
310480
282717
336856
845134
870822
247166
922887
327228
517517
912546
383101
653457
470822
776700
147050
763375
934463
941773
438921
725685
793013
129445
512886
534284
459780
726530
631917
677721
978958
836631
286945
845043
488259
190345
654485
549167
870355
347155
522938
582680
777037
223177
532902
587194
731443
695545
951597
228669
227613
874477
539263
907150
957382
472845
603710
244089
158838
231714
267353
268563
206413
411445
482506
678068
698569
537622
719369
867490
303509
264441
396779
606312
642094
239418
255771
144389
485234
968513
666386
644737
539463
933633
458678
479163
992166
384506
459181
428157
261218
287998
563900
146481
546297
760241
231200
631405
132693
153673
514792
912969
922975
958805
539629
364721
712226
732634
324079
591478
672119
363960
232174
584831
443378
618732
718402
695742
855464
765263
402807
325853
426908
448923
969480
469974
263653
633325
450518
497858
810748
585478
998086
486729
608743
231691
290389
399608
918462
509293
345976
747761
784439
660931
809172
738908
283762
679091
914582
746556
439107
128047
709841
819516
479927
121372
210258
865063
955876
690158
199041
710647
446994
238864
921238
771014
206656
116800
167030
960608
248053
871574
406281
928890
662404
852004
334840
999707
515387
317561
101768
330968
989064
578304
371726
944606
566471
832102
283054
485928
666157
386169
986516
126417
705866
678507
760206
919875
895391
865654
641156
146446
751676
457977
256885
447540
649972
592929
965423
496385
520704
389571
359787
902712
914508
274757
490755
764616
873986
261532
555600
601757
124465
287952
922244
492115
541497
681596
525569
446118
243798
302674
593556
347173
196935
720219
136850
436356
865530
424508
506573
911856
814262
895924
380178
498078
470724
563298
773795
417981
745434
901091
665516
898794
557925
353657
574404
935681
678899
650503
787554
122417
814907
893465
641625
131209
306217
331072
711186
562670
214762
775867
880548
816878
930768
369041
817779
630959
726882
929595
488930
611521
285316
410527
894422
402930
165214
710934
969576
124256
147819
346415
513222
558569
925697
478829
516968
147934
606263
228491
704746
416438
483736
587136
247914
320543
994595
436606
478208
220463
962396
671988
621173
604120
879123
218899
771585
572218
809391
661709
850373
878899
589078
180089
148834
631281
653531
893075
645684
544264
996677
856097
373038
169823
776056
866353
365811
317381
458467
495006
921454
307393
960709
993105
423791
755175
669948
640003
803651
891686
105580
371936
724206
689534
311688
741800
654632
853615
965664
646160
311537
445836
960967
390885
931666
362831
379295
163888
635314
956550
858179
594773
268657
430347
349905
331894
903301
659505
585011
815124
968494
552538
779913
537237
539352
320997
328116
823009
460909
862373
828097
320934
460180
317581
316656
550940
110122
144232
326431
862851
499835
903845
567320
652168
155805
892559
642645
225063
251018
632570
631915
302922
849624
753785
839674
149871
930134
935661
685615
522503
996613
232568
288467
656251
513296
339856
438740
623081
660426
603951
284686
625389
483555
891206
537206
652635
843462
308498
870083
996360
604498
833095
695769
431240
720243
970025
763763
906993
578716
972569
759340
749919
490180
191596
220043
725041
660282
513016
722217
786865
108358
742503
690303
767537
131837
397422
551280
737009
871520
904727
666065
691613
475666
785051
793457
996050
333268
592588
420713
656737
642239
777741
745313
760908
571837
624005
274331
980014
461733
481320
519841
293112
512369
519318
147206
940917
808030
312544
332027
941230
420927
665924
545297
125258
957885
451514
639462
720429
293711
900358
908910
749090
880210
209230
293151
671443
288390
612454
862105
281749
441157
730567
400720
355136
408481
117982
815000
759324
390360
449856
664235
818808
136790
937051
715449
603443
132424
828008
488973
929853
906200
807741
206136
791896
565482
122271
409725
558488
430162
171156
957496
976169
761455
972342
867788
325328
335816
408612
415559
499466
610754
759795
768884
453264
623867
556225
934172
893212
688454
687722
476186
534693
968387
791347
774010
780838
744538
365668
117037
334142
754068
409843
181452
985232
587735
822139
479750
571850
595292
610796
579913
981186
977390
258715
591497
767804
207200
839962
930863
388393
405963
424195
477056
549162
925028
991949
757288
681714
314071
192865
881028
893577
673570
828583
810154
601709
982063
511257
264629
755154
888943
900825
726288
785354
170000
225022
595838
724960
461371
699114
491588
664958
874220
453431
287380
964623
484303
964335
403479
437631
897811
396827
980150
552798
924622
673939
960900
358819
237389
292565
421419
953677
376054
523280
847634
353125
637148
275552
319240
290751
188542
994612
108753
987808
602077
958762
723434
210297
992919
300541
910009
693905
390597
763381
973782
840065
347565
209629
784720
124088
927045
130993
215229
491231
760869
595958
546658
157463
133543
445795
565979
205182
283358
720125
644872
557969
398416
695137
370645
719275
409938
168283
826308
451660
682558
462835
365144
648213
363251
166759
107521
884399
875178
704243
856767
429931
462512
933612
847636
503204
524741
881197
447819
568193
646639
457225
108255
405558
344443
421695
140362
945450
470194
490060
832491
651700
637972
960058
278514
138750
399700
355733
623243
220684
342768
188222
209892
813878
481899
350585
204797
317616
266472
415937
826123
313707
702277
795836
744681
928820
936114
475529
921820
307770
481037
653813
840258
605325
868699
832013
847286
855906
343812
894221
455682
290163
752812
619991
403649
594723
805578
464000
969231
520447
782183
548324
737616
815488
628340
137881
159226
293389
820296
775617
711393
863390
608661
113306
154045
439067
627686
367280
283641
543394
745495
860305
221370
100104
229201
292609
784938
909878
951840
145028
339808
231637
302611
434489
389006
417573
791376
253638
917607
826694
230001
913229
869739
893690
212223
887358
252496
802722
468137
123975
191758
538436
544961
230887
959239
121838
976659
582208
426610
158965
137411
985194
103427
278646
683458
795044
213240
527325
931405
903045
744962
909060
468066
745456
721646
204723
287679
216103
415727
574950
268025
855191
464522
166604
987030
961617
165118
678059
623431
670488
543502
680065
957478
376150
441036
504966
868744
492873
465699
498477
313630
158779
973345
721577
153422
971439
551071
669452
792105
332439
221967
413931
822153
805411
570945
950397
360489
950195
121938
488610
135841
964846
431185
860705
547932
375563
926767
380137
317783
621996
816611
580569
581785
914411
401111
961755
283114
695373
473458
169963
906673
123219
206339
558421
485101
778223
828966
665820
786096
326739
687607
522263
968563
168645
827120
815927
979194
733646
872704
861891
359622
116626
295979
754596
410896
239611
933720
932284
426089
455854
335963
366993
353067
389279
639966
288328
992410
756767
252622
645389
700701
941971
945889
408878
997460
694401
480063
179079
266837
820260
419604
372377
943782
189534
520272
371539
479929
973261
289272
377458
845311
609302
309421
482020
112074
978846
187574
552041
272900
360888
999053
332914
290021
118968
762116
870124
806357
861702
958226
249014
730143
383727
471357
481229
320365
625205
271621
291561
892902
930918
881675
712832
920833
679722
728349
992200
177380
468853
283519
906106
886397
693501
326359
648242
530109
249894
903796
530707
425580
858169
480156
531751
332877
775635
424465
282596
414575
214873
224191
426090
485292
415594
472325
835241
801186
677005
237150
621504
331659
821512
322795
668832
199772
187186
914815
171055
964887
872641
449702
715464
104300
279485
504498
685727
471987
738166
328675
415490
897887
682832
592242
449756
382687
675580
213883
824179
737494
618051
384357
293777
972341
754203
935888
518943
959442
358236
200825
218285
825096
479884
780204
588591
220170
368950
673287
565282
117701
610234
738855
508908
355537
605566
323474
562368
822707
132897
762560
725409
631442
781840
924966
465630
994260
300978
444000
646524
149365
244574
774235
375185
830468
253324
870556
884396
639129
305289
381424
414899
897782
845220
865329
619332
446874
734725
663122
104412
616604
793374
566152
925942
615018
816377
985268
837612
536445
220080
549073
292409
631032
416540
270135
283519
253438
764933
901897
261955
510606
766073
316033
479926
353308
680216
799094
780431
165805
316715
216167
408116
423182
392756
555175
960312
609521
479585
186725
330750
471333
662267
871478
243643
734352
422491
544161
568954
798796
372571
524263
314809
149372
763306
156589
768048
136714
367801
653736
359602
273982
881523
827460
667436
478748
689866
524209
724554
350939
884908
315978
970297
625406
650549
838851
919271
645008
490909
403918
292870
408385
397074
770026
691984
318199
101792
493994
708997
414067
859341
747645
341167
554210
609922
229150
890790
255740
615907
450938
707024
110940
244383
319322
271328
122140
986146
155308
839231
597421
581800
527666
408776
452816
691821
535687
655821
144340
991424
743113
534200
146092
332566
901032
685612
351052
690042
487785
278377
677376
234338
872695
357742
669769
100061
612487
382488
892853
933160
405446
456553
795002
931072
855489
959492
295407
715793
732337
316533
975174
818733
959809
169133
569642
456217
458781
950059
931665
599489
100473
694807
328286
607852
582459
141863
762742
254794
694758
646052
709852
714985
655075
952519
817771
593255
582190
762589
743120
628034
702587
705450
747554
419531
614948
912906
408863
415322
630000
548306
584772
144122
612737
166324
521160
159557
749657
182625
517014
340426
614890
365193
167365
636618
821337
629727
275509
240739
291854
338488
373512
601956
840763
908658
763611
329055
874790
381488
690592
904348
898677
890339
456217
322378
779765
242533
592083
608560
227719
788415
227357
383458
806760
391339
272195
618703
504955
668115
350155
616055
226837
106680
708427
264826
514148
570127
447557
184140
489309
787238
516481
233828
136577
777764
339013
229908
518539
264462
419187
965171
802776
218373
287615
911893
774932
582253
231212
961244
275517
860649
765506
238792
112886
861090
369358
187914
765482
689831
825301
566422
252283
414765
994070
970262
723718
146007
699964
407996
419701
578898
202684
200496
678177
632119
144817
323079
753729
663859
563026
129748
135251
881156
242381
780024
371526
728025
779554
718166
724066
225948
234111
399457
818389
651340
857299
840438
398138
495138
228080
161222
250312
946485
184578
826604
118388
478009
543559
960029
897988
499267
441098
676701
854066
113575
437696
744205
221273
137858
493086
327842
243390
724756
324277
972402
343006
629989
225836
867144
151600
983816
435928
689975
467287
675964
915289
200138
310471
967407
942100
434266
978129
288574
946569
548985
830252
480664
916176
502219
431522
662944
609013
222036
412788
120017
188941
662892
297259
792540
992212
238479
252700
630092
299109
790322
503479
984875
907125
338384
570477
934653
951436
553378
410683
299786
732385
630636
991639
132218
453136
279060
683510
651032
676027
866030
750327
860057
284027
890259
536592
449014
194945
706673
615923
989812
314093
168731
148092
608421
820202
289600
447290
884936
231620
447929
907607
175787
631751
789788
722406
952880
440981
345518
914760
275854
700451
585013
633243
673518
147410
633356
911872
258838
384869
253199
516327
876451
297955
807798
399737
878191
849675
799455
924226
744210
674575
919428
628345
556068
196111
209995
344813
860288
624882
778940
241677
766853
928355
965389
109620
760918
989958
211418
819568
257473
481238
719888
830062
725853
704572
563176
632067
301868
814606
300913
785369
246080
596993
920358
117972
611002
624620
709407
444832
822797
374876
978947
494553
205153
845485
534106
614902
224884
265676
264129
774323
252027
168198
353495
889690
300518
278955
362452
213806
265633
146245
731034
243187
555318
785135
671619
962557
236144
459636
342425
385395
769435
889030
970469
632608
284199
953207
201216
736950
391596
468439
576485
455199
198759
813738
650855
816289
240674
450053
433342
125005
615537
745253
422173
232773
177400
749708
512031
950727
313803
520858
160288
465435
550254
396548
808904
522389
616507
245907
915042
802279
874689
405947
821099
510790
751465
232790
315621
748118
303956
578045
652075
593109
981697
821986
336447
951010
371979
532653
336191
748680
665454
872785
983063
797354
923498
128426
223535
976077
906976
462518
480581
292604
277529
532973
245302
148700
402438
801726
919349
711469
551874
485383
888382
294426
981460
438416
974596
478717
352369
740357
415334
634226
236830
416367
981505
313942
111411
420750
297663
175163
257850
157748
192397
900811
903351
745472
741098
805911
265378
386198
554043
673627
292175
413400
468795
575407
996207
167715
195408
664076
188975
530665
986425
393337
226686
528422
139523
195602
262733
700001
887003
566612
218223
947425
145213
617223
458495
701289
508971
350664
950880
220370
339994
338002
449759
811715
252903
251913
779958
635343
358598
405379
196842
106188
209786
975730
364595
441611
190017
708786
420316
504793
954663
277100
170848
622609
591707
738949
657845
219963
291966
732550
198341
832197
808727
670440
511734
285917
164388
283004
274315
367112
596492
695060
847268
365186
145903
962001
163233
690418
484158
832042
777188
351241
315463
670806
776083
237816
998121
874935
561725
619819
183494
115043
935028
185509
508534
500400
868312
327097
465848
237179
620629
213090
523620
432244
210723
256864
698875
608042
121579
914031
197568
942319
386793
556774
362240
121511
171372
286249
376012
406803
411227
858060
989064
654356
375218
504612
601467
671550
125962
685195
204743
216795
994838
364016
942419
376440
525705
692345
197283
617360
869909
974294
571817
356179
949103
954755
132309
579187
446094
530906
982888
398219
429587
888018
829030
111693
179202
530168
297386
316294
432750
624200
637715
142223
808722
594504
372380
737043
264316
214785
372522
956088
947460
930555
411070
965868
661594
200245
125098
267246
468190
622685
595200
992757
723881
217522
313510
430049
268713
706643
748646
763356
345129
701027
509698
957708
182895
864156
506117
289529
556478
554093
727380
214133
705532
415122
426627
728397
968110
717518
978180
576171
889920
941672
184826
956516
799937
522783
154539
291589
620458
853866
932788
585653
772319
546385
225847
369926
867950
645474
205232
241918
480053
759025
818437
325373
677856
529135
856731
449482
736111
889669
372453
469566
236214
792717
837080
180300
512159
408685
986874
474156
614186
284626
259384
415811
660244
769317
514743
702577
937365
409676
243234
146166
891363
815775
426818
448449
341813
973637
566988
838743
882754
989964
450451
984701
723111
173249
584799
475618
459271
293777
209686
890251
309804
640957
532182
765500
540492
194547
398884
734624
748680
624847
900831
841590
303374
123822
693710
726744
179614
453898
373208
176104
113001
751511
780146
383834
742421
277144
869490
644696
800509
990719
749475
337718
995381
209184
988241
799827
215052
509040
121860
323752
939946
924575
742858
426864
224409
476495
527885
525300
299520
713264
350531
480274
855625
317050
744452
761673
760132
641894
318551
413508
648549
878730
182245
636673
798793
519054
206831
330012
789718
506767
137530
127932
559872
241744
533128
382298
158983
800696
528931
541258
955134
444045
842963
892200
680423
174218
765551
656448
611865
328063
849552
271513
299235
920550
924064
459903
601067
841757
744370
542891
947055
777285
117515
946802
104301
796470
629021
869735
101886
713917
362357
666093
441085
446163
410123
691421
591301
305531
900182
749809
164888
974743
839650
923467
207228
505991
948185
414916
282559
535552
273726
119765
896956
274277
173530
610203
417206
680005
395757
280843
479905
527824
405126
717586
454080
840823
194542
411047
640840
689247
153406
719408
544484
658370
873009
447950
831154
972706
986899
372294
519882
906634
184153
453708
252287
146148
214379
219246
763422
129264
936892
266810
168564
650920
590234
587117
897644
886669
538753
487514
366005
449548
634410
682195
272161
323763
153344
653494
271850
518955
527251
762039
630128
872337
916389
143654
631198
995636
366850
420061
467786
311789
593549
596297
956506
535862
236182
346002
268580
332713
108456
521544
861678
722998
376062
488492
506581
285824
743541
488600
900233
413716
224188
261516
520564
366599
127592
952342
551803
934188
347620
395485
626013
668623
374342
729386
435833
395056
515741
563380
536173
339167
681830
928614
246425
857968
163806
425039
110785
721691
921330
951238
927313
444084
474866
757048
465499
916962
238596
404560
620828
418173
484596
305793
947388
300329
290505
805331
256436
577258
502067
699495
586762
555170
861280
198729
311352
715886
764783
250577
805803
731674
945692
401302
761959
447420
926745
429808
655912
567604
412893
871272
512739
492446
538326
147358
687435
945520
870779
891575
420751
928790
708828
514305
795648
642408
684027
343812
679441
952613
478867
791334
350551
574287
137430
556187
547280
562562
479541
144296
208960
584594
617945
124850
612022
301280
403663
427656
677805
586168
312319
817642
464526
181195
689437
996756
329779
361284
157016
272651
233510
401640
126417
520002
957160
104655
739654
105673
931918
931194
355563
199475
952134
709072
750906
327363
825815
941241
598913
158194
446150
576246
515130
384768
305045
890778
446649
794933
261414
482857
905150
555346
518173
855660
823338
325432
101795
470670
790542
244532
754567
787447
129310
546022
516351
812770
564933
979277
396172
230492
282419
180146
451451
382684
150641
893101
879144
757433
568564
768759
312573
379693
362064
929773
377721
117252
109220
251357
234411
192384
159667
106193
997981
912141
843699
617173
752750
563100
939774
130150
199032
267198
540262
124249
540144
115070
862854
681125
932331
924284
691347
256143
594109
962594
774225
595664
186237
778756
579138
491237
485893
819289
514841
430482
236086
493488
750957
260275
560312
843409
238473
898785
224574
524498
303296
619774
335944
336850
440125
313469
693922
509430
622937
498161
491914
592477
345702
605424
829999
573153
270408
986723
408725
587181
599683
752557
954356
701494
505552
680053
584352
566455
777545
844690
444292
218221
466115
790579
852360
645131
815740
295400
508945
500283
924298
343088
329511
440018
681779
273375
980210
735887
702074
531308
827613
667376
594551
703893
477757
136112
918272
433519
613259
392097
128547
276046
144973
591042
153590
729164
484179
282941
673701
208666
517692
514592
186250
993121
532505
769493
622299
663507
985321
123232
667453
610291
711076
984693
469943
421886
139252
987220
995041
834708
475037
436322
151355
127207
147516
373157
289338
910655
258125
972923
936157
652007
210279
507704
365726
580887
263747
788634
324804
964831
573818
707018
415892
164173
300140
193202
306920
487868
688572
872117
216760
549433
768568
488271
711669
876499
625367
390219
860821
368414
929788
796059
152264
721251
598039
977335
697481
552168
864138
620789
968208
794295
854568
458593
818404
237422
110841
269785
742702
137251
892507
115656
140360
710546
711043
183997
142804
495172
844257
615079
986378
307709
821473
944655
235977
261379
839790
851058
250767
998534
245905
877690
724516
221904
796823
392792
657104
617962
124656
634655
234220
669160
710036
255072
675478
792402
383616
286334
860894
322192
781438
234093
213469
682898
722691
485772
158118
107225
184945
318460
677812
428901
191517
838172
687555
303260
393323
319395
682171
627444
336373
971449
881447
724413
836971
111345
978564
358670
531604
739751
857077
153834
417170
873586
902515
559823
782499
398919
783585
230747
691620
466154
339965
189115
356017
758321
813139
538097
564680
319990
141676
336833
275435
523321
248547
781240
398403
563248
924504
696378
108194
564012
975806
359110
507585
973578
121807
545512
466376
542418
948383
775036
359692
470031
911181
322330
340402
107691
938262
101634
201586
414087
162564
281828
597303
541460
263044
104876
408770
336977
246613
496265
476462
592001
204732
159065
695215
939912
899093
484851
615636
641218
265444
596784
120619
275904
420809
559190
753955
335071
142545
816387
330061
654407
420873
221842
486652
405822
981998
509229
943243
769542
452256
315600
302077
575290
199765
399189
315360
658112
531401
439010
427979
188906
768371
160907
342214
439279
530323
534340
543849
609378
623304
835176
161693
940364
214046
396927
710462
518411
532420
561743
747810
918565
492380
103650
138899
703050
521707
518416
160248
669286
135184
467337
538706
654816
569521
478209
828546
715155
627345
947192
617480
559270
912863
175269
705286
548137
838824
362846
682947
334190
136939
347495
524203
745826
670189
380693
656211
523303
659011
513117
304443
478831
840237
823709
751980
536151
254115
660615
445473
661662
439142
516326
446531
886016
223961
751150
577964
477043
169353
889508
865900
129949
180999
841895
888106
130864
240215
624954
806018
541027
443873
195792
604397
319631
671108
287154
396670
500739
472330
268495
659561
459140
598007
596385
314718
593316
990235
991128
257555
510621
428295
988485
395360
296331
298012
362757
820451
307395
211935
496744
368451
255092
389032
497821
775602
737369
655930
327068
910220
391159
420269
379343
371804
457529
905991
419422
314558
170246
600201
817974
940095
181436
770725
222133
294624
182283
228750
261780
588218
898960
660136
174289
951707
986508
250622
287032
611182
628449
675570
935406
498041
103145
496878
595706
128256
792018
171642
416976
718631
845882
309959
564347
536724
897762
611976
538023
364531
531858
533280
411752
427507
591850
623478
890282
171981
394560
629957
776502
761733
865435
187376
222397
773770
656171
804467
488932
994647
376066
611508
666604
418108
127859
398456
101309
622870
273990
388403
721455
258203
387893
226199
835061
179762
523622
358861
812838
886046
238981
248546
550057
622012
660636
221944
935836
954914
807506
706942
455137
438727
128094
638106
700902
754017
994375
152418
419856
646954
557498
840074
671395
783996
204390
731703
160624
906619
361719
636818
963643
187474
242573
112984
858887
797109
166264
458255
107425
606661
660338
280691
352262
645779
510137
500079
510162
446588
541192
293831
590950
789490
175602
479217
512725
309275
345914
378308
871179
739666
426609
939880
411322
257388
532589
673197
822275
540885
878146
419000
253502
510265
126047
457784
731109
739966
118408
306935
856579
751918
111020
504396
213172
516307
928034
831533
448281
810619
208261
446113
579004
410715
376105
185619
936602
109680
186328
597603
932145
924832
994254
976983
624839
694047
151629
310863
904084
706158
182046
336790
596558
649438
947077
439700
986031
298514
517727
277728
261669
255681
511675
288307
326582
798747
732306
287256
387149
692643
735364
847295
208901
760955
360433
416305
823409
921694
684912
815901
802246
101222
882959
467057
367398
707629
294440
360485
207370
575633
141597
837105
479979
366065
815344
321566
150285
759252
384193
287994
924328
366825
875876
614309
362964
807912
203646
222857
668208
645047
903036
818278
737359
533097
800208
633419
331136
245954
360169
335393
496441
285493
705166
663937
801759
962798
769847
223398
179701
386603
971209
616573
141406
557541
553963
358905
258544
627405
334185
176771
182775
346897
762373
333326
137795
460157
859124
348232
933712
642334
453916
609869
704592
988227
429896
573334
101239
923644
525478
414735
740226
855044
755070
783845
820836
716315
422479
645534
481231
143948
553639
725123
458812
213678
479006
362776
322135
727525
186736
796269
568457
471432
836373
232077
937155
258909
633407
779891
499685
959489
127568
884060
205768
649316
772565
649623
652302
422384
625666
543225
426052
803946
284651
872942
894320
783698
912413
627434
762973
456389
490167
987997
440449
535650
799144
194020
546599
135945
720646
343804
162077
466078
285928
429490
834588
368237
413057
446902
151471
378664
418842
342894
738403
868972
566186
507303
509738
674338
267124
805062
435595
802977
624989
361276
286121
579760
687049
895096
420526
190921
595121
537334
542677
631321
813059
609685
193617
903461
107799
776358
774108
396838
883177
386241
640864
312117
543543
752306
202108
282881
342872
878832
378868
954173
901015
318574
624568
812727
266316
604491
271758
923395
484853
580356
408734
948758
269174
610825
613083
709422
476650
311052
781833
525967
144708
798997
800303
979368
154695
824435
411835
619156
186366
909230
855468
192797
779928
783672
698688
115035
135204
782498
725146
422425
653797
812618
294863
186584
894227
924305
796910
744685
506734
734923
203242
321158
102911
748336
160741
572299
744076
473519
878426
911807
713560
585698
604199
717765
910357
508349
415317
434975
966055
680544
741062
389521
307862
222508
684602
432036
765007
640498
963422
424615
101080
391495
512082
523056
912558
257460
681908
461184
590941
683817
623278
242597
460603
797969
213657
146489
920193
414913
424269
921383
787879
600139
715494
593741
592059
576047
575476
605789
951806
351344
858175
827198
444731
733668
235381
659152
527973
226118
181938
935789
630571
415430
690635
109066
441755
989023
702455
343229
980945
390601
629050
945336
251321
248773
769647
888211
294825
402390
718417
419016
234740
238191
664390
626552
975436
352903
244041
374155
315031
591945
831026
804821
108301
354888
230052
362387
617739
578672
151603
760501
929335
499576
205680
707350
366865
438387
216147
993382
561714
163205
291620
833161
172484
399283
185510
346872
284382
889363
807968
847589
676506
966915
934760
465755
857204
404181
987982
573572
740257
166888
214531
341029
691754
230450
784005
268132
774468
446201
545576
956170
599917
564097
383362
980610
745124
548031
423474
495009
841637
521452
233678
940448
945153
608950
819369
406981
377782
682736
159101
278656
572336
675050
444666
865457
337019
361403
420747
413895
239268
434458
191489
861378
906603
329773
407358
169850
614823
150936
832896
478905
635286
256439
148201
230979
655551
490663
735559
878422
323078
413118
710276
844684
864715
634235
596876
609661
595520
328120
969654
228866
127781
118076
350354
235348
208226
223149
594381
935155
329792
616162
101764
802754
482436
313047
100035
693968
185577
685018
953592
112722
185785
423458
582520
938571
148328
244127
184845
917005
223021
742028
759740
186009
273693
503777
194447
449059
803526
562789
534659
154417
560549
176481
938864
186402
555812
157968
773712
952811
976628
978930
156814
433149
843618
499008
516525
314882
677145
229913
110418
694662
549077
511355
419663
961298
544255
682798
272364
533587
437610
213210
176404
446105
432296
702744
260697
274044
798569
250694
519525
309689
770642
925812
191839
208282
151958
915836
488886
786356
705364
584271
230637
308522
821068
745193
310211
649839
196287
124006
471678
578664
743266
479183
411603
948815
204062
429965
946740
683508
371048
556734
915094
664862
962360
636740
137310
829903
696648
476475
602728
568070
100491
741923
649588
602174
880007
329563
155757
870964
463600
520591
518263
972518
664291
385480
717941
112662
925723
748514
245140
115918
587636
454683
242103
695837
617434
214342
811071
103071
614188
591231
927383
435163
936051
308474
246042
367302
115609
150004
812737
893414
286856
891883
270477
328593
647936
627914
867853
477043
780147
436860
415949
951213
565441
560737
892987
776603
471180
741662
961335
743054
801015
146991
121398
386904
342208
134392
642259
283431
256918
471705
471699
565832
989305
298495
666355
220845
882893
646295
781136
574697
648506
714142
421011
522295
464964
148948
945623
825915
478721
628207
965432
700800
590172
670732
539194
526209
815878
845152
626835
410979
738419
980620
383798
267359
662264
634607
383901
485790
259231
163029
593746
836604
395300
916046
787866
525967
393520
968793
798783
440929
543887
563807
243384
960665
753552
564188
106583
545497
356056
649239
435054
490144
350756
302259
166143
245294
531065
415327
354399
202312
571977
832936
566375
494258
545733
888622
634775
245209
266073
860371
526534
812723
366793
627760
880938
586813
769638
365922
476160
226116
393228
920545
481401
220128
738011
944978
831586
991098
528848
906610
535982
770927
981248
471282
998530
278988
962673
158243
920700
624601
896116
401511
928001
827154
753826
689446
132834
807280
800466
370082
820746
511399
891157
824034
718759
417160
294062
137291
284786
888999
969073
235789
542108
354455
897783
976697
894967
304209
750555
784913
191007
989779
142069
650615
361475
347621
613616
415175
186484
659287
383145
168801
623048
360582
913830
532158
331531
532733
287249
760772
688004
346328
291280
975476
399487
967204
743267
836065
237628
144706
642521
524411
462579
989227
287502
588713
988353
948557
962565
599189
505876
310580
448830
220450
703376
978244
744661
935480
839099
566978
735063
538592
213291
620370
956513
160907
389834
876506
419703
885932
380995
629670
481789
724742
204652
894565
389461
789952
523439
581777
303798
166326
634007
274732
821670
359785
308980
969893
219892
725814
867786
911450
825396
188835
829820
923160
365048
211477
539313
552765
468039
725088
896352
736543
735324
931414
911902
655877
446142
825889
324001
260851
511895
400715
895663
433283
479796
879226
959688
525902
768984
626394
780333
266923
955101
215218
310315
855502
891080
736664
677352
880914
454088
367296
859593
762129
483499
776079
920413
684719
767260
114575
136138
576439
992924
346139
938610
602781
245340
906746
787873
800771
949077
725384
459414
761655
525797
315408
272620
239065
857959
864374
290307
854971
776397
477904
773456
196417
613116
692245
199550
157575
460003
268846
514495
747906
335801
981481
277011
594207
701907
234764
951059
664135
835487
540070
983259
240900
913601
508513
742258
406621
759303
433556
828151
783069
403306
650613
980490
639058
599012
496107
172243
228754
954152
424002
397395
189527
682338
233240
273254
331755
928492
914836
257106
387359
491818
451670
167886
107829
345156
610985
431890
377789
508093
762069
124247
475580
962772
851762
208554
969513
572663
394455
991058
932914
291838
448335
408155
478395
812523
215981
587423
929414
122492
436055
941905
714446
179754
721789
205221
502989
876514
719117
307167
856446
315294
678815
717206
411005
461375
486539
778117
343498
683144
443227
162798
380684
556474
398458
391691
669618
112008
726188
267059
614325
142934
200055
230725
768537
864819
477599
398643
486130
349392
521712
540558
831875
425372
545588
469482
584962
492573
401892
923854
873912
974029
780315
392411
872836
749967
824774
562839
149695
569292
611224
819028
336858
791855
367162
231937
362851
308985
662304
696301
187367
782977
101110
145907
536177
985132
245081
520743
286001
186725
544066
392507
158200
687225
978205
795566
729567
590865
954456
406322
384359
126189
293591
274520
814906
663066
329956
516282
959793
844783
988931
221861
111664
990282
317220
988385
334348
769442
574962
687039
389100
635880
134600
291518
171949
300991
234371
177689
552799
246325
926451
121136
620941
656093
721227
916018
161114
983787
208919
761220
485447
805451
608461
450193
549137
166526
661661
473293
192631
771090
324450
765831
841401
162236
868250
412043
357979
127605
385298
781682
101705
750414
502107
151175
354389
577297
522169
566582
629852
121782
357273
229874
961415
232799
881282
700611
882062
185713
127621
644843
459414
933071
356975
381140
916570
606644
363965
786392
865319
326957
989070
387627
705026
523537
278772
958377
729573
545054
217956
324760
898086
232529
422478
784250
573816
224769
162982
389521
587018
514520
949824
563790
524398
677711
675323
254681
961397
629957
903188
803479
636501
347100
831579
579290
966476
594545
844418
316715
274526
664214
141394
425324
711259
908365
351512
747501
674076
695299
844413
402510
866443
707334
896691
658572
694082
761861
892875
217129
360076
619970
321219
842364
308264
282614
919548
180850
476141
105730
186186
183296
600807
211438
431301
865767
186974
885920
450941
316834
669719
292122
871498
823950
253300
647536
196129
442710
439863
577988
238274
341595
841669
974720
571438
396508
609637
174384
962583
674888
896711
624281
341839
186525
405857
577978
780674
707675
727093
800797
523456
210987
730606
839450
219314
569701
785417
269929
195278
754787
949873
130401
380646
490176
605250
291378
955162
348811
277199
829083
125678
808846
990304
967433
501366
711510
489651
340270
210893
909278
607746
102425
444741
901052
799621
124119
196857
911912
849166
251429
975903
579141
118835
595729
273785
995309
653641
933389
609898
439261
582187
843598
187110
399098
134586
248551
753378
618878
422398
416509
533930
600163
110475
185351
633169
706699
469759
759461
773379
839626
476455
991705
416311
858320
758018
769222
937248
435959
563069
752259
565122
381477
625725
485628
534082
774430
132315
958918
632599
208010
930313
534685
107900
821758
263987
278812
506983
544906
732961
152375
615283
393246
511065
384088
308922
835322
861441
780853
770879
136016
977762
371243
154567
106456
293064
879225
147399
247952
859237
283035
610265
801102
361366
553888
427784
308100
745278
767211
538091
427758
944398
188387
815663
271290
162886
509143
360844
152981
839348
315474
826361
922958
940475
872726
426844
955209
379728
293688
905658
397603
652574
516920
687500
467869
321929
778844
162322
783303
622191
838056
891458
478154
693099
867068
681561
725457
947859
832969
946322
285045
426177
733585
759380
790468
462414
198458
634597
264014
142074
890223
945757
991435
959881
372756
613365
623916
893415
680547
958782
866620
640876
546344
793806
810931
718843
637205
897526
893400
162980
913699
627727
275343
541321
648998
489746
204966
565566
653483
634566
649496
517865
370064
812116
468669
241065
531808
973175
335151
101556
106347
442960
875960
820088
200734
473461
133789
655522
251523
232425
390881
918077
978136
712071
704855
936979
786980
976728
885289
464431
639260
300772
986334
940450
714961
123845
552939
398084
903826
417847
993977
149331
298022
754347
173582
741335
669950
543963
393499
718886
470203
502424
254210
233475
473884
390527
668769
433376
184833
865866
673439
132741
923201
683202
368434
755657
761828
185330
535787
741437
183774
230807
123551
571720
135785
509236
742962
462221
361917
191522
429346
618857
500303
262757
909357
643480
875268
399001
783328
977559
123888
538411
862142
531588
955631
526788
528137
364993
720702
212896
275984
569880
531383
786877
431796
583032
417320
100879
607832
525630
952047
360976
820901
970959
434932
355669
327832
702241
813795
694427
500777
602138
367460
295776
299001
118768
388569
437775
957142
504271
741331
970291
801805
966809
566289
661292
228078
882535
682871
892992
284277
206574
322631
890856
339258
844893
493726
552555
470870
226242
695117
184809
554096
525837
450354
630253
378275
154125
541939
128614
167214
683126
224951
805775
296441
977155
833153
585417
826110
419960
977257
881130
687579
609601
614905
679663
347315
512214
997665
454157
440507
639168
477015
458629
358888
337653
621487
983574
743859
153407
606194
422829
954501
594554
602942
647095
369989
137436
533306
634359
438459
950128
637812
802130
675904
500091
875865
423272
385284
518591
526961
966717
869916
671645
613748
202613
481542
122805
889005
320671
479866
819882
574121
891240
518095
581569
155004
581712
598246
598887
279217
859386
242807
414738
386539
893180
930487
753408
485052
828823
303363
535036
547873
136192
400491
412415
179673
966013
944413
488658
220417
795051
645133
493650
876365
866396
216799
426700
183524
560318
313489
972936
762648
405078
707111
664227
233729
795180
356308
972532
927030
134336
799745
499120
457191
693018
216446
630728
126521
766079
766467
197840
292383
127487
678977
942235
562481
631756
598377
965922
925580
220197
529337
402467
894694
553040
584639
490438
916620
611398
619275
621659
825594
772103
502037
989887
791861
736687
833448
717470
267113
589121
373642
637810
646459
492671
818152
787113
787594
231228
579587
488933
784646
215528
266673
488124
628685
850347
420722
781120
584094
757581
252944
448409
856380
770513
641425
221678
392769
149122
561117
813859
847452
198150
975494
195740
361800
404719
750488
406112
691755
631440
902463
933049
305608
783885
966479
758647
471329
148203
609269
719828
583724
916422
270936
699986
957680
766945
682826
589889
415421
613272
703217
758877
357830
221650
866284
367955
217468
641459
114308
269860
635848
118829
606802
512515
365700
334134
867239
327064
674838
625332
695579
456711
509322
252661
312405
799019
199531
824508
500628
553883
347614
827797
313464
775214
632316
330698
121264
811163
153450
702158
550881
854106
215734
540662
877007
243302
274159
374312
420203
876451
486465
688875
198105
308348
969068
479710
411453
229702
169249
678085
459458
886305
435641
626973
556326
188412
191025
997201
270245
644599
904933
136741
184417
987972
829160
556975
292555
399559
342525
791718
954769
782493
826198
258131
572739
630360
365094
223396
666883
947144
215237
500575
589609
675894
888544
296692
359920
835466
417946
691435
415425
624780
537187
726684
224281
876199
173746
221981
299994
902025
827170
656630
610635
927240
574695
994992
281581
982591
608108
651692
152251
866197
141835
996561
471260
265887
772680
444733
168233
343099
546954
344348
591893
456701
302742
435511
143806
606375
863145
278275
770319
387153
340594
596474
807503
538985
538443
498983
904234
218004
794418
350619
340729
824434
309608
101692
956752
727679
549732
185373
772869
457141
103509
779977
608888
493999
962707
643673
879427
817577
341569
494981
732607
924547
156961
773495
312368
370500
272307
830747
368046
698747
885292
920850
423090
971777
186671
876806
990969
768187
725162
210968
344120
176155
452656
798165
546300
208261
852398
840455
226556
884815
483788
902344
872894
866050
682627
703953
513538
968798
401333
638512
841007
752281
381421
147544
656856
336167
143828
687634
267883
678134
352685
326930
105078
774545
868110
178340
435702
398244
925563
112837
986589
395711
524321
353902
158367
124915
953611
144331
155769
203385
312517
274634
541695
254674
616075
494639
873985
215881
362380
348421
166969
157429
502017
324622
125203
738714
593188
697115
194745
933647
722798
575031
594298
214043
273969
203357
797879
953913
867247
186379
716714
998618
780405
833358
860947
984777
410648
274268
803360
262345
202090
202081
311320
417947
864409
968593
638692
163772
822821
868829
378778
522443
207867
264160
780008
849993
332850
705241
107641
955416
957121
521043
930023
428326
895388
313247
351518
325699
832553
267683
617225
209741
185603
111436
354683
581645
672394
536191
515003
881530
559173
650862
904077
447356
524438
242022
846745
417259
472536
834052
362299
804886
716663
323816
296934
296287
344043
298945
847701
102563
197267
826952
130800
176855
990186
556169
906551
952302
857321
806108
688782
645272
571993
353650
588293
425893
720722
661099
496643
947815
665621
392612
338607
271732
367907
980045
577210
460746
324888
536793
683756
583918
307304
258991
236521
797485
157812
922621
686176
519075
621096
582956
241936
647706
583508
348174
293335
952106
447365
989492
923257
542591
284416
453340
408009
141016
195258
313416
172343
813964
314295
325994
376886
535783
486301
308603
793353
792274
527028
615659
349225
266384
143836
219826
710517
795684
874411
880037
521943
167568
403105
565508
320431
912505
596106
959825
121822
679686
540784
585211
302577
238503
436986
507416
725384
773939
380838
721969
603554
167209
434110
732567
408775
213720
258553
227827
762002
950810
630737
148315
649400
395835
737340
778465
738841
608247
277993
157541
847202
770946
599097
418763
707005
116673
335768
149703
771318
101557
875606
176437
606154
288152
470599
857125
428942
796384
810803
732659
311833
726816
544538
319925
939759
835054
904232
693613
211916
836639
529201
268510
644777
625870
553641
705372
375853
336828
945826
614780
212979
626834
359971
941706
679892
582018
591874
413818
412849
361675
150782
752758
179552
522010
857339
463478
733680
854317
404538
539757
625658
502228
418804
615232
978822
746801
983636
839186
553015
732702
800974
489850
678100
986093
640576
672726
459092
695754
365763
813305
197829
502237
844974
438943
384186
837420
622791
851362
635246
626142
142502
190053
794329
633561
763145
401133
121934
302573
443246
184496
819822
837834
979056
682437
268845
643115
838048
868571
875358
767510
623135
856134
961310
639451
236598
455764
175450
882842
344819
293885
555934
348226
859776
901721
445436
985652
374145
242187
590357
755526
211402
233627
567302
907619
644699
612738
531089
946767
364345
244798
166919
186409
630282
107589
548400
129513
160204
704215
407991
784937
602258
863660
188372
652287
113340
456492
943287
627112
836818
671389
657454
780225
348446
735607
916979
336335
665827
801716
877237
730270
600541
857315
808129
617351
346934
552795
244750
315786
501282
937100
451426
466875
783576
399218
988195
849337
415982
603363
972798
101593
539536
210760
965134
786785
537884
513544
895561
312849
276573
762175
137101
368764
187969
186893
692162
712531
842553
421067
556652
707619
313806
401305
541552
811797
589850
498867
287584
831219
537130
220322
745509
561323
184430
901742
529768
870508
271449
269137
190877
167532
997596
628967
444076
545804
887098
893442
319389
571635
192583
188633
650879
736247
950082
419872
467350
116059
747820
577428
731359
390354
980707
547565
914913
436578
585152
532053
395121
747875
533738
343191
179937
992454
735508
163249
898439
959923
582458
649156
686118
756042
404051
352490
867163
137163
110163
851943
517382
842641
358496
213207
710163
813978
910767
703207
197636
148322
391931
524704
447069
716972
979201
861375
654603
671010
874298
743040
682290
709300
706262
772248
811729
566172
486545
666273
894196
911458
774645
810736
394710
446108
572204
659746
219985
778349
234016
623317
220292
736654
356818
607124
944511
773451
512499
623402
868430
995300
845857
562424
888096
814611
557122
339553
386291
143917
301590
629026
663549
462689
173372
522911
223897
701502
482820
227673
800525
984754
581068
564316
490420
652556
807993
771380
290061
750915
290132
157343
299358
960240
606974
602589
729702
319989
804753
601605
487390
667137
393877
786930
861835
210828
335644
831514
593828
666429
499387
865918
598010
562763
895525
933469
823912
845311
264261
185572
487992
165913
978264
900992
531696
680010
180964
505844
148695
266750
106137
758342
250152
771132
127939
138867
258898
818214
643625
407587
192617
234491
616805
114935
292397
164348
587200
628927
782068
331468
109545
361736
491031
154640
799122
532019
470294
795701
638472
427136
674313
910641
907661
771881
626596
962178
114227
718475
901413
774355
518198
652543
411037
487325
784023
873736
298073
425258
244113
542436
914189
394069
256634
607621
499804
112365
978872
227066
312390
407191
593853
386662
142221
846451
342368
688978
143462
741687
785913
367454
409945
325432
308025
312978
588981
719752
754948
573523
163540
168185
741324
255250
591557
310591
221867
434974
953020
944691
240669
367737
527730
961619
671543
598088
966842
657895
213192
616900
553154
771487
765098
283470
974114
348185
109157
549760
879492
949054
782145
614206
359055
438604
975845
294826
785330
831278
587185
886295
750186
468711
760820
724598
951088
984333
222603
699756
990786
374866
836695
243589
632204
366079
399865
173793
365683
981081
722445
619564
506782
930085
682560
774796
381505
684295
947440
221203
862855
966054
558655
783509
587067
825996
972018
389939
848467
764553
964076
212437
253242
659735
891042
560279
270969
862489
236027
919994
800705
221884
176102
263515
774519
719903
960504
219393
963580
914703
116448
704976
264376
972779
328713
644154
668963
781959
896972
388565
812047
750796
546511
830888
235477
628059
108125
628415
580027
278738
179843
415678
405119
446024
800517
473681
684451
133778
482523
744354
800181
273160
207499
451300
832761
390561
916644
639628
522261
833275
127220
470048
479769
251960
515367
376552
627177
820354
184380
316320
536872
337326
795429
411503
625634
889470
419164
313842
423543
399777
896957
839282
330079
605301
821060
317396
670782
454285
147363
884463
300166
652621
901535
211704
365411
397234
182344
451353
417063
506383
204947
696512
198355
591793
940310
651475
596894
207140
475424
405538
392261
435535
823634
634485
914671
371163
996542
643364
120604
235953
341146
518597
252106
843361
209377
686688
831555
285310
705063
101695
522598
622278
668278
345473
871664
187488
737546
603950
652039
610270
159141
333796
419619
994690
515279
633327
543065
124541
910286
105432
401638
556562
859902
837044
974740
129658
765006
877405
422092
741472
998679
650846
111256
642060
789497
355016
151059
205277
571539
876354
742384
793775
583551
416253
421252
233597
160136
363749
632369
764960
545224
820883
472495
286421
878851
347135
970041
874780
186522
619443
588562
216828
884780
539643
175346
349285
991632
829753
260305
474062
565703
146645
947662
362716
947489
593841
973180
162180
974543
129146
919722
526087
295425
638938
951309
917884
765691
822219
823341
281996
678264
258118
274153
891639
488571
455706
483943
692148
790062
277912
564636
335413
269338
862122
411732
479560
582561
984868
597791
851546
147419
480306
635065
769463
824075
285201
274611
659245
268829
364699
272099
492846
140158
368250
260709
222675
593464
669085
104716
602237
212009
888264
102890
324183
228255
200261
272631
563384
563570
209721
500097
858437
880349
286706
114705
865619
774587
141116
718358
233738
545786
352947
890864
935301
474751
719250
555163
145621
374774
870890
784629
136997
396659
269582
656462
601241
646378
386219
979723
273392
276871
297205
847031
288200
728651
461565
344679
394976
349604
742399
421032
919832
718920
193783
452488
716469
355790
139923
171677
319618
674473
589412
818773
863824
195745
441614
205724
302173
445552
401279
359908
495315
564566
425020
247956
760135
334265
551671
579503
587074
146908
865309
919839
692860
385787
642476
272830
134372
380032
924801
355105
361436
322341
372751
610786
867873
871111
986700
654088
209193
552804
915269
450805
214021
444849
945650
696459
958534
212442
101092
190716
332412
443094
797307
605326
524281
340453
348436
548071
848723
278698
974784
132858
689097
698175
283536
437741
354333
492730
787499
476006
898751
469466
362754
284882
636171
408205
328155
560530
387977
766754
226825
307171
894258
485093
893661
340040
869714
751357
697366
157270
439977
495806
881203
206204
551339
305803
792841
424877
807111
766412
543601
481675
632485
931271
706712
705969
635560
755166
899834
568605
283508
217637
717385
685112
713193
196767
754919
228323
110829
815508
780979
741185
425479
660753
858655
906459
421255
455452
902560
322900
740100
380210
206944
303785
925758
435838
264238
704004
977442
879096
658516
878590
168459
446680
481704
451758
460677
742390
388444
450131
369644
118304
348721
133753
647540
691287
753960
872364
424834
643462
152505
595126
472151
696863
775996
570166
788461
561140
301477
884064
303898
770415
729997
657226
272818
539983
115307
315162
969001
639807
107169
529642
896821
987925
632339
996885
253201
610852
724018
906817
329887
603870
703127
209097
396517
979401
463467
947525
547192
400412
343427
798904
861718
618679
632585
127958
331949
174301
302325
380272
526617
630479
381594
784254
444939
122629
656221
728039
660389
945387
469665
725872
340961
324631
221214
887071
404817
248323
120879
920138
556034
122635
283786
337793
424026
836100
103147
210901
625728
224278
869386
227491
182554
730008
325227
157409
799409
992519
986004
505700
317650
432610
122072
552492
503694
770309
957554
275468
674656
539232
985742
541529
301294
347572
544257
275087
441833
409737
410136
947675
234511
445167
740750
917576
734448
321103
486104
417353
498157
967020
179290
820224
199324
212636
521628
647849
978664
685757
460279
927910
975286
822870
571114
802855
682274
348267
599305
575093
850984
760668
799189
552924
151870
572859
178022
760915
923774
661608
504452
272425
572450
535082
892885
380942
445256
914732
712881
160347
463061
155314
949362
819775
289750
194775
741287
374278
636929
251749
301320
911400
245498
648175
642051
617996
746865
654126
739349
507479
416585
431190
992788
415797
141908
312725
739305
786627
117690
490824
482907
693942
861720
410297
955718
492715
187780
874520
366347
481292
356143
247061
973121
220476
539012
913624
214313
472127
148493
441341
888607
688585
224148
913231
198508
892418
534439
614368
585337
443282
137301
328770
681150
174063
938677
826597
241592
352703
813285
611054
560952
419436
244784
211632
678840
353380
708969
353001
812937
646730
499796
801051
940425
446621
207204
448070
539856
857026
474815
742335
383529
943408
336413
412399
502813
620248
738223
166795
736490
241423
475421
595723
152947
953018
505960
195912
751474
765525
261614
445495
802601
833664
714027
188925
891669
845510
989308
217678
673443
323563
865471
692967
160189
641649
256759
961315
800893
230855
533644
599805
432386
148623
685071
165060
952544
988714
637467
720692
429618
486307
297974
728982
316298
124597
867767
402070
850409
940217
253793
158301
302443
538351
134061
928075
738201
628393
949959
819346
594466
525423
163695
497746
916483
330514
247744
711244
467683
396689
200493
205638
198044
190305
716998
562362
753939
513533
965274
866907
838761
692394
964279
282501
249034
861028
909708
795711
532706
663275
937008
335344
274799
582756
494876
873851
328658
832653
181747
798681
803615
690241
902402
541330
959476
119428
901441
869399
984263
833260
686969
237119
158615
726828
887040
647419
302116
171134
464128
436408
914299
306635
537783
196401
456778
183834
289687
450447
270930
208180
894668
990142
257722
822160
135422
939692
441023
221088
475500
736705
777449
632950
227385
843510
129369
435924
420579
850676
994687
245967
330509
187785
612393
580063
610495
735177
809909
137862
767972
767967
694439
653114
619729
675247
867734
154065
292933
617225
878976
386376
761547
125932
941054
160752
548060
486645
275955
857685
308802
203298
372829
665996
691032
754503
235150
841241
493869
705996
436533
462202
321415
656737
136565
218772
741251
379583
769655
309752
310843
201917
143931
475345
259553
140107
304874
451052
658280
999631
568743
501732
246945
632186
679908
275178
987427
980357
998768
500462
908324
385997
113262
958028
624900
666152
951905
795957
198249
723331
709091
366937
704804
607547
424149
485678
223730
236884
690897
102272
339679
470040
630107
281525
369221
757711
195894
717883
453011
885720
702258
889809
429065
377762
743139
161871
997247
372969
762574
372499
209828
560528
929564
518536
294148
798967
914641
946836
263747
363225
715830
992031
547751
913733
596626
661916
929202
737335
244727
498037
200460
486995
299001
923063
581695
153341
509401
523703
411644
497943
267776
831743
862363
286072
597895
788698
392735
790182
800979
506647
275864
455248
195070
531901
213826
758762
727824
147500
696523
147877
622221
198507
814706
385194
179208
737204
427979
901651
317941
344568
355455
685223
287163
589808
734832
556080
206568
516481
435577
518939
481535
525131
813108
423019
264781
477774
500054
415769
954202
617114
997269
501100
124698
253522
601577
250994
414563
797595
276016
248088
845144
773446
668652
771852
281700
555544
169575
357740
945859
428883
905079
835882
798906
895363
323740
535103
668935
228871
891333
989289
657331
666425
183251
316194
400067
985116
539670
397150
382958
613697
909491
361153
507145
547318
771879
921914
528446
182092
381221
894400
502011
981507
225755
119272
844359
820628
290387
257248
299055
298714
123893
544715
587359
798558
881450
958265
730444
990718
740795
745506
451630
620346
177816
584128
648907
326939
802068
248902
667181
541151
811021
238400
894358
755877
925866
622504
740650
571441
372062
819746
633515
342045
567177
448885
512578
704573
723293
931847
322745
160173
662717
348659
444165
153209
572642
733642
623905
302856
519447
853667
686486
419654
335716
477120
703894
522509
369417
463551
926792
727792
566976
691769
311293
237347
991428
413498
722753
291978
417617
458654
447181
813084
479521
208101
731322
453331
979733
141522
659056
217267
527765
617894
667196
506453
154510
497843
973504
746160
467642
265440
790372
203138
307166
917081
788938
707072
155884
283215
917343
735800
556297
495891
898189
614655
804265
577834
754766
604220
400854
330830
428476
859888
178480
245858
977891
370592
316110
365839
250583
738592
431938
567583
918178
690110
492155
907669
264693
462664
984548
741063
478304
214171
610730
151386
656093
293610
471162
999065
341927
194247
585609
233297
159656
572113
404525
610763
515183
976762
289289
404775
183073
337171
637094
324625
110726
449590
570780
896867
422308
318096
175152
523927
942249
279049
264759
490215
720257
940497
351801
136707
421064
562537
833297
942830
483065
779915
872625
200310
859557
410583
604322
441422
278016
781916
975016
178025
933333
423391
863940
501333
187289
813738
664884
424530
813789
213332
867381
207342
992029
808073
563592
796030
876501
421110
935538
875835
899700
318675
767070
385078
794248
290125
143613
681625
409753
751087
355246
160444
361906
192204
333624
342529
690265
739564
947540
768909
721632
390417
158375
957155
563764
424772
614157
193950
504083
191329
809042
718538
906522
817564
171929
133312
423324
154542
364832
385148
757935
176992
743130
309341
581633
187954
409212
844345
989960
219625
843668
280378
852342
569203
864658
363481
890347
659320
870634
124917
574085
904031
567250
413840
954322
226810
668359
348519
550918
488015
924172
159212
515304
705859
163026
297025
651462
553317
994643
239282
670570
299637
258615
118992
543204
158831
263898
672038
415846
683960
163045
246874
761647
993827
714841
618817
452767
355457
417770
624543
545193
689987
117672
377947
954214
688877
222808
149787
850406
353752
398273
299840
167938
922884
558979
307488
220045
451577
942754
185244
935497
986936
949057
398270
882773
340739
750280
534449
485860
919301
538088
434141
945225
176927
955349
373373
313870
297168
134226
338207
907876
636705
712779
665879
666357
662058
318715
767328
408629
641828
200366
633809
243639
883596
294561
665975
648796
175185
487462
206004
392838
295546
585987
855156
470858
666871
600570
805128
433732
602530
440099
403714
848549
914385
981269
458827
593351
741308
338371
372036
892897
564165
499299
636343
116981
196873
513771
269785
893703
561121
872821
764830
628649
891413
664929
997497
706289
544542
427768
712399
751020
767638
688302
305367
472203
353471
480738
777392
350492
245036
711968
861567
630420
901168
110789
910211
918407
230721
496194
979574
685338
942536
552345
120675
684208
268520
320932
347583
623105
791017
281878
799334
966409
316480
659769
490322
882684
843101
528214
414714
376791
367856
468884
359525
912818
692088
872855
301225
652465
665770
122057
998117
827706
653626
850423
179063
710145
130281
966034
584666
807870
146796
464918
419008
471936
497908
628807
562504
613467
453439
916823
704189
729885
333051
732580
249514
701631
829490
579198
570237
441399
100759
350150
429367
212554
923147
784114
445677
943710
332363
338542
610847
396461
437530
731836
770739
461557
662119
991900
546029
791661
934171
525478
906860
383442
655969
366900
336100
358208
922162
911773
660211
701916
177820
445052
310530
362062
227982
887375
853915
526604
123458
641915
722146
531185
149512
777037
748785
709580
783083
948955
977651
294837
327459
511337
991005
678842
839446
475688
917732
667288
513291
904153
305727
393445
522733
191247
629594
371754
622648
838002
210259
258670
358179
118559
224085
755470
302410
828269
155343
875145
941078
132906
612209
448183
647883
855748
687874
687417
395919
971748
993344
501771
215858
799509
155669
383478
952670
313923
906642
526275
950716
578174
533899
389674
172960
771421
608462
716872
539059
569567
463041
178351
400219
526348
889784
447191
613321
811194
790576
430738
307230
682765
346315
684958
150459
773974
521992
235347
631620
686652
346174
417276
152303
135831
861333
985314
535983
734968
605441
354820
292376
600487
739835
953379
300814
212069
313982
835130
177391
969040
876283
511466
423705
326565
231290
990195
853177
867199
325326
327551
893297
847645
282131
334169
682405
343426
879814
492955
460099
910326
229537
435045
989452
508042
561777
736777
192003
388601
279350
844418
307185
459082
442647
434949
649971
106993
236480
323536
753185
298421
799353
848352
260795
333708
164996
904159
529074
437379
974834
501721
153296
937210
970114
879439
816421
227756
600759
183685
648399
492620
789781
821718
286469
122731
696472
290439
539232
995478
781521
676505
265670
940667
559327
869080
186549
590060
739717
374320
455017
322205
406445
184064
368650
975304
324825
362726
149429
299184
802017
272058
292420
915298
677006
567863
876733
650711
609426
390356
225236
549558
576354
196464
925566
993046
243826
194604
519859
648801
347467
859314
277406
300885
752459
448051
508165
357028
959321
171855
801104
575963
569315
580109
784280
460095
561014
730699
901837
959795
491417
836463
475267
118998
281063
974267
420250
680362
591719
476159
127433
348655
321993
782089
367335
300718
742112
973015
691509
751634
311798
479373
465835
781264
872592
455522
419550
745447
808672
741685
379818
617698
731009
927741
417314
185083
959442
402334
475633
934458
255890
248503
677964
274299
538740
927383
287478
249069
709439
970384
213231
215158
789221
648709
425818
836020
681534
106941
990602
514302
287104
641881
323560
874313
120797
776930
688259
723975
151770
515419
677685
602890
217575
133206
677838
320615
645983
539170
953184
362837
822654
278818
112038
102644
910266
451545
479825
730666
470655
485346
575760
572200
162443
602652
988635
992044
233475
801473
970716
754208
574000
818168
898299
537439
673946
648033
185349
858296
114143
751022
709752
369579
562159
835473
850574
500816
154407
502639
227075
169655
866665
324180
890436
515849
476980
799265
410134
780590
864613
994208
103712
837160
885226
429944
352823
244541
591711
513275
798052
891666
179687
154749
520563
693298
660104
779680
968891
486542
957731
237546
675717
626782
267342
300184
649627
857542
808176
862860
282894
230836
960729
413729
629187
281797
148859
230911
698396
201095
533961
351594
496607
136089
231115
756693
853157
604591
239515
967348
350305
740338
135007
109679
191946
873284
788227
836626
226983
687233
718642
605441
848950
371425
514065
389097
297882
986041
813016
594578
113023
877474
869390
333872
798250
285713
967520
170393
559809
302757
329437
601425
211892
122144
410129
346625
319015
400396
560700
329126
739710
917887
540815
554053
846628
973497
408066
429756
611031
645930
750036
754292
331795
978737
387456
665746
666745
551743
533817
162317
872412
778617
214242
354842
738185
798364
676588
807556
473360
731035
176109
179287
531923
766596
299769
556091
114026
461762
382400
529661
835920
637883
998852
454313
163853
994936
948757
289332
995489
156453
630442
303158
508202
974703
326238
176821
859634
214826
464421
769084
228857
624053
232234
749034
149242
949781
790855
997575
388732
522781
244895
529458
391831
234159
850139
136725
501089
382205
904863
141978
534517
999624
912296
186647
808030
595338
337861
677188
154149
139247
404495
210317
107125
887741
174855
542883
462791
217940
744522
857966
745583
737840
688563
138269
544450
258732
534317
796573
872994
387521
853363
213863
905128
662477
367815
923124
583597
779502
197163
973932
946229
582317
950207
210012
725145
951319
758007
125382
200783
404486
625848
492402
230647
362079
239184
346243
719716
674453
168687
970948
775014
524395
966149
178977
525712
318614
948922
947793
348171
523584
381124
704305
159990
721001
278280
844813
867160
860136
599344
517431
129508
294000
992325
454265
449607
760910
891625
682247
907890
661582
907412
847246
746814
337501
398185
439402
974240
198824
682997
605619
756267
365028
906723
948214
771677
585991
179678
628514
193767
281684
539716
676825
907324
306452
119044
525031
701429
927295
940244
793135
988958
747739
383345
323616
773121
469179
889651
463110
545613
210056
903020
799965
526818
119645
710782
315169
165116
563948
998806
274433
477178
968030
277737
424977
973578
186392
729321
602687
935602
856313
850851
253693
182845
439903
838233
903037
947041
767722
246679
884123
663913
497560
992436
601523
275300
761584
956743
345396
221257
784026
879171
945965
673668
494475
359505
908803
626882
120670
943657
499332
185493
282334
994060
961686
349892
460672
326528
639593
710675
879277
899113
677931
222218
506494
131841
788282
994756
755072
904564
738036
192406
202838
404506
844714
589498
254622
796145
923251
152792
930316
737911
175325
208912
542674
134657
834654
519910
339393
772987
536616
358218
979657
487805
233883
308130
519388
625797
694837
114967
547057
929559
879045
343257
953573
264590
392477
414832
984508
767325
919941
142720
909188
365095
471915
606680
883738
600599
871672
587863
901894
673053
962431
594331
908002
543398
402831
226055
164152
900663
343688
608625
129865
302469
845226
996741
797321
485715
979720
603961
257608
101641
678332
278607
382060
471918
827604
697472
613754
938851
167818
236235
335219
712443
936209
878906
109531
982074
158091
305196
277813
946056
783991
659301
411913
800242
858920
542895
802088
514782
691569
239882
407015
461225
310173
559767
795015
960703
591099
719709
763413
838263
128182
325910
969196
162216
345890
705082
941784
638059
864370
420646
108086
712878
565127
143720
525752
430866
784227
321737
976836
155459
636764
141399
522268
621457
577420
326318
829048
498895
456356
455139
374863
970119
298113
728205
361941
394936
787159
981904
859134
314990
912842
465607
821633
154973
381243
757581
513336
419737
208479
767272
647683
437844
699404
476595
255116
267477
578028
143015
923973
488401
755860
485125
251437
612073
964079
645538
887730
725376
334483
103056
162673
843223
376757
722245
248249
976392
187095
308521
744845
195611
930656
260097
707368
191143
430149
900595
948986
689577
710627
830614
660113
515226
545166
262968
582899
173392
866979
836779
530695
703124
935098
147277
575540
601275
135095
898130
251873
122307
382976
516144
267580
552555
469641
708423
455926
753616
411147
495915
744683
977152
956115
439407
803135
811773
996630
702576
567908
770896
387970
231227
444408
484454
798576
270524
818220
830636
551350
212260
733759
359170
787289
648374
470152
797023
328479
768526
480051
212578
807586
675470
928034
760592
607329
153927
719253
930254
396977
505184
891877
940796
579440
683750
435530
603276
476634
878865
591036
912830
585748
164910
129750
416762
496454
479342
727702
785386
862118
146442
478369
301809
643919
835345
268228
669963
264689
856176
306390
363362
359713
478525
603929
846506
468497
949376
413343
637690
740411
707583
509449
121607
795318
969636
559850
399359
430571
469133
429706
964831
917506
853552
468806
463602
734005
821160
598101
341638
110726
372864
246662
274156
670316
148763
867493
711660
523849
264446
396060
393859
480695
264667
211958
324794
718336
291131
384479
927972
968301
946822
252327
272019
611766
161650
163877
299032
135929
644198
154296
358069
721670
910090
120105
809697
197206
564877
138924
345335
691419
983698
266661
216315
471027
649688
667976
992107
146614
757797
914904
200765
216559
315374
666193
282267
531784
960966
409826
150167
593437
627488
839249
166316
305075
490274
510787
989300
353729
442984
907187
176128
197132
856626
220095
570295
853745
867884
847618
385325
182172
147480
279419
670079
702133
945369
923309
685673
869978
401310
157216
421444
818407
434346
563174
368095
523570
729372
106871
623705
791347
721344
577917
280313
667488
706929
374476
228490
658103
837865
685801
838070
730805
833446
961931
117501
749060
403163
491967
679186
685264
519824
684677
414738
245466
661463
471384
801154
748422
312557
707531
579941
427471
989896
198415
982391
699067
138659
990001
531720
921193
843587
877440
103480
730982
250693
645356
696491
745215
371655
739978
203850
365616
500911
583028
905494
874811
781756
537165
710409
879093
561127
692994
807915
437210
144949
696204
653485
631360
274396
406579
906854
693769
129007
134252
605960
470579
308040
976482
425886
709130
654546
316851
379749
846621
541008
692561
247011
838125
615276
139977
110408
776257
150720
315904
312704
963415
952987
444057
880241
882997
274833
999860
271224
981597
957121
219825
993530
402463
269604
221169
579881
731561
638607
580509
918838
149882
260005
469888
452270
870932
702717
656367
286610
913647
666027
457706
790455
208874
839629
851162
229686
193180
870260
108825
996176
818857
907917
868306
130722
268048
398411
388189
216321
482689
574035
744973
188307
281196
135748
456997
483786
938868
723329
540004
506237
857827
343292
522690
573508
893975
653120
680754
888368
508282
857115
849063
589828
648143
958950
641107
471956
517800
769395
796235
532281
777717
894578
917862
582638
524662
436127
177988
839243
372274
248140
912523
733339
181248
532967
911533
359260
865698
238503
799557
611922
742834
375608
279360
840840
114293
988481
621945
977348
356076
462766
374973
774310
691753
224927
844397
346205
551294
788716
923553
996102
503761
802995
776201
553442
341612
664608
319919
128114
553840
684440
397081
897970
849194
899585
572234
412207
528318
910289
382600
208998
552096
341234
641976
228795
165793
909647
408517
290098
325446
931646
279488
282798
265045
219722
455681
836996
225321
782876
861932
581659
962212
831653
454959
154978
412548
474762
552232
814317
299886
616588
219715
418766
238759
409490
397344
830508
296578
462070
236723
141251
869139
469322
292005
629047
252162
562533
877880
377814
988060
204013
755016
835338
758019
119426
673581
310807
772837
403781
107357
893431
105322
299779
811374
634767
361254
255650
596089
885870
515663
936615
415642
534850
378921
227618
428020
289910
733597
724311
679058
753964
581480
457897
480648
213107
577968
946564
677687
782629
521073
963303
750031
366720
836725
398669
562959
702879
149986
625911
101736
632628
819660
935543
423007
373636
451564
228379
321297
248959
277737
483669
619250
763642
654995
917859
902798
649419
634447
166623
979248
570176
655275
280485
234816
474621
526867
310940
272775
981680
725052
566691
319567
526834
658878
557370
123302
165085
442175
896106
248161
297093
588650
680946
905628
967156
714751
767023
963999
258597
452900
734087
139453
477660
410809
679858
342038
159617
465896
644549
401436
372279
637627
661628
878387
104605
806056
596067
531538
139937
549384
485826
338118
590460
679429
454979
674165
420238
388529
266881
190143
593302
511155
282927
918785
859021
635869
671361
952756
831520
979353
531611
448434
466985
299489
223477
739097
351049
752686
532871
368743
748612
483881
326807
863109
963896
435613
582460
363873
813467
480525
449806
123827
506865
359009
190700
591617
957255
270300
206889
571390
924591
934473
886867
394093
622168
129332
580866
522851
427625
487317
742394
254762
157209
962150
385565
465442
594542
716182
194416
829219
186673
368534
859080
960765
335530
439761
324081
169024
568958
724281
179867
574295
924801
283900
761345
668847
909721
219926
667127
994966
941265
146719
560527
745599
337750
218149
928360
342338
319090
579220
578932
550783
265794
387250
714757
755011
700918
642952
769939
151523
435653
325754
626060
438693
888939
977943
102233
671551
680128
607595
189512
570295
671925
385522
817595
620649
907054
623816
739469
340231
382966
945148
310044
196666
674724
406787
428920
690759
119817
340808
215142
120845
942098
163937
618353
946603
752096
261405
629966
294975
336833
593369
249546
192584
574602
786002
831410
714477
408916
825652
833278
503798
779633
466385
664764
865784
385961
613678
477589
721071
212181
974135
411901
914467
126903
439955
860860
754669
557812
988018
752340
271411
271279
235618
261999
915183
737892
368097
430983
169550
748701
459309
493233
667444
852628
618231
797095
534748
864486
517911
705680
644253
569296
703672
991854
655529
465545
762612
462563
604399
776604
504986
630433
188992
476544
559787
572173
692206
388085
472293
227567
662449
318398
845655
604601
770691
838677
149011
102065
115563
481263
915265
106845
527031
320142
945488
763786
398210
732989
663847
324729
730997
599979
385946
130599
728105
921639
455960
408279
469163
813332
993665
847166
852921
823145
746613
361258
828617
391784
196712
571344
537032
205496
308401
134481
599967
890626
639138
180232
761202
804101
897714
958802
847203
320950
803221
544634
888659
155351
393517
130241
734985
366034
390682
641191
439115
683763
722605
784536
180904
493664
668666
767798
687928
231925
415948
722206
165083
244672
496082
451226
494878
219222
940791
387267
358429
371792
281199
263312
631778
217925
541869
195359
173515
338149
808690
247903
568362
424400
980577
799736
226758
167185
736781
444471
994558
121466
573043
568218
412206
101821
986532
896116
101962
185636
290587
269310
252903
868429
287117
769019
185305
467814
790046
358758
474519
445537
945455
777273
457915
266996
623637
291996
787493
657904
977574
717097
616703
824059
821773
363704
178331
618444
302781
457004
442841
411490
318209
847833
806757
826530
237554
847184
809021
583564
321410
803272
747920
203449
916917
264875
565569
145458
709519
534298
122283
882128
480584
230078
592414
418635
925756
532300
597480
280065
377312
150228
576144
442918
668079
270310
545883
500578
627874
614914
674609
413484
907358
720475
861081
794721
579462
681894
106721
277600
192401
229413
124410
446853
248759
523178
664704
317056
372742
782794
348280
859185
779281
783265
902194
815363
460967
961819
942861
463842
157249
674086
890873
231258
903317
223026
679320
208973
119720
948769
555902
473137
591809
791281
917848
236228
918168
128163
862761
183276
370541
640167
337327
296784
665780
354950
392675
775404
678670
173803
901471
756597
160276
575983
658171
559466
896428
691809
631344
929234
317214
253998
941917
648504
259328
689394
132456
817056
971566
649787
177628
552965
363669
786101
800400
151216
709582
555704
652105
902327
719304
435947
974390
248208
187006
928627
119032
264464
975656
187100
877925
320388
992781
876578
278402
810443
406997
999900
185165
294478
951165
823910
976061
448221
708740
416202
221217
572680
899906
287563
171173
563702
614105
332845
339540
861797
387683
252132
919767
351871
633451
208983
885371
597750
344311
780912
222576
215580
502691
668772
901421
974113
169033
780090
127089
431113
121500
284665
733445
343177
203317
545842
624478
438014
134980
181895
391390
249259
278600
438390
988377
235309
524441
341927
656949
283004
651906
597102
867531
980544
237869
448988
560843
970605
463863
561160
183100
297597
266274
404022
960384
140169
512105
757090
994709
456836
214510
488811
421720
861555
963599
427967
252389
752909
973912
314014
883577
322027
323186
142893
697304
717131
384344
400730
785035
922631
488074
600135
806337
410253
617050
795861
466838
336795
689284
596911
475825
344858
818331
653423
668167
102068
136702
876848
844061
891666
523178
322098
483274
690070
304233
561828
559131
187185
888808
247345
929489
321603
828710
535849
998981
642477
210024
663915
187019
289300
448233
842060
149844
330421
250095
102150
884941
809823
273081
536640
225381
128753
244884
440790
781900
126129
932589
272229
412951
547942
787201
577973
670464
365075
705839
718627
164171
241361
467791
701770
777219
261031
796253
889838
946402
686601
327053
256292
881327
356586
119394
191905
484098
425951
393306
411838
678883
587377
472225
279557
850929
631550
776966
522298
761374
672909
586506
442121
886967
451085
200532
955656
544514
270121
665602
229992
272160
479273
451739
890526
747762
910312
754239
696488
753303
193870
857279
986526
337875
683722
457865
201495
659628
118829
639964
708437
367790
645370
708558
709775
142420
742363
858328
571308
151725
470078
561904
724849
923723
254267
612742
935224
594222
913364
132393
863689
843891
268265
395627
780640
865134
853994
789104
617613
445319
808807
538232
504660
436526
159140
558535
382420
398972
166568
345070
961189
498663
403797
833463
460826
935650
716274
817746
453031
579535
688771
283991
488540
957058
356314
806967
703983
205459
788615
195300
237591
717919
814667
347577
786740
359356
242026
634215
353869
560471
419647
146462
115217
232972
579977
878068
963615
556129
114531
994997
989121
420992
374354
367495
772339
675279
714007
177848
418146
438989
738180
904806
994927
698411
496747
269675
313938
947204
104306
203300
971291
857403
499651
861372
847764
268432
726400
653177
882307
170974
962548
524675
797804
680756
548932
744940
699282
742189
608292
395073
308254
295407
534438
658603
262328
828381
709581
363202
618930
232473
231775
369231
506309
668090
753337
955772
298195
140485
610173
709691
636363
320395
971847
847920
140810
325919
360541
340603
130943
317266
932996
475238
348039
667373
789743
547399
520215
508458
742931
728946
651576
436848
888310
176767
970349
918057
835845
510963
914800
329025
480805
333966
310394
170365
578529
625392
617825
828854
878946
692872
451131
490545
525597
485339
373089
912956
729829
826637
504079
598822
221282
924048
356424
423580
443098
600006
391767
950908
438251
277492
252816
877496
442586
898629
195220
990632
371270
898935
311956
163180
433046
694087
327084
417757
159249
527412
339089
172463
890316
233234
225637
490374
332285
997422
807143
745233
931663
860377
563848
441479
543054
429427
610103
890396
765410
606165
604447
927136
286489
979930
593862
347861
500157
394763
296086
474316
397189
607014
754041
787419
942694
729514
718397
484604
136682
441026
397559
230596
128985
114507
605507
364158
916724
379044
511498
878052
455713
908593
319068
766617
404959
971564
389885
888806
712891
266857
919356
729712
989692
882083
248318
450290
814873
261448
285946
356701
223531
227711
440573
854472
756413
682737
592877
505365
244639
867963
128939
977889
533145
365198
858546
159143
230045
250497
643420
284947
168853
511284
677731
308062
286236
430241
916804
521771
604712
760449
962080
861948
128677
881273
858269
295698
298781
300351
170890
260127
854035
922476
501215
390281
732784
698368
463554
834718
152916
635277
322054
615471
290638
910017
349070
901770
419143
163763
166160
649880
479320
245001
737172
525359
816764
284036
194363
941557
906272
560393
517501
660242
213942
936268
258667
141840
514953
852891
686963
277810
332107
512260
985249
726126
405002
973380
262050
685800
320674
244749
317828
516365
959788
480307
830970
292841
508243
116628
703388
802437
157415
926370
304267
602880
419338
931790
109137
595977
951528
449586
832967
579606
776389
513690
365072
241956
523278
277200
451811
923436
413489
182564
132518
441534
344520
306964
782581
912765
488176
335293
976674
769111
337656
856670
429687
339711
307029
783622
181719
323624
748786
597114
966082
946304
391045
655172
472887
152070
524605
266234
119027
901578
765367
213226
406776
179904
136240
509408
801354
413665
827317
879508
697906
645662
148246
246035
112421
672129
219257
434952
233631
437570
534154
263526
406665
487010
680304
841653
804634
533416
554875
763798
910969
492118
702841
462965
407392
488743
638409
402442
536828
281511
581223
353612
366289
347055
179749
129683
940923
637819
199034
714408
878415
972490
128564
953163
610751
774034
711274
283744
568285
330237
779436
145784
358807
377443
219900
242775
130720
144038
306261
243079
358640
327460
689065
620505
381985
401277
715882
971795
650234
636129
869694
756698
477257
677652
880821
747069
585481
348194
983094
597019
430020
990777
153397
371827
713009
316487
563841
359846
245118
356401
483611
174923
122793
893548
215873
667471
770248
416124
451015
232998
255208
528423
991431
711027
837171
869781
924048
897807
874379
382055
859482
611642
682579
376017
678393
380859
607948
160436
650799
745525
929372
385340
979804
350697
364236
781555
527185
987842
813096
470689
639907
771265
827241
811841
589498
635077
388655
851425
224969
302262
392680
886293
971896
117807
795854
907416
673180
560166
722700
290752
654633
180025
257760
824540
112318
350838
808508
616045
672542
249254
554279
284063
177439
772760
462017
568035
990203
909478
817379
571242
522564
414374
618052
790336
420693
303279
475193
221282
269059
329766
852820
474141
712914
270148
732045
179845
324100
282117
576990
485294
972460
761392
180967
177931
757761
732446
921586
348833
863150
323369
379122
835334
743206
819506
162180
202620
495956
108495
636536
813092
817233
165711
931145
107136
820751
389164
729286
289322
684786
188684
294869
798154
159518
495731
358606
800024
534508
231944
569347
957006
871286
578562
983199
589417
156113
979567
150572
141340
161723
659298
720079
451953
886410
338711
890382
708445
174404
302403
125521
599551
932077
975837
492710
998677
324826
706658
860735
121338
372996
967146
830294
696672
392600
364805
975504
123110
836108
592593
464991
279414
780012
699004
504418
872446
990578
344496
874727
904680
255572
640543
504433
718584
413335
631756
759796
302338
520482
522836
319261
432582
339981
703895
389455
784201
484216
688231
308264
110481
368568
304844
808578
878173
945420
683633
728405
732830
323374
994798
313402
278325
312645
322131
976490
343371
383702
690894
842020
288135
512699
234266
318766
977903
518092
619908
339507
312415
634490
336314
325771
754463
228987
137363
188312
433380
726815
158229
177004
487109
338977
752903
755784
774488
266265
509331
346592
160073
806318
982743
440602
241206
745641
820681
543957
420554
137700
791109
960902
860820
208449
963316
302237
702115
868248
232346
801926
293632
603240
510812
742155
754280
339599
715341
786711
539077
113749
112916
543126
473576
823522
122267
306297
607941
337679
810229
573045
664074
822778
378669
702123
639005
944755
846824
211970
731058
227219
297623
338383
909318
555981
462139
700471
336027
725853
281556
270667
615759
206876
928584
948370
538811
532054
381933
150789
165126
853778
808403
573332
307300
599472
862353
710694
327022
749778
861002
439101
739455
286001
869051
570232
617480
824016
931205
445810
498896
471949
526321
674248
537868
477588
659013
270167
790455
694638
158241
637219
883342
993942
542806
208117
632875
285964
558212
847964
269051
474019
941070
897620
921630
360725
989277
843172
310075
262806
900077
456929
219389
212837
374584
504944
499214
537055
214397
449545
374447
155566
154445
136951
224529
426975
229106
798652
600659
665169
429756
669105
825688
603881
748137
376490
369252
569603
738991
804664
905427
384707
309193
920009
162710
686985
709885
706186
268907
291842
866022
193260
675991
527259
821283
400068
280963
987473
250939
360941
774641
884004
387243
803240
232345
135786
872429
296963
152484
711935
980774
797048
132004
368122
566445
284364
889838
845819
823571
437880
499541
680609
378323
107684
402212
711640
432152
190223
266648
985423
346533
499467
567320
904680
811269
820806
116274
645512
555120
658499
895891
400014
126518
458887
302818
699233
135787
327759
714617
465985
308271
531454
966817
595200
446809
575861
575754
596266
699935
951451
366468
629982
207397
126716
439612
117153
215423
977134
985110
378248
364901
982414
752548
736691
530002
872585
834848
733402
925176
716535
389164
377311
846885
261217
282403
640514
243402
770499
350331
781491
826381
941229
721402
231266
316429
852195
998098
799827
749581
630693
392283
315630
827744
225897
620075
862194
788591
483747
691796
870921
252137
326278
741178
913719
594888
575749
721871
776876
534940
688114
853581
284281
264214
957128
469616
850911
450931
702916
831438
477891
842275
453902
204755
494301
360469
395638
922173
566736
704673
488825
620912
536084
326897
844738
986743
576079
556269
625485
878713
552130
647457
173831
835508
591295
106125
182545
441848
263353
706794
958659
662370
829908
434644
418606
451411
619707
271960
446298
483021
284944
403387
143566
913162
435998
194916
245965
647864
870826
454663
854109
780597
248936
647023
401924
846115
866602
522983
444267
114568
114931
836646
104228
420644
239210
867925
423176
704592
600586
422909
429529
718128
772438
911986
934086
944884
893802
215222
434125
409009
142284
612587
935194
964407
121793
719193
590414
747566
197981
679864
254523
730002
962898
811067
163788
998824
946377
597113
943329
140380
691279
949433
113367
114265
518950
109945
876294
104419
506909
279899
991237
780277
697114
629645
819816
784594
318451
134195
728009
542954
563260
332116
928389
643115
726714
824573
132061
729025
662870
543701
295644
986764
256622
945215
297464
429628
923461
228133
106866
918476
946938
836680
459992
285112
191639
616001
584138
141948
503616
339666
749561
337706
113227
550190
307691
519111
735599
661153
425980
226179
900212
754461
570078
981364
811946
527651
586113
232142
771286
631306
286221
314401
572103
603631
914156
916270
874823
857530
500549
214855
752589
690056
554691
917603
965775
891802
507444
255994
306612
786330
629421
152227
513159
566597
693419
749736
318376
742393
506164
723394
209661
684252
829532
663959
859270
352358
598628
285516
896014
938125
577948
578280
681789
291019
345993
277672
745547
119214
966882
692248
802638
580539
409332
461300
223828
397184
861734
925947
585932
802837
180854
135309
807039
270446
127714
715841
517660
201536
322499
710758
517393
726381
807348
872404
478134
142094
157584
731213
183875
480188
728697
974165
669953
202810
275893
685963
125214
655331
905651
881155
782874
451659
601356
977858
794527
955989
983876
973205
140461
258833
705423
393134
709427
986735
960272
679101
938266
845317
352285
206183
617051
317720
549918
771813
102865
224682
595829
553499
567561
144033
271799
674323
201910
724592
985048
961397
707393
744420
339749
994534
650653
193293
660619
631547
598200
853095
861653
662552
384622
799556
596562
338057
193944
792504
677461
623835
160898
247264
135286
974072
691417
584751
204374
425406
799939
501655
566112
851803
608713
340336
464746
339527
855823
607049
147547
714558
732229
745160
760806
201337
993238
238751
600341
780871
598301
786989
589921
663597
441975
939470
203037
628119
323411
584513
593811
250938
596550
376980
340134
918472
931324
554829
687831
521966
728009
199127
477570
562317
366557
598183
313384
868307
800277
690475
485512
832982
278510
167470
600263
906861
124501
622922
725135
941963
438842
938314
909235
616409
974979
285275
806448
878638
198141
670671
273774
707597
757933
965069
956582
129500
880804
731640
528703
101948
165585
565818
386609
131946
514064
498829
212170
988113
118272
845319
287182
279017
436050
210527
779769
885648
111006
177696
397184
887395
148208
696489
742230
300762
105343
774174
531562
194749
785566
835118
958862
709159
820620
214882
663826
196822
983814
199071
284463
558411
715100
304248
122528
119204
675712
333364
326922
254291
722554
838007
724188
142267
290169
100815
682129
445223
703621
262430
253970
874663
275344
776766
522425
408583
369643
664534
846321
288654
489172
479224
232825
931888
682860
104756
702663
286672
868391
684348
480425
480246
578045
233685
708870
427817
992285
267831
641603
462793
909537
619425
950850
875211
906301
974236
100709
239954
242577
540010
757040
502022
699230
406667
525133
193780
859253
234636
640840
116674
274187
715436
575963
930957
360041
870828
313572
429537
918111
796499
764177
804276
527417
160123
394526
935007
567721
442908
103222
528442
352068
985138
682293
409363
128809
870189
110318
922507
838043
528213
630600
287085
887120
710200
372835
345900
336707
251314
459641
304120
884260
274232
631295
707388
360206
606977
812714
471415
363833
455665
223951
351509
651270
164514
373795
101769
158552
954002
311905
991529
489602
174884
362922
689094
544187
209011
149734
146695
804910
537530
241352
766177
494638
793945
787600
399701
284007
771365
282762
804038
322032
794415
697620
258869
530428
682543
213693
466203
220655
744301
934953
919842
706638
836267
980177
846176
404687
862290
991527
313393
361264
880984
832215
667824
945827
745643
403369
373971
284103
447261
662530
744576
376882
482348
597738
960367
928650
535372
208297
375549
526643
961139
221323
414825
633282
208128
257763
621296
323408
169993
350379
177568
541035
460384
283337
209178
378118
665858
637933
310377
663505
871516
576471
165946
749699
589690
250965
870743
537299
977805
181258
482372
826183
775671
622122
432916
104899
723606
940770
856040
872067
763627
648821
845094
101348
969127
414177
925363
714044
563505
623905
220205
880298
976246
501867
856007
718376
154797
860568
234881
433053
623110
411812
409155
658895
699886
545515
501814
120309
182977
171860
132575
725675
360045
242698
668441
192383
557535
848197
357262
889736
905485
199560
169137
341142
378911
110275
846779
550084
144154
480792
279137
918922
408747
437883
574958
639087
479948
627378
871202
571900
977558
759708
132934
195276
355875
273230
636075
136383
179230
871704
327711
944846
773034
682150
505643
439928
111660
780195
448395
840571
862293
429240
843146
515071
445936
104242
767610
713356
178373
624482
279725
130171
340135
105950
653844
858314
410080
597188
174897
263849
890359
388542
503322
668818
283483
438433
270861
201654
355663
324687
189354
118226
515090
304893
468530
302880
765961
993775
819610
685705
592524
197823
350476
566040
885770
219869
120762
304554
803641
555248
818847
988354
618366
347035
663636
838425
664533
677883
677100
622386
582014
444940
812461
969195
743108
409546
304555
455280
752203
936501
498755
101066
812886
218479
748017
292981
315602
979007
973806
959503
667234
685752
728905
273131
218215
231955
103073
915430
892044
643128
237020
814449
946668
747836
178951
194572
771840
938404
236107
487636
501609
183464
665992
376212
350358
512659
920529
801655
761971
873735
900067
710813
155214
360285
722659
187243
249095
492266
674803
215389
247635
426845
843185
314999
859245
905828
224525
172281
582938
996111
628612
423824
871895
260268
864349
574601
370625
514833
181472
159649
960065
148697
741582
124760
351122
948325
442689
384325
320336
652132
667425
454818
641695
114797
349247
881575
605877
348105
776402
316436
404229
494510
460683
553928
958185
985477
727927
661327
895659
441805
796498
889241
295472
313753
531458
234885
923265
467220
885463
607388
941464
557701
423548
718554
372548
589933
768794
218342
794968
275821
638634
761539
200598
159493
675605
307136
722675
466775
836426
285642
816071
791210
557050
661217
747444
966251
338356
637063
326289
165005
481624
979733
825106
990801
507546
189128
314549
431809
422997
656600
942539
926870
336554
356714
820128
923353
320532
112475
468202
147526
607976
376284
799530
728269
561102
130238
469698
831859
206422
338499
869172
872213
905978
291092
210386
867468
166159
914576
662471
422348
575110
431393
778592
913766
198661
919371
955577
904206
186301
427582
252256
796502
368327
431691
762856
531545
847872
722740
837997
804149
403583
733275
714750
131791
557103
902588
957420
103386
352717
401783
602925
734354
597408
581573
191181
978371
913999
984460
595698
456455
553187
238957
541131
115308
311163
423003
240181
290483
670502
248134
384329
131669
932577
260757
625540
801792
613836
345042
125812
466047
429771
468384
743964
891768
257686
976775
864453
903375
474141
293008
208258
412104
535388
328364
188158
754378
851127
506414
661956
631134
708242
962553
628682
422007
115760
127028
612154
238059
561382
921627
626142
290047
418970
834671
769832
261730
669021
916909
297788
589680
476195
745435
929243
252854
133339
379903
988557
564917
580559
553994
901097
593663
665658
490481
617540
511583
626304
641885
256948
976725
496175
603864
473695
301119
676528
623112
586597
836627
762858
745977
139047
423240
228659
994162
651058
544117
368404
916745
287308
543057
808248
237234
109850
719802
527696
264338
890795
283249
444102
100627
242149
802370
100380
613744
329642
332225
668769
818000
480358
229712
923471
985583
347960
176989
365476
331800
933274
967112
872570
647727
501999
640770
732709
498250
458377
277618
969065
171008
906324
602449
823478
417882
855106
297749
293249
117414
109875
681098
238656
379882
560672
627996
596705
515477
473637
216690
730215
404177
812361
792756
729698
276309
776683
270893
411947
926551
964074
576107
637721
669150
827569
397411
336546
718806
128830
893650
903058
970397
485070
365502
872417
122010
303974
109660
925492
142957
513152
592810
986706
269889
199376
122812
539073
401150
987186
346196
353277
136028
871667
804522
421588
595218
515960
427083
528385
318796
659662
453150
283202
641690
795567
397922
791736
137797
898574
400499
543292
133788
115071
552683
314264
964557
662182
789189
510377
582832
895674
427036
317871
649405
925910
275986
276814
305662
771868
111342
996900
627870
927526
621405
597927
840321
475722
608920
825914
112301
636809
845830
245260
599270
335125
271384
163950
731736
579261
820498
533807
247469
334646
772234
941590
499262
360487
877609
821018
193382
796753
861518
935457
872499
211545
344434
819508
784309
974836
191814
864315
615545
412558
888728
399098
679407
514806
972085
783079
889350
990634
999464
781607
692954
378554
796640
823365
952868
695868
246896
355374
689424
101963
526032
565612
213164
106364
400609
711420
875868
554848
545070
203246
227018
529423
861838
953753
729402
432247
861349
549816
164668
691456
320298
517445
748443
542971
631940
846224
471826
187943
414413
817085
338910
509791
552697
701783
377487
231939
253967
706612
584408
802850
785078
236647
547686
832513
652811
698492
622381
526954
923086
126964
564797
871764
689757
618973
318227
571371
328728
429388
609996
967388
243812
244346
762229
462816
331531
636857
372735
966050
918336
904465
101198
118478
307584
281467
472112
167255
701556
625497
386250
658469
394739
258543
711949
946074
591684
561059
948040
782176
278178
635021
280823
697104
721752
324538
523161
727393
172491
627011
797536
433804
561527
713797
785474
548824
403154
541181
649964
229094
620172
724578
807733
495483
449304
450974
503536
600197
297124
661258
755612
221644
174980
253222
979286
938615
743310
916530
716846
290968
212766
248427
882039
299733
620345
796325
800439
467412
970350
254945
807646
472930
877400
693996
803252
616864
845121
400821
249611
207786
286977
816776
803796
326085
497988
939787
456909
267365
179977
759988
364696
933400
926278
934981
878214
624435
386473
674405
173426
182455
133882
786780
457419
595198
871164
674603
575209
428680
365138
236070
586081
515037
420222
191087
836051
822622
501316
685040
700449
831565
328686
375157
327258
777653
128169
556995
527668
469080
888716
773817
627703
421875
409528
865794
335830
479472
253051
376179
949593
644071
522063
740455
465270
946065
916575
990165
154495
573868
355850
668138
365524
643588
592480
831401
142265
930852
832425
260860
597826
478936
929765
592469
856682
916798
841326
617381
929635
410921
639002
947224
900872
277234
871228
340364
505903
692795
548234
421068
878554
310209
450265
275149
928396
696670
474916
122564
931577
686455
555436
669825
244694
455017
535673
758861
969775
758027
918239
759931
978199
239840
400860
904238
907258
983899
854749
489255
987727
707279
664288
889193
460649
573298
677044
520844
976333
366990
275293
647577
564125
918692
138100
592840
709395
831773
474315
232820
580649
838414
781326
378040
681621
697671
851685
917033
642323
766872
704342
153039
936378
796768
626119
381664
417072
814452
227073
197787
719897
588233
442896
212350
538699
789054
962919
645509
110461
544808
855744
159520
981597
848091
192161
493935
970881
209266
908154
475548
800758
511708
210027
870933
873012
572163
688035
420197
548595
967770
885571
198319
819926
229762
719489
751366
140965
490329
675176
231915
368024
457472
552476
185891
164079
741127
991739
815412
430880
177783
593887
127165
454824
934619
943712
853775
417698
962732
725367
165516
794517
849240
538494
731131
676679
812686
389874
925284
834800
692009
448154
716558
891049
939095
830594
761139
339843
271396
387936
314684
885492
596616
992823
326334
699661
115241
801498
474161
226759
437038
275112
744073
590907
461378
478389
641555
180848
264129
769770
452718
146095
635810
517859
993635
796467
856833
820918
117890
857277
781640
333460
234682
902819
952217
821511
307541
794696
886907
435451
875790
165639
371902
369305
540784
713225
489260
220718
928332
424854
827631
136331
416118
280872
132569
814598
648317
407707
431732
151933
586501
687520
979974
615994
942627
347985
370304
836978
288820
824735
497315
916680
809242
748423
229456
819311
399604
425027
373163
970572
296793
863420
822443
461402
587377
983037
480321
894886
477008
903363
861218
769947
924592
120273
620530
420600
960106
119648
834703
614461
560240
560916
194007
791653
337898
665705
229399
925549
837291
439980
550578
450803
224879
814310
431914
371066
994835
113875
661741
637513
970673
776081
940415
621011
345143
496660
935072
473489
242307
417718
502426
775179
490365
823116
345642
800631
384753
677235
547592
201656
583239
561033
662260
295015
265569
610233
173471
242511
175408
385646
981011
407218
355252
676168
560576
772905
908878
953677
786981
305225
548227
263958
222199
618561
550383
623978
522672
223936
400323
474665
328087
158675
967102
580062
525767
218316
747683
707256
192031
141662
933532
416914
681926
915237
495147
565421
179289
213347
935337
469215
229043
113540
912861
850021
483800
137219
887034
183572
728285
157637
389685
945549
401367
723811
246946
856559
756670
273062
276618
926151
124318
667307
854411
209282
221787
998406
904748
106627
282270
488258
341755
853263
245248
780166
173894
509446
519921
638260
316978
207436
723333
698827
140475
956517
268861
964492
336136
673152
673614
662233
633450
203082
602959
550457
789489
678563
290052
809593
937483
677742
815042
150861
935226
325217
749215
618099
418609
780605
124375
978168
284427
253495
354365
560308
946503
584853
259068
348881
687108
917332
685641
156041
361397
387686
476776
111149
796226
758297
835607
246818
170331
407282
793626
516229
298073
533593
250276
423823
636242
326318
253630
587668
156568
876825
153624
180422
597744
123967
733609
962646
241162
227440
645125
898874
795937
901438
441914
821418
968337
823112
438790
806277
311152
316148
146745
493969
195691
163739
474307
759967
605022
948189
128346
579340
349551
363286
994985
293091
849575
368105
897592
760288
851502
446616
233908
286768
551458
792470
421884
972885
249268
251731
841095
977830
487007
864311
124469
842706
959365
522538
888688
844805
719240
453839
820126
908739
392258
912081
840102
727601
958402
785398
645437
790963
521348
622768
715052
935216
567915
168914
889248
970641
574493
493472
286925
862505
689883
205823
287423
537295
240604
558283
778239
284774
518309
820743
169087
536509
655239
617871
420354
235890
410996
308522
274539
675218
484479
169340
283200
182908
879440
594103
572698
546211
562465
558033
772076
897874
968825
661264
676910
905002
575042
926722
727173
550310
188552
512970
423120
194944
148240
238292
294546
129452
758578
326282
785335
688930
364373
870207
533380
887705
344838
360296
387552
364111
248852
123243
671577
992869
261228
153231
418420
910887
701516
841331
370261
545641
265093
859931
155143
286349
850194
344676
626056
549410
257199
727385
102036
930854
394008
527134
124653
523947
532736
842506
800676
131128
936715
486225
457894
448454
472424
190079
355110
693931
107054
202465
762595
650836
893905
438974
451094
904106
676993
239939
833850
358775
861920
363387
659639
566563
148862
289725
398669
755639
617683
594367
688026
764610
559160
512393
182153
442457
712674
927172
963735
501401
325148
894386
505987
228873
257471
170935
314289
669179
412529
445204
413882
384241
365656
610996
478900
121404
887737
656864
391194
376383
930898
544237
992024
865362
106991
829749
460181
331075
278669
865699
867836
443158
831017
928456
492073
152141
409668
333994
753101
305667
910230
549820
219902
232979
137099
104489
358527
480662
575966
611594
533127
812616
974801
115095
369648
264012
881414
655610
307102
114534
310685
374271
951625
625958
168139
437863
769353
279493
845331
692380
784990
197223
443396
817535
143577
740736
221550
185725
855339
626164
198209
978432
328136
771575
504773
677378
976854
424819
984688
148508
444056
570375
296135
764444
867346
307692
524597
267573
941400
634483
442561
308784
574807
484394
409678
621473
539552
727646
391764
624276
897997
578203
304567
846822
116017
689038
243873
260208
509120
537419
364769
561694
900631
467242
595935
825502
514410
864333
293530
464852
809129
401468
305120
722571
507694
375537
280586
949733
886309
536272
994418
551379
588696
122958
578993
833376
118326
172755
181145
744615
427360
115065
199788
754534
907664
529940
319160
278570
191878
995052
926799
783274
442352
455589
681351
544399
510708
647712
359850
808976
602654
693722
411995
567773
887489
463474
190086
644850
849612
307272
851938
998795
941866
984577
120167
672790
620341
634055
969574
271747
908249
240045
160169
605528
579041
926960
813991
616642
541760
295738
883044
649574
803773
406944
671235
814422
619164
672490
451593
361663
727269
794707
987344
779006
628788
546310
634084
852211
778844
151848
856797
412814
497304
534645
682650
524997
235632
518883
715574
757511
280100
703939
511594
234027
845624
580198
185247
384418
430044
417883
710574
856748
299831
702198
741878
305222
824751
793133
878008
874656
452120
945948
197587
942957
105719
127080
342775
184500
965169
405537
494856
603683
298581
198752
335345
198019
392546
616656
272994
944934
865462
524553
312584
483997
870101
596247
494056
220646
484850
499417
586935
565763
400957
579717
247161
548070
374153
350761
646196
370024
457305
485581
123280
387577
155718
309556
865741
587441
522255
893122
297985
187781
364446
474327
198285
885686
673203
183736
474266
156803
653359
887279
718613
375966
840543
691785
520645
776476
288227
407389
828581
796230
718842
549837
834242
643949
733036
108485
224978
786170
454068
484288
347855
269891
142375
460553
405999
969498
414885
458079
529057
717087
946875
993650
301254
504950
489619
689130
195498
128819
604729
106472
383358
199762
948970
419331
682515
887619
330587
291156
291188
605346
849091
476462
569632
284293
890854
862468
491235
339118
713791
682863
334737
800480
501130
549191
453470
842159
337355
367854
785821
321680
298654
850252
748402
518672
558556
182965
318230
569568
953030
338279
288647
210573
515410
416368
845897
121006
881903
141548
352158
376182
656822
382507
543613
207242
662927
176273
589329
467085
660349
138040
648593
570518
871015
720336
482167
234371
236964
703654
702784
469575
672130
750882
217663
247102
187123
580234
622846
289250
771125
224932
288370
690262
838333
586777
779545
472191
362111
811381
915763
916563
308284
610891
996378
299177
475592
680790
629568
130512
877398
958682
824835
150876
616291
899112
896784
468347
922844
894304
584913
318885
825325
892593
398356
376818
897959
747708
218970
494437
846893
466711
464151
577254
708892
753485
372781
752366
804564
382946
981088
683579
800711
881236
941878
853251
130844
311966
511981
111430
996288
714006
359288
848316
496267
437110
193880
253869
725930
728632
233811
441855
713679
283482
932499
296074
588753
240384
885309
530920
213216
482905
285164
233928
654089
785210
652715
262593
118210
896935
608972
794308
655380
614288
619815
480938
569826
941656
671281
508524
814170
181968
807288
324978
885782
620674
725305
115811
247983
707466
619231
933819
168928
315455
121081
339482
642802
994959
213750
986201
617993
900584
261695
674392
391690
642387
655377
744403
377639
281530
530549
305875
811369
864522
309726
923616
368409
888308
705919
677748
716171
884366
906950
806635
471943
909623
459737
146359
434933
152663
537131
522800
895876
766340
416635
965224
276504
749057
882954
963708
535086
862145
669527
824102
740204
292489
579960
952079
968874
865204
481175
584067
196791
529136
762023
842013
516778
429829
350337
120129
482822
301718
614463
401800
490696
482272
495060
429110
823568
696703
363527
210055
490826
644080
858602
435592
565688
535857
966747
177123
594974
779525
329334
792658
943817
627059
935988
274004
710940
860558
927653
381437
386681
580432
738726
186471
655849
809727
440286
260519
354952
680561
477115
759770
535376
171884
357828
430623
729440
965094
794010
888958
834952
488267
127600
889957
241268
838845
372548
659028
516051
210966
798041
134958
203843
789865
870002
913648
355098
669254
737325
481918
340755
610428
566074
545337
106771
344664
447223
437997
282264
673708
686089
945126
395485
935883
741177
910658
731308
496625
484553
879617
477089
817728
444145
849882
620310
939269
383066
409928
605552
772792
363093
242945
125573
503554
490361
218374
220681
766521
350456
935414
482644
634855
763997
614590
559633
315625
277317
120971
449061
218515
279287
553024
663354
467825
306464
988451
667944
200264
305935
115473
507743
147738
139818
284850
863411
290921
216459
670151
879364
726195
786171
793280
780968
735707
421802
345642
417272
422600
817256
281478
134900
101799
206562
899092
210131
499436
787388
431310
102060
922262
158535
917009
471930
790928
920896
475574
786511
149139
500037
282272
574264
274793
598228
924589
480361
543980
688482
801327
829957
593197
364085
138933
738987
920209
769567
158274
953824
991958
830199
887391
141014
252851
484214
484652
898806
861661
629002
473617
204655
245733
204154
133011
416506
878015
448183
666371
987017
101278
153563
851376
972044
223643
166626
383196
286944
812405
460417
805388
822517
501426
702311
616953
451738
590499
546766
672644
207366
524773
610302
213479
832710
862884
111199
750182
628318
786586
697368
518148
237150
219669
929161
197073
404355
303863
230305
629345
319526
729271
158461
178936
550821
466821
840894
586338
148204
274922
800198
538399
331648
330861
291854
840027
134184
763474
503079
539772
993176
613886
991467
311956
460603
817654
975807
789111
756796
114116
514728
270566
746257
454171
469638
189801
799205
494482
298961
539644
646528
222348
962351
325440
450166
630201
569584
944306
378569
288437
567846
706393
803355
931790
649156
390329
292148
559363
379153
592836
845419
240711
489321
985168
318357
347429
295889
445508
332200
949886
337493
851180
873259
153166
810335
797356
716924
158412
584982
930032
743613
980048
260113
253282
631612
739119
649462
581237
932029
685985
143284
379198
880198
567076
441081
598019
186695
947417
360081
553868
717443
991052
354492
825653
610176
697170
326986
704837
839591
135691
114133
503545
551512
685574
535067
823162
649326
966532
645207
464653
756074
564884
283963
581321
107231
418494
805804
965283
144441
446811
446522
493125
718186
309313
907259
664669
524979
554717
287363
467249
830315
692505
745473
590673
515439
235933
970873
614885
454310
670385
589625
952421
375056
632833
820251
209479
192619
316793
404246
328051
487457
343696
780641
241363
221105
999137
787941
299206
207672
288307
730878
805524
999932
988731
822702
993403
887285
706584
850206
315783
175896
544796
487186
377985
559969
553162
851591
315358
324413
970458
781643
505624
159378
429466
955065
443483
324875
745999
961488
382741
574595
102777
606160
975120
859405
575604
689008
275356
964798
951546
875454
351301
891576
859142
361364
397540
716563
538100
282323
514705
170698
441989
221343
126870
347136
506302
880407
202847
865933
981679
987695
441550
678152
655921
366956
177355
948307
305833
481979
387064
983582
705193
346830
437762
502681
560950
293780
917395
125785
983140
615316
624677
541286
167037
978150
399345
864959
672256
998798
557670
635818
204774
672949
945397
516892
223136
340774
327400
703233
929917
380770
334515
784841
189864
541441
687010
390799
955149
847590
185586
717127
348348
691133
277821
121892
485382
451187
349197
566787
821445
838482
769489
602999
719576
275256
755533
636818
145323
917747
782411
320556
778997
667483
573040
553523
122075
333260
410410
396752
648722
380478
424165
824242
539138
683747
950749
377337
105445
327420
684365
216352
993615
263864
527206
428168
540168
435178
376731
931166
561620
543046
622553
459112
448372
326328
860820
928433
610086
503362
294845
749486
388071
738128
458448
373452
279256
121656
883913
478168
296990
815635
959382
720267
520579
866611
112264
831184
261947
743713
566499
898708
658113
280468
195925
369928
267551
375247
235843
619221
868300
521879
708895
899294
480016
292015
688822
654539
252420
398259
452550
396311
186548
230958
632652
784183
825798
905048
366811
737028
267540
190799
970345
733224
105140
612272
965443
898594
605562
398834
288961
511701
753843
252928
282900
884595
570930
988497
375868
140769
987112
511398
177782
491432
611852
557247
123443
481016
784346
913530
686532
922456
447320
228745
959504
689742
490451
812078
370568
451143
844552
797366
723922
759908
169022
933136
100961
753986
423953
356681
466150
609444
224490
222981
252416
580799
146281
192731
528654
809538
821573
912941
165509
474367
237962
150883
347550
780059
824609
601187
438151
228814
790541
539023
599033
388502
389745
420316
485065
554559
541776
916906
216856
626151
213100
696836
345253
669041
916912
669750
639299
583273
137545
274822
218597
167118
128431
337969
907573
795969
911425
379843
460964
228201
815982
628210
604859
494496
539696
252215
607504
908189
836563
509642
742869
396831
755892
625817
816331
826802
690692
661508
633108
591521
619244
217432
937573
116953
931178
248743
735546
829078
821465
225568
474403
910284
943247
607888
390844
561204
992351
989877
575291
721393
925311
924987
331874
869086
447557
386197
128917
762006
488810
446585
952389
423391
780432
540984
892107
839027
669824
865656
716144
716429
863276
648209
982633
783917
607091
379904
193376
171528
202402
622027
899469
150447
627064
256370
178115
513881
764162
363086
956071
109200
185541
756681
386940
282198
972923
711161
397210
716145
470420
231930
465565
484602
294173
562983
986681
160062
643582
710261
380074
531567
328542
237708
398058
365482
349089
751075
753372
127557
446897
772311
365734
107733
551642
485895
245979
779225
907279
414511
941846
617255
263531
978368
976803
368689
777810
620248
425495
151316
956118
283203
397408
362749
989429
809005
651190
553495
858559
237794
580241
626805
901621
384133
169556
618136
649517
315945
200551
517854
910322
862127
569571
113192
726376
225149
676519
364327
377518
404215
751655
244066
491548
774845
847108
102406
743724
942017
308118
887626
912373
181827
273445
533149
825234
196267
513784
809103
772929
850082
214948
971513
263143
332493
616550
925833
268496
138790
402604
485422
102101
800953
689230
764989
427990
459257
736986
158398
434119
388861
111821
202646
803304
268250
170877
284977
466091
190493
635763
666315
320250
132133
532246
988476
972145
362619
489026
572606
622887
298672
705912
805884
150922
108305
109935
738425
170856
417737
624072
335705
357322
844275
726431
600240
729691
214618
177949
651653
678534
285744
946155
437283
646845
492487
863329
306844
604246
443759
512636
946298
217136
484141
474573
510820
193203
611316
871310
785257
180693
662306
366736
369900
365337
635962
398609
480620
936179
942457
254505
544366
644166
798679
660419
583561
820174
191773
768392
943534
391577
916349
502934
371986
797199
905778
900720
375130
584979
548629
409680
114562
603586
196984
152792
397994
574457
366819
554437
552989
990579
378282
749636
963647
518063
760487
586815
485330
364720
293369
603568
346277
412926
104120
546134
117498
763881
906291
451557
838994
798254
478984
860536
524056
871731
409632
301986
485222
756492
734565
346625
805048
915424
815296
491636
307147
145509
575763
898275
416881
831655
435504
561917
335989
479272
945556
411743
995461
965730
107460
666480
161696
691592
207874
217354
391422
339275
952524
430002
925686
421367
901361
455465
384048
659421
753680
795035
899624
652716
443280
146324
661883
440089
895702
279538
110258
632541
813574
295542
771720
700861
706585
907604
835865
541957
926870
734186
759977
517262
900656
966734
427854
680063
510013
507391
304187
734287
666959
357374
666825
706184
860336
289685
781316
373863
440350
303349
788144
526432
836321
529054
963447
293439
120869
754583
298288
214217
215001
350333
578732
116801
435266
623480
661344
917158
366524
159881
985674
646201
467087
154816
929699
564285
311018
532235
353888
821015
864734
440328
901636
407893
269721
548283
776325
346379
750494
101883
784793
899448
603742
542438
456925
503911
354133
777941
170337
529266
365443
207723
779892
125344
724549
525607
326152
630191
354383
441048
852770
632301
871017
366544
791936
813376
554787
365425
367911
683174
734902
934948
614407
717942
267577
296777
554701
613541
705213
742729
362726
267397
454533
971975
564587
997224
672709
988853
289614
931618
278326
893922
894814
473324
300210
737777
987002
329253
412211
650789
878992
569715
780611
655992
201233
258311
332895
396395
353683
475263
134477
935320
153314
732645
203863
208419
974212
172212
301763
434799
716775
167322
304304
870508
160682
512089
336687
323438
483909
689032
434299
630266
478549
886871
898583
525145
211944
536016
508675
673711
516513
498136
218715
113285
946281
643092
765164
416930
216659
524041
618706
763000
995913
913116
406803
340219
852856
951096
252210
276685
796117
496365
868914
264084
823882
821429
696775
733004
301953
465971
368218
963513
640748
701845
716313
363797
606287
333912
872088
119400
641483
788394
545960
279414
957095
747466
818258
311986
306333
443915
567793
346064
738270
721336
131561
555575
785283
904018
864007
772181
462609
672821
923735
505069
985384
437817
368412
821932
719784
716115
443312
189530
343585
901403
587896
190443
213781
965545
597762
860661
957324
872665
493438
319580
743188
287949
574902
690280
104115
899986
443596
756600
163403
933530
299150
228272
175368
358504
318040
461486
208489
897419
361127
283867
989448
487169
436021
270364
481032
416637
187126
269992
979098
360900
698286
797716
449100
651249
606540
274250
362607
216440
865607
756153
774403
839399
161172
454309
729697
209352
395969
749183
536836
114595
287473
508367
722229
372608
307477
278541
363090
797291
859651
399408
977723
831056
860533
262398
335416
967526
427744
600801
921642
740232
683343
764635
614509
724990
283164
413072
332902
752570
724555
334914
118767
546174
755459
135258
776828
934971
554890
931778
588649
229461
410972
232784
983874
679074
349639
893148
897934
601329
755045
634706
437561
763175
437623
630211
647229
730948
852827
227926
579180
864548
206538
907260
653085
665570
912785
257313
459344
672919
278729
161054
879008
281824
958965
820204
442916
695454
449944
946483
285153
994742
113712
272000
546960
170905
339763
953749
269575
635614
176196
364378
496391
377642
562642
186929
209090
943730
142542
290535
479910
463095
594662
937862
482155
543377
680067
201704
682805
734311
254939
780615
461445
871577
561268
221007
395906
717089
651542
266036
964832
855118
292748
698944
573515
250320
472375
230757
355250
992210
484974
381552
571922
191200
814101
403166
741630
236426
562201
854825
878376
398049
717414
277979
111215
305727
637605
389796
620805
712227
347382
791110
781147
341209
221413
631788
484331
465336
830924
277403
205441
223077
754853
530721
713704
964790
554602
800554
741997
818352
306700
760626
929938
286385
235660
494836
171793
489834
723128
943905
224618
516036
942693
735629
608587
167684
383110
954147
867388
783305
507367
570904
426468
330993
857928
136285
383739
453404
457785
959182
345708
573704
163183
991623
183526
375451
299328
579767
941921
333535
709024
257932
288392
958888
420793
333550
780134
665489
639712
312360
498417
897253
602618
271200
212206
575769
502987
303304
873055
445014
422646
999149
137392
305748
515318
183597
322074
697730
600279
846278
831537
482147
279346
833609
976241
950482
573156
214956
240320
626310
154826
606559
888223
658928
694234
313591
200787
454401
598529
608230
294698
142377
130037
919372
806700
158618
848598
400391
143520
931947
288614
569029
458231
795736
214017
579034
226585
868519
543899
448429
103211
205765
393013
120557
223962
984079
379068
271521
660295
824525
343166
344604
232110
628536
746057
226127
776948
737021
801698
511513
475244
430265
811935
699578
348518
832292
860258
739941
220502
634602
481938
823923
276156
682516
438935
902740
115765
118790
651826
399105
468446
780865
600631
273453
688384
388584
773224
842202
619484
485472
934447
146375
681107
504497
479671
720199
238611
907625
390343
155629
403610
619200
815613
323651
325704
676726
751171
927226
388645
799256
367025
544284
507948
852289
352159
356701
290771
200573
972996
424016
962904
754409
995728
516054
450089
347734
112514
604657
143536
193965
107655
285174
566841
184780
122416
888193
525634
462798
176206
693443
797982
487081
553197
661846
990437
486449
584426
109745
892284
715386
839858
575702
657180
240283
106105
638729
795778
467821
667860
580572
660339
627986
642835
576549
297097
690707
364574
681297
679870
857826
393323
383953
104755
701790
608601
626003
579742
851253
836621
671628
432335
489412
714054
573041
781693
943353
195103
520068
186513
238009
815776
933323
392462
490238
530945
253181
239612
569016
923517
188278
425616
451477
334127
680842
839769
643323
967435
261078
494666
625809
901307
828978
659871
206174
511284
982466
306286
170537
680245
302700
371915
259455
389084
176964
353495
428596
560485
761666
295622
847488
251135
994869
596908
848074
669453
105745
249636
828099
514838
806340
992861
959145
982537
953767
164609
967116
658352
388048
232706
419470
271824
886980
538180
640899
538683
152201
510337
618519
938002
802329
427965
190767
950746
446834
186631
329991
405497
351147
726088
516955
137805
446113
532331
551105
225994
182256
972649
105940
127534
651901
938127
891276
735779
771792
176111
824776
826512
973151
542208
634637
289980
790117
891283
408904
958496
861105
816115
304303
743560
620859
786232
405702
523014
461457
603336
550078
906386
754928
931946
537495
695138
929742
946217
186438
996770
164756
847105
228626
621873
201162
568009
359129
582200
296458
800988
480175
523655
783094
252262
317926
650893
276229
219784
238377
396211
759704
115912
723842
835926
866795
164057
613884
282432
534343
620418
743842
984898
516245
525389
683878
490096
767405
291406
985086
376377
819564
124942
643209
752865
293636
485075
854128
511516
893421
501710
154183
353801
227449
208736
863602
346409
142214
318313
947812
453468
808844
901135
664803
720726
984438
672808
124520
182690
873485
416165
338434
284147
174064
599419
654330
371523
878464
687310
703185
606378
573592
742907
955237
752349
295993
182787
493842
777920
505603
163344
345046
777033
527841
330533
278381
645843
244315
824454
653019
450651
824462
240833
496712
629403
288953
251447
412325
416417
802030
528875
859693
704299
116969
984294
657062
626753
793756
236229
151847
839246
211272
348320
751284
898332
291977
202999
758980
624428
627689
255898
676259
412079
170708
829333
810068
738788
890283
743543
483022
909007
721842
344414
377672
133202
382532
965409
759887
148106
580326
576922
534675
423976
914425
944941
511906
923850
303145
990649
887116
504822
988930
243034
267782
710258
333123
908088
833578
340547
395946
810351
973051
581984
159983
939292
237862
196723
460653
271009
137283
510220
116539
701558
284988
434785
155992
999404
142373
914053
478469
176255
576937
606819
169036
572695
249093
238616
173662
620795
612717
393419
193307
948499
323533
748106
531498
395928
805515
101922
698633
713818
863847
721242
799838
368781
580804
477869
970411
912273
429728
174818
599616
408381
412319
714250
801739
811304
997286
727221
629098
980819
163811
854705
243393
183894
198250
124192
411719
104069
833083
568852
888251
717279
238207
676778
186612
173524
391152
665569
439926
695632
695704
156693
331712
916775
204434
395164
401602
575231
789965
228861
322795
361109
974927
263912
306305
324941
244566
599285
478698
256825
518810
198397
291751
265285
499790
719855
159681
697085
523077
556432
771835
723548
589041
518290
659335
400914
737766
129200
312404
122705
909181
579235
176197
914420
401749
930980
405757
158603
434357
170559
861879
321576
563052
840208
595250
635552
889976
680508
286537
525726
950885
403470
640512
327114
908590
513869
314138
676913
435711
791479
451976
385809
864443
762397
463740
351203
831065
389146
698491
585222
521097
443504
714929
509348
362261
151617
465983
132675
688770
989639
271791
295946
553110
188912
450472
117389
735507
430586
213885
595704
320289
698407
866367
603892
542027
462877
232883
513208
792063
988861
351998
325104
482617
232573
409277
370018
949753
356644
487922
239427
565040
636002
765784
857333
513466
736330
464215
101979
816358
648045
778643
157947
920369
722579
716959
713422
593487
824952
218511
300967
102539
503521
474283
469533
947303
440570
655583
584087
626972
846926
119471
484083
649445
881122
101992
994803
982359
789134
836658
545861
702472
831161
309345
196430
608593
940656
142315
208434
228462
914946
357044
602658
526434
227195
337477
797890
149367
458619
311323
498518
888707
431795
927643
775048
771878
102875
839651
486649
900496
101043
396092
991266
925759
763572
392555
722501
203174
579281
285671
355541
383146
139728
125734
274975
602758
300511
751600
710259
807822
675700
765364
742803
706096
279334
944313
718806
790774
844161
618828
671033
564808
145738
764441
409220
563471
477872
918549
323637
982036
795851
629880
346827
525767
553780
932616
588880
783964
995840
166768
173315
348975
841465
825007
187202
872776
159419
133549
272465
366810
308488
438953
448297
678501
751081
474989
806368
321179
728290
389123
859632
212768
291921
567169
156359
670442
785986
133535
747499
129352
146994
876490
299944
283455
309694
649200
534039
854096
924903
413724
728684
879413
260644
996956
675356
105034
170756
729405
347113
941192
562079
342488
840748
460332
375927
390822
620126
480855
675120
830639
968899
858862
221865
645632
258483
914178
645719
998683
647398
486890
713021
988808
818844
905900
206985
750762
144966
906235
164109
168588
583860
641753
613209
416954
990012
126942
744082
388971
717700
360305
455857
948892
806412
360019
488634
926905
597467
862363
234615
481364
336004
398683
984945
205528
515892
457890
164459
942390
458971
655419
364379
633758
482453
501811
962085
546155
769236
386040
106805
427605
993676
802652
753497
961354
282906
640793
541273
334710
136466
991790
671604
818398
656260
873672
467320
548621
186249
265884
209245
144518
351824
198160
502271
372184
473952
776569
237687
196847
956489
568575
738997
566503
831787
129629
331099
374236
699074
568325
555097
103741
403245
403937
382144
352670
984825
609203
333829
947501
512463
319229
865077
203132
373495
802525
770767
953277
752552
554832
631011
134476
389165
106904
504773
719110
487029
452568
694381
511671
951894
635324
365134
559665
287967
160277
693424
727032
480537
784450
721453
488315
361146
737898
501989
301757
642790
178982
710687
876497
997953
401852
503772
833188
287446
212741
589689
341556
633981
989680
998081
162143
496300
663264
674540
239958
525469
310064
286489
757776
377496
417687
470403
217275
339901
517895
292995
287181
923568
453295
486529
524216
978465
140192
924760
964572
963478
767468
560262
598327
456792
340458
961036
204504
684311
635158
804072
574001
131067
332694
697869
694218
222216
321304
296860
587761
448588
890231
634017
885935
322313
358140
535916
273687
862202
285280
115914
778008
710947
442704
927199
277202
642777
515625
466370
195653
378187
995939
204310
800740
278892
379882
369153
937033
174654
878119
774922
411266
154173
169886
665140
414985
208613
779601
156465
368433
839840
168033
464421
912572
245776
467828
256057
962602
795670
207858
619447
943467
908348
682409
108937
560086
950117
134321
646057
928242
916815
880842
151364
870353
659906
669281
828080
313981
707928
906034
200870
917930
308297
695815
138878
365963
327217
262366
263367
139969
788960
199816
758239
884782
323551
606350
934421
319976
209242
120974
409080
285481
478062
845668
135004
402754
912560
236324
404841
410096
333623
280867
774815
622119
949607
765877
473354
527691
513723
295184
541949
109501
955246
565776
688750
583218
585830
765301
469807
266496
546494
447430
120964
820497
368015
336184
718886
529242
156826
587786
959891
849702
954804
855880
279567
856907
517902
368079
591995
771166
182848
679632
559120
183746
313778
990446
820024
319483
521223
273793
580202
673057
935718
698781
952896
587472
358854
828716
444374
103580
276821
267256
765409
313570
141797
819493
488234
635450
672532
625627
497766
257224
769590
675361
829363
739826
121441
101508
511633
214092
919029
754968
216730
501807
940134
945206
831295
348264
356967
222563
265345
840844
850165
651249
426281
584457
129181
838110
848453
865016
621163
186714
318079
400335
599568
477031
496379
308371
272623
284761
118860
977162
117668
387228
142068
287886
831697
387733
110519
518430
593191
991681
903354
264047
623757
410713
575582
679967
452688
125303
722515
443146
874439
692562
834682
926101
295362
811589
305947
833416
811823
776495
497535
723321
357320
143987
242315
264707
278460
863871
984378
295574
551448
228425
119254
700199
534834
404342
116979
121448
191090
905812
419336
518579
743326
476231
317611
275104
590272
302305
669927
485365
775030
611434
512220
199229
935509
437504
956340
928689
392699
895191
156285
935763
715984
548865
826728
525498
971960
145513
372221
517224
416536
656442
661977
173239
631650
288764
261637
669105
815230
561502
139316
944927
260183
774959
900281
707033
894880
557702
493346
143133
265281
476546
280917
663227
106050
755564
787685
392652
812114
515513
440945
416450
511508
945547
365241
687227
854983
625302
708542
383343
529617
280864
501141
523753
579239
198306
488360
624083
464859
613195
647785
363305
942563
488996
766388
907984
647426
727342
935104
643807
115957
184967
202049
993659
763420
994700
132477
241217
272963
174745
222824
203197
506987
985035
584415
521463
753786
690758
752158
504109
586460
301874
637086
553499
142357
190848
546063
115127
864100
235691
343149
436441
350133
981562
556322
336631
960419
826369
295160
216335
260519
520327
920537
185054
962818
715491
122629
704910
108612
545632
824847
705484
689078
183711
771317
988822
859594
279579
261818
661907
572188
184391
155553
320253
231269
749620
530760
615898
764829
164591
338975
151561
579978
849287
800611
701559
622697
528652
843548
572881
410712
703379
617967
651891
285021
348534
927424
450847
894711
599160
949640
646474
314143
997798
815983
330800
566202
954073
122247
173928
567678
538008
638085
678481
906526
127899
945659
991052
399828
556970
348246
773860
104362
719299
921778
520072
699686
287899
922709
991641
373615
487452
587631
353598
807776
544908
303852
948597
381192
645486
986579
128644
457338
121442
259550
450061
638200
252903
192566
840448
943800
282369
966506
763947
942576
506614
503628
959981
301219
892754
443816
173416
739431
948874
479042
855572
986514
661149
972107
956720
310882
585814
119679
814867
485606
612527
110527
712161
361132
468304
507142
608793
716903
594677
517801
281355
665564
465901
169424
260263
100426
308031
205772
545744
868531
801735
414068
859280
574603
960669
792352
318597
896381
747798
327553
119961
680596
861349
271963
583535
428237
858554
959392
764121
458070
122154
852426
661063
922755
691791
202996
975065
715565
662086
635733
445558
523751
385430
233979
570197
166111
493520
298176
332281
524844
648050
145035
828473
724378
420678
456838
982365
731536
874408
686488
179237
241658
252676
476190
400643
194648
680477
288682
850889
727522
783883
552184
151069
302966
456764
973993
286217
689824
591450
423230
641390
292644
400941
208691
542745
424587
167448
473141
643022
602376
300574
941889
240801
956550
157831
308091
215299
723632
750974
995464
980185
361500
798802
485192
680489
804725
231676
624851
126638
879843
278720
486575
722538
848409
337004
591083
743323
456443
371869
944092
612070
952458
823329
832177
266384
829166
173080
239796
795020
779231
347060
524192
118510
279215
477599
361306
888062
905591
830555
189485
938153
830173
636932
636294
343889
739519
462258
209320
329124
844031
545339
349453
583562
283018
223573
868955
953080
635974
768249
707966
800001
744888
103907
152839
366796
213968
945750
825729
641377
989138
354492
925675
705181
687713
751243
211447
836678
971177
198403
129567
511864
444681
148564
842334
950045
910908
753501
395890
766779
590723
352079
886636
241831
628496
480944
926609
797047
230673
396891
247377
746933
953943
330532
100161
718960
698435
643289
793111
901389
770828
894757
742050
406586
178287
911182
801539
774627
982963
636830
298124
928413
688471
972766
427027
586592
657979
141150
946066
726802
614312
784882
446751
104158
222301
836919
763331
301924
808311
787379
841049
196074
465147
457529
801222
794704
270403
215372
177647
244160
725508
170875
550331
975460
426232
965131
748230
992786
731436
378354
936606
355267
950632
734431
886558
993217
460630
550168
215237
139902
613649
827867
168530
641089
878732
232614
152766
299484
276763
868945
590998
194425
511074
370425
849044
387699
243929
810136
477209
856704
858008
792848
559337
248204
682437
748583
454339
623969
567895
919307
863259
887842
853605
865334
921013
289623
259824
971117
558464
383107
886986
513507
872461
883729
831330
726043
249035
269997
394798
795754
172385
356143
349523
533243
992615
780721
260019
516524
705953
886018
277619
296533
650968
797812
584808
709353
225687
549231
347870
268533
307903
956168
409701
854789
374343
789452
367096
889702
553140
550295
301515
484518
380177
603457
702864
331927
871339
867192
334470
501907
752012
174377
340479
545978
896882
738775
796269
465462
777579
799982
633512
415584
511694
559697
906046
609819
905849
849231
317399
993085
836963
750964
407172
635246
791486
247900
367716
477834
674891
563523
875955
884320
156121
652696
540623
972413
422651
473232
608295
825219
831109
900086
525827
810130
283427
575968
717162
825321
656918
310621
756436
807685
227020
859018
764813
149704
580187
918116
321379
964565
994841
738327
720396
826552
174171
690229
425270
499139
185480
254563
560748
337618
809978
968013
113890
278864
464752
511834
909246
316723
812018
578234
151459
572162
833891
286043
719931
686006
510748
699451
796256
275838
251307
336568
724775
598781
823687
434468
966153
394735
791182
985012
285296
169129
373437
804919
799098
641821
361227
492611
896237
192860
552322
314634
492216
975959
249499
276044
647873
917086
891382
449543
861584
511689
334355
926570
465303
261269
459632
195879
603420
952773
822143
861670
734309
759562
651842
926262
543839
490462
635750
415902
361835
866698
498777
756946
261190
812072
188714
739489
786099
654018
416444
534251
961606
853881
265126
488560
762448
283842
263914
415492
635842
834859
247824
462975
710112
984795
769406
931856
503493
339383
594518
561265
175500
637280
927212
256405
486465
755258
991298
682430
468517
998056
901539
899980
773400
239379
398360
388464
816134
145898
943242
975390
346321
999330
317461
325089
399926
664383
121764
405224
707487
524299
750703
178046
795204
823106
555150
562551
749855
436433
986425
827239
691147
375763
307870
566349
168312
136538
840861
693228
331309
736719
804195
312185
469914
346129
184353
993392
529402
594265
257097
647618
592865
908254
660517
249194
125800
201332
669844
801437
910354
113584
617537
115839
361625
417318
428481
308082
431418
998547
949737
320457
941114
152663
854890
340698
582708
594490
246954
211026
170912
838831
393824
526883
286913
617749
906188
592984
731434
980154
828016
394698
484750
389819
127887
202667
212740
936167
729153
886175
297171
535938
477392
913226
502176
996548
734802
611428
835089
678689
819651
368073
154076
399012
411038
444622
191345
654388
267672
448270
825600
560665
127641
325474
708969
940503
226551
879183
399807
649945
132945
804760
677655
715401
310757
249204
501971
672028
269295
894587
118437
942027
738591
404155
881986
308923
239030
983623
813669
299966
872092
808334
874973
399187
704256
410601
656565
907656
794989
704462
131261
188288
510342
249954
125274
628623
879294
907660
791143
631106
370550
783460
710821
532507
862612
337066
245895
302874
526332
840882
920243
415320
368398
191101
133717
826381
181083
801412
537958
585201
543269
852878
213908
858271
698579
703456
851567
787414
869806
705364
144240
834873
395898
440674
543525
264054
894740
479418
783965
898340
670373
324532
918253
552741
828800
508895
209821
848587
261918
996470
207762
271479
504947
584209
347736
694844
473740
523671
916939
970626
893672
274032
910818
296327
817968
645561
906329
479424
262324
932273
152954
534845
259236
934480
875751
640138
657192
954424
760007
356881
908636
991715
269195
579901
799851
745308
820923
187130
619334
581449
890977
182904
595489
737478
678610
207471
321419
719021
411988
444060
186921
162993
325713
788553
577037
459787
170615
747946
377176
373739
583976
767428
112425
297264
668357
816872
168224
861490
336178
873373
765876
232540
450982
797916
797774
215832
710706
213908
576896
249475
799467
108942
812805
263871
770806
948428
436757
108807
212143
844138
490597
884349
496277
304134
618810
242559
420181
701499
954536
512313
204562
677161
674123
728308
952974
978833
552481
145835
829400
455484
606978
161726
274354
138971
488765
244031
939709
333513
427632
354186
356995
766573
384867
451378
315745
312604
542626
528054
391535
467035
766421
827891
652398
279586
774846
261267
537133
534236
861295
277251
253911
856298
565829
805154
946524
375751
195941
167509
487066
437190
988113
396151
414121
497912
110790
606990
814336
230859
522325
550777
999655
305996
446813
767717
983098
999980
835906
634431
458550
618560
622860
303588
455843
529826
323422
117524
897438
647669
627056
126500
865826
663494
478924
657011
194963
992463
489058
575028
201766
262421
980584
543722
331248
247953
270258
342035
330058
694347
983978
312635
185118
500673
694059
467057
532048
900712
367232
340822
113868
201802
560756
391602
951656
190413
896149
543008
336309
889237
958315
111882
885896
200511
373295
269007
446111
846414
290793
877345
233650
480611
455466
666859
204376
358757
931074
132431
895219
339776
606623
998254
155033
446633
172868
917345
613311
541600
753601
221028
901124
642350
733652
746898
116088
658382
497692
412268
203304
280136
991990
293650
462118
481560
816535
316884
462905
263437
446372
818786
151070
803118
260112
486784
462266
183895
724531
288245
928637
785057
503332
697251
917428
255871
553843
773617
340684
701700
566853
945283
333470
949058
406797
809483
467259
241774
297860
281401
298325
834400
223460
565550
607719
229718
416391
381774
707746
367575
836311
320148
375446
891189
441777
774175
947993
250476
411963
277034
476375
399655
665342
473498
537494
219265
559682
189488
906020
133321
363909
846590
973023
168895
135000
123734
588001
395964
856214
942718
434822
786638
942946
556800
873692
815936
855932
680670
696198
671032
534495
624259
360876
530937
920282
986356
731299
207849
605609
756261
227701
549901
947887
472968
680364
312913
767730
565120
543168
445028
468179
880115
551866
958559
713961
997822
782404
961510
620569
194851
291760
689511
331252
260382
266562
824800
949805
888757
931450
271517
713333
459213
725186
604223
470261
653401
419920
900472
634408
849326
867640
787634
674418
170610
568658
859151
887616
727570
364259
162219
651837
887155
881803
350718
761071
916800
997386
107934
447052
173698
137839
916866
327292
974990
608383
201249
722956
313175
565310
221112
557964
476133
496893
232394
750182
602462
155489
168866
141787
757152
357740
280596
579196
427312
718154
296993
713602
141101
930425
366297
208842
490494
575414
545211
288273
732202
566848
212792
671719
473798
579051
388214
826323
295688
977476
432816
736995
703867
924668
118906
690766
298155
815059
794019
524681
911520
429858
999251
279842
790344
506116
132884
847068
401357
614754
373805
985511
300422
476634
544328
754971
509800
323787
721045
704977
136669
416384
214824
980510
248781
918390
170174
169933
220601
164012
828125
831320
882439
379334
321721
467683
545911
250526
623154
395701
622867
817095
455131
683923
719845
529023
468566
620955
105763
836881
523866
851034
725030
437156
841079
700298
463833
955492
410256
513644
906124
919243
578822
284414
573159
820107
556534
722553
924444
806075
778169
169705
250133
394683
188938
180873
695213
583365
722308
392187
718907
715858
313353
801378
306248
315334
884735
364220
961793
964442
165012
588287
336329
317444
197443
298318
493062
250757
375663
364151
475771
950895
973612
248493
935030
893680
250589
939966
899584
947455
482647
851856
225554
736386
512261
847836
707207
604282
574597
143783
245324
744395
130096
900313
809075
787500
680854
710556
553991
357863
752711
424499
297050
473806
952879
531412
832666
125115
828505
219780
487651
860001
522804
941165
844238
962868
454931
619166
566982
973074
835245
143263
682555
926957
382469
326736
924528
657142
110245
828861
972910
238823
887587
234784
913756
452396
691462
166835
396262
120271
294273
630576
739034
137119
451069
562279
971602
858877
677270
648155
141867
502051
245724
142521
307668
349649
844569
587894
448194
863733
309330
332708
345696
793526
880903
566353
278788
808734
403636
669629
911325
583169
981850
569589
262056
237262
560216
943153
127650
973841
202226
498374
395640
123138
695092
946280
375066
850222
663056
440800
594670
252511
102179
509542
415648
781451
396789
620508
489367
564406
780447
128582
645539
632901
915783
215113
572787
788288
209063
304191
768515
827683
940556
106868
980434
234178
889242
579809
869361
750646
940205
334882
486487
475176
957754
216566
164082
598552
559092
735955
950969
354954
402698
918563
817820
128590
748525
935647
972925
618507
416400
774214
521143
108200
723560
972026
937436
227223
103635
943895
340030
365725
728949
368177
251907
730658
364893
424393
761051
399442
183142
179659
781069
149293
250649
506407
434029
116913
665008
290538
266475
215266
538005
540953
603749
964500
400169
971850
653596
287061
921889
379742
855395
366809
231499
773215
465108
453410
963182
786258
487198
810444
911983
759128
407097
673811
741552
388583
794681
644002
378067
392864
793504
754809
601308
998029
251822
594938
947764
245657
970868
372880
453002
376811
432231
302812
610676
872544
272495
592925
287923
540037
117631
751451
117108
412430
704191
857809
945651
193654
649188
891797
623834
183923
319042
226980
945160
695637
444376
334895
183820
789819
537001
319228
669008
827057
568331
545531
288467
711114
965176
177254
185455
101239
327874
799603
907417
405185
761764
405625
711782
916520
623987
195133
149866
819032
388115
594712
715356
855013
688582
686214
820214
164100
606975
238350
503033
234693
999765
688489
624589
676528
117427
865873
526213
457979
123468
229063
882561
474469
955275
149857
575213
413682
913545
965038
252295
846692
986872
535783
363390
617426
353692
330132
305782
783111
236921
472632
684135
441530
728392
490203
233221
677926
756867
235602
740987
787749
413664
974380
463697
192270
230458
769627
954956
435943
794314
645598
138420
668233
786197
517479
886481
675183
828767
316461
425999
698234
561405
215728
734432
191493
925000
201797
375968
430975
133325
192349
934772
825226
341474
204534
768620
728687
409107
588061
451559
251068
903450
291486
340214
705308
958701
402571
603545
237169
215217
536261
741861
131952
530477
852969
268423
390584
100825
989978
478530
201489
552117
495783
358420
822942
935798
620568
427830
800094
792859
483867
718019
171172
454942
944485
784080
831505
910918
973735
790681
492747
941273
701583
169533
720892
746446
101271
470943
444394
405632
829903
243726
604206
140607
377122
376126
110163
994753
531207
383349
217037
919350
534951
363874
355604
255097
869029
129767
313691
288866
836463
397879
426545
911256
326944
462714
125748
476772
517391
479214
787276
877824
855031
282568
160203
111887
589988
354232
842751
501766
982871
973738
651698
816360
888726
497833
582079
822735
764723
816478
482896
747878
944183
963606
282552
778676
287051
357793
719082
233970
725795
307031
423669
104766
247944
592629
260412
794440
766944
431397
554998
940169
369563
554716
903199
659284
286461
140060
713433
490501
523427
225306
213027
264981
881748
443322
728147
635888
572485
434294
203539
231645
262057
409534
744726
465948
604500
692825
520470
742575
160042
244681
200555
477039
613512
722317
517065
961183
175950
636512
730743
561821
697896
734398
281959
213653
322072
564807
751095
311216
605282
521756
744419
472937
970452
255526
422501
122848
618831
683479
474379
980136
238006
665928
911698
509051
343922
786113
518884
680621
596479
528471
960172
632637
978519
323151
707762
481128
843033
919425
172823
782648
272598
391096
430766
816986
417080
405781
115925
907982
178158
530099
428687
708631
118360
697830
382272
379473
526348
748765
236708
194786
353987
973190
253612
550537
869028
520080
479862
482675
297386
511020
412904
931693
800148
339565
383528
626868
422601
417134
599611
424168
178437
941619
451704
514047
136069
163943
950728
422581
459371
548196
950237
410529
166638
468786
893868
240547
699234
614182
834536
965594
246719
524396
367933
332050
127377
329375
679653
844602
745083
503509
740938
879476
698888
337752
176057
721733
799952
238255
541439
379212
905539
626235
667107
838800
451541
799421
569983
517393
273222
628213
794524
281249
779244
967781
357962
162092
407936
234388
350297
833170
766114
886254
683607
248725
695466
610824
901702
133613
236556
454242
706104
425273
520423
308934
624074
505105
512682
631916
495354
948055
387267
455456
314599
510347
375270
167579
140164
964733
510006
356813
949688
660061
476083
254237
777589
652431
907936
374823
663218
797115
250735
188068
788839
418560
985132
276872
446117
125257
824739
101828
177744
417143
664975
558411
860443
856253
423807
757234
469918
602187
558279
372113
614453
366082
211777
578662
566488
464199
898462
629048
597554
389139
428397
535737
525953
125830
602341
585509
885162
502683
314323
565415
650326
791639
114971
380027
428076
242491
303213
163662
381964
590809
161318
574721
757126
741092
780576
237645
888597
266368
371095
190752
990523
448088
919480
931685
385753
619118
614024
139042
429291
852653
337102
459323
403679
708570
452990
451444
794704
594633
880259
940627
300739
261644
978696
317380
402941
686886
664004
779158
384415
486942
775616
507779
460223
190127
964997
744973
359396
686908
129863
965251
893470
735489
554248
642499
511519
207332
697450
161337
210106
760970
938645
199686
619830
953895
273505
320476
377167
817837
680833
277381
266922
933829
204844
825731
266387
502428
704297
765971
991765
694420
595606
192907
580757
598460
772053
111234
175627
821434
264020
121775
537693
348388
560535
186185
730746
232206
588292
124045
452080
299613
958475
327422
818443
424826
129136
349607
725835
740771
506263
523484
414336
642395
190346
664767
841381
443010
228042
881982
146262
482175
282735
530265
966927
182553
786590
338369
951618
636869
924614
142492
693525
511194
382167
764261
730134
302336
757056
345489
702907
304135
670051
621292
483482
964308
610903
336770
118658
218902
140249
945401
412725
877975
730449
193723
711874
565070
245372
424242
636035
210673
676827
263852
601712
208487
387031
107487
768061
907355
698639
302117
320471
528109
911393
108904
820759
579939
687025
710937
576416
290877
290424
155481
787643
478470
851243
632283
379244
905894
263143
126945
205712
322197
704086
582594
317013
545833
491457
328366
485687
870896
491315
165224
800627
806233
720325
420786
660521
176685
165451
521767
413267
868699
650266
740833
973980
348849
812308
777722
204319
752711
559378
875184
223037
498453
140236
727906
205530
615460
160776
975415
959157
352098
257341
817278
787618
681103
739075
896975
446694
696277
893978
690929
809327
275124
557939
532821
427661
192475
829534
686335
660144
395571
618897
291364
305695
757749
640017
760111
291410
646716
157536
155006
736301
773653
260388
793514
453274
579763
240304
326884
122402
247359
405201
835450
590599
842668
655863
699512
255745
151048
859390
179116
249075
168495
104440
230050
752233
999066
250584
495278
183409
286773
593150
106952
759379
487566
993626
263504
451949
167912
898463
121651
685104
225359
251205
891367
878641
733830
746074
147408
557389
702237
480647
614629
167580
540799
927611
986956
536752
775303
748278
796066
353866
626642
664244
882295
868825
689167
265076
663478
956113
748403
257731
742402
216356
272682
521578
611003
639647
988232
721329
912640
365764
445661
891438
250831
586111
276454
909326
767464
734663
790336
267999
359951
773555
241368
972152
499728
195222
961470
132709
626877
941432
296792
158482
342579
962611
749971
761427
890171
418823
460500
197423
283468
901946
253644
545223
712525
704112
930346
149574
185400
717570
363594
401606
522747
417182
291883
996284
806104
434139
567775
685858
185803
587095
306587
296800
731596
656048
327566
258262
687242
741467
103311
906791
399672
629764
726670
185733
811300
801858
894317
786678
277954
511926
532904
368800
808551
592064
375631
950646
330033
974622
321780
243679
915972
158338
687903
840639
901615
935503
271680
292388
753901
264752
771996
426031
648648
404373
215496
788125
236504
469323
551188
398578
548968
343158
528638
738785
464185
137453
236967
741401
123233
112435
178915
316271
705387
455149
594058
413636
344834
760261
836299
941716
341416
316346
641600
428219
569216
421794
611485
915459
686124
611741
642082
309966
157296
943575
849648
146428
787221
412441
744568
376762
613194
780461
399503
217447
352069
141292
299678
100964
482951
938405
247925
666424
571422
561709
231040
721981
537668
898654
140081
565034
397636
752334
941725
194270
492029
647628
610499
722726
273087
438168
410374
345227
225362
700352
316796
920027
412533
290451
341344
373778
817956
680740
446978
180740
992915
345661
803230
866314
863416
498173
536969
495463
120645
844432
414343
194070
952530
430825
276026
785170
455769
614142
761077
976961
651227
216736
780623
717502
501344
747286
642451
101122
980636
622101
520148
104590
793069
811678
806910
653911
363104
871892
411016
278190
207731
160632
879429
721899
866293
272483
216249
993366
318538
419679
449257
308113
784043
601730
104011
757157
206826
169129
500605
431368
785938
882701
342257
536936
708717
828164
512678
468343
795264
784118
875442
829746
377905
564314
354331
946767
931721
343885
797669
317379
729076
105807
100709
744622
585988
827546
299892
516036
239606
753663
944768
379352
682284
929567
825404
290759
989785
892450
505176
613534
726268
811864
778347
917512
665572
685226
475884
842840
878609
887580
262209
867568
897467
641473
903310
247212
321068
256571
122671
197422
550152
259822
483873
946567
207725
463551
773850
833374
899861
841774
353145
182496
385752
200461
788888
197156
960335
148508
166174
374777
755443
538435
442545
171727
756708
848331
411944
730335
237702
468729
785407
751928
459013
749256
194372
381639
543833
222786
433614
322978
715876
727514
302925
529169
557112
109129
913628
723577
895831
338596
824499
445222
967090
201238
616025
664661
682418
973471
596855
416892
933397
239017
910792
939222
674288
790210
168428
841166
556308
358875
413212
199591
785067
708988
868055
366949
506529
226689
170427
342588
149535
983862
232656
728020
372018
973834
576734
723189
855210
101683
193599
455957
883583
201374
494222
659643
874638
678192
362686
707183
700610
800607
350056
721280
277261
614278
838557
766545
810581
897353
472378
756097
640652
161669
519129
498165
329911
155730
929795
150053
956592
236473
908995
498176
972647
662732
149718
781180
373859
453638
676863
272286
832550
802977
295159
473026
612687
467789
888193
900648
344409
165715
173051
686267
286145
569447
169297
596543
528933
955075
422060
515830
762247
724390
230568
581327
454545
605288
116995
467149
922066
554616
451152
763151
965670
169269
461740
853569
819700
203077
786952
151454
681042
413589
821796
929535
458627
587246
910909
458693
157728
962864
458558
818943
168852
395278
310226
742744
962784
953414
536921
982881
804800
415578
124280
615350
349925
809392
677675
218544
666145
760642
391382
466887
402210
434275
692921
140417
167797
188079
131105
778363
693548
792814
542747
770962
579898
845829
731300
474606
504698
447032
169885
452173
874960
182912
677658
804808
899047
867493
798072
767012
387930
332632
874734
512375
105870
447728
895997
474356
825500
305151
450465
167797
137005
174000
966058
781764
679774
757311
986308
804198
403202
845044
798897
178276
437383
145726
656537
712312
588272
256904
758168
353456
342178
530875
253205
954978
737787
736816
123571
444013
119868
699696
894017
320103
208231
103498
188524
319048
934147
272944
819828
104466
235420
486158
259259
931004
880712
897895
562810
511961
598852
627886
100814
790346
523005
983583
748208
726717
939947
226360
849186
565407
889432
516535
237508
417413
509790
257457
619655
187827
491181
491211
298457
191176
693644
612473
487551
794598
229208
733585
639265
643617
736712
960939
911582
427108
567280
904439
983104
569306
155748
195835
479147
403039
420788
856584
536175
459364
900054
243928
906749
715097
610946
837062
298711
686842
870198
217769
429887
687385
989018
241326
374545
840100
477758
360210
495757
372498
145023
790361
895852
174447
333768
671342
318132
388513
648117
240855
539462
702775
816979
844947
788853
170829
997540
632691
316337
322206
115582
707603
934913
872999
269107
427796
586992
905684
656523
135991
879294
771369
783181
626231
884214
240111
139261
234884
408672
668953
261791
820344
693901
372594
428697
853207
892752
312388
441175
744328
166540
884359
955112
318698
973352
790565
794758
294869
490816
336774
379571
340143
851669
844957
726878
185607
207140
256974
698821
192785
484467
647162
729525
695646
146408
165801
199916
197975
129204
130674
577440
679543
869133
687946
546136
233795
609593
863878
826552
860838
144934
971855
965882
257901
249046
852866
170520
318267
629400
939776
567238
732490
528402
218873
964987
267999
668442
761168
337969
696424
694724
654282
643938
595157
906357
760313
942802
268369
867127
345888
324748
933019
416837
718210
213892
532485
112038
200331
386108
870216
238742
859898
678466
120258
495328
801737
508951
896269
466120
621979
852778
347037
124548
237153
168578
221078
853067
131497
932219
474824
844134
889348
502791
495592
376291
144403
309974
266220
452968
983533
494384
490530
311972
486382
486079
183469
141441
275871
903178
819966
123766
771903
261884
297483
871289
171531
671588
811086
743090
405455
816533
983965
973866
438313
957037
328705
491490
778454
830866
903509
512192
480187
963992
334173
764228
197362
320544
223136
300185
985327
798875
341028
588136
994638
664108
101733
112742
219003
333771
409553
742541
168830
362629
627459
751528
945793
671137
326458
618567
175551
154845
988437
789331
631018
902519
922733
400027
299929
335977
958191
497453
349229
455979
818804
184193
892254
701660
940959
705519
532262
676603
579699
608385
815562
299631
850414
240546
510369
196647
931686
779094
522274
532252
822463
634627
962734
861106
515590
147501
965687
357373
332685
796960
352076
458785
805570
186022
718242
812913
378958
484184
360352
577753
880488
172177
492679
249431
221299
127103
991804
655460
800443
645394
594004
299345
214983
127799
903771
645388
286171
776158
698656
399074
505710
403158
627361
424286
499010
606715
414542
455376
397701
487974
464764
331145
221411
723523
676393
205026
448326
237696
443719
422236
617867
683041
934376
718818
713858
802544
757892
525546
981602
101617
496841
136539
320582
410676
500223
592265
467944
190564
179894
901083
771193
951260
498895
305966
198618
971545
136677
827410
209530
455915
208918
894066
192812
599269
384145
843505
614339
340308
370558
299856
632717
184556
664388
682060
840394
591165
110843
309988
825832
773284
520143
587736
633917
670655
516589
670348
427167
436889
150381
886508
572963
667651
348124
103659
656688
181283
535877
894180
998911
760646
220444
961121
680178
954993
219303
542713
779182
514101
345929
864051
244822
815617
731755
124009
269349
670449
478633
548585
270984
456324
786487
908085
197878
823756
898670
525418
569996
976959
219800
442301
119049
848138
769139
680129
172963
545252
129733
222502
750405
837696
198108
288603
837702
401181
885536
185204
794950
110104
268216
253702
167047
917889
236118
511855
640486
345611
633888
288563
753204
696252
113596
188610
209782
924964
886935
675637
560949
466507
520658
902966
341859
415523
237193
724479
992971
891357
507073
712123
152755
571831
424462
293834
283761
323091
618462
155584
393543
766370
334214
446668
890716
155007
103494
932213
197113
860025
585851
670560
443516
875752
517954
466095
428028
689601
391108
200004
545115
179012
526562
116644
874433
328595
350334
231926
469786
934365
296867
923210
579566
766072
858995
278134
191896
406764
783755
819164
503654
523724
630644
530920
534253
351776
350281
883124
256037
435678
887744
917422
218120
348312
690775
625106
588419
488430
336733
555729
257174
945828
770842
515187
675982
722286
915547
188376
143420
633319
574750
477754
696178
679298
471510
678414
508729
181687
771996
911050
836338
642143
624722
391808
198535
467963
495349
379336
287053
449998
348382
633820
971321
655628
894581
719325
346748
658410
827028
324692
267740
225172
495795
571666
167856
438045
505716
314680
270263
305489
307405
636787
992534
390183
898190
728319
620140
806898
644622
320780
297428
125655
973079
980030
507799
830776
355050
431022
704011
989263
346608
931214
305580
867894
956574
270666
558644
865571
211876
173898
151578
985682
803474
329044
763109
438650
196007
437454
759916
346913
999096
803329
448715
351851
630842
974969
470723
255342
543884
906824
959887
746081
774243
363723
322783
218387
405203
404549
912243
568279
278551
283303
930678
885853
800094
357969
329588
322748
797138
119474
292793
588812
201382
389258
543207
752592
784795
855697
494355
854768
770607
649137
410173
418948
932323
558990
690251
907181
207463
103814
305793
967358
354564
702996
835454
559831
828933
551438
163894
875666
302723
188718
763367
604566
538828
721037
356539
792105
442767
270059
155162
470851
387911
640620
288040
625789
562146
702364
637282
310504
519148
238067
479664
916538
646461
308244
693320
780644
193371
471951
469439
913087
373357
850726
410732
497444
650046
829069
590683
144090
858730
744427
205483
810954
507304
444317
651557
249743
530228
129753
779897
399338
924184
277615
743767
441938
435798
267436
187814
880039
611605
930168
606820
826183
481701
650080
846747
942746
437296
529774
508956
637608
926848
299764
744827
849771
994119
467943
426727
219455
220846
311496
371620
576469
627486
949022
963815
376615
359941
644287
292941
696998
942725
831630
680536
735599
289535
723869
620136
503804
520887
543252
103666
697526
409956
666634
847359
988968
401942
514032
229635
708687
905700
288877
663831
921358
335602
815748
675062
297086
398203
962994
183665
716675
639489
700371
808432
802969
520014
991300
801318
644941
901317
754115
264015
549032
642410
913938
527017
183846
521003
225051
996940
211557
816170
339693
184806
206649
239272
536389
812471
892924
617743
950472
785767
271171
667708
197356
939583
707212
439911
730679
718475
336050
861552
404479
611241
733059
132776
558352
705998
646121
115033
147084
246422
302501
692691
916588
732101
742618
332820
797061
879039
118181
261267
135878
205633
879786
739754
599454
302074
274569
137053
112666
147049
719536
526091
532012
232116
983882
826416
640327
726530
113717
472084
857671
827638
508337
220372
145261
783624
605844
539243
239624
236225
892251
829084
116527
550355
932859
859967
226059
748276
340726
224102
951730
503317
372648
414890
742030
830627
852225
351575
613500
543992
613037
562064
493967
851679
728591
190785
262741
836515
146764
452000
794866
379698
651748
680958
993672
622099
118875
167823
938840
415553
852213
770228
648450
289507
444769
332065
820873
827082
439596
639824
464178
965222
937302
639042
810474
296581
318850
468237
601063
915657
883334
117094
913415
453541
949923
768780
892917
943028
240430
364079
660202
200822
665293
693723
964495
259335
641021
685925
617921
142686
847312
897296
882606
802751
153844
933916
940859
240893
473326
982221
789000
110000
988038
997267
785259
802606
141692
109179
538137
767082
409944
596305
795683
299590
382239
715216
108573
386037
768258
276488
289018
766130
865680
168523
460531
739638
923691
879284
736518
521946
570456
387860
921211
145802
595600
963898
438754
224962
130676
713983
675448
556904
501533
296587
324137
475205
521585
953575
785871
983521
119825
679744
337464
571066
116240
116468
191494
426593
533759
835357
474639
675121
999459
472663
727205
753101
753095
649008
828240
968148
387373
397099
301623
613028
929792
511312
144670
961768
507526
302548
407530
213663
662961
317632
216415
413707
214036
211521
748362
489682
828755
684555
346778
994037
766291
947626
689481
387339
825360
810503
270329
205401
629358
522900
342554
186448
135687
583124
705832
609827
758690
664554
234673
246723
761189
357468
432627
817785
599297
671267
679940
804927
435564
445394
964107
173627
867980
466401
779724
193273
175503
843061
399618
139332
338008
396429
203460
843457
601236
859564
891562
436808
383498
197918
995048
807904
233936
631688
909721
239638
592922
174641
382935
167130
969102
267623
377767
608726
375283
712463
976882
556747
917064
149421
524013
587466
637265
147947
816314
644683
369419
335626
925863
234702
152865
504899
585172
393388
534807
334201
383603
984184
517604
259549
629480
221816
218076
666780
132240
773658
334667
681641
554237
982389
541278
573667
264895
107805
476220
453634
495487
947458
376530
888420
779525
980582
283275
802350
912377
256153
381534
688001
993894
270195
377345
182299
884475
346125
861276
821767
382891
740988
796856
416290
446484
344715
832343
664107
266076
911924
741021
556294
806968
151322
806091
165868
313799
491814
713548
863987
455066
928572
192009
793174
574807
730106
218967
554849
111187
707277
827280
544539
781116
264911
913759
983887
304025
612321
126965
396249
953001
781600
703320
720330
243912
736039
173467
632920
513552
431266
755497
677989
881116
929258
884571
240491
838248
889953
102953
163969
170452
435404
837533
898348
407303
187464
178307
574564
427280
229130
858140
592673
575208
536503
263442
684835
783060
542749
197446
553563
284422
257196
776645
461754
431650
375861
202617
158227
325566
520317
123580
584591
553411
310429
960135
220814
520465
658426
932680
175765
188222
554268
212402
453944
653759
512973
348334
687428
865727
445744
384272
397641
743212
659643
285764
657379
315793
231186
754407
475525
886110
765505
834610
940481
144324
710486
177809
559061
704732
312633
319443
216789
746375
306153
571289
398992
373552
120885
187889
517026
757774
452915
553372
518071
321350
619456
352363
567959
236205
238901
926249
433426
955242
976450
311698
311912
782330
159914
684833
864405
469005
277338
286598
406808
421230
950759
513463
440447
368033
329859
678749
571953
885092
978588
653519
669207
145239
624913
879933
741896
207352
990674
943587
314351
475528
807379
453053
652315
669641
985964
881785
662627
356041
618736
631783
924532
826424
659496
555758
145528
179604
819084
524600
214277
199014
163261
189870
444671
229669
160034
560318
712491
691993
935740
323704
433713
570202
314312
896696
606636
147863
378865
697374
551090
424818
320432
702266
354171
407496
194913
967458
368368
863375
203651
116774
160305
829816
363851
926970
572674
129875
932229
701970
338387
575666
536361
241741
951851
292518
168278
730696
304080
733317
156814
860915
173334
607757
333773
668673
771170
959651
316966
258105
937081
199316
342748
242281
869193
859453
225435
664282
149044
243141
373553
102846
581045
679527
883948
804678
999057
539950
686704
734448
234331
989690
719861
332702
933091
890271
992827
801698
574236
649100
715211
724053
490248
498697
789772
726503
718659
478617
423487
124144
860457
599871
279383
515429
515781
443901
461080
391463
400791
249944
979531
478357
883680
310615
543323
452321
240493
267050
386767
175360
934430
998056
612516
813851
304626
102576
526182
976259
476913
344785
136684
263201
510773
220549
989901
623691
665366
297336
744066
430035
234225
807687
597146
956442
369108
754051
205364
379457
461224
418804
660412
155008
974204
122362
329285
307087
706858
321743
302687
437409
194408
513897
575734
327089
674061
931355
223463
361237
265309
251099
573407
476975
437811
600830
142097
277347
450507
753887
776116
718050
648809
233023
390423
195524
912553
183719
333666
810165
639940
672489
564170
136486
695579
867364
855344
979524
763299
276485
852760
774086
118990
308107
579265
450399
564754
590019
133573
937332
724504
717938
504494
149288
279843
863441
540595
706034
972826
843602
770510
647312
948276
951937
965596
389685
819327
647302
126000
576541
427661
191015
685716
975586
849884
717419
854717
198183
540448
906233
719305
335313
694544
733982
266552
749846
256009
315277
490916
128589
344067
715424
925375
137701
519374
525565
620712
622930
745032
239925
232521
827714
818302
752230
734448
713261
547420
841279
289671
568491
733011
698531
456594
886239
424454
115015
780709
417073
441745
683638
947615
214170
864759
703925
967271
200504
624007
686976
527266
883201
418249
163378
861358
222645
160714
858788
176383
425900
138850
965837
267027
517518
291294
792263
755219
927457
633679
501618
548040
363069
601391
123378
757784
594428
649419
420788
611996
295117
165841
649998
990431
124455
609111
105635
969397
193499
732069
522950
887093
298114
472993
630070
266677
868597
781525
514024
409600
556124
643295
234339
377687
699358
675765
884676
457825
838167
370290
776801
860432
656615
594946
192907
553554
915623
472294
817772
299600
842807
328772
170512
592327
719603
515534
527329
719168
508516
473197
676138
774606
859602
263690
821565
704612
374103
168920
845487
459184
783439
843522
697409
542968
266380
747117
434970
265488
226982
523337
971760
459924
407311
204409
192166
550248
527428
401469
590479
948970
386143
307224
580721
214257
893257
600323
639044
825188
750862
661741
648089
715065
588969
376109
412920
857128
834302
781670
485249
518764
787654
316533
808244
625558
968837
448858
831501
598157
483799
721121
288039
600102
911785
115244
263137
575835
734885
848319
326781
406891
836101
319367
277765
277263
128488
182727
859529
107540
216162
377761
136291
273402
254189
953630
665180
569832
737694
452250
859015
462121
538771
175887
400138
985959
313576
368348
124222
822434
904776
325265
754060
717709
835680
756282
298423
384934
386160
877798
885816
708304
528123
461874
397380
404399
950270
346935
163755
432927
830269
497517
601017
716625
695737
936730
705471
503266
941758
895196
800012
807258
558648
176494
376180
113310
709157
913466
128467
557939
196806
172027
804651
904048
925327
261134
360104
183902
850206
827701
291525
555727
104680
401319
552648
839831
643599
986872
633608
937516
895407
880512
671183
620822
249976
712906
395802
692978
816566
258619
240893
503881
868972
544189
297731
469736
430432
504136
716051
985180
319087
927148
240943
500523
305089
916252
264022
518866
857143
885466
893705
150775
733537
396476
411883
116394
263308
177880
566945
296957
952345
718578
189177
784444
187400
535614
969318
296459
411795
482195
739529
839516
562135
235471
765228
669577
498669
317921
324969
499763
600568
550071
617639
726392
574038
367332
490852
706443
733337
261197
418062
654323
866064
229137
286315
275297
996446
918035
867064
237743
954988
672581
142542
316786
312474
217139
804097
326876
272176
284105
624771
638385
915571
372673
648710
726883
242420
299597
164766
870028
704130
672861
201412
725095
488543
839086
197079
652588
581136
365904
119324
176422
607854
540401
360199
704243
197274
753227
710482
268695
635630
742439
894154
279645
808814
725581
691945
847084
210269
745482
140221
816737
670347
567708
647048
207343
681260
562460
514241
891247
614724
705832
506871
335686
464191
186124
955542
363698
507741
990988
547106
348304
603850
912081
620384
170413
578668
464398
244564
944006
581621
664622
344293
526975
960505
960733
957565
524061
552761
183119
598957
486113
563613
519568
998253
310689
339201
186216
225888
717732
431110
336810
400406
729337
317801
428347
595563
317076
288497
288154
755340
278311
721890
251728
380090
397850
671406
911444
756520
822214
153099
964155
388767
239571
166336
271259
906976
191500
601817
464955
410345
430652
670138
323705
598897
797095
827439
361335
238029
527719
230178
616642
680469
967074
430918
399009
741825
183652
189905
413399
214092
618846
615142
483828
186107
302843
482480
873790
875863
594043
244074
143000
146005
620366
806363
720300
997943
480270
347072
152122
648844
980729
783202
202909
601042
664522
627782
237110
980284
541939
267715
589240
191822
346778
841198
200239
730789
116493
766609
697645
201460
115074
313018
331603
712745
630415
469103
616248
168973
779650
190464
993881
637611
747199
349557
481181
169736
488661
597958
163652
427824
739611
852745
838091
962706
490764
322054
656991
102049
355515
212135
482364
252923
340437
943179
870880
657511
165618
899162
216432
604151
909143
376562
610439
701613
505164
282303
853719
555578
921141
530218
899325
875649
764591
786056
739398
719547
610664
615795
632055
908339
640955
752887
725118
694481
133960
151586
515603
125460
673420
398142
475114
345624
609185
665915
548951
727128
822100
355333
509342
163213
476927
803317
182551
676020
999395
791812
311003
507725
806020
526329
231405
535616
239745
920163
671879
671546
975854
800643
379520
519637
803312
992609
508055
175509
705172
916767
537311
872975
149388
514250
829927
788612
641543
764300
938853
529451
649356
698271
503550
678925
180211
741692
705716
117962
643648
721010
103949
418649
514461
674482
361788
116556
928306
381958
944590
683282
591108
424674
270131
194485
650439
431954
765062
478212
978113
767283
825275
780492
430845
600831
834661
587519
633449
204768
948321
668598
125740
773861
990594
359954
787623
937650
631929
163166
215559
668433
306721
661201
489092
245319
210405
835248
722554
761698
811023
110032
374945
123982
114925
665785
266987
190695
775778
838726
686169
729320
763398
582280
955866
681762
822587
568075
137282
658216
262317
609584
269731
821799
928165
175257
215786
733555
170699
373731
772568
164029
188725
780109
771707
700257
856560
121656
908777
392891
895145
448615
114905
711961
250009
496197
242685
913900
295499
582757
860992
398744
919179
776036
111032
506027
135021
547788
546728
704010
342711
119442
166101
812967
427884
888895
595331
836975
241590
907499
312747
218976
804399
155877
687739
542263
890957
856847
822122
639175
204711
384102
409494
684262
521256
204640
362492
511713
280846
999278
983859
285904
671775
851393
565190
174180
266506
671337
929228
567837
760597
157880
180518
178137
943048
625316
341172
206918
204661
314604
917684
302680
110307
113074
101080
558229
769558
510791
384483
464974
945244
803716
769952
417673
481622
336916
606814
700761
807521
357743
619276
363407
271040
183137
683821
421226
433864
857834
409400
408393
303752
136830
100016
488801
677202
444652
500250
497259
228426
721276
285760
991125
903211
615698
408129
572280
525840
709135
318866
862633
337926
712918
847701
288457
467051
149644
536949
608599
994402
639288
245947
481414
451255
866923
301968
441705
270697
724633
645872
662890
481465
561061
150951
474970
341646
498523
630187
616674
391490
859382
811605
346392
241548
722434
631165
849038
680554
723035
323857
580069
599307
328565
712177
118271
803383
920149
696427
805137
209020
542716
310926
832247
267702
994084
859021
253857
310137
954851
615282
189355
611166
237325
855612
654187
972424
922582
615670
589347
582578
742036
834325
928535
502519
853699
541806
612088
551805
339874
584370
157983
273182
303834
879048
878325
410869
678143
150885
262063
240930
491055
793898
412087
943578
516984
267929
323973
372750
444758
579317
945612
481301
408090
258550
293969
608377
712614
672294
259863
554395
441524
541915
647126
488292
150231
734417
898346
579850
724729
773539
324295
783035
138851
653126
734185
348104
503163
184707
597866
867793
205415
919310
713293
807721
316273
539847
179320
584390
214627
405069
230622
178055
433297
777594
216058
613122
183669
235743
657144
458601
872950
289692
713101
854584
221314
939804
161895
642334
269178
178507
395518
921734
124909
108437
156842
245217
574972
467549
982990
393969
193853
445206
260659
282836
159196
552386
836463
835723
754747
952644
813220
679942
535705
311076
359173
845807
245361
319679
987635
886287
355129
341991
353830
770465
524619
154046
949126
812145
812129
313547
424314
983407
847033
553591
983063
669078
133272
755271
678938
324468
599499
922614
843474
801526
490760
284685
541908
605650
540499
830658
704337
304336
444637
383563
400613
682613
524038
762973
286118
473869
939427
409029
432765
956116
192315
100546
480561
862082
914443
361662
506814
772561
965129
601191
363173
896620
213254
866222
581917
460789
954861
361274
401415
244499
951176
989386
867551
897527
826817
986950
714894
158761
353990
612032
879229
453940
354342
224397
192772
612618
672504
129114
476416
159605
279258
898124
366626
521660
436759
197400
646500
952878
230210
955932
864055
211918
503007
731960
382393
956890
659617
728684
720546
250810
243310
684368
158429
921954
933822
246218
777587
218628
676482
992271
340290
694069
857346
226873
244845
796730
770239
439649
658958
877359
470711
859834
837799
139699
419462
645066
984085
315188
585449
875589
293701
769842
349695
993959
676929
316819
956232
273166
377923
877219
894319
213330
877002
338213
941060
803618
271082
828218
827202
222365
335326
551212
172431
945417
745497
983000
251234
159731
702682
541911
349694
761475
338717
215783
785117
171835
492301
545786
505000
905165
109880
859739
460162
546198
372956
712024
471045
145147
699837
215472
679940
736862
243192
387931
593775
740093
867665
352368
479317
141159
478537
137207
151556
974140
695180
111212
523820
649248
741510
218444
113697
297467
988981
633504
956767
558064
179834
567043
876168
565304
850089
295857
556777
843002
722528
432238
392314
504682
829941
682895
379844
237627
493448
671977
882782
687138
120215
211733
276144
831209
455055
194525
113784
779404
710528
772006
479978
831955
991370
951769
429874
270317
600116
757455
848053
735973
741179
518393
798773
364100
817447
113706
411092
546691
228505
476001
173584
775818
514913
398294
825645
948266
943981
660800
923120
376180
768027
146369
836551
306580
912079
865200
304774
569037
568416
243008
873356
945874
765196
990129
606468
235902
161676
152307
686503
607825
430115
132275
256767
537416
344272
417188
263783
713880
985218
622283
988142
103206
929515
572582
207706
166342
696269
603833
730824
165710
938929
401367
888306
144629
498423
507690
818026
180270
290760
696448
349763
848859
388263
752082
671759
111760
903142
273073
104258
676390
950868
769679
668693
516312
495348
354440
725895
903229
711721
809387
882558
753186
605069
764776
821771
320291
700449
903928
322027
480550
384959
893668
905066
689653
973899
325459
337795
942518
541096
333203
227618
358344
268518
681283
343818
765308
601305
100506
553778
776046
489990
313752
171786
883006
692630
275560
201691
942320
292045
923726
410572
910652
326356
942003
382146
501458
101138
768745
416063
135278
184249
451965
256459
675955
372669
699225
274672
487080
388704
953139
227359
292460
717736
799125
632880
925239
783282
418505
776742
410606
238975
381665
159473
967586
455660
959201
854605
223526
770592
343754
508296
625355
165055
941219
728193
509435
190972
338277
673932
852974
563211
858820
848498
155691
949267
857269
917301
135999
835170
371841
761201
895475
190587
152069
418557
190861
208747
394978
764081
831622
299162
812391
877026
193379
499996
510009
129225
273586
136039
907389
414081
439363
526335
915970
425231
984960
743756
694766
695164
880139
304109
796611
293886
326835
578534
459053
528117
179730
238293
644490
975697
536741
334723
926423
618640
435881
806069
382772
412229
121038
830178
959987
609492
466971
761023
847714
730650
980447
187190
171985
349706
398095
576342
711938
216530
959840
504867
502734
463708
648227
986222
104846
326768
513720
506335
487276
727287
338384
503534
321510
191194
562083
141362
855131
704681
948906
171697
386710
924055
614843
426422
140885
613379
591423
520128
539509
951761
255121
922966
132603
123447
443477
890297
867425
721268
461938
573810
640987
475098
719853
102731
491877
835916
584452
797402
920395
567171
640164
562039
815764
623371
936712
951470
592620
344010
287086
267152
786765
518752
135511
824196
240713
610953
785435
523291
967703
168480
765095
298337
490359
817854
124917
244463
235107
893312
471461
844062
270869
841254
244893
352758
824271
476312
214906
991812
678827
395427
371378
959914
515679
812001
524648
119280
618380
777143
220843
651832
238180
934711
261068
779759
615221
300614
644058
944576
465622
477368
256571
436098
846253
767991
759721
418866
600315
462691
478438
360923
671653
960851
967998
296241
848352
752377
211128
339870
634583
739428
714968
242292
320700
386367
881908
313024
336937
688791
410513
288320
839890
433082
407129
535755
507849
167994
825787
214094
154956
530064
948352
878328
146511
908862
853061
825323
492770
484941
329114
585778
726944
512597
790261
671890
512691
566203
202036
794937
676550
348244
608782
779859
822025
103624
928180
342300
982555
459634
813065
571440
920535
613348
632347
561917
823709
261319
363325
604378
889051
716319
178978
941457
728856
698861
535512
468599
874686
942703
923871
884669
910018
385410
812676
176159
565936
922440
162751
483737
303255
485316
366213
768826
891855
582113
642219
894000
630914
163858
659576
959683
843134
247925
833573
907326
829334
654993
463795
672615
753519
725343
589897
196336
127758
169157
547561
441414
796092
906684
928558
503079
661619
560595
150021
889137
910567
575628
226884
473973
273556
578213
832299
355402
677183
181425
268182
298461
750764
371461
540924
579462
317756
887567
326503
647222
113313
945375
818608
285869
306720
877482
318486
139497
673632
829475
405435
894424
327029
532874
293627
697550
376996
719937
195210
635954
889459
271001
505033
872595
492079
226764
493509
484536
459736
455651
887212
252532
291725
235191
895948
927064
455856
995988
819242
407811
126741
307962
503292
180021
519820
424765
143044
104385
922185
252557
555657
192544
410764
231504
336211
963842
357138
853770
538467
292928
373367
836095
376749
526733
444198
856719
214899
166283
747008
611808
844735
750841
401348
488506
728764
875530
994624
665003
895986
166705
965653
925226
821948
383096
903072
226105
793832
892912
915818
315844
712266
734467
635022
912679
687069
282373
996258
348683
367671
671081
589316
692624
622216
195760
544994
759751
794319
156540
787942
941366
732313
917411
254876
281279
922135
632958
209442
909850
678490
315745
366667
793086
350542
256613
276527
663807
250704
251841
753939
752177
908270
774904
643440
649834
407609
695883
720899
290950
750697
806991
570288
607396
903406
317305
646228
565006
341486
532406
156806
119990
438751
948631
330376
563899
500163
173514
743024
280331
906075
804708
878893
406850
983466
780890
613241
696337
971847
976462
305402
166266
677342
872134
886932
361815
709316
792601
649103
846491
822356
451395
662880
320336
441611
184600
964950
311135
138268
511157
159268
958383
347409
838962
597062
892676
595200
384659
808721
463849
581797
853342
679900
912680
301665
264039
910693
821045
947791
715334
907233
744683
899103
485706
597828
196174
708465
133448
158857
709104
599855
990443
549983
356207
633799
504303
695312
151547
468932
299401
950990
556149
886792
284542
871676
465203
536136
459572
154295
264993
178884
568517
189824
135809
728097
432911
229926
332115
943941
353033
945876
249615
881519
806353
701365
358703
901104
244608
300703
503498
673546
232638
884963
110907
948803
312946
485456
440160
487590
828914
192894
872158
361430
521497
101630
643682
238320
987158
776923
909699
146588
540705
601708
716195
922927
363272
972858
609747
251233
490696
882313
393718
527078
185431
899492
228254
261866
625566
505865
245779
171790
843973
827918
648146
470522
257350
637455
331698
775166
145539
726934
155233
279721
710323
123909
233805
893381
320887
655746
564799
375085
874155
102976
699586
706827
950424
104294
560770
882450
720263
654142
902735
751157
968272
279324
708896
637795
675888
206536
642132
797536
482329
295851
987251
922241
235075
311826
477428
292579
481760
145538
978584
771112
405934
575352
921331
177999
815973
399835
953867
298127
389040
664801
700120
473968
406616
535515
622732
656357
815996
315805
822668
970026
353053
937934
936220
114199
174006
249992
910873
989182
803945
893869
349536
646599
210579
933318
179884
308484
720066
885785
643805
590835
459741
585735
561363
589553
903521
782622
859961
259477
337229
657634
665631
357456
299123
727507
709152
916927
362447
936795
800803
173578
957171
776086
281084
698205
590657
278750
698354
787712
859378
395123
893532
154804
468787
163683
763812
664973
137903
805915
564813
127431
486151
740106
718097
130854
247711
826542
861059
664142
204402
767550
673556
246555
120421
403763
295921
209822
897753
390804
643529
764341
515418
303293
267915
160006
610548
120426
482734
592152
146406
988805
236811
586349
323823
419882
653765
426720
881380
539700
345897
682327
696131
766630
452848
207717
870242
771128
372769
644159
200961
359643
398163
202488
952158
959243
463153
519324
868711
463408
974518
598373
277577
416689
718135
720766
270727
446774
117600
950449
868359
587959
190710
649263
251687
335623
536508
547100
499757
544535
366961
553523
427355
933608
160599
993278
730753
526097
442863
135850
971437
770729
700639
830890
925629
180273
455829
558027
494613
759969
913989
133039
711628
138893
614670
487241
906817
803380
705019
750995
955467
718565
435270
731503
316302
809071
426103
833977
563049
796547
710122
384709
814060
377864
621646
410298
125862
347259
937289
735594
817661
428672
867673
564653
825943
402697
822261
581849
161301
475746
336402
494624
741216
102583
415618
954918
363995
582787
995543
844222
414872
328566
239014
860544
889222
371457
468390
641672
866152
584449
500599
405614
782913
577094
246431
799710
435564
519455
257711
598964
232360
250692
785605
167254
123600
770144
589035
981133
298184
594105
480252
151712
497171
812445
256583
577775
882658
252138
914092
327178
690919
517401
650851
471436
821799
706696
421948
638839
830734
995812
817217
310957
979197
104208
635639
416872
486302
571572
432963
315511
657592
484388
403402
364053
325182
570731
851601
730855
327361
402517
260131
405618
706694
287670
918609
497879
901042
117242
525139
945869
444866
332874
706061
172057
422264
972408
333357
609067
471407
380455
807760
474488
521647
244409
797572
944656
932732
222198
917384
745660
290697
877047
686192
924278
460042
282188
258949
116964
815943
657808
990601
761810
108716
501639
786232
302923
199069
937104
744138
323700
733159
999533
598069
180421
475730
258828
378703
938308
969042
166130
570480
307232
568957
429763
997782
221352
620855
725648
723459
992934
766825
594845
846465
653883
125264
878830
517990
606135
551185
909485
374866
100373
496938
567803
972917
252049
910372
911601
521902
620935
450661
477809
687054
225834
782145
927406
758234
275261
454353
863252
823759
913553
798204
693846
575136
725052
970641
779314
677468
776434
144023
515363
999467
701571
699867
694307
417046
714161
741513
184699
775270
415371
132374
306088
917028
864875
492570
404204
212416
429961
860091
706478
418925
893530
333700
916174
352138
127785
881172
997994
817276
290927
403347
380422
420022
493778
632864
660443
897307
131800
109989
299519
393818
778502
664076
769580
446743
872569
440011
983792
584235
887136
607226
967313
276194
636916
130278
747738
925026
405621
602942
301095
384907
659459
619146
749737
914106
262614
264315
663414
216647
914618
591389
189968
264239
839946
464713
302096
106668
360999
435288
377391
711135
559926
482066
824689
324752
691508
289860
775534
519468
753430
109232
639518
987918
140481
978815
521761
381208
495010
752625
913736
986816
498604
930420
347171
260456
795756
287859
613064
111269
203370
484870
928989
770625
173406
297287
410210
746332
684237
124869
528734
999853
872767
513201
613476
262183
931549
804182
987649
262807
380940
636613
124837
639593
345121
771182
946796
462986
919072
498700
450024
127592
127733
875767
791501
480277
312142
651805
727960
293483
712083
632074
120477
826249
496867
481123
128363
407067
745452
301491
797630
243289
878407
198429
951042
505798
733677
644656
333534
405304
976730
311832
939620
543287
316317
258769
746164
833150
130841
232183
193608
479231
864923
302137
415839
865891
294391
561003
398153
872719
106242
696987
634604
222626
350822
938907
374257
914587
290246
868445
435374
384023
762830
958717
948913
894167
964853
122776
854789
828705
995730
313754
454756
443485
785656
506645
322522
266432
824560
358925
907313
146981
100081
518161
914782
873687
818591
792740
120808
164299
460253
972921
353264
899850
369072
561213
425185
809453
596561
234766
155254
271841
638094
323402
268962
139882
396863
684354
687584
600067
820096
596173
573079
845379
231535
913433
928266
567515
713892
154204
688602
193468
380648
217608
480568
605750
126771
573149
139722
334780
372614
972761
171609
581891
171234
916523
191925
833960
182979
906821
251494
738609
992636
901519
597072
898827
696304
231959
257601
636083
866026
859047
228347
341617
714874
139631
679673
442495
265517
809729
808191
220071
606311
140764
520258
220682
907008
397408
241585
338141
253464
710528
991871
879309
678520
747798
382670
831843
530471
258224
318042
201123
275493
613416
414975
761166
105160
239569
741223
128584
159856
708493
833236
119764
888201
423868
110630
332443
662845
892174
356042
858027
677843
222874
271712
670812
425288
790951
645511
383758
574312
324999
661319
407726
869577
242468
471226
115351
902181
199378
614968
419317
996402
500132
958269
608837
200447
210875
111097
482649
923053
226745
692789
691864
936327
840180
999325
357153
851264
236998
887854
838671
261672
297441
215580
442264
708298
420607
734272
749264
479333
888663
872286
189419
139653
323436
239695
558368
642141
791679
642095
777897
890596
191973
974596
257670
725961
581332
388969
418113
329492
178774
780535
967596
709434
184608
656143
151302
859292
337757
925446
675837
824381
852067
511405
750222
491198
233735
101404
314312
992920
585676
218139
468366
405749
199350
640237
659067
364108
777085
982265
647743
246647
575069
679862
459208
481618
438474
814290
115900
157651
330913
659231
904130
115712
835962
772283
824993
643857
959258
671226
299328
187523
114116
115154
378477
909942
438319
909155
525945
516644
653235
206785
994656
631583
519645
799263
981030
353573
449538
480410
290429
579970
235376
724543
964324
126915
594368
914298
956937
929202
696264
783292
268782
695955
952557
539527
856617
939994
658773
136506
693830
436070
780282
793524
458728
197214
483483
248582
496524
332551
828045
498010
931374
356191
466670
305274
942309
848665
321594
652670
877225
578261
437622
747894
206133
130939
127242
404240
602119
718484
669612
312966
229157
295398
151543
966151
513082
482858
312315
797312
743421
214859
847214
217479
290642
562940
224031
854884
145578
537046
225739
690397
236518
624654
840169
834428
156153
760976
824288
272126
409419
143706
898968
554907
587577
630070
578701
236302
617082
993557
284800
103584
871741
730213
173961
471541
647918
103727
455399
446738
709527
748367
814455
594440
416643
955505
341859
407362
881182
385284
877393
826344
442296
770078
484956
859470
636424
790124
697569
374428
974733
972564
689520
467098
622928
289961
512578
267063
642117
236042
845865
891062
320592
767704
358051
796374
120229
802897
452296
540701
755208
194222
268355
155136
290706
642869
179038
678929
730325
506044
974933
701158
378423
689051
213549
266050
970554
840748
150365
841954
692828
854498
102218
596838
261562
603811
140945
659289
538607
583108
740222
252767
680987
228063
471513
880155
972158
323379
728960
894554
498148
508249
460207
337855
418203
108030
949852
583404
885791
385570
199871
507594
917078
586283
957166
283957
291959
430598
714376
565382
486982
561916
428967
635838
975802
288557
478296
819212
337696
681004
925255
462588
513912
231351
352627
177693
276413
508209
432608
566220
627971
679453
561324
707298
205272
991705
887897
322071
248716
327669
433673
488049
344909
449455
258056
471501
251339
128716
782051
421512
867707
446836
461910
855947
733751
704747
715139
932273
735010
467592
358655
543511
698282
692532
779782
558431
643398
678944
174447
454304
683806
632835
296794
617357
149577
404783
383589
828288
893009
197263
944862
790147
239636
499551
305875
112635
765892
258792
236549
500658
190254
344182
369563
826207
914776
162200
689779
747028
243459
305652
383091
796708
971215
813828
769309
270031
947230
186353
826529
790315
249744
363210
771821
477073
438350
127297
470048
665409
570211
921090
840348
893810
174436
559025
419833
480122
885105
298207
889270
867703
669235
278409
576970
806232
532645
397261
892409
987402
842671
444905
763554
786435
290541
158610
801877
112517
434638
858350
507682
207087
394584
491886
125452
268870
603209
441644
973021
466555
182329
344125
950131
736186
570267
108210
235384
759022
670914
802321
177359
132340
376096
947787
763914
419578
355114
852378
273433
845235
142839
865881
361213
291835
220679
395104
835386
631426
384672
777818
167626
790486
838580
920676
472431
149041
980351
825445
612896
611708
565484
900901
333925
143327
148950
611115
917918
758246
271308
209590
539229
927889
212014
457848
750740
568312
183028
422954
561257
584089
962862
285168
909030
363584
939910
147467
762668
377649
971426
154676
561832
891253
530405
411387
617950
418335
891573
596061
696962
750202
799319
216443
555973
951633
978006
693821
715052
617978
330243
674434
440477
708480
361367
458370
865779
125739
586163
377379
921201
111246
139272
816213
758098
633197
816147
220778
296542
690441
530816
212980
586937
861834
859023
186909
606902
256648
618228
383165
259593
590677
690328
705628
536442
377162
144989
825829
575574
697773
290399
425730
749855
605308
679190
516410
275939
466712
139256
158692
948778
951473
166748
724262
136841
756074
435064
155182
380851
108233
567339
944748
722383
278078
447319
935531
964901
564396
412359
608683
755602
278201
190511
212092
474396
655086
826192
986776
164127
131691
826970
230525
500357
330923
331084
971365
313460
365166
515991
115237
637089
434377
550112
584479
534306
604519
854725
802051
437761
388730
841175
125865
538925
969282
784037
398756
150699
794617
234233
658979
438377
222520
316700
620745
195667
706538
440244
649639
156799
632811
758318
295219
608418
859708
309783
396008
942629
166406
311236
387993
198867
554408
397105
166898
780617
445247
958822
272686
302128
857360
487254
570415
809799
833077
425185
404381
667320
624898
711898
640030
756045
869396
986530
982734
455452
386453
853587
281147
179838
529262
520409
597216
730045
671785
897210
294396
691851
420865
812279
858702
691567
756648
867498
225808
460379
513941
754287
512301
561337
464361
725183
459647
909924
758364
668952
644713
295634
618953
944728
429934
566767
400370
814504
668077
898181
796689
467830
347002
527383
525725
635674
394394
742893
613301
935514
871130
423690
943404
782793
171979
145337
209873
464554
996254
525830
544857
242130
838425
496009
538956
458699
449332
420796
546505
631477
369747
839854
595958
107944
473919
448145
146152
668788
897891
776973
104939
920265
439904
994391
461646
829459
385710
335900
306639
603516
949039
266872
789951
284053
564241
611812
204337
806160
786177
969419
119940
350469
603110
337949
135690
732532
435297
706428
323764
452298
670335
898996
260573
904572
495480
110248
538832
316528
131463
408935
170934
457532
269670
941470
223520
130214
925894
719623
184141
101930
417000
119806
360376
400570
249947
832052
724610
366687
950546
957117
603447
268766
654721
951268
876896
584182
262036
346591
500708
973670
186732
714749
365307
242220
324087
522619
382833
240391
781547
894454
666100
115006
997503
962682
792570
297273
928581
157305
682033
739853
712520
704088
856196
863126
727550
231811
296199
625948
286154
181409
959200
624152
511505
392482
149170
686256
442006
307828
711399
344766
755188
987061
884121
303055
895256
852323
812445
579239
630521
251632
579180
781761
933269
525489
333135
102708
866985
747605
391527
163154
785228
925714
649559
911434
463017
236410
473646
880397
314199
294254
463669
484141
604246
806825
583665
656866
265704
537213
738101
360166
245322
287643
684967
398368
657550
352427
396301
767710
353814
564444
560628
808187
144687
373589
570621
291648
626248
330794
488292
681191
450445
345450
969998
235162
761988
604853
843567
963866
845987
899531
316598
815580
117388
574816
956213
818669
404135
222764
378704
295670
845146
842398
129025
104251
534759
548336
568102
484734
108898
471189
957480
303649
867022
453199
705577
578696
207219
350078
699273
299836
990173
510707
359156
497291
176532
237282
244907
570573
927700
473846
155758
823682
950089
602462
310947
872407
741448
304773
417222
138632
664684
901471
519469
848479
180140
427424
221495
667674
937686
603687
406160
203211
973258
364983
534019
768313
147637
660006
351773
627651
973929
893997
345978
870149
580053
427872
346670
536019
469894
227641
735794
403074
901242
353677
528104
154758
901884
146592
194253
921750
439969
282772
273467
897708
669278
827164
705976
783688
717732
512462
213246
684948
222489
527415
704808
177794
631860
762025
397717
505938
360053
716976
276508
751024
916351
640034
164237
785274
323859
785268
106592
957887
663081
960681
885468
695650
632781
609317
548006
938942
533108
706112
585699
356612
323226
957943
416908
930815
327226
475644
983886
441209
142057
187821
667930
975126
451471
929570
882607
319070
832259
971328
428514
394936
153953
521994
127848
798674
619819
478008
899584
615389
370202
594783
244832
335285
320223
326128
328730
135167
872474
181501
680010
472395
102005
940565
585631
882744
755359
691377
144803
264087
367265
618439
929641
459559
247582
303260
601331
699263
863243
974135
948060
960363
436521
696272
316904
122382
467195
410695
632390
685574
872744
167441
652672
984076
456623
494668
219199
598714
466882
860820
704029
375112
891841
504559
209992
553551
635411
688354
591440
341294
536579
112359
589390
164299
512629
969430
690544
471057
450883
675999
155237
199447
348185
775066
193122
941730
521993
178550
422222
932097
607916
466734
845136
938998
457686
943930
425619
353332
804725
122305
805396
436131
772197
393131
746536
721792
905938
630709
394988
600066
187532
549310
582474
253880
857472
116862
451780
977774
354681
628151
939905
687119
644498
334403
470801
887204
831542
203213
736447
387194
107222
516219
252562
119489
953607
514441
348991
189520
929206
893489
691599
203974
741832
467846
354665
318476
221426
853441
256380
123895
239761
580018
854250
485289
392647
135064
197684
904535
980276
696651
679774
128357
831309
834198
273791
361964
525563
290499
269960
897310
743666
812271
348174
566945
639084
817276
363702
347863
453954
809221
948028
735231
516646
154828
472287
998995
423264
440111
915084
167090
505635
274426
533286
216728
987211
922294
163375
805866
712886
190270
826550
268654
372156
884242
512061
321942
797932
392804
307301
231677
727684
266480
915384
991658
402764
466249
680915
265458
148176
340079
351694
860058
701305
520860
720074
396473
393926
635805
207189
304764
224396
582942
252093
930852
380647
153822
511343
233642
607260
202658
625610
138818
679629
863237
548645
194717
253143
707661
332218
190152
287020
570201
339438
506482
343272
500534
254109
829451
915474
543217
331687
140296
849201
919591
649713
116356
546120
111064
993209
555680
405424
641337
245402
355658
284240
302217
157047
872443
787035
711387
640680
219898
147975
882515
850815
677759
886149
545068
611382
546482
764386
942933
183542
958034
403513
170844
999782
171985
172722
272898
188494
964444
105531
258095
890023
429209
250146
514590
708066
363497
915852
985785
996401
917997
607573
140895
735222
564165
909156
969570
604998
385170
536266
593133
220153
978717
718872
800738
766864
641105
181690
892834
611524
267204
204819
725990
164231
942611
218870
269386
628249
578379
219902
794025
324810
527267
586123
562628
194182
292518
219001
615291
389730
469328
380767
117950
149026
130446
950081
998461
460548
486375
214963
722684
638956
633945
341962
491714
937485
577340
501696
568497
742097
334276
130212
890608
809542
535138
456796
450211
222853
573065
884184
556540
635935
542254
218100
877707
994374
223528
608202
828049
426581
721943
777969
731666
689341
174626
469302
507753
585773
140440
153109
870997
709054
590904
655380
636049
563704
375692
750332
404290
755844
226192
344437
162729
765616
870545
593853
184664
828952
895344
493125
152321
462967
149733
563401
763082
581673
736353
974889
445309
382844
245771
716968
106844
543827
487020
899040
167410
929718
735655
991520
623044
530266
336480
833348
479398
290568
872829
677455
360810
747565
179625
520392
176659
995294
107061
132398
117543
861957
215162
835800
458755
297132
142042
972782
346921
122245
165348
271422
463349
696723
895445
633180
337421
404025
321180
661657
844246
781853
684438
184478
430467
276889
598584
847589
681481
911614
100107
274836
200814
206885
402194
853976
443423
939987
365927
723898
484481
986791
447235
142464
950559
510084
257820
372866
661762
773110
709672
411847
373087
623107
447008
473404
651178
474127
728513
627697
874568
493035
899660
259728
254818
981052
579052
841563
197749
588771
787255
985792
987398
299311
108302
538075
719188
100347
378879
963305
349446
727780
871946
726116
800931
693292
881184
251776
730336
794692
535398
145664
535859
900090
573658
852150
449479
971294
765805
885014
762409
471954
679278
198037
294526
800942
445960
710659
963287
953358
637601
792962
782173
475033
654275
374818
652743
320717
138968
105851
812810
634252
973326
330982
827376
654813
996474
230968
925025
789025
598041
597052
510974
167443
103025
252716
984749
780859
605781
821964
732142
334415
771272
191171
558603
832678
500409
967351
374990
148251
604589
572355
256205
688858
547227
755383
162913
231434
680528
344173
429717
567927
907507
794563
704985
928315
743778
550298
704597
952232
303515
614666
604731
151700
585911
254335
989589
673346
729008
808917
345918
566025
171236
619275
642509
722147
140305
804647
813931
440884
366400
764998
871558
880597
135583
464350
945822
503548
965414
700882
905052
273482
191484
996273
156835
642928
798001
129387
356286
774687
196587
799729
177433
377355
853727
281320
926444
666971
891349
570122
236850
740271
167983
181881
203800
381358
379266
571168
678416
971692
698626
838441
882181
891220
998620
413652
273289
132088
234876
852922
623914
932082
667663
232927
564900
681205
893411
459149
922096
603285
981995
330707
922073
754416
663551
227578
853359
869911
902688
871871
973525
367645
714296
596785
165333
877531
669600
837993
614515
643998
299099
112993
238526
232270
901216
282099
777603
867739
180757
804079
107996
701286
395894
319960
297126
487753
419861
303739
601264
813860
903164
871821
159951
607909
114414
931233
505390
274483
408427
356738
713731
688951
224210
766579
259293
887592
546241
987521
497113
499602
786519
250209
521428
124450
235003
652843
135163
713712
914998
248435
722366
959369
271706
150944
973699
905175
306246
603882
679766
416624
955714
545141
310206
121528
347301
797957
592043
663860
388214
384828
979980
757228
612495
781079
554845
816060
422237
135714
935837
358231
777892
215475
595325
849753
691712
403114
800468
552455
914182
810818
379216
173285
486760
675604
298728
520436
903768
863561
558316
819781
119108
528634
668318
802591
883551
845638
774202
827401
499617
468655
491407
675220
608356
360209
719026
232200
566703
525056
173448
361962
354704
243997
511393
474535
408738
908532
131460
773343
906191
246934
282021
505424
140078
127758
506484
886846
124653
841441
137519
462140
759946
183879
594391
346970
482971
624545
152096
707020
269902
304118
497153
853394
383626
576814
571756
985865
513268
735433
483192
886509
645390
898269
362553
957769
509721
124459
125777
814781
513756
612573
990080
598859
906685
590942
830455
431230
654059
391958
956971
963127
720958
671904
290084
268053
257399
898825
594741
984768
646337
605415
672742
728338
675609
218644
963628
153411
137577
719878
847803
234928
719695
600333
839730
476936
198301
474376
178260
547698
521946
459972
767063
208893
270054
753010
389909
948710
915738
459683
423232
653344
546189
603938
594931
236099
905524
928847
423171
942003
323201
857940
392340
900940
299596
639461
506920
176935
520815
432729
827250
976588
382058
382623
144009
485460
690920
687167
393816
874233
661977
262223
627474
189148
818686
829422
694242
669139
589731
913697
478913
553197
209670
939111
536577
460515
712086
459962
644166
784477
479414
386373
440757
914846
294369
495804
821540
828238
513928
473533
859504
214690
613783
532066
889454
964777
929685
642239
547161
125269
393354
254750
298698
637156
162523
247348
242374
250187
559216
597983
859185
710238
749079
510367
913152
195390
178626
881775
592268
127231
188235
339327
843234
806613
186199
699886
853080
654747
616664
491433
969850
191071
271597
420250
475554
207501
766916
832047
540550
264823
462432
281481
623788
764510
695222
234205
192440
911167
799216
663723
744613
333661
863860
499800
863922
681446
377759
513034
825364
331237
221131
583007
903690
367940
258896
508875
327470
870652
897383
492492
912135
283931
828873
957643
671995
553296
936981
435794
700673
404117
324881
790436
430068
469178
602824
224317
722532
414154
856210
143464
192455
190652
569201
891351
338733
283001
338423
385314
912881
106660
824037
150015
644875
290923
271855
160506
700258
343433
298779
667729
444959
526261
694408
285615
127772
359370
430347
710115
445628
506772
180020
755836
437620
132692
474863
795875
567847
977648
270247
136949
450863
603738
540453
553467
435767
330939
505334
522216
989606
569372
568042
645103
515605
480145
891768
969055
704834
757283
344032
794876
102461
397784
535849
324762
203007
188480
509640
228088
244187
795423
299842
520471
522445
527922
177032
374294
303439
477984
841601
773548
644362
656158
492135
931009
507560
216959
508999
409768
961384
758518
515947
997117
444332
249834
646389
859383
142669
150261
376705
841994
971246
163864
443501
147837
260269
977247
407125
818563
613846
658860
544726
820759
442098
235011
950645
683577
994397
495762
620408
718271
902196
251642
719985
207962
219373
448798
792283
746279
384769
599207
249501
196814
743396
828529
570444
862170
921270
774838
732974
661301
379345
335477
623704
762655
627202
993343
330392
837196
225589
167677
126287
652568
542090
914881
181046
145319
776900
217672
922657
865116
963039
203977
485889
195734
120897
879101
443588
434754
478505
326379
233591
895905
323908
493006
546763
567640
217567
348197
510389
641486
325399
272151
375248
214245
523436
946240
755165
177688
943412
954397
163370
322637
946731
864560
619377
855222
671752
993072
891607
337514
897900
602033
378005
642332
270771
671947
758899
723669
525964
656009
516816
701746
535173
188977
672415
509212
800160
856267
694987
475776
442882
751791
695642
559371
623466
545104
178704
775652
764383
673407
439659
251046
432257
299101
945707
870360
563522
671456
893524
513610
903342
911201
286060
862702
188069
455232
349888
463953
715593
461525
495235
766453
517618
443316
683350
141996
707615
252028
166274
397203
894440
722012
271394
866376
818415
394530
983550
994218
425972
645634
732626
549036
369767
946495
783310
742773
992601
736089
890358
171831
432363
473427
160010
381801
513544
663647
403392
795716
707247
333833
881292
257079
627848
668829
798689
538631
475319
180053
300658
769702
753582
889315
544690
145774
781757
511384
561913
742458
901445
944175
694759
131394
637899
771416
764547
377810
582408
933188
459325
334853
616604
460778
254578
128227
912578
824149
513613
150772
219711
268938
516138
462656
912852
100473
989366
506949
503603
744767
692754
156083
621775
714709
954007
480135
336556
173402
222451
564514
244629
661176
430769
955494
596076
857077
773367
212204
455708
186552
931753
112901
151914
685365
281290
816171
139562
679287
599907
864131
331438
545865
921820
341298
874361
209057
648424
202009
933714
970410
547389
322126
807444
917997
804192
408088
565122
849435
737919
262599
838392
837594
799544
737037
373692
127305
834488
492925
941204
991249
430461
593279
506833
424842
661308
973709
216232
843239
600319
181357
704609
809439
487558
544970
107209
946233
943246
395633
148098
782579
742703
280838
757755
446831
494848
732993
745402
610139
330549
997993
918389
130459
733960
190666
313952
896981
125270
291958
775616
144857
588832
516118
557022
893355
387313
204107
441592
757262
571296
822885
249393
267471
518315
357022
177769
557931
107875
628788
206023
683774
490215
244098
823154
446953
535689
752539
717183
925759
835277
713474
464901
433100
850639
840968
680588
608867
437923
274242
642276
664706
809848
451015
397810
632996
783510
450435
723397
556195
662535
377563
783431
665095
853042
630046
450703
827056
937442
869475
833267
244060
201445
106085
660602
596341
724688
309752
851600
873434
941024
710150
919314
938024
796475
105195
754857
822917
376213
633321
830900
949866
189199
674569
702142
609322
201337
194287
804527
401283
453848
104344
374719
489695
773475
130291
843108
374567
719271
775257
811852
859301
524715
936426
949766
443893
576878
838566
624987
865480
509099
688804
326939
747316
452350
407826
428465
898587
656705
750858
793080
958101
275504
219565
531527
633533
234347
237408
917895
172118
321241
106271
535686
903768
139656
188642
901508
389499
790899
212651
646091
755582
871453
988424
831131
149909
911418
706283
616899
216589
194797
963971
283468
132412
998860
722551
653071
325706
647680
805663
731111
293494
860264
338463
718241
763879
360636
635137
284976
669968
532687
403342
331005
505822
239246
378537
518235
940737
572966
434215
373816
326004
516322
857806
386704
567179
868465
491273
839388
548889
331398
764870
568520
209467
849817
729837
722978
604517
115307
513725
974669
186886
690343
588740
858453
381178
631491
873370
422014
238092
974182
417723
189685
948326
887203
579423
283624
618967
765828
687192
145233
656959
883170
675400
146925
511674
799568
397180
413931
134694
585688
952808
524000
383539
290525
764448
431352
900679
507520
293425
200615
844811
941374
770298
792349
860917
553237
780522
198711
451090
161575
311831
629970
820720
766744
713976
305307
313861
588146
675328
765474
791712
720488
421879
617197
673258
624439
871543
997129
971768
761480
228768
421627
980592
579761
212120
579540
167574
352828
537859
914595
387026
567072
521786
552964
691711
784651
744587
655734
878098
740001
208366
571275
589861
452894
648191
581848
329759
244183
551996
690124
960834
155871
609308
314302
108305
721925
375850
776222
582524
324347
472381
518094
418730
912849
499958
761962
940385
842624
381750
101282
900212
595363
229049
783592
702538
447423
684818
387557
956135
524131
704195
252358
192665
956074
305626
639571
677857
640253
971555
903872
106172
195222
810798
119645
242509
342848
703454
581704
279657
918618
971595
179138
238431
886170
602869
284479
272418
301294
771941
405239
848532
543613
727553
556249
389841
216492
934892
374400
262164
468989
419896
258237
512394
596466
209385
755219
282513
637360
702311
491746
260941
523550
448959
805307
637735
337804
262231
250835
924226
705680
187884
668883
654844
149099
120042
374891
506461
685930
393575
501351
247167
822985
613628
415385
164057
942579
403873
177974
541770
270020
125700
771805
573791
964751
243110
560850
791745
591259
670674
306089
154622
983496
289595
832541
697266
290512
746576
470624
767217
331880
833599
126957
895700
491461
696419
560697
205502
673372
674411
130504
357194
987842
184489
489148
485331
888562
830548
577832
769503
587597
344507
880195
975625
399643
244773
613432
653386
318799
378570
982106
151747
500393
881639
772597
847177
264949
935394
417216
897709
991985
900123
110606
733095
330957
683051
617027
579518
738218
399964
136004
632631
905540
253541
538023
765976
164140
255328
993802
801144
406702
487977
211455
635269
794866
230805
461477
425713
651710
612877
393170
466905
546584
246981
864812
944051
506216
558366
127863
441844
741820
813332
526472
380892
492166
362884
185240
728863
646080
634110
612661
891504
616304
625091
775283
123563
472166
195580
708927
802303
410978
360918
747091
861271
962962
594333
591781
834532
333209
292020
904891
140105
217484
101167
355033
702594
415925
355725
191643
439345
956571
544053
263454
250406
255193
540139
243224
642347
810506
690095
377992
163562
341094
482323
923048
721083
398821
529335
642655
820589
446019
314915
124787
999664
706685
397312
199931
259069
996407
393395
875635
649091
313567
355991
467145
824783
912108
484854
254836
992055
892769
684132
721988
950851
453646
428920
750644
971416
569077
212743
562076
702754
316458
384863
960643
294910
608435
711677
676562
388449
619951
760203
887908
913513
393939
467002
683929
574206
299439
906903
354794
136899
661584
231501
306806
124223
686142
502808
767963
933955
160133
894369
511713
617496
433042
942427
521328
200614
108947
558840
334594
923395
719425
143656
525458
557974
196345
408496
747540
773895
324261
762659
593886
359333
340794
679935
303844
962163
862331
947559
558338
239344
711418
103672
465266
883521
466846
437771
778493
257597
479425
690022
984046
915541
237968
815807
559266
221119
325942
443758
127484
481598
482578
184461
381013
301615
577732
949583
415504
937073
380359
374970
208171
425938
622360
369890
987858
366515
562292
852099
915502
832887
965568
782811
986491
290253
255010
184579
110551
815255
710029
838888
357270
961111
583994
782569
764498
352661
102833
845839
818495
959279
330343
622020
782365
659230
392033
284593
786918
289664
163863
273753
358344
663368
550868
116011
371437
506206
481786
527976
673397
133044
348098
210610
245285
658982
395809
358220
117241
307533
326406
755252
872405
429472
735999
605017
867961
484839
818844
412027
996498
617342
616811
554430
117773
622851
807842
602250
321607
996220
853724
283811
751361
622184
727418
443711
133423
766784
704971
260169
367534
372201
650854
443058
433493
661561
747700
287598
402693
134883
481931
207282
665786
944321
720148
199944
560612
358173
939406
289356
732463
745628
706796
236775
344221
888167
473017
701701
403766
687511
881212
139765
250070
239069
823830
219324
195397
979372
972168
615095
571747
269796
164370
614955
717538
445563
322806
875690
108622
248713
228315
521381
889671
821072
999790
595624
110351
814086
297794
559927
785855
340385
390744
765859
651668
209662
454010
202952
971527
149166
422785
377222
105786
257182
110934
877530
890573
447905
870197
799481
684785
985884
422030
764617
271764
400366
122438
200411
415707
161337
652442
980968
275534
764113
243843
454599
911788
555360
251445
739817
371679
322484
106529
171729
100011
700582
376699
940595
903136
411368
493942
410728
985264
941450
496714
646091
838042
952776
367704
287123
374787
720084
340900
243310
239910
798811
962177
291766
834115
288823
514187
269714
916563
429265
478702
261772
128828
339856
142916
914954
669503
299650
451995
263468
684303
386630
587476
457057
505180
507796
769800
231429
461869
120490
288453
248763
766605
544372
145430
353635
936572
242646
774081
710969
266662
264953
154410
636138
619920
152432
207381
672051
699086
358373
795593
479383
711986
672997
997743
267069
645568
219621
857306
884420
112316
264784
740768
332228
282757
981134
539431
554979
145115
891410
686939
330320
989019
160576
418651
761311
772971
256985
674771
996290
919857
353572
353892
922784
901406
909435
809472
537652
692584
454703
106610
787461
296053
701849
748282
466557
600083
738079
456406
826409
307716
231903
281884
346828
701879
965050
778691
720032
184978
187168
439714
601482
584267
446868
261776
904761
406806
149947
488843
613850
511000
844199
859508
942555
997467
720762
981527
718810
431578
535897
327560
538985
406844
388496
324265
717281
961021
426812
545864
576288
373032
884120
618885
773377
828417
232775
587122
405526
891134
383194
974547
997124
463638
973951
243012
283834
381938
890631
333690
703503
634272
528530
376961
754392
921062
693050
217605
193987
354771
436728
145197
875860
187345
389846
775841
790777
568439
145394
919468
846059
951867
676268
963452
963428
243141
937485
665894
166199
839870
782900
417639
519952
205383
652285
907622
824265
919718
242800
288309
194886
207995
686692
270805
473295
352561
279502
727577
825575
115537
294538
609091
994285
348944
407620
495211
380878
445288
913956
902974
475205
580868
639956
353955
786609
655476
675311
196313
682385
974049
496295
542108
346046
145722
824083
999942
810789
601197
458067
794770
268544
891762
122178
331004
584080
138273
854231
599652
536120
143908
441816
208977
903161
687175
229980
333298
141254
151371
721946
380447
918723
350426
665555
852319
620127
363860
889209
656579
741739
284424
132411
684687
184982
137407
951854
535833
323526
907347
464153
912298
913109
325565
862717
100001
377286
939275
309727
220727
440066
870639
975412
655581
362708
354613
178984
654433
714525
728717
495786
264464
737012
176870
229495
481301
881662
662524
943938
158335
428581
432776
788957
448897
946009
689366
866791
913619
941504
678740
875442
487190
506203
307622
744687
348629
281046
890870
575097
805223
939947
514440
647226
800656
837781
622284
520798
120903
548908
310189
729394
292659
464225
239942
597784
784558
173559
673844
273579
556716
372060
728775
241833
695540
842659
291026
707841
332525
203008
221122
632410
531828
368799
871147
361374
554889
142017
475101
347586
807626
985044
231190
927379
798199
745613
617265
316702
859189
520389
901788
243259
213710
444877
137543
203511
731957
410991
371288
334013
753063
360259
873564
830145
878061
241163
145432
347401
505758
650124
817469
750520
247170
561385
468570
545111
366545
944829
367179
404386
216473
994261
481071
963789
207934
754984
740824
910033
742844
125268
484924
385623
111657
484982
584040
961440
791638
297892
951699
674798
153683
231659
786640
530931
704082
151361
120894
761588
988195
257638
395386
865689
189279
810268
959924
897268
876225
756864
434879
776235
949838
546468
421345
579108
162165
659018
437802
546572
274034
873183
343042
345475
219756
583889
794171
936552
244542
318414
848070
908029
914963
677723
483969
687063
520490
414606
403598
534916
860185
167561
484991
402392
902990
704692
884908
860470
861745
803061
493095
562200
105861
510478
649287
674300
552301
942259
241025
511627
800811
668038
576022
584998
583779
445393
906565
858927
524607
135295
760064
447761
745260
745432
707740
813325
579361
476536
543074
224899
968479
249578
570530
205209
702164
174342
483784
819915
964730
419172
657190
769583
906717
191291
570961
256131
760089
922011
890920
685302
204897
834371
345231
560399
202012
215296
609082
411102
103434
721091
949668
198366
496805
224958
244416
539875
955811
369307
431814
995077
232055
641848
951663
648329
754807
839747
534524
882313
604280
855245
709040
567807
113205
283246
684479
355059
622383
149110
828862
124670
978350
503819
608985
945051
950534
178916
630691
877737
416469
418209
376936
841727
718696
587684
974367
804461
988061
790032
601211
714218
474052
951804
280129
589503
161534
559668
859251
947792
190855
194925
955595
993218
789905
680931
745795
842414
695429
874065
709521
344576
537550
400331
354225
734636
281297
300443
266426
206446
500692
859927
169266
105180
169952
277468
584765
256746
943585
682313
622545
727674
603434
128666
284165
946462
555957
804350
530664
194667
562216
108280
697325
909020
175092
498095
679812
635328
602838
403954
244388
284961
887968
844876
472229
739026
264018
977183
691882
361012
993602
266976
939579
486373
654235
854191
407312
533125
295777
419890
284138
397542
654546
911693
184284
465552
807432
303552
689094
556335
918108
198524
903618
545722
654180
655107
865687
174464
106173
760827
464267
494960
804228
224175
362774
394373
800701
773347
451921
582828
546679
886001
479629
208756
354695
843781
621281
333873
670352
933425
582043
459373
321413
534734
453751
441356
422469
560592
885517
353498
797381
470660
258629
739411
479787
289032
364613
565678
916566
208071
867339
612391
766011
136688
478007
718824
732331
546835
625152
574291
831248
469367
264614
780206
682006
957370
544391
407660
184550
398246
374155
960980
655021
899981
506074
741040
485052
812705
455758
836469
254249
208849
487427
634729
749618
397700
846410
247702
103842
368715
113245
719465
178763
410535
460781
189319
790803
706615
819095
138765
268652
774395
794709
699139
814203
962666
819856
471676
676603
653388
628339
699532
578650
960501
197467
446759
150112
914175
637707
203410
743791
209282
374525
125960
802406
763955
338898
677387
365760
456662
461481
128581
396410
843937
762158
513241
537650
875535
114346
449387
964267
877918
115321
252649
312268
579974
460345
416117
677032
513334
556062
635664
710456
748684
369986
372964
634789
181808
841402
625614
772194
564430
518692
367494
510805
868430
129692
312108
526934
244434
540589
208465
673392
461067
460580
402751
349829
125944
174625
165126
367887
729565
685031
953380
945504
301212
187859
729872
418442
371090
112489
453700
616219
286512
951561
254404
425761
534516
741185
610831
274987
597732
609180
711073
417072
431911
488696
798498
884232
900416
964853
322767
170008
282791
899881
133411
167627
187494
289745
923873
404444
815597
678178
250785
756913
371634
911198
916852
243009
334920
689761
933750
740085
438011
835387
193328
471084
583302
483576
722406
420249
343889
350939
521059
395175
982762
991497
627743
540317
312126
417218
974507
639133
302997
309898
334969
655110
425127
607685
459050
112633
509791
793442
670453
308280
873866
518766
985745
360682
610172
150441
809504
514012
942655
166102
375800
819650
255801
292747
898414
819130
392345
171113
709985
317233
484349
438565
828513
791871
612420
858021
721786
657102
581419
474982
228513
242712
922726
828666
935417
979022
947420
972175
107298
518485
693183
337546
646304
620490
497479
867379
296163
420263
977675
131146
472504
388477
416699
868535
143371
923585
834556
291583
168343
457219
404033
375155
871948
176089
275554
342466
867964
821211
167452
947150
198754
105672
596869
966652
514095
910118
527626
448549
352338
470502
387911
670250
816003
332517
441889
676644
769837
890382
830148
700249
647702
668862
886837
188459
670892
118976
565267
469578
753101
882710
260942
586826
481043
941977
179171
739183
755066
472567
625972
158116
665488
394844
421953
221803
462104
238284
899397
627471
622682
861196
743695
564278
387530
716096
915770
866866
689812
129487
847980
250198
859041
387811
628200
498598
507305
107596
202640
580295
163285
397988
951898
342869
432015
652781
805101
743476
134025
945975
737017
408286
523110
364829
756817
406490
677033
716975
332166
225870
568696
282443
337025
517803
192268
135300
853756
391943
202424
605541
708093
728872
504756
935183
191984
307868
891653
426717
105312
850310
693962
533737
477586
625491
440101
524967
369503
969386
516068
134767
344716
202209
177388
999928
602631
721932
428033
421376
773311
553457
507220
178216
515104
754775
453642
627932
295434
315773
880516
160944
771566
560775
794928
630502
647077
226418
816620
330253
909676
640681
768594
629155
831039
668624
877348
563066
269649
216606
909877
216217
909445
579784
180306
813625
716045
342583
193036
416528
219068
848699
582626
685451
359434
179354
137935
471635
393316
148033
755213
293842
576428
101787
300613
800176
954324
694623
591157
938038
817427
121603
772572
232275
932386
579439
961061
661020
629430
171085
796301
939438
343834
158076
858194
324880
358632
641155
654331
884500
649732
236258
472126
127900
811572
386340
304210
679289
353216
449810
681330
297774
879618
753153
799497
946227
353066
197931
392160
985238
383313
210203
542146
654907
966296
338658
284841
690436
327901
860358
148199
664012
771480
548826
527154
311342
788504
750985
207980
749667
883253
987820
149454
157895
789522
109243
388977
514525
463249
928128
517689
428585
605138
793543
410271
140667
179882
806898
291929
389644
129980
140680
147560
114592
867542
575917
989309
686988
613035
337965
622600
562673
978728
738226
848415
442918
332917
524342
953160
389780
471467
864050
891748
982490
390700
710260
756023
431825
314755
574543
326072
306474
241209
289676
628209
960084
472497
291487
643635
817369
406945
446196
887258
632616
382445
344456
496696
166701
175362
660501
993153
616284
935083
485189
262643
262925
165107
207143
989535
838754
498265
506462
126104
211908
428521
278711
301079
442090
779676
544403
968425
257371
170798
483459
405942
411339
530488
378866
954830
757634
746026
271644
641297
293658
508295
486140
734875
811943
457436
424482
711851
201265
410494
957348
861935
979452
666463
988523
768462
351689
932237
843791
169937
398101
364071
388701
215407
692031
653949
936532
389459
367239
818019
351407
328748
132210
782481
756892
555761
741354
629018
144043
590127
322786
458503
710883
615568
831096
987024
385998
629289
162131
157366
649589
652929
345835
795360
355590
641113
543815
753904
553361
114013
723522
139584
837810
401957
631143
695327
535465
828904
294972
421090
901638
691710
742715
294729
695903
760591
222810
324207
168292
820574
635180
258413
777449
185164
357729
899084
956994
586730
853544
942404
141294
151582
531253
547318
336074
850001
213886
497699
631335
872436
593247
535943
997333
337164
419581
157846
172318
551137
174952
403985
221807
871422
822777
952036
690609
726662
674235
520383
821654
529844
638630
289423
660399
641708
453478
664856
661786
746212
833434
438354
123097
200329
192696
637438
737566
183247
736047
370371
895906
140120
744100
612648
466773
678752
644222
461392
238799
973059
895709
537454
613669
433004
930596
868515
575352
634778
123607
365339
424231
186193
138592
759232
423140
617659
760428
737849
154756
237401
951186
393316
383696
492490
705204
128779
480185
646518
876926
821637
716840
430999
323019
475724
776755
775429
927782
695862
401644
595741
753198
368402
191700
120013
257395
239393
467500
769758
118173
633007
778956
436798
187181
390412
107276
111402
891515
849964
873535
377461
602557
608759
323104
101975
203977
941229
201445
236532
671601
262362
548752
599207
586670
653778
149797
766315
377912
465897
674613
641799
995761
462129
536056
528084
465185
843729
441402
171980
497660
232191
565260
730256
103232
795194
952123
254805
182139
931366
357054
434701
491945
846532
622216
748334
304538
707533
656190
536961
526098
657100
311011
710376
288683
195829
547086
440589
410197
533574
620413
940964
704029
956696
957027
912828
313099
497953
303421
604679
733189
446602
510114
244931
341553
785864
122680
215908
771704
384922
373891
576288
191974
390877
276857
161879
763470
165167
554065
964029
868619
753438
248058
932870
364289
713260
855688
804589
499841
788130
326377
177056
369099
679566
960405
811979
964942
461690
352900
998527
185195
973162
168281
580095
554744
105394
429244
897447
694208
371698
448838
901434
147655
334511
120789
935686
583403
256238
748128
134966
621703
236304
563076
100148
482705
839685
879804
122232
392771
177102
689007
938258
897783
487187
627939
690864
321643
839390
545456
453772
965092
169394
642928
742902
581870
609003
649746
558617
940545
346227
689069
107212
763488
526878
627186
913079
105339
320611
234138
971104
119829
762840
308798
373745
277536
948969
638534
427432
565731
239348
156697
610491
840605
745796
858611
930949
158052
283047
663509
863826
186150
931758
592725
392963
580785
271842
515414
584382
543246
203197
242451
807381
539271
780012
353461
862577
159593
481567
193092
656314
875525
279145
850714
664358
214321
440443
210067
115869
114412
897464
862369
671173
849278
163796
751868
706670
490461
840622
154998
649947
325164
368551
551980
603915
596958
679709
642552
831204
481048
274185
738979
379228
107349
593745
452441
906371
361795
229835
938453
666192
779850
230800
516891
914246
653709
903096
344388
701730
169385
429623
447284
524836
510458
864883
517831
690808
851101
963233
840650
710592
393584
172636
948679
496863
463990
323489
516920
812837
602903
416969
689884
271058
744163
873892
868935
367497
129879
693070
520115
428243
515768
191249
867477
101836
893949
413367
296491
482222
601065
330026
781041
184951
993813
495531
221618
756154
876076
243499
236732
112352
186512
852808
210860
614040
260763
948583
227912
742914
846240
590923
389580
179764
951439
820848
444124
109415
669399
904263
413209
696513
388773
509870
868111
928095
211243
324938
162634
722847
909757
134500
961704
993768
835540
713277
821194
820630
235061
145135
269508
625094
893068
415234
942100
985338
604977
674216
925583
752649
726189
533942
808631
386342
285622
784671
589609
449099
134070
620878
458770
237571
444394
436863
963938
359249
826918
657243
204376
880960
694422
356623
660445
973959
430975
335464
400397
890520
968483
670061
809872
833670
233572
510168
326600
500465
537536
408978
142210
843824
256122
879466
498126
946265
709273
966194
353484
652911
970314
207319
475452
291465
558241
995547
154904
282235
493757
326960
371838
465444
651561
592210
163396
136851
110942
669346
579312
582550
759046
221979
816000
723040
314459
113011
870691
783286
357614
144848
133675
165367
468932
629892
500922
475558
593371
209318
584281
337045
574186
818830
568904
271056
190694
313261
384815
158914
952993
960135
855539
305448
501868
689038
308613
728177
497181
373756
627572
245230
915948
693100
459938
783036
995416
234198
559668
854058
533191
112550
114819
234377
809418
307319
391696
101456
126910
895953
525077
756617
138991
189979
357142
191548
443575
452959
696406
992853
421765
868762
973157
613652
803512
703548
405559
844178
419018
423458
590512
912875
783914
965389
553308
244844
687713
776510
548859
566169
935062
736113
503545
288411
580590
554355
625820
701285
346987
816674
806358
973794
274805
898304
132027
572285
777942
677042
112684
457933
211390
732347
251858
671386
408999
770544
467814
837968
220179
204664
154988
734047
554098
332386
860160
171788
653760
910691
332745
758680
506955
731882
324875
625643
598386
103650
530553
156797
567336
756324
284870
197377
138232
263701
376764
409710
453635
414467
389190
653995
313701
475992
417416
398870
172725
130233
674766
585553
687499
920542
158434
212329
867868
104653
509207
365285
888800
923893
622435
295271
712277
504836
213929
953698
747804
229797
629428
553273
512737
914650
796800
350575
563609
661714
366769
624817
814180
378248
436935
607900
202065
236440
453738
980588
363137
806973
666591
245474
712963
723788
494333
135953
743263
185127
264665
764389
177998
627455
838845
796144
304422
456361
799479
917106
162004
871963
391373
311749
390850
422276
697423
342819
736696
855109
305541
201396
790814
454320
905191
450679
600704
885371
215436
494636
851754
229601
444857
755388
456499
132182
564699
847078
388886
886436
986256
392871
391226
811558
368256
458597
561780
430081
959433
887960
326851
349946
999927
149942
111193
423768
903699
918585
536505
401399
916178
693103
147579
180038
900431
439005
374221
109790
246099
601744
525460
851231
903119
938371
185808
575816
763404
762918
958141
104755
129498
472593
707413
953515
842885
659077
598771
819882
747078
985691
863603
216212
829142
764363
209942
801226
777629
389307
468193
648939
625928
766594
607780
884077
866840
412344
961336
777268
443095
716668
909698
561389
159110
116897
578004
184714
909298
291222
179731
283035
604869
189393
536595
753956
610041
167191
955614
996064
977671
111658
124883
125618
429118
878096
304427
158916
790383
330908
995448
118079
509188
425563
510310
157893
864209
101597
861539
276910
182179
314909
276603
159965
571860
746991
968155
190462
817121
883813
753559
447614
611123
904191
827560
874087
981945
557261
461325
693431
959831
403457
290194
875132
409016
337238
331598
772718
635422
685975
461382
134376
991258
647277
438447
685956
565783
621993
693457
730707
423473
559594
389446
328022
462979
795180
791394
453277
901598
524942
258669
247289
806549
681501
824908
445279
550997
860290
391997
438619
424274
521764
558913
689710
703453
568508
876340
943718
176690
218292
610455
999129
255053
260474
392943
965214
973820
876135
242598
405192
761360
301478
880560
308255
530861
666019
819368
807037
982273
912242
473976
839682
454737
550009
226040
953076
430927
171387
951661
901174
751336
896226
937875
915396
492442
870504
896661
778344
178850
907010
701657
859708
673235
103594
188217
387869
804611
249767
671116
338665
837471
670971
533123
976949
461695
675561
347310
951724
492917
493505
671583
276904
814782
896393
816359
133958
983835
459977
278013
207498
666777
351731
175997
596782
582668
891054
456845
854056
992538
130686
223194
789175
213012
240593
384321
986633
985568
940904
887785
322989
525969
657536
733582
133551
277944
456412
992729
220022
519892
889873
979882
990134
212932
720429
209592
453170
513406
406789
648783
507890
601592
942010
318616
603836
216323
302567
148982
206802
512087
563146
421452
448488
517129
392268
364573
649825
745882
149903
732939
305637
321705
190675
781505
217313
977513
741989
805516
255739
238925
823396
850308
980943
965407
491857
603496
618955
689648
250450
963015
729348
219177
968451
223643
294643
249056
441595
323536
867632
148519
800182
183555
731273
923327
624676
582757
687615
451018
839533
507327
333885
305885
412031
495663
476789
674964
917622
402448
380345
190527
257030
293016
720563
634394
222344
703866
106978
986331
525311
915116
288881
488452
801702
227332
418454
965529
408183
653115
740836
295627
874586
804339
703821
851443
501321
236501
131191
558874
178781
971571
678233
532405
343350
467916
888627
164878
142987
539118
630856
842877
336940
101301
710937
325654
750801
272849
511518
120603
615330
563206
703843
513650
141345
375598
686686
538002
476919
549497
867401
860791
621114
860180
556800
563669
763768
664135
425368
690696
875746
329369
684121
219498
375128
689486
995386
713854
713133
570960
264920
810154
409079
328203
850802
584865
696917
961522
929348
147230
536477
473024
855678
702925
142849
833785
874753
890467
774653
808079
507509
296110
218016
853536
156170
524422
579349
287804
761001
708419
571469
414340
936117
470281
588426
502990
277444
227166
341674
521413
459028
911644
668910
114701
966028
590081
264934
169317
122288
788899
204668
966725
955840
829634
519801
865863
626222
782198
682839
698466
589882
340359
440997
780209
773067
358812
109968
621874
936876
742443
551924
236874
242497
619918
272735
504357
506917
689111
737822
815388
305442
326394
539495
788272
706699
152969
471041
690898
524377
440061
504436
767685
943328
947375
397705
908987
854478
680999
296733
839131
973088
104012
713640
852036
209920
659770
549636
436108
559102
663346
985084
539266
356010
156107
477330
961681
504908
787910
346445
126181
762816
879007
221150
553480
458193
518207
628973
540581
328433
767951
599365
114094
185170
978343
590264
155929
668804
683620
149680
137605
880971
829623
850836
155226
572380
555098
146003
979119
994549
113759
320719
992581
158838
375169
516137
399120
551072
563195
124294
252021
285544
160951
348347
798959
420055
139262
560762
772716
280705
548302
664728
861109
286977
410539
733050
325162
487821
166348
627324
800939
645659
666486
206717
412468
909808
680358
405514
879168
737568
798151
957382
356494
379528
164867
158579
352897
912323
465526
171616
341249
646284
992030
267823
354559
517713
836335
538914
804085
569681
953732
841185
770732
297010
188400
949514
248119
363713
669266
424213
394557
824807
352550
495843
332660
335140
887319
472163
740649
189002
730867
528256
186140
902169
450808
653611
768935
584978
992970
789600
894367
695099
742598
369591
702100
753038
775792
908810
402547
272446
307721
225278
545930
788199
541981
611024
435499
399760
985304
339069
812138
184960
211993
584077
647328
809818
448574
575678
829266
302807
156287
118153
210284
908575
407895
309618
731847
342147
182748
929969
849738
206106
751120
136312
637772
468629
915856
921089
886487
235169
977449
536022
695496
241529
219883
367004
230099
323494
324918
530204
441924
131860
303185
547599
149408
588753
196953
313478
926666
367525
968214
205268
505313
453801
802282
980312
924327
637541
867490
850634
210716
102026
598319
874209
138409
830185
585518
154591
417368
681038
536515
376794
532864
707900
976197
643944
210783
797062
381586
375750
290816
515560
417475
338245
115901
116288
677467
820946
741022
386220
421337
270688
655230
651840
534700
506835
699342
130532
750662
203020
551475
193896
612489
383596
754859
316325
557759
718567
985357
619218
315910
691367
994606
209599
441479
700154
168800
185106
184647
437625
124853
677307
847991
540789
301473
993398
820294
398464
799678
145917
711191
442869
827304
392647
952685
860550
442024
485377
248834
656448
758607
288584
903351
442525
785624
219424
448678
838565
936720
913555
777235
408674
820273
557001
123649
615103
713673
850337
996033
925019
778554
607946
452900
226896
671259
468000
808786
151515
635228
190822
224531
857320
187303
186044
969387
641883
771713
483357
796611
478076
828335
908760
199938
791584
726870
847721
900987
981425
842971
113300
863391
568282
390377
785917
370675
493648
417104
454726
295772
381824
501962
732134
273943
469937
337530
887138
161701
902806
403054
969739
163171
105875
872035
248277
448440
595016
794183
314031
871656
466111
103961
161219
534150
373742
172333
617867
661894
937802
649419
727406
951631
262824
728983
665430
171696
392113
780492
236655
821482
998593
793282
383743
734090
802236
807374
566844
850138
329646
962088
878222
578573
557437
956040
713667
591385
188494
905514
830184
990626
707024
176625
820875
909168
800904
493063
528042
264546
111034
949569
721431
600380
952530
137825
780843
508220
784812
473238
418627
544235
918054
699263
976444
716046
189215
606220
252327
814204
662476
876869
411529
256874
342039
189860
862481
817954
134580
902621
319830
555091
125698
153278
517773
646721
329498
191409
774692
619037
385272
756542
125950
315599
618051
183437
246251
114287
930266
802282
722595
228180
609628
736641
609920
802020
628756
584137
445397
527434
272288
719357
790606
669701
929756
953253
173573
204668
243952
238995
637182
275824
370547
104937
354464
411626
403162
365273
371057
877172
268736
761860
671596
721412
152532
274883
465889
306738
455226
665348
301162
471114
341887
916172
937126
123581
272701
879899
730452
649938
718502
827790
389133
568250
596432
396285
756573
329217
658430
974020
657888
306272
180263
593759
515382
286288
210598
638735
187042
286745
266205
852249
891269
677320
191814
216974
353361
600863
899703
176581
129645
522118
758865
727267
803301
976159
125926
208605
608586
968407
347844
923157
572045
694489
712994
853312
993491
292284
467974
539848
956790
584797
608081
747949
616217
881031
571240
268998
259525
766414
453440
119845
292516
307996
330372
846489
663417
975459
674246
146797
750714
656113
598976
341453
417644
904065
987269
408201
419994
751757
172426
100690
653681
393217
202218
257314
529146
731468
727290
917144
698836
794576
519978
248064
533870
439736
299892
834162
619199
314633
738725
300657
384322
318289
691941
253075
664369
350684
428517
903744
903644
700422
344739
323699
635718
154443
557725
590237
630461
264281
848560
861769
263988
393127
222187
817051
100830
629599
364853
648562
430089
389238
589976
696140
592149
742333
265576
534057
132688
868176
716692
956871
597231
970827
886408
319436
837163
426685
483708
776227
803509
553140
691101
580125
342295
180664
271670
982328
711817
164788
642011
628446
837677
770670
795089
576036
748487
951416
144285
101459
192572
215775
916104
864036
419815
129569
416075
351939
112082
393020
386237
532150
762071
795105
936246
102327
106898
955431
819167
388253
368258
940731
216281
568409
145085
496437
236710
422940
983149
536359
382103
527958
473515
231406
374611
239705
304374
342091
151425
130492
441328
555723
148435
692251
473494
557154
396303
516380
757465
854039
679835
354861
351934
507321
647428
560648
259630
751183
913194
131768
653626
817676
694732
105462
798736
327521
852267
119724
102003
917581
138078
469530
520857
219312
200946
824023
975398
821917
284795
976783
443424
468941
507932
749547
795056
768048
451279
757519
704084
441919
869233
971740
505635
379629
808781
585110
970942
316604
868387
340543
747983
546859
591221
823906
226049
560717
718926
622700
120860
629141
169167
927733
969403
184717
711800
578493
352332
455622
691631
116849
645923
762122
374864
663308
758203
819981
415345
849946
462155
760994
161712
921688
331584
322250
733307
861463
463036
540999
743996
207968
898923
218255
904383
844369
181310
176891
701890
961029
729415
266143
710200
953586
427887
702868
882105
866572
973367
153521
338890
563975
685897
156153
387236
105850
893146
464909
693540
463806
774014
833122
936494
766581
765352
562893
881694
988616
487453
813211
330029
187273
327796
833277
654685
105015
463692
318241
882818
878976
872425
596700
714252
717409
579117
250819
124245
567624
495951
721560
756259
291419
366043
109505
999866
915441
685190
992053
325601
252253
340172
464624
527152
346124
782567
677350
675699
720548
387886
652244
409597
646380
467624
677106
860717
186667
146347
435204
604661
998120
588918
163024
218285
231696
577479
580234
317107
590455
565433
319562
705980
278101
239934
353312
899548
552882
565685
263614
454510
681436
719912
807411
386944
636244
973093
803927
162303
137738
746295
767970
687194
839965
360416
755928
397045
211332
115061
491039
395821
174090
186934
894769
980162
521268
847113
112300
856294
261694
980210
615303
966945
494116
449616
256672
411006
769469
614870
363248
979734
342401
342565
852991
333559
883723
668451
519860
529424
671481
581467
351813
374396
534256
989937
925069
753960
702973
232575
612955
980739
961270
789232
605063
863649
748063
235064
893151
379596
650825
638415
341632
637799
427124
629513
553025
781440
396469
760083
337576
772338
927411
671627
895968
469492
981740
675196
205186
901570
337140
921493
120400
880326
540957
284837
417505
550018
879986
956406
947126
447004
407101
564259
258187
473318
194569
289527
256937
703178
744481
401795
621721
877679
289047
261403
768435
201002
106273
295213
752884
157251
604286
525023
353294
964130
838199
124453
739193
317079
186176
200284
635239
349220
123837
439270
226806
294983
732482
523554
765598
342951
649970
680871
165418
485338
100585
763133
826275
225616
851285
624568
131304
531296
976159
663313
786010
384270
823656
607235
187060
855701
873902
614751
744184
988534
873422
372525
572164
569213
409667
564000
513091
990637
223692
819604
631135
239656
190060
240838
338996
433404
363499
722256
146913
932365
405914
312863
720568
286779
833108
636083
164245
438096
111903
643795
450411
617480
574482
348555
945081
817885
993937
479107
275771
336046
649843
609565
810845
525836
570693
510538
912170
314625
930279
738537
950435
995869
970932
810621
170156
693662
138911
468746
670720
866299
885336
752492
319588
418637
526286
841556
277177
760315
473487
741472
214763
972416
528587
407766
522567
444251
837719
796445
132777
842387
897485
864728
529747
318725
279280
264191
161465
308876
419181
303611
924985
837003
651709
446238
627625
832825
809031
190621
882057
263338
814722
737100
240887
316758
554520
138420
641729
222953
715110
776051
285012
294726
669409
927504
138451
469337
896114
287961
215908
775607
411810
205531
924197
124308
915729
796957
445084
250465
373599
143226
879436
590367
810925
107769
394786
879461
436414
921994
941871
351721
432376
897440
487825
488751
891111
124261
800073
918412
350080
576158
964113
755605
169986
449981
448071
178825
256088
630685
226818
567671
397211
876093
665798
189357
414549
248412
718674
548863
887489
958925
915446
952432
682062
365367
804801
570560
998370
290412
933465
110419
859643
338308
757540
759801
353489
339957
633923
161055
673047
273073
330399
119985
565024
333373
826235
361514
143998
872393
808681
692378
704133
842512
936665
172850
711119
770638
973899
337359
562616
120313
166405
208705
455786
402429
615265
584631
385011
141208
797374
107465
800530
254383
905175
951906
564784
393131
258224
256328
357675
248148
722348
990824
400686
991880
710108
498499
807420
984471
393170
597103
772652
287422
523251
948555
977454
313343
364107
948708
976844
841145
105947
514493
659148
874281
513901
178526
723793
167517
785640
910875
269825
320081
456031
787423
849025
246824
888419
922550
701916
165352
909977
774804
778659
270930
468071
409189
792302
535196
915815
937074
206240
224205
149278
871596
390089
724245
123110
413785
177158
965830
870247
415448
182691
451763
673669
753650
206912
919204
761299
801087
104305
381811
400805
609202
222047
661478
785347
213827
308428
779913
688537
378519
344788
689127
662219
681421
860750
653413
907814
710951
729298
589371
962482
508979
844117
867856
121828
855285
251152
837041
933711
597204
848671
709325
185370
728798
709349
709840
469005
799640
980588
174458
363461
395877
952810
949979
791719
706994
636767
328526
977777
353372
942971
105551
147820
366207
705116
703866
365278
164253
366805
259618
318779
245063
141835
465162
865916
850954
473849
685507
514408
781177
887283
335779
487630
873042
593191
693566
422261
760752
225791
866244
465291
404621
274371
622967
768921
663698
684636
689223
156023
274428
208500
556363
358268
953740
156248
615454
551758
544012
748543
127284
753272
847193
671492
635512
442746
113201
779407
255172
474009
336954
804019
645083
720055
276205
886704
427494
492413
321245
554424
899817
408405
663240
797679
656737
439509
131033
207371
485629
974421
396119
492251
693110
238722
740269
966756
474253
829323
979191
690151
650687
224920
182150
147166
538791
165562
656560
673349
768400
849565
674967
194613
547637
189403
420756
413963
125528
539914
861504
524648
512251
437077
912479
859762
277982
593385
749705
705143
109109
833189
408726
920049
343429
762165
680101
793253
214876
944344
641258
828678
974666
123484
254706
569398
458111
384204
777396
351373
112930
635232
439093
976146
278092
974706
353912
159718
667583
622097
201664
410560
558118
954510
460804
864275
801930
917268
505582
380907
569037
441077
869775
610230
735783
826559
696899
258976
929819
805901
331836
403255
548278
784441
423150
168557
159683
528432
538422
356540
661901
187646
251911
639364
759826
173864
622515
870063
839585
167033
359923
897461
741104
647380
485491
766779
712764
708072
625277
376983
502045
584225
642944
130319
421125
427451
627005
384511
854326
397874
763949
209144
830781
603957
704722
591846
842447
742489
261497
240362
749054
234537
759081
688102
952407
269882
500363
855864
266460
466525
436213
376893
319161
182062
691093
239127
291525
995914
668342
860649
637815
176861
845074
288287
959586
270297
967093
850890
429935
396994
422441
171689
598390
155911
236163
644003
155480
327147
815530
329105
361371
579553
117311
527577
422979
203574
217965
576405
604010
934952
899278
355857
485276
830677
641976
428819
106673
844942
616547
262582
441287
780010
238423
493166
640156
114487
363766
729488
341669
777291
946595
456042
257838
167481
770638
530637
638159
384830
119390
368395
765350
652475
432825
242011
204471
823966
897683
729754
987453
790681
400464
356555
428651
250708
515224
105183
633220
855197
223478
975600
157299
316222
788492
115751
928776
127303
487447
684893
752880
839562
916667
643327
556848
485062
765419
182986
485053
159355
902167
787350
519322
108829
399954
810192
141359
703139
317886
323007
524707
919166
646135
912711
514230
455623
270553
359692
277374
200305
940110
929134
812700
954718
582808
297043
844985
618478
593943
739971
691106
230257
917560
592365
307645
314270
927131
338086
543239
407164
144735
116241
232044
489373
264652
916698
807074
338859
580092
393277
519587
457274
914854
317540
354949
959390
661737
243629
410263
428533
183538
512201
685978
218980
761034
245857
863674
864416
985055
452404
808679
124483
887278
720539
514100
774751
604905
946989
741163
671214
529034
946910
378283
337479
206996
151362
958208
808941
858754
540016
258046
927521
991536
454945
953241
276312
365154
920920
925155
478248
193780
288763
821027
794428
628510
930688
178894
188998
540132
779939
154597
669812
872696
427379
278667
137947
356972
447053
301505
424272
625848
781119
447584
876278
127716
200207
680755
995473
765075
959316
496302
560217
413644
750178
947854
365930
225222
531363
513103
216888
181487
166785
978084
611520
820665
948032
371703
203674
803585
311592
967517
950059
185566
103552
782932
605590
854339
969142
608155
667538
177680
497691
388559
432471
369275
114635
138686
262770
197879
374666
878954
457048
766718
507050
176284
833239
532545
735529
989633
620968
523336
466839
624678
315297
178664
105142
844043
654183
822496
507322
321095
865824
240271
579631
980729
951815
101655
362618
614053
278648
335334
213560
903987
839659
484999
775458
126944
532061
640388
999026
784223
495370
486965
199328
804240
612824
854090
193157
594235
561324
430000
975232
392554
226207
161316
730006
263552
687819
388178
153812
809721
823776
109000
214801
369023
451444
532572
217135
228710
385110
555990
745120
626021
412579
905851
979204
719761
215730
217336
850224
725944
114378
217479
112555
519959
825587
843329
831507
919992
151081
625376
869021
814124
299405
650896
311416
770753
250039
971857
361714
734144
679942
586635
467797
455526
338679
426447
717194
534364
412756
366406
523293
484725
249091
386009
275936
625731
538048
287003
396170
908215
466277
345047
870456
477331
409413
508465
618323
102670
207672
186780
556690
391299
604880
553944
187926
409846
850539
663621
990707
219493
129633
206280
534063
882502
168349
216473
981347
673762
521865
851111
924638
260142
195361
176681
629129
594978
446986
645026
336549
425081
156796
278031
836017
261443
731673
672112
716807
154090
203618
500272
260806
494143
502111
767347
347050
387168
119323
865180
905463
143657
902451
824472
742165
653779
921923
226954
383189
531021
920257
202516
336946
637110
715973
483486
422419
947221
337957
709126
400077
437301
651968
225861
623717
422880
904112
984090
755346
668726
536258
841077
806113
908330
953442
155586
771410
480985
603919
689167
499840
484648
653037
442588
234398
237786
801370
807743
403325
493195
391224
841968
422154
133003
518217
924856
218612
945274
725689
112337
709547
154492
207061
677465
287268
518426
220889
728921
667513
939957
334727
351500
249965
992231
524500
664463
690573
323704
451196
395044
702130
284249
158134
165858
923747
860897
832098
518556
153592
794946
957054
841356
348025
842727
956472
285308
548516
673740
880190
811441
322670
757754
190833
286165
269985
124382
349368
521247
772579
590244
821297
607553
908631
230837
187906
708174
761661
103850
690030
126022
540756
902860
869571
124383
852128
623434
322223
331857
246375
450518
821651
516863
482037
702941
722416
539261
987359
287232
847998
194786
309348
371251
557212
732555
239376
717490
972001
347369
116250
758875
110289
443785
229357
437388
424843
105887
455556
741242
627647
255598
689134
215755
632317
938261
629138
328273
145032
265049
966028
349635
724266
334379
883796
831321
639265
362294
353408
158308
630711
423976
357536
350695
147599
344666
131687
365110
942395
969150
507593
250986
814571
119076
459904
531966
741024
296521
649897
736202
208798
928220
948203
325529
466047
104974
393783
145609
853189
284502
118059
613822
772264
603774
793553
175523
352365
313613
367173
679198
380983
527762
510643
844303
590903
249002
376958
698021
759711
877262
100766
410909
485013
936124
448801
947640
102563
984768
545074
819671
652010
229214
262838
496597
598967
563871
924531
929442
836494
715222
560843
732184
796739
121070
678919
656348
754856
799762
960271
213138
938911
865368
669941
653021
179345
204394
966353
998226
335256
468499
880391
223864
308887
693571
716069
507390
965737
252959
897544
246872
636694
103944
447422
205496
976578
655430
567655
641637
199264
235024
188181
295195
733957
651643
842674
564510
564342
967005
742784
247516
492835
289341
527899
906143
726605
806553
378683
992747
138498
654354
852534
123642
768010
945848
678850
128657
137754
931182
659960
830015
541605
932762
127540
222194
154546
567883
728857
589109
454857
623495
974257
547306
425255
611888
678226
184832
125458
188051
799005
665873
886726
423213
165023
301083
121997
648473
400954
557273
282541
264474
589598
737277
756123
542946
501169
175212
255853
765149
958222
899126
717261
861437
389129
601424
623754
161986
421169
901552
733065
595046
835630
332580
526808
644770
247497
718384
240675
822368
788267
813250
719072
798591
572350
184851
375044
535964
667151
891933
698520
851268
790645
990611
607111
150674
524140
905826
859694
725766
658106
156002
338102
300485
433874
696856
232254
715815
967607
725964
402416
532481
178808
402049
655542
422703
206010
610614
644742
818174
278835
801529
531961
520595
424882
257635
440601
629148
853245
251092
753240
736465
955858
666315
396926
273733
245039
922465
727418
714479
688557
397923
914425
581232
650662
943115
742325
365664
144375
739706
352868
172762
611393
288372
148434
779488
240650
507607
825289
391308
763744
909017
891660
514101
247326
445854
385859
624538
439111
923219
817265
691374
559022
592938
819041
279552
631224
908146
505695
362629
825402
260945
557603
684100
152732
171681
307591
576606
806431
204773
312026
690137
385050
316199
644750
674696
835200
187343
773675
852344
529470
892930
447814
818232
494432
761396
122989
853382
915539
141739
778521
647666
473349
479602
638822
322002
489897
993878
217342
516354
700502
491233
636977
154325
332047
525360
799073
512476
795293
181683
339738
740882
756441
880385
386271
823298
622246
900982
940447
103541
819194
706218
787975
853788
118621
710350
467729
623926
430891
144997
785177
491614
936052
383293
882960
402709
950146
386378
567306
896903
901178
125853
145042
474460
548251
722246
633726
367870
655076
127683
308125
713634
436530
556003
909388
318837
711719
981179
365704
338980
736454
261220
123933
297736
879387
145360
401949
724812
809528
827751
671117
862812
493721
583746
132569
499532
193673
168131
941192
342306
856734
275119
981450
935233
735295
656297
809838
384339
787589
457357
148911
967986
289151
724869
548142
987827
688592
975627
704060
725935
666484
235068
548206
431727
524768
952437
266067
858900
157478
765517
687137
770465
872600
478479
737355
931781
191204
347666
223279
167496
289501
229174
943883
650866
319578
773118
102800
838226
414456
898244
891343
703762
290299
648157
796400
224405
631249
212203
410722
187561
405687
987769
145772
449967
969270
868534
390882
268963
373413
818449
515412
375210
276018
752461
772512
766456
488122
442753
604743
155292
787253
487407
241724
905864
610064
602398
180281
355488
412370
753047
754156
962942
826464
469145
384143
400896
636636
535801
365557
347439
388135
359545
298336
256652
623975
869219
275312
859513
658436
670819
781846
545186
414861
696031
721382
820614
423256
190611
471083
221286
722758
732141
738484
685960
677156
935778
929836
384904
352078
419243
697703
912860
273166
176095
918585
817987
145378
230094
487745
334857
973628
582264
504706
739449
484962
700008
447282
363456
893430
450864
700075
500473
586928
873186
961630
514587
174151
358088
902088
614523
854256
297824
394525
879327
514077
181528
407521
988225
267590
115202
436566
660476
193348
986292
852623
718166
876698
132574
159906
782121
842383
427689
563452
480623
242294
967753
658895
979178
145359
501054
299047
614638
931846
810381
373306
242700
316984
848502
610781
800059
160150
540434
623827
419525
266307
372298
139360
170667
929239
979543
164380
571670
396838
573681
504228
485084
556315
814774
121066
917610
874557
810394
479244
112532
969044
458213
207202
425590
648261
358574
792657
954534
175832
660242
365500
122233
478139
232752
654971
921134
934271
552068
800036
526715
849728
622622
814821
254610
723138
762014
807251
488399
808375
798479
382876
325377
756958
503293
817561
312210
798117
425108
254112
149749
589263
123190
913974
933995
638480
185657
483746
677266
918101
236635
223644
936171
737632
641346
367588
231238
748849
238517
828847
725644
420545
717104
549179
745481
214600
516488
721892
614900
882206
549500
443984
827996
696959
542227
655300
647025
541511
309496
789178
456427
900508
153391
492170
631547
103883
949363
478629
115149
499851
703501
895520
453718
957022
558931
153485
404736
321046
921403
781190
497807
526836
783354
596387
652335
100459
132189
172075
982652
596515
457635
540454
654990
474042
360885
557297
379647
559589
235459
152363
136346
358100
453533
797740
356353
154739
316842
960502
204123
426380
855528
766435
230360
163274
207617
583326
187138
748985
496615
532014
290019
237577
317900
426092
727853
110994
150912
343125
825034
512081
223815
644923
603104
386640
711542
951319
176544
673923
853738
362681
407948
441103
725126
342688
199779
305669
715783
622436
871594
468972
365445
307568
506232
581277
824584
154382
174686
807176
457060
819291
547985
611411
604403
719001
314293
138467
726958
464035
621800
538643
630248
251163
564777
786081
161062
306944
553379
487112
966879
601819
799066
649352
163788
555832
747504
300002
959019
942865
791060
387967
837014
339014
519368
409553
365723
672233
197517
973809
872152
244150
661837
456326
159222
388160
347813
606503
437566
939815
130733
344728
456988
927301
673061
830065
333455
178535
912702
725021
653513
514745
557123
981981
552202
409050
403714
526956
820755
740687
411130
271678
799049
600179
535394
178209
685449
328268
687380
758950
890050
714745
629396
948441
562451
768551
369057
517387
167330
142339
332343
816113
338582
527722
491167
409829
668370
337148
546644
909802
320783
804814
139378
582542
463124
282559
149500
707944
524853
261347
820970
833536
277605
870107
140366
911470
150649
611269
671041
231418
463802
213807
631887
544611
587878
397191
440732
538619
624580
682478
855761
512847
562435
957932
269639
357029
918254
147389
802319
616542
928909
965960
553627
363642
348347
836944
686285
760859
993280
659171
532154
947682
561322
703727
354938
673814
959245
453749
638606
367907
470292
796150
551438
125790
898946
677163
559023
786823
150026
182193
916686
403591
294087
737216
570492
454361
745657
115132
462085
938789
252893
925700
493694
907367
993031
891528
288171
256590
900767
873048
630954
450561
103573
433880
462015
954172
895586
385839
603197
417816
296252
568223
664526
817640
241782
676111
823199
765823
219154
654243
225547
214864
433540
106349
644579
701549
752324
511869
924150
493873
816463
143732
286691
375897
346587
942390
852408
712972
120117
424030
925381
726396
969465
604779
267362
955557
397997
633144
421274
913362
478459
466474
479603
998367
773865
409890
804571
658648
931318
119442
746001
428577
800755
107725
126156
555023
854907
932438
917260
858387
630256
841338
436763
117047
303092
204666
469472
535521
125282
917217
746432
675380
696967
993332
415249
139478
369727
286567
166204
373165
353904
832300
400910
884066
830685
136710
967516
752103
911272
943804
840208
114068
877928
461352
631540
619565
915970
800719
641850
985472
152519
122316
486341
432523
162186
806277
999032
234234
906556
796959
793177
752110
428870
587982
391714
636153
259618
748260
192452
468773
673303
629610
997559
453780
745103
408620
920675
705698
347702
723471
755044
386951
126161
288670
546014
330906
408793
926530
255741
934799
504883
296048
761094
122848
866797
494524
826496
347881
819638
209099
244057
721645
554715
767206
482806
760279
927258
168906
218523
868923
183429
789884
982803
734394
308372
730747
607581
596772
512711
644238
524595
528888
591959
874300
971032
456743
515128
410618
169917
705143
176366
578014
996848
493091
809544
802835
206369
742496
701245
561030
531698
429306
529313
197820
276475
698876
180260
581478
920536
471439
971688
225997
165359
275450
202910
163016
538145
685031
526203
518765
301613
529543
923292
834019
487899
205931
484467
992053
816172
859763
589836
496707
453627
948676
744737
246035
502928
225554
857429
488869
554817
997662
977713
254435
419717
193144
607962
631287
871351
652517
190635
749591
341731
393979
730420
929692
742128
855050
404943
304753
777098
489877
292442
799142
310411
536286
510742
661795
951333
953791
412507
596122
402606
962772
341334
321557
804329
619543
152864
647215
609805
976067
105532
193503
320020
564538
548780
444238
589506
115746
233233
327818
322224
371498
548989
491379
728724
101258
667766
719442
307247
932616
691754
437674
842962
691351
227946
737798
910094
392314
409028
728850
568695
375527
540769
432678
477460
112390
352887
814557
107237
937944
941996
516036
644689
402965
333480
247181
987723
391757
327989
333859
842721
562640
989590
853336
953281
711018
676801
329435
151336
884774
569562
244933
107241
693075
756462
760402
658614
733764
988137
115084
675885
351728
774228
236867
212290
102874
198958
258842
462181
201068
685894
712187
839120
300604
517202
471178
420080
167761
782927
684406
802957
426942
455030
954412
638711
301356
153079
920742
107599
876407
672501
311873
440335
762511
887966
785484
722711
727070
135813
851164
164085
493097
205341
962204
213392
486608
894484
237442
527409
998031
329065
919197
552911
650151
283340
179402
248182
349111
687217
151910
201938
937635
888689
471102
266462
453751
238269
840834
114179
859973
463231
965208
908175
841962
439439
809900
175156
405039
837934
568037
811898
401322
711331
694131
230083
517157
845584
633285
685016
964758
905552
715383
724629
736174
945071
789000
957357
761070
689254
808329
700411
149746
519537
749841
277831
827473
674095
257358
118066
515357
437301
163415
111774
434917
784080
384317
609116
308506
717077
798591
210259
628303
977158
548828
706794
792057
461668
676194
396082
175926
252716
687206
111923
117802
134735
243181
614898
526468
838961
682535
429403
316575
411838
526779
900753
676420
914852
164413
910767
976173
488817
160029
973466
884837
976714
451961
657605
591019
990308
714418
995136
349620
953027
691804
710686
157424
932749
780078
258914
810981
127594
995706
964774
783480
971643
780279
497671
473867
723923
832697
779216
957216
183190
872834
340673
662843
831469
145266
468571
278949
678083
698458
745419
596045
402272
881167
576561
463337
954239
167481
875693
209562
913933
156043
291973
134669
493217
402765
944628
881854
868531
283540
502066
201880
842938
949780
602748
561143
257477
698124
966720
806254
414037
105183
266248
109219
868950
340675
936256
612024
538041
756914
755429
555302
465423
542974
332653
639618
330916
429058
277229
152545
144405
133651
143786
594424
351535
334453
436767
297243
402982
246154
994984
533095
319150
509445
591337
797820
424218
541181
396767
174882
225071
401181
747328
949836
950563
189560
889521
908506
379096
954425
997924
843512
315631
880377
103596
841220
312362
795082
478591
871501
519427
390544
925126
937367
435906
379888
421252
901787
681695
380992
535809
549418
188148
871709
580114
848658
608510
334172
407814
686490
435568
720696
757807
831399
610868
682954
586795
833345
106463
851799
632111
290800
421392
674019
546927
683552
363045
905283
144524
173091
361977
574544
116858
388693
182398
247543
806477
525915
533235
221614
500288
130725
395618
354753
639617
860659
282489
990282
533244
309139
396514
326335
458882
160872
737665
306086
522614
574182
537066
998883
845365
275066
238141
205682
808351
599751
539807
212143
744102
362411
783254
420658
693906
226432
887584
970425
483790
163518
564785
407998
879411
691261
989255
741512
451598
438136
807851
210205
435793
649614
177159
884244
474387
860355
269470
242088
794788
554755
817069
921833
678994
862150
656860
989133
121809
867470
500640
477476
701258
264077
546032
163017
539203
176548
944130
859508
987943
864646
964450
807660
405617
803100
811470
259066
911578
452961
518065
154584
393885
542189
387578
818537
128900
759375
327512
975554
655217
243252
737780
366566
109162
955524
121387
674671
422145
729291
511463
502632
304767
148085
178713
123352
342637
807699
397621
624152
472159
523386
470025
473670
296445
810634
286715
110386
787279
605100
826495
199125
111429
324757
695602
719554
420608
443239
459637
388725
568449
247447
943881
998408
932523
339337
393860
208164
822711
278615
308206
390388
821045
784209
988571
836468
530521
218014
784932
363913
378313
907648
802084
817227
652706
471350
536588
295773
226530
762907
352675
850686
821430
797675
191998
387031
100960
373350
885592
570676
953540
978189
712430
367184
333967
315242
339034
307400
630053
911788
946825
500594
821382
372815
227867
371271
479484
254938
737239
143643
278755
746274
544232
562126
853301
872364
120504
740570
806961
709456
879144
156268
622791
976441
555433
794352
528835
939944
945786
934534
129684
559897
636254
501201
628600
963453
720281
820045
128934
953990
794119
671904
399767
143681
508633
121577
338993
868318
377709
324405
700818
129323
209992
902865
722485
950494
815507
508282
198468
147761
237392
832496
264059
365480
154615
216393
126293
207726
687057
218722
753397
232189
423984
677007
577330
732605
739625
668564
638080
500003
583599
821356
169239
723675
371917
776774
575106
623201
177248
566000
793447
185960
574639
401068
824110
863165
210696
317823
725871
394086
584888
532520
134972
870596
389126
901198
383912
311896
293004
677618
492019
705538
787699
150883
187732
516516
928842
754352
432194
411717
115300
187192
489982
230097
399499
268445
687008
668318
507332
155479
400412
765865
746369
899813
814577
482559
982204
693919
801102
698392
321079
455431
158433
983453
198285
812605
302430
661770
479444
447281
776552
625967
761330
921396
428031
223984
783321
439367
619462
924204
208705
957429
414415
135291
275904
395293
908102
534961
136296
920263
832343
780287
642685
822583
229884
740440
293969
977727
363047
130257
667294
640975
229640
580834
530656
516808
179708
230985
312300
649679
985491
165646
206193
682973
473724
162528
967722
873394
386095
517630
161724
307337
120662
769107
190578
310983
307929
171768
826771
539373
270821
930717
929309
629422
246232
574595
199392
163322
824427
738464
139481
774808
198620
718949
817705
518194
628631
656028
194738
599210
589601
117195
106222
654027
958497
675734
310731
651546
608844
548897
689319
292587
442987
192242
538788
643024
397898
495541
757608
369868
519743
608153
575923
330214
825717
663608
301918
261401
597141
686964
750349
874120
727760
540988
780240
727727
480491
901390
637116
375700
326504
208950
673536
355005
375885
546165
386759
140187
758227
331325
563946
650595
629868
228728
544623
809406
884306
950409
736802
181782
274121
641322
995662
497969
127920
930932
765335
426362
435817
421853
454871
936058
308706
751388
293460
737318
959199
734760
357915
542834
547942
153662
990715
863587
248007
996065
524544
710146
409766
363068
165898
767949
213446
687971
641417
944199
816564
772760
942424
576432
425229
917449
802483
730223
292525
334646
434134
150635
619637
521296
610259
904857
910680
623997
339631
854640
145538
764888
444826
618360
666950
968982
523338
367937
743202
247907
837235
606128
887345
764395
170405
878100
366701
312629
529633
325527
934878
549161
630041
834704
950340
457713
436771
684245
683261
441822
580730
371821
829491
677154
463442
163876
297093
848090
779446
933559
153872
848655
179199
301455
548986
930610
762643
371852
845915
946852
481495
966774
485769
955768
767730
886552
937022
673776
676064
553801
649448
844772
709104
486975
545101
678177
965211
681032
874552
994509
361313
625395
121477
812553
471938
169929
927588
127664
235829
552186
640621
520476
782089
406929
274977
649544
556341
124457
753497
887375
606942
750137
517134
353267
830469
118826
635716
193146
546154
326666
251667
794387
979489
152953
869107
279254
978223
943713
814211
579754
705761
600995
166326
204640
131497
566091
404956
590908
702199
859877
517448
838196
359248
853705
464547
334224
358893
697618
947788
991377
146130
868365
127913
811119
980585
810061
696111
698587
623066
441723
252395
305443
119018
186218
295851
360756
885806
749897
509995
927577
533066
648113
619359
791585
341322
998302
977178
307423
328891
447707
395097
643659
771591
964694
507184
781382
455052
212722
314862
384666
616152
442331
920015
706720
335331
512885
131038
823995
914409
645261
537957
883778
381187
646929
444403
665787
951040
891483
786440
721891
656165
411688
713344
118282
899326
864743
299481
482043
901695
432205
985987
780633
648893
974374
249188
582628
227618
590374
801157
643547
511120
157309
612732
191260
312213
908616
614646
463975
350631
264452
215393
958592
488797
908830
846931
253811
468426
150598
405083
160722
534775
561410
177538
664506
240635
423007
842397
742004
798105
250178
113458
208887
478871
692828
604805
303914
263862
627196
609758
711399
979795
816510
575256
135836
831001
902337
638696
985003
555136
180887
363240
718993
996902
545653
759103
982019
461384
153866
461263
253364
564958
514477
493947
594451
135504
417615
666195
519601
381401
117167
326269
680993
779767
338028
638178
424632
504491
317269
468178
914644
384979
728188
350644
110169
610753
330378
599727
738806
967192
866540
242350
510247
495811
982506
265843
308563
746002
274808
804315
520181
460977
400230
595209
307736
188391
215410
442546
734075
662280
934589
794725
371252
744119
668475
826197
855152
458588
436804
953604
317689
215838
786471
769261
304785
279101
616799
352846
897243
672014
313597
938449
602393
509908
107204
772885
393359
397079
825268
207262
504774
964004
733983
600085
794445
980833
378871
576477
858394
747755
825576
880404
208143
476942
698754
673665
245655
144192
863566
934560
262959
949722
227969
413384
959649
143732
369679
542870
828748
446076
263415
696791
590560
265299
814685
132055
824421
984196
589333
571041
156379
920354
519162
804305
757083
304125
689534
423422
486141
299168
556604
110366
592979
135946
169353
675541
120082
585766
308617
969118
559505
965258
364958
244244
748234
501417
448731
684093
335454
874901
242647
440436
866229
199829
326717
793201
951971
821726
631201
308823
763878
370257
773580
850043
884427
713393
807672
959084
471984
521663
700119
947714
487460
600404
990029
592519
599243
537722
359391
408701
440798
504103
290115
262155
252367
332663
549719
505544
590634
186149
936813
497698
616118
142566
555716
801898
395291
933347
380754
567232
409022
836337
436253
926103
811560
821486
784265
791589
297509
498073
452139
248522
223367
913455
362845
998234
791403
646878
786282
344776
248819
981895
611145
437680
923027
847733
799974
936705
610375
499253
390267
778022
113793
442385
577503
535408
341185
298188
604917
583042
503772
456316
685285
521336
488767
139647
729671
946452
106029
725756
932603
828582
636356
957624
656502
431128
561086
509489
647351
418323
447667
436794
771544
849042
197628
488979
571360
475777
379666
441092
256309
840753
433397
793078
160430
884411
644105
692718
647047
324942
995258
965671
452270
234903
400096
945962
904090
486124
684541
783309
307195
975541
863300
792294
444524
261079
522132
645898
724165
512926
365761
844679
339981
795047
359732
830138
419885
391111
882792
598989
760960
635803
370134
410769
308102
593582
264523
874292
169336
774720
349652
633854
897750
598713
498812
430190
651163
209802
582636
335340
793810
429595
450737
475883
930530
767703
474588
595517
245669
174033
760546
366834
519062
545777
400260
193775
210921
505726
239273
359271
883700
371050
583334
228505
822731
106805
392416
142469
843146
305534
638793
955212
566507
520909
417062
484579
782487
288566
604273
571795
567353
736747
795610
549777
367534
380514
365800
800821
749081
410589
360542
243289
663027
423708
527320
334096
445887
922875
632564
510016
725244
151881
388846
366557
803475
293703
383652
892324
332080
404760
866392
683953
453262
741259
460180
497821
507211
184962
820295
526039
500347
227327
883054
845470
490744
479082
330478
942328
350646
734433
591869
606738
543317
317981
692928
972469
791823
477052
448943
368449
709906
240688
713013
743401
677800
451236
326868
409898
519985
579110
828133
119369
975474
611574
626044
756488
968423
871657
261930
671333
466932
245882
186973
706544
264441
905966
370850
328422
661572
620418
109835
768046
666720
199700
420267
111408
339434
956490
375549
954413
536229
318210
543653
902111
244132
605144
882382
447949
697540
547021
857875
608491
799420
468666
386073
265804
287213
391921
401753
660453
976051
902988
931036
608256
979326
798293
275007
953305
636570
434993
571605
309145
405193
375402
695724
681356
357939
449591
783591
690977
644948
302794
272843
662110
637428
283382
975094
892317
856756
767706
247305
998407
286563
430639
890278
339147
596624
962122
344372
979386
479610
428846
471839
469251
824675
248945
337853
212038
357732
374665
362604
974903
508730
813203
430070
541777
851774
174176
187862
507989
477202
168861
342165
431486
696886
142205
575821
152897
222363
118053
642415
158342
559023
428851
998015
572733
590007
142796
630813
592448
692411
887105
619583
982339
482234
420637
245497
992858
822335
353358
678591
745192
249003
154317
893537
282655
404626
507148
725237
671224
401570
731675
226803
851984
233245
967382
192793
497790
951367
102607
925391
407373
923899
416083
652773
849882
167545
625308
163448
679788
336218
454515
592947
304138
967236
723135
778802
619805
237944
379694
900130
169220
660041
260991
730949
804270
256231
356330
541393
290200
125017
525069
981432
821058
660042
989811
812546
717904
374554
247555
902422
356218
532981
270563
944952
747696
493792
648454
370476
918478
936431
293433
134840
264856
431156
133542
455144
104434
292147
749699
941067
715423
878257
459163
930395
517780
722666
907158
849402
782327
814753
282599
996216
131129
904114
156530
728944
267918
277987
115768
942898
795941
592762
799808
290268
924776
637640
559844
427713
167954
386051
233045
821835
373447
335601
944268
779869
141301
510880
171246
736113
468197
449810
713467
392321
609214
655926
279156
153729
726486
430930
829350
638953
313173
105788
643287
394256
335753
907816
670252
376115
428096
403484
557685
196790
636453
958687
907477
110657
118426
999535
181585
753004
658062
202162
250965
982133
225339
793989
347581
842606
636062
599248
721127
434868
264564
443482
382323
907225
710670
565048
269907
933475
357873
495233
881621
498254
785709
314686
232362
812044
761303
416573
761138
961837
522020
534852
946278
819257
451397
336386
556258
341114
893530
192577
527693
365047
570100
235544
112390
439771
143820
902621
135341
589653
939065
661816
938891
841624
385745
867506
452350
380706
588416
620940
254501
591897
353534
911628
765221
820561
351952
699474
245430
523371
806973
977706
155309
679576
686091
224922
185766
177275
949781
411674
810925
510444
179884
128675
533866
160600
774120
106560
182855
355910
607976
277633
893726
518453
492429
342639
851460
173568
290256
779738
286413
657060
658203
926477
362106
943512
420267
681699
617030
211195
849728
314707
281576
334028
157694
237447
782213
735506
957635
718443
443414
169308
687301
449664
322674
233283
917191
626736
751384
857419
486840
940859
169979
348776
293609
812112
277321
636158
400009
526840
367066
188064
661439
352141
861650
935546
763202
262408
254803
325707
138616
992407
322370
878185
315402
901613
550643
440296
209984
863027
395252
870166
461182
878652
305076
564381
379482
510231
970446
559404
790233
385597
398326
801647
718502
605258
309150
721754
573486
112169
172037
680645
131290
203336
858589
633425
388042
174827
301015
414281
507307
875388
254445
922467
589461
760384
298636
966182
354851
366532
293885
911462
437359
716182
706702
770090
460521
688560
758017
339087
418932
121968
252080
636741
991870
763107
771388
679991
616826
252191
372817
148264
605148
740816
175127
403033
567408
323722
749496
621351
617975
599997
955401
587921
208223
268103
308310
956247
566973
100515
641135
848286
368330
782143
889385
841968
871448
149451
889266
957536
995343
363725
728117
696715
700712
294258
302470
573978
869124
517375
541642
196356
573866
456389
800550
662640
455069
332115
537475
269208
831254
654405
664123
747018
538690
206267
590883
935464
468122
115780
741300
268111
940283
634585
545175
390996
541474
408358
179405
909002
943686
652291
478616
971681
580881
733761
888426
681512
246556
256319
165032
863731
327431
669468
388090
587991
806866
451815
622354
569298
400058
967827
916534
925769
753139
400934
211884
154441
421502
713200
541601
443246
825960
941721
490197
675266
762111
303539
779271
768765
353778
282799
127833
286282
600836
660363
428575
165195
996844
382377
914346
336211
875884
417467
118731
893393
777003
171994
152262
651308
523473
723669
797653
198666
552511
237382
145653
787179
764905
523745
899057
460594
320529
735943
329514
266147
267713
117751
914400
177383
283301
145923
478271
490445
773442
903360
605480
930348
572055
645495
944187
937251
157007
210584
292926
721089
124415
138127
484557
846656
216002
780495
781342
189707
921295
514954
485167
673281
571411
323682
162703
561586
440017
565690
614757
872678
481299
641606
139009
712893
286155
514593
102877
894609
806218
175678
805776
776439
373276
443766
194415
630373
626687
352447
137024
691533
305374
603453
969980
221223
882222
288914
812000
918318
853604
626994
366769
428032
779408
323090
505001
567305
411419
830078
537378
334617
511960
955881
729310
660529
376042
730463
118449
363902
793554
590967
699500
665116
343187
352452
197318
316635
486469
190443
473320
474111
731153
342062
395798
397377
751727
342727
177717
821043
219546
555920
560221
251745
959501
764159
469181
264243
607613
240464
959238
640879
283890
970394
285141
937435
609666
309347
164288
123072
219244
902031
890299
470346
524142
432820
672007
216172
737988
175401
267577
737696
548542
627293
448067
744940
584540
925059
406785
621472
822120
775147
332641
124412
980176
288620
209040
415119
853471
791358
112285
589626
486392
372132
864525
187506
897198
904262
852858
602948
466466
716509
349640
868083
935481
520167
726598
191006
802905
348698
784157
296093
992129
367829
515705
972553
843810
235890
981488
276059
585054
119448
971379
490028
846492
243853
175377
230332
976644
203081
942979
108175
174973
836485
374551
401489
451616
456082
304508
650298
309529
383111
999558
233453
640026
696370
244831
178714
723484
299439
914443
911940
870675
380342
619670
295804
816684
991503
346876
997452
631334
383233
958868
298032
449322
332647
393082
151294
648936
702148
564439
793734
346383
935854
908400
750901
180169
189989
640648
670740
829937
687303
339539
810669
106898
332668
575544
508941
187549
664588
543617
813797
296774
591345
707554
253290
613532
611367
314084
520605
425411
289855
972205
776581
927120
108563
822286
462008
402272
792244
185033
957625
773621
733247
134204
224315
539406
822958
155854
879555
959938
797450
213717
361963
666137
410014
621026
184867
672103
820391
741450
307954
619942
678184
455537
200859
348911
735355
542325
254299
512724
836449
622932
851246
801437
924634
312156
895185
809469
316847
350637
864834
961936
228236
126252
727299
908211
333516
171911
978942
338624
189485
830016
770979
358693
253763
639480
175468
753440
383240
125145
849729
322809
426321
367295
721271
861788
578716
687396
563636
626481
534469
961864
742158
851290
416215
673946
625585
917640
337887
275749
927935
696314
759581
883993
964753
912884
473428
347540
746684
333592
856385
101421
520559
807427
463656
712445
270361
888838
356329
137195
319559
257472
986578
111571
427019
747028
133838
119410
409848
626700
250715
992752
991050
432330
602009
927178
409186
993511
143838
959482
877327
736458
576839
957926
222568
459782
744745
115971
929974
129552
507654
953027
519247
569724
684058
744834
347005
617619
359029
822984
445309
649363
413411
934396
773379
983875
424359
730150
839866
541169
296327
187711
263593
757323
356544
857624
679889
271286
389369
723651
827412
788046
522678
508737
294992
924954
678979
120361
104232
743595
907632
114130
194275
385009
543196
300317
816333
794554
770186
727490
928220
599976
945969
792054
415022
937518
627567
305046
105422
552711
624061
995602
867797
916498
730077
616665
281005
597678
928079
444988
742896
787662
882436
697250
438351
174554
122154
387336
775822
596994
466982
959282
132301
237534
680480
178547
224962
314887
761720
800661
992994
666092
794166
742757
476606
205138
235391
350046
162890
306764
373348
779440
472569
110354
531540
113645
141412
896097
502353
679728
960809
338415
255424
966154
665936
285481
398746
838506
934985
896363
333952
707816
655793
832475
497483
846319
104308
733250
471137
420677
614508
489416
177732
438936
527431
420203
686820
888838
468135
580284
187093
260681
492322
685302
634171
428733
200394
422299
146465
269711
608039
850445
424170
639493
756672
195686
681278
673092
256953
106677
773638
106497
205559
671990
926995
263176
754206
773228
911737
488866
910587
101661
911865
237703
224734
818186
114875
907808
517118
794953
686970
941655
695553
236258
646490
259517
584723
351266
144533
555544
276307
654463
535314
418087
527374
417833
704951
332116
628483
223305
983957
225461
750245
385977
203330
358398
634655
742016
878277
898086
592977
248200
116329
204532
711385
621693
633268
521831
491021
694948
819922
251391
825797
359157
750986
129547
762389
702775
383890
385712
254456
336311
481662
521138
433736
111716
368820
721954
306698
682858
126043
899013
718343
661898
362674
178780
352564
787186
281149
653141
834163
618046
508185
667918
726002
284618
941521
350177
200754
651282
537449
436624
325762
807977
239256
157774
645641
960275
280211
946408
605091
918431
764515
795406
151459
361412
817240
121058
192278
634934
182712
593756
870504
826181
963312
749463
781504
268307
118667
160540
267910
936752
754208
339721
500549
345524
210533
932253
645964
278616
992098
998914
623918
996849
584193
577176
301865
250473
280449
670778
317764
116444
338377
881807
772433
935725
144569
747888
806322
143779
996413
872977
832023
638691
955483
370893
525062
365579
813835
199378
708436
605031
350566
318278
939567
520020
205719
799669
801054
837263
272399
473080
176928
734713
372149
293764
787569
860874
301113
134188
689771
278606
474345
121907
207913
282272
613853
575250
567687
643298
684653
585378
517829
725622
619907
464007
425450
633500
887019
732154
704070
681065
792999
915057
451631
160960
791134
430220
678829
362096
661812
866047
144561
107913
236725
627639
240832
302075
394123
997579
387053
812366
630352
472321
871876
244824
452765
972089
236228
362750
647872
348826
260100
466730
795564
956663
656054
413413
683498
921502
889064
166962
768334
860061
213543
503463
756261
877393
499326
686312
209481
494764
243293
975938
372215
773250
442197
799233
109048
326609
854303
123150
871995
406058
363068
630536
779236
222048
896311
381469
394781
216908
450087
205190
698986
919898
256817
434589
511707
459700
686314
398075
683739
197770
643353
192370
107846
872570
487003
189252
750967
834305
822176
578303
342910
647710
289459
950325
823793
389343
569624
677308
308058
389995
718157
797822
172302
236427
548435
415614
712061
565077
239110
656936
965253
406519
229479
686355
511841
411869
226587
170391
806975
447679
802476
802917
991919
262089
567085
217863
679768
504392
177563
220308
751524
260206
390335
626032
570300
843779
918864
663358
667278
594792
265910
734051
659498
983401
434441
182009
336685
455454
234104
695084
708052
860221
825733
961268
577970
799680
678253
826416
219196
827535
560614
796091
395458
817962
890689
855950
127032
731030
276238
871954
800179
464833
473119
873024
164271
746962
598181
697847
488396
935922
172790
112280
527482
164657
814897
773889
763273
960759
261176
526085
436003
855272
495867
481061
276597
578675
126678
559469
869512
556983
922416
766925
135694
168915
523460
906034
392728
113288
416605
314657
553349
577548
968603
570383
445812
401550
115826
867136
906362
541890
565905
439642
661743
705800
485216
294405
975427
309405
195266
823777
456622
442589
144058
141988
133189
305874
339658
532207
146217
706750
951799
966891
628761
717954
241864
394309
713639
403625
451694
476388
198056
270548
221085
182595
830981
781314
553847
511823
606415
698907
842858
324158
206895
362681
787824
407818
212476
578676
506197
922057
576837
914664
541686
545322
124494
723942
525284
980366
294295
830452
934311
899425
584056
249569
255231
411060
109193
377833
408422
410488
863037
169505
595090
150936
369551
348064
257750
809075
355605
177931
529224
218773
330609
613211
720157
855922
884871
821964
359217
267134
320712
547909
768547
887084
177612
318655
916252
155616
904895
453555
554608
924787
439282
597765
951133
768867
637234
372455
945808
633268
236950
302443
731016
998279
333201
455497
422194
351638
647208
373705
706003
724169
728414
299886
293540
484088
560714
280416
525367
515677
662538
530259
772408
562228
922289
326041
686223
277843
836604
866113
402882
691648
427170
129674
935288
909780
888969
996296
262968
395242
322262
280753
939663
882115
739164
173829
402544
805273
326294
892536
361973
858078
321391
633118
554628
821328
416190
901073
900462
524283
373200
130690
808337
222764
711005
992410
568828
675086
971613
293387
836531
671171
607603
603576
107496
166175
138983
591229
864969
414820
123410
371645
552090
559830
220594
983686
566647
663995
831422
203459
824891
281137
741587
146174
398239
268043
960716
887119
723162
668425
377200
931110
957670
132212
261285
258641
932451
750867
535747
210186
145301
806284
327108
599776
104105
936858
906679
264001
103925
406248
707123
685921
208445
842087
720585
529993
424881
690162
839698
621215
265235
204091
405287
638765
535927
427889
139248
595249
669156
238257
713044
367393
655031
218342
645839
407960
297158
116895
869026
781025
154466
167211
735491
653407
143925
839091
201077
573751
773067
106836
596339
877532
522606
557399
433222
578388
294665
216751
291127
752395
104494
990191
732797
801364
870643
569573
369911
362391
914934
467543
643190
605980
324418
850904
764498
819283
260394
503047
717149
861053
327825
307653
855348
432186
835884
689713
302193
911024
973248
562241
223582
578996
208069
363871
114020
262265
650028
992478
473857
844082
919517
932023
576760
212133
803224
669956
355394
119695
487293
484280
106019
466734
629704
882554
130136
840590
571220
808668
814699
866963
839680
375996
385545
714016
245454
656150
343979
123107
614952
341251
792528
265693
552414
287379
881324
503825
640970
983875
551289
985799
399445
781562
258732
435294
948786
133350
750915
744140
728968
767054
541882
578131
869997
264851
290172
517379
808621
432936
418327
341061
666538
678667
683816
730891
173757
463199
726838
294898
499867
248423
682266
943345
202964
929057
648700
224385
162644
931485
981145
643176
248876
311353
725920
528899
787179
674330
224124
675248
774565
565417
377163
471094
897622
836711
603470
163601
130560
879023
374937
311069
734287
963207
252650
535519
934750
646529
598166
594795
203955
275188
447807
576149
660517
552594
359586
403639
735998
483014
891660
307036
415707
902349
988301
815239
256368
541870
742628
147075
795848
711446
303706
425351
408458
859284
826444
671269
735608
325454
675359
847248
279345
892862
361912
897768
846582
505101
344515
554596
431850
713515
784433
212186
887538
701992
793759
253133
724988
328625
681233
567444
287804
112618
336797
717411
348368
223364
729508
535256
487877
533116
962267
558533
486836
727632
601896
128757
569668
896606
442985
879068
178227
510683
864077
136927
700751
312685
334278
611965
564190
819494
289686
632505
208829
672893
116838
349637
560262
243787
737334
517612
943050
348830
253102
144316
493822
971901
336307
488239
391795
911673
390166
537045
278301
434540
188742
946207
688853
814962
638950
350378
670842
724096
140728
760389
880978
522309
630361
665249
217934
958491
822950
409109
612011
452746
390684
374123
560821
628346
845854
199627
812134
175666
685423
310849
495020
971378
839839
899245
727561
579593
311106
579911
607028
441236
824284
545357
268604
774324
378905
555947
534861
941131
228793
481542
549035
399602
880680
378405
723867
557402
248268
260892
310049
202845
344087
636054
856260
175936
403421
764862
513198
817992
191903
902282
271248
194485
454278
544421
481026
539199
534347
300664
934055
125644
780466
115284
145583
206700
380248
824126
626454
267537
406177
688343
140938
870542
775444
661831
226729
449994
553667
654886
694761
135969
989345
216903
408306
987128
894776
120961
527814
934363
722163
688314
843008
999796
589878
483123
634202
396010
164526
608232
508372
672386
508432
606562
439224
341320
162440
955744
366501
260181
799224
383229
759721
803244
760592
995934
843440
561752
845652
839628
993338
292693
648135
146108
253527
753096
826550
438704
636033
214702
183134
408663
888342
301810
639419
290767
749585
922648
280046
826347
715652
911863
820777
394415
981524
644548
184826
751864
149201
360521
219795
488857
791793
100212
713074
865920
898152
701099
106578
663383
334021
820414
677484
529318
197100
133525
872011
771573
330923
666632
735019
331247
976380
648238
586605
921891
448726
138028
197882
419524
813136
133391
605009
461328
553907
120949
888879
385582
671195
747142
116186
899568
778890
550880
151434
478424
187049
486640
221621
316887
388444
290940
932981
682801
380864
356412
375287
359804
234083
884746
628163
623238
713120
457455
311811
276886
173974
529852
525426
447243
115844
570650
112579
734754
903684
325913
883659
888531
172193
648293
714188
403770
250902
654039
573919
280627
351620
277384
904188
486590
951279
405984
319721
383811
110486
770828
439837
661039
556685
981709
191856
344444
174969
879501
214849
829998
794951
339309
853923
883706
171657
206298
227269
655905
862574
131615
808989
184346
731613
910675
538320
951406
402734
716146
214368
856445
230853
316330
698962
883710
266987
901964
739483
155939
328939
443426
486856
699899
641798
361984
678118
470801
206996
572019
130100
471921
937464
108182
713859
174763
588830
577379
542758
121456
805299
193478
582332
310809
269665
228077
643704
161640
569702
514588
266633
773478
731664
387550
769163
811787
462679
452213
579113
796603
254871
666130
178924
604622
174184
625728
860677
618280
161051
399771
902195
762855
164596
561502
543282
633436
358591
921050
708640
633552
609520
430594
703949
387367
955835
193539
528894
236546
106444
441842
580510
345406
789989
496509
529538
631066
365778
212963
657527
841783
278857
853791
647563
984280
343587
286527
130228
739560
172978
121684
389825
460602
729823
571714
370811
784236
203681
291703
191351
251365
114779
980537
656347
451517
885298
113463
403210
706268
886569
208065
233678
423322
125052
839988
135329
814150
347094
951277
163928
272706
903951
119679
874381
785131
870245
772960
317639
684343
510581
693405
626024
145047
306070
592494
587347
137724
398675
722501
771703
693270
592195
892863
779741
342327
990567
194621
299274
340598
984191
379180
337457
531951
653321
193536
838105
616583
364695
887648
804709
607438
195947
249018
410598
691613
475378
885527
569338
917759
951451
294569
744734
773068
627475
634977
664440
765744
517726
366398
505882
466731
879251
283839
574803
219633
791252
706362
836536
804657
918121
269413
368746
596403
541560
380785
500292
244699
679363
843670
648356
422826
695327
899241
823699
351043
167596
130699
722643
242763
621749
935259
414916
314218
260870
836460
787058
933102
189573
160945
382271
543406
454799
523988
242377
302156
686352
839334
311671
363764
937309
821232
573317
512257
136530
782537
881738
410527
163363
133824
903650
117227
917857
680441
359965
674870
432140
507509
115203
360552
648655
806857
915746
744322
841597
772561
226773
926332
475685
835101
124371
146636
684404
351177
442674
755400
262824
971467
469814
940867
772589
538054
941689
615923
824726
706939
836056
908660
887993
428223
556024
537253
701831
823175
980500
589423
999110
999359
419044
923334
149101
544347
380939
659272
508412
693317
617693
264931
864246
223221
400075
367347
328252
710751
737613
521865
840839
986661
570762
758919
528353
757165
258279
205863
947968
536878
139082
722524
307904
129060
756329
863952
531612
371843
292020
541036
771305
842119
629724
786934
889391
462698
793599
206549
907269
280271
159025
390736
482728
192572
755207
930324
683767
917573
851043
688084
588622
218754
660728
185899
966142
555714
636665
489149
461573
691929
184930
138011
463343
408917
388674
938629
628136
521294
699748
568842
239804
860188
120792
499499
859630
814819
407619
882174
724273
608937
925952
193103
468198
362152
869809
644192
193267
515966
167238
258128
373052
791521
226760
160890
727649
798321
134531
555700
529908
427558
898158
655512
350005
756008
551288
641952
393676
784318
429489
219050
693314
985598
767986
570075
396668
173826
144042
104672
536020
532028
693190
339407
833014
593376
107227
225612
748053
575392
973747
519976
613799
613557
757874
588547
653636
863512
371717
203602
512982
947505
677926
331356
961373
644167
691085
697406
693538
431286
993590
873775
184022
231647
402859
308733
347462
283193
161455
480214
776605
576069
140423
662115
950710
327839
644516
847630
189020
996752
493873
250789
221089
430305
414261
947703
302775
128906
471366
201595
881678
868584
289931
730128
109707
572429
829931
328382
722401
164144
438039
665371
622478
424710
195185
113834
435445
927625
248120
276286
253939
291316
480049
833725
304704
485969
936148
537183
557604
262281
485167
676406
300500
944955
473723
679143
846760
273960
499321
145878
579290
382538
537864
732224
947836
147717
997927
465953
147190
277590
113729
926039
624892
888200
941498
618238
686984
417669
534964
225369
904217
558889
344702
633490
389127
625554
263386
842329
792897
123476
935370
725033
507077
566442
683734
988232
108732
123207
616348
743277
416303
797066
725364
187963
849610
141999
562559
667916
951820
917666
385772
927497
914984
233742
556774
636981
183259
212340
277278
830058
371274
338391
315664
598299
868727
466260
693460
785848
668383
746895
210244
187184
197716
493705
105317
896849
123826
844302
830644
467531
313664
528394
480814
857010
402502
257436
360859
767650
554981
752450
987384
514461
663414
318708
701632
398608
109731
508269
665527
590164
341020
434019
584307
285871
134296
847448
854247
853563
672105
553161
326477
900639
591065
523907
446511
356953
387398
407574
872018
672925
829784
880386
955807
367543
617115
372654
883951
898060
392190
168343
237395
454783
206214
684645
267613
295951
706703
631898
155663
152733
880225
821411
718302
766572
358443
945937
283874
221185
271070
401665
990589
862826
211944
788631
484517
252251
278700
850442
419184
791507
692507
758648
770843
327613
304721
254202
143383
697234
493326
600467
670256
716060
931631
282018
118235
817014
954408
540182
696188
703855
713665
422497
814834
940813
523594
748421
964255
960526
947420
216652
164887
105225
510190
216276
395492
197587
553873
636454
856371
536990
965768
911815
878272
294460
246375
599560
507993
786689
215494
885592
787281
820582
749698
261466
500227
796906
315666
689777
322241
186067
637857
912503
107832
881298
207564
655789
393826
920357
179065
818989
386887
740085
678066
985467
513616
108544
873181
758618
977707
721617
766425
987387
265300
137899
525271
387087
194662
221253
129010
253694
432542
682447
633645
446065
556103
488978
742344
640073
844392
886806
497502
316562
686086
994141
889567
196722
642231
510764
884004
638428
115877
136074
488628
395777
817082
352513
993042
731462
632878
412674
174561
365232
661739
382981
945429
697500
855129
295405
700311
215083
593931
654186
734389
895194
161540
465976
999779
519984
685031
784005
189010
940785
747003
670896
559755
741264
602487
944365
606793
167329
306799
287525
749200
129708
175355
544314
663917
106973
105952
894120
633420
248440
198366
699942
875024
206825
289494
842124
351475
509498
236053
294543
770394
118686
587649
825768
987795
977387
790398
501266
610222
421317
264286
521906
952437
837204
695939
331633
947977
163127
870962
196709
385435
677202
129206
125582
249348
796483
128334
202524
792930
312147
170452
766989
185679
592808
948299
994740
299839
605462
443620
217333
376278
443189
963661
825005
955139
833582
440151
929487
307837
217616
230914
729417
437465
363263
650695
330405
703333
972844
542402
667339
810308
319551
320666
662660
524455
519664
871886
826681
160036
143254
430973
148538
671541
945879
644082
111194
789199
638174
856555
928824
957917
822218
133188
725593
824665
441571
124005
237168
333639
549415
492420
576959
151886
115747
504056
643447
252820
331261
967164
987068
474901
555502
837340
656516
738431
385165
947904
807038
534540
560678
775122
801263
264765
792010
403916
743223
807440
255840
736899
653010
661950
567353
754506
445115
606068
900641
253317
279371
905611
855345
946059
279295
809574
681218
535510
125847
204360
273660
726187
402331
228943
528268
259328
322552
213681
469108
753231
609128
760977
239932
291254
265968
187038
768774
187559
645187
987593
674463
934835
652323
139296
529170
639502
767335
893324
237302
805023
987832
523171
970920
799975
907126
944395
615667
368075
479480
170444
385419
178975
837297
255761
986714
750641
860397
894747
155474
663824
269626
793889
161505
731447
170788
763463
959266
515353
157913
486938
253519
145514
966795
694470
591508
317288
383603
982484
416256
920197
775027
712676
307733
278002
610356
638178
911646
627529
567982
245704
530848
131479
406214
287856
718761
949636
717233
398388
838245
860352
682135
935588
502032
922604
983827
447939
736358
382243
416631
603615
518037
405283
555340
405355
610740
639579
549655
202107
569261
865138
754006
935419
108981
703921
654730
481611
343613
523823
120943
962139
927745
296856
589479
536415
952637
490041
815765
572848
711264
932714
912004
179039
602392
826008
445640
213270
221709
280974
164828
976941
184490
126207
771914
501286
990581
652147
123978
132198
335584
296044
530818
269296
914744
729012
906635
591583
430107
109796
109716
163487
934087
390131
347840
871049
547693
621369
711722
857626
472964
814207
510217
424846
300409
290886
471374
251038
573380
921936
856650
654612
742679
307182
811725
739078
532143
425607
208713
441463
575213
566658
923893
324262
145438
237681
537293
472464
541238
557914
295799
274985
627900
605922
453472
552562
642719
147064
307333
505399
847622
452252
832654
344905
707076
814538
277300
466035
736362
481415
804355
252475
958807
949959
869275
541655
426315
607128
477136
459816
743225
381742
145234
889560
361978
882892
516423
550668
782398
755244
935283
909350
371294
471275
116634
789785
466477
422836
511708
185673
818381
231559
735103
613983
985117
707782
565003
699495
284624
626748
944142
483814
293625
254858
748320
369595
970082
799824
997312
129168
982397
805844
407517
828669
236113
859057
100306
368057
636566
621439
842313
117118
302619
811675
705024
826328
378916
304788
858120
595690
383250
326929
689897
409982
454747
988770
112004
611558
928856
601857
696113
131475
195325
218341
190183
796849
876771
338755
190874
838557
114529
820544
188734
917060
211962
287448
404457
548858
663791
903460
940695
665780
267829
274188
285319
931170
880353
627849
199491
563148
148928
698421
239453
679304
588580
283794
263092
176213
669048
581651
843318
538168
598292
295467
726335
245328
224396
446288
720640
369912
306050
828844
735067
709848
954301
146496
514539
261064
334929
609812
456960
221283
569533
333663
524967
175844
993428
245424
925865
576959
376851
577239
585930
164446
726802
824243
909745
976342
492022
992985
869480
504102
666082
976829
954457
244492
734413
604321
549304
115908
208687
697975
552992
901597
206549
750004
114325
859962
146932
510003
699401
719330
933402
568034
162682
819268
603327
555341
796344
267466
502619
572902
367044
295193
968178
454990
900884
103427
755466
566499
592884
597353
615421
372389
652390
252112
977514
748262
931210
400446
537701
162702
555704
319121
122287
143784
879530
886141
837920
750445
560599
695264
238176
415499
673146
764516
875926
665073
740337
952464
301656
418298
517058
827051
918817
421683
624727
785582
247360
842795
455146
673989
464621
945462
371964
920098
843606
938782
753086
970429
691128
388166
675667
763116
657738
823644
854509
744859
667826
119931
595124
982057
866011
624314
456037
998719
774302
150389
701751
806956
400189
127669
738521
552386
848463
138815
498518
513255
279989
621270
497819
138649
469579
648493
120431
758498
762747
848653
474753
412723
938603
485759
764416
581504
509462
371672
973347
951128
701240
250494
734921
428703
499043
921498
654042
537001
256463
790876
134733
172181
380398
235013
346435
953380
155518
650614
335568
350805
266583
878419
732890
855103
696964
324179
247513
810858
108622
785350
203871
891274
303380
702947
420049
928409
886199
241549
445267
820687
179794
133442
882275
289729
625575
782016
261627
825491
257396
411732
255993
487899
499428
143968
897820
318292
492833
226920
309765
148827
456104
492058
719805
920234
268693
281752
487477
859663
691581
338275
327687
564264
973051
745253
344668
165373
765986
159290
128167
576441
841585
522780
943279
549542
933668
990058
191339
723909
488199
715765
218501
693095
386021
487047
437184
658251
217471
884240
379478
908981
914393
993710
258298
165862
448526
635064
616829
777534
786691
853127
321900
321675
419737
443234
123382
699564
893692
613252
848907
966950
375673
587916
470687
267458
717452
867713
279022
161826
748055
696640
787546
755070
392750
478403
537488
579424
714255
671888
855465
253752
546608
218235
940844
509372
866321
167545
613649
562207
653520
364034
763520
899308
206075
124738
576119
615968
704831
486492
629962
816130
263519
473243
980677
154016
883009
290455
648589
456871
483203
185984
239461
331486
244683
869099
680493
116768
910044
323254
785956
146260
100579
883704
556398
258827
447377
894986
146800
687541
724548
254189
649432
255904
894110
681687
428122
481518
861686
553085
395157
343217
962701
749726
729365
243814
393177
768777
356753
985484
971806
826252
615348
944319
323803
488955
816313
371253
189152
855993
192815
838389
335773
278950
337948
530863
220757
543589
258430
748219
866001
910665
259564
342514
543953
578268
396732
632227
336094
980875
151070
294291
741947
500432
688708
530772
465978
907581
496549
861248
105419
616643
858967
810451
191950
488381
416634
777571
990569
226844
200372
539389
109846
832335
292023
336732
140980
479278
972702
869864
356478
653540
141558
158313
987672
487190
411514
731143
598533
459988
864150
852640
317718
498299
415085
694949
812061
989189
376246
539601
186239
684206
425569
211334
723912
432323
104568
644678
196921
736937
880896
322539
696156
415687
438079
447427
318008
686610
289079
142988
948000
744659
308688
848808
232933
804694
188980
653693
451596
406194
451988
926860
503771
490704
422056
561227
530988
614202
262772
148289
386948
294049
940486
742206
962461
288907
668731
296501
344351
972151
893313
730039
343022
434830
501431
313004
963101
842600
769425
841872
549664
613592
155256
139560
765887
310997
655086
339200
120262
529958
198767
991683
908665
723146
137235
647286
318469
360641
555824
185777
963954
753370
420316
380475
160213
862777
630384
448929
970913
167812
719080
423186
292157
927339
480230
247706
727409
869331
422391
581017
634778
348541
221997
365824
483581
357335
779180
631655
823736
158590
806784
447694
291828
612142
613355
856686
645271
180713
222205
315834
429909
381920
539195
470104
152935
553312
532802
151574
534548
345659
149510
168554
641547
606514
700339
816875
613363
744733
391348
198853
340314
849911
949265
658301
581001
403272
496819
976450
598361
627536
568931
740108
694014
636141
395217
138228
432833
500362
136241
299598
259820
323428
528639
408967
918591
548057
838947
754648
728927
164527
656751
523076
309390
510815
726470
624308
289302
244956
840951
769260
130974
772196
445350
346922
865407
487842
561452
325786
676688
981852
857301
201721
936158
634592
613895
276260
937208
183558
949602
701084
681734
115682
332899
933496
393209
237322
738562
601895
254621
191870
937564
429473
109068
695608
645643
288360
271740
713169
942992
292768
304536
563852
660019
667432
223245
370756
692802
189781
812122
270254
446709
391658
973195
416330
379986
927253
767487
375468
595243
494792
831172
663521
622885
428243
231205
730944
927028
358907
658042
421422
931170
530585
790013
869102
563599
241169
185629
622371
116083
934989
765099
109571
484734
231286
279122
975803
682848
573071
697348
392665
647108
438862
534223
738874
995031
105943
992974
562608
309159
270934
537019
245678
972742
140441
116451
929524
993390
925928
452114
971474
636382
404802
321837
486651
458787
719509
612287
695592
466354
708953
200235
903109
160881
492970
945824
806236
645909
207009
371947
298044
393094
772270
639589
664069
705311
545875
563821
841683
905138
255167
408945
559653
436104
970630
505990
890089
508262
348410
110839
175654
853611
630505
421273
167045
538838
418258
130909
777532
404100
211620
113375
830936
921559
987286
372860
117447
753650
364957
693504
721728
249504
689421
401309
862383
318901
337518
450104
157505
771052
386170
768605
398696
254096
973329
230194
342187
753175
216538
979785
479854
390279
342518
436431
797369
409724
665474
292802
355815
546978
383945
309184
214222
793501
673763
372410
418469
151912
710735
185447
337815
257178
766056
903829
719811
874468
736998
948954
129133
420791
987892
924521
405733
936451
503242
175776
150418
780795
808263
104509
530202
426068
737772
519345
416817
402315
319991
859917
684091
291782
650235
967001
291903
636499
726457
224515
703275
230380
319453
749973
350686
576668
163767
787391
475286
150428
605971
643667
451607
641302
832248
709840
500724
440491
928474
806710
875165
539696
720733
446329
576549
377778
151047
328272
128238
331386
560127
161132
428211
375308
158376
366822
990578
554953
642900
801329
809909
891285
467271
360111
709724
179443
828906
129824
802664
652044
548551
366580
291782
697902
684488
484962
740726
890449
760583
285745
546071
158069
727057
763219
476016
517799
401244
212018
533406
103234
488289
275011
748661
261138
758840
452599
736501
230164
778960
359983
463339
326426
874983
470352
759872
331755
435308
859724
523490
361030
125646
373152
958861
571046
945728
418077
553942
972097
431405
854429
849492
869931
357810
419255
859851
606009
156988
609422
718838
403551
175806
251363
644272
534874
721006
612395
872736
134825
953533
340636
317983
997334
372594
643617
394470
388883
897059
276748
898553
628000
490127
722027
295434
106632
328570
897939
411659
480171
683589
784345
355060
610775
441961
706240
483213
223919
589360
516716
310968
354318
611985
322197
403263
311332
368134
385271
377461
224959
257675
805862
619116
457861
371029
680607
941330
947326
158701
272922
139848
190670
329416
654844
276898
984160
618084
232232
896052
362398
350593
594261
672542
833628
785913
306555
801014
875797
264221
902855
751695
283246
743982
346766
182499
271766
943189
919615
768418
315151
371807
428208
705335
470726
232473
582650
733619
798589
826788
612993
411289
174827
890132
223531
744197
940761
594891
453171
578554
221005
472653
329141
268678
138915
536511
765929
774484
797271
548513
485005
873261
458880
331686
615162
650732
664118
540588
976921
845533
852436
765628
969998
346161
301080
996767
885618
301249
826312
932922
707871
701597
724015
825640
455173
518096
355044
384243
796282
120817
221771
758607
213549
342344
167861
739699
646139
846746
858595
530901
877947
770580
831592
200032
789972
884496
491500
501652
571598
232359
432716
979547
280165
849683
705311
529603
755738
956799
831316
750845
237125
695374
475799
224145
883365
984165
911026
485948
196599
568374
244720
558887
407013
923946
467613
240133
594357
928938
230185
395209
475171
392713
900363
733761
983593
534193
118018
355891
499066
461737
821527
928306
844974
928321
297182
751037
286007
715386
794620
977812
831731
813780
574690
519000
740570
741588
597207
568478
607127
220306
591828
425360
361428
480285
292264
863520
291630
458891
295420
328490
484455
215937
705105
474245
313786
330300
568837
967205
690889
404473
640213
385808
979922
969319
195644
532954
897728
398663
146650
864224
915582
814973
528624
140958
884390
607798
213703
959821
772983
334005
123760
843005
535206
936668
468934
816618
568139
551219
435535
583454
704220
667512
414146
117763
579800
331716
152131
347747
403001
522806
217546
981982
613132
531262
188833
451143
315261
983304
135980
422716
493387
867426
255106
119104
115706
432876
883450
349398
523784
806011
481729
595900
534743
839754
681032
708418
872233
196510
591994
981445
896970
760437
266699
890669
131303
635626
883660
593407
521340
135527
313242
619199
760299
242151
814680
400582
669225
824934
154449
328348
795730
265800
268223
666131
801149
917571
437609
957471
218730
799883
261542
976821
436663
837912
634497
119839
375730
663253
951189
388666
784585
411335
921655
589388
337885
903544
680947
588901
801877
208127
114447
574129
910191
152526
229900
690103
219249
423320
556202
632113
595614
395933
955083
302760
662084
893939
620240
482379
949489
947634
135935
417612
890950
338108
708006
659159
203012
849192
809241
407984
932579
613034
730008
910088
427586
429792
317836
213947
708824
156955
175824
181513
549193
803688
549964
579856
917876
539546
269500
268194
393001
300918
283695
785960
243032
641883
191467
333779
171524
146828
128142
149658
705527
493307
444848
256437
753039
131763
135172
405813
831158
890690
984637
352286
877647
522273
330573
855682
992076
538370
743017
818043
218813
734037
697288
112868
990659
144855
229514
728820
100130
787543
313974
521433
174324
224806
787963
642765
225243
388283
715480
338135
915439
681216
201015
699553
688373
532156
499731
735057
960944
681790
966811
382823
290001
880450
313263
769874
486666
818660
533223
402191
389377
899774
836179
105727
175680
901311
219421
525987
692809
204395
196779
178775
263014
824969
445952
113448
865694
866445
246338
378227
965348
284386
860054
613948
462634
708723
986663
214088
360627
686198
914022
223447
280485
465877
200940
288737
760285
507003
424826
644876
168989
985144
305345
576231
975104
614609
863134
908518
466862
366375
527453
654043
876875
692482
446046
339181
939146
904121
978517
188248
417760
777345
114411
724097
622451
415824
778243
182515
215152
569164
529207
980027
741179
883957
498687
666300
342017
738540
964947
946800
508298
372255
981481
726461
564683
492882
622712
902255
116599
875531
622461
362199
972149
582265
886490
405312
478285
456194
194492
669513
139357
936712
494166
664868
256904
743480
238441
727531
404877
567183
858853
772857
114709
336968
833769
714284
282886
603878
652678
838901
165973
411259
539362
443129
470552
127795
787160
257448
336121
845472
895996
554807
498663
308130
450812
387644
415527
361874
120546
339878
929799
943916
699703
980598
309395
620215
735202
800573
424097
433747
578285
631124
353510
860157
351208
561810
503340
116833
419239
173454
895931
184509
439622
124433
231667
248750
781357
209846
854684
867930
335343
857570
303637
317497
206060
944890
816489
888960
493207
580709
115519
468683
336049
334367
144048
500007
408404
458422
120500
256217
694924
737605
591925
355182
623519
996939
749285
159328
522030
293863
956908
603394
119539
119762
625817
460905
751530
217657
737081
235095
101165
427414
310118
113764
383479
731978
846390
609195
981738
795321
402069
984078
906795
591778
955981
692455
212299
593625
605889
317613
596417
961538
585561
650591
419859
391756
356344
446128
821972
870536
839177
413775
280359
645381
885752
163345
741697
293386
191613
158365
553293
736687
133619
665556
221161
180824
669574
749916
265805
922126
180139
769319
304716
763836
106377
247140
766802
444003
641653
727394
745838
403898
868701
564380
963722
842854
877754
189894
232181
828754
335176
345619
321089
271467
836177
938944
815432
302523
722149
753440
282473
111392
458278
777636
674225
830471
656544
631494
909141
861674
912982
191027
706748
484196
461751
304980
483321
107277
715696
729559
512949
198295
859259
244127
602667
435907
284852
433956
603245
442304
623404
581031
228037
374465
712663
736599
102229
114298
748449
659225
572992
608375
397181
550232
598369
282265
290493
274825
612217
683438
728189
804409
576167
981580
615258
346133
334159
430313
698241
534774
685373
327002
991201
910663
829762
375494
831810
895828
209181
432006
404623
913649
987286
122300
683695
357444
194243
972653
928530
983056
757229
588381
584583
137630
377901
319749
284746
588554
355728
484467
832889
749800
839322
761502
458792
947122
170502
340899
662027
729007
531435
432290
727345
841921
746395
962767
285744
757834
156133
317557
651803
340028
579034
361517
488336
158236
412941
552311
595053
436594
521427
968211
132195
997264
252969
588191
590371
116861
666517
721933
986101
450204
262661
113151
115784
514398
304564
142018
324964
147808
195691
128132
671546
692962
826692
153396
858237
216966
772713
274005
687914
103681
364603
783390
196706
510113
194991
360113
783256
841851
979698
686934
760742
872048
431022
546547
401466
662299
911268
158346
744846
156410
921817
126767
322901
729750
397614
296836
726705
336976
146375
890036
242722
460234
536781
917320
810745
705808
962030
504233
362026
463201
511682
566867
742016
911742
441385
254065
380330
138637
876496
278011
678451
197130
392275
521321
585584
319787
464796
818611
842290
995854
772297
771239
685563
227810
685740
412197
721261
446479
782796
547450
224702
862019
365064
343127
920488
240825
640732
122638
832284
470024
593308
253065
814103
977221
734653
545735
491021
437430
329491
100787
674786
358773
167317
240322
336504
965853
807069
928745
822050
476563
595115
701913
566422
846388
204745
874168
660705
713591
944810
554941
768181
588351
306667
106216
580766
261056
786043
396251
228850
993547
822903
813433
271718
808375
171790
331002
509949
156398
102211
523912
995867
501745
230865
976601
604216
333705
104617
431689
332145
757483
904342
859827
831576
265927
192386
317003
847755
207342
538545
934012
592706
678621
982379
366169
935682
576746
888760
554306
718671
934218
608099
542933
305310
881852
892097
617390
177384
253846
556011
590109
495450
974858
268966
693795
627913
595892
362212
273128
627779
409443
185251
650555
272545
615841
831348
896487
203993
723169
740822
923311
665488
413028
651521
574502
929005
210344
667742
473389
899912
142030
616211
162090
632961
257670
488829
309793
759437
512569
562678
177810
612554
960499
737462
216046
118964
460331
511733
176919
196369
583152
551918
305172
254982
224433
526016
116526
544685
960585
506926
837033
208638
556294
916838
434498
396170
811637
162975
806114
252934
173451
636571
867580
942564
388946
895212
272169
690526
255534
872947
509917
217740
443115
665059
225925
323669
822117
673380
527008
324865
135060
616500
785303
976013
233714
395943
166778
166648
762505
927279
649913
660506
695582
992632
387995
576693
667892
470794
527871
954851
637631
329713
656045
427215
388230
368633
773655
279520
125812
491474
332689
897647
330427
784371
321738
351321
352997
506331
109894
135792
402616
989171
300826
404109
204517
635984
263428
397888
293006
630996
996004
487176
948050
125524
202714
164061
159574
991348
887133
103339
438065
677454
722805
232697
740116
923281
419575
737575
688660
280294
469435
310615
121461
316366
409210
356641
323221
459624
424777
949514
188979
645167
451053
310096
341178
883167
382586
287004
333485
987512
789996
179610
278769
399195
318849
379780
954513
642257
171345
876730
569682
523403
752811
607534
841941
106980
747181
670588
853410
831235
482207
809623
364374
515517
396941
177951
902060
758999
945087
923374
910241
927433
479575
256497
143431
116605
360263
581524
584232
356759
799340
154230
897045
477295
764394
406812
891562
999193
499814
890369
815071
569990
184730
794027
478702
217027
250264
718745
259291
686175
132319
280632
659525
959915
193971
966133
650280
800313
568028
453197
379084
506375
659965
446464
647502
847989
217454
142147
695689
607569
818073
165077
529377
620564
363182
633770
157868
383110
439267
973539
356957
987036
691724
233150
824269
728930
868370
475945
819912
114707
275123
754962
886482
196741
792599
320250
589076
684962
143082
550921
138439
137296
819322
724795
892476
786322
925455
310327
772805
333576
381762
207840
740003
658098
303835
622308
246701
447922
500427
565682
233082
381998
847458
500328
742028
499956
374926
191595
331833
227641
383218
296080
396567
321306
349566
426487
407139
323236
633232
268983
101070
603086
778791
520468
213124
373252
854336
833741
189242
808159
739471
404658
170099
679823
142748
951411
328464
859098
544791
987412
204850
282527
513369
563133
241005
386259
589497
347117
958123
843917
816519
471694
696889
657181
472776
308067
614962
896054
699183
867774
724774
799437
719381
383631
193767
616089
692564
905111
335984
171354
892038
664635
570355
304215
533076
745139
809501
677887
893342
358913
879975
566033
384135
860831
531612
376087
635865
310738
714882
606445
875932
372539
521767
644704
362446
301612
913930
773841
818560
582456
709154
707960
549581
117826
814991
207046
653368
286455
367035
509539
567745
708472
746541
687189
924835
598896
126250
346242
906413
680612
659656
638445
775419
686632
818896
930684
512432
470830
730159
580538
642930
870489
775065
576280
807298
393232
676379
776879
684663
614478
384508
590209
252630
139637
240334
320541
635216
813443
934295
248513
322968
313309
206231
132281
225055
826217
174389
719717
273230
860280
954154
883833
347520
742175
825386
989759
855961
124038
597738
235511
238022
315673
454258
194014
309394
271165
627265
458764
472835
423645
269463
323319
357327
702338
575492
646549
450718
269089
521226
375839
721981
310254
179473
917170
894460
788590
965191
678127
621285
890314
734161
834145
326841
279487
545875
605374
590953
301811
342040
329575
768814
851938
967359
116106
459557
858262
155618
370343
713770
561173
982596
819247
447920
965332
945430
768104
679099
931017
599333
187245
662618
347327
786948
819634
883780
370179
325874
940230
588302
272091
113512
895953
332966
802837
555585
530524
369391
267165
942790
258928
397753
240105
376853
378647
834876
261999
331981
327647
526225
832758
230873
372029
727149
749609
373239
260590
892603
686664
605091
828504
393525
200633
635300
286287
502047
408604
494259
398451
757824
177404
918916
471287
266429
197600
313555
608476
178292
336610
717964
102076
620466
666935
568118
544419
768753
639629
956413
911672
567954
964755
280762
119769
951891
828145
274466
828964
944045
507481
890376
188530
316844
513077
893743
798493
840683
307968
129937
600227
453452
738929
682885
724003
861746
522385
992784
379843
538715
948558
379082
743412
853820
465512
408204
384750
817819
403272
625459
920661
194915
110801
966228
733437
179368
746606
673308
708425
344888
279051
936706
927822
616345
927648
273964
913335
940452
249192
736763
913314
342974
665424
907796
155495
115215
107882
167179
656377
781697
108769
569422
466373
196631
746055
301675
661079
621895
416267
756287
534140
990358
852966
186045
901571
819246
909844
502263
648188
635774
538527
969067
795906
769358
116471
211149
888277
935966
189343
355981
450335
731386
464161
396997
634905
916732
825313
995874
293574
262782
400942
305740
709405
260985
878325
748915
725348
211776
360528
167576
189463
566450
945916
675029
453448
964992
427368
433258
270593
840540
414345
914789
708805
573881
299530
967309
253396
307557
342433
555691
921229
143232
741725
836182
515182
917719
801435
698233
144118
173026
302488
579715
548076
966582
195969
896619
374777
634631
381158
220766
665808
321982
178061
576743
972749
802355
540386
414105
499067
610503
139020
167100
122288
571201
769787
421329
440563
625347
941566
635940
194686
563752
733521
743149
203966
662908
316083
546787
185847
170936
342709
576030
419557
695768
843471
866535
610109
592539
349196
622654
682834
765367
153894
344200
875923
566262
846509
670003
538321
445297
888960
956743
630431
322215
479358
103434
655186
795386
367958
521392
602472
423910
711610
278302
320196
757886
969970
255641
876311
295430
841517
453808
111900
417543
592242
846755
373818
512658
548245
622702
678540
318036
552326
706710
281980
832914
130467
107950
664043
619106
455245
746790
768910
434981
408856
734865
999315
619781
839099
868850
692321
873798
342440
120579
776925
495724
907222
889825
139465
568042
955801
214455
125799
246082
843539
464069
228347
724510
717124
644780
902510
435049
183741
479737
275087
942954
755507
149228
608467
663870
413550
931076
391486
471506
335873
746474
420058
652858
570420
754614
660516
878513
143261
327521
854694
397421
150189
745672
465630
369566
653894
361305
329278
536771
826634
773758
494253
956488
739855
384675
285035
726880
691407
812645
816625
988252
254140
843641
158359
330437
689361
676951
332623
249339
389763
941185
917838
211434
639670
584723
955371
931718
373324
630121
895008
484036
811480
214183
930094
329268
774673
612169
914429
850910
564738
716744
485920
609144
909470
803590
289975
684161
528337
551446
349038
305629
952273
789643
384899
359822
554899
821595
105061
765611
876218
209135
901239
692383
563179
939786
953460
885345
857436
953619
461293
482444
402346
914401
458094
903226
931210
476899
672062
232930
443575
282473
632517
490442
781418
684274
472488
173547
423336
262130
810063
680608
823957
999936
100072
833290
313958
378362
713957
234596
689812
444085
115296
704509
738764
256229
233694
211415
714116
914564
248753
201915
705384
365283
665816
456631
381970
558475
888482
875734
908568
399982
511343
508218
712800
167631
500343
717560
675022
970795
408451
632687
583774
803810
624153
165831
821996
915334
392150
619746
272368
914687
481684
741794
518280
330296
678955
308695
347214
344170
287316
115171
907913
808322
430952
662220
922943
789777
161735
689308
906023
710961
273492
233049
308732
196495
137469
426780
514670
503226
473721
636496
251827
765382
332458
689225
777147
221308
136962
556607
272545
807362
841602
656709
625277
459106
539678
757226
800502
786906
297276
401292
344309
355872
734651
303475
608949
415632
823344
104209
755830
587955
372075
260276
133552
123853
316856
970790
721381
314852
749794
421538
161199
493352
688242
201202
724633
280899
704341
770889
530602
612958
382011
553658
252123
117069
181660
529075
861962
206136
230389
380250
510727
617959
551632
962691
579212
411818
770721
182763
626953
377250
566381
249780
556381
918415
307206
866109
891457
676951
732657
291580
694334
529200
731688
879451
388991
756842
582234
483629
641889
444860
736976
628235
193830
944361
124588
647504
100457
594255
227850
345165
427276
679180
774504
247753
267406
503853
960354
779289
942072
847252
946806
831736
431286
501573
809638
508003
900163
716653
487099
154580
856444
227472
396838
902584
532663
687341
470947
226255
935597
907216
756727
435424
290226
978741
968440
792503
105894
587316
779275
813340
106371
856365
105511
575728
987831
418000
567193
246150
583084
999433
310178
881724
836002
963271
888251
845813
474046
599080
983641
733909
668475
490979
558314
725240
556671
214865
236895
277743
846793
196632
578564
569592
993030
336054
405770
858809
587331
312774
714182
749912
951677
433138
798099
471546
918388
121654
626866
959510
474558
666988
376786
946485
505592
315642
324586
484489
851510
134644
971554
186343
919580
348078
369074
419010
509861
686531
498498
998821
818816
890779
770129
666829
629596
990076
923922
656065
965592
875824
147536
774191
771772
870127
146066
587780
824358
848553
123513
251847
774461
714642
328614
665650
904162
392682
845656
558158
535844
626952
732884
506155
914866
311618
565661
401465
355755
285596
606659
460038
274321
745323
351672
952307
456060
339428
781565
438069
819851
681477
312091
507046
328758
165184
841741
545605
493439
936032
576763
554768
379110
644537
934786
633885
680667
106289
822735
766032
871663
767140
951242
698203
491427
719448
989007
888248
837634
634623
279895
999196
933387
281346
175829
744441
778662
730512
942749
292403
858679
271523
283007
177564
237552
143883
410065
769679
479585
153753
634122
723365
537387
933610
816171
911703
150227
663150
670296
910672
299698
181588
625124
510702
463240
735348
512619
662678
346768
486392
511672
572241
548847
589000
368519
381094
447270
229489
883845
551541
786248
822769
258195
731374
941893
441313
319850
652780
980868
720159
734552
610769
877647
237079
870888
689630
279208
901358
992128
939311
156474
351819
671044
883314
958154
496834
392216
174818
662572
235646
697410
194500
763442
640907
960142
512541
414975
194941
738123
575950
127130
698592
810738
976621
777214
150365
389415
372321
280942
854597
328760
323417
996006
698173
127811
265194
513100
501159
373621
512612
411238
956841
459276
870063
404645
479771
268477
708551
829790
355954
142386
175569
815258
702853
535883
686201
167715
635896
839973
710698
243775
621389
628249
978569
280441
154243
788379
127406
960442
449480
438594
884767
146743
578339
268359
218635
485892
714583
163527
509024
256038
850453
728899
729866
367590
751777
482119
371881
345058
822750
785991
572429
744797
227385
398756
809201
431511
877871
690478
386193
721815
282396
185156
565001
557508
552577
207672
410923
683283
169137
446606
399965
556571
651064
586786
244205
582692
388360
176616
478161
973630
320770
815247
711935
256302
747358
233727
922886
208227
786999
708162
755080
704007
996853
303679
556180
509585
846808
781185
207716
146999
467837
855638
802672
667360
418065
944659
131628
127576
226672
144917
372677
430653
590520
177922
928915
754070
138639
444782
725052
322595
210157
540922
178214
106703
837640
317174
143894
677186
301946
699207
990665
510131
556753
750788
265069
802651
250995
284858
125342
945476
977771
712560
719609
509281
884660
140293
430430
994903
457889
231764
949607
902361
812711
857690
999263
667633
198536
710542
448737
239354
993501
257871
287662
721323
964447
138972
845386
527118
883154
670908
448596
275726
290798
935773
953536
660654
442187
425466
913203
423479
443272
837430
454714
909930
106072
208613
473096
674387
684394
112618
368202
184606
289236
621851
985576
843043
429947
674049
595418
238749
552002
628123
861796
958361
342252
382914
601232
612938
466671
904358
751367
313849
985624
255640
556363
271833
920084
226305
596660
197273
784770
550831
835525
561586
743507
979184
188522
226496
992507
377655
603441
516846
397975
468252
687138
863402
158682
416032
852955
190935
864918
351694
402541
260385
508420
987708
741549
615308
740144
592977
217239
819653
506596
475009
233542
423226
802798
850259
314441
948389
593777
433827
873186
129795
768133
634564
377760
875939
300140
390493
647095
981883
580307
492500
404889
568788
640512
790633
202899
950021
989246
182585
458022
807581
503939
270147
909153
382330
731578
121734
569912
160822
609073
889801
925987
677153
102945
309205
277013
734826
229877
869181
391734
805591
953850
626206
839680
478293
563074
136993
171155
538665
611252
883325
688341
244196
497619
687385
710089
660661
316649
530863
261387
637624
492945
414252
688038
473260
760606
637236
293298
847299
112107
205699
493901
790514
749119
241230
103061
818536
749308
850376
536383
145404
495301
913377
611223
201535
626506
451368
289588
200400
740881
562160
421143
711790
551939
576177
804608
716104
869776
467654
344909
706256
277759
591220
764112
941583
170294
641770
710636
781266
631203
354371
512332
509665
488869
549704
346560
595344
455962
182035
247829
101807
704613
607055
567759
880444
517211
932155
770181
312184
841867
458253
422330
897943
534664
855859
175763
381265
960436
730484
660314
926710
553386
476950
160590
894014
199144
866456
896997
344605
667031
909151
541279
190550
212665
405071
814024
684551
991502
936143
985545
955810
328099
262895
938763
350651
180312
848165
848874
629565
192875
656210
911602
870200
457798
188548
557881
110197
232098
821012
725785
861226
602775
403152
799880
142056
345505
447987
678549
452369
297840
821168
265408
864392
648684
104622
543415
733569
475395
836429
310697
726423
759185
413799
955881
670748
406411
510001
303041
884683
458248
347744
419248
562681
462636
466025
422818
473898
377778
563649
859274
370496
502613
156387
287422
966286
952315
790928
626767
485963
368991
139056
540420
374819
668505
259926
686770
834471
849228
805122
105498
335075
894092
417665
259327
249424
903018
485679
502274
289536
697342
348284
894332
985943
322128
755915
844567
644634
684259
285943
255913
894623
419102
342161
161807
577220
676151
517509
679714
285371
230334
210427
407768
404259
761188
838489
815321
405234
420487
735877
293052
310222
224507
127527
852094
450267
656374
334093
637055
470222
830039
675721
481753
567041
781204
629877
468989
341791
854400
559607
902476
883679
773813
580319
809582
554477
264675
587885
945715
991267
857525
123311
806404
125560
993404
982312
708581
729327
753434
726989
734889
602928
918669
535721
310834
487443
108503
652832
481956
216536
296326
530992
702148
513428
473124
922259
227922
686438
362013
785249
933664
968712
205384
394707
604462
461153
388277
636162
886756
320503
784754
874798
896299
635010
221593
327866
185544
650331
952889
574741
622614
742259
810879
636628
675903
232064
878592
212794
869366
300114
102118
882201
101748
545956
665974
709298
582382
919630
107322
127481
650479
204727
471183
790612
105879
335688
656461
734402
457872
996988
379502
724472
382184
533459
230877
531334
879888
574822
670109
870873
944016
533397
389299
924313
544036
119771
327185
387699
134744
687811
312255
504881
360347
471380
814216
106436
956035
435688
239454
919428
673405
209370
896459
791630
611054
161694
950614
525420
292939
786538
946190
226483
171602
371378
482998
547910
168228
161138
244429
377079
844255
431716
458265
427630
182299
508817
516367
636386
542465
984132
109729
841700
483491
941562
632772
531387
301852
350518
458141
462569
949253
708241
296360
583053
914705
671854
356933
280802
289702
391308
221152
774501
487417
941364
776986
805491
145540
855186
321209
419025
355782
939745
282281
333477
447511
141311
566029
558114
360390
489248
509734
226273
244114
107518
606239
640586
420513
143213
775795
645394
253888
571693
179195
582911
695192
367193
268792
841798
965801
996636
724313
776885
238118
838179
809418
494157
318028
794669
878137
566503
718880
123711
704710
304056
173989
998261
384326
677967
353206
667475
231348
551259
457702
249401
777205
578121
597937
618837
286470
968746
419807
123922
591268
271476
201269
309998
837944
782655
544983
975177
546365
361616
669726
618649
551471
611058
333330
287834
664882
146943
673252
932323
165276
168063
101195
200245
786176
539272
859929
822828
359032
849443
385081
805592
742830
608175
709831
391141
920231
893759
948299
465205
797037
243454
745364
127920
962839
291539
163981
693490
985335
443519
887199
288163
165887
909987
554627
545636
578449
406623
794370
277252
590562
190421
996363
319570
849035
587564
758576
182157
143020
614993
809533
169272
408988
871543
514901
687305
113681
677855
973867
222688
990728
489139
944379
897813
384274
482252
504803
630474
741148
888371
655425
248959
631897
522789
903850
599429
390446
290287
400355
769098
591865
783801
631936
661139
196031
934975
228695
515112
344177
792762
713952
173608
212698
671038
440587
143934
977160
319004
902366
660459
104948
209256
443434
365859
161935
690069
744265
522708
526475
822811
482710
709536
229540
508891
652264
993964
824713
164089
661484
235376
656203
529320
120703
846735
755361
847108
232197
480033
481780
672633
768233
600396
911758
793729
999729
570002
441786
273866
531996
283107
150968
733205
535003
978354
999392
326491
686410
558693
560144
502346
189002
608871
840883
853997
382236
560280
326800
306154
222651
308388
488524
707013
288406
580976
630429
705378
420298
114800
493005
409864
263064
684598
851079
818625
917096
347846
989825
469821
514201
138213
496165
501590
612195
519407
597374
489262
824683
794919
275580
792660
248707
628585
643715
725830
231452
450203
496918
755504
838920
406691
836092
821523
906448
704946
422605
370113
314767
542046
254555
155237
594250
211629
964543
142911
545740
469837
319294
984781
869409
326016
938264
539781
949743
184053
997326
572127
721645
100594
702477
867951
880097
725517
682011
898831
508249
864794
604957
260060
698565
359967
216002
750775
868911
485123
928496
450092
859833
996868
703209
669999
608562
132328
228441
681314
138708
413804
770143
664819
269373
657368
502518
978498
281447
636531
485855
909217
164966
596979
254348
816020
847646
473068
169739
710423
150239
293066
987949
175807
513310
232058
173810
260728
438897
661378
216627
537294
374374
682033
343852
902664
938976
624177
795524
776046
818608
617593
988122
618923
693260
290591
538510
488141
665966
624331
641257
607145
461452
623814
620073
716892
211119
530673
800333
947117
277458
138610
520858
882350
649689
947529
172456
258017
943019
759010
969804
860118
834190
692451
899906
515730
838014
767972
802326
417420
634537
385214
160143
998930
343050
946588
580601
882248
534880
977550
246030
468336
304714
345789
986273
902149
766977
194585
718502
370753
386578
223981
418401
940159
301942
795572
808393
505659
556752
969157
971353
566741
837795
497866
435635
975348
816333
801391
607729
726279
614148
299189
623338
986886
536716
297894
760925
914360
860050
587362
190524
497390
674439
796120
160216
351148
227676
879537
262757
582088
295191
352903
842603
852747
358736
575219
784168
106324
458730
837187
403141
949436
438065
514474
618579
633268
626604
320081
842337
430538
354111
102123
274462
562251
135617
237575
507269
445602
152692
284798
809290
665086
337254
405164
931455
204018
664515
400796
623715
569526
603829
178524
499272
898891
840409
793520
818591
179196
295135
490434
152994
915232
590814
281015
582654
796540
306993
194108
825595
301892
144914
117407
427050
529506
729874
147802
353002
556559
130002
641131
387414
247263
971457
293247
187342
969018
259634
824332
510657
537796
723256
399134
988468
851421
340161
934793
343986
144868
438061
616541
407695
505175
956042
325592
694522
241654
800494
571093
779647
675590
631663
586818
687639
318353
838818
270415
878797
901994
370414
667458
233421
804910
273708
640712
794474
986822
692030
612390
133612
761577
352905
714253
685781
432063
670192
998764
124079
728128
547470
366463
714900
461818
548592
957126
799353
303154
939788
482960
582231
122817
975714
218454
113687
460096
174670
871780
496442
253823
887367
155890
756418
307214
700568
246097
727649
258847
967608
583616
227452
791586
723175
499390
741531
587792
817511
886074
710255
487204
272564
444199
511841
337955
317538
243883
394451
977916
367027
501846
245429
572171
912657
887760
286407
381975
762670
227019
938758
451451
127029
604408
198069
789506
624588
584405
822408
982251
158441
517348
271984
547084
604654
214487
823934
455827
951970
325127
910454
547976
311790
218787
749266
986926
497584
232550
963599
183208
682111
372097
277752
117304
163261
267640
158990
876227
960242
396489
873808
295504
590826
668102
787277
322191
549741
836324
508867
385398
322774
406540
473202
805255
844787
727278
267203
709293
145144
723670
643087
525029
349024
372631
463725
437050
368802
605507
709467
528104
239116
237404
842343
680098
885726
483365
432795
639663
376485
470546
372676
421999
482930
653311
519869
934588
526103
856476
809917
994604
364957
559109
652537
385778
426053
944239
264215
323588
156089
367262
989936
126295
254126
640308
287073
303462
475769
908389
344943
132402
240139
508134
441428
113155
818506
413667
655306
520045
236781
247951
417491
184814
804435
974934
336451
384883
679937
523375
940362
613786
923926
569485
392802
661011
503917
323637
814289
239359
866575
604425
814299
146715
376914
434051
140808
246230
565745
890782
425229
819389
784745
512877
775450
208279
617742
253263
725215
503916
766888
317594
705500
718338
669805
543316
675299
742463
243836
954337
837612
576850
824179
111383
692117
641165
790350
803181
161940
863243
216029
117138
664283
132495
259872
818521
196198
760397
847074
697074
939971
886113
144399
755188
675487
538877
162898
171415
352745
629505
506032
176734
936037
359011
262043
357681
385296
658702
933140
180873
738923
430214
281344
491428
526214
425673
681926
294936
683786
923281
861858
188548
854978
961847
185897
155874
983431
159601
397529
842009
461159
236028
499676
681551
741074
386325
373242
416988
465312
275520
262711
446521
378018
472044
162096
832375
388932
471950
479405
836365
949627
751850
724740
816137
764977
290928
670890
917191
266026
640738
285302
390783
863793
471412
698548
109753
770884
451724
993059
392028
118458
384841
194156
996356
229357
939904
444607
596977
608967
625250
928555
124732
644237
147993
148186
348677
591810
976145
110663
905607
718042
682739
717021
427149
579868
338605
874157
596542
524338
340301
841355
865396
838960
544844
626918
409259
265023
729703
382722
148372
416229
347017
725172
829609
858163
631973
928825
232955
345099
344574
851347
777799
465611
796105
743138
281063
189914
735434
797978
197348
893134
827964
729926
926505
565304
396109
234234
260852
179533
884005
609101
735301
507217
250375
729147
130265
853410
256623
990645
834544
875006
436604
828899
943114
276850
809223
374936
801520
896033
831793
409360
290447
930061
240988
545865
530943
510373
421200
242682
849665
531274
575837
381556
875912
565951
727552
712884
499727
231342
649598
153090
434792
375281
124365
734154
370676
689379
843474
904245
175598
593348
146277
350658
910625
986274
452881
203686
786906
949259
244824
943677
640761
589996
212436
959083
533025
463236
280375
945972
874447
449322
647476
375316
809447
198519
458006
362493
755913
791538
732014
876587
164579
327191
984234
566149
841248
224834
740257
338866
724990
386430
441547
125876
786845
339717
900749
227398
562931
716338
564850
701966
336925
388299
508853
394527
657776
770756
825020
640879
497134
689682
918398
884751
780756
247022
375268
355596
873839
546657
406829
586496
911406
529618
900428
774134
515891
107817
818413
423353
286468
263487
693525
701431
936766
603716
986598
120343
866153
581805
468225
574100
247878
292696
500774
395669
442948
797021
372151
155115
189586
998387
170204
217702
824431
243067
164511
722068
798142
980365
964727
808855
651862
113246
680866
991554
253621
560075
462730
992432
405780
364228
235051
266497
832149
651768
774155
968785
709177
666936
565543
439991
659310
623499
198543
944823
812645
289262
892648
654820
345026
478213
262384
158134
936205
959651
279134
416739
784102
467058
756934
543230
862997
909695
518172
913833
764351
466437
247185
671255
538997
397844
358233
889379
350886
962621
342733
802598
181812
670142
430763
449081
703812
217445
959323
163688
787759
770338
195629
820111
656118
579181
699582
422036
472914
924913
829338
970656
384937
378612
660763
284635
596509
382756
826255
838371
167710
797087
785719
161641
576128
238558
272748
112360
418759
583424
848637
970051
327006
844207
563955
256121
645160
951729
994741
878919
532782
977774
211719
820507
618998
800152
462925
310289
452212
336603
286702
159244
865691
274403
387348
387090
777420
840037
861615
110468
820719
754603
268473
577177
566527
771007
394772
268662
972736
356434
280400
589868
920588
995658
520041
105262
879498
328422
520172
431693
174592
862959
650522
195473
664799
311550
846374
313207
294941
328548
314872
977890
799585
287097
607412
289887
842454
980580
349748
758265
321218
320740
929618
356213
793393
441369
973826
208267
362634
379058
215868
742754
387843
504596
636727
143175
171856
894659
541617
726666
924055
327056
842987
998133
672479
354687
469713
600457
750279
975796
445944
436822
265427
728698
481599
401911
823584
937455
225592
862025
622425
339408
321568
514790
733794
959964
567818
768961
319890
160295
239354
302272
728222
496670
570060
366961
267503
145809
864277
270091
788470
320546
581506
736802
786038
210857
830045
123078
714879
286401
522286
926009
151899
822835
253533
131403
252801
248924
744853
289684
462119
118398
530788
929133
808117
266912
267712
745739
619573
932323
288068
725305
724678
166146
408151
971505
216079
528484
592365
769974
956240
324738
628839
258225
310805
143695
867574
812966
501540
993449
352797
790483
951701
744251
335764
323845
810401
721772
807529
393878
467347
229864
696769
802247
437052
292552
475900
820885
605731
530432
485238
848539
922840
669254
661321
336772
392617
525882
193808
854284
271534
933110
347399
253778
496223
859283
301966
334140
254438
885237
226732
891399
109423
997269
439088
677000
341660
160937
924595
682884
881844
738929
964665
587081
147643
331713
536919
344327
207261
917574
320430
722927
662820
753655
970453
693862
908650
482778
321301
542117
151496
777071
977805
209777
396204
943933
610998
854514
567977
777303
882273
832082
196841
857067
690621
273459
440029
294855
727860
668045
866645
168488
204821
987108
691050
784960
379308
353378
353145
637827
309069
147254
458251
982542
758641
721960
164687
456117
257271
630935
914825
918408
622891
514930
270435
537921
736068
373775
458689
436780
566758
229675
171443
918995
199080
502335
549732
110181
608529
101627
538288
379139
667612
847105
104530
577927
495834
526081
592570
320497
974710
530925
454366
886959
934675
164888
820744
693608
389746
503312
864269
367557
592368
582036
349757
264316
519244
111252
722262
764411
791078
298532
417747
107790
174371
794012
640898
737260
702829
942927
209747
130180
780920
681894
154925
859936
915135
121433
288219
196787
754284
597225
628163
432452
144886
299228
329718
930583
963525
720502
250979
657108
515441
244081
593063
140535
711048
871513
907647
960275
945935
843463
281950
218787
252064
734295
129849
800783
972913
521800
532608
258583
901589
368079
468231
725503
132476
569688
698563
329751
288694
172539
819536
353222
573076
673303
921998
835251
647983
477582
325517
981583
619778
766460
433533
948066
689682
366004
658024
448368
258191
543769
957339
264360
609106
775702
642559
855241
167462
748380
395654
671665
204675
861750
594177
629028
425461
171305
876175
901749
533147
876621
826063
784692
906732
500770
875126
939924
260276
683697
446780
618872
534523
537537
919505
616729
802407
538611
470125
316982
957400
611834
441029
407801
341745
929178
596570
115586
846999
870332
658987
868723
742033
109227
116330
897270
320623
388526
123244
490926
645703
473730
131866
335385
711931
494163
105637
991135
364183
121272
874935
621051
711094
672328
465188
515810
870532
450620
480830
438932
901981
930403
970920
487006
528372
556252
536002
958538
163345
278515
120996
602276
448114
319195
738054
837737
835890
586756
956603
743950
529446
930234
807998
660266
188804
529498
307109
362914
761919
286961
164114
627759
264717
467378
333257
890861
735753
924148
332507
766018
614804
651430
487232
557673
674871
897296
825860
899899
923107
644455
225592
487866
581721
620684
460073
280537
114566
911907
880814
162922
163270
878827
992219
168773
206410
752030
644722
591794
228308
633670
843065
263604
790494
224218
397606
849362
243418
393844
382551
847747
420500
568337
919807
148726
820980
126340
801307
710843
179872
406999
293794
861168
652926
987135
473210
580492
276151
636410
563816
897698
482295
851880
112927
690739
861329
413731
979610
402995
866144
999965
615620
835350
276360
998357
838772
658838
496090
352597
577047
994436
266070
966538
599397
629416
507243
774177
317142
649175
199610
336763
954893
935601
611225
640077
871506
738323
375699
795830
688574
365151
238828
587549
841487
266886
800131
820327
783772
164432
894544
756530
450690
530376
852460
231250
319324
823270
111312
601669
258257
752378
235350
392788
210888
510418
404700
126792
675510
353160
360135
670951
114008
660747
909091
539882
674780
497225
836264
972988
562009
985942
194809
942993
166208
881691
577703
814592
781834
596733
287890
318399
515984
175465
385327
532505
508954
520154
666212
135087
260911
261702
491376
645256
666891
874731
248425
289942
882031
661777
261277
846055
827313
627036
445146
945668
408660
444817
123401
273034
448307
832098
431636
879298
273015
668568
177481
599007
971689
992636
430070
882068
612864
644226
110580
732719
180955
956498
520577
981174
117707
699476
907461
496605
899208
318232
319510
275168
718980
336607
196279
986403
753628
326985
528859
739652
690282
694620
337095
880921
630456
656685
162806
963532
328111
928303
776214
189136
729517
199541
786223
188766
706421
790565
846276
521841
555008
643836
899922
801146
453906
506136
369013
620960
520456
460229
302698
880727
359149
983239
864847
988412
496171
956833
609127
516491
909790
114464
560986
752606
819812
523688
489528
975970
845841
201976
849342
948311
814751
367004
437809
468740
403971
951503
936008
324564
485435
251403
989094
508657
921315
879471
816196
183835
677478
698699
589646
230341
989330
773995
918276
481357
555716
769054
746400
896470
733763
249410
170743
246692
495368
294733
739928
518227
236507
341306
793234
600787
250233
966479
407379
652036
124049
912839
807594
841579
310158
139809
908558
350382
448046
477027
310839
647090
910674
190700
529098
982734
850478
283349
779891
646667
148896
568003
335147
149691
531293
159341
949368
766066
928167
929700
896243
985606
714203
159363
924037
993375
299334
211060
514987
301050
498520
225469
409017
860256
334417
415941
639963
562174
769079
973543
644630
475488
180618
626450
312973
378319
243118
288570
397471
569445
697416
718079
875149
199817
132964
744023
851545
321035
689267
132699
239691
332317
982034
650827
516621
950859
288133
820607
195958
924697
482690
219307
215844
247576
385834
718317
479426
169317
704147
914550
632425
728062
319008
278451
171107
710946
780210
417944
894634
969252
196887
228232
418127
185802
909441
167811
568215
646600
662482
929580
651392
405493
145171
858293
264193
194151
468452
413865
231823
194256
553197
555542
959740
559828
892211
210806
523737
422757
263239
208728
487901
854877
838328
265552
374430
202295
801737
672695
935835
292075
775005
358304
216988
266372
863342
348249
632817
660256
241724
149594
403736
583395
657667
810189
188474
413592
941990
855929
119220
759526
769832
731053
188820
110730
737433
714246
457145
496151
906765
984893
990749
747078
632136
776688
882543
423163
533494
451019
409464
743703
998231
759571
326976
983092
444119
680943
146345
882048
896700
232979
904408
914136
770969
950282
284788
778720
609023
911871
201287
874877
399282
847752
941953
558672
821562
412080
352284
528271
964016
522240
898235
283169
158232
553929
196459
112949
119631
816944
593419
157407
975833
183254
678888
538609
615165
591875
328545
172082
391437
146415
276746
689118
808093
354316
462411
579642
220116
578420
434760
528210
309600
883146
110748
820913
754564
682575
304926
538747
538285
932644
896358
893706
439074
962007
834505
182404
519769
105708
206079
197621
553831
398665
981254
327822
924655
387038
842975
229914
746492
307983
178135
841721
140618
367263
773280
998299
632382
615259
893117
197946
272885
260352
364765
938932
878106
352809
505534
336676
188465
572409
332915
152732
187345
300770
983232
947585
606063
744080
648514
200579
782325
225654
143659
149336
440433
934738
120619
427828
965322
357790
940875
526502
901005
513110
178899
459314
216901
966434
233612
946439
307497
431903
599231
982428
818192
320110
478363
992460
977727
116056
238198
568170
201603
113212
508203
819875
572474
874135
804002
447023
619212
446255
755469
167187
392471
516092
336110
718967
842184
274867
310614
826783
917157
190449
327016
672776
473799
226656
410524
617120
177605
782057
835168
704386
786699
945078
886713
730157
440649
241058
905895
979649
537864
764800
697062
966645
696728
297381
366609
813335
238597
948083
516161
497953
133064
246114
806867
475412
419930
187533
475623
200500
736611
254231
278596
226880
754608
132312
952921
654348
837762
116936
465087
598909
152515
908710
790715
266528
982580
196325
886207
980007
923234
827828
455088
424481
753400
245576
452482
468469
183565
257641
787903
128187
382333
345430
508775
761847
766038
572661
394448
766643
618089
919099
377807
463383
484416
418228
306351
903496
326863
514928
902046
243194
184867
651339
118472
371283
952407
224759
196442
695742
432293
168551
612808
483529
277049
465274
181771
898619
779297
539682
566146
428053
110785
453041
625497
571300
254724
975903
256071
303296
204556
854107
120689
802885
337002
746667
646508
483947
645385
246209
520032
327812
586629
360636
113256
772913
466457
239288
355477
557953
223510
747091
747026
984648
855567
561245
109443
703895
383761
207387
814150
863582
311473
494872
629340
143195
993885
261577
982241
598557
501588
605851
895414
517754
939793
529820
544224
794345
958946
127522
266858
332188
529208
666652
993541
170014
946519
348787
750415
154405
785005
129404
650609
916340
990272
976957
792003
665264
327615
664057
274314
563133
616026
285530
176322
611508
912302
504986
846294
954659
668408
776942
633420
757345
429195
823184
245502
884588
198173
789159
156803
597089
546555
419413
773004
531895
119869
889661
386058
424889
429973
725454
690700
819422
327296
809521
531910
836487
328479
650699
934670
631924
585695
393423
394944
889795
502324
308515
546594
360966
752421
406861
759649
940000
956384
828667
779898
796860
877358
665804
590261
494697
473601
275229
514155
145366
227018
226707
481960
395782
344136
371650
339979
821072
313627
182105
246731
184054
634710
439851
133876
842560
909586
623866
650767
885077
151551
869793
208095
770133
359541
196702
876680
129173
592361
272922
961226
961687
835420
700503
558891
471430
216301
956885
259026
220939
483471
985344
513103
555023
758453
937082
825529
711758
663849
864608
636815
971988
491068
882364
706016
847447
148055
504967
904999
390704
697521
202680
288653
162679
497465
406190
687474
602458
318451
894934
559206
690073
796608
745625
559602
543234
975093
277220
426644
182372
733902
394037
761863
947538
854619
101920
386369
434774
832216
771035
304406
309294
427579
262988
221433
111112
347015
417773
271235
871990
703453
175897
590988
827598
702386
894998
351094
464545
456571
184127
416906
710774
992292
379596
696858
249634
681281
710752
203077
397574
789916
882927
674201
603300
815693
919210
631794
175583
809768
840617
334913
316303
659183
580787
354056
973790
515624
236781
661153
144610
294442
480893
790910
700247
928369
568025
732172
667768
299505
541201
707505
718906
713671
657974
155636
435718
245450
763909
510907
331984
905056
276980
588079
346712
509966
996184
175293
731933
837608
872017
509110
625209
164966
442930
427541
327805
891671
371633
986112
569001
584527
258823
949064
818920
841884
485892
604235
580550
120470
656338
105977
105519
221013
757476
993875
856934
767293
375900
385711
562718
198484
467254
154040
298745
722324
728180
748467
278682
199739
869382
965564
133161
834079
369141
565806
379426
502560
129357
320770
839194
573302
706181
266415
911440
904937
558252
477136
861516
367872
331730
576515
734519
421393
732496
229005
203926
624054
128149
171099
854244
797441
815566
775299
686250
993542
482256
774121
799038
513175
244037
660701
454326
571789
983633
924578
554567
543394
543840
786698
987038
882971
573103
674236
726074
893538
293299
697624
631365
455699
661481
599729
136621
644236
448827
417785
643075
530215
853868
281114
853390
274756
674368
838752
371917
581087
557387
930869
107400
943041
885045
548036
176145
166035
904742
109471
254237
853325
571156
721980
653881
431052
853766
378426
395946
920258
690531
868706
366309
840679
386044
226920
667688
589421
966899
562896
631571
706801
426247
245421
581606
497421
733309
100900
544345
533227
258764
919152
419538
671860
223429
467327
121446
929991
478109
516698
934191
176677
410777
312161
600198
958216
966037
302517
877982
606708
944913
659695
692413
242822
696888
847661
298231
172713
953774
314701
651528
186023
652085
778898
260462
266876
811708
867172
144353
977319
598309
725972
573488
190426
700113
669820
820697
707792
519563
862885
224901
158782
298734
100130
852702
653122
902419
751514
512909
215928
731163
887011
924372
966732
643669
936202
143781
760073
360524
908815
808317
124592
589136
859660
332001
144964
992544
771510
160243
781218
732945
715677
414097
306191
288254
813006
703114
770825
950732
509559
458046
311007
268951
783338
277105
821468
917087
369915
794411
734175
928137
330212
412399
574854
442867
869704
424150
862569
477880
301523
132615
423395
873372
905216
261974
292618
861141
651669
808342
265824
399190
668105
409180
440994
543129
314726
885042
545117
932103
119753
161332
882465
634983
171879
436970
424814
618338
328329
670403
501035
281743
473783
116074
222389
479904
321075
708136
475604
615975
846428
207893
184394
891814
764052
364540
718244
232882
522043
620011
570227
230499
393050
426804
725332
436891
536347
669091
502763
561776
317237
758459
783663
783960
978950
601999
563422
732464
922106
996762
264369
782953
793928
557788
582507
602671
303483
385266
518827
275063
996205
607729
568704
647397
139631
796926
370236
839607
471846
874285
503809
735570
402128
186964
340825
688263
127685
687338
750210
877121
264920
241058
651845
329389
717755
460638
253159
547430
402178
546930
499417
406269
739680
845175
881098
660482
769359
288328
387741
841745
547179
642076
640981
367867
968989
238592
488588
334160
536918
696080
424803
863942
764177
936498
121108
502921
562235
769328
265635
997343
773262
835376
987571
836247
414873
641809
709621
775533
176155
528900
829082
319036
183534
461573
275402
362945
184097
988500
149742
419847
370142
697364
587495
904661
793802
881056
295073
897616
226634
246373
725826
594094
789347
904800
889085
954200
915546
620788
504163
819035
366330
952776
263577
618764
126547
405403
576804
112277
397536
425797
679169
905665
479201
552619
133457
712095
867175
838558
460593
374134
532558
396881
719560
970854
515716
261909
148602
299126
708776
691188
546650
397920
244334
747718
572028
181045
742591
923570
917832
868270
233948
792133
249866
561296
114563
988264
738502
724795
260139
609025
935816
971983
948106
804361
727930
721372
879638
446917
445552
915877
634535
982115
861085
202863
139291
523795
227272
802988
724500
198495
994904
653278
248828
267913
425068
775274
815080
921344
459688
229787
445691
145917
711946
706640
243329
562144
356443
924323
943420
440611
777921
358903
757563
149719
838288
660477
468838
205539
196128
327811
999511
328214
701114
462106
635554
206437
972781
526466
141077
605061
288829
672436
102298
194823
756507
975115
955289
485643
168879
852176
235610
284610
512177
294305
344169
644196
437272
676222
778322
810794
212138
580624
485004
548746
325682
283445
463378
121325
586543
348684
348556
294542
468009
862521
155916
277169
670878
815574
417109
640349
320507
233431
447574
125815
690214
202392
607667
696861
850360
548229
933668
151164
573480
641734
960919
455695
870850
533028
937233
897972
814007
428348
272146
985324
925294
318368
208215
548207
129464
689860
394744
199722
763297
615724
655505
628758
600547
964079
846046
256534
528596
619015
324192
957517
822367
635800
106332
646777
362640
338427
101059
613008
989865
391495
305772
337493
723410
556250
331197
100023
454893
654665
440584
300583
197671
933250
426066
173780
224779
476730
299215
742212
738192
163512
349897
286833
286099
591229
120000
281821
931871
335566
813899
545076
645768
340191
284508
887005
310360
368798
735458
436924
907553
771961
834632
981223
279889
191405
131099
392291
879139
555725
578344
410458
491729
700523
271556
876123
250535
899046
988709
310863
483380
998640
604109
822547
773658
982074
751592
528183
501252
915966
652011
330449
113047
889833
962652
615135
579745
739395
878672
555160
867758
549116
251279
993805
214170
456853
677972
910401
209697
458376
988656
437953
973873
834581
279983
799042
782433
656459
893906
201655
243835
703119
153147
912172
869396
715403
730952
394754
155549
158166
167670
528998
780082
438012
800038
599152
247152
287562
295901
484885
582371
670456
252870
371306
692444
325395
698354
116822
691682
202630
575200
531442
617120
538980
223351
282591
941212
639925
348943
176228
699528
856443
427888
454755
347185
466399
381555
262711
155381
665245
939172
315853
321202
337481
186121
189019
115129
502332
393404
228801
567809
161183
459796
156795
811831
431634
934658
703104
419155
972314
468471
943386
916871
329253
934627
559618
629648
691291
696984
783191
405903
476387
380333
798555
988785
826351
964127
260330
300490
318885
263441
392088
382753
899306
730260
260358
678533
164397
237473
991489
215421
292142
838083
747191
471420
108201
872307
474870
862451
474883
513307
256803
831233
868496
812443
410004
409894
169950
280234
282443
335349
586433
579508
922031
464167
950876
511906
389192
573933
475145
357720
998583
673565
311077
234199
131696
354317
376123
674467
403413
464126
951755
975262
161584
649008
940791
733395
926124
639763
133322
725455
970993
527197
512485
508586
499546
631704
498727
495044
826836
323923
715513
158506
288470
732600
686483
203447
219128
282814
904302
363735
976881
537525
970791
855111
192593
100094
516493
620376
136599
275805
668327
750579
867984
377575
865093
822134
989901
697717
140929
111229
654463
486683
231793
257179
234450
219890
594413
683783
548771
852849
839607
648052
546079
551195
492012
809081
160890
859569
724069
126863
186665
519976
531306
959737
387004
836725
807156
935581
412892
932069
509917
356304
563068
681578
474759
259729
465695
918447
803813
253131
689446
376524
628650
387934
810068
477781
910956
251511
479872
196973
796564
635164
653078
315384
525702
871588
223083
271917
707847
849507
226362
542282
313999
936643
391232
699875
847533
881389
633456
110194
244721
940455
140372
638738
761050
483512
145858
331271
405277
324999
129846
862260
528942
335266
779729
251792
371214
777370
469006
682451
423922
456363
112061
470634
464427
843929
661086
334090
598743
968245
442427
809985
675780
731648
958466
285895
347836
616263
760414
828564
106994
200812
660913
488332
335271
771813
345552
945365
165208
450205
479931
281161
356264
399833
671063
670119
137414
704085
807146
754563
606555
388685
418003
912062
947634
768664
617411
502960
618948
379694
759612
780706
546015
291658
139492
131832
182162
684682
461253
936363
639832
983987
826213
802485
278206
363250
758014
399237
594674
454749
587001
502771
304203
693144
205995
723502
181999
912660
149772
373520
574117
360946
688559
192083
357688
698501
835043
450652
622052
103220
947398
362966
791264
134463
343585
548090
373672
563481
192228
677418
500549
827700
801214
586589
880059
927355
308248
795636
677424
665784
784399
908075
734612
431478
890765
276716
772305
564064
550435
170653
651792
483144
739429
783865
206565
689893
775330
987996
759673
988339
603838
361144
483186
263614
246030
970277
206625
444697
701647
142454
934503
658856
399587
575462
199301
752191
404073
644144
521471
298753
539672
818014
622027
195210
545111
478874
646300
392968
442620
166560
204166
908644
793280
178836
741357
697183
640700
619248
156623
973943
758434
956982
589546
393929
824345
716964
734283
656816
824502
120645
377364
862315
605748
344579
653641
225725
157841
947355
290168
292302
655908
185961
946498
299215
125822
804674
297226
172667
587612
639553
331673
804344
298982
529113
533100
905565
451656
998153
566843
417038
926986
558285
139686
497794
467629
951537
190526
728838
156965
868320
905709
714362
589070
470651
594979
865337
353900
372934
325566
148054
541635
172156
347253
722337
815055
314242
138817
578889
336321
976121
696616
531164
566583
361069
524680
408650
990999
553259
908477
570536
649512
776591
312719
177552
896492
462139
927035
416517
843678
116803
463515
613300
412260
530981
711989
202070
374577
403351
958941
597042
753850
620793
262024
816543
254834
982569
432654
186279
971781
761493
525819
428200
946093
329546
323570
595924
189140
212972
648254
409240
643879
762175
347735
897177
305780
379393
961357
429306
795008
323770
748372
467418
276646
169868
238381
856347
785775
440645
603116
715293
816139
771347
706635
781865
129162
428311
691818
543274
839098
260114
406849
202421
509789
829564
579269
469961
785798
217747
173138
362801
251055
896112
820763
226375
862170
885014
376811
982803
149667
787300
848407
492720
224190
169514
278306
908207
606386
860344
687660
668502
359441
946577
201592
985632
738707
676542
919577
536616
224718
442079
284440
696352
683700
367165
216837
886235
640169
578171
372951
951275
563680
795627
222113
428740
635601
662525
343540
133536
605432
745521
452747
393372
379885
938798
988567
250847
154908
328171
594151
874874
820737
613866
823187
440075
790722
953669
839333
131836
330120
337216
660101
763368
377722
634590
435168
826750
213496
339824
692244
842334
286578
740104
857947
525056
130467
361451
187057
520596
993485
535365
829187
896515
507698
819159
144950
438837
405964
725579
530993
639244
141386
789032
985001
582766
493447
677249
674023
210368
539304
711591
238711
559277
731314
740415
229776
102022
635462
658831
635195
436003
868283
782897
495842
139079
814102
535018
413174
138850
674567
965620
321052
394961
968995
227351
304278
351040
807450
449655
397322
164367
362261
463143
207697
919506
348782
431835
610590
954706
237355
408251
322728
268529
100344
712755
120246
511595
929440
672743
602983
327895
149640
457636
263835
973773
488488
130834
281761
945250
387782
609414
336541
887951
745393
247603
147701
730608
190904
633728
652857
199528
309029
292725
177325
277121
901529
464431
884757
456273
372516
993811
217564
923704
770433
710975
215040
727782
997324
176732
939165
451866
923713
983152
675124
165732
447922
682576
627736
920972
301701
540626
201910
264044
265192
425664
560702
116120
967698
224904
944018
911390
865207
117073
740714
634088
343719
833801
629057
805151
706307
644793
493183
166121
388669
168250
529700
361747
234956
250496
541166
883625
558953
195828
807111
545442
312969
136736
434639
945178
108823
201220
650497
259319
608204
986085
303844
916172
955726
893381
779504
496379
692034
951342
260411
474997
398448
424295
511680
285886
729266
635689
611274
868076
984632
222891
339746
634766
765243
889626
704115
637098
555963
535461
762134
343038
696792
572980
907391
609255
307402
472472
537283
324768
950301
257245
814084
647394
413420
565277
290939
797834
902936
265102
122145
204121
729446
676955
910394
788949
929651
630129
979391
436748
107060
638544
455686
547672
171310
362593
254799
979358
592814
814566
431597
366289
828775
987820
947024
458868
383174
337726
872587
934364
660147
936692
165735
757299
858854
252072
387363
970457
274788
266153
431558
970725
864053
202888
775011
103338
173058
256784
955368
473876
153712
197939
808739
830002
240500
193919
697072
658157
824466
668783
557571
825078
981846
767837
448847
147135
182382
824726
332850
400159
490306
176166
585277
687961
992465
617555
119651
969366
920425
555237
528989
955214
542627
349506
886423
567878
693144
192248
982523
517332
919588
434804
303800
344094
439542
545871
314414
849856
766160
255240
825689
679692
824226
435085
421336
603915
355965
360371
799161
772546
506807
876581
225026
757104
129434
185592
422238
126931
631784
495933
183683
670891
200880
445168
867324
404886
321926
437006
542808
462010
921474
405251
232654
323266
844951
550369
114506
341119
307982
127117
511385
224848
982270
123283
775789
474621
332810
194393
732365
699932
895544
924305
897949
525910
139306
785000
511333
389188
583450
575356
598272
715859
178422
251435
117283
330054
916982
633798
450408
389659
656406
954052
453783
300838
328084
315795
553456
391353
844200
278057
351447
167493
573307
172121
559260
961146
382693
287553
548038
835402
220199
779551
820795
272012
882753
511524
864558
831421
683090
597921
475782
498592
769002
942910
158695
688902
945805
690602
170400
154729
129510
785516
130160
820498
922341
870583
916597
593402
485463
647261
460946
461070
251360
716730
166877
131147
281592
231985
392162
491305
827487
473717
978711
520021
635550
132061
296254
853110
439228
251162
921328
594160
935897
939525
106636
443079
836939
626033
624028
785691
767890
166240
545568
579442
809754
492242
110201
922964
163149
910008
593940
438064
710866
218342
802256
649499
188934
935558
364750
589016
145493
964521
836117
965331
480053
287161
646399
957704
778080
370571
306148
455361
252396
388624
514145
564572
125384
555914
323908
863275
350741
506075
104534
945684
604670
476792
704389
204633
446486
591869
266893
469970
291757
678107
252451
471894
439694
579116
210878
598105
953112
617383
571554
774959
113015
317391
218826
145103
197918
213894
522769
155634
938212
641790
928926
595515
697240
719184
951337
781777
795809
235206
142702
154663
866423
914898
288461
800732
810200
835970
157948
777022
860232
899083
865226
887530
665416
106466
420624
532110
862193
626250
574390
577456
708589
255591
493150
723847
597299
697361
324529
101863
968157
325604
384517
519770
501479
956084
433288
127082
713511
147038
269164
898139
262851
610746
770831
416533
373875
582477
527749
237279
311828
277434
430052
228903
965222
643704
992620
629886
443907
826175
959057
783392
685213
248764
808646
619249
734802
669380
801160
689827
841358
270662
680100
599316
126878
650424
750054
273844
413260
123539
147039
796197
530332
563323
479314
880731
691426
224406
979867
956995
148349
735039
948572
888191
433684
160178
196550
519663
999916
173895
823520
218412
565219
750716
335479
301645
360844
248010
601027
425901
531623
322426
953809
380100
363964
920304
342482
417617
659092
373061
964351
430553
306004
678739
379815
628937
458583
699018
539831
427576
230311
799712
971973
509800
113304
134564
529178
293579
513281
660755
702841
812641
718744
468388
109391
912736
869384
534462
746585
851501
100402
562217
920877
287334
443933
532994
366278
247554
633371
362664
269231
543920
556634
769555
982795
944476
218051
674532
238207
402640
642130
687959
309981
920823
957043
833494
511566
793916
437653
496583
112186
342994
655534
721542
591831
345133
885611
832909
315276
722669
536210
400047
558497
412314
853014
191524
797797
885195
343222
230814
790619
253153
390451
935963
620259
710128
813035
993971
494560
124414
938295
251729
356395
960100
558333
206591
614387
629330
151379
830778
921198
398894
633905
751172
194017
272348
790737
272024
539464
829242
932454
488728
925507
927906
201462
236898
539838
548371
711158
635937
361947
975913
645376
627328
186589
779592
975955
932697
476115
792536
412520
396780
681472
577866
888300
303563
317443
461529
893887
390706
167848
178028
239303
932116
474346
330296
174481
232208
423651
826530
180838
250850
467217
342177
130822
108662
163175
491106
953764
503224
477325
487397
842686
404423
985877
312869
804951
962183
119612
938549
984082
279254
159160
562086
327789
760022
547012
205125
789112
246409
543717
519361
569584
297115
763736
635274
172445
205465
485755
894837
599748
888479
374645
650716
361322
658895
144930
750754
420614
568990
440158
886036
676256
396776
611405
446923
768908
645060
324677
121518
892350
723730
918393
427733
711081
398576
965892
199496
698392
653324
397390
501958
304999
611572
943901
758977
288895
244745
909850
728390
849356
519602
118431
652858
816349
523501
639003
777920
627768
818688
257378
350968
401111
136750
536819
428161
930371
629285
797863
282911
726187
253363
797811
144984
689249
203161
277082
344248
508593
732824
213363
661684
849247
198792
982802
510507
984508
151080
965525
126217
495749
129007
633869
791141
184024
143457
624167
858794
549331
951517
769942
628499
425611
564979
605535
239920
613285
832339
533185
144997
310901
839264
187615
827505
418737
442020
358571
745259
389265
125789
150704
769865
527750
445589
674396
664699
776884
218191
771272
843412
380173
438173
426118
157512
472395
669551
430822
892945
101961
635334
968421
839308
908159
976422
399154
319936
309848
617674
481566
468191
330993
939281
650144
194212
575409
483990
510210
667644
642783
992637
423307
835522
539365
383017
635561
819587
343999
103563
562939
142528
517728
356821
707737
743825
115649
741389
581153
362950
387398
737245
512095
210025
868912
535751
492952
811199
845528
879189
922483
974446
465902
439886
329059
802360
194863
811653
571733
522502
708092
146348
868275
927840
624637
305414
228403
242264
988209
561881
866336
970374
874224
933378
556483
931950
626560
319491
443021
912350
699760
311415
966083
709043
124565
254086
851142
892508
419294
963988
137277
406678
965686
760884
820994
410838
806645
636219
299367
468965
986883
361455
629731
372965
475147
251389
219772
374098
617175
444265
943634
344452
114094
579008
134502
472625
714311
720330
487749
128943
394696
210140
656406
235799
990751
389225
293595
290053
309084
900409
469159
267292
186634
685873
503197
894662
652329
406770
751552
534457
721993
435774
878428
166102
932420
211092
878832
371883
548344
212829
737111
934775
386719
739711
714962
868653
138957
400975
145427
618994
248902
787267
724040
254017
646810
577733
614243
516078
563039
756164
822946
952744
543176
565125
452159
826935
525191
523511
451542
853092
226236
136163
373486
319000
372281
680738
837158
772253
620180
194504
305694
383553
149959
865951
978335
176792
522664
632367
929320
997857
283392
138104
962134
508353
404011
518914
133103
145964
980523
632812
769707
836674
863656
743873
900447
793045
936680
712136
255271
556425
940135
404058
605359
463893
979795
354319
135007
426662
939623
834705
374241
245986
408962
288850
721040
406921
443843
389498
302687
528952
529316
664440
717507
122984
674000
663641
683005
181939
389569
938519
401544
398742
256730
275945
401659
210066
895102
936536
596668
109069
974028
940945
989890
651445
961496
178934
167845
946373
843942
992687
881220
999360
188357
366143
522898
751417
158214
589137
802301
349909
135928
207569
262237
887145
570946
681431
218806
881981
355964
324094
961290
671794
916746
579538
965054
688159
336021
379528
661607
957111
546216
225768
279089
121159
904740
368421
504364
763451
183009
256429
445747
786016
929409
989787
548218
540324
514194
167914
632243
421338
346913
634788
802941
775033
823125
160505
406442
538116
670415
360203
367180
985221
870140
432806
205819
500626
932724
399245
757253
482513
483602
172591
148659
387864
200816
500793
166067
660269
908575
644901
134503
655212
234048
111344
669930
465575
313122
353128
800282
938311
675480
102052
521415
568049
422550
612175
720950
780004
748392
878524
463026
150623
452975
479837
138640
639935
550713
571534
354781
813510
668892
477452
228262
662423
365455
410820
751619
862302
376004
508454
612994
754861
183718
627735
203180
905632
807531
531366
995605
261090
725686
650486
168901
432809
522956
951706
733342
706364
815280
140928
935562
828181
228509
145252
751939
457089
918368
582725
246302
378499
690640
882868
448853
231769
195083
475816
723855
286135
909038
882127
446702
167856
321296
146751
759604
725459
766395
446795
771795
365489
932777
781937
667472
934236
392503
227375
214259
400363
444360
150614
546798
122779
834009
102711
830375
581328
555900
446746
488932
809017
675507
230318
998194
459121
235403
352731
879378
667041
823891
656178
400993
278978
915959
166438
726850
988673
112765
818100
928650
547612
728571
184285
796295
834920
605299
133748
870286
416469
418413
673011
443616
347753
844495
167720
484152
312969
430331
172013
882579
687351
567941
893909
745117
119092
439568
279874
278132
209318
239460
719348
758491
872821
757645
206268
423549
334928
387283
442606
346076
873805
100786
895509
658709
875693
218358
895040
826034
692029
328820
143130
818188
506297
940711
215800
813658
644971
235654
874699
170330
744561
479967
847829
358427
193853
391026
623512
786693
925237
476108
375658
237221
880507
411391
347749
865913
211335
830906
590522
486389
115089
815498
556198
255471
124043
714765
293853
459469
538954
420334
389955
421129
868005
785122
533274
479357
976821
173662
427957
129105
835069
428243
649994
512159
777284
338951
511686
651647
648765
912273
740571
398644
378760
903505
521941
347346
309745
376458
673706
890186
540981
879324
276943
446771
339877
737282
102439
369495
324964
848293
904054
872823
472651
410427
692660
961564
334251
641568
950558
565691
505618
264879
374214
285892
316294
222557
902218
451240
830703
781362
753122
115108
626674
615717
925619
343086
897143
622290
415841
137210
410156
745627
837889
846026
484994
535961
993868
515984
559381
150653
776879
921057
819722
553959
194175
375897
971856
986625
384138
985764
796457
183290
423369
512752
318082
725723
893298
265133
910366
734087
192138
211837
776337
890451
851480
762526
121768
949279
408468
175185
612422
924689
815678
859622
885288
972717
258955
286854
464778
483059
460953
446781
363427
268053
251780
513730
201643
602066
270578
690692
930910
543092
854441
748018
500056
618339
787744
533447
696031
733348
753170
821841
331521
383313
121135
843580
901298
458518
130700
525728
101975
392261
438299
857380
850721
346359
661782
391725
131633
214400
149557
929543
410554
804782
311423
429902
704677
908285
171581
318329
245293
265337
553897
397892
147082
642162
284677
159833
241195
432757
339497
926523
829404
328813
969236
762798
167432
364021
466691
249670
524471
953848
327392
754954
309560
824487
309426
284292
919131
674999
637970
371945
573077
427828
652413
365248
141030
411686
516613
235728
405847
424479
578851
613706
864380
929501
127207
824656
402042
191426
219216
832256
234754
185390
730391
742594
791611
566166
688549
259050
604798
880899
217956
397833
341755
517353
301459
227255
762489
162146
184628
916789
961338
935911
305023
325698
452476
811850
791449
560124
488732
446675
183904
719185
409558
397077
738845
268129
410983
951980
177020
830577
241395
353046
726231
732143
378594
710347
348078
203709
701446
987162
791219
839452
327320
322561
212834
779863
521632
232392
272206
229480
972274
728795
321527
239083
340821
942627
934295
763197
517408
551135
436731
956432
401118
821668
392143
481358
767664
108206
923698
464743
206257
115202
777193
749434
433845
317122
568143
593788
424362
478955
897450
754119
444161
137455
965593
569826
824934
613546
529289
540745
353162
965187
697991
742553
214498
649153
304880
377754
485768
323399
906052
669193
324543
756110
962201
513217
594165
251581
416811
670086
564609
229991
537521
682957
664747
351810
759851
957643
942411
386399
652279
402649
402441
964235
229091
204673
689924
942273
936669
935912
126126
395625
636903
645495
702388
324497
194982
811655
582492
655847
264793
268296
827143
749808
678694
169167
991222
593960
520624
269786
293832
568790
384197
231169
682017
239723
813332
777051
224871
876887
465691
492362
133382
598089
697151
142468
443411
134657
991605
808447
358542
703635
736605
922072
375264
348954
714542
215423
153220
571670
362028
788003
601154
967651
764630
691606
335126
489880
840732
151868
621744
320345
926062
517366
724468
608409
233968
224517
540609
672336
632458
982493
562447
451221
372219
996296
451057
715096
869869
662195
205338
203807
695075
764505
854589
625434
733327
291754
915692
989061
310977
960280
795426
980826
104698
889694
271740
333168
449087
116589
869953
568852
996296
553365
325635
710882
684088
203948
527582
374464
927975
142654
559997
125047
571418
186033
155676
327663
643188
148787
824839
406086
214566
873442
901794
390861
118083
810840
688322
600864
586286
464626
787576
972191
273172
572539
603022
329773
368950
832089
163626
191076
704959
200756
644368
355059
319220
553246
887683
178390
388457
931172
741516
222832
643440
208719
290643
617800
270508
733175
475722
606621
732868
727525
441546
100326
610643
603972
217396
836203
798012
174755
259449
663834
261946
472169
506838
834375
141909
182678
869623
428771
624530
140721
750685
336407
647106
604915
646874
139261
188442
341999
842840
708955
134786
180829
601689
160701
673447
755970
794298
411471
578251
793214
616977
943156
797052
162961
314837
188261
372578
289418
866524
993673
801074
135086
218463
825101
649056
522818
674330
696481
338257
271669
681584
178287
191182
292172
838604
684633
954708
818763
976386
294509
973865
283133
731795
863719
607977
511265
733007
606339
725854
877905
517909
935870
370414
959567
248470
836297
161518
610991
113176
681832
387381
106427
552246
946573
617291
370087
386117
460587
531424
253362
491825
177498
168025
418165
342437
196743
503524
257387
894634
588565
472717
464381
559015
636372
409226
235721
115943
834364
425905
266062
489240
784102
348809
198967
925487
761511
999325
717281
554824
449674
689709
769771
638635
717929
415583
718681
825931
332840
832915
217029
853417
233998
878196
636387
556437
687072
399145
590095
552244
254172
467948
541909
609469
269839
950802
757340
728413
338100
101385
395632
494490
649065
810688
170954
390357
859887
770687
995038
866984
253598
931320
946594
226607
799714
231189
398646
403812
749399
653393
258004
839842
649180
862179
200502
656651
604215
824532
249598
254821
500293
333522
591877
556575
972220
309789
757220
995665
137183
423582
517880
926273
333725
585080
344310
104034
853446
117046
337739
450167
618923
236900
812974
706742
394193
262042
413541
715783
460786
849619
244081
424811
970960
386300
627735
742106
577046
769383
708939
672261
202061
841247
344731
664122
495448
376662
376149
897541
657997
367803
236694
721011
523281
197863
332848
531378
366350
853814
323991
846869
101587
984915
149193
275860
999113
310155
972600
429551
959917
373892
196981
641875
786702
871943
891866
977749
897253
553080
970259
839964
971404
838822
981322
153851
360637
241854
529935
716156
782664
694394
338272
423960
746128
740823
607067
388802
337314
161252
951613
555331
213971
174710
307957
757664
122998
784408
109642
646745
156630
553920
272677
973579
744278
110269
127165
911988
934979
904780
364989
251318
477426
623850
547540
904277
647195
718628
952121
590554
590962
626730
819833
710810
471518
104770
226111
611089
678775
338264
590526
375752
523521
181075
218718
406325
263711
218755
778304
929090
301142
613687
192528
265702
374528
176299
245030
747215
933546
842302
341753
764705
263018
481857
666369
555447
692480
690220
750151
509160
368647
305419
160459
943494
604120
779029
549297
255616
912604
695581
459498
930152
373964
631937
489978
802414
232359
216480
190731
210602
414127
808265
466382
167769
759936
359278
921097
479135
355182
162679
248481
584011
132250
639027
821157
649016
853616
104009
842932
245455
810144
267853
981933
917834
443384
308591
401809
112212
296186
791021
886583
284268
630943
493032
900812
753320
505608
502996
969316
217173
925884
366728
214786
840125
168867
878998
443039
615202
868349
472885
410907
621958
316768
298905
604189
753421
241101
630404
600200
273690
994190
723638
333597
198966
438862
611520
933063
754608
267444
147031
121831
461598
628766
637155
582140
632001
190390
701271
988974
807751
112307
700923
557176
991369
302031
109829
886832
333973
944000
757894
811636
512934
906390
357728
734098
605327
603248
235125
418163
773175
608731
631643
543910
394333
263848
785900
535589
963133
930664
923770
827014
207659
446822
252000
766848
541884
146146
674899
740312
515045
114662
100503
676391
302811
960870
539118
172105
828153
855353
609515
244005
775007
716622
578821
588724
331159
609005
576999
114064
166356
673164
721540
288411
801043
688938
908488
544936
986083
686187
177993
184745
845953
276753
241244
904759
208892
833715
851876
709912
241688
183773
599494
169328
278222
992899
834264
471430
203856
300739
860279
465489
421865
318710
531256
545440
108003
778643
141014
730851
692835
595969
977482
470297
917902
125622
365849
271830
480431
445424
876039
626321
187537
132719
464393
144840
164646
302126
337816
565968
389642
849980
125762
538396
372962
353275
264922
370985
925054
738293
897903
583301
499550
912469
917658
556602
742896
314025
996114
403354
860919
295634
594618
872968
511655
870949
629721
619041
546445
833506
713226
677093
242316
938542
585994
526726
546754
641359
931182
534284
941193
806307
139767
222690
901337
359453
612158
605632
539850
581854
203850
769334
887096
323244
577249
737714
494943
832913
374874
361775
444070
734611
197040
831354
372568
697771
742611
285729
670701
784869
331225
427483
153063
401427
930258
874734
853208
303181
892153
117249
408097
932073
367398
819646
109429
492275
162176
777059
619261
997865
393200
890726
635604
427990
974257
781667
328114
520681
850019
399171
814246
356625
995006
695658
733629
690167
341156
109949
632831
839896
277487
274415
455256
367005
543338
574567
453876
468537
878396
104687
145284
141183
892030
462811
930013
865054
536750
508819
524895
103450
912348
854111
622515
535847
177602
463055
252782
417540
642544
980580
665395
760690
676101
951230
645204
885296
575098
926499
468632
436501
686264
949033
172952
689064
112234
172288
631908
497439
844685
607647
310787
287699
275651
379561
176983
281788
426695
164668
500511
195694
974619
853398
558070
619216
777470
297923
200408
708405
904185
345672
544869
378040
407320
868870
315646
981913
402198
159051
148461
783758
149073
300954
196737
735912
908092
529205
999158
376644
912083
523109
976467
768393
792009
460071
500365
509477
103262
333938
575305
616831
136556
547976
942591
387608
721633
736025
124250
570020
749703
827407
765820
346526
713534
905402
220414
701965
220651
360696
162996
624849
975369
663519
969519
984361
284062
388683
719356
444581
504841
256351
469579
415875
138647
613945
472234
516585
805301
376119
739407
289022
280800
391392
522388
802852
431800
959729
677277
803989
510419
924420
750325
170714
390734
808350
934518
797410
887774
880246
788232
280165
401636
738141
755873
160182
745150
906350
163146
523230
219131
243732
179202
382106
167527
194098
266075
723283
344420
301171
302402
294230
597241
683439
198653
370544
166020
259254
675405
208136
160332
913532
653235
187833
595282
274497
504015
842410
259973
504348
806051
931691
302868
739235
785846
916462
386270
973658
742996
448064
383909
909877
483251
878403
128225
491948
810224
986889
934769
209786
760120
448751
307821
929490
132163
526099
332183
217087
617786
924340
534351
919893
731449
982149
804262
276409
427920
684845
535914
268650
451907
618974
888287
146795
308721
548399
579375
906799
916978
968089
904921
526975
825498
125834
628261
594922
465850
357578
401591
494730
599014
181160
841922
463407
647536
506367
931923
473482
592435
264906
488398
737464
981036
832097
506583
328745
432803
535568
757799
288364
943239
566290
753182
881945
277495
575407
388791
269274
553790
281903
583991
401911
160694
853594
245407
291708
928524
243437
457474
864137
765156
696347
682704
864247
761587
922526
772720
211426
307211
771672
931852
701751
171476
526315
103110
265755
736116
672144
288265
314453
181105
816792
638778
539097
749198
916989
858381
539794
478834
366468
259732
899244
469926
350418
785842
366235
301756
904584
707854
695147
210381
390556
331043
876549
974971
876501
152628
603354
139189
703747
352093
738575
442233
240120
603876
924677
215507
838119
635119
516644
333220
945688
950895
930180
678014
435493
279033
253080
421067
760340
372854
622135
914638
237488
657520
546792
718977
326886
919853
820041
939901
848506
661560
817340
857848
536740
385594
489519
413769
816235
639176
119463
147239
642619
693814
853960
360111
491206
194537
383778
683460
850933
896394
476443
782417
750024
581783
284054
861482
418418
934579
573342
501553
534378
168222
431089
323092
249711
647839
926795
163347
397372
668989
561005
741887
689732
686797
858186
341054
571498
895910
464910
396108
941599
307920
779211
798779
632088
268219
528994
791643
693964
715372
570090
296756
668551
122642
165024
212560
856398
753207
308076
238198
252784
884210
915339
271281
801156
672217
854846
831791
616229
339731
577295
706981
833159
393388
935579
502160
150516
568514
846848
664054
356840
696092
848932
840331
281221
208346
341471
851183
550868
388967
954695
123509
783449
768939
611286
609919
766993
627101
568666
529477
358859
498998
791128
435444
758144
272224
375070
784115
871984
859342
515972
523520
432890
134245
713438
943001
623512
253624
427873
643767
861845
861265
126319
794005
188716
746635
193345
183118
947870
912125
365232
613060
293776
935281
329663
767005
432446
849906
478217
769064
122400
400771
323971
325662
552792
452429
899821
782435
246900
550449
117082
919467
466278
508827
428313
514233
957245
315575
579360
513251
436736
355421
578964
888753
459559
847016
321368
582980
487958
471621
131247
997620
974103
453415
380527
246130
507091
330775
195268
127788
718540
467592
345022
898447
269274
899337
440089
491334
793152
635987
187559
611040
651722
874658
868284
747344
449190
384801
533333
236078
278972
969790
732421
857211
735403
434524
268638
503905
817697
863303
319800
863353
136342
254499
580642
360902
745062
279901
227650
849791
964457
937731
125738
582667
463537
699343
352378
956932
438079
710110
823979
711837
434979
747264
326431
348992
933326
965544
381731
322256
985877
748930
464413
269485
879941
888420
657016
287318
329853
593853
891593
744201
448364
845067
217118
763686
855816
869769
391522
765618
886216
202788
197135
834102
887231
201551
455856
183815
486133
791309
366482
422017
671172
730027
323559
700749
975884
728656
821910
966498
559379
433388
935778
641191
820861
540206
555637
272535
869059
566994
550889
757853
892723
128311
408116
843774
125348
253903
193517
667318
867157
841647
698687
717946
346817
618470
382025
352157
284256
783243
427599
942126
705501
595023
736865
324894
124911
460305
261445
552480
942935
466640
955075
351561
226421
823003
536590
234167
811335
201188
757290
379470
989216
930036
715774
145501
637024
463576
816280
526400
283157
462616
762167
543454
559374
616168
234521
286034
748376
716888
885953
336935
660407
343846
860708
567164
239619
620787
695089
243303
339996
790867
487578
257718
584139
663838
451556
961776
314422
794948
831975
121882
256384
898557
848994
540054
164635
901949
871550
571046
147818
446823
717085
668622
855640
536633
354367
955607
357903
996005
304305
622928
922166
716863
260082
712943
335562
338770
707491
840374
493815
456270
215915
636208
495315
550108
422308
693274
727959
165842
189286
378334
332987
171265
264909
107515
541965
905707
801289
145473
987758
235187
689570
227992
950825
305837
308390
361600
104944
163188
960785
240434
787989
881306
989592
608710
773187
803706
538226
735534
365174
491369
656547
681856
929885
235211
782054
996401
569034
972802
550198
867324
116532
672066
173049
150145
469898
109887
951049
139723
127219
282952
678177
122442
927142
258957
330017
745727
664387
865946
310910
828086
924749
276808
919273
171021
769925
371369
380858
160499
300036
171810
209049
429836
997524
684245
874536
604401
378764
118587
610224
555124
570726
601521
728199
267105
954814
691466
357531
683039
870729
599618
702462
428374
877648
933650
467374
832395
177799
262879
954495
333895
536334
743853
393255
973174
341892
105937
473381
945355
586627
364869
434831
283104
928412
604404
935607
561146
105680
343573
338074
465644
909096
314004
901445
255986
686449
484427
473188
129470
714359
561169
723752
536368
425693
845161
841043
192381
613911
700475
409827
552914
755428
748351
982553
102226
724267
507765
768870
918875
476208
448338
958097
299271
422419
187765
142567
449967
875430
914296
696223
211657
720105
820898
140617
395282
470756
868057
372370
268838
467648
332533
218550
860172
558018
452527
189987
157263
238437
945976
900646
968775
293523
505798
559221
415479
870272
560553
194872
506479
943427
538332
659509
352177
766513
757335
784822
665040
504760
205569
496728
306325
434165
932835
516083
421852
222994
263032
334369
427611
225567
968864
784973
112354
893484
154644
996474
379549
839009
538964
543917
326071
814139
624475
575863
764217
869603
869876
580707
507952
314667
678214
780857
842445
668360
513515
618540
375845
865863
963422
816134
508409
604654
125075
791086
278832
282512
936736
641811
291840
186251
107705
522328
341291
827330
695706
329436
131526
431474
569757
194469
327381
317076
508171
398056
530066
613646
943247
249719
539661
503094
864742
267655
944301
674820
424307
855837
784789
388498
983695
925685
782881
986675
702269
370831
221199
583821
657052
823510
749979
409492
194037
164302
107587
130596
502804
939290
645065
375323
171156
128551
771031
819793
379891
515512
777788
186262
749189
323566
493429
413702
165508
191188
254759
924715
454116
414949
570696
265967
601829
432634
183581
113435
189186
880116
689502
235601
952870
587650
780438
328131
377790
995984
247079
222159
164489
236236
501162
953464
898860
437270
242324
213217
757443
835299
545172
628840
915602
533806
924984
728284
389881
455612
745903
164893
560806
663434
656970
212207
589124
354613
483068
632506
909457
704870
354817
658017
818893
847352
302906
407229
782190
837351
954422
618806
672752
182839
439660
481662
190122
882974
906149
579913
692477
691055
283382
399084
798629
527684
555147
149265
673746
381543
993216
303252
421392
800221
853032
973086
258594
710128
870513
821691
222573
826135
217535
810330
695440
592804
641108
487968
556466
774825
772977
304521
272724
791784
847574
747165
214821
256918
103013
849835
728148
266507
912197
519621
422528
278825
525378
602615
327532
751271
387762
580133
399790
772665
348979
565248
260582
199293
669167
355076
634860
111044
234785
170161
299938
280154
803858
660964
872008
348565
707228
154834
566671
360118
303600
434976
510853
220991
292274
264162
196143
510802
702882
634030
336149
434209
926806
351932
536598
204951
749666
810973
645341
625473
740250
445748
901419
825883
161806
450901
395700
423667
384564
683289
999366
599260
522692
198939
159427
687186
328476
553042
885968
627108
711300
766316
566853
201699
671596
523075
638725
952389
970417
320318
224168
826294
881182
556551
562644
279133
225647
182692
374539
633862
620273
170644
104189
246321
632198
560873
647709
952214
204868
322556
429937
499122
689149
896913
389252
245523
433209
865480
160790
586493
823231
238237
269043
417718
587667
944413
448512
455412
517337
821829
543057
455969
633144
109208
955704
399016
326137
833021
588825
271583
339694
983251
242873
900144
392304
459794
265492
116070
355137
651840
636301
160112
281521
527372
587648
953717
405435
621706
940308
773845
234191
153196
954156
944952
227435
586649
837660
771125
674626
738764
853081
918113
886591
436012
474825
219730
591714
707843
985818
681102
298536
932542
319726
112405
845866
312736
527828
818440
397308
424355
561010
812660
264662
513868
252318
878271
704335
492041
744780
311118
262276
453226
805666
867088
717593
626074
860167
408171
237782
903704
848793
616001
891027
276630
580734
510686
276110
218061
162035
209729
908633
911419
198080
585349
487729
501051
283724
858602
672872
370911
470317
442629
827428
510763
989655
137185
142945
879921
867766
814448
262929
703845
589591
798130
237060
223869
951328
577504
309667
456295
184224
847446
276917
814695
149185
817691
246789
396971
423450
304174
720347
496876
399169
442830
696870
637507
723198
359814
858587
279462
575834
743124
647799
132382
276150
805013
985760
482182
867704
683118
427978
932418
561025
615705
370870
767578
330810
296394
407157
130545
959692
784893
553290
294182
168526
655231
254093
438214
823769
108021
714091
951788
784344
390252
987275
411639
564091
596510
858444
821734
550539
274142
798506
636882
615480
551936
137151
531112
760749
900360
739014
490594
842245
195149
394170
491296
685015
580618
686685
704392
617677
533665
191925
365400
586707
829036
158513
666116
208810
139170
104682
730736
647292
883937
161092
516779
712234
198782
114900
786726
954432
870855
767611
495952
888010
870513
981328
827279
393025
847715
618203
276733
705566
966046
505278
156477
207951
825447
472430
568728
950791
343507
330623
431417
176463
893646
440799
237633
540698
886471
254200
791559
809591
829724
428793
613360
868991
775709
728430
720038
466830
312928
900939
330713
347759
653409
660040
194319
338640
238195
421542
891273
872565
812647
539504
430675
119400
376855
905117
871975
652494
830864
204209
664000
572052
756634
130147
248598
822728
938374
550681
991130
801061
556147
742224
700143
940198
911164
368056
280611
686235
563105
616924
515401
967257
536593
513599
359829
814060
729489
198594
264083
429576
276427
105218
137476
175421
694230
597342
372821
996169
601246
450550
432318
612391
189296
379055
338357
824677
685957
355347
233132
234771
445512
603285
264173
807703
797861
341074
514448
412670
779567
270899
286903
122989
338542
397551
773383
341749
679620
409741
151075
277381
352859
923079
963270
703097
746477
298827
784637
626161
188078
274427
172479
509404
873530
261268
975882
561747
139095
231435
987066
474050
302310
747699
956904
871361
839788
689116
476862
941633
405655
290389
275187
628001
447727
767890
514663
435840
566715
310281
770172
887917
408909
709718
260527
398331
651915
940702
967634
459056
291099
996016
298087
187133
831466
531463
161243
773671
865689
486957
471708
298947
872068
397850
298840
438113
450320
620762
635124
806783
341969
476908
360070
584671
639413
505286
956368
426739
991409
611894
173914
869524
666630
631523
703210
429137
523151
624947
106370
160005
827017
787462
329078
169473
553823
792543
124200
579977
221361
861090
609122
326171
110561
833273
985839
868169
790011
236624
693175
324616
796894
866113
389366
167777
759882
735914
315415
871300
485096
704730
897202
132925
543440
163275
704383
800639
906491
137640
994485
451484
260615
237040
627620
115479
297632
765683
948523
439824
978801
566393
686999
646590
569159
901410
255737
158332
864573
529224
903459
137498
742057
831904
188671
386708
633731
394400
909739
661375
486957
588922
319861
167519
273764
399270
489806
430263
333730
106591
961358
404824
353868
798916
133797
134682
207359
637502
502105
935912
463122
686592
872225
773941
948392
994570
647709
719213
743668
945065
865679
589575
816809
955673
492922
861174
548606
854250
806645
330399
253114
395232
810252
355204
634881
418644
756628
963903
988603
987064
663849
542891
752669
594488
968646
590011
720439
574908
191391
734190
431449
933834
400990
658714
757282
865000
884665
312741
886151
307903
153740
392371
455741
317403
526745
167098
203235
158191
988248
185489
652014
970549
634780
409063
991250
437363
987717
112048
383370
629817
333627
954457
972549
100423
315469
478429
408653
397196
501126
104912
959285
296137
105896
656376
765310
646067
173128
625052
215270
901271
340358
251093
174382
903769
101800
455841
927974
621973
267602
490038
521495
110598
740707
576467
173036
882116
727279
397906
908606
342760
753205
758586
759035
240299
422876
444401
665458
410157
958287
613359
260254
566162
755410
649069
699341
628999
761759
233725
693611
548482
339554
648083
457488
714438
948237
382912
535042
654181
263097
157695
653160
379521
532442
609352
501101
336683
818749
864067
484845
764205
318528
899863
243328
273123
312366
709152
394623
553443
184374
838654
351287
139357
379496
542474
222505
776830
950443
349540
865276
694351
234749
766343
749280
738714
105640
350110
138240
872844
962301
852624
223907
169814
574417
803127
813214
308686
135152
264495
760954
347570
930306
198121
611357
611276
298072
127071
200504
642961
201811
359074
984748
998724
574994
770735
673690
138328
329909
577888
949254
545266
279283
470238
983335
228908
605428
803028
763950
308502
265740
953184
918064
116216
558677
417922
673681
972114
503431
993591
516271
847332
242039
925695
681544
834313
425193
167610
463369
992830
368307
841393
581013
434657
820304
935313
350574
443284
451550
149170
683266
602465
910997
291574
776949
296856
509892
880429
646663
730131
345865
286485
797666
239642
333324
475679
797507
861250
151320
528908
814146
571921
562392
461943
254495
619069
512331
690859
518859
193234
779875
432853
854864
996626
586879
536149
372894
765238
796130
556334
799348
526355
140848
792733
246983
753496
719078
675078
943505
442580
226323
817353
858137
717428
436182
751348
505626
142762
757589
665746
317107
462601
312727
704033
278411
131853
850847
270049
717439
782647
361477
866024
535562
293622
870163
204339
304752
484898
296857
109783
563078
521825
891757
530326
316577
494764
307970
672365
488249
988300
354436
230505
788698
393598
322670
602777
890600
713878
417160
276223
727468
452415
222688
738081
270303
277184
763299
908572
486193
864507
761784
449112
308311
640975
318490
417622
900687
684285
566257
677861
232017
208167
794571
798964
228275
159124
768923
686659
952985
271025
527694
884306
507832
150769
726759
651995
977222
629141
524246
332667
115775
527111
831481
208939
965974
606112
997615
731277
200502
458154
722709
327138
225940
439487
582207
626328
987572
381200
486196
936161
944660
865090
669158
606014
209208
148690
103597
259770
987411
578905
102080
748980
561454
618251
625135
600245
959417
144410
146783
629151
958220
831703
525475
313670
775096
812856
698771
100248
904654
563125
714924
410743
485227
562605
731364
895208
341376
195525
990216
491748
630362
948560
694355
220140
787154
585483
205837
295449
253554
361599
528511
992337
962210
761929
284110
970006
650287
111574
805916
530232
751256
157064
732982
546443
813556
195734
146490
392691
759843
655247
146250
392251
653263
342366
241478
535462
939518
174090
260713
774493
784663
721621
720386
651046
858255
877092
491340
767733
241679
606749
608524
662749
405412
823340
596104
604127
913186
130721
581983
381219
877078
673651
310184
323109
318950
646568
621162
305606
614535
887308
397141
378019
358684
192158
879004
922435
597797
733323
218064
943657
509163
344690
223322
927369
640294
461638
479764
275640
260810
625970
318212
227133
661548
200086
977718
378755
667732
237936
233877
381200
280449
987478
289350
154768
508915
965184
702978
187722
470713
416803
225326
722932
116567
342871
893016
510499
838356
699321
662479
844378
454110
150509
279775
328419
161370
819996
939080
103804
886796
353563
422971
980649
562303
594412
742992
697832
224113
876093
728039
234081
193342
862255
182233
782875
962600
469009
855098
925548
290848
835306
328813
549033
213619
788310
747779
302235
401300
792936
689426
538547
596322
132909
467535
823668
329942
471857
995624
727950
497611
495963
552031
668523
677258
794995
266246
515618
550352
683428
703348
276105
404415
741053
928258
536360
796638
488529
745893
911561
335149
119646
712648
283275
559530
508523
926309
992245
851417
465898
896799
563783
501556
491581
957407
680205
189774
991189
720362
413197
164229
844405
156827
817439
907524
849813
421122
453596
766930
585250
791032
645775
906139
380003
789214
357833
958488
599831
556210
395441
147965
778618
495148
139224
563935
473062
116443
240137
144257
828950
559959
302431
554618
476806
239811
910994
751396
721238
682177
424233
380259
812206
364977
811443
579023
200027
828360
129041
877504
988310
430953
147146
530742
110054
486818
442274
768835
227484
308422
632965
698517
106717
285602
169534
515523
472893
847198
193572
190642
492357
140371
469107
621925
503351
885219
422296
114752
622473
422425
484294
919575
897613
483358
280391
624664
402705
719957
799084
246897
556450
786836
428037
833951
603403
145503
581676
615220
570876
726530
337627
943940
505798
623467
241662
745676
139362
131330
519555
596768
559313
260135
689390
730416
287774
715046
456361
721174
521632
229752
332377
901598
116028
425849
829707
257234
871239
687586
318413
190945
649288
192643
962714
250764
706140
442527
939341
280973
729044
186915
656855
170916
327672
796612
608875
137311
354383
815348
377270
969060
304406
709377
812204
794911
776974
749482
919773
402883
837683
577567
716423
711071
499110
440692
536165
589918
913516
697665
767525
756090
438543
851545
964568
551455
102242
794917
377922
281080
507234
492893
363121
879736
642872
731618
264746
466886
803676
656411
542654
938246
790963
473930
736668
350368
313592
379241
441281
463312
467225
336231
743114
627945
986296
770169
396970
855142
402098
679038
853078
179215
639485
371124
146782
566788
705834
271825
509911
567465
738921
778431
219187
371246
505516
485270
815953
269242
535716
108887
136625
905044
777416
705219
450656
938445
736724
399798
475153
739789
675757
505572
363597
378360
441698
227310
763777
285533
508015
461408
685910
953019
372795
434538
101278
427856
871170
900889
957258
536864
559821
288241
380953
108574
465020
217738
956362
764986
761541
240836
294546
750759
673462
946857
676233
194568
239095
328189
849695
325078
870891
182916
788172
911472
715509
849488
287877
279488
325752
187397
467979
809222
788982
861804
165597
911907
860698
731952
856429
446532
363345
193112
313712
188297
546642
378337
427919
537233
275583
861944
261243
729316
378851
224593
529822
621341
256251
255399
201932
776593
426034
758576
706135
383776
281157
509787
748962
666263
471909
611369
717837
401952
501402
540070
924112
868327
887428
691842
786371
989993
202749
364912
804922
657851
527227
990971
430958
537460
160561
972288
690293
164888
423989
227596
725428
958082
932828
357938
761995
430062
645474
313961
151566
627712
530662
374016
131956
702196
762641
213087
796809
758947
615639
177340
642174
590318
100246
278614
929504
377931
300892
586129
139334
122249
710309
332494
491780
852449
469665
727558
299420
480987
198260
146276
263828
916762
226615
202364
608450
704485
585949
179692
289316
492307
544432
693869
432973
821586
922617
871413
706394
286804
227582
295149
577026
745527
599717
862250
116971
916432
974679
910923
832890
167827
574176
960845
623362
960545
670547
593038
113758
668814
786378
123420
906905
871149
509259
879545
706826
100347
308327
850094
463134
299877
538428
997033
925326
729111
901786
519636
698351
581123
886914
588787
777191
782281
303881
471418
602973
670313
122525
500873
895018
339010
145823
345637
692332
816870
296334
527731
255866
207644
701316
690452
115601
667985
857850
364504
322668
204093
478823
721152
757394
549998
610597
255060
127434
819603
743636
611485
657257
130630
789368
465889
470668
215574
251134
162393
462913
589872
517340
865296
888063
213386
927830
590266
289271
316109
643580
580046
694882
187420
225745
782786
500697
199077
721862
165314
414692
391906
678501
757804
125514
525004
178474
929035
488807
721022
217099
395565
311388
821313
335417
970787
435232
754553
789694
519541
747027
596459
306726
587936
432691
128137
387963
522734
381704
631996
704168
698128
650875
583149
173855
615449
916132
675472
630262
732378
842943
455245
685643
315381
611136
450540
710889
703393
639390
376924
789411
734010
753003
124545
910301
407297
148452
394424
697482
757495
682979
497223
368719
216370
793938
885702
993158
353401
619930
436068
652831
238658
288825
889624
417922
461702
514738
264773
129936
428541
510270
747560
545223
973595
367105
141921
708163
698950
523128
723132
167137
123731
966510
307355
465215
912380
847597
515074
860256
565185
755921
369438
353483
553528
422424
502099
509811
816690
454998
677184
751122
388875
961189
561617
668814
980749
828410
814753
202685
789506
950739
344714
352101
948212
711852
504203
828540
954980
217872
840820
340750
296387
658605
910033
937853
230671
209952
918289
949347
292717
673904
188978
922290
304576
379575
223690
883933
416324
449114
691764
757296
698314
571161
307126
902233
476240
387714
595147
352266
712827
971424
373585
533334
317364
699569
426801
138617
930556
409846
275335
568629
384237
404995
124461
293302
335407
281526
456200
811415
911668
166532
661518
174910
909073
833103
820403
130754
211673
529620
847855
694317
154455
948832
473997
696540
193639
903459
621522
380995
598546
430429
244616
264717
485829
765428
317415
319266
137517
980904
129471
889473
505681
189309
372868
751372
326059
900152
967510
577539
237444
916421
743691
694985
404523
679669
981212
603683
517842
527173
444873
341343
892870
663193
340713
320657
743401
201447
986803
175960
369389
707856
388034
496863
412430
714250
620136
627487
305837
281336
488690
584961
409317
536539
387604
827106
391212
319809
514257
531344
424872
735324
780840
644433
897355
537294
656542
242658
318732
278144
378245
582109
388771
229298
149574
962260
761153
810316
807824
714169
426410
206643
813852
768352
866608
269400
874812
222108
453613
343370
276672
994278
248476
473516
348869
153821
540629
396833
821211
546471
905411
338979
414961
982901
115108
915059
496319
440036
148573
202186
412751
252672
415510
296238
884808
286435
248857
474849
768697
650235
705667
232979
415711
113866
381188
901400
574355
749959
327129
815701
896627
947329
656227
458643
328939
474948
886723
707861
124608
390484
530901
770022
360313
727798
430790
254508
158250
451663
911220
795866
264414
356515
876448
315873
303072
780159
608370
427333
609574
335987
560106
104398
631419
228023
414782
549333
185223
841550
647029
555327
439742
828328
795454
670822
549122
550785
382798
876050
584117
442407
564052
436550
814655
983609
956059
594551
537496
251242
292796
417272
924850
296677
643740
787120
339142
128779
923977
560365
653722
980343
641837
645810
370636
939203
235469
504908
618686
815299
895392
909186
862814
605999
894863
653418
510320
435935
136102
254073
267002
827951
937108
437970
880972
368705
808068
917984
930026
366209
136824
933087
639543
641252
982175
638964
431647
415370
541012
303996
987489
966498
274355
849666
394168
145388
396215
689259
537797
379738
888469
587819
649339
831312
660335
825370
873734
931371
667734
771297
270776
123134
173311
612654
830034
622231
330784
751080
438795
444928
593096
799004
813984
581569
544248
373653
758072
931234
177890
336650
672915
500782
622364
459634
952207
375476
721473
605523
825142
724999
832485
336375
461447
567461
795954
149695
663871
742613
841539
618802
822212
983785
239293
260366
413518
796035
931845
817248
750386
946676
599458
758510
806220
448928
995984
919025
520617
504989
189822
187872
964975
273434
786085
151815
158601
760187
396805
244375
567794
657891
269725
964790
209341
799371
137959
850807
912639
205070
230382
897189
734170
973895
338060
593017
317510
638450
306437
907468
520510
298639
193210
562022
508069
232326
884266
395252
933779
705028
121387
860215
335519
503043
135233
445529
455307
913447
704089
881435
426631
665285
528613
659850
566307
598878
613076
195441
781684
520777
583373
863047
498562
586703
833096
568745
903724
878000
537449
528930
939896
674595
518554
447622
201339
840826
574852
450142
576737
267620
954601
284062
659962
267756
104353
555059
184737
321502
189390
746104
494922
129322
230046
932551
767304
381921
226622
637996
617304
436572
679798
486293
602253
645501
929156
989990
294265
826029
280184
561226
330868
502404
138890
401315
193484
229767
764563
470914
656618
769355
475918
317266
810173
394839
866188
551087
924677
278600
364590
686708
282077
686351
853859
259666
997350
804341
400639
873980
652269
238206
391956
772351
169176
195467
587055
542032
663730
674137
268177
946269
938032
167816
586376
651429
294847
851126
451018
980099
264300
910729
361806
967238
199600
620619
852615
567324
672662
968271
273149
447788
831531
797683
294409
229219
999808
976958
472333
909159
759775
427272
995471
724071
243688
510105
507888
600435
467014
360297
209964
192776
620179
863751
645360
739107
361284
796277
222387
352471
307058
658225
107923
572762
346855
151918
484334
863962
240898
738592
598745
619980
914086
188439
100159
249669
460869
869123
719258
443297
233668
564886
457863
785153
971308
298183
878665
978834
918509
828402
375997
343368
475694
368476
770837
195722
152373
759605
291124
185798
868207
854422
895397
402629
394589
801418
555224
546457
506076
811145
164249
379283
358447
221151
640334
187442
760587
553932
659918
811158
590271
454308
150425
849138
473790
474391
858231
247327
222602
728778
453233
895661
784478
809828
239782
468564
423415
879141
185227
314473
813345
182128
260067
668909
398714
944746
557174
431871
373637
737531
925489
427410
668430
358001
505530
614841
228533
750979
528845
177502
790136
703603
545656
195538
352289
227725
471376
675806
911337
497996
692366
544697
226887
812220
626250
681010
439386
906778
571218
388045
702990
357367
238439
759883
178734
200603
803764
544929
486215
480583
143435
984203
834645
972467
698398
716121
630381
150165
632343
870023
622661
497955
865237
638059
178243
594768
848771
424200
445185
989394
446391
522111
501114
721701
403972
643333
323092
492936
610812
302319
101962
740548
826853
230185
542964
120973
782326
593895
789845
853634
233135
963539
353921
946702
634163
387333
200457
765297
180899
231569
307748
524472
540407
421561
186108
370216
900827
465187
308435
104891
130053
361382
143056
708961
172399
167582
204137
628263
684117
897343
884718
301493
845196
897862
459376
231601
192892
851146
392172
740514
997500
313425
398584
426415
475721
596672
505417
968357
755970
770187
258718
671671
757955
452906
972845
168608
584988
336012
562984
520804
266830
135301
453388
662836
351265
471171
741254
913776
548613
605343
722529
737159
202467
199758
347696
909947
814174
794743
515732
851551
620748
237375
180811
567650
820459
575552
601079
381829
166594
150264
635654
320456
105109
650909
821570
335779
655492
534863
652215
240848
540225
870118
547612
720070
569452
312362
777120
449183
179084
476514
990099
832219
821164
458692
844334
277086
450416
804939
582111
908885
322259
277862
520181
570134
651295
193932
954341
671749
787623
558830
397143
376499
915748
865445
387824
913728
574090
579531
412956
938049
362791
138085
339319
105725
111512
460989
651865
681521
893191
300047
726716
384628
261220
526329
370923
129844
145343
547861
860681
485983
746880
392835
463514
735870
796227
389439
233170
841148
790355
782291
317720
528452
896098
609477
711511
421000
951170
144112
221217
896862
771555
989008
230944
836805
516713
581975
747867
139621
290249
519037
179777
601716
807201
949460
251093
619541
466065
179737
423926
428123
478394
706726
299305
833324
974257
937061
473253
350112
833823
160511
907131
225257
362392
321395
867648
411724
393590
627554
615353
903789
269394
560422
301602
449769
280415
919619
362907
257117
798915
226742
628399
681988
669202
960554
325794
425661
242953
836969
866998
251435
541731
998351
904218
222069
698107
965307
478704
859790
603807
896991
881081
801872
413038
861174
454784
516289
489838
720341
311903
931160
742700
704474
245138
239513
726321
266849
416886
169723
955293
768854
535613
888362
419714
286020
171090
997768
863488
821900
229891
895695
227832
837905
268176
426482
172144
438160
677806
696833
734498
862542
474423
559787
607489
622473
334930
154718
902473
267312
873883
395402
992577
447918
204943
205155
137712
351074
968439
482085
268217
550122
848238
300242
496629
496734
662128
982455
696076
703961
390209
814957
765679
267409
108407
959611
314388
624232
928197
286648
256879
188219
986276
924878
103242
608120
549856
921850
307649
186124
871133
523088
831196
492538
774853
362236
868746
213544
772559
672707
379254
909779
498060
647144
817609
849955
581937
269226
643516
910458
762172
828938
734807
417797
776902
540555
772875
921877
903844
775602
974409
181735
441433
334061
954973
878655
798331
933072
358794
384724
169856
685594
328035
346596
366725
312246
803300
873192
688538
318461
363115
274275
242542
441241
140501
740628
972755
121637
230649
270955
550222
844624
308283
286391
592573
124352
315759
596637
870949
917619
411979
706438
971223
316160
869511
668400
526014
418204
831827
912868
501735
707225
104917
726663
618509
569609
439645
156426
550849
972928
884935
373852
124179
851255
489773
782528
882655
325197
190726
373337
454486
212392
931903
302305
583368
454297
740277
677433
326283
438686
619692
663899
685547
232000
989838
152075
249614
152381
204259
503020
505954
605920
529930
713423
929126
114924
212210
487750
831602
470584
535479
524598
299779
329076
199708
660779
847431
726921
753601
545989
196097
447007
578337
341008
527898
238296
665323
370642
836933
784217
754427
278174
127980
393865
479573
755589
847548
386130
425789
208588
850186
538501
698805
581176
723200
499930
901204
727814
769480
235989
246559
383863
630708
263619
226567
184585
158888
335204
942080
530561
825893
110915
126105
720323
170418
213728
190716
417348
933449
810190
717667
584855
792123
210744
969365
999396
814977
986783
894396
292887
273376
321599
287332
142356
151288
411823
246419
646280
464937
305095
995295
256122
342659
788028
735760
351681
957352
462119
415476
709519
666592
841188
331576
101003
838361
696885
245194
132956
129977
366246
948520
742881
955554
268108
498948
498526
544032
236103
398519
847121
951314
675431
428766
160515
669426
282858
852854
963898
452611
874467
504464
996074
602806
936631
559984
840907
549721
709504
584200
154886
473853
875124
927244
713098
176642
351680
823058
806811
835425
445038
893480
562538
114997
800166
921745
330623
685991
991185
103741
433395
412757
334520
910276
677274
718783
863947
955647
909661
837261
801694
510180
140646
626368
344621
741500
471540
907828
718272
102050
667375
116558
116841
228442
981781
504296
521514
805995
592947
848342
715604
818011
662895
989652
603435
407269
273026
458606
327941
599353
396899
919243
474065
850769
885022
621719
462036
797420
782084
744876
446446
333897
508988
803612
347707
708577
747095
801374
408598
323680
384225
951762
173080
571650
134388
633203
741086
626055
546406
818168
288072
490834
725378
310278
944030
230916
647476
618870
406797
495663
871998
946078
162639
545338
639592
843615
144553
302928
543380
942475
574574
150053
988719
532849
198688
436167
122884
623558
345078
342652
461995
700497
547642
908446
839198
213426
266345
230992
496683
747120
326557
244091
989030
268671
257608
188745
545974
525547
593270
850621
224208
246595
121589
215213
578305
152260
427633
864798
356196
523617
932920
976699
133427
310860
752924
142961
862810
462724
268759
116777
499880
336027
442344
621826
901215
163778
667899
906379
659242
705907
224199
634107
386446
545371
249745
435949
368281
418274
858990
162651
215384
626392
674598
713493
303876
937246
260436
234718
716028
368654
669738
752324
215182
526216
890001
222074
684366
504411
945934
801971
287657
235852
683936
371965
479348
856005
271877
301368
728829
342013
712188
310290
117699
471744
851974
587936
137762
636027
597798
250299
297926
828518
511303
366452
390337
446318
476221
713621
299447
351870
576867
977814
213366
270089
988004
842265
231428
906359
514357
850370
793936
298890
897919
593270
821962
527147
101274
386639
672431
806774
910965
329850
695933
459871
943123
485774
131749
852543
336271
764744
681534
975327
400416
350247
242037
911935
279863
445601
542626
619428
154533
835616
625975
638076
934618
595805
216434
503247
967944
148407
468497
970372
421414
724880
978277
346028
168880
539589
385598
685327
289964
869447
794758
158866
281351
910523
349099
156482
639966
662218
430740
748096
144185
762981
577748
565480
944785
753210
231004
247903
959058
901131
185547
250744
169692
953873
678913
104644
313092
162125
232625
272276
350263
217862
217077
943468
732126
196772
693339
951685
130076
899752
957596
787519
504213
133862
593837
942050
294985
484832
662703
644207
157150
176928
989218
830952
550684
833905
167702
370232
946417
484891
896897
315456
979189
470873
662093
291039
135111
531481
663593
777693
391414
585999
709503
988725
152509
281206
142118
804637
268518
269412
341870
137939
719023
932873
769176
825477
269833
813732
643880
199773
386141
275426
453779
723112
480009
344308
892338
450689
186152
217228
958201
123966
376176
468659
224737
331606
374133
806506
868225
502190
179883
233627
782716
416159
332200
348091
535635
596070
592968
980990
298427
306728
169610
651703
982697
960319
618488
781003
971498
979749
701252
681585
679312
600988
949229
192808
591654
231831
988193
145108
482084
354505
640156
150359
536190
117128
140015
628328
861367
200125
929660
856403
585267
485419
350014
290093
453705
160410
484197
283378
808088
699743
760927
247580
347377
871786
792370
401698
361137
376331
722437
281547
879954
860897
662271
115565
461816
956769
993511
335943
569542
948031
379370
227511
624883
665724
454427
443576
575191
889933
277109
248348
838079
274403
937820
671554
308480
177788
458626
633524
129672
858118
622917
293184
402320
796843
368149
269457
538317
337405
253748
192777
767078
311296
762070
602109
585952
239886
893127
537165
275381
305195
868844
797343
682628
155334
560097
286454
749281
855560
114658
590580
518509
521436
432997
594825
725408
942299
653988
296279
205795
140338
802681
312228
554618
254099
542467
835803
315742
370581
947525
706271
394057
680585
123788
977837
677450
551610
872561
330765
453849
929632
849557
553428
958053
224481
309321
678938
672200
485412
504560
417459
481276
598804
824572
833132
969446
752109
556949
328323
795697
218278
913144
395939
160886
212122
692988
721627
477303
597845
720976
101114
349867
347160
488096
102058
135635
763402
258070
587654
491659
272379
349308
697944
207709
873013
275840
784724
752207
832833
466833
579499
300508
920915
152038
386668
280192
241844
502494
727453
532109
780778
813986
937682
898619
721382
170374
816648
513917
962921
240878
464033
237326
114451
220301
527676
690793
487338
410985
520720
995608
668644
881627
626565
562245
123698
598354
881103
187884
124713
763543
102247
156433
482573
842826
853416
256110
215004
370508
965187
363621
642708
366454
338880
701556
826626
750087
601778
869254
206056
196955
668117
904357
976874
875894
928550
437966
142966
877120
631775
616701
332717
611786
655661
501415
311570
531470
508624
530791
370766
461589
888943
248656
254142
286451
593046
814529
239834
520460
555757
558486
716514
581690
543222
700603
939878
256006
546466
984283
734899
125236
417136
544311
652437
666459
789699
854643
720814
955249
582207
225002
359921
423462
876672
143809
474587
477031
687991
697017
810223
918435
919554
842110
854636
920298
115111
873309
612046
924272
886925
651762
476285
672849
254871
222687
383317
271439
374333
826136
495795
893687
671912
925851
247065
529474
485738
623070
753823
841047
642904
779809
820182
477710
726598
836898
837850
869871
974685
158671
799603
392952
543451
568022
121192
730717
816327
621144
367777
936106
450927
278620
279031
420996
538400
996159
840186
623214
231841
458505
203518
714152
509005
193244
776451
243697
237931
940198
603872
992877
429131
664469
227372
742817
782975
107978
316872
736059
692692
348774
534604
694575
588940
476609
333037
557820
847514
480249
522471
994350
580377
444487
955213
169500
308648
956110
914442
822161
241478
901677
226099
980136
236582
423572
392779
249840
580975
271027
395570
437103
562291
145261
257835
379203
970442
698027
285417
364420
856362
628045
285685
542565
188165
116124
110398
317593
273503
152891
168830
153298
731787
590140
834853
580484
135361
375023
359653
289128
983550
527124
378393
321661
613400
645426
799986
896105
893307
879104
185311
329694
663013
966720
512600
224247
844923
338316
191815
699041
543750
657544
148468
634839
915854
439383
331596
451909
593297
259818
370093
243470
420031
602515
769552
315209
746165
699576
630516
484134
871413
307330
487235
732463
232702
639701
895587
270921
968877
127386
106971
339770
851888
782104
363103
288836
315778
968994
807099
550191
920809
258729
398008
950757
158888
568946
644430
457591
999232
583939
299718
788445
400682
213110
980873
731291
224138
327824
602379
723135
198353
557803
741806
419270
985809
169936
652533
226526
444669
686080
872710
991846
136765
628465
153434
508850
463211
639830
831780
900171
673709
263127
606075
254003
807663
358528
531910
463046
472188
337845
594339
654332
888441
766883
735764
262923
483646
813810
267559
573225
650450
178295
575457
203631
796226
130821
977574
753913
589501
818947
304231
679721
612655
531993
713384
499084
813016
361284
519757
584468
939848
989449
561089
124645
672826
981062
754306
702091
740586
269572
804332
991304
581972
904137
246368
360812
291083
560170
523217
592413
453330
821501
195628
480054
745210
654796
799713
908715
777529
562917
400786
406122
808355
551375
122102
908317
161512
738264
789995
821804
485834
527337
390486
714144
486553
190907
463448
566722
810700
478402
858575
843074
821950
265959
795845
904980
869891
934708
637881
891764
479398
599497
903049
753002
685632
728875
944665
803881
887351
197244
497506
276209
265873
245574
724666
394516
448051
897232
113275
399062
706266
133747
691091
265197
673781
205543
585032
637128
469821
566166
322246
341612
257683
216594
413798
582937
440308
449346
214332
197836
304827
995863
804381
495390
967059
424477
282315
262057
176503
350542
589279
950314
620809
987040
261842
229634
766603
179551
550984
259030
699837
564725
965369
958583
521619
821317
380253
235420
217586
297399
301620
829323
939528
694445
308527
137942
711813
160468
394974
115298
250873
396279
450263
536803
902795
221870
929088
492484
123572
853395
207577
560066
487286
514357
718985
479736
356924
844037
805059
616213
262447
333646
801332
691945
955281
351714
549580
338687
843194
523631
593959
437252
229709
425840
715607
230790
683511
960288
406064
513335
946179
629417
863631
456625
141180
643194
434024
182995
567136
669880
653099
848874
512126
211979
866225
434699
986444
536761
499721
267548
215783
798032
694842
761906
600455
214365
808148
146741
858142
613338
751447
207040
543150
797347
947551
512581
624100
982121
479531
233229
810069
814496
303945
212989
126739
382451
113311
520180
193515
971703
764824
599921
793183
961341
644426
231569
131259
702657
948192
317942
630646
839040
417833
190979
435335
888262
593083
672995
328673
200869
964165
139146
269293
836898
732017
496500
472835
737929
908146
694473
861892
728608
501295
165506
233590
963801
661355
888773
474013
858146
742385
510923
976787
449654
183705
167747
529380
266294
582745
918256
806120
296146
985771
113773
122621
978337
734263
620273
112385
617425
954461
950798
674889
257112
212417
592275
532929
260969
688275
726321
288129
329026
811129
444698
687303
360993
594364
717797
400087
242071
588844
213198
246540
639029
132593
114939
378329
603651
514479
425818
926465
920496
698261
137541
415439
115363
442146
110664
390643
760271
368436
419065
235674
459206
359918
998757
416681
721828
937285
276556
105077
576748
584744
805603
558433
741681
896202
207575
622837
707018
886222
167953
864504
839944
598893
623573
891114
882596
550310
103844
912929
308753
655875
817602
575230
232913
321923
760466
590026
456420
589962
774333
195570
485755
988321
708977
105628
148746
401483
553190
221669
981819
648710
588860
989849
660319
551066
580896
804174
340448
250657
503757
207806
227347
760723
938160
396287
292681
226253
342980
219328
583364
855005
444347
841218
918662
910252
367422
106960
182660
901160
921163
715517
305850
110253
497086
238329
305529
957488
551627
693999
270491
728424
211207
333982
582551
431865
696166
670610
441712
490302
828094
210527
298504
251378
171531
465529
957009
848955
666412
775122
364580
734548
663691
951345
810763
355734
475098
789483
770488
783266
352441
875489
704153
942765
551028
776150
775715
274729
723432
907659
699499
154123
708550
610777
119700
674654
482416
150059
720962
643204
264033
338389
269101
450852
327017
708596
612145
477973
511926
147012
318242
148357
196046
217144
503325
103046
147545
403001
867834
269942
127131
945214
341822
186057
726335
733957
308236
629749
773903
329067
424731
469498
949888
232334
658371
216812
775370
345980
693009
767614
813397
653911
175579
196109
899183
531464
295245
750118
767802
790044
771009
114549
646851
111359
514124
450507
910444
489876
155861
567275
779340
385647
477314
278865
708108
176303
380811
417823
685778
341467
447919
601478
284634
213048
514245
821869
876832
837732
938059
242273
523451
506898
844602
527609
506275
538018
874555
761445
655923
991740
795634
776019
379146
207497
997400
582205
773451
968943
251112
512594
639236
285575
264175
489439
428523
526076
761478
659450
135524
920770
824315
615371
134752
816560
839819
747544
962944
311259
479565
265355
357079
820145
798536
893506
246861
793231
406308
273170
475136
182943
476606
348569
350052
237042
361749
703423
512651
890614
514369
307528
905696
643828
562307
463993
655117
810217
730743
824676
899805
505854
401063
428145
598332
879782
506457
825515
819610
434675
969673
132293
610254
517206
564913
778055
838711
695313
621220
297625
286814
579290
681658
235914
391383
728527
131813
927581
443303
333905
730275
272817
618623
778623
498700
764076
911814
894447
636491
898147
407765
917002
649866
668649
299259
877157
647142
204305
977505
455544
772353
810849
918056
360701
498550
195285
755182
985159
634055
750445
759664
387197
241586
468885
289641
789425
225602
888783
130969
349473
705250
237086
879969
609321
823532
744657
758442
530722
427648
810059
883461
427579
734192
460075
310861
671411
567064
506781
504201
742736
463211
444860
311949
577248
808936
607778
968512
750121
223819
148909
141721
701391
557184
910224
683586
460514
226195
752883
105439
643392
971363
501576
794728
837454
184981
467084
228529
877039
618468
940597
682346
265886
759573
278974
790563
344878
991433
356236
205960
286716
334988
521116
262346
669613
980235
501260
358749
298122
114818
694210
776062
136116
581203
165949
179789
896645
565363
809014
265112
186277
872318
637970
208888
269605
282379
418759
955252
468028
114138
247496
773763
909340
284361
724175
839152
497232
372646
661126
222422
434356
786367
840723
814410
726065
462101
494845
282968
582772
911407
483743
834886
219401
295563
540392
874293
788153
778735
525579
225733
196989
680478
822090
881592
830014
380038
151387
987215
424651
668181
888500
311472
293398
167148
732664
286889
221036
162540
872478
498991
471694
222797
719322
546975
313360
111086
896810
435173
507214
808710
209695
241979
736198
343769
911334
377449
273782
218278
945010
795979
115987
710621
542856
679408
442051
941806
927399
402206
229432
647996
660817
402067
184841
442609
978107
881159
132302
124555
943469
662733
368439
882868
823030
377496
526986
519919
632367
891802
666552
773198
780330
547208
900187
101121
299191
268473
594510
183913
466098
675405
427657
521066
936461
104043
435095
588607
206838
330594
896438
678695
443492
475857
437258
154077
155043
473218
624062
748549
909530
345200
920088
139714
620661
232394
697624
414981
386228
802704
685901
146336
943375
645050
421076
291737
337316
950712
569678
412474
865055
429364
918236
731525
635589
344052
457529
423652
355292
789787
889301
842462
192826
550511
926410
844518
398345
478741
908573
273038
651828
989048
221810
465785
707217
534441
133452
423277
779179
528961
799008
463399
764874
765185
871412
160137
156961
691386
805946
467182
806260
431401
481155
465407
931652
680538
329218
679486
288697
529325
690942
947870
259051
155798
111059
998198
516588
918814
255365
248395
249429
464904
886082
294058
205452
225998
436435
219255
442639
770281
164095
458335
790176
355343
128669
971146
749388
942838
861331
399341
753337
646295
981648
193820
360364
151918
890818
531836
627445
583742
719220
561013
137912
496369
507368
836359
204344
962525
158701
229108
866305
452642
224861
730587
689746
500240
413686
967045
155014
741926
402547
445528
912958
250005
407238
860873
269804
861667
420500
814862
252766
422219
969709
276433
441157
270977
637734
105121
221666
206739
270645
832547
239308
292747
816488
633158
382880
871090
141443
271667
355589
561263
272692
197859
440410
250380
854516
365066
129631
802137
317053
578866
967357
226730
124386
450755
858515
604091
243376
355165
564798
818869
457343
781480
253060
970984
826388
995939
504028
155576
452055
567961
107646
299924
497931
986961
914051
130561
514063
991812
591288
566901
242673
842282
304901
516223
582538
819629
876084
574948
298777
780799
853184
690309
102400
794440
377724
778524
111797
535799
983164
515397
585798
344793
314724
847290
841197
603688
560588
353590
183755
259515
807212
950683
432036
460699
665194
627246
389558
347221
740669
235488
140599
203307
296380
476968
879211
357926
773480
415564
890047
539174
169619
343487
791173
703257
985836
145124
940460
863658
807241
525168
979770
861393
155183
109454
590185
487881
146336
521756
498684
592606
876257
790066
285853
935429
499495
172163
320628
698886
405246
263196
152165
136980
380726
710697
633927
720509
854538
336727
245725
807132
237870
493908
322067
604076
471636
744946
980886
122039
339931
659083
955536
319085
203093
404223
414046
930064
663636
824408
835888
302860
553616
552494
205149
337572
953559
112967
785345
707303
891633
487126
747508
568482
378543
473060
843687
291695
568464
793772
367389
689867
531120
519168
614596
622821
350221
335274
233744
144337
399286
578413
936754
203261
933043
390889
819322
870267
337836
291612
442310
275901
662135
808582
818501
864639
101536
687174
745612
335678
175127
942848
810964
586887
363505
422656
178511
571690
921564
706423
829445
567756
900100
946500
780111
979836
935162
753039
106255
617725
259207
835854
612170
534370
292205
787946
281315
804089
644310
585500
886134
364766
915196
714833
887245
222864
692564
118605
649186
726976
488183
888236
458290
498437
564207
601347
468826
213805
930298
259812
485425
946318
191006
776704
727490
505723
616842
572167
189412
629298
126788
133164
703191
391538
173620
810692
196829
834217
785708
836364
705491
628107
585010
323626
161675
587200
739468
382796
801768
237716
112359
174605
128596
905234
259908
746742
309249
895466
399168
735521
417754
748879
336446
836376
887590
897406
898419
258748
122617
176344
345421
986818
858166
392944
531873
591032
541156
509600
285423
409637
549388
603606
534613
953166
145773
974508
278285
745716
678172
829269
416003
657819
715707
534003
311704
808934
352692
455878
227692
720862
852467
293631
662699
413329
231325
613810
826295
814871
520337
624074
677421
305456
511162
216950
237911
894410
116174
649089
930605
606622
496262
871744
951529
935289
887897
541028
289350
141945
309719
541583
183764
519565
279424
720323
191675
824767
121183
718134
646120
677710
499974
307074
807321
278515
916839
787033
753441
577445
906060
637237
648153
902200
440115
186413
151556
280416
168138
961892
506876
482132
484803
677564
541694
740558
449012
179208
891023
692687
997709
794014
220138
714302
550007
708907
777319
250289
942246
143105
599817
315940
853594
380492
288740
566374
637144
458562
122376
409172
806848
318968
763183
576893
745418
851985
515871
972516
289762
540081
782781
101668
883517
896752
928655
307342
963991
251979
308587
988973
632427
199668
350913
300587
538670
335145
175809
774348
702760
255490
641163
435448
218832
371332
652434
197111
750339
740403
788267
822260
517856
961572
396184
609092
110275
200176
853835
814144
864924
284324
492089
487885
961355
789429
101821
875261
983291
160818
653222
137647
620344
920722
109055
196273
657134
214539
890872
194021
990719
777316
603830
150882
161473
843683
765396
343601
650450
200000
241748
847864
722520
608251
719622
218004
146138
945385
238259
332095
577172
603241
168614
972273
558651
854676
232152
806242
685614
359123
482199
197357
409428
388011
523891
334289
842904
227219
390245
731249
461182
876454
634300
185883
723777
978740
442564
994598
279562
346803
967605
291188
777295
949554
974326
350999
779173
345646
363436
308144
724772
167998
710499
233074
771254
435081
246711
644709
462139
673112
536383
423847
319836
657989
978295
750957
605929
931666
443561
995975
420913
301751
422583
686657
150910
846995
804072
328773
982827
752643
239885
701854
212643
792721
535246
484248
367960
105124
871573
742147
456444
239573
183991
373238
271679
813442
235194
521425
889861
412603
166728
432794
152291
226233
777519
664361
896278
143150
601778
483071
730241
905848
293103
754961
340833
213936
968589
849539
837742
730239
409890
401263
243184
535375
446719
126020
636539
710687
337177
945003
259561
849905
231861
436805
476851
608925
169935
722449
652140
369481
109798
563850
683129
311760
893511
171532
854672
666206
185525
883191
284941
282398
876338
764556
905931
774730
355533
493108
707461
120098
511208
981632
745801
832153
337988
730955
133493
405224
798251
381820
237746
352069
991066
172904
419273
121231
215209
928148
293926
652576
463513
747064
517928
453573
925113
632862
165697
455466
647380
578122
164945
400846
280218
568148
601145
477046
949033
455408
137118
100542
312249
846575
512445
980105
112513
536478
354117
289625
850761
335372
866805
139738
244301
576906
399827
872249
798922
980267
175334
591635
969704
344138
361169
382952
885124
444714
881069
257486
639897
371160
533441
772097
845035
578029
785953
565112
995119
941873
717728
779731
248538
899193
146290
744816
705061
964433
553891
191229
859578
508212
633646
383880
736957
322904
219803
383123
314778
519431
134649
649923
888167
139687
397619
867127
270485
944251
978993
696277
774297
449059
703790
442336
449041
606015
565170
453702
633493
913393
314411
930070
627548
240383
975501
125998
121192
331608
209571
896211
340399
894702
981232
656250
309895
978305
931079
595939
285836
513981
834627
950053
328785
817242
743140
274148
660130
676801
437159
410879
432369
384398
779456
134086
423237
936656
377878
322217
612891
293742
996924
524236
627128
782724
400456
119031
442892
858858
500273
210569
968804
577014
681834
663148
950701
390072
198389
649603
947584
128419
872966
128224
477102
146444
380213
593651
797097
986186
541919
784061
379404
589534
356122
679139
664520
480844
239059
786365
388557
398471
308230
247342
229041
710858
129657
443438
553280
644867
548502
648258
799168
416714
940675
747053
900863
378831
132031
492640
814299
934034
261979
290766
662798
492236
560306
272155
306868
754283
447398
410354
384859
393626
375321
469492
832230
802782
635622
844270
301534
833181
896346
292548
536725
192442
955665
800906
734616
869083
187601
268114
993648
868684
683261
645631
173429
613852
928087
713400
283408
946020
685590
875064
788811
313608
501887
459234
718520
672854
899043
776689
231547
387276
682549
842766
218132
935158
378374
617115
923757
924788
504543
666444
517404
863226
295514
495925
857525
924146
851134
228894
103888
941212
273813
107156
257394
786325
456427
228121
626299
899541
565093
117755
458091
301586
436796
571586
487281
732675
178069
600867
734258
714143
978654
177970
413586
557315
886374
266964
111427
895442
828218
120498
330247
727958
944952
987081
536067
178085
896593
573087
430434
262656
353760
507728
454530
727253
839202
714054
348512
109540
202577
810887
233531
624190
499105
349864
340007
494665
845237
188672
649713
935168
647551
196119
861898
296247
175987
737277
545746
880221
815750
352663
731138
792634
348616
108755
257525
743544
448059
326045
636244
397309
846735
362891
262685
876694
494460
661171
293615
968624
641243
707388
540117
795136
390050
157297
238060
964067
905370
931058
362899
542495
704094
457925
942830
898792
194129
637962
122007
642334
108732
123852
912834
402900
897860
844787
132554
647244
388068
626998
819677
154109
422860
406509
808673
503158
799126
957061
351810
992637
212800
762157
296218
444176
853579
223757
602811
122157
885487
576503
970140
989485
859737
926581
576093
373450
790626
476002
492888
874690
495213
297589
946278
316788
604156
792247
391531
553159
904111
917046
250368
665289
915803
700370
207355
213781
228355
431060
257917
254702
785206
569375
276088
515624
169029
216158
176794
555494
908158
211261
429082
692061
409513
786548
353246
457688
390911
341054
744423
201269
828450
145704
810618
400748
663294
856900
960939
519184
358874
298333
442056
377486
914010
337669
424639
683827
503956
902027
833261
416042
729004
588488
862884
645922
351215
326648
480856
300461
862601
895814
331495
671365
282339
301311
237347
648298
282428
421353
300413
688167
570691
518925
546191
383442
303086
896047
407525
819409
994938
665086
235817
514586
514656
370215
297003
353555
768240
673028
976745
634200
239501
289106
551680
564699
691077
454176
918479
719238
716779
557475
375172
719452
455186
351174
530150
888253
369672
564415
726303
334856
385644
475517
582915
329467
179438
265597
463681
666838
502914
850332
378821
327837
758497
664295
915495
448156
642460
328238
217492
132933
672509
270551
987862
736756
687548
754222
810531
240340
337658
554010
465631
433211
407710
575371
590767
471632
784586
158512
402716
357581
307673
578053
570975
436575
701303
176521
490191
861066
851644
876461
512132
679018
270343
798953
243911
437108
788564
593065
888536
602587
697881
747684
142299
704718
725603
398573
167360
454654
431047
452738
108846
491326
761031
959938
342092
312611
962212
789628
462636
751595
979643
180898
597364
548922
654589
130172
908649
629343
319214
625753
172154
165877
413434
220001
220870
203813
626159
690277
294572
915657
625531
104984
206701
455307
885379
117015
566912
222348
870140
269347
621490
382625
318346
708560
787447
381656
795379
688181
411953
517816
515295
456068
405564
336262
950191
802484
192500
368420
672598
145401
421828
994388
828920
574998
164300
711354
459358
631848
875726
906271
617491
690659
536981
230738
794591
422779
600482
960681
525949
363513
311412
278181
856730
902925
225587
352051
515885
403138
583898
154191
657933
650285
569759
644963
694292
665407
299519
782829
770446
193018
558507
855999
457789
472224
498345
942112
528173
566727
871017
977872
876911
565609
155845
990952
995156
402552
556179
741824
440744
358543
945802
860106
620968
639747
881871
323995
889185
942168
859707
386634
460231
310576
961642
370481
293774
412414
745091
412337
572425
420665
599839
263026
327325
863180
238168
154567
296064
176458
517391
763312
237747
636447
226330
218073
359802
908225
445960
295040
556532
362981
143314
279124
693531
868206
817217
963960
387098
997697
141462
923143
723206
862164
262649
798706
471002
870724
532257
819749
457459
584998
970492
832263
200676
405525
618173
192128
813591
105482
134624
491189
790657
371850
892794
281679
418337
397305
515841
816601
638357
881804
742837
237640
450712
236540
755915
182389
463132
633751
984564
856198
928608
241072
942958
564875
781774
541174
792550
525283
468852
448035
717385
810335
355708
197835
700582
222078
802410
334932
212033
646072
590610
555492
188982
517879
726740
161078
617960
308542
902261
745703
793510
822349
901531
164141
642456
910205
109092
260102
308908
743142
519556
853518
953559
586817
433625
770891
566218
986343
660716
623811
803955
703544
535943
616013
725709
551863
593005
541349
272773
314354
574363
398168
258089
632864
904473
794367
448815
116292
381564
545673
360416
776238
488251
772529
625919
463040
798188
678383
501146
637325
704795
427018
816780
907005
729158
914603
947724
151950
694104
168493
614453
978101
497664
626320
777779
365666
502701
510604
760391
715169
389288
634755
709687
684413
278958
590575
938741
968287
936841
467611
433706
460116
790506
901070
723935
135468
804517
269089
191912
880927
631400
865074
828846
748458
849689
840465
994615
730231
332108
194040
538547
608891
260606
207895
662182
903704
811216
398573
123949
232099
762115
474547
112751
276096
547469
901938
471970
440361
481366
885333
282614
280301
916146
111897
392290
861046
507642
385536
799145
160963
407433
462981
704648
510931
581552
646666
164415
193379
369558
964270
477050
188495
723664
865882
795099
963669
394297
233114
528838
601463
827534
198505
776393
362750
229064
619621
223909
349436
291127
252097
494909
320874
648824
767769
500570
952112
680467
274208
754328
238179
481299
204918
282929
382056
358946
189046
364324
349527
200929
808363
866626
585562
555009
170370
411637
837589
942689
301466
229485
477984
781732
249880
312327
214000
362894
324119
103612
509204
264859
446589
503748
770842
978940
462761
791558
412017
660879
153769
949725
408490
953113
307463
202280
331416
177155
804515
304814
300406
217455
739772
184395
721959
432373
916488
397468
424473
694942
592132
704931
299939
390716
394661
345720
995117
823588
481772
448972
881999
300489
152439
976634
697394
714934
428405
623725
521074
800104
755954
437096
992197
495142
804592
273558
633013
498781
219446
397391
464329
635676
824546
607779
764226
102313
300379
479462
381889
629343
385314
243576
618566
584773
815782
135152
648499
207947
201750
355748
293870
437315
787601
169399
467942
982426
164249
470432
201005
213586
580838
356851
847972
311677
727959
572911
964596
735288
323620
709251
198488
881410
689647
158653
328121
334967
887192
627377
864241
343085
385104
576674
463120
362090
423013
147792
522109
348128
464284
158558
804948
749831
775164
478878
409966
968725
127879
202044
554622
824796
977924
824452
245720
557056
734711
356561
993708
149075
683347
736851
755152
496207
665030
562235
661019
883248
962354
806502
554414
859627
385787
988388
474765
557903
849788
209284
380299
120631
493908
282942
833860
644232
209566
768188
242531
922061
150751
187365
569892
204941
442649
689064
244532
707494
193788
811042
249780
838632
878267
524813
343453
751216
533756
662181
458525
161087
206025
454231
437567
323639
537956
923496
370761
865394
741912
345279
918399
730014
244106
192688
674149
960153
488878
687014
432641
124485
666230
379020
946495
115560
191333
448857
111534
380674
906722
272438
700487
271692
164456
307276
556110
181738
223514
331087
910226
698252
121204
184225
857134
448039
947773
237764
923506
594378
719160
186880
164123
416128
445977
415565
614238
405442
490836
552830
160901
301430
932882
748266
575568
134984
276413
322040
190813
546723
376891
913638
920194
135819
362231
773046
626390
501722
745850
618582
714863
832182
923481
881450
618471
365068
649992
339480
697720
781579
455244
795920
939526
773887
314542
589878
318268
977352
186988
712590
177870
965526
180585
327842
135453
945923
295429
300115
878714
111886
242631
699129
223522
591919
177590
960153
236423
600124
482439
551234
428943
865847
581521
885956
188981
623153
261084
480206
173422
180384
560568
866754
173222
753112
817674
628951
907785
235369
313857
783306
621949
719732
123815
774659
390668
380523
667443
487519
556832
303236
194235
234047
240935
765722
797798
722412
860246
737825
528352
980870
325066
940932
223303
170792
670473
149116
594562
985977
355207
259118
621617
487793
157413
418306
480607
293989
412724
814364
770676
380274
485686
707545
555399
874946
386085
751144
168529
597086
309710
949762
111964
323505
263477
662759
635387
879700
242012
365463
587699
167643
582974
169161
831191
868635
942133
255980
638513
164438
288827
436951
271516
551909
659246
506415
156879
876544
997133
652661
868532
106829
644863
467497
716246
103683
164915
946751
614872
913338
959617
766780
597603
573618
452719
659341
764120
514588
700624
164484
452803
893768
117352
262705
128944
886700
508522
566169
757880
285005
199938
611989
163987
571117
203022
794409
858833
417362
809543
227167
673060
585615
687326
676383
226837
854737
776193
366222
382359
602248
824252
689793
706777
733008
703388
166620
563828
983099
583280
717067
709828
794268
470792
694107
476788
216403
194207
333238
850898
701808
426517
763066
552353
473958
921077
680469
101774
543917
204310
247679
922970
784115
207548
584020
393045
874529
895134
450957
166604
361158
591842
217177
695033
252002
529157
911517
861497
296113
262583
957125
296700
651762
395490
621061
808405
621842
433323
227057
914544
161594
940786
470358
830787
203346
304820
996403
883165
981808
751376
657815
105692
286497
836902
110840
241979
819795
623994
213805
810951
377437
191928
217929
985107
540075
926226
913237
211074
697961
299013
353960
912545
564556
671226
189317
596311
160664
454536
961778
178388
392689
203286
356848
774695
741953
748894
805308
255308
289794
388237
389377
125410
963753
617095
837431
751387
880880
509096
977340
307916
839391
775589
911501
920708
532822
513009
636546
969562
606072
593180
304483
432415
454327
910837
631691
422098
835897
899024
431287
153266
320996
688738
414251
330478
683851
126665
854050
747320
262645
245577
146735
888249
835046
397073
716149
464158
987340
164284
552607
533871
333672
369588
286941
804320
497047
870128
990587
870689
554461
393502
352480
872656
762797
577052
714912
569263
585974
622528
299614
563343
958349
982328
711682
977035
391251
107692
697011
690930
245732
993887
494449
239292
984924
730516
893777
736317
925413
609676
890198
652184
801377
363790
324424
848555
369264
517472
641748
630728
760287
970674
817184
144547
921901
574330
852137
712999
855835
589465
742427
991300
137776
726589
868108
724867
669478
859520
675093
492506
429972
755853
387374
798874
699961
787106
738821
374117
429602
234129
393019
419582
569944
457953
208923
756825
343433
486194
963768
321969
824337
316766
502946
888248
646373
820218
570276
571593
581883
936124
927165
589753
714329
889174
967640
101420
613529
304832
797035
106212
660406
302644
733065
242229
377879
292883
206788
648755
743668
906181
688195
476333
153801
619294
361691
355347
740950
456347
174893
258706
399376
311820
146748
373216
381256
549612
268937
554482
229846
820235
670957
981964
526690
475309
924562
819792
478414
408650
507854
229047
292579
929206
420093
315134
893271
819196
813946
738488
901752
104612
475770
667009
940952
793780
106470
800338
814004
652882
502195
635792
647651
443143
576703
164767
275639
452702
273257
851797
393779
295692
381517
307017
965226
772682
885820
282985
903631
416862
361300
357867
387519
533304
906945
587419
462247
594456
507599
236788
882066
170220
826923
593194
858035
883127
235669
686755
302924
737902
104996
503142
126393
620124
375926
346731
242012
292165
229714
431506
677798
896135
982301
928272
443102
446428
204597
476548
158865
421596
880941
342632
878614
586432
763877
359459
697084
553153
795588
649659
609715
620767
418741
745512
374164
520797
796285
604323
925998
597130
390165
588637
986734
492667
584967
559628
868714
514195
463049
446432
919978
799556
336177
239636
515091
472367
142612
746144
893362
174568
210016
809548
328737
744821
508370
836542
368857
841269
513204
909780
941108
668445
685239
239533
603805
154653
717577
443138
227223
797282
246802
690611
477798
416565
959345
915963
329246
682848
751534
697925
733831
707024
308636
134424
773737
104213
309517
988014
642874
109575
746705
548259
745505
404899
102541
693576
175078
395635
297780
901334
631320
733708
200421
791520
372730
835985
205920
297538
917611
756436
461190
589494
777456
363389
607756
263941
207041
406915
462363
953562
571949
701975
411080
855058
542218
742496
864043
495664
118909
506976
896222
323725
136034
264758
143380
145996
296153
533533
211219
273164
516013
520530
960751
870358
654530
169715
733637
474678
648762
766114
754193
540007
678948
868968
517164
789991
390467
700919
664325
156330
884054
697000
507674
231754
323689
927299
415604
159515
867127
447549
445469
117117
451705
349244
871519
599371
742608
888182
596698
962000
104107
761623
774113
789145
342517
481760
741137
812837
894111
670061
751087
293433
857189
687919
676669
629361
865280
968792
275257
987473
735784
571574
253491
420217
214595
828502
673608
829047
350190
154282
931391
980310
663142
109349
349440
679380
956148
239106
196012
450769
510931
405477
775293
427267
878015
924953
374170
602983
190652
873977
694391
148977
404288
963754
688103
347301
296318
321093
105887
512319
656880
127923
770601
967180
804192
651728
561537
419835
390195
361906
269648
252398
388082
898499
587362
167114
271063
808650
883462
468782
298608
903561
376034
151201
709075
643839
844496
421412
781119
624460
784760
524486
728586
624181
602059
489398
387948
456222
923194
893235
167847
282772
550993
217440
649202
557165
901108
171347
699552
439398
535188
189452
428658
924460
418189
655427
569718
592535
290207
685338
126585
126576
208776
458546
507440
308916
491994
591129
216831
720304
922878
209504
615109
503212
988260
645707
460516
139780
836422
664386
321488
117841
598776
154597
754452
435687
964686
135420
429883
222103
161483
538923
706881
789141
965728
103013
791223
872148
123497
414936
239789
348045
828640
808134
855551
631326
986269
278068
599551
888623
649835
543546
184155
175727
143143
910555
589802
404030
955767
810191
819640
231076
287941
253724
898667
912510
545719
244068
538450
135481
771309
590327
820457
465878
558902
422216
530027
172654
884782
289438
615413
847087
905464
342753
502611
362661
170132
543124
483689
858900
247294
756514
289728
499392
801859
563440
313163
577008
251040
846418
246613
884455
589433
895162
850760
731986
512882
456652
793852
630464
208718
759277
877211
724139
804897
469785
845773
610453
966292
722291
209605
233453
811445
306519
501767
914833
257528
248044
319956
149614
299439
944021
290676
471426
835169
435526
895166
562851
384266
760724
571655
312024
517582
775877
699588
447877
388283
684039
504606
473508
376442
981628
476594
364878
258865
479763
874081
441754
620761
395570
700603
667036
691511
995055
563651
957839
989626
114814
962143
504365
436400
449445
209822
260666
610436
918155
352614
411681
910712
980527
235193
763158
364763
381716
554755
871771
475015
714842
865219
837470
648345
672072
259379
800511
851342
626629
832150
194320
398295
735751
459102
189301
907897
753858
931894
591946
160899
705826
717970
378660
277229
198036
332978
886960
579433
971742
502317
257975
708777
984527
582271
260003
406829
301937
700305
531579
133158
978331
175778
740170
340812
962691
938063
437438
948953
399985
409796
775725
625920
374254
111263
211377
280173
449883
583773
787604
853851
865950
541763
562695
144460
948824
257707
941708
983144
160146
208489
174995
219477
802805
323257
453377
271726
964024
559400
958413
586180
969556
525435
369509
602830
170516
701567
708941
982574
446120
711342
868551
213282
523929
872122
967886
560644
834935
269242
936028
245246
387469
281391
628972
997837
514230
808881
689210
539505
912969
115483
564518
585454
122096
407887
997719
307330
541431
564391
471260
603875
771039
818105
282798
234452
425618
493830
602865
368644
924337
593632
264729
516612
854088
882646
123497
232803
161123
621917
481911
343848
206843
250396
353516
361514
429609
132020
535047
834351
388091
146346
385121
468063
103076
124307
512139
410565
899213
906235
771603
772418
903241
489041
620006
349805
809671
494867
463279
132907
847040
445521
171454
936647
273649
526976
883171
149102
461922
576350
948314
756201
250724
265117
222977
301304
920826
431119
591331
800072
312974
466732
846425
377265
416389
625794
336263
328366
251052
276761
434178
676377
724657
923201
829745
230434
582671
740859
934033
173676
628033
422210
178898
438181
525463
372084
645311
328448
938886
682208
155451
384657
568986
487950
282502
267140
300583
862053
414880
586010
560029
455709
169668
919233
988698
260066
846357
164942
858745
943489
896631
149082
288232
299570
300020
656886
425911
846466
999359
353645
393324
120316
201333
492725
244468
531156
431455
565360
374388
488016
816756
821445
705917
322771
717276
542039
393182
722695
850191
813855
498643
299557
295995
191146
622236
704996
845413
668689
662152
904957
888711
868753
373328
936631
852087
981159
833152
937715
544936
996618
523920
143958
480809
612260
420113
928558
981388
797262
898338
890147
788770
237095
945858
953404
609761
425521
149856
933547
332967
166441
397263
793814
155608
747745
655317
384355
204867
917179
403395
856767
359076
216036
124670
743275
986338
591722
902715
852611
562264
713532
376426
383468
676177
434941
161833
160666
403468
462404
109562
615515
457888
917171
537615
727268
499544
170801
597697
719669
814431
683878
921759
560011
217975
123187
612260
867491
712419
659244
550209
367974
724261
864019
381818
915509
133218
900498
541133
530770
928641
412661
438636
634408
313522
273537
567980
759321
694091
699797
605366
486754
641710
255036
376986
320012
828998
592203
507460
500850
657520
100925
815207
583050
962135
926313
561749
437490
863511
806716
592241
685625
772643
556377
943931
935303
648995
315338
736778
918217
472725
265249
354873
468573
741939
924431
453080
959254
242645
505088
602723
453229
736013
980241
870895
995012
709137
641008
680384
120344
303574
575407
293113
241731
449303
187396
441515
876074
456405
430175
569774
892554
294648
373832
938381
443354
914036
420789
300891
962717
260455
733830
388516
755334
240574
420573
189311
685896
828728
694493
920031
163609
808834
380798
677769
695907
979681
406505
186912
989127
392942
709718
515675
461806
297851
274528
753816
957773
640468
580994
478953
577556
418433
156529
559405
309523
943111
139637
660794
713897
599023
114916
293782
295723
615518
651453
583173
834446
713603
292510
292477
336945
563376
317827
422069
462153
364864
749116
211932
844202
106614
603273
172678
425359
267686
926100
256160
745607
630765
563179
909029
414652
928026
728825
117065
363489
652944
888480
478098
625751
186628
307478
498887
658012
426785
206969
326913
645777
443051
241167
273214
614406
692384
429726
417396
403396
512346
389349
324098
501462
729490
554101
445378
946773
779839
596400
294395
212943
582619
502236
899443
305587
423430
859748
401058
475740
159876
555564
278466
795576
993953
127630
968994
550131
226965
592470
285305
863845
891875
254838
889207
686612
364603
286247
287991
549255
417183
472765
561265
663177
955043
163429
121485
745814
172845
335710
615602
665061
126300
522801
838076
262290
829862
696206
868747
922983
315833
218052
772472
732966
959010
631261
701443
876278
888780
355636
820199
873959
283841
900724
610415
633187
558732
338126
183522
732084
340286
156630
997050
778252
440943
657083
811411
442580
479453
112481
864318
156469
749136
515613
351637
190013
700222
598252
695817
535566
132553
730704
195447
864553
172582
860392
338649
949106
305178
273643
366808
841376
486397
220609
548448
632195
818176
652766
664428
530450
742538
396636
967616
202865
478558
206964
925077
704316
180729
811224
718766
357778
407799
209168
865162
161472
751253
633903
945331
537160
736849
280913
746227
544847
472141
469587
848006
922176
618867
513359
782250
856800
871986
504371
943474
296847
262983
605821
294203
464823
557815
791477
157846
149205
228056
548487
620452
267809
686927
345243
102368
260539
523956
155155
391253
361460
868243
690528
768240
391446
563115
412065
745489
506097
777465
184698
968571
603811
580751
337069
994635
667811
876573
950327
569413
395339
136561
366473
274985
526751
481051
580577
472101
962110
766025
223845
890724
836932
598482
392604
696708
900281
958094
526089
502309
450106
176482
423717
661982
816034
959770
143543
646121
980692
105006
994738
509630
708168
100167
684683
990622
190768
269947
400054
784102
967397
465875
500284
696067
755219
694510
518555
980036
281630
293503
699098
988747
246159
512530
934439
192734
439743
810700
829072
739002
862110
351567
156282
463463
951104
525436
974657
515302
889766
883475
464684
992582
540580
592055
664460
502806
860852
449933
982993
471446
861655
399298
830281
428422
483299
240652
198006
806176
748269
506921
970795
599041
961908
252868
646883
542402
332424
260758
379645
978149
436277
354600
520120
290827
420880
611799
116807
434178
179228
124272
359345
834268
868761
772923
442505
816987
676619
812821
818244
143688
744354
304053
157052
139746
624555
531248
923424
514772
223506
251447
322837
296831
215154
887102
530094
373527
510075
116216
324675
497610
213151
840542
477393
798010
440217
452462
255054
647596
627706
212496
642087
835929
566514
573556
488888
560354
788791
267799
677255
390304
131124
580869
925661
876729
644881
223256
332162
174383
656763
179518
125332
441426
124753
252824
254979
606902
500906
341055
590189
290303
247749
558178
662513
767416
995759
839402
692658
478468
792619
949022
801738
115276
492641
966434
676104
436822
554214
502362
159464
666071
293635
894125
939917
686303
422597
456517
405725
817202
772384
811826
151577
414359
648640
786958
570999
549226
633422
714363
279903
995788
407228
727049
433758
909338
508909
188788
894538
314811
599620
388425
437619
653714
569607
690761
842050
522356
585103
450343
562673
737939
554063
664075
449126
444313
494847
392601
356014
134096
481220
623019
818322
296606
758013
869851
255032
229263
769261
879645
745784
776938
845216
586793
962105
914373
185915
269014
588328
980981
541989
212098
663476
722301
518348
841742
213929
460903
508821
990790
371144
815761
143364
155199
631775
277503
343716
226905
585610
639791
475827
789987
585157
159881
185389
311709
565228
293556
759764
925465
868882
806918
822841
755099
235162
335156
245193
272320
879734
435751
851639
875386
563738
492688
363618
726265
613275
762642
324418
650246
420841
611389
798325
698665
748870
335579
897216
297546
118306
251523
575588
479700
405365
203180
180063
498357
120311
769339
203324
466147
799808
943549
859064
818201
956823
365104
449810
865950
683353
266619
324014
347334
260521
376062
526277
474322
243822
855301
300973
257171
121549
299318
814817
112364
234403
794441
229901
488533
490239
521719
852632
352508
697627
308043
318253
872358
726133
710902
986120
795795
643182
124671
403418
889311
628670
259127
133465
937476
236465
400297
799496
267645
143618
482704
655006
952038
487539
679652
367829
997247
964998
738156
897009
545295
656731
676471
567178
924837
979463
580358
763640
638906
274957
854081
162715
685650
805627
987273
525348
845090
702692
264525
327524
370347
718069
239479
514767
857796
174871
668510
852971
690294
683904
198110
738235
859936
224277
293188
834691
332475
814784
886083
882359
949144
886090
584837
664996
963270
367126
554363
947771
846384
662330
640181
279893
749378
789466
306573
468072
981420
265187
792701
897701
986687
355841
951793
747594
708948
853757
436343
201419
407148
262454
444499
789656
138034
867962
435951
872778
828381
433794
912560
662288
951697
741960
253539
631473
857093
881797
665942
755293
929056
435211
215460
844501
807837
787132
980616
991379
785229
263302
186451
388726
269947
691707
728888
988334
708522
547537
428324
757057
500091
360338
441323
766424
114731
636801
921853
437834
332377
916554
556600
561730
249701
831684
601431
498959
765620
542023
795720
819400
905744
498564
123420
815674
285357
401253
224919
883055
749990
404481
710567
615165
910405
957180
156209
445960
191361
470105
224070
158485
602530
738653
825429
211116
641376
139042
432027
148136
356937
649908
639669
911167
775650
711179
741014
365801
266309
588614
281396
827119
540104
962912
521372
865041
174078
411506
760934
488499
458999
484325
812739
130021
177891
671890
662386
559310
565876
690744
650259
518708
599040
472216
428115
350475
429157
376400
455173
525688
508296
621811
145234
227776
142518
401474
413895
831954
761355
360905
441133
349197
634545
444248
786902
694543
593600
784124
923539
235676
815812
300666
434723
438727
885820
321703
361925
657664
660031
957127
531662
331450
210713
257088
226262
564471
411411
285210
416685
440563
355024
668309
935980
741290
481811
824743
140773
927047
162334
851185
269308
486538
941174
743804
515631
388212
552162
139509
826449
350290
659634
843587
336500
619716
861853
640737
511652
718441
224578
601308
807569
437801
924816
311146
664069
678782
319425
675877
789748
818080
927009
957539
861616
164428
391692
885971
825660
635120
310197
906390
365017
543221
228260
586584
593148
504778
627479
640618
763008
982537
639721
447453
791384
184616
626383
993820
647293
294878
985503
872646
172197
840911
620684
868647
639765
119414
187916
330099
921773
529327
209978
331838
286753
364574
595895
840987
646121
941983
150220
563662
342958
429579
779274
225936
188772
445827
444659
403327
838039
979868
684561
442079
279550
537480
526435
103601
157101
289053
475385
164367
811046
314692
653813
989953
566863
774592
314385
304671
676638
935544
607263
450243
891697
595523
323979
824969
828827
734383
861789
390087
160729
976526
374843
158595
111202
307102
813611
295798
412764
602996
471030
288571
696524
980900
353257
153331
979333
482127
559028
329336
246722
163401
976981
772764
804110
155749
265807
434685
654688
649952
375123
961095
623973
162247
972481
933095
606774
748550
806760
739432
824104
404462
445513
413387
625186
500674
207066
571815
574952
618783
101574
148795
226134
566629
311025
411116
449289
248870
118682
488704
698392
690153
534105
659925
328832
790587
494183
721246
621436
202996
879997
954843
499827
722849
363189
337877
561612
559603
103565
165619
173500
757828
612778
977243
147776
437665
135480
548712
696294
940824
943280
136612
352326
441663
561810
444579
782286
948478
618642
772669
962234
566683
116751
541573
700995
857537
808958
112458
323502
651211
660325
883433
815717
572530
947044
788525
745923
387537
157486
445381
482313
507569
623956
427552
109934
158422
148227
305031
825043
360261
670116
686742
932883
922704
429537
399321
368153
616608
321800
149312
130317
864638
106503
118303
351463
143038
876759
454692
290212
848392
715382
281781
915989
907108
714476
373765
535732
368769
808047
823891
344434
540098
666018
340128
239564
175207
312408
420267
705500
634067
331543
987434
197420
555807
769783
261447
681989
817146
526953
210836
602469
487739
752564
611501
426927
666341
366683
925257
771869
704277
444795
196892
187184
422027
743280
186316
605192
919059
286135
181998
361999
954543
620558
117693
190511
729443
953144
562902
558532
135964
155869
613810
151052
307037
651214
721153
134011
361032
509733
175360
557643
943046
146762
110966
240913
507571
544947
514321
897515
313833
906883
297336
338709
667559
986803
497132
111098
233501
183535
475392
751368
980759
721399
545458
280860
552004
987845
296261
239773
177889
950638
308220
801925
187271
672929
300373
979033
690990
301901
942912
527321
654876
871392
528283
309427
707407
233673
990571
958610
833634
586847
143385
824244
551999
377083
673254
635322
774561
287103
644205
447352
882341
254298
648275
217580
473517
434212
976781
180043
616560
744003
673999
796951
521666
285649
691468
147405
984347
942964
636047
607194
218310
181965
424437
911982
602280
168428
542884
514057
806507
691712
326732
801617
404903
328493
380569
910694
270092
535766
635506
855501
431726
437178
865201
537160
119468
159002
378655
420102
868831
125592
933772
406327
414780
217468
286535
838040
683207
195280
940800
557101
301172
699851
145752
818284
384186
392139
391297
446262
801463
745435
123128
768737
890522
468148
247099
955920
865585
865536
652392
220836
119631
788122
295412
967179
452057
178352
874213
320791
233582
705322
474253
297514
170449
736933
989635
124621
124724
693784
713791
570560
898147
555960
826546
633323
149098
736887
374144
630291
687139
430887
203899
101161
966880
544348
916893
970908
520273
786351
881474
979503
510483
937278
288607
289605
622518
923729
483747
549784
280617
615256
192840
609993
739043
758865
792598
182161
480688
582245
352949
275638
392375
368082
287980
309338
739013
891747
842331
777166
193400
635675
895377
803875
479881
864432
783883
774721
445878
417268
417834
830512
421291
643792
272688
641075
482765
777513
687350
399958
799042
664356
889773
756028
226465
789765
854767
843995
777330
334867
187969
974659
279169
571416
762792
784921
502980
500420
252228
653474
575846
962545
126701
699162
337551
843778
936073
722437
213426
195492
382184
826333
252244
578326
746204
490218
364340
285797
623896
664815
661755
388048
888067
730049
385184
656203
758617
242099
443736
974526
898271
279180
492889
547821
982336
266970
231626
747923
348713
563360
888009
858631
314142
740555
372152
277537
566871
666114
651557
942646
537274
351131
791508
908734
968086
811595
677643
861271
464601
584758
841273
636547
747695
559620
452484
458156
522967
395316
963855
813447
824004
256234
465476
843414
693197
649603
796131
577288
413457
683530
220551
148283
772523
317540
324145
879298
841709
863973
256244
876609
947740
827685
721724
696565
536808
794477
544923
381585
540742
958443
797842
734178
409516
692710
539352
113492
545417
772331
346282
100750
254399
903525
603983
286041
653245
362955
873287
199326
682333
772308
872655
651180
463734
513926
756724
243353
759519
272043
206770
844352
159169
261477
406023
281193
840888
229304
533817
889766
672230
579781
158944
137977
544532
962520
854289
546675
367141
156567
395528
144663
420281
359131
463282
513853
680155
524411
675796
650515
677063
736195
109436
667966
985532
533540
837218
850302
572217
685764
519610
263279
961944
397014
177368
400044
925828
558405
429504
998574
682840
826411
936042
671506
630837
490686
460175
809944
773727
391081
329170
408423
168789
976152
333998
771663
685771
741580
262839
454438
302789
592879
111695
336148
884659
628386
792777
300714
587268
950482
616114
141581
289032
850250
765248
301713
962470
716161
550842
302112
645430
800596
320834
327546
427452
155694
190427
129398
267041
899427
785083
724774
214896
723996
252142
621656
555786
826093
612100
615001
743911
182339
887352
951669
152458
981785
772286
220473
877887
577897
979721
534042
862547
717887
537302
254990
399344
632457
937528
521303
933684
312011
105537
554848
560813
957744
907465
856032
713779
651354
628830
303612
842401
718554
182185
927465
978066
966587
984152
406127
762324
843833
251374
480489
333004
998415
903235
156776
232454
596558
749177
676151
418166
994698
224956
686138
889808
842701
687669
385744
921184
909679
418668
475927
151079
820701
215959
193038
173556
187702
939747
705045
864794
709045
857117
321745
773939
652969
661694
164269
469457
786720
597617
255450
883548
484385
334274
922166
593486
975033
375973
368363
427079
346062
320032
253454
945709
953519
315510
635240
648803
670156
193361
155025
773861
215746
670668
255416
979870
772239
132186
108351
901574
272899
499413
993955
268219
605591
122311
749466
958458
563608
447534
979765
350938
634395
808560
524645
126982
648629
251356
282841
136021
117026
351064
604677
557192
398979
634508
269087
501439
183813
344299
112099
547128
916412
629401
203831
287685
710063
356477
687080
751816
287948
802628
869491
615310
870204
238223
731008
935526
163825
810683
152936
695741
784284
307595
879447
237527
279708
146100
330188
156459
485297
398181
671198
492859
916686
228112
964153
809455
758796
380185
742918
932173
631099
517755
455144
732631
779603
660081
509987
833282
365321
834728
102647
523406
956382
948862
329162
765126
332657
738582
804035
335190
277141
967900
547570
743588
364445
246383
357710
734029
390163
417840
665943
926205
336136
794854
683193
469769
129702
391307
354674
111309
791105
578710
302826
665693
376971
502117
122209
626634
372615
141191
190952
972500
173494
697060
263333
332742
716109
916138
211385
652755
315976
796533
654270
598058
970295
915865
543274
137784
722518
145487
348529
184091
269947
572634
298823
946239
294825
271861
233826
334071
629953
368763
522397
361433
759928
955538
791609
126774
911107
274708
781951
291668
854607
973436
342753
733322
749229
724330
116190
926712
823050
162259
178564
842977
388829
400872
973103
104870
301370
437888
353968
415648
991779
476485
929001
153785
131070
872120
333204
539495
304738
131682
681923
285030
155563
963545
381059
383153
748749
863275
344602
178141
836261
265513
278255
779762
130474
119091
116968
948135
981539
839068
801870
672249
836082
456314
647470
600199
491470
142732
104601
789357
649614
807528
514346
682011
297601
625952
805703
257554
794939
142032
133633
704699
538346
569991
796086
502115
726599
271728
783990
374966
488935
755740
411138
533847
631505
451469
684944
659033
418122
298209
530059
935837
472524
761913
482232
517673
792757
764934
453523
907745
541756
224751
492408
416517
420446
134688
395709
335495
968694
612211
987132
717415
387148
455828
554223
932525
844580
961651
124116
797569
622711
351435
710448
854986
199871
879338
555984
668034
298507
122269
536394
446995
461586
980538
856450
474481
321221
764649
647144
816914
977917
227503
677599
389230
413492
294296
737433
159087
896239
249984
380125
762005
755384
282015
896171
297865
431371
562703
433718
402140
386790
484379
257392
456763
803171
538949
232772
134097
455522
723092
349596
142489
303583
928921
616418
365854
123364
990780
271812
299794
427671
924328
203889
354247
142835
636783
806015
953549
142196
578523
510511
316329
966444
417171
920905
380366
398963
992646
927713
968986
380987
162999
279899
808720
880769
598212
778698
521325
528095
309621
494420
329641
364511
869374
584369
661132
137098
235153
846322
909483
318911
199395
318527
785630
502751
611929
116889
456671
556196
701615
311934
632160
528018
299844
970698
185545
696390
181670
466970
514830
244235
272789
947244
980105
137547
553111
480931
692345
562178
937464
577959
869238
972911
428923
549033
728175
868388
893505
950020
802946
760924
846452
886398
747863
684044
887441
699789
705146
601810
826929
657207
266868
636330
667666
395826
114373
707424
502310
905579
770752
136799
220056
250914
151266
887656
289302
976113
803088
309726
341439
710285
874220
804126
968747
767270
573907
224813
267633
323657
696983
599337
247673
937572
234132
322081
260671
367145
546225
942081
250496
400684
244022
600645
713349
152103
908580
161646
760553
476733
641524
797363
585960
470234
869904
100655
222150
524633
880104
783608
524984
473120
171283
422416
831027
479846
959523
303700
987504
194517
664514
279954
389529
917547
670670
794711
995699
906330
914959
483302
715111
423566
240113
835397
871631
758255
984227
897554
648921
570940
295306
516562
564379
527768
999714
577130
123795
552641
935347
177991
531001
901882
452236
667927
693669
339499
941854
263386
419446
335743
872087
750643
734886
170411
473082
978841
775751
891214
573112
575211
114329
335987
385005
789536
991724
334259
444505
142811
595981
267288
208953
472637
893839
240380
609313
930325
845367
240433
724761
679826
305315
878106
366865
510298
827447
912245
734082
838707
178054
583132
942851
437886
682874
779041
370500
128387
621345
585175
852043
832071
381268
751055
752489
246747
273316
833504
304567
730895
519075
936928
298354
154691
854541
943439
647761
353885
855505
654227
594815
862518
437984
880509
226297
248015
121552
965482
872965
256226
349997
980102
242093
128179
511133
251147
624151
630181
134766
558184
149634
565833
183135
975805
486815
855601
247592
429474
969577
568322
516454
988038
811587
688040
270439
739093
713549
166243
792110
868019
166370
879583
708516
208902
148913
665506
911451
366032
277206
214559
568800
534457
600181
717095
276029
449867
240050
426303
575080
828311
208207
845388
235211
895413
332323
535947
929104
461896
568276
533341
623177
681472
626385
576032
731034
770041
721518
503673
439908
507553
776860
381164
676110
165527
828132
820398
849777
963535
360960
631026
738913
571762
856375
925088
372532
789826
815027
661252
457424
695002
949473
810690
634901
292948
615172
914375
883587
709221
726774
461114
189673
141315
581244
262290
943660
388294
890372
173377
654993
844908
861534
384078
685639
518839
895028
518400
215796
721841
134119
809078
910682
184624
637096
277108
361701
602068
684176
727224
277588
678604
278941
275051
662817
706905
199433
759603
561007
525227
266568
813156
544015
591367
383934
186391
877327
851114
541946
478291
832447
786151
347283
847431
480322
541004
977598
751545
345774
412931
843625
816153
160927
198100
121111
539119
995518
100040
809817
959476
558825
877512
928069
597596
915712
527012
866773
763664
661931
157391
392350
466458
358731
610503
946411
902425
242204
114515
216982
774005
859523
157894
848131
274636
941114
153600
284025
416459
738549
669139
373726
758168
860528
154146
141326
190540
841879
593638
776375
447934
128369
158954
622259
337530
498250
313622
707427
388753
601436
362250
372005
457610
666041
293088
171026
961814
420632
315507
696791
314113
802137
837343
494957
782085
185015
693246
820631
301688
422729
955441
448632
407909
881204
127904
583854
949816
557713
377720
605967
624371
848566
426803
287006
539166
443108
560342
723722
726747
466221
143283
422147
981943
990687
991791
854426
899645
411570
984702
397141
943045
889385
719018
432331
439081
881800
525939
761698
677143
976147
939056
995458
291363
195999
920019
747125
444244
427000
388139
263806
414303
386605
910275
914708
707441
887419
114696
225305
799301
734261
317767
920859
545653
317229
648853
139302
153550
139906
187176
370019
116444
922117
327683
205778
299268
838345
522703
758911
136305
103464
306148
184644
143557
313324
963623
285499
635057
343329
696141
697886
206337
507412
148222
964445
505486
753543
836469
714267
147863
261012
356003
532870
759946
653595
874292
402417
574459
498666
869161
905552
184119
636744
667972
708175
514995
457311
173635
736654
646845
532420
808803
233981
265812
713283
657765
388912
191508
825195
859406
613408
534089
905780
950729
866974
163109
562185
800839
131636
537516
143925
898663
402202
340268
576590
320176
308274
270091
133977
532699
973473
102200
780440
995213
529162
964291
242839
229218
598568
815593
640495
146694
949799
934440
256180
814972
747456
164593
145410
494625
593424
506651
788223
328203
807699
941715
288844
428588
222850
469009
262157
161906
133799
420679
607059
933296
775608
701363
344003
117719
139608
162739
605669
268734
931205
539128
995594
198626
296383
363602
297946
496966
651383
405483
416186
986523
672847
121457
229431
485466
345555
118795
251697
714382
194772
676748
659783
699984
161725
334533
932059
421386
104308
472437
353761
946269
217583
925884
642793
488189
968655
818445
696327
562745
421374
296866
192251
356857
675905
791305
658274
290305
289882
832251
332185
922802
682428
752077
594024
311216
274251
939328
440499
160542
462512
756436
484376
871172
267159
444601
836358
786803
628005
153413
104475
565375
776953
586466
241047
813643
929245
835743
282146
244195
665577
842982
281015
843618
189492
765166
428556
761908
371736
224519
261055
209238
149665
320498
437854
828090
587762
279987
303795
576358
318452
250399
919882
756284
235451
305232
946369
100660
505912
109623
984619
585125
360148
416528
514624
408994
681552
794993
981701
705825
807670
515389
458771
853592
180251
242677
625575
744256
193076
195694
732037
694716
711409
885310
377098
186162
695450
692431
623149
203127
753701
316118
935888
653194
101873
197533
813641
344630
674947
482012
646440
704603
894170
908487
912740
382279
617777
233569
945638
840157
264144
389166
340881
829591
431887
447333
957261
298984
236649
975813
989775
893946
531032
319327
675238
696758
542355
822193
470949
178947
390465
201138
664488
583973
897080
408873
179044
338438
757591
171320
791152
141075
399452
478902
903082
560253
825763
353947
736711
953184
254779
917748
578811
392128
693862
704438
420545
275790
153294
301327
613928
816267
425919
519640
292122
173604
355268
140742
679369
605627
660578
471456
656472
993254
717419
269739
289412
934129
571552
248769
659886
297374
726214
707553
300902
411725
440867
256191
115828
671574
513877
266844
813126
935955
704528
255952
110257
688731
949586
905956
330054
485993
352517
894972
337940
351643
936784
497713
742131
487446
269722
976925
918580
844295
305724
690863
945186
155652
691426
784895
478804
795505
906718
256124
397811
739199
727720
505152
395459
977167
526838
317829
962223
412500
625268
158545
867157
926966
852801
873068
204235
255506
141925
812434
671853
479167
355826
308708
483845
581771
787287
521689
697173
851396
722651
692498
378083
170803
167260
503723
351554
811875
757060
164590
398713
589856
834436
366657
318642
753434
678736
468255
946305
423208
571287
928517
686767
298985
643869
704450
413154
417637
614454
341233
724906
417010
361505
203652
551851
972276
865567
508150
585826
661500
565935
915394
274902
165712
684392
796786
653789
712011
983186
134896
349128
983451
209217
918040
821643
922697
415983
427854
513133
961974
361332
541068
749288
826272
670661
338004
356734
342628
971590
594564
145817
657405
313101
637767
677980
781514
391541
755559
653675
414574
588923
420449
282035
837681
817625
960657
681112
563140
409853
541612
863834
416578
213445
213805
235939
421650
795929
433479
453999
799656
803108
841401
798808
307851
912880
626783
252126
690097
669534
453381
537231
721607
889567
426423
289848
465933
761298
821843
179080
720798
993403
168384
611037
792365
990075
341400
862830
658154
806706
951553
292020
996100
362830
865817
241110
255849
786446
145679
118352
830921
109079
735567
139326
837145
824018
935477
689994
944691
823105
496739
322544
222970
907708
413261
890475
474779
260877
649554
366878
159279
515203
814629
650817
936285
879031
826761
399077
535100
838169
558075
994854
926774
794165
831945
235852
591977
236008
861825
194590
946823
616537
887780
888868
966525
486774
841209
483223
116176
873580
267837
179527
859139
369954
990456
449768
433173
532691
379916
327226
869608
963398
308103
950260
568924
783948
677431
546957
967610
776949
105117
260934
323917
602831
810778
187415
142538
563292
395334
862324
487568
247214
500895
271132
945610
992450
614462
587358
265906
111063
752134
996201
171376
247721
924854
569966
391039
294574
602014
656468
955665
439180
876686
366968
539881
941910
900201
169374
277094
387745
539320
223416
639103
239943
919836
939058
140617
789943
908187
725848
157622
880438
665851
161477
949080
963062
358381
361033
215204
795729
777249
122037
547345
721827
861975
664198
448575
380610
577494
101804
206804
882555
471509
737398
619905
482409
682934
637277
279524
876788
902931
658921
122951
685348
615696
125699
880229
389857
521776
464504
552109
894537
712036
621606
456447
939628
991806
788294
726483
389192
851300
487991
354137
338492
632319
705347
508538
522187
209235
562256
415102
955599
477737
107909
686727
665078
931560
810678
345243
354302
615747
726414
591583
979465
974092
655993
501374
664381
278757
165387
949417
920667
662487
657680
617336
802745
314139
417233
319183
880894
148758
151424
114939
957882
247875
966400
737788
233088
722792
406675
725021
302368
577513
292578
363646
255365
126107
953219
642707
296776
866161
692394
971429
434767
881203
450798
482166
421830
382797
196534
865602
322424
621956
970624
338145
740714
938722
124366
386696
790100
696274
984174
325840
112797
359368
911109
289902
320274
271255
147191
177889
646946
456678
113045
367883
228377
195901
218211
226230
327095
917849
385125
770008
970317
937535
761317
303601
915859
426509
375268
809489
463625
137388
397403
636919
826728
917090
926028
887220
798755
697028
174474
491469
936607
520776
766049
527903
494125
872632
519748
681597
258720
448099
275698
164309
365168
499661
145955
519281
480201
478919
915252
995354
783024
779321
368589
378838
130772
442492
576716
196338
302541
861124
229072
311515
771539
252090
698147
561925
872861
504424
222916
573647
465013
738638
470001
599774
705781
507985
644046
274181
894976
529843
796404
962086
215615
439038
111129
553811
762390
258649
792215
781005
980419
726621
184348
507118
953906
233506
232942
944162
917952
516466
662392
581743
858442
405823
270134
116373
717776
945168
842617
936592
853740
504950
537495
346555
287369
323357
502674
803151
630338
957375
922211
282858
479065
204594
589315
973834
164912
221186
617206
950040
764135
410425
602100
579905
294131
969306
275541
657023
500279
344653
913849
867831
911713
915988
154193
889980
113699
616156
180781
613777
775661
832080
679203
630475
972996
864264
284889
174676
869057
235550
394031
395852
681160
497281
858060
313770
890627
413762
682243
303137
469243
244044
703457
391358
938451
767537
746774
969293
249440
106751
870238
370266
865993
773009
284651
406069
978423
848706
474385
225648
476153
688444
953453
342562
664695
687534
791123
792142
856784
904029
602226
909789
197106
384145
348006
826407
984725
454512
141883
156017
830677
362920
132952
684881
161227
219494
409967
697165
197862
409028
364928
363873
537515
166302
538853
483583
273638
968037
191293
178352
209964
577229
536024
709369
894351
811841
281212
913497
750717
504822
526386
970286
621301
361469
633168
107736
663430
578354
488772
907797
983238
329650
748633
711212
383565
767753
234601
311173
743084
887145
901120
650933
798476
388311
318280
598487
460359
128639
818231
867958
604893
458055
947857
129671
816820
748961
127130
700467
207312
264731
654812
938355
831627
550032
118226
740596
548433
695329
125839
837881
143674
810142
497966
262208
586405
683518
594487
395261
821453
475759
479882
958050
722442
244039
759979
874912
752903
841753
898890
102631
796572
976355
103981
755753
212072
299523
291613
901373
850444
387146
888554
343776
445542
550281
827932
246070
306185
541736
607191
743373
721877
481238
676617
865826
854265
964730
701876
243293
254818
107143
904211
481720
600925
672015
547402
450493
230705
543119
385358
831021
326898
800807
951790
578716
699716
733613
602429
629338
689933
678359
580669
155693
822100
678166
634314
585146
684700
621251
920480
517026
506071
316529
278857
208617
633609
818050
354023
718642
788570
322102
715354
327749
490135
669982
157455
774067
722215
659566
879110
639473
870405
117040
980478
237375
446270
234006
877919
302445
401576
797095
477763
370227
463612
312379
669442
763838
218482
757282
271704
712459
779640
909374
613685
823948
223439
416977
708610
476743
711971
528016
570859
748574
777060
191255
804173
732169
671589
667383
158813
265599
954993
604714
750066
689012
186565
865447
797840
407580
857741
507601
948498
565006
832479
155882
919859
787812
947278
266916
864409
343646
256972
643864
757375
681030
599872
346448
281502
446318
468736
394206
856375
221077
530314
835440
997823
492073
695173
911227
713575
193127
354639
288660
770791
236222
473858
720926
241063
876753
474440
538045
176362
854650
454103
571753
239287
124748
417420
937406
156709
364850
964064
259376
686786
702707
358953
374684
758208
408022
548944
527578
794237
344066
904106
525391
467053
731102
786965
958974
952198
968056
253745
529854
234760
889761
853688
353831
564039
889685
974491
860806
860182
694520
387451
148753
524402
937788
841473
434932
142760
900383
531098
440649
788580
894994
154739
379621
975607
404756
675213
673999
781284
808604
717116
507469
756423
190230
648546
924823
159714
468068
940323
717580
647750
497254
762052
454019
310234
194133
477669
739546
825227
304073
739641
255626
787536
943194
487742
442172
332729
859683
818749
413972
936532
390914
135359
567500
453691
700188
840585
792028
640637
960158
318230
559508
514855
354015
257680
415916
440303
936897
158027
908019
748861
838454
552030
750371
437911
363807
785470
520342
737351
144399
754809
332882
782315
515534
624460
612735
655416
259545
815426
661690
169964
318055
901289
529154
774607
817287
738930
754959
742981
481061
362149
155554
993107
931883
792703
708343
585867
386916
933289
518584
821621
860636
469014
358316
642332
630691
476953
828428
312979
875504
730293
563234
504098
844817
855097
810705
524802
809631
982416
332431
904644
851273
581517
625151
628492
694319
598059
128512
421774
260082
663622
798072
339181
323079
344805
486268
689125
362040
316469
141950
198181
876055
124114
214324
352851
454080
240510
498017
922003
786634
644052
471170
551907
885993
652086
194519
298910
745507
644674
946219
441056
528428
991939
494402
391592
762657
716388
172575
867705
852670
982111
745007
191195
300572
348980
993173
262144
121515
535957
696147
996704
768039
747902
941426
719301
870778
790018
810638
355235
961262
327968
341152
616031
832621
663476
699465
679600
779831
709386
345816
887875
532063
893038
241561
786232
443683
777599
420635
922282
793637
992962
974171
884108
981707
292114
723730
880463
338160
225908
350872
800768
978212
790697
891123
506094
960807
703101
264160
776745
384669
139005
139197
296998
432847
425574
509456
769055
562430
994263
745912
939735
772996
350856
279438
171451
544553
722100
702551
575716
896191
221970
531401
318586
470650
824290
776951
521234
264975
686530
427995
749591
386152
984384
827871
966887
453762
101482
500680
184084
719747
724289
915584
449931
533467
518860
802943
656657
469430
526121
946452
640617
931930
608254
559509
260275
722244
161134
708801
386031
829658
423207
902446
845630
112972
860983
760405
673353
874379
475423
952790
783003
331686
759200
316296
442761
919646
529810
954177
919186
582789
941940
497055
466306
825367
473149
183313
324464
656884
549873
305893
127527
413882
943375
563630
768066
858171
396967
469937
656465
932928
347593
256108
226520
791866
232057
123492
689782
192288
399806
867146
932323
104394
232729
732522
668082
755849
851859
835471
286454
305089
366223
295318
597345
659140
622367
116237
359175
103915
780563
612552
578178
283892
228908
669472
801231
722515
268398
140168
687893
741494
512340
615853
371302
341594
894173
125385
531069
500707
350916
914597
513863
529532
674093
631529
134015
737899
656251
952321
834066
262544
142239
707373
448097
218714
196779
773509
400324
137318
407461
441671
670123
580533
610231
559071
140864
309160
847171
738417
633288
742747
137971
171334
871753
286139
824110
731153
512390
617189
672807
895805
808549
934237
577040
416437
140945
817224
450604
637871
970331
161670
415361
477814
798299
723759
675564
547410
820661
365577
325263
484022
580407
655459
967621
366726
109983
964433
835159
964963
745849
228133
615879
561973
893765
950150
250793
391700
418647
729456
212561
760594
727384
215688
750311
448328
192010
443289
768375
108732
897385
240304
784133
554380
914125
660624
488862
404442
609228
792371
911434
363283
844764
170686
824798
282557
866678
677440
813774
365597
162358
884423
375295
472355
115615
989215
821689
366450
753916
811655
136988
510320
874496
661137
271242
980518
319663
332822
672226
398804
423702
255028
960749
747733
209525
355142
725553
613098
676509
546238
463651
890501
405331
634945
978553
661908
471540
944991
799262
683272
198644
539565
854398
619522
992575
272545
868481
896729
355936
974442
951253
885866
666175
528713
282947
107228
599941
262479
300676
375086
976092
403925
515885
438080
744914
991058
967301
482779
397884
497469
650839
245502
928982
915999
408066
104678
892680
339635
393070
517560
881061
323133
834586
735694
126189
245285
923089
416669
768146
908783
716154
960255
770936
575000
741646
563905
588086
958670
209605
181131
227033
619788
930089
250471
748359
343409
117644
954640
551968
955676
189718
452856
822561
511526
665110
589462
292195
822844
980281
387307
418816
642968
547193
906127
244149
315547
196845
215613
792483
150441
299774
604888
741104
608160
625497
218200
802379
675254
287872
202100
984332
869839
864668
600781
506425
624792
317005
768821
577957
855555
748577
170491
520306
203295
662883
480884
468248
506003
214891
324552
240958
383671
317492
168630
667173
529134
275818
756932
609477
448644
473058
765511
813294
873217
192772
815371
414512
814247
456195
755359
583702
826445
760685
347809
721101
436120
671357
474082
172707
871219
477998
220853
429867
301355
706794
681497
380061
418602
848577
584096
818745
902958
960373
831291
355212
613860
733746
231941
119051
239622
336827
111529
577884
208271
732927
107312
902709
691671
443979
614923
931100
789776
433977
103065
889005
596603
729286
249109
760154
416519
266817
404256
424172
693575
448382
685446
213096
475759
972395
668912
259949
749131
797626
406245
933818
220060
396669
235069
988813
598416
316368
443556
109637
930588
824272
543784
313385
711161
102602
669311
346209
437017
580654
309783
806050
524292
344385
685467
327912
968595
584370
105727
701083
808328
110628
859945
415860
142792
143562
916700
956281
630807
382930
228162
378692
295118
426680
535381
266914
402715
178523
603818
223063
439637
458156
438522
461502
158489
338754
648942
740494
714150
256715
682471
160217
315827
326013
350920
389646
986984
562923
232224
169726
592095
622931
735064
705851
219576
654580
755381
157660
718995
808220
145578
673502
737838
917247
470525
580421
199931
116325
366100
863776
461724
688666
830300
221674
565918
607689
320982
514572
919407
223746
960894
266975
952158
330776
428282
395600
600974
409224
202747
519613
693494
598099
372723
730460
188504
478828
916371
724986
983132
695725
629055
529152
363720
459812
354385
169810
132638
144843
375111
360338
427250
512373
266762
335393
969574
197956
752924
224997
299524
903000
124893
286150
229752
681698
838489
293363
655208
442678
377265
205538
686192
352927
299461
526804
851326
529452
614971
872534
300743
988840
682319
856676
874116
404104
106808
390056
736013
350141
935442
844224
712048
317513
793580
800830
738061
536910
860304
561161
436113
651874
478475
778272
369549
407327
296633
754751
433875
988855
811886
301978
536365
666084
419555
281606
507929
886685
854395
491831
904869
283109
931248
973124
209155
336414
358975
136231
699113
501019
377549
331392
412808
565523
243732
137401
368006
693936
254895
729156
531002
259175
648926
972513
868100
832579
400469
568412
897158
950458
847175
632723
523971
739361
356491
146260
974259
692923
701640
282821
408992
245516
379555
914046
482016
783533
592033
961840
510575
545272
134107
801481
948616
774978
650750
350511
858719
471752
679931
532906
500703
550498
981138
530303
652539
681685
836373
668438
573651
443045
460796
982365
603941
368871
663909
527813
859181
146996
473510
625546
777243
593945
735889
253233
902128
348011
130722
194026
107444
383033
627048
904948
131510
431642
661806
671167
535041
392933
131972
555213
846648
188063
146063
613106
764590
514478
617833
513019
363044
825196
615126
460491
383552
352248
885605
366751
332550
502119
807488
118931
220822
480984
608528
760126
806689
678340
705359
647129
355529
803572
356555
147389
439381
222733
809108
150313
467245
271974
762563
608707
723032
961882
434374
434230
483856
777849
823820
606297
239039
300985
788842
342161
883352
117897
238663
292172
640404
209158
444074
373134
901703
698279
750270
296042
995134
512627
545952
615078
916536
454675
204453
164640
918590
938977
615626
445519
886048
816479
861625
571394
584174
114309
357172
518693
431311
718834
206946
134595
554082
479747
881683
167109
809455
532066
127986
156119
273864
384598
361062
898476
254049
127672
981796
264632
723081
317798
319893
701819
405092
332624
594496
249790
186759
713295
153012
890230
908080
870933
755955
221157
782239
314112
420350
907743
597012
839913
336441
428554
855302
779097
263995
272095
370333
877466
134709
188558
412334
799595
391836
133086
773297
198958
265557
455249
634527
186332
862044
240197
689965
192472
953232
782999
146560
260704
404862
123395
616044
494303
149961
516614
642317
962784
773107
373924
105473
866845
956267
165574
781536
576182
865587
501915
856696
255550
552780
581311
149770
731150
281984
533401
175291
574429
348012
897182
170872
127751
203848
842579
726953
419785
410069
628879
998800
690415
239234
849791
936671
464005
413882
684259
772051
936362
700525
784566
266544
915235
172889
243660
745946
854604
976565
807284
945870
734504
585467
573756
702747
874233
391856
406387
820065
520843
169073
894569
100388
155947
276443
351923
958188
105974
502870
244907
659420
327852
752351
262805
520300
253219
490961
185628
482502
714327
427631
782426
975386
241759
342289
226966
606814
600219
386697
811688
548422
119625
979441
694680
423483
829399
274386
591173
260859
505459
604851
950497
151278
842303
853980
257689
317856
373664
432262
521363
747135
382485
188802
191952
724627
871940
203426
586865
681044
523664
567528
816245
304589
439687
785257
238176
694284
566584
957981
466488
171266
806466
843750
107113
728221
439463
215386
803112
967263
698879
932494
544021
185339
471529
488193
860985
301868
417084
589091
958575
362994
723868
919264
721791
823530
281352
543117
135749
677992
635408
441262
929809
976020
548740
930273
295751
612830
525256
137035
230470
442047
431716
821084
538918
622798
496503
332705
443386
561051
193099
977639
474806
991723
555043
537607
555498
386097
544978
779698
371467
495334
149637
961274
409971
203812
919360
103994
388159
763396
105479
771203
242135
937074
624210
630308
159818
304234
499364
412310
337463
561330
732437
111425
710472
892372
359242
127694
778457
591990
460294
393227
286455
242775
786523
109908
992163
276232
542073
496612
283125
481348
458823
447831
228765
639662
223215
935579
861125
506886
660786
287667
926259
219143
625693
827463
825163
365472
251284
799852
307024
335213
632843
460811
409515
209233
544596
658353
719908
599986
621074
311059
986797
841489
801868
601083
528255
484773
116605
270611
142267
935827
573992
261389
782355
368812
166536
527660
785953
569987
182918
669651
115893
818185
329188
138728
254508
580135
401686
881381
670843
660599
457136
887195
497099
352288
873402
556675
224735
505324
109313
257410
166225
246759
838759
483575
444410
815670
861914
402789
363344
256370
782754
709784
282953
548224
260980
833974
959006
252430
180388
941539
687723
492108
267223
799696
499475
824516
328950
221794
707457
868471
885470
829371
173897
483350
550165
890055
843756
966906
160055
128740
178618
960640
306254
473550
166834
890916
591456
919719
142533
222489
197410
405888
234169
929987
927403
660775
264842
551697
534499
986733
587978
607002
512954
534609
468840
589203
393045
258542
568143
716554
211043
871231
973381
817666
545133
999083
628116
873163
609964
856624
940678
517661
534837
688048
171049
841969
701007
753202
144402
398908
741509
192631
542621
304009
119575
516059
452563
238162
878347
681155
626468
913883
248961
440777
744980
351819
181412
221664
215922
575815
243388
972518
805955
382477
548096
108326
741246
840202
442920
953703
848432
154328
240993
282005
811359
170776
428026
971786
444652
902760
554396
354840
599730
800384
684598
292597
840587
299407
366293
715844
829009
641389
284659
982524
784545
777693
412199
660919
809660
538594
934394
750169
621928
736314
466170
444315
291156
445242
178823
957491
735224
893832
976394
202626
743898
493679
488902
909497
415277
795907
610982
547529
978708
240561
710998
183910
147205
715746
268206
199191
993352
658796
132361
669372
489758
701589
494324
997148
885727
301925
879298
338411
193276
887334
830715
234804
544419
229339
237941
929673
916064
945914
602331
935748
724480
635495
733705
291384
424977
325391
611738
346265
197862
146782
863737
763909
262199
388829
556979
895149
682468
380523
756942
165156
836282
869495
939443
784323
689935
778552
730374
690199
311687
219529
346774
226280
929560
651011
872272
281702
533675
138297
763470
389106
858137
523594
915981
740454
328213
845127
789532
523618
883913
476930
438800
698964
590296
556590
366868
869539
932226
707353
882782
515449
801190
586179
504509
593194
438273
211769
209103
242245
654101
868339
381678
430614
656710
244806
625482
851029
760061
675270
120018
654447
686479
852924
200620
477230
613176
714816
371652
698472
947137
964531
699393
239425
366369
889340
506675
948478
738847
852701
984905
765383
550101
982033
605823
843448
377296
626852
627604
490981
471060
755663
193561
303079
828220
257326
862182
563046
473728
754784
862823
212997
514415
723675
568723
254789
335708
791401
506173
234295
217077
460867
860227
128578
593293
810728
727716
830925
182812
400313
820911
909033
633724
152821
643510
480510
567508
600428
397665
835025
192082
575171
285087
412911
667729
908611
800024
363096
328666
663197
398909
801322
793607
708798
283073
603913
407395
686635
375489
322344
767181
281018
376702
307703
636603
408396
592588
546314
798010
156234
595971
791937
621524
648283
524338
365209
878059
669216
604883
633486
107681
705325
313273
757131
970298
953860
453479
287952
721113
806159
908794
660927
362376
815257
930022
506723
583251
610537
417087
142237
260019
367036
268782
183180
226152
556671
424227
613368
890912
724262
185929
250012
845108
932364
431669
717005
758322
141671
297944
340907
455093
580583
710452
107940
135600
761067
414091
262239
180842
600959
112147
655755
189954
443094
539398
804997
979860
167872
873878
220896
898804
156521
617854
629044
383415
409006
834995
571973
382642
495676
973529
633551
302970
215943
238386
404843
459946
443620
645393
483617
821858
599171
767245
918922
747980
750188
215793
420640
363035
996693
641264
780292
214732
891261
221078
978156
657487
112616
993657
779399
737406
310776
612622
485198
479179
963908
492248
888105
322361
246679
383004
271419
184353
862408
591824
684332
483797
670258
942545
362641
747872
221967
659476
958169
182796
959702
762324
176022
926526
862157
348810
850662
130300
212973
782907
640254
209934
401841
838443
125554
392514
478170
358703
603939
280009
399203
685728
303685
598784
288283
155244
926316
863177
672612
125958
203891
838871
343975
876765
157320
655497
811922
256491
665175
312397
845104
738948
623250
558246
198339
568078
258234
125192
620864
793903
812204
569824
931238
378018
983467
944433
801309
260932
230917
398713
951815
238283
696261
426674
127174
488149
987829
451444
758794
638334
761358
633463
247508
585196
597854
808471
493485
713317
278260
909136
542716
421952
150698
676649
594376
741401
677808
984429
717226
973853
651889
439988
881453
308293
119140
427392
390309
132256
626290
718531
914314
297065
723134
395326
915727
267096
718838
319493
464579
262068
195829
382110
172196
617382
842098
347112
987962
291401
438344
927607
863127
677245
155363
906110
501001
947386
591460
299430
979770
227394
462001
984314
424868
834799
876092
465285
687732
273612
257198
719187
639290
898368
127760
557813
420682
608517
268662
114176
363314
597622
455977
206325
830584
971238
371055
138202
153968
362862
911704
976999
539927
899166
553640
293790
371151
190837
426332
989489
340887
282316
350939
402119
510629
741100
438714
755513
100675
600800
419404
423543
642244
877861
239493
625704
316033
948701
634697
239950
994229
760003
603957
380712
698001
768633
727465
492913
284924
645790
330993
229862
669387
436027
627119
482980
599353
292060
738535
805039
956483
881596
100263
142448
260291
935129
186096
892886
228902
873542
816037
315869
761644
969695
129359
721612
915964
229335
544042
261656
510466
710606
707696
970182
867654
939999
536992
206094
801833
982357
183211
189083
861790
170301
883707
354319
756355
799542
192575
798915
196731
170597
769207
400075
566890
165413
801017
198968
294700
485820
707998
471128
699666
371241
275661
611128
248922
479962
674977
210665
987242
293562
148313
428160
258632
331686
572284
211928
234201
509344
852710
715218
421684
234333
217716
462652
772610
509530
195144
258800
825077
781036
646297
939283
886402
810676
570331
785406
935196
224240
312614
297369
392782
930031
587813
284643
865141
120093
317950
314766
757784
280444
250041
110024
164869
314548
243566
122868
285673
566977
116592
511575
678699
887114
627664
494350
809029
824946
824271
327260
529568
912135
483651
423650
837420
262200
983621
927687
608345
268612
804405
112215
232916
982381
767691
442888
518529
606412
165723
158231
914930
833758
160612
796177
227329
801371
552405
304142
681328
965575
134140
729367
347322
146497
898573
680232
319189
790234
380491
149937
458439
958176
552502
341622
671810
670104
128145
715639
436862
950217
566094
387689
636305
785653
396313
552099
801997
452867
750686
445781
776982
525079
214071
521395
909278
187044
212150
896335
541696
229592
693420
794180
455413
668117
472308
683375
880438
338527
299134
917784
989294
184529
175931
648783
776219
152458
928098
336017
713474
234310
331070
390377
578860
532519
951476
817715
163104
647858
836788
627996
762558
545878
769595
633669
918901
153798
470946
861574
841346
731016
713128
326448
506983
276326
709751
848939
867747
418082
280693
750366
547027
226279
675881
429996
592773
157530
714663
372315
148628
962927
825242
554961
171045
649976
337293
627799
552285
773016
674391
247231
690365
207126
687520
519010
297051
869965
557780
279906
141470
876992
227555
963470
234901
895851
899411
552292
691445
462773
346531
568272
358414
188577
115484
931763
883880
340579
192982
115103
462719
990416
837732
425310
484984
178734
621949
289331
223007
516906
276872
402552
356351
798281
442883
690726
401181
791318
503888
173780
808497
624602
293725
479830
693281
608522
395886
694534
255772
905114
344553
397952
324464
647023
769406
593224
301225
721779
716433
111270
165479
653185
372646
614929
216250
917151
831591
322058
904509
505644
716532
553471
758860
789583
856456
487280
176611
408527
265252
654702
677300
620897
421691
664575
960036
205916
178490
128831
891364
909225
581105
222144
516423
559541
581985
839762
524580
946600
213700
388413
284010
390736
906132
216107
963930
999223
953657
799043
951014
200852
694931
168560
316453
812797
678848
921024
195471
666778
101354
667880
548123
999508
468656
467941
788243
720236
761232
193309
924592
267464
906830
911012
503064
271272
964355
255738
483024
932311
845284
406418
897312
291261
740494
406286
698466
845713
932651
191270
469893
236460
884100
971079
419044
848088
196483
904952
919903
178984
574724
191895
930643
373249
893912
905986
247227
527574
482933
848914
700514
550065
669949
865666
305059
306509
417128
866029
733087
722625
971793
261845
866362
919383
446235
384256
272595
425434
424254
228573
487262
911822
558226
607109
457664
509689
721718
869884
720006
510751
713822
448214
102915
324299
470519
843574
912548
133577
459191
687442
109073
717458
637830
278258
164322
582174
549187
384376
516347
870685
741301
923929
821094
964385
497167
424073
161740
385427
537438
606101
160079
524998
290642
899850
760711
986633
136935
324947
600247
686677
829007
975679
187051
199046
311165
485953
115217
568967
578768
338769
736080
973766
256603
145552
863913
236935
979757
782985
860649
159188
637826
932178
836233
345937
765797
212690
436610
726125
104288
899932
504656
167765
191586
224858
445154
502499
566059
172101
337818
109172
483415
266576
846695
723992
649541
651589
538269
119330
632226
821831
798222
883614
905463
226134
534823
469634
759820
231217
376521
342557
315287
496918
481827
389421
187653
253861
921129
544493
367300
419235
469427
310507
142730
178810
938899
685239
672294
350717
366420
473751
212577
169672
757836
509239
575824
253670
523071
483198
742745
410861
798032
762588
125408
395269
962371
972992
290829
239718
856276
169606
799419
243358
905966
240717
775455
936977
515689
106791
647603
501691
585123
598185
502814
326641
783258
475938
491458
470886
370275
396873
362306
113609
194314
997103
868654
614444
670598
678291
979469
530623
488696
322356
806757
892955
396064
563745
726793
392218
191900
111692
867232
311139
780990
341438
676046
492613
583209
350052
685089
205977
265000
332294
502266
840585
315403
726840
533302
172271
735135
172074
841721
940182
346472
401210
580534
267069
240381
666474
746108
943002
103681
933355
504032
283995
402713
929720
194755
864359
794223
348992
700769
347267
635458
241435
671221
701265
270568
231101
285676
162995
896385
248201
697125
470349
906521
371005
242305
643337
697753
285195
943980
485907
342666
984391
639176
386628
359272
293820
869491
150557
643583
242330
580437
413993
453285
494282
556136
499525
536980
508258
530947
840956
807361
817395
898597
766538
255262
308287
607131
308738
209160
942793
605038
874283
903854
753573
770284
515461
931487
811630
497777
722569
803246
425910
466513
198831
354981
948152
904453
129289
840419
341225
909392
309581
380404
665037
103789
117776
529419
854118
290295
300301
997694
101992
898388
482564
623582
769608
836607
676384
100370
814770
310609
846609
676559
690681
639083
225880
281334
738569
407426
748641
176874
189336
546023
759402
643628
364091
475890
523618
742293
116150
481162
113933
469999
827435
460180
762116
612976
960340
555926
686009
537876
226923
670247
369912
959607
160774
503701
480393
867212
215296
808242
381777
104284
388690
917435
235288
943262
305121
519206
618694
942991
330993
493288
526983
275471
433016
822817
439214
401624
776877
113093
169269
269179
870046
990055
206530
571833
577249
379203
988549
647450
250882
162313
866717
128014
715388
473921
283515
255710
646851
811487
218719
841006
721149
228837
601502
685169
519793
299951
900773
774825
649623
776639
276951
642617
580271
338341
458898
306569
703918
101547
501680
151478
261651
558843
779914
919987
704408
125965
656982
496448
485700
740208
373201
931045
215997
137492
901239
426603
499163
920018
205871
619191
589111
734329
215940
838468
262754
233430
188078
452732
693298
196831
379600
392018
633911
541724
857562
949791
933260
506130
124174
271352
494921
831821
619487
552392
600054
240618
260406
340111
722969
362718
188783
398295
704272
505831
417632
705518
737979
902605
570713
154661
840048
352115
362022
895364
429906
422528
375570
949447
561275
844389
348838
357561
931766
919563
930927
961100
290698
249914
546046
707475
484401
544040
200392
285724
330919
874332
602702
665388
492413
317822
222903
957592
247372
288125
690041
874782
964391
516732
228118
722847
417322
482362
573411
694073
183439
806108
531780
940484
494111
133081
221235
916585
623941
491651
592064
909946
312254
829869
863922
630194
173453
362589
692556
642218
995371
649871
866635
196437
328251
531779
397579
774393
439388
388420
940456
185515
695543
595606
171650
857157
505144
706683
736474
269414
671514
281410
790714
242118
122299
297005
365457
738900
852239
706430
100412
244879
856944
377149
163456
537501
500978
647560
188435
678539
651893
677112
217850
197410
390260
171500
617613
135234
674714
363444
842039
604030
697460
964251
377978
861107
674049
341522
211151
772422
532647
479701
653323
466842
348351
580381
103133
120426
408304
901569
470803
886761
723801
327561
863869
984755
216072
394673
273161
496208
780872
806615
255565
180037
212279
107009
264356
845110
421493
794158
707279
885532
879096
172343
686077
134623
461917
145377
587845
255760
334105
593506
337008
144614
615405
775373
941300
724659
556408
245500
463898
251585
436582
651481
438017
345359
811686
738089
567452
524130
830010
920661
449014
953994
554055
512854
261014
185874
480556
543453
285181
395715
481232
200221
602348
260694
558740
903510
758883
584180
898759
353502
850052
222828
154008
586765
324886
997263
303142
941669
866950
457164
222388
292540
601351
505795
343544
376872
128890
686184
643634
235878
560265
894391
568378
108231
651629
667438
621010
386552
778127
859531
333787
523756
307627
734178
239843
401288
762001
808379
457563
122155
596389
974023
760519
402231
999975
596541
208687
488544
329293
440629
478291
334608
834348
746047
923035
789269
644341
752065
940011
921352
329211
115884
980310
596187
348947
751034
303754
621470
169525
332486
548169
149869
680863
938087
620952
115450
734009
889066
757968
751506
105139
583404
412913
924655
253194
999217
130614
693402
769385
748547
307972
343770
275916
216779
687453
303486
615616
252837
408561
430434
272199
457059
161684
864417
309624
375585
520586
282424
930466
142624
245534
860083
722128
882337
541618
375446
283816
910495
479665
336138
521966
395945
492800
560738
189638
184955
717395
431112
427223
689881
153661
596073
357770
701000
627487
904570
521906
693096
270817
784422
635045
508177
657502
234421
267688
586888
703577
781114
853706
861599
461358
419449
366503
825063
975044
392307
707020
138322
885150
172143
565978
470857
216528
168135
889091
895591
773839
514060
394962
808752
598177
877527
649351
247730
240660
272334
856768
970902
162411
420591
118419
716099
548722
412187
785239
213360
238610
556066
313027
440995
762592
953383
755470
903498
425584
131439
856982
325109
700168
275788
276124
708142
142479
302528
193388
892471
268228
776017
198874
759103
902314
550408
622600
586592
613793
100901
363812
266296
746384
781666
238446
109345
457758
721730
536983
782319
143969
409878
572293
250662
107245
169100
337204
412022
274286
239221
393655
877780
466257
809937
406555
575382
289660
264474
336524
808842
242750
763561
848048
501523
649473
800424
935666
771490
991100
834517
758170
843917
731845
497616
647799
293678
414500
206434
354686
403323
486114
965194
429228
415165
660736
284549
516071
127663
684036
537496
340803
830133
903439
146397
166657
575862
714058
895848
368882
861656
647006
646581
295769
405847
921506
955536
851982
755457
515087
911265
777662
898673
555792
155250
985200
124710
148853
654814
578435
814559
816647
269975
548243
466229
378166
834708
147162
964181
471181
551254
480691
600696
320391
181173
654201
503873
403707
833003
405486
158003
336339
457181
939801
528268
232603
170850
635174
439042
611092
359025
701009
734009
183560
847659
310333
992670
832536
706658
943007
482946
878481
636293
424056
831606
107741
732201
963615
447392
177749
140405
912988
541048
172564
397322
359057
578497
944647
355597
725460
880391
196545
276211
357591
366545
339019
253512
728200
986435
965912
297403
839443
412852
788503
592457
670662
355654
727810
217605
873933
873223
459955
130657
355964
947651
268501
707772
614123
208324
298168
937096
257499
714823
547167
889238
414455
222172
638196
696033
860758
583706
165212
931731
288828
818940
681796
643032
351936
372572
164762
529469
546473
133931
776025
364196
269937
362218
213500
868488
575915
430312
445267
787687
108481
443096
515379
446384
443126
516589
298248
620906
241099
193653
973030
532447
253629
686160
688349
781892
892811
806892
812043
886214
525205
700863
793547
615634
549920
891807
302699
743712
881206
112577
578171
387773
328170
650444
916833
232372
381817
911033
603146
322649
522796
388074
159099
897266
466266
215940
557445
621346
492618
787402
138679
648818
672887
152663
303790
463902
491276
412440
470567
948986
212238
514563
591892
866271
243097
415000
162061
205174
518178
126739
616126
792416
750780
850827
606079
867808
578423
992906
132225
937061
486146
578153
103491
237239
201297
843912
780132
375005
624186
611527
813459
799401
420377
692803
991683
310945
636979
234896
441530
822155
484247
226800
634025
511092
260256
921357
433269
234397
976248
108857
705364
170146
982647
315423
928211
145448
219177
810181
832948
551907
799885
393409
584533
348225
317369
289557
281451
555862
973083
536008
918510
317509
276475
139939
447341
149608
620316
392356
298179
500253
121505
491458
997697
726317
766764
427038
265675
673017
656033
569571
524767
858787
786858
431962
788367
719350
465364
893324
317104
836851
723638
114740
428171
785402
602417
466144
444081
861713
220051
707172
639787
830548
203894
308443
967023
666809
332133
824956
545166
655326
687295
411605
334731
396082
738932
453606
871846
450237
967244
863996
391798
876908
157543
439432
935446
630749
668863
391516
302966
751267
248425
425825
648722
593558
674043
440056
239839
345435
554887
880203
531074
593964
735334
313423
612251
284483
469552
781849
543678
343144
335591
764474
564098
237716
106195
927064
113586
660290
382152
652266
279490
733873
804068
739823
659003
686680
151188
779820
773271
821031
354550
472960
187625
369397
688185
912518
932787
783372
230657
316007
608411
475917
965735
122329
540055
633824
100189
225751
316069
455773
953455
156990
730391
620208
676805
273826
154124
591021
695173
601675
790874
116048
858357
172175
828007
935599
928734
639469
193783
614430
819756
949443
912736
508479
220146
381581
347257
598468
800490
236059
850961
538370
936378
792685
483804
595572
695602
668814
994695
574377
589618
690026
630381
966891
452969
690316
800386
680589
879704
856281
276236
874416
818644
593059
404402
145106
215019
335467
226317
793811
153310
543766
285115
549797
800332
887146
794994
770192
366479
635750
756657
271840
667391
285212
848978
554988
776085
671435
941948
205411
442763
456605
881013
667572
380446
738297
372597
694298
852789
449318
701750
940130
788508
971326
930695
190075
319881
224298
298719
558457
589407
205216
143886
634918
401969
626485
875119
960422
624382
850592
755386
765253
522618
251437
149047
843551
515598
721627
131757
715243
924150
711603
950168
105765
907112
840773
296120
755639
418100
330368
632710
649027
816135
918606
113250
856399
571914
192170
634215
381838
172423
246591
649632
412647
292395
604126
772629
522276
806023
332315
156029
965658
121393
278853
549751
316015
179655
473568
855828
999501
840371
280289
986699
932801
674410
162469
935696
212784
609487
304622
502623
495256
120469
378907
972210
504702
994945
416259
270450
573369
822029
319790
671627
401625
288553
214160
761624
106453
100925
867299
360541
477297
733129
793184
642707
707304
345709
742521
638973
135292
136836
966966
802810
628215
938795
116042
805844
996060
834496
310033
357525
802639
365510
527945
185369
642334
466532
484969
988734
227883
455533
292962
590263
564439
138586
144305
173569
406220
658419
388222
806509
545607
188206
995445
295996
307424
326446
913470
505737
843063
589772
965275
395199
787485
715859
763614
501931
606940
824069
305380
186765
363012
538011
852753
478600
359155
523338
604425
398137
268864
321953
662440
101316
836549
687023
501792
412201
970790
960833
170445
652054
295522
233801
567414
350518
990421
285850
255522
228231
767271
383696
754099
150665
878421
920205
174788
459667
722042
843069
208251
329311
973177
390779
448843
566181
704906
372524
722154
796006
669311
281897
105321
724831
116049
604123
511989
937565
803276
196575
118472
752047
985235
619081
438797
504151
653650
387652
351983
142939
270686
573847
701244
895096
121227
302084
764507
685366
209066
117738
377799
191606
616988
236298
667975
912327
237944
619942
550924
668153
469525
913285
704230
854953
284309
545460
699619
148474
280174
455974
866917
472325
892565
226684
584639
536135
755529
661600
450252
115033
578810
178763
831436
323453
816148
334151
288987
125460
583340
178606
813584
466252
271877
365713
408591
199479
293151
779573
761003
628631
102910
409079
179100
196821
294770
518000
467800
490736
762472
617524
215121
299091
817196
186357
511788
234431
394297
618628
613081
160136
734367
148087
469588
942716
228816
396582
750678
136125
766695
996464
455352
344368
533493
964538
763622
529166
894025
866743
906204
176504
690204
851780
947904
366343
705558
750570
248251
588801
516384
715398
105813
351208
633767
293509
399116
284684
990985
461897
455601
366369
432192
788489
429599
578635
220552
595380
395864
161366
303279
334838
428510
208514
784440
824787
546315
780347
333291
125936
490158
527014
245085
360337
958979
572440
640407
244957
139565
587041
432069
141181
560274
209157
649214
368356
589043
403531
342699
729993
387591
937391
229654
594287
931027
977618
907921
653925
711336
239761
212511
673353
854361
507315
607299
507080
118327
880923
375875
952161
305098
816798
419384
117735
489902
223406
539893
508965
189481
201813
144050
155611
152741
617342
736276
433831
346798
785420
143194
447391
997577
709390
470342
880635
222830
880970
708679
596496
830116
654678
295167
578582
747960
333991
446261
834251
490330
166688
751354
380112
686740
636972
770448
852753
791911
611366
944379
830626
865731
423029
346344
400677
674083
341974
291477
947049
235875
134161
505308
340588
440800
591054
583039
300608
612810
431040
313329
853036
598344
595455
906623
985513
732616
318740
870234
249581
637345
259757
670369
557701
976519
253648
384047
586810
126698
957708
603774
393814
419020
520107
123415
431840
515549
869380
723512
129796
181877
877678
702400
740654
149613
948622
518554
280340
626330
366225
977475
454387
402151
495381
968569
409266
128781
473537
119683
358275
505458
818294
797783
573192
619964
319485
917996
587122
660848
752415
644093
120100
742060
617043
617493
106230
542813
707282
394109
189077
732509
821191
706912
411784
290028
937827
607032
976270
800650
344109
670199
855267
926127
975062
593075
250690
499335
607433
315950
347843
265934
421217
649505
952869
883107
269238
149285
267943
775980
805071
134366
405777
752806
255195
418789
118768
158278
320827
134576
856158
833745
686039
724608
196703
571477
658801
816486
836807
513282
552630
978002
416570
797353
732464
982970
237644
363023
184152
943172
785767
300685
747369
541233
160042
896744
559568
677157
762606
975912
565856
813591
949348
126423
593571
184177
693914
859287
131082
829060
526493
180672
421061
747020
847993
796022
541902
491451
623419
571843
301759
939813
889687
821398
230212
487176
747173
891735
633035
443477
906022
482213
772664
511359
986149
776175
759893
617087
710617
830219
824455
117730
369895
980502
793627
515120
278244
761993
301183
151161
460312
548180
647214
717405
927005
657945
737219
408024
660519
557736
715695
430985
923134
144179
423269
155262
276870
231245
457298
163710
198400
284164
344138
764626
485417
130135
906685
642577
841280
239829
668009
715270
938981
457653
996937
924672
584989
338700
250699
258774
467858
419182
936992
379893
635511
245220
937484
113799
823177
475046
813949
660130
611185
950933
727768
601258
187719
526455
657358
497411
687120
458992
126126
721880
678568
476922
948693
117473
501786
756865
373472
325173
477419
385342
713826
824172
866295
223693
640017
527022
670900
383309
574362
694046
495219
631443
830165
636541
188837
306219
246259
612188
327417
576717
951347
805954
576035
421368
146293
766005
318105
606541
934054
349257
676855
498763
107930
579170
957954
642690
511799
960904
340425
785110
291085
377030
674376
234866
584388
991711
948839
747302
303215
845134
393567
439423
269180
940695
456860
178370
604525
198320
933501
132837
618912
777958
598328
652137
253514
771757
542683
991415
338435
160167
231246
462038
903867
420240
192756
688167
606059
938020
168785
340093
550405
907534
873093
797564
676717
279118
316053
318829
376129
303749
838027
959867
535252
756480
305620
175149
742296
174943
812935
937952
891929
126945
638694
331104
328007
222702
240028
392548
886540
941312
980391
919907
979324
913679
695055
808182
388841
912472
413364
961452
684406
583337
248486
469284
153700
630283
323693
136906
746088
601388
606217
742545
193181
314249
175636
636873
650326
414005
864868
783101
982220
980456
127053
200365
119861
780742
406306
170787
415990
226986
809756
186355
379631
645711
367219
571156
514228
375484
890281
954837
613117
734090
842854
976990
873171
959731
510142
592740
399722
327800
669263
755496
610894
434286
528999
282253
135798
782023
633250
936469
580694
426521
303344
664951
197584
449965
649269
225374
293738
885030
317226
166337
252859
915947
512610
317114
898558
488979
738919
764134
941705
244172
927394
493976
656824
144296
952377
783482
179714
468357
348914
115745
885805
688119
728630
204555
621758
826676
924785
890008
789704
387068
606550
325122
778246
960163
743200
175963
732452
804381
693074
282626
165750
613765
734432
613569
668428
896777
497063
744517
843486
144789
427415
377883
219617
267130
504241
596708
965916
364187
358731
618293
479956
982612
559920
693037
216258
421416
772388
795603
453927
594469
346949
505740
694742
901718
347214
592918
531951
397061
741237
936676
699020
277035
620084
163415
978068
518869
305605
694677
996814
987476
406086
517160
465807
749986
726491
123862
512372
784076
432787
559512
251083
798016
310211
222137
321836
311476
118351
433901
270469
477680
666311
294955
334578
375226
982510
506377
809388
666076
559093
176434
786072
587828
649638
356295
224032
635864
825917
193519
105279
880387
107536
283708
270966
203073
223024
735196
402108
262995
525992
879160
167922
135103
142401
539245
699571
621911
594312
186084
824875
121284
742855
806000
609759
226863
433264
951300
327722
262155
678905
602158
789800
609347
564096
557396
641130
668060
181648
210217
155274
483526
329724
472780
985785
182148
526856
503742
677652
759093
562535
472286
283061
436735
138046
547554
291590
107704
597928
448340
939504
586768
227411
808167
421137
167294
111751
649780
135500
510501
819943
181781
823195
871042
552944
764414
506655
761685
470494
518259
417336
672362
530350
816201
854480
540035
427006
206845
791953
806051
925745
353963
659191
629274
780622
652301
472736
379208
951688
366384
308096
552400
204953
842964
154801
884699
876903
571008
950344
261541
975272
285151
792803
432168
640450
116699
394398
617475
470763
496436
991493
950150
888655
611677
143779
317757
432336
411860
335480
843606
899848
667772
756586
615025
335562
143769
429459
375236
961222
998343
618776
570568
155883
404374
753049
566787
436454
652486
314404
581202
615241
660956
738756
726067
207047
656414
263639
267853
122364
577681
254142
978140
706122
706956
502765
172221
575358
571416
591394
977010
308784
105702
997042
172402
852777
596045
470399
306896
498879
385663
160070
800423
933404
273352
641460
784703
809213
837762
949305
315678
918390
412119
403285
491374
158899
912852
486510
734886
835737
274437
437028
505368
273450
612115
134204
864023
434663
189368
975480
414659
473841
635067
136519
534675
939496
727628
336281
339517
102644
382717
623499
864708
241858
897146
520545
159039
555142
859719
309361
693986
860511
932149
968092
348364
279448
945729
309176
157292
234186
354345
109800
133488
234431
468140
341965
912907
124753
567997
722389
231394
380753
478146
907410
473972
997956
979791
410182
561060
455816
546171
193466
412964
678996
971708
159278
316640
683581
234756
531083
778244
124020
289175
830196
920426
365645
978951
183738
800164
467099
330862
571630
202466
772247
145607
295858
489121
833280
405802
104009
119280
486716
729346
204621
260448
342364
528653
860863
334824
581821
643439
457400
261938
524267
112051
447230
635686
485760
637567
782163
873584
176778
406867
137032
404368
176875
166686
223054
116703
597594
119837
159885
430553
313959
452305
357965
959659
263067
671388
532210
474745
709661
313112
826437
428716
119441
261491
984652
794679
240316
756394
607868
920613
132323
483073
352421
129921
513008
198813
997260
843202
447734
337534
152182
518768
877452
241053
938719
394455
168341
136445
226603
148391
135905
350161
111380
157893
672172
150122
369026
613683
247012
729755
992472
448406
337992
670603
364971
862889
713227
863606
875086
858910
608440
413025
230632
413068
913488
631256
670983
915738
393262
727686
241550
624454
101164
619087
770442
424626
346495
443341
344194
434347
166044
837606
938125
197208
636958
779718
809789
103996
219168
721918
973881
415879
658980
667641
222088
781471
742870
128119
836169
588134
385995
493576
934880
990153
498851
498822
102219
168805
176909
426031
930386
838070
635818
242622
398525
413981
111369
714949
666495
462189
257074
670473
221872
770578
840222
426650
418905
421502
224259
363246
353960
253393
452590
382873
357252
116517
800873
227786
597146
974292
448924
375909
640853
693926
219631
333176
895277
364602
507342
964829
590550
522160
527077
796267
311801
226033
589386
884473
475647
438940
393179
637489
600330
415822
399516
247564
901406
838125
427715
493967
959580
883953
241711
343170
845040
210928
132210
141449
687488
173604
561295
464513
161157
495355
642366
865144
796086
146106
329837
347113
306879
903695
731649
457011
749713
380914
411962
789622
167827
252662
843092
582921
827862
206802
131305
818522
589286
223847
628148
309315
358460
700590
253105
351109
620272
363584
414785
802724
649004
200064
635721
499295
347996
573672
374425
308170
907073
214127
482698
987722
977957
967636
980417
819852
565001
626346
688624
791170
462171
434304
104796
280315
443043
511500
942361
591902
126299
771539
872081
225859
854047
628343
737187
234350
113370
481310
429512
756425
766016
201915
925777
336956
873018
617851
590061
367724
661820
519278
139911
980717
684691
416239
414219
921157
368314
472082
382377
725407
986315
179210
123474
351977
292882
540500
616800
759754
952125
186211
315154
369603
134768
202088
791732
315681
927670
362750
287613
888636
563538
591728
505650
922544
646962
664072
342440
851061
569509
183380
550022
802365
215555
330486
756873
689769
759499
534345
395586
212584
968522
275980
651354
965197
742935
578188
633013
932652
245500
319922
439284
977586
772334
891269
930837
578046
100573
168766
928565
920767
602919
239431
453301
745227
510023
865326
615226
891417
525004
929036
693934
868859
838084
714924
776677
861884
581527
972250
303642
770482
789487
247658
579127
457600
793493
956610
350323
151179
499351
252933
687670
830199
517701
512509
456632
138397
548252
929860
775592
169803
376666
237583
365769
881048
741167
773656
474294
309794
721876
347110
961925
838310
761590
412731
634474
449147
755627
155610
574450
224204
293893
537619
853456
797680
590052
493292
563765
853320
620645
730061
968984
411860
676792
786024
858517
389330
239440
226692
906961
806772
920660
267109
538204
324573
829874
988985
863055
784568
172595
428289
458805
705396
860042
646106
126534
516864
967237
473031
820271
706207
187974
768893
606701
138664
744908
821066
244471
281149
488042
959875
824764
624198
169209
344553
689314
408042
557609
343031
981997
293001
734226
238283
581696
975832
479242
610478
677086
779673
490351
866178
759209
814135
385699
525127
580140
178011
625176
482634
345236
988046
474305
364042
750968
271628
994344
879304
436314
283425
563550
767114
394022
603299
818605
892812
471159
250027
103785
547909
598425
774385
994213
825969
862601
654851
906497
299296
830616
685633
279009
564890
827566
816312
406617
124045
389708
487354
221733
678581
703402
281719
284181
499078
619999
679066
249510
554745
835902
601057
857579
652273
355197
247834
635050
296681
617010
253879
761315
952252
931030
460654
744683
407568
594187
614928
949975
808479
495418
833188
758068
269892
458324
721471
881619
954911
728699
438977
877313
706820
333209
948591
470869
977510
309518
691817
795331
478972
719527
728168
953229
825326
101065
460630
838489
359422
525870
359081
675198
971125
580454
882461
584824
294185
321278
634669
488059
582984
874782
278414
388676
391619
208076
282473
350474
134426
394575
928210
467316
197312
977870
822441
878884
305931
966934
108941
343025
755642
854970
605560
405778
136739
602709
379547
301654
792120
287883
260022
330481
414517
466701
907188
819569
287337
581884
327201
134927
560991
200773
467337
530112
496840
393578
802095
660971
289222
740193
521894
433237
318327
937397
363728
880280
584092
187626
276240
919730
672453
293599
710862
240954
568444
173644
490470
668173
859306
781483
927501
352422
273385
289203
466946
905453
976904
788382
224333
955462
436148
373805
508055
605962
469033
625218
403781
259539
476885
866698
835890
551888
753413
753854
943143
547192
750607
466174
520282
309212
761787
652414
860321
643541
776078
254141
911601
637789
335796
997328
262071
191769
494857
802686
638226
401940
231685
437700
615179
500359
442850
784953
320051
734483
204427
963851
563479
946833
245730
543080
743010
238977
868334
659705
180496
790560
218048
294633
478218
458773
352160
841539
240674
171305
100249
312441
924141
625654
249437
529217
186008
408600
369910
170202
622760
866177
746379
592332
355506
298441
481707
426509
997363
209218
934200
607392
394734
576937
238867
602393
722016
470392
179489
796667
463937
182617
820535
843522
645786
210485
239079
693948
665213
740523
546758
358705
970981
960188
548441
814884
880875
596226
639484
994258
144834
924417
338254
263864
538448
318806
530109
240561
663081
165324
209993
242876
132777
438445
883832
605340
556622
283573
326677
130969
627536
567171
555078
648003
707262
446185
968969
461335
243862
706786
251625
127515
759649
391459
456931
385795
626185
895818
304847
158902
862519
933235
982382
661450
820461
433130
649871
125803
873917
821274
906301
297083
357796
872548
140777
155220
918439
869291
460271
635401
101672
546156
811879
964938
592997
701868
799467
184390
941389
268457
229664
196075
180992
167826
544547
694697
540546
887347
594449
261748
957659
924456
310803
487336
335982
943762
453220
704423
703156
222376
564608
811934
289300
964165
809898
888550
449570
633727
542458
171974
265169
211064
381090
552949
645078
396301
862044
819773
738651
194956
891826
312091
194716
349794
423913
417731
407105
131442
712522
717569
428824
342754
894190
642906
100783
736400
138598
130417
785547
884289
711237
801829
995336
635098
150090
789463
810478
674984
961357
785802
611532
442713
124325
273635
989811
579149
686164
621168
306578
669415
561200
934501
212937
458526
949583
859233
239724
899953
165038
131279
486198
605911
291390
837449
688103
822451
220044
719574
351292
307366
102603
364916
646218
564799
738943
165009
257974
175757
376713
929235
913748
795478
794826
340312
830298
346496
507638
108375
793503
442060
553815
318085
501398
607266
103451
431380
537217
303720
276411
984470
346132
211948
788904
150239
539272
619265
151284
247976
291096
729446
988986
681680
999323
233313
944332
616093
138942
878091
862295
911680
672989
419941
355861
498871
556990
390601
627855
835372
212235
744635
171660
123866
223018
161566
205210
267791
203418
733891
527320
913101
213388
474204
682237
872683
750012
957262
470025
482585
952106
824037
720455
402785
463353
648001
349755
378440
556772
703310
938349
218227
299640
193810
923762
640039
217458
390752
791892
433448
952405
939369
361534
595491
156232
274642
192325
175752
452458
936480
721718
638287
279827
528784
716120
253052
420264
316227
146558
358684
815034
511095
605804
933199
437692
289585
253602
843584
907551
707285
415082
643951
689580
506488
169370
742319
589214
403053
252999
921771
470745
345596
630694
831972
314699
880177
445024
414550
244477
510544
565393
841465
659605
281670
575869
523906
701292
909946
619472
777449
727687
769891
290032
409190
576596
703347
274178
188405
974339
852657
576405
353784
234142
901925
284142
453564
369031
965228
704945
811699
321932
513419
123498
597888
114505
944767
800693
248978
731515
267091
110608
369863
208316
590252
999322
522322
222176
672926
841160
538296
505355
541442
809508
687763
171245
422015
827650
490233
110875
817348
852737
621527
871178
590072
544186
211223
789578
226216
360841
212514
502590
277759
254165
383774
447156
715637
231389
985623
416421
581630
473120
621820
472138
283011
369865
515521
897752
137454
653942
315330
496731
671710
550691
417063
358187
271291
581176
317026
347852
858307
473964
125845
927880
509027
261108
262481
353633
668545
213900
155930
768822
337238
171456
952358
610196
251801
467991
179012
556310
595414
436029
529945
555962
959230
396908
999333
985793
338200
179062
982308
579875
633429
762866
446193
305197
936354
356608
886245
410296
352502
667450
949597
559111
177834
606106
731546
758877
462472
947458
521377
691736
836700
428364
951778
704590
755848
581486
927094
264994
889172
695433
883810
223075
446562
357487
293785
919362
560736
696526
226973
205582
196630
155997
497862
791821
764735
187234
818331
502809
410964
127934
811260
692788
391236
479702
972995
676202
777984
437407
467871
480994
388562
430212
241664
237152
103054
439927
496817
349498
150689
870290
130238
118133
833670
602888
612663
296379
479095
742094
897293
625819
515265
162175
740090
789438
700112
497616
214429
151425
376681
621009
312130
704628
299479
449341
852160
626381
709596
425278
400412
133578
130761
704319
428076
372481
533130
507408
635573
649158
386040
346448
560373
560665
730418
450682
127229
565736
207910
673774
103510
284392
312520
870810
659717
482188
483909
295557
959561
132416
334258
818201
348704
854053
460285
919146
579113
960744
916933
661511
380837
788225
142726
228476
302327
602181
816076
233825
667274
775369
645097
946403
810162
831540
931105
710381
971306
407103
648514
831891
957821
241291
666066
187066
567392
515327
975008
690855
757724
190397
466685
828707
761513
868288
884611
607111
567958
136373
561939
857994
865094
609266
680701
454340
906420
291863
552024
731454
322935
515296
594257
552121
351488
611876
874464
864791
319424
440429
768023
593258
884967
859700
793300
277847
109735
642936
206613
555685
776599
361851
263851
222984
965843
965913
785191
246501
922401
565862
791088
186498
225550
166179
546295
740300
795575
618525
688450
918179
577508
728706
419109
748166
908558
428384
781903
226230
947362
368828
358943
467306
396477
661804
592375
383279
152599
704530
927145
331993
354908
560533
228751
896107
282229
729085
434871
684671
792710
896939
722746
976658
669744
679891
396078
505455
761110
599639
902865
655862
165213
904481
417702
341769
832813
870204
995676
695987
242740
386480
647433
802006
205098
613048
830039
747631
810415
755329
323765
402279
738448
371522
741902
511289
556552
897427
902646
216763
898211
311819
527040
839019
389182
429114
937452
694327
533098
119359
509342
144681
501008
799559
401771
745165
872558
507651
177965
143201
834527
423012
375285
387160
105625
736886
571423
725994
700848
709110
283841
918844
380184
228881
174430
767783
736679
192571
531383
269640
618681
367241
636993
322467
731181
368619
195250
314549
660205
733257
687380
655349
909003
749209
875388
852869
393222
120859
328596
164475
285868
281457
843348
710566
535578
102174
303536
996672
158078
334361
496971
690159
320957
520622
235945
323671
422801
450961
803490
755456
415466
663200
737970
515679
515478
144085
350061
614947
632507
816100
934928
843806
122464
269623
952978
361583
370220
367428
764954
103688
239558
464583
218282
248065
641979
888929
406361
498520
190974
518061
569407
970370
555242
959323
234857
709235
270275
614155
105356
533126
374043
729703
850166
991145
407824
426461
372192
907081
154226
945816
961055
548117
519875
966810
152154
744209
436023
619448
338294
545370
652986
469234
752013
626448
439729
134701
186462
638405
506040
256527
642333
711713
381035
199511
665931
337936
473664
665366
377984
363528
354578
763854
606405
446746
154072
962853
803582
707092
233812
608517
442084
437009
667176
386356
401777
449246
679074
385995
131989
374282
916504
487830
246597
125129
652590
210183
110227
200869
649365
914967
172120
577666
184013
861017
126958
779531
525707
913948
201339
256958
518518
565150
203943
980721
774027
116744
520718
393568
776321
906442
680497
641077
406215
213171
669095
319858
506153
130700
275089
653053
483761
393010
594956
429192
957130
996079
739871
648285
685887
669364
548339
366275
480898
148757
895970
597967
515881
231681
700009
567849
415763
197404
319735
511898
137993
878843
832456
574255
238911
980539
536875
100173
232825
673982
222270
170481
230090
363171
843163
848450
542712
749537
772236
118166
540668
391999
522043
654173
644389
113107
940420
768366
607708
678806
601963
331917
967106
766945
141162
149237
662837
702822
488995
863207
402225
641324
213972
765263
249428
953736
667752
475664
895770
478517
448874
690156
847015
615985
420020
122609
986467
932307
952165
297795
358527
132716
283185
218306
891414
404569
322931
116952
638830
847906
692446
547905
975902
967986
729457
633527
800809
209972
288392
861753
735497
900006
509615
239640
279943
779645
519954
869438
999879
607701
137583
515611
249952
976626
623021
311469
639176
584088
904742
329387
564367
282179
462688
722702
415874
879684
316857
979037
548656
911577
664288
431059
953001
691752
774369
663727
347106
221463
252952
369080
989204
603691
118631
118123
392709
655420
119746
162787
252702
698001
985480
695779
929435
307293
670540
965154
711586
448373
328689
172116
293963
433868
822260
235249
436766
316366
464707
991621
163225
768085
987116
691700
424016
375915
830864
601287
454799
428445
258806
208246
878844
297464
377819
969140
358679
886372
712135
818706
771555
150201
464220
147761
888382
106497
936872
157512
423212
866732
293625
222445
426898
688106
195888
839236
286622
455657
229518
789634
300612
109867
927307
766012
506276
754690
746725
592529
254535
431595
847605
848784
595367
971909
740126
728200
868398
829068
716639
478890
772503
284311
188232
359132
363633
108970
486185
184381
972962
400792
162085
209617
717256
718584
709285
881512
456795
877955
800842
801615
344814
449704
468570
662066
569748
547116
951388
791596
676575
934529
525566
748589
229027
870146
452595
804102
129785
564584
542587
641748
602944
384012
302042
883783
104542
699674
430602
849294
841637
248718
313196
654273
811152
646989
456378
839531
116044
557411
762360
948850
721140
444052
406985
165475
307124
103361
363518
903839
786511
789690
533193
329404
855004
662042
300016
932889
168555
389987
135548
731459
388166
278647
978449
234717
909330
210448
318200
932687
692597
199805
720792
968429
789937
369689
859076
496258
247022
601417
792014
469722
232727
292114
462360
740585
506330
202261
545163
182491
127923
118792
694849
920153
782530
786867
632156
401012
152216
997475
544698
410066
446641
313326
469312
740114
900827
392164
632819
939453
159542
687854
490405
180459
375379
342853
468748
507663
348254
306674
845871
130305
174616
754462
394426
329350
899037
282645
924818
121597
233637
618075
498370
712168
441222
561291
412562
988661
324694
335496
761497
758729
493838
103682
319593
713608
756842
207560
955785
310883
976493
675044
735137
597918
563809
920791
759342
879740
192668
266417
488757
108010
514878
611149
539828
125862
146103
868935
330868
975434
243013
351355
630875
329336
841083
706139
660190
922211
572446
528557
230963
344759
236425
298079
646212
810567
540016
239240
389312
716689
265729
238140
512619
185680
237638
160459
564630
169118
421927
500374
151433
700900
998157
965647
448221
284735
314017
480269
232998
642416
310547
252041
663085
996545
328759
291672
212924
446799
845129
893636
227507
650232
863057
554793
790456
491747
265026
990218
600042
107782
917436
260109
366070
409559
258129
202138
650114
980083
695141
537867
348647
180805
899086
769328
731997
331412
819291
112130
223918
197963
495441
653505
712012
562726
739473
264397
560190
449302
163477
731165
575893
951857
858041
597376
504574
932217
424982
551950
927344
621319
675241
929257
268452
477972
758323
568693
410725
440644
325401
108690
717917
162991
971372
168914
607727
540429
824963
821883
971395
564894
316484
186394
104411
283827
818529
636930
205573
745148
192255
901856
353993
158287
395154
673244
630914
306545
825477
239630
874697
529253
473942
826202
681965
305838
678077
593130
320927
554499
143884
595943
455018
935150
593714
114836
970624
815552
917946
961735
477615
899317
327857
777636
335506
479935
447045
852727
816484
927218
389320
416622
777967
101195
137748
796049
776226
862686
753352
722079
112514
114970
331889
594214
471479
880443
451940
381791
695271
128140
396711
373027
504896
470263
240559
995278
142703
324491
275140
144847
567278
495561
625601
593576
587321
898475
588824
475337
776225
562736
644531
283619
973786
910632
541460
812139
915439
834841
425949
578062
277462
922156
585100
902283
147005
423319
337342
825362
497475
704296
370581
365847
192228
175914
427956
694130
468940
456087
301223
990678
292589
282427
198079
107148
190220
401760
694235
830987
813397
130395
949378
222486
791599
336339
672205
815027
663177
468681
898946
983523
413620
731144
851258
850467
443531
926187
588708
812606
498348
861797
985059
448493
926474
244049
956562
259372
745756
349686
605576
457785
441485
303126
367415
914828
998646
425716
195182
303022
581513
731808
195326
852343
771108
625473
781049
480648
245829
102301
860694
445441
471965
195272
570225
349889
798717
135206
762640
480536
366029
752063
821345
950890
907164
546174
744831
557602
326129
157285
314515
150064
361888
997329
902966
525537
727256
271334
696052
563225
563993
500855
116141
624080
262082
824884
790422
153830
100201
454448
839612
764804
554948
427533
812456
114513
232868
317351
600478
244621
748002
548730
862400
486157
300050
582736
629391
870996
881459
140747
617393
475179
807272
759787
521166
891165
904257
132925
545812
395825
501490
624897
129947
995812
650085
524342
430691
933602
319916
373732
167929
832929
365966
742949
804185
531643
360003
222064
137645
463302
407643
798436
601843
792465
284632
689710
407324
225373
326236
714839
369777
338549
263548
886894
708464
391788
673300
696589
187701
577682
430709
997129
635412
166994
123353
674683
311298
146059
133111
142887
930803
435081
207570
108646
502909
149919
336716
101620
242428
511428
880376
474167
523343
661639
224076
393226
788096
569359
167477
318886
964449
690324
253093
781196
528242
602644
838695
638353
679935
587091
139955
571526
150917
650674
282813
785859
178549
170282
196968
363376
898417
626053
215704
307856
775476
914234
272357
779594
349359
755299
742955
552309
891021
787836
346526
689279
701367
166907
269979
582586
775700
419526
140666
900771
121640
178517
658400
785969
247710
273349
813041
687159
200256
416278
484290
603638
445635
310466
379595
557794
264288
447771
361019
417934
342396
637919
323239
175798
927241
715706
465883
156906
176837
952537
126385
512850
156224
220422
145246
404867
175260
888837
868425
578396
273773
630154
907384
111421
466783
551220
134115
614949
440311
190922
578025
817893
253650
649425
543905
211079
740969
145703
580393
599573
623286
861567
748122
754215
874608
957817
517789
966541
987506
463837
158710
281076
407227
537940
575871
726745
541486
707075
968528
870056
729657
317221
210233
198607
451122
211268
230066
587940
251870
536692
810890
344879
517163
422188
126747
863701
120477
352994
115935
773315
187174
559521
420892
686419
962766
422058
790362
331902
453043
511172
655286
103870
105865
670433
390095
714367
553954
636783
409309
678913
608521
933687
863137
257132
329065
392085
271448
766961
236458
283669
711273
290873
760603
975142
351902
903341
797835
459390
639375
465473
153361
611370
979737
760573
740428
745392
710542
529321
222405
530179
577190
544404
495633
555778
205140
198561
637554
374189
273651
544399
890236
901733
113951
179076
286293
826688
827360
126869
942134
705061
615264
982228
405870
934218
712382
408311
279238
641127
564507
638049
363967
971030
191922
824175
990071
562922
235333
305665
441771
995241
113202
528898
224214
756136
911108
394038
121208
871073
227782
433760
697106
399379
117298
876045
803277
508215
795112
520576
551866
881722
217722
524539
715188
253563
583908
845190
777634
551395
537753
986912
456280
479964
972696
797183
707037
356304
278685
801413
235592
984991
948660
627009
325571
196380
228969
158591
809554
296997
541115
367405
733485
517821
294991
156107
934120
933287
583584
598319
378036
388929
400595
910642
315518
691611
278537
538138
641365
552530
926670
224452
709193
103758
116111
489325
663887
764596
613257
219262
709473
626409
565115
190930
368546
626692
350685
150310
684831
737229
580458
262204
769009
776632
972697
161483
907647
619065
453930
247462
440801
589603
313947
225287
910591
167649
339226
354680
240599
291183
865781
155358
831422
239734
431053
561827
367230
545762
918121
407614
114301
468930
133159
414241
847550
903420
816109
674399
534369
795722
845758
303064
130373
606325
367656
666274
837934
577292
482458
686934
368577
392865
569554
352692
761421
810336
373492
534579
530948
237421
645047
202601
723270
695289
410682
939667
341214
561824
614836
619011
385670
732227
579753
797603
879686
730301
119320
673738
540890
905604
258353
492890
209041
297533
291268
550898
597713
817052
142133
649047
995896
118103
738827
424570
978526
191686
184647
942214
823862
550650
861426
126953
387699
897335
391440
117181
814344
934959
494544
549073
405895
586076
558565
744312
227306
898073
295535
910126
312912
862525
685458
900035
309440
989718
897737
223845
670089
268958
336403
869230
648746
610077
683371
320455
869357
161690
169013
762711
972622
737119
641492
962125
171673
724904
568729
899782
183953
760487
200662
597019
905773
134168
739249
351274
626430
180636
206676
725727
157003
811476
449729
342142
900509
561852
614658
769488
232823
426209
935518
501096
642300
827873
889032
579345
858996
671229
541746
351862
388778
371549
768735
251949
729709
875360
188821
319297
916342
492798
362385
302970
361801
711549
381909
881259
701012
992620
605244
862712
724564
476896
763087
240834
393687
776712
298384
205041
679773
813103
120339
508700
337335
622509
588172
279320
874450
670346
617891
516187
575885
623793
466852
161196
668037
898572
638643
735913
813938
548002
279453
108883
497706
791561
108234
670138
605379
783434
928079
292001
160374
864272
999776
582702
526623
301516
856002
151824
742689
715465
867646
729517
805254
509511
617521
184711
266500
964502
945568
510827
788763
116976
628521
237590
138395
691219
744629
988675
442819
339769
372298
863317
511588
358454
492701
564574
271588
820206
970852
550346
314462
542449
813258
630347
337030
929204
645563
364449
690026
518669
156319
814182
154453
843371
103012
643027
401773
374191
637043
550867
472988
269611
765349
956418
329163
787253
130351
771745
333482
132647
656472
656185
937325
711703
966955
263688
377777
261934
722023
880653
725916
669736
637076
383661
981441
131431
657617
879936
744643
296787
309001
468219
435665
946258
241284
792762
757328
109088
120601
963914
732694
104811
932448
978928
371570
686574
900421
738106
971466
470824
524602
356992
888028
922520
758724
550549
699014
589176
661237
835280
433152
203987
504442
190514
734471
455555
461546
853395
233845
454603
722271
867566
506124
794638
229921
730981
530418
532331
359165
512242
757365
526134
857845
116588
748239
701971
447250
636530
409893
953265
459444
584791
550954
321153
208490
596970
613409
468754
930460
331104
963455
752139
276261
916673
414447
397092
238143
359756
287823
810593
179863
796839
267991
668715
401279
791239
909338
122829
158114
966520
613061
851656
851282
959849
378596
563060
111293
998968
993444
528563
358622
588437
472851
331443
173072
153302
581347
768993
281565
426519
101390
982116
499669
755563
835988
997821
792698
452675
557407
990201
476152
414202
305543
796816
822226
513691
889746
438525
800151
685455
772563
777626
719796
374087
314163
632984
555139
728066
162509
766008
822113
955483
451955
254089
568509
419443
175663
999294
623051
878774
368228
642059
770265
369260
592434
298492
353113
167135
357016
405074
241885
198148
402227
383835
335585
628776
960677
377261
610274
707640
695633
894014
199533
916973
712739
954019
269682
118354
924397
745284
382838
607219
845995
359128
712008
664356
226824
792578
454411
402699
236249
800967
329970
263883
432968
891722
369963
902350
454827
957958
881682
618606
134930
858152
142214
295296
688000
848135
543448
656925
789521
856353
421983
309646
699706
547507
577897
143924
890669
724116
678348
487282
460411
363726
185435
874999
347060
268795
371700
923883
932075
627800
667190
265654
195573
138824
581487
657992
613968
900840
704468
843976
740607
431338
526634
751356
615379
274224
333856
725425
805574
575335
785312
477832
783009
740510
740763
726877
794942
730785
320993
166645
729767
122710
804242
998692
300861
318227
242062
377081
145621
115162
774792
580838
939933
521363
840250
806095
786076
257284
119730
133230
700855
967951
808234
504641
427343
434024
577558
487153
822472
878194
513302
117023
253637
782453
644106
639853
506639
366525
246629
449799
954805
645074
479899
988748
151052
442672
590932
823709
803159
308643
583234
346976
497059
810496
687599
472209
352585
976770
263568
269254
847223
691616
727254
372894
963880
840392
726307
744933
259246
794906
749433
240518
297842
156099
727566
991342
320147
931733
257372
549081
903466
817215
846677
935131
142990
283438
167955
952205
309331
804352
894413
957745
311150
758496
578822
125828
537107
577027
876864
371904
101791
684638
185902
703915
647314
276034
598855
772703
800884
620917
975637
466903
365144
381038
906765
735730
837373
540397
503418
914119
395633
226293
900082
721638
182289
775014
330634
441927
844108
409947
824997
383857
993830
317597
529224
962024
289559
724770
903689
141460
452051
841990
455653
441131
755621
932292
767184
642458
336724
377969
104551
227893
186152
961333
305186
257496
949189
944806
649190
310137
590902
145667
890807
244557
112069
848203
301354
980787
153639
868824
317720
715713
764245
631931
247310
167689
195540
178772
236961
652359
766102
903405
743296
155178
394490
235637
490466
644412
797070
936468
137342
103664
190069
920720
942361
911943
400963
827771
372729
467775
542500
705910
951096
836025
471901
652103
723829
772805
427659
601746
463493
384300
763240
241975
770343
114458
790412
981960
189812
406758
662255
188836
563733
461695
860780
519093
741999
977077
886082
319331
530873
165632
324532
588691
660142
495473
381808
156927
110974
502580
548877
955795
627583
262846
292845
554753
503137
681977
670370
632546
803006
823401
615501
673162
532912
631386
595585
378918
843805
617384
653734
148501
108782
537771
447450
964096
963901
315997
252370
343192
531628
912905
847230
641386
244211
103697
530762
114337
193617
103004
481024
596632
198692
648474
674539
872250
954291
748406
137655
261048
547592
993463
526068
979430
811131
296946
327034
517235
783466
892752
720166
685348
869189
850616
836610
330380
790725
646296
679938
809225
203068
535125
428778
149917
794696
587405
731054
714600
417186
961381
341138
254047
402163
827476
987952
373963
769445
760683
692791
798176
135223
664639
164688
480376
373355
265813
196444
311436
236986
959080
927322
769646
685639
705658
409605
439462
665072
342997
386745
509159
815648
560317
291030
759309
968866
710644
740157
328694
695089
316873
292119
735066
634314
640254
367541
264168
470275
899060
690866
173886
841301
320821
930677
872996
631796
248254
524883
769734
724479
562055
122065
118733
828435
750800
326279
979896
797946
239498
273504
195260
759328
996096
265853
832021
297286
199072
809817
672072
800624
368937
778375
962455
681018
327442
595384
723551
753159
604565
635769
985842
570105
617463
824986
317644
381469
462996
318633
936660
816125
264875
167420
958385
173113
276132
184205
936998
307792
544282
800415
334475
558264
465289
933695
801258
794189
591284
399399
642611
976326
923347
483452
637916
772003
745528
801494
704409
918274
641020
656608
291860
726993
689803
893109
317289
177566
854825
205035
808896
848779
652863
771468
634791
126013
826470
907294
523244
345203
380303
408197
647380
730899
488140
668062
244571
415296
982303
878828
364072
851016
185341
452496
281836
273562
158110
941137
757559
232309
275267
606971
156535
777595
124484
206595
837071
644708
291478
768168
717968
181359
818902
554230
394998
691795
495221
656997
133729
378228
938815
774078
254733
884913
522729
568957
887985
928090
479351
471857
159089
314496
884743
977569
158624
787716
660349
638153
557782
279377
381356
498754
621290
713413
261406
904479
197068
135882
241888
288371
837250
145732
707981
457424
809148
525155
447478
770539
404214
178679
742570
904732
627178
852163
211400
647393
457487
178795
626398
191777
874514
202343
610204
589454
585039
107194
943515
345348
446508
587484
932323
669294
959154
987762
412317
211559
109577
124480
573814
460190
540815
495957
917325
130483
277941
648164
711162
957119
166487
796979
428218
148976
660597
304268
823579
201649
526962
509873
371808
572008
502312
474444
210129
783736
532230
662468
716035
453031
861352
393132
424991
342586
173873
223574
292594
698621
295944
705701
561297
690687
965676
565312
153958
209849
325844
644130
264603
515855
140520
709326
960418
625903
633814
740351
775742
882647
382834
513054
826994
500723
692525
436909
717220
703268
365680
403520
170254
924028
262485
497291
662593
457829
731266
902646
996245
290209
615907
205134
987602
813772
568612
909909
638452
273182
890152
671097
395935
663533
182184
656770
246687
455312
964811
122981
749465
949182
981630
474294
663732
203508
990705
764250
935358
389813
702382
299930
240221
731403
299510
175091
130258
876300
657274
472139
219051
545753
663827
890174
749126
966880
773150
220438
793725
644097
312504
220985
633363
683277
708945
254844
265689
102346
864048
328790
454845
588339
461508
383119
767055
482908
781601
534615
535185
153812
367647
839859
424731
523267
244875
335602
530089
763923
599880
613373
842657
556683
476326
759309
449124
387669
622813
597591
906417
750817
246950
838530
253456
853059
674230
435353
854402
395736
206264
731420
728130
532262
838982
427537
290712
946913
536420
174776
588570
257481
682105
701564
468991
849809
465258
987461
808866
208155
939893
698282
564911
441534
633479
668899
524013
944009
906202
136573
292328
804962
200015
400807
629242
387911
726276
513290
440885
537654
742610
131765
945551
592392
637573
901014
274955
908440
229657
588228
242144
649185
315469
773049
434184
373221
419143
127133
824391
457258
615748
431582
798070
372126
304858
237660
455563
839772
303404
642976
625415
631815
287113
119821
843419
699123
652929
952207
739704
941411
176805
444975
225394
784652
948090
974056
392080
728025
125114
899700
334162
302760
392871
915552
477087
602289
969964
529087
956587
674311
857234
205433
812737
302871
253052
586340
239186
774030
802720
919403
817562
700631
819779
326026
649932
764673
342319
543420
193626
409726
414803
581196
128963
760840
137431
811495
603064
653663
282171
256819
839148
915054
501963
800537
812376
218827
367969
397629
166217
380220
247671
350926
326119
620375
530375
540537
799266
352642
411681
616408
816059
233722
710024
513960
588620
408175
601961
985304
940437
103659
155097
243901
443620
449971
146059
482179
333920
983910
113994
134237
688050
652355
248377
831581
431409
543656
959941
260512
999561
125589
643491
752224
976326
128846
666795
211053
341251
789695
491888
301814
604105
693050
857083
571137
725798
236476
563076
641242
276813
734093
197517
226088
671683
118278
611098
479707
575789
135981
349808
818082
612115
755740
400105
726649
686801
523680
554514
820767
659354
658109
761217
783845
312617
141007
497750
321475
139142
782443
969804
598085
458194
800580
693116
667362
385647
944713
996143
501773
766414
255371
140446
646916
697110
204445
100296
719558
130638
842804
372751
510978
237159
793934
781967
497802
843945
656495
937020
657670
175545
168358
786263
167717
100483
225230
383468
301999
433898
699792
891051
928086
891945
589638
537506
535370
841381
131898
486099
400779
426289
889421
507895
423961
274685
611380
661903
622120
519325
520541
569122
515312
769969
331023
621272
734496
595382
478543
769745
556242
249096
903167
950147
285914
983506
719105
543887
691064
302740
382745
120735
221517
946255
488880
876478
122121
257521
908277
417779
513347
904152
281214
645404
694531
596324
555692
809059
883161
625725
662284
581759
558160
687101
527546
844170
904669
534684
795648
281402
248017
351031
342205
222943
660718
555804
365728
541048
485943
108725
452787
545938
718591
255182
852181
774014
316131
181925
109632
867661
355732
178221
883849
338474
806093
864510
258885
463701
827683
251324
812584
662104
787098
313154
947945
763207
873236
826060
234498
249209
917316
340222
199700
599357
369249
919381
107623
654619
860054
976711
138830
777545
782998
534169
993257
777446
338541
164701
667748
647126
901329
725766
327357
116507
515383
529290
805187
714636
191042
295986
238490
590485
331575
707137
757978
313002
490284
126239
280727
910121
768255
355521
369660
482027
321730
949174
981201
200039
820275
703280
359451
711460
458154
275469
689538
936888
475180
645794
344974
198433
866493
628867
585930
312831
303954
943377
120587
117389
519716
466336
776778
169754
915457
762532
473677
538728
553916
227192
235940
901921
697189
960138
153614
844176
977363
422438
187036
726531
511965
486590
881901
902267
777448
384979
786969
973325
137466
103938
698410
516793
114734
330670
304292
563652
289601
870533
339269
845652
804297
885458
344902
872167
516421
691039
922370
879664
517294
386085
634094
935120
971981
112178
349606
524045
329159
334037
249673
530257
301555
751976
814554
541218
531533
352570
620744
154329
111234
966009
988199
434657
323691
611865
307965
271983
198871
271235
927161
567512
916449
933245
159261
145363
375105
887954
952060
474123
218014
987614
798878
238593
826753
805431
400865
295709
177317
443099
298234
477742
528010
563507
715353
237670
156040
545921
424362
422283
611585
749419
712312
180123
577200
443523
867852
447647
302909
360274
410867
884682
688274
473217
382973
801295
786472
191940
509538
846941
285082
563619
652799
790456
829883
282310
642558
787572
334756
955933
495060
932528
441573
153833
882723
959341
519933
415435
255328
449578
507269
156294
759183
212126
921734
955379
989066
207664
667499
981538
157761
378230
742321
339015
542715
289897
674010
201449
410074
777377
884801
136002
880509
138418
133033
974131
803742
984163
205422
300456
362460
306246
939836
973315
982580
795705
318494
787720
880680
313081
343983
245892
634625
679933
746285
544571
965041
393558
581291
175117
980273
684897
184901
666532
406569
419205
266254
793500
734222
315824
538310
165295
661285
836329
198280
313916
759366
192817
643359
842835
689116
518332
358360
675200
379432
406373
142098
984434
321157
423987
575314
979271
800999
222982
233587
412790
893117
918205
177915
416664
716341
392904
613673
782067
204862
740677
893387
921285
858537
421466
581580
487626
900297
294125
271177
441737
253081
739235
374852
621729
778652
616243
856466
616748
860992
122567
777264
619693
932700
144814
672115
213563
533209
103808
955388
559274
587692
757680
485770
129522
842849
342919
474697
325758
240563
421538
568808
884596
280856
413706
955368
420380
655034
120460
240465
620846
154048
106677
843999
126396
855403
797964
629401
689721
170396
613036
413922
322694
735347
521116
974248
232375
127634
906252
951258
447206
925248
290222
154519
493907
404649
618383
688993
191414
346850
737553
546513
150147
537131
966438
819204
313593
543758
652843
449938
857831
528899
544702
977951
416955
875830
805726
621131
248713
991904
796606
770340
944916
342673
818213
850267
981660
973872
492517
989140
245316
978745
270165
797046
500030
197221
924270
645283
483190
688584
801758
629250
521560
162163
819852
407032
173374
120025
506090
761877
271834
250863
528976
909002
324093
213517
709370
114552
133761
380401
529728
831843
334393
816162
690414
170886
503539
112114
619199
279520
390823
789213
627451
971885
256799
177102
854794
396335
434947
774817
405108
469899
150112
358691
378422
997136
196852
154773
865123
818161
285176
595728
262709
198836
554026
848930
586382
584323
799895
585366
244784
126880
494401
280178
461364
966582
637842
344730
207563
113386
411134
781650
126735
905744
537006
109216
308645
594362
963822
451792
521266
507052
458068
872273
819799
143402
330155
603901
394602
256434
959644
958837
307250
863750
649816
336875
874367
484898
583013
591129
856483
432269
708034
255055
225489
535882
784984
915914
435089
201741
619487
118560
451644
570283
272074
310424
213498
461098
516592
177525
262230
987863
642872
366676
374619
934711
413888
289451
756206
657685
157802
396145
359559
656186
688356
730269
327501
286811
778002
455206
117228
209868
242586
315113
764182
211442
452172
791625
219091
952439
878572
199377
775078
689238
730397
368789
673087
911318
307052
115671
338102
407731
279222
327141
193130
139383
688535
176223
795766
970664
424240
192854
891053
669212
742964
269552
698386
194311
541391
128136
648726
919381
538964
982899
751822
774003
973569
171037
878160
752839
581393
492946
742443
694848
932382
791160
575137
413767
218480
601273
657634
244245
136455
735295
643301
545887
829953
377304
633445
455533
913000
942361
966550
641192
739643
236031
269474
851825
149751
212337
853061
914542
968546
745696
773729
482527
286389
409584
714815
494767
265635
142545
960259
655910
207177
367846
625898
165083
931540
150278
175779
311655
167402
532033
768487
498581
267414
297434
504086
898997
732628
452947
130927
774287
549300
149991
618380
667989
402350
443888
365240
979314
199907
846120
370062
460478
187884
883245
446735
292755
108034
412446
862847
613050
846761
797666
550237
444510
729689
997992
471902
167779
557514
980616
327940
739375
633883
104584
273216
948262
130015
242012
167713
423060
415622
847205
134743
754690
512067
229785
751593
784844
278143
512611
593583
810442
654457
223169
607213
974218
392824
395084
800205
852606
514063
519797
565656
540881
500427
471818
928080
420725
541788
305015
368173
405945
725277
293962
222002
780694
940514
884367
747819
876648
508734
998074
524134
919258
135662
665890
222699
172730
653862
868618
798617
897132
301269
169404
993438
769882
791287
468559
846322
832264
840919
372455
188977
113477
723039
818491
802579
801022
664958
377841
949962
756077
835252
907366
277655
929295
633821
887242
889834
947124
676823
255239
445620
307183
811762
667555
701866
139532
102132
696187
834008
313825
758022
146287
156352
506365
965438
835133
581070
572414
319465
894341
305529
444351
207445
356587
764696
193966
624600
790875
968990
919931
393217
378887
657299
204556
292857
113772
785297
887149
714421
218739
670520
165477
183387
747955
854286
120324
323695
271443
681751
827609
333849
708429
824460
776928
636820
361166
319515
899448
158453
899547
678971
754451
667094
850349
518475
421318
171486
518173
664582
567552
614991
431034
313412
474040
827884
315895
910192
139775
453253
373666
985953
670452
107392
594351
917656
540950
718470
834867
748885
315316
896999
126956
427382
561345
228107
697758
119950
782115
554006
428248
124349
671946
831990
773077
981009
366750
599532
403519
447257
118065
700341
930414
726338
113555
262964
173101
528528
212900
587326
491517
460347
604933
674370
217203
538339
567943
298035
984317
317905
947109
260947
695203
324907
236174
837789
270920
607380
597498
306767
448431
797502
836990
942099
168954
743404
811034
635912
984429
688073
554671
497842
554801
537535
468270
437914
148405
284757
103436
668963
271439
584936
573745
330987
419776
899780
392752
917305
803670
895167
199921
146570
509419
116114
680138
932914
671594
453621
735692
276049
858290
777430
275257
539987
490898
280502
597332
126436
489460
221760
930417
145999
403703
836070
173739
379985
637621
758682
861332
890718
749795
138918
474951
837519
927511
974729
212825
615143
697379
896143
551278
551713
682303
468683
167208
445976
898245
838388
760219
333458
631670
455481
939484
686922
388282
908065
656183
480184
884165
690595
999295
214176
741333
744383
114400
733940
418327
984920
192208
786982
838345
754671
392708
617869
250426
483837
992352
513171
367310
294508
232390
318714
760926
496627
812208
773673
679836
684748
762104
207063
799027
461587
241716
336786
864685
905725
653343
535915
904847
757234
333042
234722
684863
528969
512434
884394
856678
370399
642275
586905
501264
192852
342107
275727
722991
533090
525137
768192
478111
639162
907155
526463
826277
539773
485111
419240
885681
874932
545961
233226
985251
417484
670916
422160
507306
394097
498300
982987
422918
327846
431735
159486
637487
398751
442940
429381
407343
938267
324067
327138
178186
990945
479276
882085
754238
951509
158668
206840
670277
107383
135586
925028
621047
795065
583016
428036
461261
662139
892133
417924
667904
595973
766815
945461
331856
419200
102350
371344
162465
896529
224875
872036
767999
694963
393543
923262
867490
599312
641144
616980
216940
585148
731854
275342
676623
703118
386244
989681
245549
