946955789
361445307
306569546
354427101
231251699
194526515
897492985
595937407
666572348
650923940
733314571
309141309
130960742
727303891
514002278
988420448
542406924
293367917
638281357
451919371
733937265
238730063
118858278
118953797
153432853
883161409
887581340
419946932
402056435
465310056
756653879
857027496
754871900
254313835
291234300
109425932
185474367
714741172
878442783
783453905
465695637
184408291
247543078
361479037
917926101
568447266
402789179
335853360
728553211
462124050
771993534
728588507
436769018
396950840
201678080
823175774
948072711
945057293
779725120
928371319
105532752
226054904
482777705
626948675
710293316
464069225
215632506
473076240
309780101
846638955
236330566
904908462
290140562
116561592
775487617
363593767
864965206
371949321
456265718
453282279
641253460
211042819
303629085
690516605
568460181
787131633
961609421
397309987
586552085
658879441
583052183
187625052
698357844
602078762
330989404
867879875
769796405
898264454
425857837
916916323
918637832
845370861
894774687
903750109
140792475
301266907
375376968
455231163
663017426
337042277
712762914
891174597
299496845
653193198
372410225
837459874
925701591
269886775
633410646
161390786
154418889
557029050
958791204
855996016
475313256
723295692
732610185
458419557
787845790
316127997
714401398
194413326
272949115
123735197
447556991
108340095
666201567
754074049
784011498
550683196
687124511
506738139
481372597
868552250
125791841
443338305
554905101
613978270
925068222
367040264
771799174
241282664
718021907
282671349
862615372
634572645
496818187
557872619
900426657
337739502
550577137
398218702
530899570
711292360
828193582
802712469
622094515
103124789
675917379
310160159
234475150
557068681
205380189
211761969
149317594
449154741
960031755
701347501
786284656
405802149
906178056
675155971
682207365
792229003
677201841
384686002
831165492
298705234
635995166
214417858
376991203
819510710
417914509
649328172
841072414
705302610
371658800
802681564
346606605
460998394
418040710
780898214
413972246
644144312
181224095
442627170
282419315
263682578
288920305
926948820
274256405
681562814
118318136
474066384
845494014
207733195
509263270
469417838
804979982
137901240
595865921
519478417
932382397
925342734
927409449
106273195
582479391
994576448
666888329
779483322
670482983
613090422
356923352
883271890
333606248
964119121
523507896
911223944
220022103
488274488
912682086
580484103
546519828
708646756
295396805
258999379
434093189
394895876
244812714
121308942
904409115
933148396
515103982
860779899
433455049
723307968
144284473
904634253
209165298
557367119
764601912
894208758
296347693
460678324
700694659
776646838
854654007
305710842
467583256
779222453
230591196
894988185
104775060
617212487
507492834
219376527
232728246
484045840
642555453
751801599
201553200
731946624
248600119
312489721
283034354
647963124
269314623
112109898
110266687
461924000
539091469
667627884
402833719
517700241
251135103
616160643
728005922
746281292
595806591
165776967
612182638
111512451
146466400
461572006
681430883
501053871
812537551
339908924
859521832
908337146
275474135
373597619
469470084
637842289
179130833
326944780
748597258
386378693
513868708
418349383
645270854
877106469
863545734
764247302
188828597
430791782
269754308
644837706
920231228
205564341
182323674
571536677
211050162
131065425
493953896
575815428
356154773
271828166
744986902
500106534
479106920
851465084
334405664
955194787
933235633
236192678
642139279
826617831
872304722
978928978
756802037
987514799
104638568
619662275
540413980
696711620
535464069
140145895
516338277
824233957
152714547
682052181
500870693
821263404
348107247
466385699
115823272
920587554
231799071
959889153
533635109
594910407
906067867
489965641
831479387
885464413
584864857
644894584
767214817
272747325
400002322
110386768
825256499
483698831
483811807
866812951
114731030
298166842
210155967
440893198
689398384
867111465
511316178
986526967
166813306
573797909
957254199
115895906
689439714
190293505
365194674
387470004
884751942
549775759
492653264
551418073
710779762
959902156
410329502
821791517
834704800
243764717
132137876
663120220
181952139
872051999
569949794
155890757
829916188
994311421
662735251
977008245
641184198
365858030
544529620
569861508
637339957
713722584
620359194
390464387
682689809
256733044
854277207
977665536
850487981
606542378
324141324
913554731
593226777
195269116
503054939
261371171
988800182
807006852
900092898
946888372
589651987
692834397
671534646
573615816
292388453
668348406
207079182
394134787
194670330
220588509
281170451
754222717
607443414
999511455
581930599
346316579
625602432
408194634
832417188
728303761
405655522
403352259
270496329
250556963
203866027
333175017
267650403
763330630
323791938
890119287
622718866
546947064
741938356
311154329
178091880
631409948
332380165
757230396
762852138
311993528
220970605
834516192
695699004
124879531
985245738
452302912
363166210
570405288
736930726
508153561
399791855
878210433
312666013
796374388
151747533
832443620
121301729
220005700
236351678
921810879
399435773
286655453
617467777
251823231
781973556
264373116
145716458
791498413
508696965
181226489
335080299
131616079
650525934
403619660
437960820
666527170
559305130
823426427
818171993
866426672
685247826
442642627
208637755
233315524
318564986
696522239
322899944
520173100
427301646
821668183
604713263
877655411
235718025
753751991
839154403
441134705
526616916
923525822
560006223
123709052
160051474
109382016
105546843
537407633
305359985
463561853
581135237
610703815
185486837
827409221
101052200
447395042
973070874
749851722
685558567
147539790
522219629
143747316
481090978
736675403
245460436
342122026
724897108
137416517
252323188
727365360
510977676
361898562
565280810
921871301
366057588
619108394
522756479
199342820
851808238
479990617
834447375
371319667
515259931
477288741
511676778
653474565
914022406
110051311
503685245
649514581
874705790
693808131
532798356
169135621
422293475
997454960
770069714
215256350
681641590
676253649
180497642
568993985
226927934
124088011
443600490
886162227
328537808
709900619
470227955
774911044
854486938
209855298
442397852
526126771
823745281
683841635
240168326
259608035
403553110
116068417
879360325
237902849
641933672
458783787
794705660
630161461
226790236
753491609
753981782
686658370
380102786
716955785
988167487
111676452
385735381
907257270
117796294
277795902
504139302
404168421
746257749
791032858
219939102
609763533
694338198
768228633
504122175
263579862
691876156
953289653
478868291
853794264
862984865
847334905
751490500
395193562
426715421
926470298
772501034
671819483
359487162
317364613
981041753
914783231
405559580
273297268
240548678
375790385
398957067
783527211
250713410
842098991
352101029
563048643
315905227
400653945
985657234
357569846
265285095
332754391
558389225
420187494
856087357
957038170
496107167
995684715
418978022
224845612
899110427
342407632
201077642
130531004
732347446
672394873
937354667
973056477
542231197
603539509
332870944
700518520
694580025
470619122
568399815
421453987
403119234
226448264
278270184
204503408
118137505
893025888
965611131
712288631
133176782
286622443
855245481
124828845
203723425
851308105
871522338
804491670
199759951
575541794
539230510
629703883
682054631
834533597
276911622
989727971
797398283
732144807
157326032
812773036
678489362
948712181
262679029
796019076
277712525
205458752
879145934
663474360
375254346
684703731
215127027
227839224
309451534
953922283
630205413
848722887
869544650
773192687
682091453
215532268
282139371
142091271
286963469
681175928
619665876
974620655
360430229
215250151
114513248
833873592
454517353
894381392
163382347
410900995
960537540
309353669
334627014
396723389
922067308
593635482
408189218
440613135
673278277
690170129
152932663
508241379
394430710
362610712
289712821
956578371
442403610
641197324
387035661
518139570
280674900
636826366
562579456
963042258
715705560
820796782
678634526
981959226
818092748
514199605
595907762
373379922
244216549
445249354
828651722
804792815
600170884
271919964
379609048
665041702
254254988
106383194
481059974
196823811
243090873
879468315
454291097
867369363
752184720
683069659
366073342
739016701
298294483
383276131
659547572
410450914
830562419
727041507
386783797
196977982
629685465
522427517
660330547
429573441
506354390
196466187
640526979
207900209
905055917
871131533
631661972
169312800
721978027
118653738
191077735
287357148
811389668
485244267
639694777
353480420
495116968
849605319
485934537
356862216
332043721
481340216
889292444
617061574
461340384
360640776
723423064
193306537
341637315
105567687
536626127
640215678
865725066
440175132
504564510
534549120
694666945
994691061
765319713
878370741
644349835
896257823
300118701
319459905
517519393
687873538
974699659
152141922
301369827
913815362
394680585
139889722
153250729
139462549
271019370
254369448
446008126
283006509
444538235
749176233
138330893
582505330
658943120
156107267
533501401
408408139
749792927
859547302
106322021
649026062
810172947
534367855
690373071
775736628
329320230
310334735
993517826
222951685
272626676
927565364
303936293
707566203
817028697
519518268
140669600
664945176
687007703
563117967
929472656
374688225
701882558
995988042
243893319
523651331
935205142
614716719
718216908
289823058
847139932
636350688
901946826
217913824
969920498
142396678
136056321
726783202
191309928
255672929
470438629
141036849
578877697
571696246
215052587
506044630
575099901
942981385
206294068
194634940
475576188
830389663
259294629
842815645
381343521
942964426
174254417
538225955
425798478
885297582
748065561
588241488
505143816
730768180
436470174
100980214
546231527
296462354
228723885
390924936
833505902
927443240
833435593
528608053
274606758
885730346
582641944
805710300
988984156
905533224
640566348
536043172
267318350
301650913
381400543
236851160
241765711
693257549
312167233
514915633
780501635
428227662
128475387
811083537
424423194
972493432
372907914
257690848
927448660
139571839
642214462
389144351
811521215
440204629
388861063
953723219
400344671
209979164
688124326
607350038
993368778
498926224
317826972
183699557
856134674
671978173
184568574
644567210
189014847
972801582
791349520
868611170
583501305
995280397
116317638
210821244
815878596
993161636
154866483
926327129
576624517
595375056
110033307
682643356
753464655
856892928
600773503
319419727
433379443
412835988
195561283
156794719
129374170
566377011
342095419
388012965
641974084
685060675
161800352
537433258
541849911
249152410
925678434
545881165
708563879
100914937
167620546
111939989
277662361
617340578
761440841
375378672
758386706
239322177
381946697
972964007
298274541
572831131
955450163
158319066
580390170
646791977
336625938
343220091
775684772
866852422
816350372
551613813
553172173
768103437
399231041
155607572
397255156
546724777
482964535
514618072
905995375
181988961
364703310
786375658
391508639
709292859
848192657
202364627
766885896
715983349
139693461
114679275
821594739
980923393
468666275
597980670
864873673
152534618
475575692
803876791
961024505
150618682
102749220
458023140
746057199
458171167
632138789
384574239
188771118
858512118
500450562
505044272
313371629
435012793
614584464
559916040
226606503
144707340
194804475
545549284
439086785
207148100
275814878
487603294
216277760
293397671
529222451
545262214
238932625
789012622
923484907
688876935
987975018
463560484
144729373
837305336
277660622
859464125
948677975
776998593
717183728
217666837
820088744
724662447
282576531
618572368
897346679
947075968
357109805
136385228
487597162
510523051
172597462
669134205
592142665
939758182
136867749
948433782
825191098
931947344
667988943
952937205
489163710
465418704
186717996
394853682
694087290
688906111
949575725
696918065
833904023
219255895
466250022
335811226
363296055
277281116
473084508
495774608
821576520
777015992
961282221
153534679
493728140
890933838
258792026
429910962
115553766
113657413
686840939
149267610
724258443
484321632
516434183
755176115
952759640
564041176
168370506
973293849
372133195
555607391
492823547
267959176
727596598
507453743
398093808
111396861
846190210
550651652
709781219
945880613
157741636
527029502
824023143
762860454
411669129
710083166
282981151
518774448
994907635
485207343
549096712
123710572
888406348
322506262
794141473
784322100
886091966
810939635
353553324
499090472
963032997
484690007
475600211
608936094
661721958
853215558
295247104
913596183
985387071
889665603
719120478
192503751
498834064
532420890
527727414
997608209
994593764
925763206
723689109
212188707
712340034
607638227
722979962
638609662
328679065
381136717
745020991
569186168
138398829
572039098
435553106
774080640
452527960
826714284
435834924
496384304
854495807
258734066
646035169
225973723
949876804
548466948
888780944
740879065
951730832
514253941
687003996
774755491
680378433
293768947
719439059
556866986
112667409
413302482
878861389
258255366
158010615
186361330
505714557
316332116
296166804
223471763
119487427
456422048
514523719
158618644
195077651
121407522
212694947
637195442
316525806
592089649
108733914
300643258
224965489
535159511
995536857
377922119
141188790
494238751
850575667
520794355
884320512
205577708
795458080
922005736
611161090
413391623
611788997
408177175
413593321
833180365
848591860
226081762
982396220
882600326
106833544
804305363
570264777
881148906
373939686
455050347
103924486
271275629
301406704
352680121
168220385
653167366
120873644
291591776
159374009
124349731
975714045
875472498
500673545
655592709
687704321
525025293
900863183
358228535
920090545
605821002
479693533
981821874
918521519
231816875
817719200
703236870
218786876
917270140
879133066
908687573
293161799
346043880
862626544
304751273
895037421
370962630
528315277
408524537
541728578
809167955
520255791
933341255
830385899
588160516
506708284
591288165
164013893
954804740
184521855
694748576
522098937
749256582
697148167
635719278
278072149
415617835
283316738
484988147
490845360
325113358
467293780
958468555
676272344
336202810
901250313
190690568
197388744
488299452
323496365
717776751
193309402
353481267
755949795
625644676
137760658
625015290
930616135
309222427
350115877
585386498
935240621
547996760
177630015
803821395
742235412
133974003
757918166
575713767
463209316
627474954
118484348
658665792
748938533
728807625
621738527
259669685
626573717
701157344
843109013
581498162
228623984
290523687
973511573
208068845
126010232
558315384
731584645
590185553
807352204
154949369
543615514
202821630
639047195
307790293
514845738
762631114
907840179
360750143
976265566
265332924
400306569
304654460
683801931
970744864
195949857
893332454
979101110
242655189
249305136
753444229
954975744
190955557
747077810
113967915
490791008
409672545
616746095
214371962
250376163
190020293
363343962
754828911
407127509
223197558
503025615
796154825
798544861
494174041
376945479
180637426
434246068
476877444
691192394
305684335
982333626
176991469
243312769
411930406
853044472
708789049
695698394
968090577
258949197
434594586
861403387
389328715
996143467
610626583
870001236
675321178
807028599
623215401
537619844
875562909
555603545
839194173
332216385
323930083
902746593
928967965
110415026
613719911
487435661
862985382
486701541
521092468
129737083
173947601
676571208
606926596
635806869
380617412
604487572
673292165
911836510
985775638
951297799
524005339
169976228
244820016
110102713
580155452
327376224
872875277
821843836
978470669
118063744
694491908
404606620
141591324
203477122
447617008
270301388
696951817
885787067
858303977
153346765
640673904
460087892
684599843
443833248
954672769
797921991
465413550
658661263
303109386
174759646
842174678
589356120
453117031
637338474
748719125
406693731
617394912
987014894
232749250
682361975
420802663
425369107
425368958
460603571
832782227
761150212
169280313
818123744
809480442
963314578
601026722
152924317
901997356
812973567
378173753
204557667
920492998
360786896
534200646
767764530
395833593
183941857
164684904
171298857
376911148
497524546
445607195
520759777
639591760
571119915
496001626
552977000
296667773
883229790
353272533
781643432
739814129
251273860
617269388
449534989
966664415
262262860
700570896
159432522
760890285
157635453
731196544
369631787
251098322
558018151
144046512
857548946
926351750
164997185
332094693
749306278
701965832
670014896
820937003
435951755
664609897
192266327
513856238
413172926
141493741
444354965
747747671
675673847
973582707
588383008
989768699
462112740
604638679
719412005
702235392
322318903
400613969
772188112
974708664
613524793
716113424
967121920
433110212
543514007
143852965
829043284
111295622
228662166
967540295
474799627
116400686
938032965
787276438
653936869
519130924
195393174
557381624
688300633
931659726
447213189
688344768
253947376
803022692
723256924
800706685
652756413
255818447
466479385
964466928
449695791
217278714
743412428
605392199
455434082
202961388
549156353
534290517
951433557
179903189
248418377
987319775
997490409
262914031
843370193
862903964
650207064
191723886
180989037
989370029
545864174
270041678
706348481
933795825
858398431
139021356
844112831
262574491
389636900
134757280
684352245
317281245
470095498
918415304
561139326
348461317
712294667
200191656
730835091
686377182
595702161
914344915
712254793
806136456
102639378
737823493
527602862
865413157
475536714
699459096
284194659
765179197
456867571
402683190
893837746
202795943
266054833
114661040
136968397
927015847
740331968
895085495
315563715
760215596
998744577
216152170
108865379
612473361
470227161
489548840
547860300
964803009
464798348
357432668
766859967
148845888
387836452
243587233
443825607
963641258
937231403
282151024
961194284
542820773
570907076
160080297
967411679
869981367
857860644
409253685
763504259
335952051
551559904
664579385
950577994
661361011
261408640
990982591
101373368
732002941
488108915
447786192
512106246
764006810
715623619
652967599
198246191
868592586
630284756
790394284
162963330
893553800
233839011
113519101
297044399
265572936
881250110
456589562
529255757
951470921
477472322
823133049
767211614
343466363
502645493
551721169
237938093
541750690
566978479
481935108
222595447
454313713
994478277
222063009
115492452
765277985
504367352
805968829
134405059
931705365
223615937
365626349
253763908
922759537
481535141
593940725
399081412
868417068
736963003
249934046
676726017
640037223
889901015
492302568
374064918
853911446
108675113
338012624
315911782
448778322
153884568
503494033
665202844
398313631
934505342
834516886
681007907
635918127
682439341
961762032
202783968
361257500
584239971
402455659
348356523
538966617
239277276
703247363
665187238
991599432
476469484
552744214
845097007
287012011
183289058
355246736
681339263
129646433
782092712
152262077
812702003
616122664
793098362
387208286
938196386
851937430
501409794
316824674
682236767
711125375
988758534
149393111
269714711
108931164
814442150
314949979
197145364
414970222
718169355
991816818
579218891
202007344
632867649
325116790
855525945
199330679
112687738
725097236
463100155
103197866
707965860
108930210
296371066
709886355
880448533
494393698
540511317
769855224
924068116
368147027
898515239
841178519
676263463
798272410
611124655
786275674
951030403
163960261
416236407
491880412
863565088
225159416
992363053
142771585
335865396
921555955
421738150
330098878
742757756
370129053
956875573
151817488
379807928
831435429
908994912
614680449
172389873
342884353
144549386
568063842
142566169
335329455
452616999
843988943
218132345
163361729
943203117
291010178
587292518
857360559
651152866
795592530
773997010
146852105
730492285
230054803
135658570
866464948
254794998
842331906
356872893
242242166
229316052
340320292
448629022
176096720
853158446
844297108
327818715
238890651
567270284
107589881
855368111
148604494
881421120
739296874
356771300
794911293
783971697
581749591
208145508
487189743
857598487
540911179
352330603
186412559
848241068
692659364
906229769
147063994
279304513
788922884
534676484
632560328
730839667
705642616
989155110
138756134
138256342
251559378
683782440
354863536
737732556
568958771
849314642
786184426
500537166
506838251
749778438
222984038
607212632
619471356
141016193
823155695
855165947
697134327
945026830
977975297
667999586
174783350
847273546
348182953
188913125
301709678
693202846
270882236
120405657
459677050
417417451
373109930
707004270
910564848
380860891
260735036
331874599
190930058
913579197
661529717
789263890
188577788
865248961
614331107
828474742
782051146
989490438
588834456
334983877
930592889
835301066
124472662
468749049
392415936
790978798
629253137
160474497
552386467
487454506
989452574
284222301
429954132
223098084
671377561
839550585
709593411
392857884
285898250
833030203
387761996
455423179
738294230
829942865
767354430
925840703
750341973
298311182
369533403
715463228
702465752
444922598
424004642
269101511
405258323
690555444
318875063
755012099
353907342
806776203
552307671
596888938
659560682
885969483
173860343
723320184
108465101
677025201
585768458
922329675
316102568
856510783
860732256
798586234
773560183
906771658
354554787
509349042
483661441
979672770
573193631
875581396
561916585
227352688
593215678
274200866
899189907
120403213
454089850
767997745
901513845
221375732
522991404
508080686
228428279
786604887
748498505
351099605
334301389
602605191
375231887
680901185
580155362
354161640
505993886
115607531
692414027
573474266
541883525
940176627
816366814
867809528
452116475
295941637
229005298
604949181
789766758
570949444
879986231
370897556
452744438
629388981
381655090
446629854
597971782
452199099
545445097
818427920
862697745
122402560
627402759
170739270
751718015
331092413
884370447
270693089
230716685
428471285
821847162
653921591
612306645
857028464
958213030
757822005
625992994
102934817
644493630
504395462
743684203
231403648
226925351
123641392
984827399
237186584
401344522
674252273
151805562
405337776
884222014
694594464
562371561
292002780
119092214
497860551
639500826
599260333
911375737
625649874
297376825
725174440
978964724
990713772
858204845
390325734
180419494
453068624
360425040
873655172
681564864
855980813
645237123
959205350
923307573
113009791
897800656
776781596
371176657
755168835
365038762
111634627
538460926
762453110
721557512
772118146
195843794
255868847
250604230
778438921
347954385
497530540
155779126
458650040
420327334
709132202
349462949
842960319
277704873
766850228
522504887
110943994
881212451
741462766
472793888
487428669
953337964
189215293
171559352
726331845
122689702
659613875
344039493
945901379
764311725
250071086
783671868
717153748
556822693
587280047
638139059
864377745
274796959
867369286
551054776
839856363
951511759
577798420
511514308
351614532
660324679
431747333
375856828
587498768
522559254
349941067
212915076
590164475
379351246
766560631
531309528
330262342
739703529
415253766
615325119
345139023
441845888
452716526
742819306
821246668
131714628
475545394
217539050
374124874
707110888
860299553
201803712
635392386
987458184
929403717
112709637
724066459
373110009
730685725
758280901
444016799
600944695
874623775
783728396
728218425
572149334
592610196
539624437
531157592
793563680
131413428
667210908
130838631
753725867
883784812
982302678
896485997
277989599
790661252
109407456
635690370
793094221
151073819
102968927
963357680
939972781
629838121
299808944
166586434
143341363
484089876
119681954
910675882
278695068
904710903
283812577
356764112
714473089
484351658
926937721
711623429
385776012
967225005
529675154
871640755
286822050
471924323
778097355
964588280
510148883
952302435
252307658
784362025
974269241
839225934
314040708
126218000
263167849
138196125
164148512
426475712
376119766
733322195
862296345
393609157
479699782
746799059
321566777
249403603
609730044
311518256
468193729
905785088
335779759
237871119
174437410
296409389
486566400
294824020
233013464
445576201
409297480
421634442
186647564
464161693
116241616
233853226
876355937
489197238
318971594
683111280
309444518
477941166
196219641
185736567
768678304
655103237
950786381
718388516
673362031
295612971
318377960
687090832
725394038
830088783
808230889
308086844
652488960
713153654
355243713
224474902
725584335
609414195
642843378
180671730
343365250
631209403
650450586
455703803
936066678
727123441
921830608
999757082
822226460
551977232
191028632
924806630
418138822
271231173
464909066
699165965
266263920
804017791
366454481
987813310
890928042
831191661
397422166
489101900
178776188
420569986
937571293
676570997
596515644
180667085
661847270
580989985
837980755
875769675
301249477
914341572
682762859
489207063
508892074
439407151
644238543
460788830
804557343
739473790
259948249
922846278
223316602
518264724
199861013
245604684
343397052
213118191
200613962
854028482
468461178
920715469
498749974
922416463
196008203
460937378
969530621
940258928
234098759
321594361
782156485
958579878
637426742
327899610
737598549
136625200
160512276
864382296
760950437
931685726
216578037
412417501
872767378
656035171
717569636
420100815
168774289
559599763
120751308
407132079
247462344
636421064
719428928
574685276
917273508
306626858
534871886
291525933
454650202
948183347
871945657
278559547
169037576
303439224
848406621
494479101
822840709
557073563
110742976
593494455
835524968
770353880
800253568
648529841
341932535
291061560
138111320
860746647
419143810
319726843
853356122
204010386
225256516
689966877
969051561
254211063
690117967
939156636
466907038
183570703
395861839
291266619
538148215
611717673
105222104
858199945
189921247
833386024
627729504
131645216
532556382
158069701
533271885
748660269
514582156
277034638
735560651
873260512
737883493
444344813
516729927
307729853
123697288
242989567
375162082
840954669
341028528
453805660
802386119
387692272
324887113
213582803
120610495
440377393
746657328
497348312
147853516
789210418
744208850
151342792
775778323
125271543
685050979
440423196
752833891
463697425
863167754
187245343
514843466
455882776
662312845
509148826
406838097
194829796
108061953
383634810
840085251
313504679
568148556
827569492
434717083
671445849
972264627
636261957
868685367
702039921
505151758
542237892
584863791
199374952
765867535
848961930
550400649
890248921
577086591
318100482
390595100
492693076
989759926
755227722
492185040
906101213
214431029
605593699
995479515
340541237
500477656
314920876
121222123
140004352
989544481
950823082
699582674
221944591
900919200
732754768
699996393
853210063
558201538
852361109
779874834
314205111
548527353
618405125
659584984
901862950
339352607
168570590
948704540
589007344
104182376
603064469
593438927
322517928
208788303
128155949
607609748
693756948
887313005
305790663
692596328
746292819
167987563
623850195
180687921
952411916
871201627
892761652
950826530
520959792
888308845
598473556
260123203
145966923
833096912
756778683
818679138
244408563
202292023
957756484
611514160
145597803
830151373
912465283
680068180
542513291
378321888
988016928
424079365
244683296
190940797
266074408
728604803
348683305
690362072
400945032
957235770
920460832
423614185
454032209
412168089
845983615
883353502
798360070
912703101
717582646
999082491
388370943
215233602
863718448
524062745
125207072
545590920
701948425
763908020
510588869
355982548
471505365
862042328
332306569
793700722
586122015
349516254
117633380
401927966
982012012
355205392
145226178
843687775
653533380
511749681
919226181
692956799
865332254
175369319
704778612
369257009
562974718
868961577
605367667
759693011
510429084
935906689
349547442
609366516
432086874
347064730
328033866
362584786
966535877
400234615
988637397
473212709
209621231
825762048
839150194
965230173
494117521
131551566
961279936
757334619
916619153
133108005
188526029
624257609
374398406
344923467
627609414
578621260
974107797
155360214
960612535
704970548
777931003
812184552
781726356
103575450
135799369
166323288
698339136
508966433
740030354
613600735
133600636
276839325
137973259
736720713
136756033
449348240
514248542
476338970
327589069
520354824
766781158
784788463
258005693
655197066
594215767
736401509
855477149
676086308
877030261
580524470
930872331
512532472
786895727
346979361
602921767
911593262
500958775
393037381
804855955
826775278
145777966
917714988
235981336
606967073
327564505
852158474
758444858
962037862
980883674
498715563
582549479
238382328
171977290
913245331
572821062
743300612
119298848
953903465
149897151
212779097
740378954
711500284
790030607
188302839
385597147
910849794
333716966
555184411
814733124
755759287
875339154
124379517
627134914
206075797
901239745
623648627
266325979
200789646
337179275
432653616
244252833
310536205
966039291
324091292
222252619
729394927
652102722
896776754
485027726
336147820
253507493
527275408
769717688
581399775
417753698
702447253
142926769
322800255
904483990
966465357
993213390
478174309
929932726
199962941
581708188
805558203
556291055
951723524
796984530
141523462
595550358
319881308
228046864
904912598
325118586
624497378
585111005
769129078
734748568
740230037
447915330
541826791
631553177
536844675
263239349
737740710
893722752
263214526
111675696
415992709
192992363
929904278
304494240
403890551
720623710
197379859
525508865
619112523
551122290
199005180
896590288
237449219
828244046
289651201
992387072
866680188
447588638
529634338
696330712
374335891
427503073
392228898
572250983
171159280
874385023
294311734
538313737
302231469
506312750
672271538
246855507
142910545
981134044
136221757
163654032
352113133
842776145
316444606
479133903
632216225
380354386
692384930
425356157
982724507
452070560
100568241
734081220
881853483
868133120
651538916
570182737
172554636
747997902
974843693
398351664
816836338
196700298
703711631
669524021
448165933
945750475
195165476
541285698
158458236
221977132
754404987
380958733
404253634
862533038
363226117
305829668
922310749
125668412
148014082
792498033
994085993
153917020
309168644
532628572
319027022
940167282
558923090
316387686
758177048
980741236
939272837
260336107
520637068
977191028
779703283
610265446
507574436
578637488
334181483
884840225
191956584
859372355
430465843
460795278
988036534
436796605
378497264
952597429
777175260
687595447
950103787
591123711
351037655
810651127
548050139
818117447
791269299
916553937
892371780
990387635
695836153
801668395
855266124
579665979
808898511
244445438
196179151
900171853
916727556
961036997
913100438
290233525
986481314
407691219
598254521
532299756
112102455
253308907
569992349
147673166
640058051
508701819
384560956
457743911
841491176
144482876
644871288
403878077
596973096
927938381
923535469
258292810
604086610
177136616
925795693
995201781
483902983
555671845
931050028
145496373
504055290
625831004
592905711
863981967
413202929
944008827
723623523
209757719
583233207
425191543
339424664
260453860
305230139
610775939
288112102
172881821
383573038
208365190
475463070
170845537
661995651
898551674
751225421
576589116
737954946
172920235
802524803
107334005
898525510
108632700
793859304
280162320
497669194
991068385
604865781
472460272
177144855
749237955
790715766
445989373
216270132
704568053
191747918
910134911
818225378
534236015
843193937
386842290
211690510
437931031
502462167
162474985
621549782
823550819
908247611
106950517
652172224
612674100
124117611
746543609
719111943
279400226
942091816
652987146
425267056
994095702
398135430
628865845
705434617
436296225
194321109
569609577
509899409
399658668
696553888
784986138
608000101
634173019
299456393
607599981
306893749
862603136
734604252
232594188
815308651
565059365
656686127
792865341
840569870
707524815
606976561
943990339
698070051
362959822
123820815
711147217
968886873
338596675
280059847
643838017
709218642
548785249
209513125
595931642
695559768
638983114
295600610
148698296
466504469
863723290
846790227
344418507
860332571
606313952
966903797
985911537
260917152
588004859
268242606
806400198
219959206
789959327
170279174
194095536
392693055
830265921
617214464
150709225
105430910
868150989
277404312
245361336
644300244
274051148
320941603
773510714
383158579
745915456
302454269
767265806
765733495
848704856
876540128
319834253
297813274
572487267
594638615
137968724
440302667
278597739
641650294
843328803
560981982
983870076
560448707
684126580
469558348
574102120
757077481
824526132
481183772
640949761
217925719
528399805
910392235
894440608
606880389
128603499
614869952
340375114
465452390
437063208
345973973
568281492
677998631
196893071
285109505
831731269
225705040
146636206
193016861
179513406
678084082
750427148
195037453
203908950
820753158
705313436
153885895
497808519
489896087
327956565
503302543
347803747
445155510
604759339
151887779
513120747
182837745
932698561
133768409
180813068
628546149
994709352
660113627
543702104
119664133
926551606
402772280
951384511
182849940
748316300
355622718
895406707
526360320
117053415
189762568
594708836
307024073
339717831
235272402
377842969
450713458
681293284
584204932
791448723
680530895
584100997
186494779
941541915
868795561
250432169
563093959
667014707
138025695
417329816
654818089
361862342
934067617
582387834
101685788
686854629
365816787
672265945
959512933
495713555
727796646
164724174
749251695
482647036
721992253
904164306
647360884
724378707
867811224
282047944
303051739
800168213
848363533
523855063
126303924
357286580
504010463
275762592
671059159
906935265
403281309
521254454
372340399
755729418
122165321
712919085
230247017
812250959
641175392
310716128
687135420
451856554
717211516
558840049
844154273
402934452
978747998
355229730
985150224
123958286
457248844
705573497
935333145
319467288
516679999
281574756
483587065
159109238
193159268
270077777
731804051
485868603
845662397
485105844
503039962
979803255
879188824
932213370
891139217
789119130
829738973
705872299
634842695
333641721
380113880
306591779
482900655
693342362
501572964
642698208
988932722
440103641
513837911
356109089
301243659
543213739
742685843
576020106
306509034
950507036
485565514
837049353
188570756
200334314
456551131
633881995
292406414
524513714
759742887
631944239
279729794
790217636
535875082
481912829
477026024
761706744
688800066
272956215
631232198
282704501
766918433
861186871
887328145
531830015
261586947
506891631
181834585
248131005
454084368
590491945
852342115
734508133
171259475
436155974
226896399
913657294
199763363
669348544
378306853
294714989
132694191
667263205
256656034
490105992
550718322
805113592
411876354
755336002
509751459
733604735
773327336
721786405
702653253
867761350
598119152
585734277
960618041
139919117
167149672
480377263
589708513
506879530
193951936
192259038
340177386
195049380
257433083
575012740
121517549
454331538
622838300
535862967
148119921
901679558
901254294
499719954
776021943
812628497
946832805
690284936
605476124
574670611
951437096
658973843
484409522
920258608
153002546
265812440
647724274
657595794
116531510
897716738
316674659
627689352
751725493
110979783
180326845
420539218
822773710
468051668
183709213
553003438
610989035
967074532
784565894
834020887
206097497
733005120
565894836
426873915
415387039
127585613
800011474
291505419
760029157
364988470
336909874
921151932
505463808
595984814
435702061
906615237
479827655
466951861
647186125
535459906
751251166
869937586
942617603
159889494
483769397
362642595
369225304
190575019
888382076
952554689
497858495
704856056
747731982
483976687
711598353
951987540
869517401
464350361
176659135
135793746
419232578
349616236
101737756
994596503
819252740
371729630
450118066
305989798
320515045
715080156
734626674
299327344
624994619
405253789
296768774
740582495
158737902
865187812
622558226
110858021
296053387
293037562
126013641
181416063
545741130
771822537
340036018
824982145
827396427
330216842
966136789
456099309
309995098
786500589
788837399
527723145
159723265
598528848
815018278
576954225
482557904
338227822
909067550
525404544
205803631
368921293
978039360
420906845
479256214
645982192
557501745
922489730
834745260
211688781
662109459
357114847
771124294
770480474
714092012
962464875
250170675
689662453
827582910
565696485
525535211
358862234
308386147
160228388
613177442
100993224
615639634
428421836
449774700
495610411
741642286
342400928
956374743
906895993
566830724
177593958
426247540
765731028
507983640
158014923
103180036
522515070
152279349
259274700
203051080
923870783
461218582
570350480
304244785
386119705
172239138
944271335
542032376
262635926
467049972
647692679
548906780
583801377
635841342
155344512
321316393
967536840
504437397
194525486
552742913
927969587
514194412
698034348
679248001
571779123
659875651
728108220
161974832
291539384
276847039
576333971
781061587
565094564
609181235
963416357
967288537
577749074
902046055
519864524
227218573
341979758
761552354
103161312
452865538
823376247
341227012
256689338
856220875
174280397
828099329
502403436
983670194
458118427
565295208
799951690
255885048
886494746
988958845
798147818
841916990
787475278
491604036
276971632
602229682
885025568
129240243
475350733
318516052
544486350
115161124
779904222
823908478
507813169
703420380
360256605
753270906
405786455
632650413
920702520
602349908
362418922
267233859
529878593
599979119
563525939
949164318
702070615
974999580
631020085
232565933
238015579
237054463
484355108
515895350
616886285
480261270
360841939
732402965
326799983
337201730
252687414
603950140
551754905
525164854
970629305
662726448
193653251
908477672
556101117
326591013
361626780
885031968
641780884
519522674
225082499
851363775
573329708
252800067
396526014
270072145
282159665
231376715
367068850
567902864
931237859
107745023
243732989
413340893
613343872
923848479
438389399
585582093
156736529
731711234
773948790
495963025
291738319
151393211
939941797
585658521
779280418
265845667
979020263
335604276
921473959
866873333
771723068
948905870
202357582
172775355
878615821
177756919
171634730
225229581
805960966
621353451
931548936
254545415
149324506
459257334
658447326
292346367
884953212
823252510
765505799
171271432
981841248
181010946
744689302
789957474
214037251
874984870
502984909
403026931
481302960
509674991
670797957
283112669
620837625
820653446
909479945
885238411
149328181
869607624
350333884
952510421
436829427
260193599
315763742
374155481
534005371
567678571
753867983
806529362
769410351
916142601
324502156
590232038
992177293
573470248
749408234
966128064
603392841
746852058
529334681
758669907
887276336
758225517
782802671
583778304
163600970
207513906
834522664
736599463
966912698
708468944
523973722
496303874
215062043
143619719
784549781
416093770
833198401
648674643
979123595
683372880
250240449
458852258
977748123
195347693
509453055
546469082
374832192
320508210
535863967
713706729
316430457
128596327
629786273
545636735
244730436
971135646
955843614
498051234
768028178
885423099
713309079
470109818
934056599
527134843
789413658
880335643
377138073
529152174
551025898
504941832
690186260
780420112
497594565
772678874
263658951
804504917
810347276
290952237
792231354
848458144
288067079
143880309
503676010
454426730
356207798
610992649
751128523
242319544
505098907
472002956
299351768
635615549
165265540
778866290
552079037
199205423
809420818
350107129
830591504
161304191
997558464
499076299
399870851
916255795
268308570
266001476
950611253
343390323
655512625
622639009
116227677
605070236
288641157
998339952
317493653
535980100
745166167
703497704
556033793
760135719
494628926
565552415
277357015
555262293
892819120
695123235
781421831
358251429
117939933
348753728
300946417
241620818
702845043
269824611
819812471
765198896
391814509
970171460
938618059
883691703
904223230
999923153
440079078
668678579
339223407
126547592
934038321
985348680
734745127
798875388
844402884
455309795
518150225
250372674
470047482
388037781
159025212
321219225
162166526
388630294
343515443
112965257
666104909
558679194
134023122
472104286
826249970
901641292
230118050
332746436
937357540
682458747
915583570
506998481
109066433
254072700
220866452
707991930
496410275
723759928
861261142
785591109
303665869
212574363
912047301
329634431
566112737
231852972
822993197
140701532
406656608
662209754
731847860
127225634
112090906
858160189
266443149
199037544
166046374
637947144
160866233
158848104
225490936
652817364
808543416
573721790
894962638
214312005
917070972
967972285
111605474
765843868
384190026
500400236
227853725
805083338
382643544
300144074
649111066
704200853
902457412
535816876
676430009
111358958
339477398
952641059
691811908
796189220
356711255
262210677
222256447
934930054
393674873
471751117
393559402
557100049
466926738
861900244
331896666
999853011
584223477
202095601
760937665
204522671
272550504
239810726
840871215
889183027
427501725
678297007
777481801
550683037
506034802
576113744
743174041
240110099
242762132
905941324
452480807
966339374
601775784
611437780
342664603
848057602
104597629
977317310
528856419
661542570
739723741
157500780
263032890
621486387
684082783
775361292
889424340
805111385
815318234
767741388
820077818
224168661
451734704
670519948
322401692
799451355
362586788
129182568
782587704
561305533
531081162
714612249
758717085
923771381
894391850
625933933
461604887
498303693
251666785
585070203
590869393
787694529
357325183
102718199
176503412
358928232
756789256
102150657
306337621
229929428
688799328
554555366
739195970
925445847
362289379
853927402
864023167
231466842
512423611
972297213
519659484
524731171
909359187
606003200
781818193
645004424
383529377
412353228
586032467
653133358
926711932
859275182
897665037
935799630
850829880
856654293
913634253
815451233
721410741
307219150
108354188
683475964
620207056
882952486
970090692
385465510
433470933
342934418
455230696
885652938
331625602
813579822
676380616
987747554
670948389
758353121
554938551
212490257
866608715
681208697
820850668
941702131
271916188
843433429
596805434
458018943
618027010
815909914
732533840
507140502
354474303
187320200
712571885
665554075
487987791
575439878
753606722
679830414
148966092
547052833
903849485
317433424
306113423
780327785
949329393
940976000
489349925
489059624
474796688
563833942
948235432
939827219
574848028
266573070
587043610
156203711
663359244
412257852
160949795
864836540
565353541
108266691
657488646
367059759
526088947
983390822
943834546
876903478
790278968
337860419
180663799
149451581
557075912
608711571
456112592
536620363
236511546
609008538
226233192
655426946
224447928
930123557
376968352
380675690
721737070
692934029
756834746
360327511
487770245
130329912
298765680
908932779
426095603
754179900
842007664
866328626
310805988
816159921
359834744
514413597
920447709
768549050
364031752
753594901
535166315
224697149
517007039
895533501
151297227
281608148
849097075
108362837
142335601
380280851
364502538
823987940
238377545
241289223
753992736
916258948
903841803
649329274
513345922
809881114
113417245
495884373
851168965
466386488
265272161
762890590
585252567
543642232
841480922
779870769
926105783
513190400
364194912
127879428
240785620
418244829
450940340
422116741
421265554
969859550
773717650
337256120
239957369
611818580
467079731
803858552
253256360
119853631
248219834
262890205
528604397
164041934
346634123
215320884
977180543
813371864
368538699
717348843
128305626
779374839
253166149
300344001
386078236
959669034
476031530
547524866
652535987
806499145
366946776
269603063
393862562
430963181
585655340
845164306
370336421
406256873
776832345
811187300
754113791
408746681
998029766
619635926
298526999
264651253
785197638
258374140
875793772
588793108
235176157
678245872
628194255
521050543
529664742
266467703
487601453
352875896
448445110
368056626
627237136
222336997
467751836
208786358
131184090
339038556
962153164
169919254
212094638
189607229
398731038
360791853
151142927
567378435
643139493
595025841
725963876
985104445
229257316
530226868
825770201
761701789
142933408
927250058
155142682
796088124
176497682
331552725
678290854
248907735
395653522
250228792
319234602
987796803
559063294
756519627
975797696
972329867
950414576
311452562
161875510
877025116
655059425
440514072
624623741
819497762
570858196
875960712
658584386
734627057
315126722
694049054
180634890
169747864
342171051
559258010
583683486
150664423
662444164
945054202
164466081
105207922
400826210
746083426
351654424
556608141
610750378
666401507
731475988
983800521
303705011
540914570
719386806
778123798
348655012
777169780
151504494
988780830
760065987
783302868
520071730
577546129
238223058
810292664
733014851
373056868
887348392
595917274
228104746
693646248
820031202
577066647
543083880
292477869
910189602
589054639
785299647
639497691
381689935
863777101
752915845
177092840
951758260
943452919
146262121
856365603
298113566
373756151
387155901
322225525
724627220
933818461
897995560
312655543
567654915
612552738
630369271
684735254
502174843
924510541
391930875
365668348
296695688
440061043
619023193
904335793
304268765
377652766
408671482
719902846
420771958
425697501
645829388
817571480
474948186
801504954
353651284
768173363
217635057
409636993
839868119
281100442
932157786
894028425
104725545
736269409
816066718
297244365
152641156
675878907
808519600
785085622
929945668
514257773
553921625
361097975
670913449
758606534
165414780
958350089
763148929
680047854
250592600
986901197
731429678
118581071
332199865
581023154
241636988
667301448
267238987
918711636
569448493
366424849
608100663
895627616
418384507
187240889
238277223
222588427
766558114
468377729
279692830
251984288
178769227
132548975
699162978
419133275
236607846
762699758
485893866
239917333
332958010
547017071
195012946
102401167
455402975
986380542
169841039
549336342
973437648
366531103
320820212
849135841
333248128
369440911
881168203
292520339
509422837
929262605
467980004
724752394
226516149
156658286
298663080
688986335
206391583
358991345
714182147
908882021
382189999
155519084
989784745
881152551
727417905
407760530
507592911
169673900
215208988
552043300
867753629
826640831
865478407
521799485
302098521
405065508
404917101
255591531
568983470
592266422
770416915
567876894
475523216
236975394
878449997
167802867
442724138
238614497
657251255
861348853
106623700
969110293
517445164
766159878
325258610
360934496
786319626
307097497
509280356
370645488
140328326
771977338
305869380
847980383
616341719
830538710
559742900
802773815
558359692
591468797
609832076
599589181
722107409
408343737
840711723
800542292
797243217
634740293
297058543
230785552
660179061
688978111
610699992
813913802
217178688
429111237
210399927
912099571
466929977
449487807
959275022
925882197
456894297
937489178
426526963
430682730
454672757
338771374
576882072
686378663
277277292
733541010
152457033
795627935
528833846
889969027
310125907
634344475
596041835
529295584
431409186
858547830
896086800
193235148
547764654
308174040
770925724
444020259
267268191
978440596
697968777
821245422
763560849
294773478
369784710
599528835
339491695
721206308
133063985
597866870
755208017
586612037
937715939
891470763
288769211
730641833
558910588
357947736
238502821
987239044
771614872
562841714
349132127
268782725
458987196
178863595
757004105
674183607
261877139
284288574
525164131
705901371
818641657
824689833
784701254
915450585
879358037
963722709
145061958
827115759
876314940
119298274
895598325
119223603
689115287
828535127
979138731
753078929
300817784
412602959
655095266
718054531
151095478
234168292
444010794
948377934
960716718
268043743
560623782
242127000
593128888
671267478
768990122
532615422
411331936
570658177
827534815
331024900
199936012
784005603
656008059
609953338
980626987
106555287
737392945
671308423
449658463
419776996
622264493
784200914
288234408
792625055
266898006
844201413
954839566
754187272
228648374
423126899
124348168
745661428
443666772
107061746
230157654
221855478
527033735
281658522
349316867
676825181
835959812
282935838
807881831
782706025
393883810
971037905
278247905
200386005
343956757
666572069
470145885
577972047
892537020
339875548
928638173
367930357
773734335
306247076
169084613
374943371
464663300
578859024
952650339
124331591
407056717
640671724
849478356
174354272
231096191
606813129
412067002
680229438
763297121
156162757
109486948
779140221
167369935
957970331
405112986
122824918
572126406
594482437
687939814
622786285
581163110
284915607
382644493
655352255
154727896
964164949
360316996
530522631
866299888
107833359
915270805
191004629
687573654
468026284
287609965
270501754
896998379
100632351
696456206
436486069
976973849
212569307
938504656
724181002
652671335
168339844
897315193
292196740
158903919
277617679
438082595
502427546
978495320
164456126
128348925
792330420
567109366
439572161
533060020
331345365
709903482
711436904
334438351
628807096
884570807
321528691
763536516
778956315
774925614
781776492
146768478
269563492
893325606
539397320
421338821
244343259
841934137
434120372
637363585
323031801
140298207
861018970
247964981
121783175
578272969
426340654
398293339
619516074
240481292
247060707
213132228
112406649
939817914
409098364
101762431
226894417
994881686
195889498
900140921
667064131
492862975
403024586
961584584
175178738
535677417
495459747
456572034
766679192
114843108
288842189
167159485
532294079
196631040
479035159
124086091
944594370
299202710
615030003
208847519
578339429
435213007
375313670
607178545
574727199
448436663
290430208
414294613
536899511
620640209
197170911
643658126
659842671
382687061
704210149
671863001
923798529
699527750
830206033
162994428
961031735
739821927
843378946
298233142
597508256
520633403
391803639
485460878
824250464
699315238
479733792
282301235
842265022
768775414
846877269
980089241
627113662
896919377
617513084
922135856
969221332
976712416
885122877
912682680
623161931
252544175
606127529
213166246
766184793
149342237
145893539
885028393
510452259
635071925
227829836
197965535
973094377
522838323
992683168
669472903
264060153
886446804
249294619
930502706
714394098
382495693
244054782
364155880
831630401
227781121
311598785
426947492
737706268
280482705
468335728
751588269
106598406
390621761
812809170
281770416
167677839
615286512
630680434
241216386
867325852
108125527
689337467
466281683
620640380
259478449
529847667
436352805
860969048
790769512
881807817
436326964
892296324
142420893
450559650
858418992
284932557
980587816
296514504
114850648
441210364
544374197
298897615
549187196
850386473
464536909
689627314
635058242
965965116
430023488
247704724
389353674
505874795
210727378
816154302
431565005
968201202
358613813
258589129
389347197
464152101
674293748
144406911
775571815
852517250
329408715
322275577
301749170
401308630
245270484
618864842
521902567
187261069
546574831
574313992
712925910
801272215
211667203
879457950
987646863
807657832
444128115
650389249
360386720
111186539
445028944
907957987
141338100
195871189
405681078
312205040
115223419
211033588
919112734
724237989
186520301
957153868
982448640
150701676
150455490
362989362
721108470
437396425
877401039
231803228
279686934
631570754
911916468
320666655
186907107
647252477
278542695
495429929
719143031
960302924
709093358
311666362
508276039
614668965
844410295
136905073
136156103
396792379
729169015
370080646
796892118
959154659
974525181
572464997
574634126
130230446
168049278
645401126
421180928
582298448
162781285
945927430
370886143
434570403
959035463
956115689
113172474
430934543
875226298
298793823
980140557
182949865
638857095
504157234
928068157
247880785
667453587
464319732
815060951
976562058
877182492
121941547
638756209
950634703
554190330
869037829
731610353
826610037
177239193
191378769
932991805
902803229
234275789
937083776
492548205
166931859
857593693
769807532
633717374
829626865
678578427
395324575
804477911
398409361
804082519
952950547
180635042
362365406
723698524
246888940
779408279
686118155
638743156
879384808
492047607
711580167
220682538
209722430
593236518
205830362
804918027
315345327
774558484
345573938
246071877
534972839
978372450
604697873
781534525
560870322
729475648
469967644
661879008
515058173
132537901
714615455
390817680
258266190
223332011
719359679
453294187
735152374
339104119
337091358
576132441
968685524
918764454
316413007
704772090
474491210
785261501
668939931
830622309
676587396
315951995
711024197
116796490
321050192
742851470
667284077
221914139
143842052
450832440
807295786
298854477
155838824
330752852
801668288
687879977
603059519
351993631
436970195
868840349
890746800
817210667
462775696
933782916
952246098
496508704
100112201
162895523
136321708
404049618
514952454
875253900
947197794
271956487
220750733
997345437
553661627
287874233
962080241
138398073
429009655
546088519
669545484
444096302
320996800
187077509
920315155
788722208
699320937
923752657
232903035
595443343
470581441
526653832
411104094
313499235
879136352
296086840
440749248
236715934
691879371
242761113
724566199
147716234
230649633
179725552
787713360
965890757
604185480
813544522
401693793
628513668
563877740
200684746
146711855
884468636
721375080
173809021
669370345
219055445
656263346
392181697
114193259
110249794
194605723
463466658
982664634
751398961
864753148
278057312
969805298
508432414
548394355
729836688
669926906
767144405
404464389
949432706
880522126
198413715
736650084
323331700
557044684
329370141
443972266
453381723
149019158
555499947
459602316
678961820
495018531
176167102
427704816
339993501
518634664
633972928
904452275
919720759
679114087
235918822
798864786
935456798
663712066
613049154
362363002
351133494
952075797
946461868
890174399
303249985
321999484
704957374
424402421
111275442
706602299
912682232
882298991
768136608
521802756
427951186
929994126
432551957
452533588
633439741
792861801
565958422
465307566
725589485
919109660
121880500
350022996
132954367
299594341
715687579
428461413
976620622
274920363
792236952
314849258
672062173
196470073
877263149
953893862
441994279
178464356
563672723
867278688
608787293
151312039
757534407
248061535
199735970
139474264
221272095
384462253
204798121
856179244
927508401
474043285
558869795
673013868
644056490
381469368
300982816
375257513
228229210
168732470
103766316
926753374
893069984
732473870
717077555
122588906
778360225
959154417
227520515
693201533
495409163
659845619
335873633
370952423
166608455
625482022
110081798
893800868
644146285
598890077
292296465
987828744
661603656
971920394
391483213
175742618
569428780
541334113
566654945
966367494
448155202
447765701
274136031
511980185
237490770
617816291
403770039
738329618
596404910
138426479
358385359
736372872
780015842
607116366
428033609
932814027
635697896
661311785
780026857
620942628
702565412
373032814
888996641
140940677
786048511
458314380
582589509
821984464
504292099
298013728
386188205
316094780
297936893
965292476
405074143
450481769
595944353
462863101
517969060
701030590
121937501
346003589
365770535
208657227
112107987
864727426
138017253
517294679
496358446
496553366
344546252
156738013
274810240
253352946
828203560
493507737
981771202
133902445
885660338
107958595
455109307
934615460
339220264
157063688
475878747
301823961
611700694
745195433
886920981
170072614
213534447
620254465
724430249
888505435
887147142
835928145
509119798
157034590
534173385
611966413
376257325
834510974
822177835
314557181
132349909
372981967
252689765
718574193
126326499
601701936
584558279
308785834
732045340
218463298
926197416
286355985
171262468
656454161
263670281
142053133
696013131
114351867
921549309
729733221
594277297
723003990
653760445
132758016
504682032
426981079
757993031
110923192
258889194
586732212
279142203
502129811
188770716
637880351
524678528
840027881
923661065
140304216
470083382
837017681
315347883
561325028
161001365
798222045
871179105
978455142
609399630
493969164
405727573
271182958
882137420
531644436
842548076
900829206
317254407
429647240
693810977
164445997
440796374
474491541
700128841
648878237
569963143
620205043
248585964
722247351
979202289
270613995
551521471
254138496
415331086
857462821
553801941
627475487
238034393
543350996
807522507
728867569
853286586
581061782
195140789
403353722
108038316
982922626
466300356
535888886
608582517
797267473
426813670
721712470
715416745
389300360
340758744
698345303
698020219
676538945
421438089
140717001
971578612
222991034
647465799
215563094
975095470
880961908
254136171
388839722
328741338
293733186
520152086
272407586
364562033
530505164
834470351
613712636
105741041
139319190
957935247
564803646
959886538
814899998
105160795
454691734
186697350
605049063
715230935
262590606
985338536
319651477
531464596
850895373
793115760
631678746
640256425
996911166
294586296
232926744
985326851
481091604
847887522
652290205
787616297
412719869
594299563
665022860
279325150
134228676
281360295
336325270
136413947
211064037
610985440
578505760
672196272
698486656
722371271
851614833
467433578
217203025
675712401
393111445
741064397
871324484
545112760
517886860
342867684
956552866
637533065
129895255
293130703
778951011
727012362
848564377
491813228
926281365
107217417
178724177
286309916
638729147
648567110
488747252
141485598
602938829
268953972
685721345
630644604
121577953
878420879
862374364
519707376
746658659
789686682
485865155
996406676
708225923
281437628
481617601
244414397
352557303
422512935
814759804
393414936
938255574
188590446
335505669
784282561
475293328
585850422
967444202
916176073
659993947
809230242
313607387
488021933
150508091
118083407
106137344
272185287
199063327
855577762
250050734
416179743
322253739
524654142
970240572
602605239
294899575
896231757
896872702
116209180
753211736
641287196
403225659
503718901
229751157
847204809
807375997
689958794
381683965
650647712
331976347
160876378
770149192
255853059
632552843
438007058
742899052
749743457
571233021
407404327
400944414
269445995
452766266
617480657
528958600
942953541
237786490
304767267
595312540
597619229
594936636
584777610
997189391
278930644
126046146
204754608
930349104
433552635
651371566
168069907
853241621
971766352
686025250
530887939
649811585
385380869
214919476
594577009
618798898
445218267
545986982
597129826
722295599
694905648
139956876
529684486
751524847
829865539
820046804
676536677
838422681
770104262
398600319
196412917
202790168
238046708
470241225
583810842
630311701
538597425
132801945
616022485
713773574
707879126
827200350
491384077
995867572
663993324
768346746
306161655
654565344
862795142
809999349
544785079
427108509
467231200
256180970
981922005
236737072
645993136
450697500
121438523
751622321
585517884
849465825
563132956
390698499
902611206
380827245
766991172
150480447
289070796
777994022
318718440
308508381
796880363
921421952
543617884
222655828
164820176
394536109
617007945
563230186
454571399
206230105
852581086
851883138
479170550
663507027
718133668
508159569
313362970
269373698
856712316
847937324
241961489
139934516
835195425
362685147
138795621
701584862
201817927
600837127
494907157
876214109
241666232
213130577
709576510
844079063
956040720
683971174
470030272
837522193
211981521
448448357
387947897
854385060
353644146
861647089
456852754
585414410
409944260
547828272
921081865
415811184
877241708
564278282
928905959
546270589
975031471
354846349
614516416
921471484
155386264
558948020
626350269
655941410
698736001
356385283
656749512
141577294
238934628
879537583
802806535
806057120
503258885
960150013
199346617
822206802
240437024
253810634
827044975
388881503
531090487
953025392
191104930
541305321
749528664
732038614
325880918
335582335
351941357
117629859
537454052
197377715
854441313
398186623
359936128
862720879
405855872
897617800
942732576
597654388
502391766
276116327
711875139
989692150
742769361
232612375
694671694
869053876
572066033
241532967
326071863
261397956
727231088
885867406
275434974
408165207
253401889
202821929
300280353
343230812
753559734
401809965
234375899
986079034
329284519
580526913
188671737
640793696
375677797
863904756
812706947
871205525
807251826
162036629
438297795
678407605
426821205
371664642
420042440
868893835
142770631
946327580
756654623
228792104
391895087
465526972
117156611
822643817
440781803
386512539
144120686
615465826
811156282
963131784
322798000
351066646
133218792
577633645
914789116
279080061
836071522
878439260
437919945
847402626
811344364
781392809
395199036
918060646
306474114
746767011
465329243
429462649
698916722
683519735
304036673
904724433
228467325
307374661
524777027
199803217
254197787
911918910
608912480
549255213
297326216
378761204
818978342
840338336
424330858
341109804
121399488
928911388
408075927
326881028
174864165
353859152
719108031
902025013
395985212
532137091
962641004
342678542
916990601
610216482
156281176
822100487
556016188
335199563
102589719
672894988
558299717
420440593
461538829
333745635
506273608
453908220
528250181
547119452
467231362
754696687
436471935
621760298
306925258
915782440
431868675
736913817
961192445
916289595
841081993
942464522
231683691
591188082
415530252
318566914
949259287
294953837
609426138
577792939
883842876
548632036
346181840
864620243
836089457
251358671
519912387
363893046
107423183
844952466
694841346
675719236
516561472
527315676
483112612
476915875
362626972
680825631
681050921
192923643
320948186
933800085
494466050
260860944
295945693
386637927
230148927
294057492
365388483
675386156
878810423
995385135
802971288
205166480
405222489
857084182
302187745
517421695
272182235
730454055
126490332
874231694
864435669
292580003
275179375
679147213
659214751
187842471
510854729
245860556
475906612
475072232
731099103
875494987
111756041
390365257
820984131
993795839
512324806
184317227
333470175
391443485
906485323
992390668
395689351
732774186
639425430
309230075
600362605
975851581
489092110
750218145
173279586
583229431
883036881
998916653
308040165
886244979
134821642
677977123
534014567
313266685
683185200
720974191
353331968
157902587
311631468
433959461
556916447
750956262
707172234
162362778
370375960
389872049
712444425
571180488
530446880
874761101
236859555
797809758
453909821
560263387
958079279
252368849
597970936
495370548
846082925
997866333
505984913
800570731
903958740
498327650
252466339
458822998
410683240
108896417
217259216
883684489
867366799
293000379
692405002
231614779
167188196
390823959
800447831
796747307
409867855
370136496
316866868
478513648
303007588
692517279
277520618
912880506
349506441
637717224
584690660
721408348
185679605
819247339
363098545
444139697
419057116
380583071
480682474
911810924
125184993
465188522
492239424
161576293
486628866
408702445
441320989
211822677
419188949
641113593
705806852
242163743
737475936
552276093
556438697
200073788
166379230
136928365
970672920
903929255
177618304
970753977
930314875
386546585
636027132
345041892
386486531
361529888
746348137
150508385
634929891
678386168
611421880
217598300
962563700
822157451
696412668
727779073
590864919
175825275
347464428
107475350
235256865
907262677
360052412
816144197
453720419
806741907
488437698
337937227
485432228
439244314
311218196
879070655
862955343
517318852
804677597
874398297
238357973
275067987
413669501
565154912
411975885
197132205
645942998
966136067
811970249
290106182
822349726
409021761
770526871
431793187
603828332
613206364
828210117
168033994
823616670
435194364
469257097
723260891
413207049
826727799
911048268
921430572
152829952
637627166
745764440
225786547
547927431
784279295
593090405
595358806
922650020
280020290
488994096
834342997
421019674
560523473
684351595
957740265
476566261
692219474
645489523
781400827
844739656
546150180
213829712
334080107
310717411
803709652
512068375
604817724
371560563
425618283
516794987
559977703
712459842
720152918
686593367
637197491
259912689
478179745
238510084
615885113
879986923
503212722
815182948
292410866
228067971
636406143
470528263
957031002
703647265
694984326
730586162
254051330
208181228
617889585
909225112
106759620
324558101
883139157
567773624
430378512
557561022
213296852
711778514
895295845
371403910
166299235
530967687
860540380
890044339
306780262
830408204
817327582
579697402
453221112
603796234
299573741
682354182
343921430
300388545
607080136
550181890
979728443
303846710
386001786
131387090
181323895
285882199
686808991
140617045
397376025
421000893
218188103
999546632
861454677
613618972
810006708
401802653
663109128
493693452
548931407
696528983
865825915
953278173
327319344
581185106
302470546
593246058
608132602
226521812
319169933
347873814
948952014
287382486
340561884
541188791
372516891
696463371
221708177
349232639
356880592
955181040
620774049
915616610
311228591
439512842
260534393
175839636
787245445
391327238
842090656
371600783
308218054
448910295
961859036
245377788
958125076
196009205
842264297
848792614
684518565
844772169
584068756
182969993
869412244
319670753
492864836
177698278
182546509
581032005
203686840
373768059
121132199
659846903
527222465
973824536
255935004
236111354
442518690
994695592
604215954
505017543
472823682
249055997
947233780
143706201
570457345
835276746
334249026
113190308
439056046
438012121
220708072
134899897
473562580
654335941
370603836
888289993
658234949
925562841
784875173
535583216
934410807
931078355
368140770
259177566
707188925
287800554
504786687
964634204
858409621
919865920
576117442
605835571
983118950
834987337
904137370
769989658
914651903
829910866
362788723
940022372
468953027
147439230
562046250
664680097
612940256
248291068
655349143
148712103
869802433
607628735
741949801
502803613
685001975
500332969
750867007
635062757
671647376
869214883
113165098
643399243
318192077
732489125
940756495
127692568
170667624
178598691
159249197
179404010
351920738
871003497
976939229
243864364
797304556
582928908
929115279
437017298
987104068
865060191
488636215
612703652
782993178
668509400
475854665
775253076
933196552
484026211
202629733
330381207
429452453
888595084
996478249
390469523
744206273
169503653
570227089
877105849
934089230
214488489
566721802
796808392
744799443
187532734
312591952
282261717
692441345
470358573
105172875
943755560
149461670
648213418
944441224
523360279
672661663
821180743
668730829
546315288
544427434
453557667
229649933
619134448
456733411
777945413
892998533
132046604
541645534
972693116
990117645
773672397
407279690
994680565
780272851
992452625
420162554
862195248
691427321
370218271
553142857
470354890
223798876
886535149
415003179
889210294
531048697
594860593
960174447
664717897
538114993
394750668
757490010
169550752
185494824
157241588
219298292
540427818
619122429
521854678
853970116
195318978
916906216
940200432
434420408
796142743
704528252
616881029
699858047
860442687
495257900
142858976
176347307
511250918
326304444
267952593
394139407
981406952
474322407
891590600
550581600
387271863
218641112
660442892
226962948
466474956
583873065
403774284
223009706
546782807
761436556
134068427
236012709
727766867
150584541
241496800
350379933
391704077
154495008
856603330
497495423
810564864
428710250
966892647
719598726
649099922
284048282
785747074
359068061
177681289
687294676
860360414
250103745
663153536
658860868
603347546
573105514
848314978
682720651
589650735
236257358
513173529
910235801
197589463
525459936
278656330
507122440
568399839
623236602
572135857
355635882
557687722
410538854
599304037
884331555
799547042
715184440
235563772
735076191
117283895
211260741
393765570
489085823
510107897
739352380
238862924
642453860
143406241
598395371
318040128
197497509
157922973
589879220
169699174
350639061
392791246
971740196
109827906
827745093
266541811
222207874
785003279
514218460
688712288
295646767
737801208
556394815
658954282
798142181
997802421
378686034
798410566
848880235
554607020
128725083
610382526
532874369
795038993
590872242
406300579
987450400
946327883
169542732
345170739
364112390
896071544
626934651
361011370
947025485
522364174
862054830
629462176
491065375
469781598
433769711
572764486
680391592
931089976
197255449
868440946
595963107
281152118
526782620
720098539
944023609
527672907
689122051
246679748
786601044
130647215
224372472
179251726
820174150
430459135
689423208
571938585
298048747
397187352
182497124
636557786
125385431
972371041
745508229
495373117
468717366
270529196
592683633
220364120
267845412
788072810
480387136
438136097
780212007
891213588
254402934
966586169
392698996
600121399
962291261
693351594
593840258
413924508
521307932
246018838
723335537
999170433
944870785
166788018
943673076
621775149
742679121
342144110
351335842
239898359
664120546
571781798
791587734
244056676
524619775
996346572
761010207
192053983
831160226
684181141
688958967
169089879
561791649
948243951
988602444
656479661
669224243
955585453
445477924
137441073
588155036
232581995
532757970
865921733
484008630
762101370
710064976
662233600
101873412
146672256
672459943
294785908
622155531
793401010
103546808
487297765
705539861
596472941
710106290
890432995
600168502
540278204
195401385
770191048
136736271
299785505
827413949
130957107
523871447
994085823
642379455
369177707
915405844
536940872
673511163
180491242
164775400
847705607
514683638
975777306
213102754
674472820
582435409
512506540
576856750
715485602
330569698
250086534
262858051
237144179
124078137
165037857
739399122
813563752
818712867
945691716
800842804
576317208
866530071
415953153
858103310
639086827
611486807
179580996
517963577
331069183
206205581
923810521
875702968
754626725
982327007
673095928
153888596
224097729
436515406
547812066
209143125
888351331
779248549
448310537
879163624
243927989
705926232
845800485
666215726
709694060
614587042
738811442
763655335
885403968
549617694
931681475
867012127
743579348
597142030
748061848
935978133
636501412
109143951
169476694
331542059
148315670
338183264
825870713
644360401
437739407
401700768
427159372
961995452
603839495
975284478
487193247
604919340
261355727
736585775
424919789
592740704
246566975
531791819
215710125
130809523
993405795
811745297
914175523
190460652
585525599
337166544
820758286
743521771
446333187
156536862
587829379
646972644
541835813
276112341
812766737
978104648
363642030
219988796
561433935
231877359
875402726
841161069
160163676
635918652
435359528
623882355
918538222
155312468
827005886
788322060
167405776
610092426
974887267
835381944
333941456
219967433
344830271
284343048
221034186
423011055
739263038
527191060
658404247
125706996
117637167
978705290
956566278
678189318
676165801
230027803
238835681
814770524
830515786
250685874
300514680
227041256
525270311
586284562
359617112
124515481
464154913
645930187
430627419
297681003
866943724
583839766
173291915
740292905
734303209
310177755
434471274
208614200
941585304
361641801
615970098
305498151
643809162
389152756
666552138
251617407
874743171
125103005
859924805
333604633
241317131
825965437
128637175
806186192
288624738
724472297
691308153
260578080
199348329
582118053
950069947
808924530
369494975
246842450
944909875
369195254
564976686
657688214
619677964
776067502
410753906
585857932
161291429
376831688
714229164
462258423
212940493
383952789
377771085
118311771
537920857
233664526
983084095
240810809
237160817
195576876
544510053
470439423
548177203
185711023
317056237
216084997
599580525
370316068
667351765
485705776
510835655
848124399
808955104
379367669
776734913
997587769
590677657
176944684
325895561
356605633
432999158
502038321
630612180
594158637
156649070
390350032
979551184
708744317
560421448
873976920
952692393
883914522
350434543
567959491
123487514
390011456
881733451
611195025
724647525
285424323
361764860
762404519
679230352
555813864
618703366
633252844
775115216
374463620
668074906
581099161
466368123
392518896
764450794
614726770
347976429
685956863
465084357
402095433
707101049
109225225
163876733
642874309
309052389
160688531
233321387
231645172
880972459
350012178
651989033
230951591
457874132
699624419
137019530
120833507
716533674
406602742
241975291
108967705
902368439
357917961
319716143
187628041
321012040
502370267
709521021
561346997
620469750
710794706
444584796
814570710
880670383
305656506
163370544
927939259
220137933
687221439
972310704
159896717
757844908
696585043
661686072
920141883
161754914
888247608
578898542
701446803
414855755
252390391
836134524
156043741
973556334
340936253
184548310
357841572
850792053
106524635
143333645
726121854
661848660
216464871
406435409
461015562
680105492
473172358
685285625
197508219
936904877
463174401
425318210
608979546
416307686
321538271
841374073
439777907
230708909
171769402
774114473
101733567
450609140
392601259
744517010
821891664
629753124
572248944
894941388
101926619
120826149
377417049
163828687
769552851
634483184
660666330
172574225
433361689
351740835
448305526
427264942
873555250
638467738
491516979
471282856
838895011
707835538
246652041
668731712
587847642
288124602
371076154
934438905
446303258
333628917
447055601
899758447
521218693
395196744
406233661
950985637
632530129
292775448
738648389
410501456
680883480
165196854
523720329
438977388
531524873
658032503
966680012
552481678
146356876
217641390
137840238
829566659
590186814
467979741
383213975
398061535
700095005
491796615
139845771
543572895
533757584
815657319
253861469
985406258
639664121
840386752
865941097
288182253
650236882
760670909
792404407
685431549
243596579
884104852
397707570
627003242
968844883
510312265
682128773
533388262
781352366
787419219
908768898
949157222
304129533
373134426
123762821
438094538
340658648
469708712
683338743
344994747
564212630
875426135
321343845
607527439
370515436
516446653
252074081
550185739
895696009
412782679
825553548
922911144
569881149
476040092
580153884
311707084
415341443
142731690
612924929
159607966
354743887
947399802
364492932
754540848
447009341
397069931
325157727
698392304
272995429
921255727
868798173
940968481
468560025
603641978
481911397
104039076
661371647
430696568
515793123
590607481
416224522
751012495
777986543
896042317
343938162
750984479
977785259
451498986
328672036
250390454
934588254
864700126
777495554
917811996
426104933
581183266
554855359
921066520
933135969
166651111
593261225
718541601
221908354
658261104
802982103
165350987
524346613
367485520
572746792
544929755
130639079
614128314
305977714
675981311
157254225
758302602
974339729
188837745
773931584
935355116
358039231
602495183
966184075
792091060
715776133
750389862
150020937
166904523
143296107
801736769
732038746
667678408
428847455
769776578
758379974
749218692
891919107
866949466
882529395
817073036
764240275
897989816
263705522
665254492
759946767
672967360
343105466
330500240
409644569
341296488
966718639
736426428
433932653
323824582
349341475
342619221
742486568
108767467
381709354
414664205
734074738
145081266
278772303
991969691
300310894
635419421
290232412
924439150
138220683
458657229
768308128
114306574
450704992
238486783
116975157
158114068
900566782
431582334
625353522
367728625
112957593
834931584
570994453
826084637
195800623
999980805
878513808
600006198
515332209
827128804
846868518
131035065
170895130
363775294
702929313
860977676
134910708
834730501
311382611
121526089
470383305
609334113
270201857
531810594
601376615
370748204
621795182
786635727
344779592
698648410
641049074
521216797
223101913
349259243
389447088
152217535
202495072
212246916
528380856
341864198
523797796
748639866
183783251
626005630
100765907
549387459
454998860
465676211
409774535
566447929
144384457
900403826
710442613
535291395
248551040
744792802
922982772
655019848
407413296
895011926
369827462
945610207
183208043
999917953
609933844
481535750
792713983
643277599
755424532
565854153
371387597
972234795
381426090
275199459
376457132
596629953
674946849
387269085
454742783
895474935
352981975
188904233
224634764
878421005
946118427
900870038
466107554
443636754
413844223
955618738
715205808
990161321
822404464
229191050
875621487
554844996
864615351
618922006
206579970
203327375
238516183
169331512
240557638
457801236
200440613
315415825
452426884
133233456
321833270
549441617
781339643
645157825
169141503
319262902
894080477
707072209
330006782
746444175
347081076
466295466
388103717
198088644
429357864
263616364
694468698
974079052
513680045
956237912
739607195
185795615
872656108
815285567
479160634
411063590
487335248
943835768
236568498
811306430
783744748
662105139
129637286
345054387
385320534
103816570
773738494
396043492
209597320
943051868
816672377
170908181
305774192
417042146
903478582
844138682
950159028
194488672
318167311
735032313
781649231
808876838
613360336
687279371
377199701
514525899
252000404
652285803
534098463
558642071
267221061
496466236
738276721
616544889
724661543
825374225
267402574
521657482
531788680
229764748
127424639
686931320
877165393
870477304
514061262
630898010
576555301
539121169
688636223
319128794
606694422
895295185
652751278
614375255
301137978
453630971
117707184
962809795
703319124
403597178
385028150
108452758
189564757
349549614
398901446
220267338
269017050
410415558
844826113
544877155
168854039
969929163
430911140
374145264
713033833
839844457
459516075
100210957
203482987
276844999
869543749
655885507
151395227
522801507
501966046
768501343
471600843
614338333
473390318
441179520
247433070
485346060
848949112
454688341
641180453
914867312
502001540
322794085
405877546
695381284
469340598
228378637
976553690
503586875
483127565
634176894
768661153
823162516
743768451
742255501
865633731
130240998
240358536
531699130
359346813
556424592
255324828
634004345
754915468
425304781
489304451
943605381
519372183
358803099
996477224
224162221
846326483
529386573
180666935
323188280
446582481
920009516
312927473
982601256
385215674
888453779
389490863
592631241
621893105
465496630
541097860
917671333
909289812
825609402
325489358
310324367
446586785
499618509
349272581
220234187
857938954
276534448
391509936
909647678
530006683
687019338
595108258
284481524
810789698
625649251
644125887
906360594
275778073
995522117
307407136
734874272
662784077
984572636
744878177
834426438
721985021
767178067
212759183
867493662
543824184
208823881
247892744
745989941
706115343
435744326
953893997
307315007
282766407
244500899
183700973
127205302
405682317
526788295
977697434
952206632
855635772
780264356
499258774
853413989
728608863
786764292
512240141
275744805
488695226
159961514
655434811
382223263
237568845
876088489
731884270
573002526
150679402
122900780
735731280
163193185
885173606
449732049
426279504
645541470
167384933
545316001
262136195
146376813
852275814
821950488
330441766
590622498
180659832
302815169
608992560
737423204
583078570
939330330
560039594
645257332
440468519
134170116
390892502
266184575
118987628
826792714
717694700
778079395
750688319
893916550
139163679
930832591
564804608
422963936
936548958
697284358
477164057
772291285
209580995
538706149
672331159
115972919
565642876
483096847
488349316
726743127
275252686
941247606
394767155
215490005
379146570
436093925
677729781
999571414
497033619
450422598
356043403
893795777
508960178
376746375
621072402
169736807
864719486
842673689
162719344
427016711
102519909
299415034
406743835
769674736
141331648
437022883
526042866
176809376
202416433
812465966
602588235
505208030
325899040
513232071
625472613
758085270
666389014
257399455
621340448
264941294
855653566
763371395
410924728
577015844
710232417
742586705
575910423
720313009
797391461
762326273
528633041
869721378
447720578
139446723
493488079
548139634
478755487
255115279
130187213
197033913
177463451
672390353
242194525
637254910
946558751
621952330
937159312
755796689
754080432
692525557
954544046
183299362
195446001
327964827
708270695
817826461
801265837
370426306
288569474
512197771
440990686
239769960
385821827
261225261
251066565
994274405
653746890
411213833
682989260
623316942
472582472
438690872
515371712
421245737
473041228
193192078
311993821
205008988
174781562
607238389
961545925
263658905
333777049
236222370
248819703
788802024
771792910
350617745
773358643
638135627
335558907
622947964
882398767
544457430
995514341
365568319
134569526
444981029
555676764
945177196
480174121
302455036
535210031
251344764
201540541
107881599
297160858
658298656
192336168
444294104
103366947
577140168
141296343
607848103
204545380
688019860
128973778
622805788
866649591
605885516
998513018
855192348
481079218
746454177
169996199
552075088
966059467
427163792
155865135
999595965
797865240
820379139
618647629
473718731
312956838
568521870
689412499
876197669
843005439
946168774
598620334
568607833
244685491
145502936
264247002
140897975
746757621
826521770
997040776
414470242
444276707
362922667
477969186
245030936
347265337
993296370
445662315
230076191
575906746
843967020
868783907
427881147
171930708
736968866
843454251
637511505
608230512
787660560
136731999
350561523
464655032
266558786
961120394
492881401
431176520
702985774
583251871
455997269
821068075
762598854
494215482
118546395
893269415
195855482
435227663
649790122
387219530
582217993
574976319
827548056
323249318
162701314
209442247
765621414
433646034
525291823
835518754
558712428
890968770
118705878
836968832
192758250
153324854
746328545
533095931
920859129
291203874
447973583
294714250
650389505
798576387
522916241
786664450
441693771
968889340
836649543
324216600
770687144
911745132
943866723
787897670
347187102
431175911
332094381
131306697
584548240
422231061
373390981
222492440
318374836
418033957
696349971
569808109
642673088
118156086
451502942
547344563
471298163
115703891
422220003
692738929
272208563
866483518
333263444
881762370
887126379
666038425
458283085
191600924
773837604
738661831
863724851
709511551
676523476
856809639
862390678
448114512
655487772
479479435
134132560
730676114
203585759
506802132
481333672
556586362
569803698
412087216
807988241
614085242
592364857
925384058
858846468
892943936
210650678
298726785
199388891
461835347
729587251
201351268
562839996
614312217
619801842
686079548
311921009
248364225
939944034
944384210
925479147
176200216
854693367
456178265
885083434
914236364
972823968
265432059
348979925
107623303
567250753
427534842
575341565
834461023
304260877
437716083
367600029
380741391
952385556
220722527
489580417
425880580
296508394
842218249
565209564
194509778
742970712
412608898
939817947
187418793
536814372
666632355
636134827
695142113
900484758
514615421
133298997
825333098
561711323
618439779
607629696
565713313
430236824
330180549
581399865
859425699
900838024
162635566
885081838
512634700
878346207
353918712
858883558
140789012
297331908
330718622
724602765
475533911
427108593
587196725
518269747
101262948
191691380
363238619
679581121
432969710
509745949
453280387
794484156
760583391
851418585
795389434
960915586
154528723
141340004
162191701
897991747
727904341
330526308
491994947
782446411
606564585
756844409
203654288
631392751
890538339
594722078
546603723
283897781
228768552
192618441
713369165
207930532
251362838
365728963
435948762
342711967
561689853
529723620
293427351
114805930
884457741
865006757
487592509
934340371
147078955
365380051
856428635
980545622
681165340
679871637
330961556
516641650
822430223
423225686
295039180
642902774
212227745
694472697
540268137
940963041
737379477
583341417
477988839
131832114
856936653
771381792
971203047
814297531
846112007
666370577
299531727
985129024
900986623
128241001
889418720
347887856
460869645
917695375
855370594
423280229
591495307
213805753
648852290
785755841
507423358
824773151
316287936
480090391
899472087
468777812
444341416
709180441
208990572
357358841
321612404
644193970
380650661
306231501
233717148
144636586
441447849
483826389
658480740
410866914
483245892
537515750
898861917
681398653
619567083
269557608
564273982
680391935
656576388
877394825
596369157
596616813
202351722
978123443
328381002
696977935
267466296
288680767
843354281
369551326
819884701
272158177
905953528
484862620
317882744
647926937
433640085
436784590
603338904
164927865
147872995
198930189
278264113
530754349
205142056
744414339
438735978
175420702
319005072
411567166
964570188
113780908
244100980
181299472
592940122
856994370
974025882
267499269
296981979
341025060
459761198
989239708
755363054
762011669
508788616
117281698
514095647
924677120
612006836
655259144
257902667
253543363
564889645
738009538
586827754
487856812
570712266
829703371
631289581
409570366
868159725
127697206
690795243
649176097
815352348
773742518
507169244
340905107
557087211
618695715
467284925
657294832
545630936
653510536
376234795
934417261
581656437
151479060
143958726
378677706
292589256
196039616
759217347
442883583
655168938
728992229
836721057
343912029
435016858
142874604
136012737
818921683
678424097
278702611
495103542
799093903
614715709
463590636
947658741
547968422
192844543
713547849
382294694
360992020
183820589
581355797
791821355
172051484
827787570
685839062
804087949
555562843
557714193
386291208
933647364
593830459
816532322
632752890
759149255
890636901
179181427
356648261
985673730
633476803
766606729
144478953
973978598
894216496
190574298
445573055
629626419
658290558
309896881
521328580
304630273
208948985
569445588
476507165
456203615
793536149
753262765
483219771
888561087
615257035
157248687
916185453
757195057
491790928
997748039
125893374
926060836
946984745
288455580
326830438
634274163
395685165
948525358
181243606
848107670
146120621
838053500
406986921
654573168
872195842
978258854
414224315
580996613
800787792
125361698
594042185
604767722
954202397
857568018
767429758
184671541
688506585
670091772
203863468
497340930
101779811
436392121
920262773
801361813
367441248
498265109
716495646
987962316
165022556
535524323
957780087
914252825
808975387
741354231
258496730
454160890
652097830
885236942
410127542
540973686
156944777
599708470
771563511
274361037
696391895
861101305
599832891
444194803
377593200
164690830
210995476
902785219
726920082
986485067
594666441
895342948
385786551
603802957
915715499
589208540
547576564
584165544
971785540
707871053
291844384
972826243
461327564
864520331
659667999
192674076
729521859
760814971
472162151
497690008
743683811
464583873
363570984
204948858
718600541
873572676
818929869
794606658
940390815
268270990
485346250
586103501
518250566
438147524
945772913
894608797
922073217
908199804
939622089
351108020
141724850
894614951
608997187
130737235
405961626
894873630
857812485
697208082
867451443
352571378
887261590
227329492
151002085
618505595
764723237
149143436
279197835
613791354
118072751
957415924
780372403
881150366
885740184
863899081
424443109
584362447
735814902
477964349
196680484
969273142
984554725
298480996
588045549
968005280
276606864
783063280
452547951
902607886
446025089
448820371
324556487
265216927
549390420
667823550
308540652
187842694
863624729
854894659
599459339
584506750
408873699
892517736
688898346
689236954
828058169
790385939
784475452
153588297
305219090
750495473
365031228
761513220
261385267
273167592
993898149
119123430
639726759
417110349
508442387
798066238
373003153
728300997
105926109
551653841
776779594
156306301
839829077
732808318
962718873
378690669
403642872
404738140
102950734
951011464
991808556
308273881
708844688
462697088
757275225
174198610
499097086
471189614
651323132
601406869
819921739
753677550
195723084
592413449
920421115
633397422
436750483
837671416
573395552
845488313
850246314
624973594
633950356
298681903
282788721
239313202
514143117
186392950
336672033
689073109
396587235
622351970
748129718
155623567
358516725
484091551
294211844
925056434
550006568
461950507
577599402
244988288
208268417
469527804
695676035
269847250
131131685
982287316
444621725
525998849
650116340
661539450
889555987
167738452
590046566
812975325
985589167
886757611
219993443
754502751
458059628
244689260
987853477
298944310
388350616
176626631
866991567
886442255
369341010
478800364
620182282
936599328
493035468
859283786
175169985
886047434
694164580
277697938
464875817
344365721
331720338
157639530
395684183
298673834
959393351
364852855
290940131
679226224
772680302
142337143
325834000
915162931
783599465
958717232
495806413
157128622
380040941
824367320
807798699
134838665
729524980
385821509
463229537
508040010
348165422
128323699
489194349
471947815
401951336
503932989
976884802
932688976
797447690
447058104
784103069
886973910
540849851
973855020
226342389
937375542
352412447
963248304
505362193
915941312
233740129
473940027
717797642
261097790
555662450
831126933
157094051
173741733
144696487
977364576
651907707
138108423
903435301
480148598
316602152
356258062
703021418
415307629
566498874
696470988
572273370
382223957
210311946
684116107
312568421
632075863
488120653
263592190
263771500
153958646
684915914
445294087
286518725
294899944
451027238
906416418
704597723
794123403
252980593
357145586
972380934
755087687
672383332
863799945
715932129
828120324
520561112
647210736
709028998
682875357
153829681
610395377
808995974
541789475
494433920
484934986
629281230
224903825
868723525
671462869
637862789
700833665
350424680
293479883
665342948
807177688
597889744
361194054
360530586
317084642
846092663
114442325
675438964
479016376
611311034
120572883
605069445
297118909
768027196
380956564
100968176
802083866
120746302
968371007
316067154
525612447
745359256
778219306
950057378
361601876
869415525
382962319
470112010
981896519
573579818
307406433
843109417
820170601
236868053
942656583
724161241
129145451
140632692
985085100
189716795
962186785
826921927
529270867
439150155
197997884
760279442
492744263
610458069
940335962
751770584
112302953
683149886
245034456
910511895
900198851
986397387
431938267
990772306
426641422
669149817
193462790
160680370
315073475
602930794
117514765
323871147
104914363
844527426
537997636
147202528
737841177
222093006
122816741
884229437
679359689
688802231
359040678
951755707
749827974
960994161
162470050
274965785
593764462
116880603
734930073
552565083
451427121
915682414
555473851
128640841
774087422
498666891
419598810
672178241
794143686
483902241
852853753
913435590
673262345
918152848
513271214
821108545
571491292
222910344
485233232
263445599
965465367
250703120
762009423
185063452
933583446
716674570
741224132
545505646
224455095
500103065
100071682
347858839
775792314
965418444
141618049
953962236
924454437
590917029
527475584
192944421
194025292
847174677
996489001
563867984
857847791
310691775
876045483
268659560
214436034
274302880
988454087
482434141
439729596
129392206
729230195
313060692
429353680
636700974
718030469
919166942
340577684
239434609
620644500
389483613
376564827
824700029
597315914
546978107
199852697
200427650
140742252
186331209
984701741
685452190
895545210
554248904
132784223
223273529
272946669
997501646
984991956
110746684
941453576
448746589
834193060
624956005
106946483
134476687
177469269
676486243
384341370
260022835
849547810
998793003
222621587
737595551
316137725
349652755
227190153
942086013
215989333
480100415
128602089
475163703
427610733
643798276
697160351
893296919
665238543
331440989
127936821
444990043
691137175
150072236
468255941
181373447
243148652
151733509
936691988
392787356
638576644
462375016
906353142
290575735
843935237
874296239
849844687
260391718
209864317
382566650
874615733
885866813
571547407
889612259
950880094
686495131
545214124
990918379
467570160
778663552
709979201
928424219
739808782
408415160
322493943
953151658
349235187
837043233
652821846
519742865
610199422
731971616
496137173
959635224
417619583
614198547
321704473
494434383
572810553
364047135
357334336
674462511
724589685
557771477
527846977
811816527
729848243
749306481
112198413
217690402
834010757
341241299
918950039
119689318
249239090
296184009
678682511
730958321
281370911
970923824
734911516
984848073
201421671
542569109
481343943
335238996
633670768
225422037
273490660
851126897
588457734
365315098
676132829
434051069
188391885
586688952
233653586
552765361
175520906
137859518
606278486
174532760
911683610
961328152
846240657
763235473
682212610
337785410
144997297
987147694
754259976
389571473
251144375
993797022
642164961
256134464
304443994
560416805
871042123
893197481
549030852
761406708
861447149
148651784
349012448
294331425
928586395
609145309
836022959
383345143
790834799
754763354
719214427
423836024
690108878
315459320
756115545
648473491
457803552
375103070
192905461
334684723
291921223
428050008
179475637
442180455
641090038
896610312
484498779
860749014
539453044
507373216
458119502
247250829
203893676
621653455
345181408
258552035
674804337
355630612
305694291
591637087
732478174
168264081
575670801
122296661
934896511
268903003
133281004
770783552
961822470
601685246
727903296
666874359
134858874
266489093
571103199
254464543
738993328
486490992
343557776
328066821
469347456
185552663
997961976
227026412
544820578
389027442
524142889
155872341
338194514
760903696
303227726
970754730
846864312
735313107
195223249
690712864
337614925
893923532
119234082
634974403
491380617
353520496
956109647
824312110
684680956
649698408
514157290
971252121
127459441
900876308
249493662
597388744
180351708
284962509
292502351
987641530
521668808
829844770
775330807
847505538
320364240
969354905
829096192
510577730
409242074
636734943
314719299
473946052
375376820
987038689
260410908
721298538
596380913
145092305
471388082
207684196
584896234
859217373
699543821
115436305
406447056
716927068
971295492
307586436
378261249
360743354
847258426
438264992
516800483
904883922
499124033
940609226
570400946
288652625
883326974
261043244
379397774
643403091
327549950
751730880
581468881
970342287
470926158
247491618
709492380
876219549
726885749
131827818
574264214
448221642
109663714
819905194
255938970
156457746
908808080
367763251
926787274
801197679
679618335
949177023
603064145
837890829
455674223
212904063
877523345
384582957
314479709
999014741
730881334
552649697
258994767
277489151
384543818
247400974
715258126
822169865
493054621
202528548
479032111
492283632
287227899
645684916
766465037
250134301
218567409
290630818
937229035
231762434
838687774
450478237
719807089
250445911
746644245
395542331
243362747
618592830
653264347
892172835
228243668
323299112
258914389
949283107
523036191
250055002
179330819
272599216
158802951
528164427
683341259
670144799
997807093
186010601
704023345
743252697
836451469
724176844
342361481
797945319
533893961
939493503
124761310
250559340
483450222
970044050
407154787
147414063
733898057
659191591
292899518
946948609
610347789
115442242
263121193
277994851
799507221
589393941
865491687
977594748
612416243
192573628
250308711
447012902
827059969
341119386
449272253
656035724
392975727
328047671
261364696
294987309
868253208
660286096
736346042
322561091
798517508
282999779
940142948
842155401
618542659
136714493
281779769
273863887
709323068
230119758
431655509
162391241
557529195
586680907
915687758
164821384
705179720
653692391
987497786
709908102
832003874
909450478
537923285
707185933
474641099
779936247
694191245
739544636
584987777
566486580
207004348
183136456
193581994
456647641
490156070
706122756
673864798
572032025
407292779
850922233
244994747
222797533
705169726
253495315
277814908
757533396
134905244
792010987
112833228
445630920
989195898
462545494
166470692
971511253
120194412
715380846
765653568
116748988
719896877
398836589
628286237
719174977
296439865
721043617
611320332
150845037
775683690
992282638
731619632
693512162
617189190
879697623
839787185
308965969
944760953
720187344
727299542
476298123
896679276
353907980
822312323
147210057
540082405
452133466
720099545
286073430
580277968
853609896
849126787
839586894
346152179
204305110
763831947
354197414
767744354
561608896
214226738
666505422
761741294
953745564
228713005
610031652
395502788
130685822
777260750
122415098
361322941
658129005
989197806
761239524
381047019
640787556
634505034
609125215
279190829
192605214
443912488
793450260
468994323
943427909
554220766
889376374
479564172
810156646
578573582
376550904
496368058
549925729
474062350
356808942
827146346
544097243
761855837
151770970
885409986
170255230
749041692
559783817
267286785
770655852
524733792
852331212
244447163
813128631
600674555
158519078
380816966
671951601
443417133
656674849
603788225
494063436
433269080
351487937
117856719
332092691
484475906
863527886
894199010
442112086
903455490
838569823
307855433
381412948
231973628
780395904
445262725
461849439
475528569
585507038
637248250
122140108
238825816
375032111
263933307
402776590
404433127
190089560
383668589
974349178
578253602
317343262
578462135
177001445
396144505
382030213
586732655
574304921
504690629
245401465
406163347
807479038
247280802
592058772
932045917
707387517
307630762
377539173
522270511
200648371
161040602
584772989
930105142
455571328
834584929
441708202
108446511
293660890
985023682
691708215
763454925
627152660
420589302
628302439
733200637
423123396
191045108
981879372
893458414
785017449
953707566
778184027
693599837
665456092
942469047
630584527
134166584
144222943
300436943
985786707
977871413
791504153
550099474
432363431
410397250
135045792
466610414
571398498
290551263
259035287
234444545
535566239
913164748
625964558
585978801
678793627
412582421
186719730
415523173
621846956
956928524
115530949
676674881
830062521
761511730
116755323
399123354
763604359
263285924
818895264
472907885
269220901
590132889
372955011
173117107
689103044
703508482
779649311
946122789
608940330
835436855
323293536
222346244
859349890
253639663
339749434
183319339
680857605
767486731
174666978
231018785
897720651
301030621
639273797
794230071
760821893
630266188
874786078
360699808
211657476
914216067
247605786
377628337
914331450
979575385
128944082
316363221
757432188
890627234
196655562
803345313
302661276
672850823
684893811
922357450
977239123
804229646
573740269
112055495
621723355
425243202
233669357
578005146
900128954
471365823
244184056
777408604
544274002
269899395
812121681
739130793
231063103
512122118
734260995
495814574
770276795
887629749
737445482
295561360
892965439
279306550
118889047
724972837
328522650
951452589
512142364
927954595
615871500
489003426
909752787
435423510
986605767
400107236
608225929
659516383
180103148
721782190
447983915
777890626
910526365
244064744
727200227
224724218
317090687
806150632
217913691
890846228
396298100
553941839
375341815
257561169
228892281
149422654
245634538
218653737
166791545
719496218
547822408
377585696
565264097
581754956
906743432
315721579
478982243
981433804
140211787
569032464
847758513
151023262
514932769
726762863
288699836
927452794
873547760
133542399
721965388
714245828
894175302
695093637
551485420
767691533
860363705
196855452
444949819
958860194
634772789
961395468
952259231
717519800
786316487
512968946
810868535
380334032
905788825
652498186
415178064
143913834
187057660
530381639
580157124
548851686
558448452
412910858
390832161
109817936
398373227
527497806
403934841
598902732
902082462
279012499
987752400
575793480
452626508
592572903
335192987
622997581
681748961
624597008
954966024
909924676
592542624
791318135
681594685
325932474
595187643
537969216
188131945
612094873
145192051
277935211
222021207
807494842
557035632
470893693
128378465
488572497
794571705
942339391
548002328
554666998
163502645
359365509
514638561
360964905
987036044
936054977
801719659
433625434
121313896
285168384
376549589
132626530
771771238
119321373
331976894
352692567
601046983
720381555
521365403
482430487
781383635
370168683
592977141
323862150
214694440
778353372
624346691
821828493
419589025
666178404
741189329
465065245
995961671
255883054
770518350
464142815
700703886
603439454
776326404
696401768
668735582
544931367
451860412
188317556
132140213
915409665
957292614
544851965
887086129
397825168
607425899
793886142
925729084
460451338
496646787
707975845
682072927
995866163
695864965
829113017
195014073
403681364
936677934
586318362
212457484
976068705
257362937
647810398
308968903
476957557
185256811
749986010
581564168
831363944
138708211
792974949
514059792
165253518
314574567
400401779
334189521
420417399
893379538
883339891
323931557
505228194
332435751
134816296
682807279
833008415
981161499
872634899
312155961
291089730
870291502
546347066
156494364
198357103
757753046
273275224
855744429
701630007
508154781
738207999
284561293
935600163
679186330
959571660
713709991
982913251
859650762
181941203
806042782
234065154
210062358
730205402
149931126
238539497
922243229
263781311
837560499
180524731
985655034
572448839
237120866
354604470
348850003
119879118
153008467
329338777
137484146
392941505
391977040
619965925
183375263
777849530
387571521
766483107
