7380699
4112530
1731785
8212279
2150737
7495072
5905779
8958326
5006413
4617332
5312900
3944168
4180761
1097196
9369241
6180418
1930725
9189416
5680253
2340309
2607233
2063358
4428208
7211723
8678069
3133009
2660634
8382864
9419646
1911100
9511052
1516493
3215653
2812967
7753134
5926735
7474556
3497724
9466443
4173190
3422904
5078836
6937270
8744426
6318118
2745739
6059671
8437516
2814098
6934549
3273114
4848093
6725539
4469282
1266085
5653655
7435182
3718622
8497468
4147901
5038450
5597097
4036754
8258092
5993160
2312008
6312332
9301405
7798425
7649586
4510980
2720630
1363248
1140408
7489706
5485837
9854314
2304016
9446533
7017594
5366538
8118461
5754007
9328983
2565673
2091548
2626463
9822870
7241546
9325644
1693112
7643136
6457356
8981435
2047711
7744454
2878456
3086410
9193170
1203653
8261243
8502812
3377747
1548955
4758189
3751168
5032396
6997152
6043855
4275832
3493004
8437956
2529428
4522278
4999791
2211459
6108118
7908626
1433884
8334727
9354665
2687834
9040424
8784026
8889549
6614967
3594649
3251781
3587069
6765671
8873925
7653706
4241700
6306365
3675992
3178555
3311599
9392769
4431859
3984566
9131517
3435525
1946034
1678142
3925364
1503685
2018310
8386230
1281453
5737657
9769793
6225020
7703311
5930043
2335153
4963295
1851321
9984272
4573603
8226303
6514393
3895765
8293385
1576448
3241498
4825736
6359670
5201322
5417018
9105391
7793989
6907808
5781753
8270440
9346266
5731323
5430189
6884623
7433920
3386307
4400243
4820421
9602866
8993737
5754368
7165859
8922037
7019236
8431125
1585275
4714658
9299718
1272465
4841479
4342850
1094714
7816288
4613169
4240977
3999036
9389457
4942782
5965797
5955381
3525766
8064920
7576360
3482257
8108612
5466742
4054401
7436415
1114154
3317098
3407570
4724036
5655423
9379847
4244634
1055612
9502692
6748716
5705146
1873391
7246504
3130546
1927700
8347340
2805370
2936366
4888847
1402501
7093817
3899171
9474039
1107270
5309416
7154695
4158274
3822163
5925245
1668912
9313581
4504381
4706520
3494363
3130885
9811648
9882577
8125465
4091842
5604348
9657642
1500759
9096462
7941198
3706596
1529096
4383139
8951179
2847149
7403249
4066641
8119448
7080246
4457360
3351583
2640297
3309354
8721417
4258708
6594268
8283312
6873640
4096337
7458369
2735181
7216304
1883025
1717050
1035215
2086739
3003639
3639020
3709999
9703618
5762039
1569159
7270143
7894739
9568394
8249212
7501359
3876030
1254795
8804748
7885371
2273217
7327345
5081660
7631861
9285412
5828330
7851685
2386282
3972311
5413648
6812839
6563060
8655863
2094986
6710653
3630108
8708591
1824514
3076076
9687849
2853819
6156542
1229910
4660553
1240456
8568669
4693227
2866011
6472759
8116016
3807679
7670615
6095553
4981107
4457718
7873563
1877237
5569063
8539163
5400466
1675036
9188237
6023312
7651523
6419581
4688513
1914656
4555828
9818812
2480112
3654576
3271544
4709533
7751543
2464853
2873756
6373926
2829401
3614591
8175658
8325091
1241693
5042898
7218968
9993795
6822530
2195477
8011537
1962976
2197600
5921155
6697245
6773916
1199773
3830847
8364399
4880230
6989448
7777381
1921995
6040220
2210453
5137404
9197010
8244363
6881461
4886407
3604587
2558161
1179858
1547706
8030736
7174948
6617060
6968586
9076914
3747883
5612019
1476061
4626954
7534090
8314153
6297249
5448574
9460795
6118419
2912761
6601451
2844439
8728756
2059921
1715285
6091189
8988294
5140818
2536104
1940585
5822990
7180145
3262698
9177006
6336154
6727778
7008768
2509022
9047322
6566699
7680218
2560093
9638041
3667475
3964027
7720854
1426006
3553465
5986408
3777949
6578499
8909568
4371053
5866548
3097113
8551400
3799302
4234729
6767766
4571704
3325617
8655837
3686677
5602327
6158926
1613343
4192776
1945659
7768367
1281654
5332435
2509625
8880386
4858493
1435784
7323834
8567960
4929513
3982523
7303118
6960593
9842919
8930562
6739418
5537382
9750560
5184459
5416813
7922899
8420830
4333978
6075185
1391455
7629704
1256285
6454269
5295625
8870473
7375981
2790023
1362193
3082255
4083299
9124663
7997664
6958896
8330517
3262102
5211029
3055655
2098028
4933925
9389868
1883643
2773411
8072651
5360077
3400256
9866462
8050086
6897007
3609143
7364581
6143234
7299175
8143120
2968699
1817511
1986449
8260241
7866335
3208012
3017049
3489102
9790366
6185578
2397095
3901976
8841811
9523564
5241061
9221299
6933309
6564802
1642158
6367870
8811707
6479381
8724756
6693879
8297958
7854037
1747214
4883031
3641355
2462574
7467004
9415769
8227139
5102296
3210905
9285273
4686897
3224269
6606588
1063895
2050008
6436566
5329483
1730650
8847063
6510911
2538172
3555505
8764994
1137833
5209865
7655445
2199197
5704510
3035184
1288746
5016823
5362047
7969444
3129508
9571873
7145593
7437907
9639943
1403978
7536726
9700245
7006214
2824056
7240079
2591150
3401869
5076005
4943295
3877184
8073434
9991412
7911955
8926608
1531398
8033678
7223710
1930802
2646754
5501853
5262921
5508884
7548540
6040357
3770279
2343141
3608641
3566842
9396775
2379552
4605244
8242274
1920163
4823545
6348349
4664967
2392789
7330082
4757269
8787033
1176360
5779258
6037245
6536830
8315308
8743891
8830358
8276151
7544100
6102238
1888651
7499472
7129402
8454518
2786066
8702915
4007827
4847557
9958034
7505515
9447676
5645207
3688671
5397856
8735555
2688761
5180640
4020467
3815459
4115917
6887890
6342791
3889111
2648877
3438885
9875850
3612687
2250618
7311684
1520015
2821952
4393408
5872754
1541770
2101590
4018119
9112336
2420647
8439429
9586489
5184891
6540423
8960125
1046187
3788370
5929175
9075068
5494922
1366869
1926223
2767485
6679139
8376872
8543556
5793294
3233614
5862327
8386347
4674943
4910136
1411316
9915243
4603446
2265612
1045949
6971869
7355744
9427454
9666520
7615715
1785986
1881524
5642208
3343010
2247021
2832400
2557369
4247837
3539088
4779166
6687294
5898543
5985576
5029271
8206269
6776485
2480018
6551632
4021976
2212598
1749312
5698178
3678732
3958943
4120458
7092662
3725838
4359007
9290012
4639821
3935889
9280204
1710350
1275625
2861732
2237649
3412305
4220924
9809913
9278533
4235972
8620587
6117953
8353960
8422054
9988574
3258802
1988860
2654887
7521703
5468074
7125758
7064983
7576716
4390061
2957056
3026560
1919731
9113931
4413092
6913359
1135145
6489309
7437879
8424684
1286990
6920109
6841959
5824876
8181729
9064245
7948834
7918684
1935140
1045888
8679693
8687166
1872747
7104109
5397406
5134800
1952775
4663507
3376023
8225287
5899657
4037758
9464800
7657179
4275381
8181078
3290239
3972924
5948997
3669920
7958198
8642978
3556886
9727198
8628217
8446274
3869556
9225298
3241226
8673116
4309117
6842017
2369779
9911409
5700724
1262226
5388063
5126226
7576420
7239221
7755030
2906324
4819246
9092704
6578516
1777760
7203762
9781461
4351236
5306919
6883606
7832191
4686430
1038770
2747766
5265819
8245786
2623127
4214824
9985588
5934735
2710599
8178410
6820871
4812077
6926341
6002411
1686149
1217235
6781489
8922482
4300918
8519118
2695042
7918639
2610170
8722607
7725267
3382684
8573418
9990856
9321492
3991504
8087198
1344259
2917217
8319008
3720968
4575326
1118895
9611634
8431422
9065414
9228451
3160799
6107029
7689999
9054717
5319044
9205288
5289038
4003825
9786662
8365304
2006484
8684694
1132607
1010094
3157063
7070391
3396457
3587067
3985502
6660424
5851622
1847008
5910008
9072243
2569290
9756682
6413210
9192143
1411974
6687445
3272644
7440114
5897553
5888433
2937006
8029789
9621620
2769762
5783076
4661270
6443187
2216801
5180603
1504083
8894419
9348384
2078191
3254866
2094605
8729579
9650075
4678661
2921805
7687978
2187603
8210859
7974823
2969795
5273249
4299642
9869847
4380956
4249819
1607928
1237363
7543678
5403933
3458538
3585455
8041109
9374569
4336739
5449420
8040979
5482007
5744445
6734367
4115381
5407226
5618662
2105338
8322782
7742097
8879762
1167417
3751519
5789735
7111630
6990443
6524056
4014856
2976821
2506074
6209975
5629920
6180091
1158521
7188895
2595441
6734182
6201065
4463717
1690544
8134109
9875431
2962100
8795645
4016345
3424598
6205200
5270270
5500408
6533029
2741943
9626007
8222576
4511645
7078244
2956935
2383008
2499402
6091949
7006754
4859394
5406659
1102156
8106279
5093757
4484375
6033210
6472125
6172504
6692117
9486455
3054607
9053192
6380216
5341031
7439169
5985962
7706413
8150614
2969869
6760396
8195971
7374300
6555365
7914734
9577692
1627337
4955813
5111544
9846054
9019011
1653415
7811013
5706364
4210243
8084228
8238913
7219186
9968918
6081089
7351464
6330414
6804248
9773544
7909105
4379151
7881269
4296116
6498456
6306795
5778748
9696933
5564487
5842288
2402589
6722932
1144096
5702508
2473151
3593825
6437225
5307175
2330496
7959080
1346325
9442414
2487562
2127569
6991851
1053611
2546446
5954279
6167893
7004975
8962144
8074311
2129810
8702959
9113851
2621962
3169778
1774239
1581513
6239332
4481111
3978245
4382945
7369574
8954423
8638782
7720279
8431634
3242005
4499245
7559303
8839206
9752643
6913423
8471083
7131273
8010697
4360572
6215501
6920017
4706462
1479996
5365078
1287471
3299411
8903363
3595460
3686776
5512975
5331339
9005562
4261264
9015605
9097292
4946225
9965941
7512930
7896603
2262476
5812966
8933906
6184732
6914890
3937006
7977058
7575397
6248149
3256592
1707376
7177457
1052599
7864656
1144990
1287294
7837420
4575324
4808886
7095620
1461714
6363606
5469095
5852690
5813309
3731967
2236718
8914758
4807975
8911617
4179408
7151528
5714180
8518296
3437827
8411043
1738932
5790047
5012077
7595042
3164562
2400947
3847236
3645187
2153385
7637638
1574036
6076155
7259143
5500226
6275615
1785670
6359721
9300695
1717534
7960968
6878933
6429667
9517542
2545413
4702983
9139901
7960294
9683386
3379651
2331422
8306445
4202070
6196041
4347309
3011080
1833752
6383719
7570150
8358569
8958086
4828520
1134630
6846307
3596743
8807466
6410965
3804785
8704670
5982157
8492144
7551767
3059011
8051592
9736114
3623297
9866784
9704597
2355614
8580167
4803493
6188301
7901228
9685970
2690312
9246222
5458317
3352216
7451740
2803416
5365789
1566467
8459341
4289335
7506277
7205040
3466742
2144027
5765705
3570386
6806047
8456771
3290644
6248439
9286934
8297560
8911070
2262755
2065960
6511190
4836952
9921304
9798076
7756389
5513780
8497655
6597709
2613574
2072115
5164352
5604098
4629608
9539340
6755254
2956460
6345691
3911350
7970782
7876955
8478748
7719827
9705637
3538205
9427854
2871865
1734689
7977813
7526602
6874397
5351856
8900979
8794637
4186398
4491261
8834965
4019344
8320363
9439905
6739130
9866933
1529875
8702053
1506335
4923549
3728552
4536038
5007736
1356886
2606222
5643473
6778252
3140658
5916709
2597518
9527149
1407987
6212432
4459066
1797779
6328034
3721186
9149580
4353173
9385342
8615909
9915033
2928195
6594770
2155718
6977970
2316130
5576288
7085408
7180587
2251461
1249657
4379555
3604599
8052356
6569902
2857761
7285551
5062748
3266656
8896245
1458033
4985699
4952564
1232144
5273253
8482789
8096675
2744481
1007899
6248800
2486574
3632096
5808080
2578457
5232430
5975736
7899536
3782426
9679241
8133775
6943605
2316680
7492993
5563827
4049677
5929764
8710694
2807010
4254938
1095518
4833708
1738998
9717810
4950865
9908375
6351659
2772103
6390624
2682963
5191054
7092097
7435179
8208992
2255685
4255687
1955117
6962218
3238197
3596253
3565045
1472310
6504275
6705319
8050558
4679353
4464523
7822668
7177261
6315651
3574534
6382582
1887720
6488856
7975260
3212789
4313230
2615775
2116310
6840707
9420630
3629172
6622878
2166114
5893383
8650840
9673669
8156834
4590545
7878152
4033777
3525631
6128263
1066987
9977890
5543591
2620858
8350500
1143199
2757720
1847667
5061384
6800193
3918120
4522124
5624553
4049883
7356766
2125419
3733969
3398916
9594366
6428572
4053707
4364484
6217443
6889098
1331034
7876695
6141700
2361306
7587661
3611040
8980632
9736613
7183210
5901805
2451158
5073679
6752711
5008611
9367702
8458056
1736569
2457286
9887379
3671007
4186403
6052007
2361746
7800702
2307312
7603307
3394779
1878406
2866779
6137779
2375974
3543688
5651563
1827245
8353682
5269084
8329597
3586295
5843406
7749986
6923961
6093803
1154138
3336915
7835175
6147659
2190568
8073027
6564954
6068426
1250716
7562677
5438794
9713141
6607667
4525274
7618240
4414140
2553471
1570920
1248618
8299105
6090640
4959764
5163726
3482236
4903151
2573867
6692123
8161896
1293892
5748626
2756443
3778318
4103127
4818648
2061701
9325708
7813491
1551733
4399344
6744833
5022247
8876834
1750369
8441207
8027238
6495252
7830277
9063790
7333454
9609302
6582970
7747393
2985541
9865090
8380039
1411832
8636672
6792283
2482989
2447657
5535261
3771978
5023445
2230603
2018992
9466228
8581352
4299992
8963739
3282292
5168638
9627358
2608151
7539514
6919150
8622947
9091087
7981823
7319556
7661875
1736235
2925220
3431120
1852808
3104682
9098406
1520795
4821716
3414440
9499136
9912245
1274349
5859775
6191198
2144938
5099733
5774794
5354873
5859539
4286053
6859077
1145363
1130440
2085526
7654928
3643089
2033843
8223916
3906130
6672048
7214655
3107264
3136122
3525477
9026608
7154600
5319841
8293462
3061005
1589829
9481164
3961390
6182072
7273832
1182413
4859041
1964318
8407009
3799688
6835068
6406409
2319014
5075859
2030503
1991186
5318301
9084023
8651387
3358452
2878854
4783444
5321466
6272125
9899208
9150816
4266479
9032477
1112150
1061648
4306851
5440929
3222910
8632591
5640761
2905401
4705998
9660203
6344359
1137717
5125091
7237199
3693137
6129231
2800591
4160299
9548995
2282785
5843686
6636400
3664459
7753079
7312358
4017463
8231409
5993023
1596352
7326593
7963733
7499101
7494407
4795545
2942179
9995227
5376564
2089942
4946996
5160574
5715860
1066749
7411268
9217011
1981582
3756291
9256140
2265704
2293781
5790127
6717692
7057720
1775590
1185246
7099287
2601662
5962494
6651040
8972714
7944331
5887452
2157888
6931050
5600882
6953326
1755553
6868969
7398528
3229723
9169988
1957877
4629513
2821100
3768806
3615629
7808605
8490520
1502342
2640769
8843162
7535978
8130373
5421093
5873371
4924113
9493221
6881073
4308622
1189444
2804660
1483192
4772324
4917519
8307010
7371139
4991777
1072191
3422925
7707082
6623955
4971686
8950462
7840846
2404639
4764364
4556172
1695254
2393206
1495730
6315391
9462916
9947623
7346948
6804943
3811730
9741967
5395674
3639723
9501422
4786091
2785195
8187733
5895152
7166094
3487311
6740010
6712244
2521454
1310510
3811647
6534809
8705496
6627210
6123560
2659605
2042820
8694119
3524562
2913906
1770435
9458451
5408400
5527720
9224404
2140757
3513267
1070552
9075415
2820342
1605265
3652515
5993689
6650022
1559592
4253029
9800462
3057293
2062685
1312529
9988508
4776624
7498845
4948010
9046035
6477819
5517732
8111260
9640891
4095793
2295452
1878901
4517255
7453037
7509021
8627459
3835749
7299859
5779091
1523850
7824695
5144409
2362366
1211810
1985243
7573803
7856210
4444715
7294438
2428736
9158270
8561455
9705264
4864183
3462026
4993874
5561929
2337517
5905689
4837752
9223626
8116894
1739854
7214387
7300166
6710708
8879627
2738151
9231774
7702193
5377045
2989373
7581427
9115574
3639891
9253696
4008055
3863982
9364725
3473943
1181789
2811034
4770546
7414303
3877615
1945273
9530409
9753829
4856893
8457427
6546089
9962173
1538803
2707810
2235276
1773633
8521348
8453150
3284478
9971178
7247618
6626788
2309595
3322372
7259536
2751618
7357431
3477073
7625455
9078369
8883831
4560829
5282676
1598863
4545244
7225592
1469402
3633064
9773920
9735669
1748788
1703073
1364281
2003135
8328251
2993073
2164986
4157939
6400325
4757789
9802457
5178334
9562967
4296030
9010827
6929203
2386257
1952624
2955147
3659881
8375559
4408378
4193594
6001711
6799985
3051925
8278497
2113741
2979960
8231930
1604370
3947545
5342064
9425997
8095660
4046738
3456933
9040064
5146684
1709148
1807822
9229285
3685056
2508120
8487775
7796436
6166024
8415455
7842426
7589878
4980508
4453317
5330603
7347620
4340803
2587799
9102750
5656292
6657330
4418763
5887907
9069026
1297506
4838647
7640713
7290086
4460105
4419895
8988994
9889014
1972304
7633250
7153644
2027225
1066412
4012255
1570683
3627254
1528667
7375632
9145861
1259418
9398845
6863339
5490602
8176536
4882893
3242666
1616158
4455690
3410042
4800793
2148629
3503542
6609510
2574348
1248841
1507852
8568186
7321715
1835051
2875596
6533796
1453446
3523940
7901701
5495662
4961050
2451654
7526520
9941244
6850070
2446228
2596827
1355170
1726847
5593386
6810041
8968800
3948782
3776779
8851511
2976123
2198756
7485253
6377265
4964984
1695604
2183043
2794946
2133752
8684766
7735343
6095139
2780587
2989756
1515969
5953386
2691186
3600981
2136937
6001268
6360661
2883728
1392981
9789150
8626781
3026691
1238687
4893933
5075536
8498792
1444567
1348302
3806407
6668848
8576680
2465207
3791661
9447282
7212585
7735403
6702550
3762684
4451650
7082717
1649401
2062602
3319161
2777324
8370572
8451093
7139928
2019341
3676091
5869442
3175165
7068039
1888004
7859323
3730238
7178519
1646514
7133915
3540278
5588851
8587571
8118915
8072113
8212395
3663512
9878794
8374383
9077292
2169897
2068177
6285273
6170655
1747939
3883444
9482814
6403886
7910992
6677084
8377607
6463463
8687040
3539889
9743231
9292089
6558761
6837421
2248057
8383770
1877273
5592396
4595165
4853387
7286547
8311775
2664979
4424883
7298894
5448704
3778251
4059688
4924998
4085920
4598630
6788941
3400636
4713404
1519492
4018517
5425169
9008174
5620459
7151654
3031931
9727136
5047504
2231896
5258401
7384987
9060166
4501276
2649497
6428221
4618048
4017082
3853563
9065673
8128836
4185842
3400610
3014937
5037615
9091268
8987775
8134382
6959775
8236876
2648217
5826600
3605504
4788677
4654309
3852817
6579063
7247982
2698685
4018963
2001956
9816009
7966337
6150410
3064600
4274816
5871495
5538164
6224723
5132835
9580351
9753413
8599224
5065612
3177832
8403352
2459983
1097188
1305193
9765567
4808247
5340734
9720845
2003643
1956774
3441696
3034270
4904135
5336478
9092899
7055388
1609743
6947823
6177712
5049563
2861054
2919907
9150442
1516022
3540852
7633801
7923306
8535219
6416855
4431969
4556837
7546421
5296513
7444641
4570410
8654552
1509911
9645730
5066312
8785197
1715385
1948970
2335373
3225874
6395157
6999062
8776745
2142828
2662550
1391588
7531888
9800771
2393915
7989595
9437886
2162683
7749698
9343127
4479988
5816811
2147394
8209333
2319905
2690972
2602712
7640087
5873085
9026400
8610041
7911572
4181007
4328652
7353191
6749503
3508398
4622227
6392831
5111314
6878116
2552512
6185966
6046584
2532590
5777935
7091588
2776948
8843360
5492393
3997857
4156273
5904229
5688507
9245324
2355302
8137124
1337970
4694242
2825061
3824127
9196181
3034283
6317697
6223605
1784702
9149448
3759194
2543655
7967350
5807241
5289159
2232824
6788588
9036571
4796126
9297165
5883410
3908766
4820962
4893555
1548053
8220565
1987722
8024480
3629622
9899895
2964138
9677202
9161738
2740386
8385792
6504148
9840906
8028079
6835678
8105375
8697368
9177312
5598511
6829597
1500879
7792438
1199015
1449481
6411461
9952479
1025675
6492850
8080992
6771341
9017242
9534813
5816466
4209634
3985431
6637258
3332658
9909895
8590900
5033871
5548664
6746140
6778460
4230101
1912458
5626845
3371698
5290349
5040692
3838065
6994228
8436082
2993291
9689896
2037435
9214366
4196224
8680307
7122624
3368844
3347797
2400015
5237953
6011060
2190733
6784907
9340678
5002881
8728706
2386040
8427647
2075985
8267413
5940717
8046858
8461768
4969471
3755380
6291216
1378961
9545350
5404501
3377423
1225587
6085836
7787644
1117810
5501771
5163266
5822025
5242716
5972140
2451449
8800052
4278275
5421136
8605529
4891355
3375353
4120313
6582570
3159274
2845255
6218024
8864656
1106662
1857586
1952505
1574676
1197270
8089183
1948441
4191068
6469006
3257618
6676774
7712701
6325849
9812306
8596961
2599847
6428738
5059241
5144402
4273215
3578175
2874056
3151225
9134858
3349947
8927047
2569452
4560516
7787519
8711369
5250642
8618513
1250748
8954813
8727354
4351179
4181303
7295746
4780697
1063162
9789201
7731298
8658654
8228385
9406194
2796863
3706164
6433653
3144018
6760268
1352083
5441449
6169252
8278194
7090499
1024868
2256735
5763730
3231407
5064916
6453994
3596138
5997602
2031068
4353379
3288401
3610976
9119785
8374987
1918300
4910947
7610466
1468242
1830499
8756529
4806910
7142651
3467678
3789846
2599343
8719468
3439592
9486084
4814204
7120021
1499430
1354051
8556076
9557690
1007361
6812950
6364510
8911262
2955022
5193388
1341942
3262734
2119631
9702208
1870706
2853447
3277843
7230926
4757274
8003781
5162296
1518129
2424726
1755729
7594334
9378777
9473285
8010658
5972855
3033147
5584584
1525768
8323405
2978917
6557569
7789110
3817845
1024421
3928273
1740890
4720645
3811746
8443698
1812317
4717228
2498665
9396893
3505865
6111275
9869029
9401309
3302662
2745652
2526126
9362094
6004605
6755997
8481400
4506833
8957470
5330689
5908012
5764655
3726524
1093491
6814227
4298663
3751893
5591584
3307823
2892150
3793712
7947712
9485796
4708546
9619231
7648825
9108627
2087427
9287012
2013904
8215496
6126415
4973936
7699404
1792841
9372032
9627654
4614825
9959439
6290243
5428479
9756406
5111761
3291136
9207526
6715084
9398203
5682081
8272835
3155563
4101758
4914114
1389941
6940786
1761665
8514611
9944056
8745210
2568565
5816172
9294983
7894609
9640518
9474254
1616923
5445454
1498029
4259090
7312081
1969749
7895970
4104144
1683817
9124521
1928303
2968686
3861290
9778281
6177824
6426211
4951268
5049257
3749207
7704615
7700302
4776174
3051451
4112889
5500557
3870341
6600144
9409868
2808790
5693760
4245603
3810639
1426474
7631246
5866332
3035672
2355200
4674166
3411445
2334060
6918209
3918704
8187018
2141485
2919405
6144288
8152646
4702305
3496539
1831024
4888957
4083418
6923613
8759881
5215193
9230920
1110786
5634733
6600107
9864023
1538612
4133620
8829155
4361158
6847106
4307104
4730907
6293190
5194809
7591455
2541197
7555530
1888171
5739230
1504549
9774833
6101777
5247173
2812338
2221710
6365004
9881234
9234421
9899152
5132807
1230933
9121692
7802835
5302393
2391429
4163081
6613762
9664711
4407486
5306826
3192038
4368582
1822872
3967598
7723088
9006302
8972453
9849645
5119071
2045706
7579206
5229766
2190639
6882555
3380394
3475302
8934814
4116956
7118757
8811204
5459900
1058609
7690281
3947786
6455694
3094041
3133283
3589805
8780415
7602290
4051572
9403869
6386212
8879643
2672330
6905944
8241834
3042965
7094811
9850074
7845983
3796418
6774910
8375855
2133209
6705744
1036966
4704808
6697991
6169903
9052475
2231724
1177042
4421885
7095190
5539622
3755567
8030852
4091865
7260316
9201092
9881305
9381674
9812255
1313012
8805349
4412746
5968286
8206985
4944896
1873365
9840982
5354813
3362233
8692184
9961253
3776357
1481010
4463306
2224316
1486843
6337192
5393321
7814129
7720134
8236369
9093682
6675892
2209896
2440670
7204989
5992538
6303172
9333984
6661618
5136149
4125770
5318919
7048556
1638533
4491936
5921925
2216040
9933543
7015022
8735824
2086953
4599339
9675270
5931079
7972396
2295844
3224623
2599468
7321475
2320025
7483149
6692751
5195537
6778616
4317038
5456716
9096545
4135018
5696371
9880939
4000035
8334850
2902105
2820837
8555587
1437006
5586339
1839750
1932519
5946576
6335078
3305070
1267206
8398855
8306864
3670257
4634144
3630246
1058838
3694174
1863133
7987430
2398233
8915037
9399686
7525879
8633716
4228338
6048858
8292242
2256901
8624990
5815374
3823274
1397653
1943396
9705893
2479680
1365894
7631017
8773991
2041686
1723032
9020148
2830977
1080379
9260567
2363478
4725049
6727813
7154917
4585059
1602315
7731613
4289760
5494494
9052517
1428468
6758831
9381811
6199932
7751380
3798382
3543581
3611017
9749777
3024244
9920616
8163940
2141598
2626173
9675024
7574715
3356731
6034361
9681609
9205807
8952588
9181104
7289432
1973323
6299845
4683344
2037150
3175201
9059394
8896020
2183285
3319171
3792115
5786131
2218291
5700507
6992565
5849315
2939852
3802280
3767995
3474216
3418196
4981525
6370091
4351228
4018721
1975607
6699589
2524988
7385551
7829604
5522814
7910765
5213149
4661418
7185963
6643978
1718900
9328435
7733081
9463915
5947464
7016563
6774457
9771347
2645463
8514251
8835192
8435542
7623119
1820798
9116845
3020133
9696140
3586060
7455020
6229880
3500927
3896816
5272952
9689687
7991658
4198387
4163604
9801924
7146311
7491308
8156154
6367496
7893449
9825365
2696933
3011289
5761402
6641162
8598665
6700900
1846339
7373984
3413027
1969277
4684490
9303519
1161834
4395233
4394933
4298398
7546917
3037604
2750542
3428794
3975766
9244027
4748351
2810162
7217364
8712680
2835260
3692706
2888438
7501182
8571647
4105562
5524331
6776720
1663471
1144027
5508967
8827898
5132698
6119405
8040056
3724875
9100001
6042719
2081015
4480078
9909107
3023901
4599449
2586227
3637041
3317477
1286047
5555249
2753652
5124288
3172749
4653086
3573922
8733156
2057375
2319613
4602968
2840047
8689797
9004106
7416954
8399192
6542408
7601089
7838024
9970556
4774004
6961592
7602388
3339286
2504544
4064233
6695069
7608846
6088283
8431438
9640653
1359848
2470645
5219237
1513292
7217309
6912359
4768467
8799295
4234631
4880864
2946277
8686497
3263221
9028845
7602289
1042236
8117790
8805251
4038875
9936643
4631667
9703788
8404787
4532111
7529357
5990605
2381308
5501876
1761286
6252688
3681160
7674240
1108067
7814642
7544063
5968143
9893167
2783402
5685886
6880334
2857699
2440565
5976283
5259274
9194625
9746298
5028999
8367988
4962239
1887135
1371213
1434292
3684769
9147176
1745975
2345446
6001056
7373958
8997391
9971765
1230086
5017092
6566467
9353939
5707419
1129033
2668258
6188818
1934137
6658059
5546243
4655074
2987964
6262161
5421124
3980327
9706390
5818018
1766384
5585462
3300863
5220367
8136058
5153005
9043017
9096282
4381798
8193900
9635281
7719298
8853511
2641140
9142481
4724140
1003491
1828698
5442067
6983792
7465522
4232103
2689536
3850493
2380613
8432079
3685975
5783145
3270212
3661260
2759673
9907416
2010256
5844503
6547552
2104968
1467399
1195459
5234032
5126072
9832741
6076470
4144678
9147123
7408007
8158276
4999981
1352637
5425036
2819817
4990351
9332568
6062612
4478883
7055048
3803443
7960874
2475498
6682423
3914224
9378302
1285389
7590190
2406353
9315595
7370987
8616744
1560062
7361239
4869514
5751450
4819253
5385305
9391959
1969890
3452302
8682548
3173947
6333724
8708970
6530018
6476054
4096660
6735352
3903340
7773530
5631957
5977763
2283349
1285575
3127264
6441372
3138263
3201854
4741816
2823551
7565253
6007940
5698586
2447908
7711439
5219734
8202571
4101509
8238116
4575908
6480521
2270663
3284530
7787371
4813411
9157095
2357832
9778034
9918053
8626562
9642653
4655648
2815019
3843328
9583914
8252920
9579862
5683294
7321266
4942195
3947933
2713304
2003682
5307705
9161531
4226863
9144658
4718395
3026630
5876060
9952299
4982191
5124512
7051793
2343908
8074217
5558534
1825128
8364069
5528147
4336518
7730155
2743436
4040457
4027533
9203711
5437069
1977427
6203998
8407789
7414899
5695552
3660831
2788174
3273734
1047771
3677006
2107795
4847173
8432653
6878353
9437742
1987539
6816527
8751402
1030817
4361006
1104521
5033993
9415905
7304794
4569612
2429627
4618278
7648668
8246249
8754241
5073170
4870114
3477292
2818363
8650683
5063296
3922680
3748995
1990231
5002133
2814016
8987863
6192259
3419724
6351199
1647534
7735472
4607806
6380053
3596587
6588138
6419701
4911839
8853679
8814278
6958668
7427506
4874121
9671656
9656306
6601299
1983048
1854703
2241165
6258902
5602866
5630141
1939770
9628593
6038669
8491558
5355315
1040316
5898906
8595892
8240586
3768839
3758369
1963285
4741970
8946584
5825000
8510050
4991452
2664895
9560893
1429196
6370207
7858840
1573299
7477861
8722353
4979613
6699305
1684872
6903346
4564261
7595013
3694375
1852296
9224957
5441536
5038831
4143940
2050145
8943899
8586266
7176803
2216088
5908592
4450704
9861233
4302761
5252131
7604603
4392137
4077885
4022391
8881574
8898167
9661075
2668285
9435088
4548414
8236249
9919719
2367123
3763637
6962926
3874810
9266604
1634315
2181938
6893986
7096358
4381420
7005510
1725599
8058792
7032572
9610213
2121054
6848983
5746049
1987294
2206242
9414569
6960541
2219501
4831969
7328840
5654264
4938741
3773099
5793822
3728252
1735005
5746117
7217155
7660602
1317700
8605140
2372481
3366506
1655330
3915189
2078464
6972879
9505020
9932265
4706963
2116857
5304131
2947694
2714781
7204452
2676746
4855337
7573089
9340606
1429795
2040254
3135270
8845126
1210261
7142658
6616579
2884496
9095803
3926152
1365964
5924197
8447676
8727960
3746521
2867527
2837730
2525822
4151407
6760017
5991193
9608958
8399822
6678973
6356743
9240677
9840663
3261632
9721346
2969658
2805463
5518032
3635762
8599700
9211700
1504581
7292997
9966469
5364850
1609629
7714312
5531956
7942243
5597850
6165033
4450569
4292073
4999366
2481222
1720193
5320873
1245463
8355953
6007201
6319182
6561517
3766531
4624966
1852215
9366327
4539929
4370971
6737151
8476982
8332005
5766438
5612826
3773785
4726073
7084000
9815368
1501272
4261498
2999229
4590943
5936747
8832869
2725324
4562338
1299009
6925473
6156675
4806295
1689430
8820423
8877868
4992012
1185239
7329971
9839535
2935972
9013583
8635340
1963989
9492783
5610742
9562033
3605927
6545125
6580064
4248065
9369973
3132415
9960214
7476295
4655858
4779827
6820674
7185409
4080700
2020426
9288259
6481227
6205690
9411807
3309921
1438573
8815839
4788278
7658010
7518077
6085323
5240054
1170395
5989426
5100880
6002052
8919242
8197703
5272209
2992254
2812864
8620744
3242055
9845137
1217364
6586045
8546717
4139064
9409363
7908464
5732603
7220050
4718731
3062875
4237473
5494110
6101446
2232435
8753321
4395797
5419860
7459659
2429487
6151395
9185282
6188583
8457740
1711044
9254503
7963038
9522621
7827640
4409180
1809002
2187042
4614946
2214283
2456976
3104227
5673411
7158816
9504230
5034221
2519501
4475293
4709126
6410586
3149095
4940298
1790350
1885615
4045308
8562633
8947856
2654910
9627840
2075784
9907421
6942188
3817601
9406351
9004777
1580685
8445541
9561401
3283803
3750827
3747846
4131007
1783412
6685734
7926759
4355056
2231193
4799029
6497937
2957757
2208126
4380938
1160142
7313264
3508593
6491796
7814977
6182973
4321793
9844638
3638432
1342385
7490633
7795861
3987600
1951815
4777436
9013735
6022107
9400793
6609806
1619846
9630480
4256820
9928413
4707275
8461176
9101572
6368635
9307832
3903088
7942318
8743353
8132310
2429672
1699453
9949649
2967485
1803639
7177075
7496464
3307186
6899032
2922433
6274654
2792746
3363461
7837331
6257964
9249133
4070126
3112578
1789368
4870102
7634582
2239853
9352896
6279543
6869771
5577058
2576513
3199257
8545024
5640117
2919722
6613728
3834376
5337715
4152994
7980301
9205361
2413297
4870259
3744158
3888763
1703485
6359249
5544720
9618548
6996278
1280715
6317316
7804721
1274808
9102925
6980864
6277290
8036399
6244239
2440716
1777779
4919693
6288734
7658492
3557651
1989078
4166469
6023630
9795011
5121496
8509400
7522537
4085637
2828217
9564508
8630918
8111133
5763048
3087190
7590698
1054000
7038006
4316335
7177937
5414648
9613821
2612736
5812711
4117538
3687294
7896896
7473263
4540997
4930761
2136391
8809607
8704382
2142869
6520254
7580738
1975532
9650352
2875174
2053813
6124293
3900560
7409857
5290510
4341651
2135047
7170080
3527581
1676047
2717461
6920010
1756471
8660888
9983511
8293830
3866607
2293840
3277662
9227078
8850309
4317972
5633755
9888048
7987867
1273557
3193141
3301385
4294562
7376664
6507005
7446144
2508244
5092742
2564921
9362773
3664282
9283632
4688221
4620388
8892109
9413860
1181976
1878354
1465817
8864484
6695753
2664787
9441918
4830857
4854546
3974037
1102448
5388596
5358469
2969036
3281055
2279660
7637948
8686619
8771665
2042457
3691077
1387932
1842538
5265244
7437945
6636172
4324813
2628745
7276526
9133398
6182621
5638018
2129474
9705530
4667293
1221681
3140056
3209242
8657205
8620065
1429791
2231649
8477654
1362810
3745998
7432400
5336308
7672535
7468972
1142375
6505202
3579526
8761995
5095148
4612124
4048155
7131477
5678426
1087437
1140209
3805246
5759017
2599025
4433982
7325593
7419766
9354981
1573714
7754375
3584656
9239163
6620140
9940809
1921311
6456217
6021241
3991287
9639664
9050433
4688874
4619402
8172768
3200235
7871024
2138579
6788645
7891982
9543191
8230990
2997300
1413118
7075324
5118161
2219730
7340911
8241581
9352351
8858427
4393943
9438491
8252442
4301672
7370546
2247806
4747540
9209601
3058783
2209478
5679558
3746079
1911271
8022393
5965209
7607932
4615006
3086958
1107810
9708986
1839971
4426788
5910059
9315917
7024386
1467135
5800428
2871237
1238328
7602337
3813849
4116859
9530838
4980577
2202261
5190744
7593662
9570155
8734468
8932669
6493066
3749812
1089214
2444754
1771597
7874647
2236127
6625390
2405297
7889233
8022971
2680672
9637567
7534550
7759151
3442840
9632766
9621518
5318866
7341941
6358962
7370927
7355275
8329580
7892997
7275768
4861116
7692178
6420036
8007559
9916124
2383622
6626368
2922967
1604963
2031613
2888533
3922650
8381918
8180907
9484743
7351279
8145570
8239883
5458632
3023424
3185053
8605003
3977366
8113659
2143368
5782423
1980673
9001771
8008120
2058881
9808970
4513970
8459860
9031562
7479271
4485221
2451425
7622992
8313124
3549060
9368505
4245587
5101155
5167124
6011867
4434021
7871876
5752283
2291099
7165678
6397343
5624504
9508282
8494745
5425902
2163484
3525840
5408223
7056776
3267049
9799654
7189294
4470344
1045733
2547488
4251317
8243276
5095323
4906775
3119503
1482841
3475022
7235653
8462345
5149724
3762971
5642394
7903186
8634892
1406122
1922347
9058366
1358763
6408144
7245578
9681591
3468650
2026821
7423792
4005440
3563052
3147965
4917527
4782311
9176675
8785317
7948517
9094919
2969559
3797186
6462967
6148485
9373834
1552778
9467027
4322404
2050497
7501534
4001124
1257730
7913967
7726421
1288623
6523021
1770526
6508624
6319895
1193070
8183753
4016044
8795055
7206672
3059322
4975120
9953312
7676415
9908357
6264293
1165492
9670827
7666586
7408869
2891133
6077131
3753995
1945357
3842148
6374430
3732379
5370476
2208593
8071180
2516991
8155678
4059188
8674028
4318068
3006098
5155823
5135007
3124476
8846726
1841824
7147673
8763702
7282965
9806862
8738112
1585945
5888998
5551535
7689196
1480973
1437715
5060943
4895270
2605712
8254641
7872878
9735037
9203977
3686860
4621645
1872749
2223432
2288258
8101801
3522343
4841810
2477361
6757727
2834227
5175876
5658374
6115050
2200708
3351721
3263395
3235849
6947893
3151340
8727020
8427519
4621350
7329191
9796271
3203252
8961966
8174617
1423470
3552249
9568571
9402294
8757514
3752105
6284493
3041561
3154509
8434731
1789195
8818069
6167443
1627667
4490177
3729385
6484694
7437288
9907703
1852177
9976981
3497664
8886191
2487289
4820513
8136264
1211962
4473741
5321604
6223200
7042487
2474923
9051790
2808227
3116393
4443770
7337341
6875460
2034036
3449364
1816648
1980052
7331060
4502431
9281864
6832480
1308346
4917177
1664708
5434806
7355620
7323153
3824343
7749960
5349272
9640403
8675008
5792106
3423581
2361478
3586166
8399126
4871755
1759814
1718607
8210843
1521752
3044314
6607234
9069429
8867966
3056232
9994248
7806326
3316019
8312068
8514024
9053427
1803577
4829059
6824953
1974368
1238317
9674269
3079621
1960134
9507645
2440318
6261002
8200355
9552759
6595049
2842074
2513310
8033788
1662089
8522530
4703909
2640275
6069334
9172423
6796197
2860441
4382432
8076140
7925413
1032406
7841916
6225424
1214976
9996844
8527816
8521621
1027901
9468073
4924508
3335515
1379980
1947387
1243598
9225931
3144415
6289155
7767010
3403952
9053667
3739330
7847373
7757695
6356634
3648688
7392036
6910071
3805143
5368427
4543718
4359075
3242133
8036429
2954722
7370365
4493683
2454422
6767494
3767533
9113488
7002248
7384454
4737007
6224639
9716562
3457829
2111698
1234663
7624740
5395747
8116124
2508730
1181601
9568323
9921291
9739984
5316787
8958584
7264566
8056543
2621752
2763116
4793106
8911769
6673433
5550636
1466449
1692386
8592892
3965299
4857381
5157805
2584207
8696401
9618083
8177458
8951749
7179255
8807106
5023438
6294174
2426274
5615490
7709750
5769758
9719330
7010921
8372633
6832543
4268934
6391016
8680786
5724546
3536998
4389789
8183495
8423873
5381581
8941746
4629729
3280928
2807680
1095522
8939112
1671170
3266095
4296732
1622266
8681304
6073847
4704320
4314535
8819188
8791762
2580550
8567212
1396412
7638620
9948990
2419275
1209529
3664450
7567474
6588227
2430735
3870025
9975207
4794097
7357639
1996537
1337154
2942211
4300488
9042468
1828168
6589908
4175141
6731862
5079934
8505513
7463184
3628954
9182767
7802759
6128619
5468903
9191756
2246511
9782655
2747558
9174509
7109496
2764102
3704865
4901110
9728199
3145058
6040905
6356565
9161453
8257137
7404388
6009255
8229020
9043832
4626257
7259194
6691079
4144508
2877625
3975661
2136726
3988399
7192212
3344820
9613059
2907400
1409173
1643128
5491924
9707819
1801652
3052955
7782581
4502280
8278293
5226777
8255345
3597120
3804314
7578762
2897549
1921985
6163458
6722628
9248769
6646066
5870780
6824093
9346516
2709898
7633548
8827917
5348947
3359227
2866585
5228722
3448365
7325132
7512976
6185326
9938798
5316741
3109561
7682475
2522070
9478275
6735188
7848575
3214293
1093803
3541871
5463722
5735718
3462587
6704967
3291708
7975365
8517052
1911832
9831188
1783822
6938004
4004228
6518531
3499380
7300344
8356188
2756942
6440794
3977278
6446989
5252690
8959569
5926224
7429225
9354626
5063407
6128125
5722641
2506508
2197064
9157289
9431037
3952283
8130252
2487909
7050472
6464949
6640381
1727065
5177178
6210052
7419147
7916958
3502739
8199537
8346381
7077416
1472017
2678124
1807774
6591456
5438975
2252552
5145170
7810896
4282938
9927812
7742292
8574968
3558976
5055333
5518813
5643326
7144823
9081662
8950099
7216705
3246872
9054738
7569148
2210062
5660662
8461776
4095261
7331435
4675759
3821244
2864755
9283217
9137518
7695407
7080717
8593528
3079321
4758645
3254852
4906506
7302366
3887956
1036249
8844025
8890453
6048364
6333609
1728748
8307794
9700090
2648719
4417556
2195403
9309622
2683222
1435166
2744352
9232797
9685657
1752961
8101835
5723593
9224826
4429302
4701221
3137403
3622267
4857032
3936529
5497595
9252348
5721537
2705098
6838230
5473937
2212740
2306501
9902662
2784895
6411961
2228162
1013232
4175188
3435874
2812661
2787015
2084000
9379405
2277835
5188686
4806483
1354530
5251803
9810618
7906036
4405212
2167466
3299189
3395964
6796052
6244827
2674111
6941261
8002745
8252081
1610607
9941458
4758044
5237058
1034584
7645044
2333608
9869819
6736967
1845109
7853487
1971146
7631720
6466221
1935967
2754604
7798920
7992607
5922195
6116691
8533492
5425272
9514310
6537971
6358657
3311907
2223202
2954793
5154661
9588683
8576311
1173064
3871875
1807342
8620551
6873858
9994948
8956890
3724669
2904240
2049248
4338312
4300606
8706430
9002109
9612626
2591000
6647478
7650542
4014225
6709208
1599655
5260444
2134295
8671480
4849457
1930178
5955654
1274352
1891730
6598987
8073725
9318211
7802421
7091707
2596679
9759352
8705392
6066248
7543933
6714902
8828194
2303519
2514837
4883718
1156841
5038626
1601341
7488286
5541989
9461373
8168884
8126347
9586068
9213671
4661110
9773083
1095517
3827703
4267983
5089125
4239272
2757600
6251537
9114197
7818538
6872331
8767841
3014040
3563518
1303567
3259243
4350752
2943983
8475344
1421750
8065620
6205586
3463409
3957137
9975768
6105808
2730615
9013677
7502964
1962114
3703099
7713541
2713699
9817333
2966219
4516919
8422203
8639565
2590367
4712183
1230132
1334789
9702195
6006617
9231446
5747348
7991174
6465291
6013955
5516843
6496365
2946149
4192158
5749211
8718484
7230937
9376791
7342356
6599762
2022149
8090837
8784008
1211880
7050599
9216190
6117359
4178455
3705392
4224230
8005027
5162075
7251377
3727825
4569899
6878407
4101746
5847974
3355860
3132350
7981666
5980339
6196155
9186123
5008424
8207255
1471400
9129822
8375192
3537552
4420757
9753828
9401089
1646946
2798860
5633089
8618787
6224480
8153518
1008237
8636734
2235610
9536847
1506920
2992133
9725667
9876351
5108123
7145649
3442045
7618020
1327885
6271091
9988707
2340227
2031550
7088065
2366643
1136093
8755684
4242706
2201526
9964415
4281060
7030031
3969201
5668699
8595322
8196668
6708887
2959330
8981092
1146315
3787638
7112603
3825206
2612252
5025859
6606170
8762830
9264935
9537990
8501442
9128264
4798950
9058906
3972277
1361447
7118110
9130745
2637259
2391999
5313883
3507769
1636276
7605328
5658202
7260297
2859826
1523783
5448781
4291338
6638951
3860525
4709946
7872839
2472648
9322672
4355139
9304019
7660849
3786380
3610752
1391806
3829843
2678550
7015368
7090675
9235272
7933861
9790543
7382257
1636231
1356765
4020137
6530596
9050483
5318681
2270637
8765344
3108046
3386421
6589685
9718649
8706251
7026165
2268929
7191617
5955904
6131861
8306491
3320479
2666362
5115821
7509269
3956744
9814187
8931137
6795534
6253149
1222782
1079587
1027092
4754401
3345291
9289285
6118404
3523733
4874470
3214559
7731661
7686194
4414866
1398649
6885362
2165571
3946451
6669270
9106286
9621276
6137953
6928829
3906097
2550202
2504952
9180004
4953865
7604473
3014029
4029244
9397276
9385324
4381723
1775060
2397649
1700892
2957786
6095658
8665103
2129120
4033361
4074389
2872285
8079254
9504771
5591688
9057513
9744635
8896901
8191363
2480932
2005165
2186351
6687836
7120778
8677434
6902513
7939750
3520447
5624164
8366077
5723707
9738197
6214835
7029666
3807787
3093291
2673207
6762553
1193473
4768495
5636377
4003512
3302574
4718083
9033245
4889827
9315669
9929149
3569079
4802275
8308146
1450249
7703174
4692079
3773288
8656810
5137585
8721766
3876197
9617245
5161309
3134591
1048756
9922590
1402504
5469464
5196895
9577220
7058821
5489130
6101054
3038471
9976212
8726622
9194464
5619170
5213149
2296889
5383061
8649683
9108617
6764082
4416599
6426176
4870910
4931300
3441555
8002035
4543221
8808862
5904983
7832326
6322041
1570968
6692121
9985690
4517438
6609089
9618657
7350657
7429531
7535987
2381972
7303612
7690853
9758856
9772127
3348830
7153130
8896902
2679228
1459215
5346695
3331701
9517860
1135404
9789030
8208082
5823697
8835084
5605144
8553436
6154286
4218782
1537611
8860811
8572382
9342382
8586408
9410272
9454950
3510086
2194507
7987096
4425016
2370033
7401312
3455290
2583837
7494363
2033367
2921552
8014654
8642644
7677251
5662322
5405006
3274547
9762580
7012989
3359832
6085655
8257711
7812771
9668704
6743049
7643431
9100316
5561593
2969597
6802715
1227899
3395747
8001207
7276012
9224091
5226590
7629259
8931544
2225848
7071375
8849277
3107768
4434842
6477006
3088390
7923090
6638763
3504714
8118456
9037788
9262634
6459673
9878265
2410062
1353208
9395232
5540075
4316386
6076496
8644060
5874924
3292971
6109012
5082762
6500729
4706191
9097858
7590329
9577069
5733219
3924677
5319274
1032295
5877218
7073768
8410401
6873418
1061064
9621605
4885707
2758111
1772497
6649436
1549323
6290581
7868873
5688351
8193187
1429736
7030480
7658474
4991483
9717150
1428908
7498928
4888913
6994862
1468555
2310160
7649278
6763132
3581843
4245606
5019041
4205823
2103016
4525694
2550980
8297786
5126500
8019205
7455179
7122183
6778007
6664352
8282639
8854324
8499932
8060827
4141988
6017924
7443566
8121419
7229368
3778866
8259795
4157163
8247291
5587569
8838345
5870689
8749723
7089854
2414559
6200872
7988520
2245726
6778593
7308702
6981015
2204985
6586732
1771564
6077090
2830547
8928095
6141709
1120524
2269347
8357362
6869565
9901379
2199506
9014432
8423040
4343070
4087953
9259776
7640589
9185861
5299415
6021042
5965141
4337711
8843894
4175476
7631283
1401926
2260569
4304212
9414961
3314216
8623644
2688128
1919988
8968903
6288520
8316729
7890630
1872816
9463978
7118054
4929342
4687593
8120398
4000069
4700814
8983986
6930589
9111164
3885481
4727790
9470864
5817742
7245583
6285276
1622249
6141750
1043901
6203756
5399644
8957846
8518746
7693174
9142053
5547601
4069214
5875835
9372456
6468030
4401502
1785692
3044668
6963473
6339002
1437005
2584352
5281704
2797851
5777258
6158987
8299316
5654428
2648369
8016801
1759874
6522821
4834656
3487681
7074213
9361522
5293484
3461819
4652418
7642386
5329243
4965343
8510648
9528267
6574782
8861617
6027242
7491067
7173903
8184888
8881962
8299546
4696675
7563701
8878659
5835323
5897163
9520433
9645411
4277361
8322573
1878960
7487715
1664398
6005626
9082241
1494069
1667143
7716460
2518519
9067881
4486515
4081374
4492658
9686940
6406578
6866536
3222934
7005821
4406634
1024085
2337310
1062397
6790381
6864675
2172425
4664787
5199543
2576982
6243954
2287849
5219475
9306681
6983997
6892838
8466268
5262066
3304301
3748953
4541345
9987201
7561491
6553215
3564578
3955541
4183202
2361841
4941175
4546827
7237789
6555885
3557584
1997955
3959729
3396606
1624855
2144033
1973535
4136523
4783666
9659165
5878929
6797690
3536420
6428360
1643726
3376063
8261843
1570076
7234761
9664197
7658916
8922046
9717844
6215159
3570498
5845458
4545394
5264683
6925054
3144315
9294345
1393387
6237392
7234094
8049078
3779490
3801084
4411825
6197115
4154784
2807504
8945398
5288916
8825802
6854922
8721038
9067175
2632673
2278358
3619276
9319513
4116781
2583476
7198647
2739901
8167109
3549816
8634538
2633895
9455294
3072491
1421836
7601823
5226414
3370831
4955560
3414705
5010779
1417728
2046440
9333473
9193349
1574966
9403251
3038972
2918733
9916903
8928736
5412234
5459713
1413577
4427541
7685344
1180549
9239861
6660993
2202514
8568735
6515367
9619122
2566469
7181086
6144738
4284115
4933218
8700520
5271985
4928902
9086822
4942751
8301960
3822234
2886422
9797936
9997896
9237993
9124688
9437688
6107745
1608401
2753021
2951250
1312466
2733453
3494627
4846145
1551372
5046383
3215063
3165431
4831092
8020604
8416975
8166016
2898055
4964580
1769110
5955790
3507737
8934620
7438424
1655329
6411574
8744218
2930397
4932370
1693545
4767596
8497299
1518653
1874011
2996726
6384643
3110857
3002002
8238406
6433446
1599638
2722075
9006997
6226449
8520385
7622147
8302493
8422539
9902806
6341183
8585937
8166143
7570131
5288427
3441854
5573197
5007957
8498351
9433788
2147834
7241122
3110078
8195600
8257544
1168338
4707064
7441762
3043681
5852058
9407728
6021973
3754861
5059510
6553159
1618824
1312067
4681075
7338679
6609065
6952379
4729878
8396908
7869041
8314018
9728748
3898572
4941695
7910535
8375471
3578264
4389077
4768498
8395154
8545834
1089065
7416692
9884906
5434398
3115369
9367962
5481401
1748557
3806927
4455611
3250327
6535157
4087068
4102833
4669183
8313204
2041651
5176356
3075059
9807667
5280917
2882561
3779853
9138400
9353909
2422090
6571428
1564819
1894456
9472712
8354135
9163922
9819787
8424411
6316409
7625904
3323168
2500978
1471385
6846032
2397510
9458901
9673132
9039623
7004323
3228895
5888601
9667871
2442065
7142346
3902241
8379832
4912851
1671779
9369386
7903562
8157683
6712604
8824614
8807365
4255609
4745600
5548452
8096793
8292361
3714753
6542131
8275153
9546266
9223021
9297774
2000079
7577791
4496169
6057762
4805236
2856338
7742391
2953692
7628118
5487920
7906581
2602848
4248574
3339401
4674550
8677550
5210252
9203199
5975723
2243475
7167405
2613470
3173807
2866276
4504697
9502633
9424332
7595623
7662251
1292367
2083118
6434642
5266046
2804797
5287618
3202027
8192160
9222221
8200523
5852238
1619925
8593564
2232769
4090701
1080747
2078585
1569189
1678641
4511574
1093561
8243558
7423583
5989095
5380263
1856553
3958998
2911725
1761944
6968441
4124629
9799848
6829533
6141131
7270426
6570022
5931155
3672428
8803716
2404477
7360724
6256457
1060250
3736548
2370192
8621723
8718372
3415662
9922166
1437037
4050359
1336739
3975627
5564235
1764175
5054204
1746142
3784457
1168212
6203323
3225234
7302701
8393151
1405541
7944282
2039866
4655958
6141085
3074052
8465754
1626387
2844447
6696812
6105574
5589539
2265173
5939153
4498581
4293194
2493529
4317188
9433152
5510243
3379848
2324284
4277902
5058757
5338687
4344391
5888065
8705474
6787317
5212187
7215323
1968777
2427509
9823947
8951278
9974827
3396534
7500821
9024831
7191610
4514008
4412760
7245142
9962382
1000637
2462882
8038181
3437537
2796994
3973160
1811475
2558490
1683865
3959695
5643171
7733735
6425413
2340327
9971142
9980611
9817520
8414263
8245689
3515479
2358700
7580851
3486876
9557373
8514308
5812042
1750417
6335007
6455295
1649500
7976013
1691390
9808433
4933449
7622782
4712079
7724285
5431524
8798681
3890175
4483818
6935687
1215423
8460183
8048929
8317696
8244555
2667899
1763328
4540841
7365755
8226509
5168287
3208214
8466936
8540655
4953181
9356199
9519235
2858277
7903973
2029884
1145982
5752984
7574403
1046344
3244565
4277430
3603420
8392511
3017799
5105719
9450447
7798101
3830651
9485607
2645336
6907333
4473231
7622458
2954230
2248211
7274127
8706721
4517176
4495925
6028389
8531731
7748527
6200585
5247983
9413600
3951357
8327582
1632767
5694280
4483108
4947548
2730940
1050934
4279546
2458129
4657637
6363548
7566073
5479896
7104438
9236652
5327539
6712936
6605731
7191599
6035362
2477686
2697857
2031878
4443933
7118664
5259972
9389692
6941543
2005848
8170211
8758212
3749602
5270241
1658840
8433555
5959073
2018057
6220227
5057180
3077403
4864106
8226350
8185765
6730171
3277630
1854379
9294851
7785619
4000935
9597530
3398454
7185521
7544921
3727815
9143395
9690826
1651877
5563120
2220650
2301651
5667426
5450212
3354979
9082543
9819578
3227142
6892602
6483715
5378126
8124337
2481572
5407909
4350343
9783221
3435261
1391986
8577594
7231168
3253248
7926974
1583095
7664473
6789794
9558758
9202223
2513861
8187147
6286594
1694591
3446412
6256306
6015415
4705309
9860629
6301588
7218025
9496606
1765678
9194960
9451533
1662049
7749992
2725346
5846684
5370204
4951839
6573306
4420579
9986369
5710936
7677432
9923319
2840140
8029443
8531847
1750471
9536492
9486047
3518867
1480586
4830283
8795581
9973032
1756631
9137532
5394716
5515432
9639955
2191232
2336051
2895337
8043652
2430453
9595470
4265193
6444740
7394204
1736400
2272494
4848210
2496453
6780503
9672574
5629251
5542105
7786620
3017656
7380182
3501636
2859257
5303310
6072484
2393405
9889574
3713504
5297526
9212851
7733660
7651061
9780145
4901205
7163194
5643480
7812780
9714686
2825798
6077005
8621922
1007356
4482923
6954607
6603331
4126780
2785760
8615975
7193637
7846675
6564842
9535819
8663192
2619499
6965368
2358096
8977878
1042120
9905899
7899822
5413465
8685430
7427833
1341455
4846599
2618065
4482279
8969650
2677001
3567921
3152051
9175203
6683449
9520112
1109460
3405327
7702329
5328984
9103257
6862342
4925793
8119214
5993518
8127954
9680208
1623829
6115134
9180270
4876516
8813665
3245746
5645349
6084612
6144441
6075927
8315657
1228442
3774888
3346525
6809612
9998814
2044672
6856571
8623934
7093838
5743531
8798064
8691299
3347514
8450319
8573029
9385648
2641915
6381725
8255087
1344034
4864772
5821815
8385712
2152124
1998288
2051324
2962845
1605211
7638267
6591345
5250713
8003767
7350125
5324685
7170432
4347448
6203825
7056225
4418497
1151907
2245346
9177763
1925119
1065608
2347860
9640168
2910072
9495224
7034453
6505422
4251855
1541494
1398660
8356146
7831628
5508256
8264972
1815888
2094690
6639105
7948176
3069861
8789358
9684036
6446005
4684853
3303563
7968324
9301638
3736169
3154196
9677886
5508616
2165520
6012535
9268840
1608412
4823046
2624690
1286363
1271818
4478898
8475182
7165739
2890672
6252137
9134708
6062103
2379590
5104560
8380880
8687388
4584588
9735390
2880065
5826852
8232019
5241952
2285785
2750299
9009253
3819031
8247351
3617955
3381971
1749148
5345695
7758429
9952409
8439331
5256435
5446824
1254639
7281533
8773457
6777638
9568687
9718647
2889544
5411577
6950045
4580064
9020215
2030478
6841304
2528872
5243844
5119823
5621276
5048356
4520246
7601916
2237426
1141806
1163696
1857108
5850677
8395498
8184267
9781485
5210816
8011491
7759502
7862371
7009401
6499603
3231948
6961325
5669877
7191105
7897179
1762123
6182087
4590213
6591276
5533275
3605032
7062695
2745164
7718348
6795588
9551974
7030902
4325417
4502111
3566292
9362450
9785943
9968482
9466014
3629774
1964890
5002374
8577258
2395736
9238673
5534748
5398233
8607925
2665666
7343670
8705132
2880513
5984272
2050421
1815362
5087940
9396553
6265329
8019775
3379564
9434396
4884990
8985929
7329645
5296040
5930977
8860012
7380658
9493999
1241103
3643102
8451326
8286249
4918430
7130524
8882404
2725173
7118667
5115315
7091039
7432106
7478759
7108634
4357839
8871564
5575838
6271612
1191441
8946778
5919141
5280148
7511929
1479173
8910912
1484402
9555054
1111995
4391533
4135322
5820451
3495008
1654128
4011019
4275630
2954526
9506236
9901789
3898246
3211987
7411963
4781892
8350558
4516713
7891386
2777841
7470168
1605060
2715764
8872151
4686440
7944916
6179321
6823435
4409350
5815113
2298043
4224772
3539983
2074982
7400501
2179714
8324537
6849775
5087161
2984076
6112049
5262332
4243476
4383505
7336787
2237872
6679711
8056112
1513157
9517443
4231205
9768403
4151345
7584506
7159148
4321270
2854108
6548473
9041506
9247110
2712296
7538927
2526310
8370596
6327778
1850607
8654383
7993992
5634569
6337311
9437789
5052866
1987228
2962377
1180442
3162268
5721694
4251087
4874413
2394332
6813098
8183035
7764763
8888678
7415468
5760436
3342330
5984766
6878403
6890637
7158739
7864426
1684018
3455736
9253427
5426421
5748157
5992024
2955726
6188944
1186790
9638068
4615441
1828756
1685828
2066503
2802371
8881443
3402108
6899572
5789014
3925100
4238367
4890646
8491024
9757132
9823584
2300214
9147217
1060306
4262064
7665494
6658112
4967195
3430968
2938986
7741078
6328028
3278194
9225254
9498951
1786110
7274213
2500018
5212360
6742884
3149883
4587131
9879553
9108744
4008128
5575907
7580689
2223811
4881913
7337816
2552760
3814635
5584031
4427970
3787750
1371350
2255799
5363030
7012317
5348093
5836047
8726728
1653573
9042621
5093782
9466909
5166348
3262582
6647960
6884126
9658935
1821398
8082390
5832104
1537610
6948720
6620862
8089697
5890832
3173894
8288844
4190597
4430920
6771814
1962877
7056350
8698796
7879279
5428011
5608338
6806047
7726197
9044618
9905558
3709170
9388090
6791741
2668993
9347154
5418141
1979478
5609019
3343570
4435343
4144105
6543828
1814911
9686283
3143793
4852168
6179608
5894252
3691297
4049330
6494944
8680846
7297805
1424024
8237313
4084193
7536142
5655416
6497445
6179709
7700121
2122129
1845882
6884155
3428821
9988814
5617237
8951217
1589517
7896781
5061362
7740104
3108161
2130698
7077722
9676347
9388887
3561261
5498077
5038765
8124271
2596972
1875967
7202087
6734996
2179166
4226159
3277806
5302222
3473182
2617266
9962813
8744596
4995544
2076575
2996068
3393310
4334835
5369667
9240893
3894489
8923483
7311396
5628486
4705716
9400169
2970083
2010272
3183832
7601650
8890235
8656483
1143220
7744233
8591974
4460380
3897782
6643185
6133342
7416100
7211925
4886980
8481089
7178334
1930827
4955833
8945421
7122828
5912032
8862133
4638923
5912206
3980322
5834097
7162505
2955321
2369393
4416803
5107199
2592272
9065142
8999692
7972755
5409826
1603700
1125789
9463288
5026239
7106871
7326727
4981553
8744856
9822056
4552414
9067828
1076338
1738434
9221672
7799657
5917831
2000991
5454024
9620050
7888441
8260076
8607490
7521092
2595380
2115132
3947050
7525715
7354719
7889528
2616558
4274444
7045822
2708083
7668412
4021147
8227815
7720283
1652113
6766093
3009822
8790667
3070112
6244784
5520848
2305086
7496347
9157655
4294632
8489759
1190944
8630714
8414290
6848252
3234499
3216186
5148042
6462552
8121268
9271553
5737888
9652895
4587405
2608072
9715658
8590324
7250811
7321138
7098213
2295526
1708742
5024982
8997066
4216578
5764926
4557530
4174537
4298882
9647364
9682554
8575813
6708259
8344114
9151656
1731372
7641236
6125992
3000078
1395600
4897994
4508020
4794607
4593383
1080497
4680349
4597611
2933916
7827644
6142988
9868129
2858383
1023773
4138264
5999918
2184624
5595985
6650860
7344724
5847219
9629011
5889367
9665847
3668784
2546224
7634096
5849537
9062107
1507962
7456228
1174244
2162011
5407318
5565150
4186431
3802121
6697329
3669905
5939162
6148230
3326607
4777637
3368716
1259129
5628803
6695164
9417340
6403876
3850555
3774495
4821572
9331682
9507571
6590794
9180977
8428607
7732170
1143248
6651047
6970803
1398002
5314156
2255330
7052285
3369344
1987430
6675735
8603417
5833187
6146590
2399032
5850525
6136113
7882809
9078807
6458678
9119709
8420773
5023842
8481401
7521669
7613322
8488204
2115880
6153448
2198286
6746893
4407492
7485045
5878597
6544703
4385929
5527166
5561076
7070185
3141387
9519051
6529088
8737945
6154987
2624331
1308280
6159978
4815030
6602086
5332156
1396966
4628570
1844846
7139848
9258052
3472325
4970739
4917985
9441298
9902620
5076277
4752154
5210670
3111444
6319988
3537667
2270382
9065009
5931492
4496239
9570848
5478361
2755069
5977633
4142443
3836756
6786286
1285843
3675668
8296099
4514481
5487266
8151005
2193209
6014010
3341657
3062407
3776026
3680265
8707544
2559673
9005583
1904351
6421472
5656441
8578179
2292173
2637310
1285590
1818814
1262247
8392338
2045864
5056315
5016920
6282428
2162927
2400039
2579471
6836066
7971417
8032697
9145047
2126751
9097632
4863144
2619973
4063499
7994895
7006862
7240842
5061475
9691236
7683671
3210856
9375509
6984337
7658405
5780290
2969387
7070429
2949252
7269451
2642705
3986152
5146693
8588321
9318212
9176395
1180665
5447858
5117913
5067613
8114572
7564828
2867432
2115347
3203899
1984851
4609683
5251775
9165491
5308091
9130102
2484985
2155464
3498518
1347757
2515739
9454862
8937047
6197436
2225637
3159128
1493717
5458271
1896257
8968587
7888475
5737967
9294434
3124765
8268700
6352430
8620486
9556975
4114052
6368495
6544986
8965829
1098281
3174821
8186492
9885342
4180128
5007174
4936923
3264564
8698925
2830619
8850298
7562834
4868626
2747495
4523796
7061133
2908232
7045425
8243802
4467616
2656716
1558832
1481240
7172840
7406096
6533267
5881781
4966008
7471890
2347882
2903385
9080346
6384202
8498804
8674153
5339427
6090237
3108294
7966573
5177906
3732143
6799188
6102099
6370309
1226421
9192735
8106445
9224119
5605544
2333627
4354325
6168218
6206902
4157500
7867472
9162157
6408338
8569916
1326736
8683578
2394956
3348940
8999412
1351759
1194043
2229877
4972202
3444310
5342102
5189481
7740117
6316691
6097378
4549323
3485705
2225018
4495046
3612120
8183411
7302251
8754618
7765680
7509718
1749963
5107870
1227589
3256496
2185536
3312871
7867103
7986491
1121096
5186484
1450121
3135695
4201015
9957438
5417500
2426661
1273483
7840110
1224421
5089526
5222189
9105673
5744694
3346753
3210183
6980038
3828422
6361708
2119676
4962433
4154117
2861250
2246345
3802824
4048385
9473627
5017526
3274897
4984046
4128665
7154552
2154382
2143189
7614606
2850342
5797721
5778716
9609147
3898710
4462218
9340078
5482100
6752276
2561896
5349190
1378911
4205374
9335228
5652957
2025691
1936191
1193281
9985774
8127933
2869478
6171127
5101090
2489525
9415202
5803607
2697182
2027919
3061148
4996192
6219877
5264533
3847217
7484816
4414442
8430291
6277259
4664366
6290870
5831283
6729179
5154180
1866418
3416198
8007028
7528171
6493330
9346787
4668423
3994494
6825182
6625834
4006327
1741616
2676318
3223074
2035416
4093114
5528290
1084672
4066377
6460332
7794347
7982985
9578283
3820197
3881017
2651214
7148861
7058270
2376754
7727062
9270806
1743584
1562668
6829914
7930302
2410646
7516951
6762730
2710249
3123261
1780618
6050029
9357200
9070327
8730984
9667461
4226669
2288063
6774191
4099217
7014420
5548728
9235997
1038348
3253417
2810206
6875199
3240595
3978562
4769821
4932567
3442243
7253146
4295808
2833449
9049985
1274350
4243586
4144866
1668115
4806839
7636481
7872742
1587499
5213061
9867856
6736437
7793860
6437429
2647723
5001848
9861285
8034511
8093830
6401582
9584707
2650814
3755070
2529134
6776964
9360236
9189105
3777624
9038173
7260026
5909353
2135260
4174556
7301657
9343411
5584998
4509058
6978888
5996174
5662117
1782664
1391466
9905599
9357751
7712898
5433667
7128385
4528691
2796897
2879695
6164442
7228626
8869907
2561151
3708041
4384186
4631173
1080465
4435612
9203881
9631880
5441930
3354910
5093626
4736721
9211603
9231852
4728407
4187291
2435053
5219689
3197564
1766567
2827667
5991751
1993443
7999267
5747307
9962374
3884690
4159593
6294248
2460410
3046397
7140318
4829247
2366596
5105560
4743163
5995907
7829539
7858942
4213608
7567839
5096739
2078263
1494084
2013616
1710963
6052265
9802946
1149053
6980052
2125278
8689645
3726227
8857006
1760814
5953995
5384833
3106301
2710601
8050016
3988077
4536104
1797219
6689802
1643858
6170226
7195900
7113481
2120087
7078281
5912907
5240225
1116940
9119612
2536263
9408152
9394563
4637834
5853137
9608666
7424969
5234773
5315009
9034493
3498624
1077302
4309003
6480798
9185050
1234986
5637965
5561642
2672500
6078185
1040761
1768889
8457677
6510167
7580506
9889108
9654497
7403604
4309380
8262679
1661478
8976110
8759709
1162930
8485730
1591798
9683201
9531337
9512743
3772080
3483479
6132220
3777709
8840867
6979566
3351041
6051466
2957457
6219730
2885676
5252048
7332289
3319601
8474640
8671811
2563960
4191525
6294848
8516533
7416710
9980190
3231215
2060544
8737596
6927661
4356981
3205792
9626875
5338799
4225266
9760938
2416423
1367572
1107853
8505581
5817723
1507339
6050070
4768420
3225783
6228172
4764106
7430484
9231156
9693313
1566132
2368712
2176535
7743890
7930096
9942567
9417636
4176972
5900043
9173935
1198250
2066221
8751046
9437968
6080220
8215438
7725689
1434151
2020608
9541933
8447573
9327253
4422528
8323542
4142978
6273596
2998686
4454382
5130855
6669078
7155333
2346396
1809671
8293233
5078714
7739156
3656456
7038795
5409841
7086594
8007888
2223430
3917372
1799311
8640072
1750471
8818655
8215122
3699138
1387825
4698942
8557398
9093111
8508666
1532727
9111748
2672681
7932518
7934477
9071277
8068391
7944616
3813561
6750262
8086127
1562002
4923301
1595681
7138157
6988980
2186291
3243316
2812706
3288601
4096503
4501192
4346208
2016538
4155654
1954735
9712370
7473117
7814310
7821955
7478104
9996974
1214500
4351623
2946607
4171320
9436869
9367357
7854319
6277919
4886548
9866372
3256911
8941053
5723994
7392234
8620483
7595512
2999916
3159382
7180261
3351933
3614942
4723339
7770802
9061403
5141014
9075802
8647211
9413630
4173563
2416999
8804187
1750470
6936715
9050133
8519225
1405827
8730124
1978577
2421539
9807375
2143258
9936120
5595850
6400841
4242719
2352422
6361005
8510057
8756513
7235996
3347006
5543877
3710774
8088461
1165472
3692511
9971922
6789893
6650322
4281384
4525889
5943543
8709989
6047254
7112816
3173089
9046825
1616349
5287077
1105438
2326630
4887692
1902351
8377288
6110534
1239495
9550839
3426183
6135312
5895645
7439190
8860027
8720463
8453573
1493249
7909826
1347729
5273018
3456576
9688934
3647115
6379248
5236796
7467238
8499994
2096241
6359638
3067935
9723684
9637017
1286484
2260887
9713565
6315434
4547894
7685478
7815078
4516173
2251367
5128450
9559055
9680230
6957135
8911909
8550141
6508690
6264197
5728669
1201063
6096768
1886626
7594928
8972346
6467881
8363185
4493353
5511581
4659629
7887938
2652291
3721294
7836108
1357853
8323569
5720235
2194237
7161300
7409416
6023181
2569006
8776946
4344074
2968143
8659929
9258639
1812112
8890668
3133504
2285253
9191379
9586886
3019141
3158397
5223639
7532163
2170216
2224162
2360692
2427474
7944989
6740664
4659138
8627212
3863753
4453701
7867168
2945717
6279641
9952813
8811105
9978145
4745023
2283420
9102484
2049843
3906314
7901148
5044207
3631681
7779873
1510726
3812056
2573652
7144093
3074005
7502159
1599179
4302208
2536470
2345338
4660958
8025173
8130235
3484238
4403328
2757924
1976591
4533464
2294942
6930898
5162053
7887270
3535877
3731027
2299049
3671444
7032032
4925262
4787447
2281910
3172766
9318220
3126026
3460383
9077810
7897883
4087469
4602316
6655348
2446533
5947534
3150640
5333669
9495144
1074513
1286429
1860112
4732274
6000896
1361356
2367755
8222267
9274463
7624713
9766621
7743615
5322141
4071486
9688761
8472694
6907943
4796505
3746921
6850450
6339159
9349341
5305606
5158997
7263435
5562563
4737059
6289036
7649488
9107018
3744394
9271083
3680828
8592034
7166622
8740486
8232986
7192305
4356192
7595882
5288576
6813183
5446157
9222038
2657981
7622021
9903971
8899865
7379887
7213517
7421764
2817481
8592241
7813637
6606708
1676637
5386545
9338278
7507901
1910696
6488927
5208956
8332338
1462899
2696001
1086737
7327440
9238837
2680611
4770106
8871679
7026929
2684716
2314173
5145592
9765740
4851340
6744605
8953410
6475658
5263762
8386244
1167509
5012357
5411610
5391757
2579615
6741640
2610468
9244331
5251876
1129774
8477759
5796409
3393024
2421714
5769827
8009694
6662664
2241618
9929887
5760476
4764111
8410277
7026279
1501686
8563460
9705558
8227471
3248828
2926457
4205725
3774741
5651252
4602686
3404312
2259736
3280487
9719724
4917035
9094055
3309701
5627006
1446641
7963317
5818677
9543385
9540637
4435496
1767805
3967404
1025714
4680528
3752395
1903538
8844955
1229749
2740702
3554516
8501352
2061385
6587924
1382508
1792165
7336700
1749776
9872037
2417497
8058414
2772935
2188350
5635480
9726208
7802344
9241261
5006085
7134147
5030118
8521248
3001576
8738066
2537763
2379998
8258856
4503164
7146554
1535500
2787237
3532697
6423145
7335436
5060724
9404670
1368090
1565504
9442872
4482251
5516620
1169452
6504281
3582945
5741986
4706170
3438116
5288817
8306376
4537943
4129599
6152368
1284670
4766714
4889799
4677990
5604611
4093252
4097160
7560550
3221790
5533570
2938072
8450648
2623307
6452624
1014992
6958834
9925633
3885721
8337768
9078981
9947548
4909433
2107822
6142068
6885228
2534915
3884067
4224767
3133017
6666910
2381490
9687101
5860337
3788874
1254542
9884456
4302544
1774401
1804455
8877906
8408747
8643768
4999112
5144502
9696313
5377860
1948944
8122537
6321342
7574170
4075530
8369008
1288885
5510895
4017324
6612523
8851801
3034430
6232169
8942126
1447376
5403624
9655923
4492720
6784373
6379829
4922896
3293084
9077760
5311736
9373592
3380933
4323284
7691601
2392009
1678711
6110501
8317004
2457030
8216168
8493893
8924391
4130035
2949198
2603721
7280433
5014437
1210314
7196124
3889742
8342410
7559873
9369248
8668503
8961301
5002636
5802876
6515934
7005027
3413189
5218950
9302671
7055087
6032002
6974414
9395442
4035630
6173662
6739205
4326412
6284169
3716786
8771977
8255910
5319989
9950243
1974798
7620517
2428720
7132949
5246250
8429848
1669721
2804286
3567741
3675857
2545708
1902485
7703930
6237162
1923738
1886824
2611735
4155881
4567617
4315789
1764685
7462654
2250061
2881520
2706572
7413481
9194858
5154060
4767487
8079544
9353701
8672757
9536823
6075502
1115038
5036497
4700982
2034752
3673708
8797799
4346267
2003256
4268749
2620751
8899621
4533820
9135368
9637385
1807909
8810986
9019618
8110506
4632388
9906522
6300281
7639922
4921710
3624773
7508671
7729144
6337219
7321623
5520326
4629112
3317040
4176517
1220097
4207030
6150568
9157205
5547585
7959726
6519410
1347148
2511359
8812527
7858553
5120322
2473516
4020518
2777973
3610852
7170206
1502568
9064169
8903109
4765477
4036063
9503813
5782300
1849276
1255504
5458091
6747678
9324187
7424837
1516367
6691193
5677994
7697627
3392887
3635242
5744848
6618282
9487202
9863099
5339240
6037452
1711109
3221533
9086357
7884684
7343216
2561437
1796460
2912557
3384336
3890182
6357840
9056404
1118221
4739732
9032476
1486291
7907411
9170128
2350392
3549778
7590574
8118797
3022542
5129436
6356303
5600125
3329239
9337796
8721452
8097328
1876111
1274930
6554051
6079595
8083847
5856845
4226046
7271777
3702873
7880902
1432498
4481361
2880053
5060927
1423809
4799931
1211610
1151575
4068064
6797568
7894817
3726740
6901171
3809365
5627571
2497259
5381397
3751523
1880347
8149806
3307379
8624895
6380982
6138066
8611928
8170561
4967431
1118108
7754755
9742659
9101671
5467176
2149492
5550648
7894745
1792982
2616262
4336294
2343164
3001170
2163893
9981889
8011610
2958525
9146753
2642918
8093661
1894205
6027884
5253488
9708896
6903454
7373789
6268411
3805347
6354215
9038515
1113113
7246830
6558563
5226263
3852316
6091527
5843833
2051600
1945792
9103180
8015998
7631720
9997125
4305973
9450295
4478953
3665958
7089411
5936892
2254611
3129998
5522629
2185080
2858361
8324074
7943303
1106829
7297656
9719578
5865879
5829012
6179861
6564097
4977077
1262658
9104626
2995707
7610518
9306726
8533357
1948654
9752789
7228046
3369237
6153465
7041783
6512010
9558922
4765578
3068697
9978376
4874608
2529228
5626616
2175966
4541263
5018813
3150173
7524135
6486603
8898589
2429539
4844036
4524283
4605762
3497382
8731908
1999015
5768649
9989194
5373342
4168995
6118631
4320229
3482267
2047170
1594205
1199434
2762769
7675385
4969354
9527347
6360905
1302482
7206042
3146314
1047618
5066889
9478364
9635860
1169423
3933191
8890354
4010619
9802139
1632824
6406945
3580662
2284941
2721227
3003912
8892951
8508678
7972614
3498990
8763185
3634119
1315395
5953012
3290147
2084848
2696714
3792937
6507653
1069603
2529036
7361468
1326511
8953351
2066874
8441420
6571937
5567465
2220160
7112860
3676370
1449532
2427234
4992610
5058200
5489601
7292273
8428798
2293872
4257922
4430633
9223240
2436651
5509304
3203434
4778626
4558966
6219532
4114449
1269485
1055044
3531578
5878195
2580087
2596122
6172178
4533110
7253713
2319606
6148569
2273227
1770399
4871645
6409356
1767243
5929993
8804672
7314308
8835693
8061871
6513226
5303157
9452642
3926329
3282953
8229072
9335054
1902988
3778934
1133961
8748514
5162072
9511970
1905650
1345370
8601998
5852863
8638214
5239888
3670383
2704515
9240188
1527232
8122191
1464430
2879241
9084506
7936418
3024314
1669076
9861021
6245721
3966339
6703747
7726469
6994045
6944821
1518336
6241428
7687960
6884170
6592977
3280303
5092181
3889776
5554006
3027717
3084244
3721864
2680094
1969066
5880205
4026571
1903845
8967874
2062238
1108999
9829102
7899800
2488050
9433863
4106681
4855246
9085328
6704145
7092962
9003055
6796733
6618761
6773206
1348512
8718991
1741939
6511474
3897654
5189776
5304342
8777786
8312289
9295627
7488251
6479282
6279045
2135926
5558613
7599517
8716649
2299259
7529530
6617487
4002312
7949477
9157967
3591089
3516516
1467331
4388369
1163452
4340989
8115762
6832547
8053108
2791120
8399593
6622233
5273008
8935943
2676809
9064666
3012452
8389081
5142020
4709345
5286533
7591800
8650565
4829877
8376569
6988573
7723692
1031873
6846318
1215853
2965367
3921487
5932423
3825288
7764540
2373861
5689520
8531311
5472082
9564412
8201938
8714127
7471312
9565465
4723874
9523182
9118573
9073739
2388436
6734833
3531143
8574254
7354695
2859647
9286275
4676535
1794166
6015681
1539286
2428750
6365248
7163809
3392743
4254166
1573745
6008865
7034547
4336527
8592008
8762703
9155252
8031424
8980992
9974283
5944008
6836496
9358970
8170470
1432160
8324213
2275272
6771687
3564833
1918916
3164632
7851943
5985626
4405158
4461243
7807836
3386723
7717483
4783825
3824882
3031118
7204408
3994451
9470741
6479949
6382876
3559165
6858124
2057632
3713409
1846806
2818943
3064568
9776702
1274333
9940505
5255853
8504265
1837906
2546056
8478489
4706634
4382366
7900833
6460943
6552906
6905823
4695905
9840379
1345610
1864020
4237391
4093592
8115185
9882914
2579005
1248712
6613981
9941121
3165292
2502739
7914714
6024582
2919311
3433983
4090480
3758093
1759272
6255687
8457878
6850050
5391375
4218876
3273541
2598156
4338577
4518389
5208168
5432407
2787893
7501748
3019183
2272253
9232986
3474519
4479171
9409873
6926396
3932855
3971412
6838343
7290709
4228321
8628686
6085699
7672160
1137839
1219753
8246013
1545848
7491074
4441696
3393293
6177696
5205789
9847993
1923672
9833692
5433505
7243395
5239767
3870204
4893345
6543774
9469505
9609528
1565217
7806452
2013461
3492407
5085424
5289030
8297222
7720362
7869535
1955169
5444546
6376405
9810589
7573295
8690337
3305838
7192688
6477225
1659687
8674462
4894354
4450666
3519541
4941604
9975590
8173407
7316435
7424537
9088597
2793435
2703314
1975758
7602634
2637959
6145761
9570577
8578502
6308854
1541487
1807375
5114272
3701527
1629559
6988627
4004381
2149316
4241772
7781672
8422839
8165955
8725037
6411566
1978012
9806040
1997454
5060568
5869185
6042558
4295856
3029606
1553193
4768998
8693694
4601765
2169984
9615594
7560303
4695564
1653098
5404855
2423655
9390585
1899381
3040341
7531389
4796547
1745900
6083605
3028376
2859835
1168013
7853078
6509490
4543364
6596434
3294963
4347583
8944588
6894763
2083341
3309222
7987174
3951117
9405808
1307758
4162694
1296996
9236644
2717812
6059736
6108644
4772115
5304792
5351293
7109693
5122001
4477944
9181347
6402989
8834125
9667476
3559871
9214895
4107411
6415441
8715946
4836177
5300860
9923161
4497045
9666915
2086963
6086751
2708715
3862027
6618916
8489856
6861378
7552950
1202627
9000581
5976252
1096617
3672373
4640709
1988800
5258038
5345695
3182184
2667664
6686921
3612618
8089542
6153992
3611042
4536368
8095277
6360306
3643101
6044518
4087105
2948936
4434157
1190437
3133566
4061255
4573735
8414326
6954842
2031404
3921850
9153338
9321861
5512718
9578301
1766291
9294162
3416279
5160097
5737203
3539695
7759072
7337349
3771775
7818512
3669736
1105961
2083871
3967915
7918193
6999354
7832037
3855836
9367800
5751499
1264535
6869160
1558543
1719269
8492314
5473694
9678552
9808437
5451389
4767833
2509920
8407779
2583584
4330403
8893525
3060996
1760768
2177716
9058086
1240357
3200480
2252440
6829622
3658824
1612948
5037742
8035068
3469227
3044397
6459724
2862713
5036163
6483004
7764224
6834199
3406216
6608517
3824370
9204571
1165546
8247938
6872037
2781383
9055521
2252624
3592924
8839311
3479330
4587450
2654169
5383605
6313005
1255393
2654592
4219971
4784451
8213637
5092699
2525285
4961077
2620850
2631223
6261152
9619032
2179913
3422891
6351795
2546645
4024362
8291320
7296456
8232541
1726395
5787020
8857943
6713273
3784088
9623073
4899096
4450559
4300503
4760451
6283618
8550560
5489270
4211310
2110629
2185055
6978019
1768597
6458881
6832668
3999976
8846143
6966849
4680846
6933170
4352204
3191799
2416848
5272316
8168086
1624948
4659346
5553373
9480563
2372004
6933424
5944810
8240214
4188548
3075103
5583369
3676693
3273666
1181380
7885139
2349381
6307632
9154847
3918821
6894465
9053283
8630820
2521860
5808970
2158702
8298602
6550634
3127944
6657206
6934012
5199793
3324911
5806642
3627086
3089371
2443581
5372354
6420746
3202044
4753183
2723240
2596615
5599428
4649011
4437863
5919067
7246957
2989352
1107703
8852167
1551357
6834946
6752033
5821649
2189816
4309562
1203389
9442095
1216998
1247682
5759814
6646367
2589500
6132262
3495447
7223508
2355754
6357198
4925829
3554826
3708864
5963104
4056856
8137786
1615998
8421122
1559462
2158761
2416246
5156477
7547342
4377180
5520928
2531965
4879502
3056998
6475002
9872949
9121602
6531617
8510554
1347487
5139642
6923899
4960338
1645601
6770358
1527592
5114302
3173387
5165888
8483125
9425388
9346557
9523814
2031741
9721961
4736998
9908307
9565044
8579812
8043943
5008457
8618976
9762754
3059798
9744254
7013224
8480573
8747806
6490000
4880389
6195193
6203971
5348645
8411605
4395685
3080643
1332451
5334478
3801162
9801944
6464521
3912015
2183027
5382938
5304872
4843666
7675193
4663298
1877954
5891390
7148714
1401034
2151293
1940954
2452630
3395760
7736644
7151707
6148725
2171672
7011259
6698142
4267832
5034577
6051228
1134257
1232107
1419056
9351027
6105931
1606083
4661976
5181874
9533852
1015370
2676636
2933618
8406271
5007140
3917435
6796039
1289357
9983036
9340874
1302014
5701003
1810257
6122543
5744245
2149827
2761879
1654729
6617944
9626608
9813771
2583213
9138100
2412754
3964758
9468172
7053561
1593826
5275229
9356080
7022865
1668384
7301283
1674341
3789463
7061832
3224476
3015412
5584309
6202146
6286031
5538506
4167583
8995513
6242342
6542392
1757734
5253667
7035797
3762324
6015546
7254399
2150181
1471420
2142463
4366590
8823900
5534778
4128330
3074711
9706443
1110915
3455160
5442078
4723700
3693530
1417067
3016175
8169813
4974354
2140962
3460484
3876757
9815856
1841780
6885351
4854730
6944943
8212841
9654017
7121317
2563229
6471925
6032976
7777531
8916642
3733074
4744247
8437296
6422112
8805433
6453615
6169986
6503990
8701436
7730843
8622383
4546079
8381315
4284794
7577604
5703992
3056289
8864758
4033988
6051615
5302034
6165785
8337009
9064887
7908307
3529375
4936378
4642055
3947806
5368230
6037376
9650626
8927873
4437826
3647366
6720801
4136026
4848109
7354422
6826029
1858417
2706075
8998858
5473049
7465074
3783596
4305437
5698123
8534277
4904059
6882127
1125179
2681036
5232851
2118030
2497076
4856120
5432386
7119240
7097528
3022728
5498693
4192554
6237633
7770016
6194786
8414227
6775841
3178882
5459861
9554330
3213194
3557483
1013282
3562488
5158250
4886156
3044489
4629716
3153391
7131171
5575960
1668522
1087400
4414710
4075418
7926615
1334155
4609644
1826925
8246595
5817491
6096648
8647474
1148331
2109122
5404355
8562973
1906185
2012932
8221636
7639019
2617763
7611124
7686654
5201204
1912365
9052983
8275302
4559254
2314844
9518854
8699984
2212369
7131849
5881738
3361189
5651121
2237629
7441504
8524035
6648486
9705567
5543548
7903345
5346351
5563255
7416489
7616317
8065461
8676126
4973550
7425716
7170676
8166340
5763533
5334014
5169044
9080478
6844965
1353235
9231894
7328554
8505591
8733726
3569641
2409056
2710469
9567212
5486109
4992439
3660374
2461841
7818991
9732496
7343255
2848536
4517250
3215427
8698396
1575012
7994223
1992645
4094915
1505959
2525235
4411571
9163449
5112638
6380551
3988669
5623958
2688872
2426573
1134514
8396260
2300130
9793958
2804451
2147517
4652704
6273120
3688375
9779154
7529001
8366669
1687371
1806536
8627088
9922095
1111299
4817084
7234954
3662543
4871538
1329511
6382961
2174252
6374626
1545373
5223316
9194321
8070656
7289712
3738360
7705792
6245543
9978225
9956848
6683658
3744519
8765526
3326420
7046208
9357042
3629047
8674273
4565764
4527747
2649651
7181293
5206520
7497067
5160240
3843909
8014616
6516761
6476799
2902821
9673956
2604229
7241949
4513235
9281077
9873242
6074837
8547032
5131441
8386814
3645827
5741788
4924954
1111231
2444149
9487069
8353792
3878939
3653546
8319051
9034135
2936556
4625148
8389188
6246563
4514478
8759001
4174759
7857424
8690670
4740013
5398807
4330590
8912465
3179676
6756110
3869753
3306239
3440811
7986907
7256102
7821546
6158910
1562169
5395674
4630270
8323388
9004558
7622821
5539751
9151374
9465085
2981515
4165754
2224903
7610280
5801779
9759233
2057054
2314437
3900729
8428326
4609622
3353116
2149790
7994234
3222782
3732058
7400671
7871587
5958100
1951445
1644515
7384800
5635909
7789533
4671309
6703163
9954512
5439547
7423154
8217290
9189448
4570953
9350244
6082913
4270904
2543085
2340525
6032855
8046817
8144179
8419352
8164723
8069982
5031367
2400488
6064628
4574377
7790540
7621996
4122938
1043062
3889627
4117994
4098004
2588733
8220763
2533689
1392423
2416149
4704761
8439403
2515767
3025788
7266180
5106662
4868245
3266419
3358312
9622612
4997157
2187526
3474950
4239920
1722443
1354665
5119084
5462849
8576178
7107518
6114934
3511524
6908216
1326132
8362688
7496321
9040634
5323017
8114246
1583840
4268855
4791471
5952027
6342996
5112483
4686093
6572482
4490389
3496331
3634908
3143853
7584940
4473119
6108658
3292431
5768135
2614113
9221212
9749152
1643564
8176041
6269923
6790317
1223498
4071570
6262321
7456537
1127979
4286277
6765710
9271924
2537350
2313760
5610563
9884725
6986162
3280770
2664735
1929943
5316148
9802869
3170263
4625422
3919097
5675065
6193352
4206245
3020383
9401513
2290905
2694774
1053165
9873868
7304124
6448965
5795364
1291131
8889363
3118713
2917869
3612202
7207087
4614711
3427697
6781396
1523059
1524892
8783560
3232903
5164951
6024663
5266185
3270729
5538313
5231714
4886528
7056550
5783661
9459675
5015997
8722327
1777157
1855299
5189065
1515025
3204780
9908370
6879540
2408871
7860861
4514548
6463498
9207900
7502801
6254756
3073828
1247177
2550436
2144100
6513946
2933607
6012505
7610646
1333334
5597242
1309780
3984250
5989187
1706011
2814853
3725381
7239269
8889888
5926085
9940250
4678723
4915433
8860632
5419687
2849599
9412618
7110738
9209759
9466630
8320656
1641303
7708239
2553826
2870834
1052219
3263456
6473004
4184470
6723016
5780328
9607519
7333628
3109917
3568236
9714249
2674251
1235059
3330806
2494811
4709622
1198523
3413519
8310303
8170955
4933603
5555866
3735240
2910168
6727288
7339533
8573541
5671162
8254950
9408780
7844720
9427075
9788186
8915492
1719171
4015431
7464776
9712992
3245610
5338372
2332296
2875276
1683347
2949803
2690460
5367684
2316322
3803087
8778701
2668471
3576289
4791913
4020658
6161150
7146133
5255557
7622034
3636755
8974380
3420621
4045537
1008559
5435666
6682032
1530983
9746244
3964962
2576111
7920510
3839124
3399161
6270020
1903866
1178028
9006695
9915183
1479459
8296641
5154239
7214110
8824349
9463205
2044856
7003753
9809446
1122664
7167430
8244676
4512132
3111005
3555070
4153517
5430988
2107275
4406382
1036356
6608149
9397773
7203394
9528270
7580758
9711057
7442994
9712277
5293091
1296456
3901962
6321452
6239682
2829366
3006167
6912657
7586734
1591273
1955947
6166187
7971240
2262982
7934158
9609202
5411700
1398655
6043201
1408941
2227447
2815136
1668847
7400279
6345963
6662537
7988851
3425051
2344252
6286390
6722816
2470015
7310402
8048506
7644977
9009053
8931292
2667275
6109166
8325771
5719909
7549110
3554295
9980700
6173014
1391411
3209168
2529600
9742584
2252307
7058569
2042438
6201924
8157718
2995305
9290050
4073496
9904665
3522423
5482122
1187160
5232236
4268004
4789850
2441695
1199810
5449816
2227735
3292001
5767873
1190167
2630257
8109023
9145786
5907728
4696673
6734405
5535858
7360322
3937810
6592483
3996063
1975308
6761564
2692550
2399406
6128399
5078635
3323251
1778625
4750401
8977662
8802943
5220726
9827729
1729803
6821006
8537826
7292146
9644480
9144230
7151966
5740807
6416229
7466863
2341559
7365801
7631774
8210441
9381193
5409496
6091148
1533770
5724390
7977275
3352594
6349971
4110639
3103701
4336628
5941581
3614917
1813447
4328412
6048965
9137370
9820732
4516727
7842466
7605665
3401396
8523580
5681407
9977572
7221360
2846797
9039273
3077619
4882679
3680950
4731638
5097018
8009860
4247506
1155904
9399212
5793549
2516876
9474493
2879516
2155311
8776515
1471228
6618090
9129723
6458631
6341374
4556442
4519063
1772096
2777199
2237248
8103314
9866159
7334080
9600535
5937864
1530699
2513634
1770162
4325230
5595277
3598240
6994250
7464315
8811784
1747865
3447925
3145460
1847087
2235609
8705912
9774482
1554555
3344788
5608691
1039825
1711716
3142334
9079611
6562135
6818316
4084105
9941061
9885247
4495099
5618236
6188541
7910466
5041733
8125549
3866486
8213826
8445448
6354075
7268668
5428786
8401042
3708906
5113606
6352676
9070751
2130171
8270856
3081328
8410495
7918376
5312612
9918846
2529942
7732377
7338112
1575601
8068990
8130566
7332147
6785712
4376263
1315209
4761176
4507538
1826782
8443934
5786693
8371467
5016443
8442454
3525852
3864532
3527558
1338850
6069075
3270143
8224823
9150032
4382271
8263029
8479756
6292482
9111862
6062402
1140515
5309102
7924312
8048761
5705143
2707022
8621145
7819701
4019321
2717998
2620077
9760634
4001482
3763875
9212238
9033337
4785619
1376346
4192301
7287858
9103426
6336398
7726707
1500276
9637089
8189971
1622322
7192128
8449492
5328336
5303853
6959308
5326767
2040842
5766336
5431715
4162226
9274394
9922477
8302697
4180642
4308993
6020101
5605756
4668933
9651666
8240240
2766199
5943097
7045197
3404313
5919312
9571825
1660684
6076856
4317857
8382477
7893783
9408637
2229956
4621973
9473042
3033174
1290711
5522451
8365014
9822813
8611231
4751114
7306780
9159841
3819976
4482774
6142101
9292048
1020746
6064033
5695704
7918398
3567272
8294847
2851443
4185620
4563986
6438504
6613346
7955543
8322795
8845775
3518622
7994324
8702181
1664867
9007948
3286630
5553479
7855585
5246806
5670883
7484624
2250004
3398871
1356969
1339382
4584939
3018672
7497216
2088199
4514997
9207032
3165996
1623729
5737915
9734672
3993298
4351005
2315321
1051540
6178820
7996213
7134715
4117293
6800811
8730694
6494929
3171395
7270800
4220929
9585006
3122128
1915975
7703836
2366179
1581392
1379256
4621206
3297203
7420436
9829451
1907607
2542290
9683062
9626352
8352245
2241215
8270055
3304776
8648403
9900603
2013860
3629811
9001956
4155941
9389703
3900471
4352141
6526707
8271098
7715913
8576937
5619599
9643654
4952572
2461030
6604619
3058057
3480707
3339212
9250819
5226310
9520228
1544158
7600590
5281431
1777404
5397721
5727648
4595581
9180585
4154905
8011391
9200024
8442839
8431771
6056992
1765874
3103210
9379613
8379358
2405877
3774213
3445538
4260694
3224701
5957173
1550930
3641185
2314376
9367934
1532605
5707375
7211530
2316735
3722432
7149756
9486686
6925956
2561920
4690546
4779094
4479272
8237459
3507548
5980723
1477413
2964927
4227073
4560432
1388858
8200282
5743781
2349241
8516280
3655952
4549720
4828409
3535144
4288195
9876793
9464017
4745052
3196173
2059275
8645796
6627601
2810593
5469617
2286479
2768894
9822095
4129673
1628598
2048059
6929318
5104227
6581369
5242129
7422451
8343709
8260550
6525274
9414312
8838684
9813384
2119957
4599321
3937129
4940286
4148808
8603423
5398053
7639974
6342930
1913951
5018090
1222807
2725260
1967717
4025792
3285870
4452507
3665065
4999545
5360608
8598358
8108468
5207018
7763311
5722894
9268508
6945478
3238200
7032254
1024171
1059672
6907753
4493712
7357342
5105629
7080399
1101322
4223113
2086203
6532109
5690963
3565656
5330722
6154217
1165030
4228784
4357310
3265728
4969874
1158451
8232022
4580954
9007979
6016483
3570052
9326104
9693777
1990046
1436177
3792074
4814810
3268999
1086444
9141533
3174367
4438981
5016583
3270001
8367200
9897445
2779663
1707849
4176981
6945819
2732486
3915100
1293522
2621990
1482558
9097480
1703509
6690193
3336628
1934310
5857263
9761493
6911366
6041848
2317709
4488988
9811282
7613823
7593187
3042080
7895597
1391786
7691956
5219890
8143421
3037800
4494976
1195671
1454068
3079262
9816970
7619213
4526121
8350068
8941060
4838187
6147156
3781834
4273369
8510630
4640550
9869961
2326487
9743344
4547459
7345172
2262520
3254586
8103261
8871388
8067659
5084186
5937198
4128082
1110852
4826376
7444562
6060536
9258396
5963779
4390526
7833169
5509158
6656273
6848673
6914551
6072624
1383587
6270037
4647627
6046482
2491926
2491906
8010886
9392598
8062870
9272528
4553390
6139523
4581021
2712710
8461925
1912776
6661913
1445892
1922908
8619778
3271148
2039705
9630628
1477866
3153549
1106626
9311397
7801694
7023052
5949824
3080487
1851722
3153778
4198740
3772750
1919219
3526534
8233498
4220835
5387232
4853357
1420416
3809612
1490149
9146921
8392929
4751006
3891917
6054594
7399426
1800329
7749027
3615362
1043879
9405298
3623133
8026457
6046739
5484894
3210086
5432929
7772571
3073417
7531975
6752636
2581158
6565207
5761201
5822874
5558084
7921890
6337705
5145175
5524071
6556018
2964304
5509313
8054914
2997770
8866702
6944439
7997244
9419487
5701979
5251628
5752017
9950052
4906346
6147211
8133190
7796224
7113650
4336501
4127110
2257633
2761625
5036326
6144606
8115306
9648191
6774645
1117778
3881096
4571173
5972730
1255834
7631970
3210297
6057610
4422012
8782703
4926719
9229725
6368263
4030945
5281117
9827793
2301417
5498239
3352579
7654023
7109422
6144976
2587253
6856875
2421781
6689203
7264822
5983954
6542289
2028108
9272979
1243708
1064025
3763929
2781641
8243512
9997932
1098530
1374739
1332967
9759717
4121359
8479509
3192152
8766006
4235155
8830238
9775315
2299204
4537670
5746269
8965681
1613215
6241553
2942884
3314088
8216156
8062338
9354065
7211557
5041681
5223232
5177950
2285778
5841709
3385752
8745671
5751351
5562993
4106037
8183188
8840380
4134991
1097071
4780994
6054541
7058333
6095546
6967378
6347606
7444022
4227775
6071469
3183598
2172718
3554824
5592050
2858448
2265775
3660116
7982942
3427203
2960181
5665866
2518487
6002268
8397474
8435787
3017301
8370010
7159230
2840928
4474157
8160751
6685327
3081490
3106044
5990814
4573713
8537369
8137708
9426495
1014611
9480300
5926118
3963360
8867118
7693559
4650708
3529478
9741858
7665835
8368401
1980369
3779150
9450671
4229808
3220477
3609484
6127988
3820710
9070852
3956583
5679142
9470485
4170145
2351930
1153982
1294069
1395504
5372902
5035764
5571617
5805938
4967087
7354194
1750268
1081260
9975540
7316324
6381374
1940142
2237001
6093196
9382239
8770673
6070642
6464049
7371806
7718170
6196799
7709976
8307630
9440987
5930239
5484171
1118526
2428217
2302498
4945333
5869347
8220008
5811759
4654992
8128165
8662098
9768286
2859317
9675491
3437622
1676115
3056914
5926819
3968429
8651511
7560762
2028474
8898057
4586165
1366615
1164756
4021782
2784782
2866170
7110625
8574530
5756058
3399123
1295517
5804633
9170972
9262076
5699898
2953896
1562176
4893231
6282091
5049731
6968627
5845400
1639183
6722403
2864095
4880134
7233784
1525159
4029250
9136187
5944664
6541499
7609066
3506850
5752072
1454678
3999183
7626144
8293812
1111517
7499724
4365187
5339493
8627493
9954172
8069719
9518508
7771094
2407789
8780439
2290536
2584938
4478340
5750785
1603701
8164757
6922029
7034882
8915441
2361855
1790460
4024721
2668972
4742700
2148837
5383896
7752043
4955261
7232596
7003660
3534041
2486416
9390506
4813981
6709003
4200578
9856214
3321993
3662190
8386516
8916043
2363532
4888848
9735979
8452387
2214386
4589447
3879473
2576272
4921228
6303874
4856730
7299642
1360193
7480234
6156673
1202811
1459772
3889460
2145136
9374195
1271747
9085062
6258879
6839688
9726568
7285507
9809875
7724413
6730776
8124725
8299592
3081262
1477328
6035286
2653289
3074981
4834864
9263739
9101148
7934493
4456680
7245086
7004251
1863121
8807566
7905670
4485276
2859775
8873554
7096085
6519955
7695486
6870345
4266478
8883021
1158073
5742437
7772864
1033533
1465671
3604038
8245876
6042580
2647848
7288361
8962799
5607561
1854687
6243966
8343620
7309560
5831527
4036312
8829305
6219303
3643411
8849726
8736180
6714147
1667205
5184862
3043843
6504777
1346506
7949985
1957701
2977184
6289233
4406234
2452087
3606500
3956230
1886104
4262751
6717662
6502608
7222554
5501710
5679598
3302755
4072354
6070806
9144683
8937986
1893986
6282057
5926689
2486933
1238675
9389161
4548921
6193250
4986597
7663217
6632118
6877227
2195217
8747519
6385051
7954405
5464458
8869660
3039531
7513680
9233233
8079594
3924360
7263543
4051304
3873001
3829309
9122054
6484318
6016933
8565719
7340739
5442953
4692416
1997934
1054059
4261778
7197143
5203905
8303274
3481578
1127060
8617215
6303989
5153243
5572304
8835362
7296776
2463417
4848418
7440054
5411383
9644343
3350665
2171960
3356019
4590357
7719794
7798233
3877340
3219447
7960934
8028706
9173565
7246482
8483794
3391665
4960616
8688767
3913140
2390049
3212911
9993842
1917728
6359752
6946428
1744196
8977133
7556505
3290254
6684587
7595518
3309418
5824337
6225164
4650736
1518737
7834456
1811815
2576733
9940263
5045305
1203185
2096715
6711918
4785093
1353407
6270965
3673999
7705378
6821214
2854387
5106300
2321095
6378431
7647048
9588084
9613204
8021903
2963656
8711716
6778444
2577445
1485796
9287275
1431920
5572949
7122196
4277942
2691385
1085282
1159327
4755082
9578673
4147984
5214858
8407009
7505966
6198294
9394203
6291563
9125356
3484402
5746440
8597557
3721478
5914903
5090433
4364519
4041873
1501826
9813719
7403624
9729045
4915242
9491271
6839644
1903017
9229206
6242471
7016013
6493802
6093768
1444012
3029671
6497239
2723351
1829078
3425245
8953292
1448282
6806968
8175466
3604377
1990848
8911336
2312242
9912063
6164733
8555583
8036871
1785670
5608671
7597837
3113863
7634814
5964607
7802396
5730594
2488976
8622162
8322783
8421305
2277951
7100767
2731704
3551714
8182273
6167435
2793059
3489608
9385268
9930896
9222466
6999791
1809471
2562572
2548549
7764822
1928518
5599862
8687349
3829045
7903497
8952811
8594014
3548518
2162650
4829030
4062743
1633824
4113401
9306191
8905199
5563166
1000334
4408426
1854902
2914718
5541249
6565616
7312997
3969029
2527673
8992187
4548331
8549023
9664176
2725018
8163797
8561477
4963120
8424069
1934232
2779799
5900588
2013802
3522238
7951337
1818429
1486053
3377195
9880699
4020728
7076495
5760203
1668703
5181736
7879469
7015451
5509503
5712429
8054282
5385104
5836855
5646768
3386783
4129255
3445662
2464129
6643374
9541578
4265314
3956432
9067374
6803868
9222417
1152261
8685408
2558498
5404532
7507132
7318464
3770061
6962646
4307168
3929815
1717160
5093666
9525731
4003053
5184090
9025642
1508951
5560796
9210585
4069572
1479596
3114624
5761388
8117583
1066055
1979595
3996378
1006483
2289083
6356917
4682036
8710663
2480230
3907600
5164476
7015596
5108715
7822841
4580209
2170006
6206663
3736874
3291512
3811018
1861010
9409901
7032552
6171971
2180756
2599467
6068274
8769743
8796226
9789603
4481964
4674646
2317140
1659126
3553144
3866427
7217348
6360862
9055125
1936603
2728356
2349375
3278530
4640755
3269404
5524694
8306122
9239966
4677439
6989774
2948657
2257147
8927370
9676657
8172729
8874349
7719800
5185468
7099345
6147452
8015621
8085707
2679771
6894233
9590525
4641971
4537240
3941630
7670463
5974190
6845171
4709172
3105427
2956529
8805991
4978094
3404965
5358362
4159053
2049747
7129118
9163013
7229958
3597657
3550942
4965054
9215809
9659788
2581208
9510416
5033321
8905839
4453449
8035196
4980846
2763193
8397654
7119814
4962863
4312320
9144577
3144809
1566593
8277428
3331143
7935786
6888991
6648257
7886682
9802569
4844078
4024536
1130294
2084052
3097195
2736328
9244834
5917591
2203891
9681350
1365957
9481198
7858862
5837963
7361891
2404283
5840537
9481564
8786610
4299250
9879983
3141605
3860317
6259793
2562804
8230911
2087533
1541022
3710225
2341198
6546152
5983840
3107026
4191260
3531967
8524692
6456236
7551851
3355328
8410628
2765884
9435862
5053144
2533972
9827766
9928422
3051658
4107024
4604454
4268263
5898492
7036110
3163217
7311336
8302764
7646272
3875514
7697294
1091264
8159128
7681024
6649429
7393082
3123032
8605221
6978149
5747530
1826229
7205929
6812621
9879357
7416231
4586196
4555486
4681172
4895696
3095059
4870374
3331823
3676742
1711098
4979336
6942760
9529279
5299688
6298485
5589629
7753048
2055624
5140681
6139621
6622850
4441460
9222852
4599555
6473673
2921972
5634915
5753144
1327746
2017763
9872026
3692627
1649617
8052274
9950001
5794212
7838164
3910022
4504824
5415854
2023152
8532221
5373288
1240442
4645046
3636430
6969432
2791816
2582513
7484494
3717144
9106913
5532430
9096719
1749934
8130248
4822888
3809955
3053099
5486094
6193072
1489534
9465768
2260037
6655862
8565305
3324578
7773132
3173782
2420915
4028720
4173321
3079041
9800786
4213533
4994422
6815527
7140711
4892966
6570578
2669822
8520880
6594577
9386359
9517426
2853815
2416167
5117707
5083369
9410263
2216721
2905168
5046386
2061790
9257803
3319703
3863497
8236046
1816071
4501010
2017481
8114814
2143520
5455302
1246895
4397534
6061753
6806751
4246086
3671128
3942514
3949725
7992629
3035665
5487366
2941677
6972001
4272142
3947076
6437138
4973632
3332788
6044008
7747074
8878523
9809384
3361686
6085325
6946303
9802453
9487986
3933240
4697505
1678987
7922782
3618408
1860907
3801668
5035857
2204026
4598664
7117507
7992337
4815792
3945095
9593942
4770701
1445637
9089551
8047226
3641177
2967969
8439072
2552925
9304262
3256232
1135553
6848830
9643613
6963244
1397516
2028016
9692344
4592835
2509394
4691518
4056958
7639220
1809772
6934441
5612089
1523403
6408159
8027533
2775766
9672972
5427947
8759778
8718200
7600260
9193201
4585821
7873081
2774586
5137406
5317366
2933438
7244229
7156600
5554245
2025717
2329783
7116771
7930182
1942126
3314487
3382033
3647163
5890195
7215021
3512996
9980849
9664069
6450134
1490049
4265690
2941653
7492791
4822163
7814553
9768220
9576686
1947385
8310429
9455736
5686435
7148557
3382565
9522979
9926430
6826642
6709217
5407537
1823283
2529593
6776889
9683302
7299352
8681232
3197991
9187185
9389527
2705160
3029375
4545993
7301278
9113761
9126223
8985443
9916660
2947892
1983521
7978893
3218438
7799901
2075293
9923754
6764575
9396098
9294987
9141962
7153655
5382341
2434551
3816678
8343586
4497602
9625773
9675573
7804137
9696453
7990884
9790125
6583158
1410187
8428215
6994521
2960936
5749043
7576526
4763987
6840583
1005122
3108635
4930079
3266257
9788687
8860864
4839396
7618547
4613265
2454990
8979656
7035475
1727171
4699113
8497766
7435402
6663153
7500679
7625519
3853487
5297763
7425495
2005722
3762767
5272611
6959550
9911305
8659768
4414571
7372796
4950394
5614388
8983216
3927726
3363110
8797268
8226245
9128812
7405178
3027938
1471470
9189778
8092463
7213304
9703362
9475740
1812360
9862766
9453883
4627179
4912103
7972206
1308638
5172580
7398669
2466852
7275073
9795704
4095021
4275218
3730366
4273406
4974507
4975936
7601267
5571003
4751094
7332880
5036210
3873732
1066430
5094128
9096780
2191739
6134804
9237672
9356789
7996597
3528094
6116435
5136148
6854460
9760819
2940778
3630762
1129136
1733401
7970236
6420380
1822408
7337688
4639546
4023390
7255350
7903418
4501742
4619198
8376489
7541602
2062924
4163786
5466220
7067655
5565921
1389152
2449515
2678027
9078952
2773136
1300758
8984188
2661436
3626479
9070814
8830310
4603431
4470203
7584861
3387730
2304216
3675878
9645842
1405088
8205043
1136961
8763017
8520188
6603267
1228742
2922777
2493440
3771211
1958466
5996423
4351654
7760762
3827741
6028105
6898792
5611452
1874311
7168677
6613494
1052141
1672065
9387254
2796691
4117736
9282885
1792720
9431117
1867134
6718868
2999483
8995927
2749762
2293338
9894620
7080965
1712577
7815167
4668146
7071330
6360976
3761420
7572475
3510577
5659837
6242488
5759927
2568063
8296359
5753423
1446980
4308193
8722090
3338302
4732968
9383056
6420274
3952253
2750830
9076701
1021233
5329881
5351079
8970642
1603947
7143773
2719057
3335719
8177198
2282524
1068630
8901982
4565408
6981534
1570347
7530684
9533361
2842853
2464793
2147940
4903471
1937306
2374617
8723793
5870263
3414425
4218903
6353967
1003017
4588118
2551961
7928791
6181813
9881322
5425785
6042598
3171698
4969854
2465038
1390904
8860686
5815058
4589865
9320774
3839807
9245291
4354939
2556313
4256087
5310935
5466388
2901674
4366358
1769374
2521350
8779609
1244121
6093511
5076712
3955141
3873073
2139460
3231798
7538702
8343631
4212347
6347670
4418789
9104155
2876081
7873333
5090444
7837923
2620373
4845072
8045231
2824368
4133415
4403535
2512991
7734773
2733507
5055883
3562471
9159969
2687310
2956529
8293773
5633555
8119612
5620542
1769063
2437613
4530299
8733866
8690646
2230401
2664511
3246433
5255780
8800617
9395371
2421292
3434870
8410611
2141465
5110447
6939117
3570360
9442310
7384139
2815135
2960462
6951261
4997347
6401005
4877075
2621086
6546556
7683905
1457834
8627499
7365950
3728359
7572162
9191279
6504023
1643140
1816146
6601771
6096959
3967031
6528481
5340510
6194134
8387978
3217473
8250513
9286825
4256148
8820572
7097660
6283347
1703983
2656358
8328728
3202304
8982546
5745394
4285826
2802765
4285962
3154657
4965897
6367883
7250778
3966900
8565268
4038115
5969643
3469635
2509491
2827859
6156145
9805703
4650304
1144854
8336093
1533841
6878833
1565794
7556088
5987742
2076478
8841931
5349987
8648641
4425065
1093253
6773736
6958016
1562287
2988807
2353212
3989244
5795081
5905098
4695443
3303495
3492319
4157296
6936480
8888922
9061450
3244610
1623528
7951134
4612484
9517266
6836738
8764072
4210351
6182335
5747629
9350786
4366846
1007255
3134478
4120292
3634564
7267159
6955332
2780994
9772183
7713037
8058922
8600127
5553504
1096222
1973416
1193599
5699459
4720164
2930934
5371546
7282213
5221679
3548015
3446444
5401438
3043181
7536269
8672393
6245821
1649892
6058375
1752782
5066930
9889627
5015940
4849490
8629916
6971801
6535546
8088700
1688304
9878533
6760936
6383214
2780546
4829548
5316012
3333407
5973619
5546210
3426626
3194951
4193848
5291007
1872729
6884147
1541763
3982603
9991379
2708472
7446928
5500212
4262426
2582148
3070733
8088315
1690010
3683856
3324262
3241839
2767454
4774449
7243245
2536338
1204554
8677966
6808291
4977304
5942707
5067052
4570213
2227021
2580822
8816229
2623414
7852310
5767804
8792632
6268389
8356303
6914280
8620474
3718427
5342100
6900473
7419113
9147843
9488796
3285027
6482912
2185046
2749631
2736196
2810919
5489282
8030936
8503654
5693730
7727670
1185285
6141520
1067946
3788493
4730571
1238217
9345593
2814932
9877847
5780970
3498239
5198074
9890591
5132446
4646481
7019219
1235623
4044922
9355208
4044128
7465779
3910856
2935839
2152234
5348352
8898400
7969443
6728826
9641869
9467119
4338096
4718039
2896152
9461661
8782557
8442303
9632044
5192006
2881990
2239014
9032312
2380683
8995572
8448798
2259468
9477059
4860524
9123602
7286447
2069263
8777489
1478508
5425631
3050380
4289846
7898455
4007462
1762849
6045380
6424862
4137557
1781559
1273348
9461171
7860192
7099465
3473738
5319436
4557077
7015249
4483071
9945640
9293115
9165538
6802121
5396976
3531395
6828884
5236761
9643960
1134765
7220185
8017680
2425892
3770490
6964910
4973263
5335847
7528201
6427310
5865370
7815335
8228817
6797760
4627303
5011901
1394426
5691633
8247689
6129240
2658200
2948252
4821172
6556161
5912645
6126406
1076844
6521721
3648537
7338566
5639759
5097470
8157192
6788961
9114427
6072557
7520089
9081908
8714909
1924929
2998335
5682186
3223703
9681529
6353110
2129998
7854029
7894040
5082043
2673178
9818253
2251462
2125448
7962349
7931544
7565908
9661739
4840508
1429393
9078429
6939362
4420383
6022017
2247303
6080469
1835564
8627845
2751081
5772175
7524577
8558421
7655239
4650394
7627002
5413041
3656376
3081527
9469795
5553258
1828521
8979895
8380296
7745226
3532026
7184505
2084552
8228321
9417221
1940672
2239495
2120237
7064640
4242416
2058658
4614373
8626808
5597670
2946942
9184738
2325693
4967665
9650169
3304234
5052253
8262896
7214786
6197083
3217928
2184136
2433413
1046577
3710099
6674690
5475582
6249716
9799000
7895552
6306799
3888321
8905914
6485594
5860845
6166642
7918150
8077658
8564052
7888941
2358965
5589327
9259930
6806790
9856078
4080338
9151169
6626962
8549672
2603987
4031462
6227145
1651469
7411614
7727799
3871703
1090554
4460784
2683970
4552575
2880772
5198512
2347240
7944684
6307668
6857484
5878128
7665366
8793043
3888625
3682743
1860109
1549472
6115046
6960134
3018277
7790910
4178566
4977532
4224447
6707275
1855576
4077866
1899183
8401963
4826189
5122109
3067471
6786308
8806549
9810134
6059488
9672033
1815710
1907254
8217687
4384442
3847914
2684693
8622924
2678731
4868363
5833041
6014459
7897184
2884734
1089796
7220404
9054322
3362530
3494766
6871141
5474027
8661651
8590545
9818242
4264326
3685351
6254044
7442318
3705106
9876932
8484863
3716297
1349141
2400924
3525789
1602550
3627149
9379911
5870688
3002568
3874898
2594556
5949606
4480616
5590743
6304107
1864344
3106790
1211151
3302393
1724700
7339641
6329452
7993560
5159520
3736052
1545794
3620162
9725399
3404552
6084555
1991763
9709249
8949360
7215043
4160321
5831330
5449149
8280244
1162105
3818900
2311550
7531468
6764758
7651320
5958859
8520681
1646976
8297928
5600302
7779831
3537503
4305736
7775599
9241329
7803003
1139547
2965243
9000707
1653746
5516082
5521392
7015120
4074836
3775007
7423304
3366543
6974495
7391176
1978591
6249744
6354322
2535906
7642589
4937072
2500429
6341590
2450684
3834515
4272214
9831042
9983824
7794793
5921336
6489851
8730590
4459280
6489158
6332106
4286446
5677898
5170994
5090747
3989448
5940637
8786398
6481925
7285469
6123210
5442003
2242641
1695048
9019175
4330763
6386601
8171049
8691035
5454504
6544510
7798641
3694134
8594056
7864597
8421757
3166315
3513392
1622160
6170777
2843434
8837797
5605973
5675429
5220830
7403481
8761885
1572629
1768064
7623683
3628507
8703122
7609366
8217735
7538246
5471486
6134156
8798869
6442245
6561300
8826669
6573198
9675831
7278766
8407102
3751136
5177116
3110689
5305975
2931122
4287587
4645635
3422879
7529787
9983504
3771917
1542211
6340846
2463177
5615131
7764626
6573583
9434558
9774160
8922136
2707753
8110195
7387478
1291605
4099864
8283052
4833859
9532794
6819713
2252660
1604439
5501183
4303650
8560521
2226082
2936355
9946628
7980007
5139394
1368449
9380045
2533231
4582986
2764620
4800882
1149812
9782911
3050343
7852233
9487971
5589180
1981092
4496060
3465484
5730677
4508246
4024346
8325137
5166424
9560788
8084359
1239082
1633871
6966605
3973972
8290898
8404194
7472835
1640553
6138129
1736122
3135590
4373919
5145959
5849025
2103374
7628714
9374930
7368548
9699411
6762420
7057020
7062138
4519500
3965381
1204741
4543294
9238947
2973533
2227816
2540024
9916690
9400932
8360332
1478395
6786236
8372344
6112553
7453767
4761578
1121702
4354197
9086350
4186080
7144181
3027179
5571796
1296284
2064667
5811542
7517679
3616042
1743315
2408255
1058350
7615911
3163974
6949009
9813590
2918288
1010726
7484901
5322824
3427909
9417882
4075151
9700734
9883424
7871507
1067012
8597428
9131052
4649470
1712487
1980899
4559428
4843090
1178990
6507688
7000970
2270537
8048821
3899972
2953600
8668971
1520095
4930044
8521029
5718181
8318433
7869872
8825913
3105341
4402602
4475459
1833391
6177063
4796029
2738765
4051945
7072278
4991565
7041054
4221045
5868602
2224668
7101159
8758907
9325926
8989346
8973869
9305142
5241059
5017414
8466025
9424832
9672336
7808841
3528831
1159365
7953844
1349314
5547225
4250329
5961506
5838659
7019040
2830502
9864520
5442715
9489943
2041342
9928788
2939445
5849043
7816143
6709506
6454110
4187931
6425588
8510151
6745188
4765848
3192872
8580051
5571609
1722680
9216661
3529479
4756727
8677798
1154827
9928371
9285662
5756894
4520652
1226826
1095096
7820335
8894403
3825509
2872637
2798609
9163029
1075632
6251986
1435616
5204625
8787061
1352781
8978741
6927873
5450691
3949203
3519647
8088674
4783674
2599203
6484419
5804655
4681718
5288427
4863437
7294873
5863830
4757272
4278546
2354772
3997416
5564587
6475524
5048011
9111155
5625478
3971409
4125812
9126304
1948935
4816472
2575165
8685125
4875979
2032136
1601445
8670159
7850388
4996503
2503336
9113548
5535493
3328604
1790099
8065299
4105098
5846347
8431029
9920784
2850260
5721994
9613686
3970352
6418818
4547892
1633217
5736357
5906075
9175081
6457373
7350934
2493240
6031759
7497882
8389095
2775359
5292906
4157414
9418208
7050697
9024724
9494399
7637820
4980773
6853593
7859906
2422288
1297526
1788145
8134307
3896918
9451191
7075546
6258614
3338646
4200351
9640466
1830569
8069424
6711584
5611374
6511764
1323592
6816777
5185434
6773417
6490894
2681675
6183150
9005638
9231657
9460760
3275561
7597226
6473983
5009319
9361100
5279939
9607011
4727957
2984597
7042597
8279196
8922149
2327767
5057751
4259214
7610344
1019698
7855432
1785224
1790456
9400501
8236831
6999721
8042782
6212940
9230448
9781935
7389395
5546471
9035082
1389470
4871396
4526442
2590893
8662345
8697454
3856394
1149977
1899199
9881417
9877835
3576449
7005845
7077505
3747859
8359326
5439437
2652160
5081065
1343521
7254496
5109639
5973456
4933952
8573101
1417883
9733498
2795186
9328702
2346620
9925483
3593013
6037107
9137488
3571627
8036940
7183053
4612511
5722599
7325703
1712857
1412023
9958693
4797754
2614582
5491632
6337570
7777808
6943877
8003530
9045579
7412920
4914925
3349810
6107476
2392189
7148488
6875428
8147063
3927539
3936302
2830506
8463500
4052045
5623964
9494018
1169281
8201996
1505664
1586269
8582007
6363986
6860899
2609732
4300986
9506005
8067955
1010198
8458074
5462766
8505132
4613804
4883754
8464529
1143779
8810717
6437653
7916631
5742831
1390173
2881304
7558199
2996532
2680832
1721311
4961556
4461133
1615261
5864896
2720560
1314965
7351181
4929614
3553406
2019283
5660179
8116699
2190036
4997632
2657813
6981198
9084671
5087541
6660552
6470492
9011825
3079605
9893611
3742502
3312917
2553109
7996970
9399599
4777923
6272964
7333538
7667193
9172495
7304827
7675332
4007739
3125308
7220290
4559187
5920960
2255502
1492187
4243207
7394078
9635581
8076751
1749268
8262802
2148613
6471380
3633156
6000117
4961627
6396440
7928385
2574877
8635130
8167213
6986351
4195539
9445978
4135953
7928758
8483884
8291842
9831192
9668253
2323526
3117557
3255544
1728721
1899489
1076552
2529521
7891782
8523927
1741139
2294871
7913461
1124153
9377798
5573566
9324803
4599624
2244307
8608832
5159554
4666829
4602441
4943341
8829520
1162901
8132545
9571152
2169757
3646925
8946929
2783962
6180299
4294582
8705245
8199214
7312686
6594564
8284654
2429128
8787698
2106905
6316699
9008138
2739164
4008281
7490372
1305189
6984169
3300201
9509469
4813024
3560594
1392393
6099271
2332424
8345649
4566603
5045690
5317813
1256381
5787248
4961183
6431732
8618098
1285534
5662843
4815894
8956236
6059007
4508293
8322132
7801329
9618232
3247384
2244893
9398894
4824196
3464259
4616511
7277402
6043437
8589310
7409901
2192663
5644583
3344184
5401779
4402358
2643849
3645131
6166131
4118458
4727016
4757969
7181722
5209141
4221778
7244304
8917797
5810127
8859044
3261968
1612170
2386406
2351497
1287118
7786500
3960015
3933391
1228041
3176894
7475193
4143911
8576505
1296795
2587890
6064633
4789471
5334496
7603780
2486114
7305976
5449791
3141943
8463243
8192203
2699393
4941690
9013479
6734306
9733326
8903068
7323912
2655189
2679516
2784245
7703519
3348033
1601714
8477730
6209742
7454296
1627736
7482860
4851884
7218834
7557405
6480842
9620052
2525954
6031941
6348285
5002282
2800067
4632141
5293145
4226540
9224529
4857499
1891556
3368816
9834292
2710087
1765847
1244096
7928534
2624640
4599361
5189262
4641910
2441820
3004235
9372502
2131829
5568448
3030102
6208847
9764814
3587880
9760768
5404109
8065635
5757396
3422854
3580854
5565682
6120272
9637572
9003998
4408806
7485342
1488279
7483586
6337738
5559553
1434595
8982046
7336600
1472873
6135472
5863211
4062640
4436470
2216239
2843641
5756708
6017322
3220123
4617636
8289584
3753712
9575803
1463990
5982407
1948227
3934404
2996825
3991048
7754493
8838618
7653559
9222159
8267581
3586423
6636400
2091176
2768883
1385701
5613303
1694495
7771339
3619237
4438089
2289907
7235827
2991346
6747467
4433001
6187211
8787487
2705408
7922748
7450088
5272413
6752292
2545074
9422021
1359513
2952231
5420809
8329479
4985474
2417097
1175633
4025003
2894504
8496718
9793491
2870735
3169984
3447391
8787567
4581594
4184388
5260989
7650244
7088008
9700919
6277986
1396103
3736085
4584518
1384822
8491062
3209413
7003146
7074475
3175719
4300302
8865706
6214197
9725370
2987044
2433566
3188521
9996333
7661215
9503374
2051057
2630030
1114826
5076632
2062762
9510091
5126154
2259953
5084954
6764709
5175401
6804643
7332433
5060227
4783358
5456308
1626331
3677539
2212283
9620583
9774110
4318635
4940691
4653020
6582871
4011422
1026117
9072338
4435307
8295850
4876810
7026957
9594861
7163230
7930199
7078163
2819627
4285432
6052751
6202512
4697973
4823132
6690057
1292377
8192428
8070241
2401081
1729805
8010434
2529990
7329277
8690520
1832339
1330818
8972166
1894161
6940511
8928057
2649761
8827587
2587620
9924618
9196641
6358793
5891604
9574405
2338283
3027154
5239672
1378682
6450590
2881605
5183905
9841197
5815133
2296894
4020358
2714149
4870906
6607861
9089151
5904228
9598912
8373120
7639709
8521392
6306077
5818863
5450595
3663120
2063978
5885461
2048165
7910675
6699161
4139046
9430268
8194761
1640314
5461052
2478116
5229141
4647850
9345652
5204338
2864218
1798232
3201077
5272564
5339923
2546741
5144656
3814887
2452927
8269112
8005059
6894799
7474233
9832011
1043992
1583351
5469733
8578965
1052907
6957061
7437191
4960741
6739208
7235577
1871213
9924727
8011570
9564546
7420557
6466854
7186305
7945085
3186473
4028911
2301539
3993163
6329198
1770590
9773251
7876621
8418333
1594968
3320710
8979007
9323296
1638468
3662322
5578734
7915774
9545814
2708969
6937175
5986154
4898296
1571731
3972830
6072374
2979735
4324059
1866919
1573093
6907656
6303440
8403733
5615325
1273494
7966699
4508317
5428155
9492202
2218288
8652550
8421569
3461653
3505133
8974463
7343851
9271228
5897183
3899356
7147167
2197536
4637812
5816495
7488130
7212424
1368300
8376575
2443815
2123982
8294041
5709864
6774946
2420100
3884933
5956303
7685499
4136065
5998450
1582911
2020798
7040011
8542588
1037349
7702959
3051042
8467867
9321636
4692636
9065575
8162949
7990038
7390474
6005416
6740016
6363680
7121809
6696137
2168565
8137393
8489028
5697103
2133840
1765207
9615560
8375372
1917892
9781310
9885446
1069219
9775707
9330501
4537403
6916023
9677003
9853182
3777196
1947956
2785013
3407490
9653239
7614329
2044230
4609071
9985669
7808865
5723712
4680512
4217756
2725869
2891987
4596167
4765073
3566479
9789093
7596809
8693082
7707798
7234801
8530230
6833858
5316657
8765067
2716483
2674549
2840097
3920641
4135334
1474107
1741055
8443870
4407789
7742978
1211623
4262664
7466108
7109139
2493312
3641289
1345889
6197479
3519977
8234602
4249302
9203923
6941058
3832507
3912210
6690718
1370580
6705584
6822668
3082739
4438238
5715238
2200077
8103154
6334525
8989763
6550640
8008736
2546999
6321274
3576313
9743231
1916132
8660526
5366352
5994169
2441593
2438638
1412953
8165750
7775730
2854559
2290353
5850381
3972444
1543991
3132102
4378262
3732860
7931877
4053331
5805214
4995807
7767631
5583991
1184308
3558015
5102451
6657841
2953376
5192783
9268271
8239162
4173043
5720868
9975708
2243135
4554234
7533375
1866324
4157754
8538252
4812155
6627860
2831788
5405571
9277519
8951677
7503097
4764295
3536001
8119925
4023711
4979077
4978088
3316138
1970196
3689471
1065500
8997494
4333436
4108094
6027004
6190110
7268676
9588066
1178907
4698933
2631390
6209434
1434440
5756126
6001177
7773422
7222200
9643823
4581404
2507129
2830098
9222832
7011967
9755317
3660375
8906626
5271109
1618607
6131628
5554140
6308922
6332249
5464518
5603505
1457701
1822270
5101873
4987310
2197035
2355472
2684733
1853151
6062208
3279261
3917637
8888433
8378634
8270432
6128861
7107218
2395092
2945780
7061527
4884853
4523051
9802019
5353266
7880561
7320473
3534813
9998113
1065033
7733627
5017092
2415667
2060486
6347969
6796388
6984163
5139201
8423938
1770560
8342334
6207997
9898298
4643912
5473709
3610544
8684897
7207846
4787102
4274466
1669800
9069559
2010195
1879791
5619027
7536151
5045255
9056167
9731694
3464085
2243256
7420116
9358381
9736070
2562326
4358939
7968420
2753077
8355142
9664891
9416799
5616632
6809043
9449139
3090527
4259357
2953778
8947712
1650354
4195588
7273392
5551236
4031085
9026310
7647290
1612482
5566729
2623443
3398792
3010182
1324440
1372442
9855592
7270946
4926626
5247969
5804451
3978578
3239968
7104756
5239438
3563201
6168532
5164666
9275182
4266341
2826307
3653539
3985352
9079557
6406865
9736765
3266309
4140442
6573431
9422758
8186047
6119635
1600802
8345500
8945259
1134771
9845611
4062768
5440611
1161622
7405999
9987225
7468942
8497425
9322891
4006885
8121006
1309878
7549750
9936394
5550277
4010871
4197179
1145499
6001765
9374626
1886929
9019158
1136787
1564234
5297049
2625626
7567255
8879686
5848755
1561270
4601379
8323987
4428796
9474012
2097373
9672021
1918184
6591668
7340427
7814970
3417785
5375117
9040858
1768383
2853146
3136110
4056139
5108108
9176474
4111051
2397947
4175867
8847048
4712787
2711181
5507447
9417575
7995686
7091766
8161854
8057486
5364772
8192356
6325960
2202015
2316065
8743308
3313666
8131169
2307252
1104975
4731251
2924797
9320750
9745416
5125248
3912146
7100584
7606388
3137610
2648885
9938678
3946815
6595189
3871560
7351864
3991143
3535044
2650229
7411022
2000335
9114080
6314056
6540651
7821666
5757368
4916391
1331203
3054178
1691138
2437486
2913502
7137868
9689055
3801067
9066446
6169450
3755356
1764595
6581245
4609205
7217428
4233759
1031968
1276580
8771508
3484327
9239176
8833749
1909015
3817816
6043351
2298583
5775695
9796853
1363151
7280274
7940229
4723112
9891206
2368596
4095992
1209315
3042294
3704312
5937441
9211032
7698481
8518709
9660855
4988817
7077169
8827584
1310606
7676652
7502285
6026911
7359899
4142775
3680136
8686540
2435858
3687908
5005316
3627393
9345328
3906537
8513044
3818854
7146261
6291447
1351855
8207701
1751753
7774164
3082752
5569606
5276639
8342231
3530073
4334300
7741879
3970240
2320456
5308107
6228381
1518257
5457026
6778596
3229518
7405197
8961276
7348222
9544347
3395500
8832601
6698563
7020711
2878328
6017854
5926740
5598154
7271271
6579585
3759386
7393304
3885653
2963135
3342378
7707900
9513981
2105036
5378772
9771709
7422163
5943237
9834505
9228515
1364289
7429058
4498534
7327218
3915005
5756520
1653473
5073749
1094852
3608091
2390351
7864791
8388533
6728272
3022927
6296650
8031244
7300928
8494039
5209930
7562041
5355320
1456217
4279195
7000604
6557774
6151121
7621999
4837088
8329774
2902574
1343045
8883697
8369042
8176474
7521003
2205403
1343312
8732456
7416228
5516929
6215181
3440985
1956324
4027958
9719759
9604747
5251704
3643387
1656816
9679423
3475586
3289046
1534255
6204485
3221410
4114827
4933729
5837958
9610673
3159482
3552069
3801646
1562791
1956884
2844340
7755060
9550684
2673851
5697463
1808903
4729451
2821430
8004211
1154902
1919603
9900365
9942911
1824956
3441335
9790471
5514262
5027079
2059173
2721214
5463784
3995300
3796724
9522076
7866187
2213736
3812454
6970868
9974223
6282813
4940589
3003199
5317166
7506343
8565930
5409649
3332450
8860338
3856208
7452535
5620753
2321402
6738663
6440656
7119140
6010134
2141869
8338053
6048309
5917730
1171095
1649478
7537446
6241448
5535605
1782243
2926095
7493483
1812211
1732835
7103823
4268303
5165755
3523845
1563908
2250664
6935032
2289425
2115541
5914973
2667062
1740185
6410540
9146041
2114149
9488913
3983233
5640206
1116669
2345672
8015954
7045638
2473467
9950914
8192815
4725191
5538825
5638708
2484849
4781762
3937275
4156828
1948555
8663961
7155382
6758650
6108280
7701866
7641067
3762222
5828372
1341565
7953409
1406959
3273671
9361734
9941137
2486053
7705820
5752918
9561803
3259045
6849391
4674661
2910261
2419142
9984581
6826932
7266196
1116580
8544438
6761570
6128803
9180913
4168901
8663821
1469696
4041907
1024592
6360547
5432422
8000606
8573538
9128772
3449237
8984014
9742630
2868949
3329614
3474400
9695415
2293092
5910202
1541422
3957586
5927731
4384747
7962470
3760109
6679715
4873978
1171975
3433377
1692031
7448718
2942519
8252418
3190497
7358718
5435587
3107663
4213509
9528014
6290419
5605509
3059368
9952342
9452745
8960526
2973852
1393089
1736215
2613079
7501291
7007216
4904186
6781759
8073573
7156862
2264438
8064810
7638537
2522655
9830383
8502710
9515212
2003681
4972610
1484101
6925768
9985813
5316350
5798393
4530308
6142279
1655746
6876735
1619228
3188712
9475380
8301377
6802701
3416333
9688091
3184895
4985631
4013840
5558362
2575544
9912239
4186004
9681290
8715394
9642776
5298791
4876083
9785913
3755390
3988288
5804070
2421972
6797111
4962407
3370745
3221267
8786133
3048500
1853344
9073493
4703060
4776367
2269540
1570502
5281501
6889366
5929667
8874229
4578293
9230398
2130789
8488131
5674245
1095633
7347126
4766455
9507910
6427382
3383460
1429935
9625544
2432718
3834231
2685105
2185248
5961497
1191367
8781280
3877996
1863801
4504159
1301514
3956804
6736143
8973613
1683422
4612031
3855170
6064546
6606523
5358815
1713310
6986732
7339363
2855002
6566936
9254349
5965070
2528582
6294512
7381144
3253659
6893600
7298543
9601608
9697825
6554936
8609616
7437821
4003620
9787389
6535995
3561620
4359460
4531233
7232748
6852321
7506639
7025704
3189042
8224588
9582806
5298579
6165140
5700805
4697820
3308131
4903374
4156261
7082379
4043660
6244153
4939811
3142913
3890488
2213576
3349487
8360808
5257716
1555694
2860270
2867364
3150715
6937630
4662291
1629477
7406813
5026282
6829590
3209628
8517452
9675341
4202900
9596681
1202883
8748548
7967043
6101811
7143252
7024278
6510352
2896689
7345356
2538101
6778327
3925734
4310660
5424061
4421950
4547530
5823303
2720281
5855087
5316514
7308891
2178245
5969904
1424786
6227886
5859693
6476064
6098825
5210270
2434100
2970064
4825562
1241509
6173522
3271739
6746859
5333600
4178389
9047524
2406406
5837754
8671816
3293579
9567821
7768889
2098481
5495819
7076682
2939301
5336115
8301331
5944932
7068496
8023828
4647039
2634222
6577287
5138457
6258514
7191770
5314260
2341262
1668242
8805259
7809580
4061346
8423680
3119880
1742588
9922926
3676339
5792588
1899147
5435158
8723088
1528122
6920587
1717896
5710440
3058989
5821442
4005538
7994734
9695086
5203728
4616240
8754771
1823807
7309340
3226067
7694848
2175124
3167263
7020797
9635695
4649889
7911500
1778072
8167271
2616206
6278427
5953414
6235218
6480520
9248497
9747267
3084156
6303793
4567342
2817895
4535274
5170935
8821202
7196424
1780757
8796098
5473676
2169021
8681858
7406343
1937761
3351869
7418175
5521082
1484470
3026661
6262012
7167712
3907898
4864856
9463747
5332226
8951346
1231745
5161429
9114430
2499362
3170932
3860259
4069879
8195157
6882482
6502630
9753836
6005706
2205899
7932315
9748326
1962171
8577630
5198110
5562379
4369354
9651068
6048354
4667536
7493387
9145707
5873739
5673228
3269288
8617670
2208104
8579239
7189685
6350530
5138832
6533105
1832401
7331915
1431256
3188239
1465205
4975116
5809006
9970640
5360540
5562574
3095765
5932765
8416591
9391608
3357437
8032975
2307084
3882484
7907198
9709467
9924946
7177842
5130609
8080744
3274508
4616710
5483307
4671042
8993175
7293805
9982551
8658662
5855346
8468717
6669103
6713085
1849857
7201562
1748887
1206310
9481214
1347508
5481558
3365100
5458301
5799278
8606833
4696535
6580698
1729418
5737382
3637726
3857281
3967967
9739586
6341370
5585049
6921533
6060895
2981781
5665230
7852263
4600510
4935265
2483449
9338239
6440892
8216710
4926895
7779071
1886324
2427827
2920227
4051811
1753970
8107286
2177592
1974373
3228687
8148262
3532263
8327328
7585134
1736221
3866570
3980566
9777617
7997956
5378627
1379405
3660889
2663078
5193099
6467540
5708248
9615590
9556443
7317283
8630229
8709933
8498864
2355616
4738843
5533051
3055487
4287550
6518334
4242015
2665653
7820736
9505387
2351105
5296553
8792860
7202987
2944733
7161377
5962554
8881268
7796042
1776894
4305051
4007148
8762232
3978117
9247383
4038843
9662649
6025034
9859966
5614987
3817334
9436027
6197088
5068319
4495682
4548934
1486249
3056397
3472011
1996456
8242468
5249945
5936492
9750803
1561440
1263472
3831072
7311484
6763248
4430590
9798290
4348734
5051595
4321900
4901584
6279214
9475284
5822457
6466653
3259452
7085557
3779764
8079909
6082818
6911972
5265939
6917323
3359212
8614216
3724596
7380319
1047557
4197684
7895405
3576555
8293914
7660817
8445713
1561580
9156428
2242587
8665282
8391390
6489464
9371138
4935854
3391664
4653691
9611120
4859112
5177239
4123748
1271274
5517411
4512511
9682234
1011280
6311437
2055515
6311846
7744638
6502342
3348125
7319871
4245013
1113787
4940738
3844080
3407636
3849315
8579077
8243144
6722015
8278742
3639859
7744798
8986658
9821125
6905502
9784223
3884367
9279322
9818027
2877814
7959171
9167149
1739655
4683862
3267590
8760991
3226166
4772519
2097457
6235927
5453708
8047306
2520874
2575575
9691188
1567755
9876427
5895610
5082925
4345186
3719842
2493452
3787029
4141542
5280593
9370566
9619422
2081103
9992788
9865252
5114653
8139494
2033378
7990821
3451521
6102539
2647725
1472927
7583840
7845155
7550468
2581500
6127021
6370780
6627736
4460757
5709702
9408798
2857052
5843625
8412778
7223631
4516677
5065209
6135624
8332227
1933105
1034500
3849586
8605311
4713828
8125146
9490672
3027240
5280621
6667487
6405617
4309709
9593575
9714911
1309149
7189454
5199963
9061896
6399878
2802087
5404099
2241224
3298044
9381660
4199017
9022340
8652671
3756995
1168878
6219634
4173647
8360937
8226087
4720211
9704096
4734114
3686882
7444624
7907754
2330161
5019206
3629936
2297692
3777295
7974680
5008948
7755760
1363228
7614618
7920656
9780954
6137695
6154510
8861894
7962650
9533948
3480728
5579551
9040689
8443633
6253953
4131977
4432688
7144972
5394968
1016136
2230827
4147501
9108275
6893146
3677517
4956723
8727635
9632108
1563845
2417798
7388965
8521394
1422750
7751489
2335141
5508135
5144621
3309562
6277661
8546017
2885283
1287471
8614668
8365263
5311554
1724110
6613026
2241107
2238701
9159457
3097190
3113398
2482712
8008084
4146170
2689100
6797534
2345444
2159927
9093029
5084593
8197030
6455346
3402923
2536689
7099872
4915745
3957187
7620458
3838166
4417454
6945372
8415978
9326568
8527912
4164920
9610638
1857971
1721251
9097098
8386842
3379447
7264626
3791337
1141706
6235484
4836410
8226272
7735991
5493269
7024498
7532706
4924835
8650722
3674169
1172827
9837473
6668975
7854867
3935201
8399971
9052762
1394305
6715721
8917730
3054162
8499837
9215639
5332708
4679387
9140751
4519373
2207725
9761582
3809295
9212708
2731652
7478268
5870712
6133145
1755104
9478739
4964196
4295966
5383856
8622490
7818281
4858737
2725060
2505398
1554960
2393994
6077723
8654799
8932207
9304238
9975689
4170861
2375458
8102433
3609925
5278972
1311274
4451320
1367245
7950062
9605537
3893900
9046262
8669375
8227993
2054795
7993747
9624340
5812689
2207208
2021825
3332861
5449619
1811635
8538958
5505369
3037165
8740867
8160900
1205849
3359114
9521871
6779861
2145373
4711404
6111260
3941028
5726650
1520264
3659153
7235630
5020957
6773757
6964710
4745555
8198665
6820914
1640955
7833669
8413820
8290316
6431045
3014604
4489392
7918282
6174499
4563955
7003901
4308989
6109454
2629010
7932763
1190566
2798447
8666169
1608005
8006766
2309899
8683638
6638330
4659516
5749913
8627972
2265181
7748599
6317493
1639504
8643901
6753944
1757485
4814248
4459694
8781610
4961656
8925443
3094742
2715041
2824006
3941031
1960644
8548948
2975217
5716603
4733882
5552793
4686355
4790441
1222091
5768828
2360755
4470319
9360159
3900507
8568023
8499907
8085012
3995553
5689981
6672481
8338303
9599005
4531812
2216050
7208400
6152446
9440773
2735002
8831700
2440686
6690079
9004958
2937107
3212295
4108336
4145905
8874201
4520886
5850495
1347866
3560210
5291627
1263126
1964419
4211790
8298554
3258830
6071712
1422053
5330257
6792898
9614073
2047028
1489814
1598949
9668310
5259525
7216349
9488624
4918535
3600141
4385795
7031604
9306765
1057998
1897770
4991373
5780136
1915101
8499409
3260535
9294846
5269182
2372814
4740986
6050341
1948715
2329259
3806401
6024525
6818228
5640795
3904073
3205005
1069248
2162263
4962869
4038536
2975537
7460954
9936830
6475580
6307494
7586677
7540935
1611943
4960154
6978831
1894478
8628630
2685865
1714301
2451198
5452811
6141747
9874170
9174690
1749130
4734553
1968259
6140213
9412416
8073637
9827154
1540053
8944017
9998214
2748084
6574805
8215228
6352760
8005385
1541553
1876013
9491010
1106200
3437277
4099872
3660185
6250636
8127926
9788972
8555170
7132752
6821338
8376052
2705941
3638658
8080083
7117541
7816061
5023382
5134318
2261036
8406619
8660042
9012458
2715384
8005034
8259841
9853964
2819879
3215550
9785087
4467792
9089424
8480966
2339840
7421561
1408172
2344304
3406901
1854089
2355425
5744363
8396252
8099149
7921644
5910472
8734778
5647888
8839723
3708090
4271736
8822576
6463877
4727036
9791448
2094541
7220919
1100562
7632978
2565405
6295739
3057255
4032975
2515548
4047190
6461077
8317697
7554785
7492735
2756740
6597917
1011340
9166247
7973417
9377846
3780764
2132458
9589424
4770039
7895901
2351440
3015861
3685693
4055422
3619839
7444459
7266319
7121536
3670849
2568159
1910139
1222091
4795054
7786135
4955342
1437275
5442614
5200660
2809711
1416087
3365389
3765047
4687640
3993602
5517299
6083264
1654450
7865802
5240479
4957553
2171981
7234302
1140551
2930705
7882041
5143773
9913679
2520396
2538819
5103113
8311883
2243768
2178767
7040347
1090227
4569010
2056911
6964496
9290786
1487783
5230621
7478624
7549131
3203887
1722747
2729263
7023507
5054308
6435485
1695808
6205039
9832654
3290936
3481925
5265010
9888959
8107985
2839655
7277443
4218633
3269612
3083337
5581310
9003812
2190545
2152638
1096220
1504038
5572863
9695695
6364977
9413537
8470848
8476395
7379342
1551705
3130200
3625580
1816518
3184928
3560407
9119746
1900814
8622544
6182414
8093886
6062526
6972645
6397598
2902653
4197748
6609269
8342955
6372079
5598104
2679116
3150256
4402563
8558777
6810024
9374637
5213553
7065942
9183246
8504635
6539491
6269945
6074055
9940159
2619009
6854206
9552506
1083581
4316247
9880882
3718887
5299908
8451110
8460439
2265405
5732487
4776964
3347587
9558169
1430668
6182960
2376679
4973917
5999805
4528630
8817901
7140328
6716892
7201339
1107643
7314487
4901396
6116774
2937301
2319576
2920554
6855787
8301983
1661830
4184083
4756533
8298047
8417894
7318750
6633520
9930593
3100573
7316690
7893488
9791252
4164236
6324434
4859009
8191890
1083561
6107709
4462028
5417565
6619771
8972563
9565346
9795972
6806321
1490704
8832744
5117061
8994144
7370205
9582879
9639180
2576856
9332316
9605711
4901914
8597857
4559201
1478800
8419649
9501719
4239041
2517301
1794571
2182687
9938114
7511445
1612667
7755205
9889329
9018359
9854827
6965300
6971795
8593049
2723284
2410641
7770419
2212125
9568556
3855476
9178714
3746065
5372074
2625283
6640349
7771610
8349477
8862381
5120080
3427516
1286618
7960448
8828249
9122823
9756108
2320040
9052191
4705122
9680006
2035973
7471776
4047085
2562364
8349671
8724258
9635926
6293968
2156649
9088385
7502458
6539376
4784487
4566631
6121525
3046876
7047453
3407642
8332104
6680581
2654621
2363568
2031590
5106641
2335788
9514909
7455579
7091515
5291834
2295789
9951897
5608664
3647037
8301197
7412129
6763252
7041641
8716355
8359242
6660123
1031374
8038462
5472433
3570355
6359501
8261127
1766526
6722759
3658424
6094551
9180878
3503838
3666118
9689219
4442818
6402954
7009455
4778771
4244388
7878269
5705066
2820656
4557553
6565076
5045569
9819835
8931015
9907128
2695309
2917626
6940908
4619866
6172500
3976237
1960504
1768347
9805947
4136447
9407137
5293902
3585193
9720152
6469921
9732949
8249339
6110095
6597446
9597927
6293533
2602941
4665557
9355444
9219723
9859885
3080412
4968991
5047205
4471023
5498003
6560362
7481384
4558283
9190126
2187376
3668175
9716371
2752066
1550219
3514309
1093650
5275857
6369686
2435333
2909856
5688692
1484428
5895888
6183511
2478884
8023119
6446858
1947936
1941156
9700229
3051378
5331431
7307023
8322269
8267196
4290285
3361978
5459375
5383949
9419707
8294981
9347586
6967250
6349620
3755971
1920039
3737342
6372420
7820867
5389442
6671582
4981813
9703547
9172904
7496410
8678496
4396624
7566628
3460170
6249024
4140229
3692180
9687474
7908130
8839549
2143153
4507612
7922488
2522926
7821740
3757393
2543245
1293604
1613427
1896499
5274196
2025967
3472210
9019066
9749337
8348843
5360759
6705289
1683097
5335722
9637006
7051692
3081517
5023168
2346763
5064432
4031520
4310314
6686918
3526431
8132514
7036699
7362303
5930519
6028886
9734117
4951235
3696006
6419270
9821441
2251368
1124741
1797750
4081467
9574962
5803021
6102806
5023036
7832344
5359322
9997392
4801461
1495520
8132763
1518786
2898086
8088423
8442514
9804102
2001224
8379453
7763150
2481772
2729885
4857005
7791683
1832777
6204626
9682458
4016579
9431016
3549389
5760452
8881115
1502751
6556889
5410602
2092428
7348093
4442091
4425034
5566181
9537056
4985041
7148612
5308538
5738851
4559286
4074844
7549570
7397108
1315348
3393310
1033810
5510211
9260214
3381724
1894834
3956950
9293097
5857747
7020953
4556665
6799935
3666796
1185675
5117075
4666687
2967198
5002187
6673621
8861548
7662768
5755709
3006667
6763248
1780380
3322461
7257044
2821285
5220304
1849366
1382639
2415617
4822798
5437888
6811051
7225307
6284018
5155513
9785281
9032670
9839892
2616862
6613629
2534025
7375363
1105191
6246102
3515296
9468786
3715613
3310879
3061491
2910767
3706936
2316374
5326280
7235406
6851161
5945754
4098919
8685476
6528480
3841530
6396483
4372143
5835819
2251945
6128704
7002323
4754668
2894093
8065381
1122559
3989798
2859190
7836064
5435310
1201156
5962860
7157360
2273354
1947478
7023841
5053107
3450155
5409641
7217669
3001036
2216764
7783169
8204792
4878064
3679167
6610101
3506459
2645262
3062247
7909415
1382656
5157337
5832738
5598047
3295103
6440435
2231226
7214916
4617002
1900471
2378961
4486646
6939544
8535587
3274762
9262730
6517534
4620704
6274247
5971811
1138012
5587184
9037900
1308586
8290163
2748147
6835394
2127465
8055700
1631894
1050648
2596041
9698228
9959705
8510404
7718182
7715419
1789242
1434407
6354572
7645468
5967299
6457999
6509969
6855327
7234285
5641622
1319759
2795034
4382512
9537639
6053179
8439774
6744680
6532449
9365287
4059406
1999909
4678740
1131472
2684906
1672719
9502760
2769189
1557961
8454004
8092572
8498517
8852645
9880688
5196332
1793616
1694008
6985997
3979881
8182021
3496067
7092818
3649206
7270105
2268693
1177904
4279238
8427089
5246889
3066974
2961484
6424397
4013882
4214102
2790654
9123873
6606318
3994553
2743757
7312708
4186016
6172623
6421888
5634337
1134920
7825452
4928044
7653579
9639817
3930990
9484882
4056718
8668695
4640802
1612053
3860960
7740163
5255494
3246742
9358775
9448677
1809769
7920238
4188020
9919781
2702831
3841671
8186044
9927013
9097329
9609495
3931368
8716943
7264961
3059386
3289042
4321142
9027915
9009900
9082320
3506347
8277910
3884896
6401469
1816991
1642602
6671231
9290610
7169904
6786380
7960640
6627412
8522002
6422693
7820448
3170055
5661083
7334337
8066751
9312065
2830442
5944882
3291031
9959609
8593717
6684373
1099929
7101565
2893806
6591468
8041510
6236323
2072594
8157418
2084454
2450072
8797582
7547534
9162633
1048212
6416014
7005479
3411544
5879086
7971875
8172598
4072375
3135179
3494031
7280304
6670713
6293234
7782192
3884642
2468768
6206715
1734792
4465455
4136559
7947110
5963749
6876213
5959177
7435249
7548366
3190842
2750817
8531416
1854514
8346950
7393480
8491857
7606458
2486514
1462791
1821708
4884031
1575174
2042883
5695606
8578977
6684939
9243732
6900396
7823780
6357190
1699251
4045561
3358260
8558866
6927889
1907725
4115657
8389849
2747524
5910653
4459237
6373870
1543644
6739121
4667963
5189834
9473044
6977007
7699754
9183906
7722405
1209857
1311526
5959905
1099508
8673220
3402040
3270919
2981675
8926800
6914011
9147806
4813796
1834815
7831303
3522260
9854018
6031132
8459212
1619770
5906394
3111274
2585108
7725080
9064207
7325070
1077771
2095850
2676092
4943514
2459546
7998011
1036553
7524726
1418574
8996317
6615840
7479597
3700632
3567106
9495418
3560849
2094893
8858555
7356371
2009868
5183502
1703242
3310524
9999941
2177826
2714789
2446415
1880043
5894526
5302218
9156924
5675233
4203271
1665081
3971138
7302854
3488943
8673171
8929978
9049184
5978075
5134157
7215885
9082212
4586789
5820881
9884102
1218724
4492157
1945969
8526594
8105429
5598058
3033416
1117700
2260412
1290927
5202095
4137701
9333813
8306376
1624089
9913065
9832672
1446803
4240012
9514796
8988328
7710604
3225789
6703867
8627185
5595825
2110150
5785791
1037918
4224836
2227334
2448851
2769852
1511023
3258389
9090167
6476686
2854337
5252194
6279454
3711669
7389206
8359084
3723874
3215612
6231254
4932441
3166872
9325182
8894932
6024118
4692605
4656244
3590038
8139596
7268495
8741599
7186292
3624091
6806648
9085646
3523609
5955062
3643749
7731085
2915367
5202874
8305270
3489642
2981687
4954604
3390414
4915109
1166141
5124526
7841801
8356019
7751882
8773406
3369549
1968687
3445612
1474380
1497273
1673502
6884336
9410581
8978491
5261405
2707912
4793185
6394750
1849961
7626055
7944181
3210176
4889291
4118216
4867637
3122689
5228510
6054895
2425082
3498327
5458558
1792519
4691596
4134175
6025103
9537227
3542204
7419406
3904551
5697472
7781857
5855333
2591257
4207231
9928685
6023235
3567391
4965137
7061034
7340180
7240675
6363187
8793239
9687271
8832554
4425400
6776409
4623518
6298462
8964302
7933664
7490622
2537142
7548760
2942807
3100518
2328068
7526459
7118471
1804445
4965466
8499637
1658889
2160388
2584858
1635943
6414822
4630570
8183705
1055539
1303117
8722046
7897903
8956352
8967407
1171167
6491550
4359706
5565627
5116112
2563677
3229431
7948977
2387207
7009024
8620372
7952357
5977508
1491461
9379326
2595667
7282879
3889725
8583789
5050841
5434650
2634581
3068939
9923605
6047670
8500480
1432722
5968667
2522049
9653315
7200211
1677331
1319532
5556828
2683474
6875310
4666843
9046160
7434447
9166467
9608374
6700560
9831072
8977546
5455837
1225799
6016505
2682867
5359736
1380418
8183822
7932452
5115308
7868861
8690895
8835982
5884265
8453254
2261458
4517163
7396448
6749392
3861327
9432086
2670290
1906263
9338180
4679110
3192004
6276202
5125369
6035176
9214351
6989982
6419480
2008147
2946045
1606224
4037117
5235980
5784095
2025146
3316158
5854716
4517511
9704920
1286757
2847496
6162657
8643351
3694990
4962719
8558541
2041113
3877259
4238357
7424771
9566100
6246296
1918094
5705504
2263706
1067062
7669013
6021714
2562035
1723814
6504460
4133917
3059110
8784515
1553726
1974087
4752535
6861372
7625296
4576486
5557514
9892717
2741015
7694404
2781893
4753882
2113795
8896684
6885204
6274439
2877496
8219732
8079782
1026551
5985021
3637350
3789013
8128511
5477133
2422701
8566915
3963333
8791499
9910872
6936607
2069978
7228435
8075310
8472903
2793842
9289196
7631695
2110664
7555900
4437465
2165091
7468993
2411426
7945103
3483873
9060965
3200415
8920192
8973950
1766430
7264823
1966741
1768496
5672463
1645208
2313083
1138461
3866610
8582603
7239381
7916453
8449377
7763031
9979087
4975497
8991344
2811506
7439954
5779894
6143158
7829093
5435347
1066418
6059949
6302395
6774599
3999394
3228591
6469541
1098993
5014453
1087264
8538989
1920347
3150001
3948523
4592981
3702947
3968933
8020684
2703148
2331894
6320205
3159564
1978038
5710602
8711157
1914899
8159880
7388495
2348090
2225659
2618186
8837093
1220846
6786616
9030319
5636705
2763991
7308526
9811279
8453422
9397329
6413101
9901650
9792478
8982926
4983754
8518216
2527569
1415870
3463195
4935318
7692736
7802313
1839630
7166156
3120295
7939705
7707686
3114833
7756237
7241333
2607956
9499967
5202225
5680744
2469678
1492556
9481810
5377153
1623566
1985629
6692123
7927571
2529802
8041919
2722986
1620636
1719243
4637360
6089532
6589794
3890700
1445975
6363063
8882297
6070257
7171284
3377618
7014882
8941889
1179186
5612773
8951758
4069122
6091129
9793097
9756288
5276400
4370848
1195243
3080400
2618009
3004192
9029682
9367243
7530904
5992996
4686346
8890232
5357995
1804509
7193037
5653557
7838196
4199409
9798734
5867392
1782537
1022803
4723329
1066323
7278520
9620206
8297098
3471462
9860762
6930682
3985376
8848408
4302546
5506674
7582878
6052136
7502371
6579484
8471334
4461405
6122795
3064391
3232690
3333574
1184768
7270483
2653177
2875740
1418214
5889130
2472250
2542915
8159146
1855053
3721575
3178991
3194781
3041545
8513265
6787748
8879408
3509960
8985004
8842261
9023081
5639875
6535775
3268718
5973120
8203541
4223275
6176045
4100824
3179691
2998485
6826475
8389469
8114584
4708978
2024377
5571382
6598469
6037550
7648613
9345191
5406853
9007673
6315420
4041287
9369799
2215886
1475113
3519000
2091429
6230624
9766684
1925832
1833497
9211684
5097222
8881923
2198671
5903350
5590880
9165683
7910485
2922857
1991947
7319509
1250606
8653806
2825714
6547897
8810631
7319967
3605067
8122326
3509889
3818857
7549117
5376647
2887597
3818196
8652636
9212966
1304661
8978289
9553103
8887236
7700727
7265439
8172691
3640962
2627981
8438329
5098136
7339022
5525831
8010207
7039049
7005246
4244443
6715168
3844265
3681858
9967858
9349889
5395481
6287945
6922243
5304556
7893110
7804915
4604093
7882744
2015839
2956782
9588318
8686353
4890452
1071600
1535521
6673860
8203577
3785999
2356564
8160682
9459834
4530816
7021127
4708014
6292426
7758826
8201440
9023868
7493316
9298406
4445452
9221575
5762930
6030358
8667152
5685047
4825195
6672159
3024830
4101934
4455958
1291204
5507394
7197110
2343053
2605152
7147228
3674953
3963550
5308223
1685032
6042875
7687403
1542426
3064409
5700104
4212849
4333550
6530756
7185398
4884965
8979128
9362328
9290022
3530298
4525391
7618796
6255037
2604544
2363997
5193585
8375657
9048038
2331387
2883782
4006035
8982752
5577385
3598891
2301600
6473123
6627495
1839373
8261986
2779789
7221426
1118271
2347809
6395874
3000030
3328522
9071490
3876018
5025677
3486299
2284178
5850134
1365449
8175067
6072114
8670553
2716996
8264412
9080670
2044659
2420201
8318446
7040347
3185903
5046110
8714962
1029565
4622383
1850713
9680326
9254674
9218502
3052124
3864767
9612015
9741379
6888526
8474485
7632149
7986125
8601783
3459544
6503487
2897322
1889880
6628320
6719050
2414810
5259941
8247554
4953409
9074976
9565792
6461502
7943428
6173536
7722644
6394581
1470933
6016227
1671594
8818136
7684224
8321144
3414187
8322268
4975908
8052150
9346194
6027338
8411489
7995420
4687949
3471635
4479840
4106137
1282384
9172160
5071097
2388135
4470870
7900007
4713606
4578321
4248630
6706617
6319490
8971094
3726110
6210617
3763612
8391526
6039214
2266951
4897950
3966345
9342387
7716251
9077557
7221599
3658622
5235405
3182172
5832642
9296288
2899920
4977577
8882823
9569733
6089855
3686196
2527908
9798571
6659151
1301344
8828651
2332925
5698725
1582215
2791220
5952464
5879681
4457222
7158681
9951609
7733527
2263970
8046363
8307272
8140158
9565205
4530403
5139110
9296962
8185529
6142754
6818183
8913812
7204176
7215385
8871179
8513377
7232877
6820469
4896055
5753727
1789507
3193554
7412938
9716996
3665545
7287072
8643455
3050609
1062342
7064163
7567199
2798412
9547390
5356500
5176832
4937483
2342265
1852389
4647645
9932140
5039340
1341282
7762899
5399266
4679111
1955123
9065526
6494889
7992026
4271230
8454990
1972346
3360613
5984105
1845425
2256667
3887482
1130557
6955838
2767694
2194257
2330278
2441267
4698729
2100456
4728535
4970156
4808517
5133141
8002058
2961273
6991888
2218601
6184613
5047258
5977982
1993283
9799160
3225241
1034396
1978094
1120547
2703045
6445829
5704312
9571989
8053446
9747757
4192400
6140974
9697826
2964955
7249242
4661190
7498507
2134259
9608467
1535559
7537378
5252785
8562652
9187573
8639564
4943922
4269349
1728911
7225327
8797740
7095799
9559181
5435530
5936190
7487005
1236488
2182063
6668834
6734000
6097465
6130781
9243711
6546366
4542361
8163902
1504348
8838871
1046312
9228729
9577006
2198707
6473546
3384437
2572626
8981443
7761995
3676076
6977494
8497362
1517571
2334567
8417457
9889560
5680213
4413147
6203219
7394332
8589841
4672800
9084375
7305858
7895545
1168650
6246934
1645560
6967457
8169574
2343125
8626041
2462640
1069587
9185822
3588797
1747011
2940474
2925036
8608765
7857968
8063147
2436095
2488038
4091879
6969429
6496080
5132186
3882101
3444770
2129439
8912861
7585890
8138861
3809512
6289698
7029371
3981153
7249524
9326771
8426858
2570031
7663371
7402679
7472577
4496107
8610054
3565347
1498709
5519108
5254787
2774080
1255239
6822558
6287219
2035732
6697502
8716686
9961741
8384112
9665488
2288625
3609957
6420565
6543840
7144233
4440279
5060484
1123553
9389493
3632925
8323681
4606552
8946028
5614337
6183619
7491775
5878998
9463660
7502043
3643430
9173287
6824860
8319422
8549876
4916825
8952756
1453328
4732428
5203749
3664621
9392847
5456843
9134045
4952938
8878777
9385837
2126505
6063210
7407067
7657551
8003036
6380887
6176184
4130639
8969906
2664123
3476754
2730447
5918952
1270098
9240727
9945817
5244024
8758970
4838955
8621724
1430128
7856327
4225870
4586965
1894254
9928307
1491690
8552585
4236858
4974706
2386172
1957294
4176384
7797028
6927004
5206186
6108200
5249444
7485482
6087027
7775316
3884285
7085719
4673877
5947830
5430525
9462861
2469586
2835403
7887073
8628348
2436259
3891511
6135023
2044419
5061661
4274622
6003107
6369207
3218607
9129052
5211073
5577682
4654920
6123843
2057289
1191419
9525717
2407023
8553993
5322221
1649128
2039783
8458252
8056135
2687348
2322193
2211824
2005745
9368885
9016178
1413654
5053093
3530220
4187842
1519026
2831137
9759048
4075304
8999618
8500328
5621600
9758999
1797403
2937199
6653341
8195972
6834846
5912299
2619765
9994371
1093258
7529460
1280658
3103677
7540907
8670742
1676625
2618320
1274289
2152757
3018341
5333187
5307227
1528538
3929756
5168101
8055506
4464734
8053306
4883009
6207890
5882801
1366721
7016639
5948547
9340744
5955794
8014170
5213606
5043361
6781613
8184825
4624939
9113268
5749013
4802029
3956447
8653496
7003663
6886854
3800898
2221198
3354440
5633106
9283702
1500622
6817750
8419187
1484052
2595245
3902935
8885724
1994969
5304456
2932470
8927592
4107518
2382607
8527052
9999511
1869413
9719824
9354722
3414693
4445551
4593567
2009173
4783688
2181994
4775392
7327059
9872455
6486376
7804017
2170049
7679666
3321643
9456566
8888383
4634946
6292860
4061058
2986627
8976013
6408155
1595678
5162850
3428453
1406608
6193594
2185005
7280975
6357280
6164462
2665848
2706267
7071003
4377195
8510646
3026981
6522322
3800066
5665024
5129574
6258663
6792784
5718388
9628279
9673276
7001670
8679802
8124004
7008205
1558801
7453218
4987113
6905690
2380010
1591337
4712908
2953852
2813308
9672603
1011862
3863385
3432556
9676370
3109103
5923251
1091210
2923996
8006229
5897370
3831124
9579323
6586873
1860162
3440097
9073925
7198006
1760239
4966065
6077676
7008942
7360909
4817358
2609304
2221891
5407644
6711838
4018352
3093615
3628168
1669000
4972088
3574593
7712726
7253953
4159061
5638133
1346619
2520178
2643243
4858542
7591943
3901128
7836455
6203986
5579646
1235927
3868120
6766338
4212231
2028524
7116984
4113333
9293630
4893934
5220937
1212720
4441508
8826671
6757019
5180196
1765238
1157525
2734186
3677347
5406939
6517791
6305636
2868672
9335862
7470998
1838663
6299587
7552796
5027731
4353321
7429766
2909343
1470567
3847506
6644976
3855817
4886570
8150915
8827531
8655845
7784931
8687578
9708803
1928119
3164049
1099725
6245949
9672203
8621268
3080404
4084369
8352362
9887035
3663523
2832038
4790122
5627243
2220053
9990569
8393181
8995112
6554724
9236522
8836329
7415299
1290261
8762067
3166264
1492704
3736241
1825861
2706949
5929955
9379181
7927120
7774871
1150199
5616491
3139599
6196619
5172474
9807705
2943774
9601929
4219208
4052471
1117114
4929561
9494563
2866743
5752307
7264910
4667964
7597117
6472080
5542752
2287776
1147014
3590847
8702232
6804226
6369445
3762551
2627172
2997921
1845543
2547180
8076554
6638870
3092376
4353070
9444345
9264380
7195231
7396191
6901755
8953404
4941188
8403343
6237896
9786547
4317138
5099702
9921524
1383619
6389720
3369613
6838471
4835123
9105545
3902985
8167021
9984708
1488387
3753653
6516484
6246161
8221485
1903978
2443603
1562849
5231289
5536174
7747931
9176141
9082569
6813607
2653445
1819848
9156653
3134266
7567610
2836240
3077835
3205061
8328850
6007536
8965528
9342581
8773604
3636335
8510530
4801028
9289148
1864345
2775664
4354066
6368618
6063527
6889825
5957471
7232311
7956237
2064241
2814499
7685811
1695521
3550074
9671882
7730154
1130211
5569815
8942607
9672949
2480813
1523076
2698164
3303148
5583288
5362273
5322971
2728761
6153224
7912853
3124613
7845832
3688437
8276559
6902308
9951322
4504728
6438312
1976606
5189881
6474830
2705765
1357985
7286598
2231724
5452504
5184285
1110254
9259647
1179365
5961187
7683579
3037310
4279202
4764376
1663942
2482383
8140696
5031829
4619786
6853490
4219239
6972255
6120277
7092046
1269638
6196862
1178072
8237590
2423399
3548924
3452381
6385368
5102200
8465275
2480407
5740450
3423878
1085043
4462869
6258641
5655548
1336328
8646289
8169783
7770506
6824772
3577957
2279400
3412769
6211318
3416669
1180449
3955098
9825830
9854695
1428182
1435574
6122035
1033191
8736279
3199040
2624844
6186471
4536542
9324367
6284295
9989996
8784759
8415528
1075809
7649124
9689292
1183936
6463571
1236283
5363852
9446302
6736333
9835980
1676024
2187103
2338129
9038580
1562186
2447827
5692527
1669827
1903938
8909445
4252569
1308556
3952846
8879385
8632802
7969564
2282517
5270349
6499543
5632455
7735200
8509154
6389434
8880925
5009637
4416404
1171159
4536508
2358066
5104004
9221318
6804479
5503218
7028087
1298428
9850516
7718303
2286839
7235021
9143724
9390277
4533143
5695170
9442763
9914607
8588500
8916498
3199295
2937264
3912663
8302785
1544365
8458575
6426583
6245586
3540743
6313232
7689372
7396906
6404825
8051867
7860702
9849411
9277443
3837708
8163020
4413321
9150529
1653270
5736744
1566293
6611750
8170580
9344079
2392451
1753640
3538222
2425751
6824754
8372244
8116004
3020945
1199639
4784802
1596922
1700077
4645694
3142563
4485952
9251133
8910943
4392855
4501181
2769810
6699993
3101083
4778360
4870274
7622093
9225855
7751138
9714700
2967258
6273014
1813795
9591058
7409072
8158758
7533119
2914436
9254291
2941024
5156517
9781854
2164974
3345449
9949588
3088391
4706897
3790327
9718058
5305498
8662665
9801719
2325195
2118914
7995419
9117003
1173354
2733695
2950557
7883282
2204023
9466181
6850800
4534367
9502693
6790211
3484061
5871051
9488919
3773633
5067147
7909797
5878502
4508962
8117850
9603976
4831057
5202441
3884384
3490118
7596994
2580888
3460990
6354880
2266169
8241876
3577950
3427287
3138071
1308836
1006347
5548413
6509257
3674104
5066860
5013669
3035791
9242695
8016286
2517017
5470440
7500336
5189933
5524521
4004572
7798914
9745263
7570049
3662694
8729559
7052862
7763604
4908283
4813851
2762448
9393397
8513275
8110251
8710517
2010756
6491059
3073688
2439212
8388229
1751245
8684618
7355809
1976844
1571797
9239617
2545031
8811797
2960232
6209399
2005966
6832432
5853883
6646754
3612737
9189081
8409413
4030869
2672640
9729701
8984458
8078150
1086933
5720985
5277574
4537066
6335604
2497621
1948018
5758525
3362835
9518894
6984693
9911518
9404516
3303385
9891114
6630614
4951148
1107778
3177866
9185657
6880193
2656380
5148342
7072933
5721828
3471316
4315684
5788199
9684024
8552894
2409251
7577342
3246943
8455153
9745484
3349239
7076208
1426126
6299271
2607415
5708950
8556987
8918903
6161111
9370824
1369295
9621891
1210473
2218720
2434662
3779458
1759257
9656859
6052883
3254978
8709487
8223660
4966069
1002805
2926001
8035389
1647202
1171705
9348326
6302595
2658945
3054467
3015733
5727612
3239348
1730791
9888043
2059336
2935858
1703430
9135707
5461665
9622002
6048532
1789535
2015417
8576579
4417604
6860477
6577391
5185017
8410067
8865190
3677485
1257537
2800110
9229976
6455904
8926678
2142849
4912034
1846485
3298892
1778014
4080839
8523949
6600458
2743173
1784124
3377405
6598101
7949398
5504716
3175812
6843783
8499216
9147548
8669833
6477150
7230597
8995848
2203729
6129968
6830364
3647979
2948922
5289404
6535554
1109886
3280183
6262492
6133103
4835096
3497961
9048984
5465553
6987795
4281110
5931796
6181463
8248719
4381192
5289641
5950299
6474512
9920388
5754320
9636012
7802115
8000230
2779706
7675703
8740254
6925398
2134142
9002322
1402852
4071465
5161962
4494822
4157192
4648406
9953850
1141430
8656873
9792658
8937191
2560848
1871036
5477963
6984982
9379278
2527560
9103358
7295345
7589385
7056714
6390134
3850835
9003868
4497080
1703778
9695453
2226320
5330211
9308497
9737510
2178537
8886901
4394828
1176271
7807116
7363226
1143888
3470900
2766987
9825596
4085222
3387070
1022479
1157030
8599457
4471317
3799329
3257738
2674356
3358003
8413845
7802526
2771373
7391124
3835027
7021856
4466386
3875977
9060355
2609594
1126550
8992684
6601236
1628994
7565752
9547054
6515818
8968664
5322489
6629708
4747106
3934450
9108920
1036512
6224707
1551989
9934379
8174164
1919042
4203705
8325308
6424369
1911921
4170095
1676030
8777685
4145030
6299743
8502218
1809923
3932612
9174665
1135162
3422421
8547464
7510253
3344705
6682764
5206642
8104359
9293926
6588296
6206830
2581234
4868571
6886163
2044062
9518029
3635006
1736087
7128934
7052282
2581355
2123632
4054931
3488739
3580220
6568412
1731305
2872600
1108126
4158607
3620167
2387891
7077585
4039140
7356025
6209053
1738684
5232493
5157146
5161577
4031402
7791083
6551140
8331742
7223077
3388505
9873494
9489042
4296813
1960675
8712576
9394033
1740117
7622004
7878702
4909021
8280315
4339309
6201711
3040047
4484258
3452273
4649857
5976604
3532206
2750045
1021402
7670580
3551675
2216405
6076437
6724675
6347609
8701689
3519672
1502938
3899368
2735799
7658718
2607720
3701965
6625595
5068229
7730945
1893454
2111617
6977078
6531457
2886288
5624714
6650957
7362314
3471466
5437868
3918884
3114920
1762021
6791556
1671328
9022678
7669458
1824904
9915287
6331290
9500936
7484151
3884125
5468107
3516089
5605041
9411178
9300403
3697328
5973859
2783145
8121423
1365162
8708250
5420383
6037427
4479694
4873081
8236150
9464778
9751113
7754758
3695654
4574139
4634954
9385822
8029567
6065320
5663959
5366729
4750101
1860368
5598859
6472488
1308168
7683668
9685869
5232587
8259566
3144151
7556397
5618207
2047648
9949694
6626557
8048772
2651358
3466007
8727177
3865789
5367520
3657109
5379925
9131137
3030074
6774649
1997106
9622766
4958570
4559181
6393565
5853085
1220929
5198667
7566132
2137744
9464492
4950554
3643670
6782280
9527007
6865976
9155605
5123700
6019997
6332531
8693402
3715651
9806053
8460305
6511446
6569754
7445436
3238177
7555553
2511380
5488070
3469681
6949752
5758422
8185962
5726776
1345160
2076049
4018733
3263001
8294324
5634494
2684673
7757513
4010541
5248687
8954426
9118207
9101541
6400212
5454161
2484375
5426587
6979498
7757829
9746697
4165653
5565441
8755099
7911040
2387372
7951784
5473607
2280602
2984897
7225527
1954979
7778171
8290509
3172472
2319004
6495246
2222038
6630514
4134508
6826905
9486590
4264212
6821569
2609020
5366646
2316477
4497350
7953103
1949024
8019543
5146100
7411825
3867681
3927710
9385159
1893284
2835882
2084766
6199681
7323532
3918528
3954459
5333115
3622834
7746538
2108090
1912614
3740029
2331516
3378879
5100124
3847999
3750401
2355313
9292962
2188203
5347844
7835674
9257917
2418725
6776955
6001067
6042925
1536626
8305297
3933052
1211083
1402638
5343055
6071920
8214138
7217373
4053158
1745335
3203021
8465081
9558683
2400237
8315445
4065578
8312399
5402655
6046501
1193139
7328810
2793198
1813636
4473161
9793828
8092557
4824078
6809759
9001775
8611621
7843592
1211740
4540868
2969751
4062686
1757998
4553865
5609953
5471194
3828600
7865948
1681498
1900163
3563239
4628415
6289559
4496848
4559394
5766624
6501680
6494727
8058016
8097347
6470173
5533815
8271635
2662350
9354425
6095886
1734850
9061489
6602537
2436248
8923124
2810864
7613014
1115285
2319112
3164046
8652565
4510069
2644066
4894295
5192680
5112242
9807104
5752267
9753694
8362250
7353898
6424354
6118485
9428056
6980936
1785664
3600416
2148814
9019021
5839159
7472643
3893841
5077009
1403571
6307035
9714929
8873853
3434502
8437147
5951556
2909280
1546001
2544369
4015774
9726046
5725387
7575559
7045550
8350919
8252209
8248805
7617208
4351622
9829322
4178218
2684272
4769238
4253276
5274334
1100028
5393555
7051791
7064235
5763602
5794411
9107679
2124648
3931772
4676157
5034442
6704383
3798777
6187078
7312471
3254761
4475952
1825004
6714776
3567883
3049922
3088807
3870479
9281645
4172024
4611212
4163309
8727187
5229595
3207223
5846902
3743674
6345635
7294805
9158016
5000432
5494215
2798988
1693465
4805712
7527283
6350279
2655880
4760217
6467160
8442657
3895724
2639915
3169181
3704365
6893954
1220061
3914995
3368352
1338690
4190589
6272198
1469596
7342120
3473061
8018831
3653465
8515856
6846710
5106694
3239410
2668154
5191092
7619189
3976394
6691758
2693566
1530536
8812569
9379001
5215720
7631553
8345879
1889941
9173623
6199144
3650499
9471206
5027192
4236063
9502160
8064993
1386749
1212211
4415021
1180679
6554741
8088910
6627759
8800207
6507175
3423978
1494558
8674402
7635275
1328864
2761945
8671616
2832325
7144158
4595558
3766784
1345855
3890295
4085018
3328884
6601953
9928917
5409121
7644651
4178544
8952521
8857963
8560144
9983232
3028931
5976372
7392047
2673431
3670685
7274733
8306712
3140064
3193105
3015948
6046108
3800840
2124299
6065133
6325748
1513017
5906202
2979491
1217217
7857969
2148928
5021152
8530287
2152574
6317480
2332924
9566066
3023512
5077943
4063461
4374898
2885403
3689083
8279844
7757123
7989279
1852032
9401224
7724173
3578166
1974977
7418289
5112523
7515137
4631420
9972410
7671023
5239983
3930654
4174916
1640354
7157331
5792350
9536988
7265064
7343521
7637222
4482376
4093602
1419846
8822763
5351027
9962989
7564641
5781597
6643250
1412968
6933089
4759930
4732082
2163732
5195068
7317438
1350977
6855508
4784520
8565813
1329333
5878547
3489274
6454384
2505980
4891460
5431354
3959446
7680706
7220485
1146783
6933330
6322745
8892637
9848908
5836650
5423752
4946468
3044070
8642032
1427474
9055554
8642225
4297681
5897313
6016847
8064582
7591626
4144687
3354010
5578867
7106363
8747665
9638661
4713455
9621652
4172736
9629773
7647160
4211051
1386246
8688424
9190027
4221616
6177410
2110279
4464959
7665208
2460759
7401339
2583359
5363445
9952311
2602548
7376994
6179079
1186695
7138212
8251241
3052139
2346800
4222145
6675732
6935889
2589954
7606442
9236513
5927884
7497796
3704417
8433250
7685923
8841436
4031223
7542074
3715652
1859159
6012485
6911476
1326360
5643862
4127318
5575487
9173938
4153110
7188770
8979466
2739745
7617498
7350133
4235320
3666596
5658551
6135535
1756928
3657917
4411772
6931172
9395172
5646302
5202940
6743907
2423564
5715456
8948921
9438036
6791231
2406803
8672238
1031291
5489725
4552016
4725369
3192601
6462715
5053482
4399907
7687089
8280059
3176226
5122509
3951720
2468936
1397946
3564794
1161925
2695563
4913153
8250611
5448089
4053965
5103117
2333595
3011192
7387530
3442759
6483983
4877029
3321838
1706272
7461561
7389132
9676143
3600354
5797106
3658984
3093446
3011745
4410193
6045637
5128331
7078608
6181973
5516832
7517612
5158063
6529002
3402090
1644553
3388450
6052315
6725163
3235887
3713566
6566101
8174851
3887920
9351420
3312468
1403468
2465436
3407344
8967277
7682332
2377502
2929619
4937078
8549287
8934772
4925340
6905941
9150465
1887884
5292781
5026788
3180480
9783864
5632329
7848190
7984064
1119374
5394660
5780649
2386624
2839391
2735699
7162848
3698665
1208338
1314979
9305595
2598255
1653916
5644229
3939069
5394512
2763805
1729958
2606394
8995130
1307674
3003357
7364259
5504521
7490067
8174334
5187504
1246702
9430721
5873612
3491304
3112939
3594862
4984139
2213456
3487738
1921904
6235954
1408302
1212750
9259459
2556095
6282168
4493169
3545410
2720165
1424990
2983628
1093698
2447585
7956529
3045253
4961547
8394090
9479598
5883011
5370036
4139399
6359851
2154061
1887258
6799930
9662941
3048848
4965437
6186202
1036420
6388351
8906167
2935998
1111155
5019413
4853017
8126421
4811199
9430326
4766627
9964819
5270980
8317171
2150304
2134278
6821455
8719596
2122332
8903687
2785003
1935888
2223235
8607115
7870795
8442496
9390552
6428825
6866897
6467538
6584782
3004246
3910841
5710386
6967558
1591484
5169125
5998818
2372774
6812521
8747589
5571873
2948050
9493652
6376674
8779114
2414858
1723802
7234568
3305683
2494432
5372343
3337742
5635926
9415316
2173648
7042883
8463341
1273166
3368236
6145975
6265494
9652599
9792451
6486179
7473974
2991412
6899247
7036342
4296538
1813248
6562495
6406204
7311192
6375588
2833067
8227309
4659604
3556438
1231777
9532368
3704543
8638124
8097021
3276554
4706617
2696123
3341336
2773575
2156087
4287056
3789368
3854340
1936960
5115402
9877797
7452022
3670385
6449682
9838299
4965978
6731040
9862585
4305947
5305498
9719870
8647660
9061980
7985689
8667350
9724886
9366111
3917531
3698802
8268051
8977120
2279764
9444700
5828748
8250472
9751244
9019266
5058547
6492543
4606123
9689843
3012508
9398143
2822246
2562630
1429367
8539268
6508294
2081177
2607910
7811008
1163986
4608759
1236159
1917291
4540121
3339219
2807007
3479127
4837662
4172209
3541673
9190305
8927712
1457124
4711962
2678788
6180484
6599026
4612426
5520455
1240225
8617171
5303362
8549143
8840360
2841112
9743796
8718447
3300270
8126313
7415643
1934707
5368152
7363175
1118256
7703197
2047010
5056176
8355142
4479310
4110860
9800384
2719747
3042246
1064161
5858037
1032187
5010863
4496933
6851691
6641578
8831699
4961370
6378501
5623694
6883695
4313263
4670477
4450399
6960415
4241478
5017395
5499692
8394040
6693216
7170162
2828435
6746164
8364008
3825616
6028061
4215560
1932376
3660292
5784052
2444626
2865804
2798449
7088705
6246318
2009633
6344145
8780326
8005352
1981001
2133101
6490325
7732811
3788207
8460680
3614859
3630680
9699905
8884316
4566509
3028499
3593439
2823676
1548669
4235511
1141342
3768152
6638841
4010377
3177145
5310943
7976208
8985289
4623316
1554047
1821378
7788613
3212782
5426312
9459795
6620297
4916196
9499438
7049259
7031857
2772636
5529261
7449037
3284063
8398356
8290567
5697074
9968839
7163527
8889129
6716929
7125991
1574777
5468908
9296814
2992596
7485280
2309174
6711980
8626672
7099695
8363905
3240528
2109112
6959615
6143348
3995908
9502074
6073948
7701037
7141604
1235491
6829930
8102304
9662584
6441462
6167283
2956889
2207630
1264601
4702286
2191133
3477620
6164362
8111084
1837038
3091087
2931887
5290626
2745710
5612891
7094474
7600143
7343707
6575680
7740811
4691209
1218041
1743053
1742591
1591592
9124173
8494547
2285159
3168974
3559429
1671969
7993187
5796433
2783157
6910871
5065037
9398311
1915324
7879273
8272291
1520813
6960581
8482610
6741980
7985108
8601833
9102642
7731099
3750056
5731634
4081190
2565569
5690942
6321979
9833219
5587357
5913530
1774515
3681102
7534463
3175034
5115584
9121306
2585130
3014563
1171968
2225055
9127975
3683334
8615146
5783348
2471478
3570734
8887763
5590634
8329056
3026120
9159053
7382468
7686504
8304687
1077930
5855062
6496415
5328468
1704350
1562553
8546519
4091399
5047490
3270312
5276143
1270948
1714165
8195194
4918925
8371740
2166813
1232636
2012907
4707615
4414475
7454890
9067016
1612643
5469052
8220426
6749118
8859604
2392892
7938598
3508403
7281368
1799846
6183844
8035113
2263933
2338438
4363395
4955185
7485954
5881247
9680820
5259645
3464895
7873288
6145235
9682130
8184305
4310193
2619520
2954844
7868518
1951683
1060510
9503771
8608321
1674726
7916200
5390396
1622635
5608988
9748779
9586243
8574359
1327434
8835300
7028579
4772527
7745879
1423734
4659440
7776032
6256045
4192199
4261227
2032255
9227037
5837497
2810621
7644054
1898079
4949376
9487807
1141008
9683062
2717413
8833846
6234364
4744242
9042710
2562844
6628993
4357647
3217127
4994521
2957663
4902139
4491625
6496785
8963869
2018485
4924837
5667990
7369237
5494481
9339510
9128318
1465816
6470808
7801088
3930064
3277503
5954316
7498449
3781784
9330511
8796873
3900690
8536922
1906824
8105478
1121001
4785635
3281418
4492603
1258991
7091770
8956005
7580701
9097737
2528694
8023611
1837957
4377253
9027625
4086996
6588014
5269395
8941818
1527358
8165149
1912125
5162321
3536671
5535963
6712837
4696619
5644057
8068510
5565177
9853581
2205848
7994950
3480245
8292437
7701435
8861059
6532374
5747819
9718236
1408211
2317398
7766039
1062462
1274921
7542281
8631597
7251346
5128105
4028467
6619939
8083942
7747472
7546116
4947395
2517931
2340337
8906161
2065723
2249185
5842650
7978415
3406098
9383649
7717077
6810894
3234677
1269510
5883210
5884785
9130480
6242553
2698370
4388070
7569592
3307544
3683974
4549926
8055588
4111491
3394470
9878634
8639996
8078275
7984021
7882087
8975594
7001686
2512178
4546984
9114957
5053019
7309345
2333576
1430317
2337878
1317016
1517576
8808264
4817377
9599542
8528403
2153227
6473328
5130061
5698059
1093404
5417535
5632768
7020559
9104596
2672090
7466184
4512012
9652682
8702024
7695121
8609725
1389963
5234581
6948737
1106752
5274853
1083579
5168728
2589846
3844066
9988461
6343474
9842487
5790867
3377855
7123946
8201744
9031362
5462325
2303961
1147930
1205065
8820006
1705084
8415768
9805632
9665100
8006259
2227373
4828753
5834027
2306214
8370007
4327849
8581596
8157826
8791820
4997191
6960438
6295329
3994671
6214070
6701591
8377928
5952047
9133463
4070484
5662729
9321277
7466456
1238011
7697225
8717863
4699457
2427265
7141724
2941974
8980525
7734029
4683532
5136992
1032789
3034271
5737593
1631563
6052872
7920671
5581082
3123423
9932215
5131134
2954530
7996967
8788332
6568139
7817341
3761348
1668123
1348436
1841337
6923309
4455633
5255606
2045506
4950086
7423945
3988868
1937158
3585116
1428062
2049168
2588151
7236923
2147610
8319129
3152622
6071597
4426028
3325457
6666413
2401743
5273720
7000713
9567677
5195025
8361609
9409083
5423286
8107401
9000866
7610164
4047901
1210293
5212786
3620636
2155751
3539147
9664357
2888035
6257628
7181759
2039063
1167946
3349783
4958609
3356579
6688587
8430186
1752271
2228826
2490598
7725790
2214126
7366671
6506890
6898519
1191745
8075535
4439132
9961046
8790996
8102511
6074214
4797081
9338344
8296381
9925919
3146333
5837258
3442392
7927571
3765956
4333842
2167964
9391663
1863889
8780149
4576565
7173099
1593743
4474632
6433109
3575956
5542226
8082130
6417280
5457525
1853717
3164428
9215364
7624673
8801346
3901943
9986503
5398161
5776474
1136633
8247604
2601608
6016535
3655592
6690502
9914976
1904625
4269234
2040840
3089980
8234324
9246892
1480962
8607849
3100897
8662541
7892908
1799885
8563727
9895486
4047557
1392300
2445183
4481246
1045639
6601070
2186325
4708841
7514535
4205582
3055691
3564550
4448855
4857522
6984150
1617945
2439131
1744865
8790075
8775300
5375361
1206440
8546952
6681859
5176454
5207056
4362228
5532992
2742169
8341641
5626368
3206089
7152746
8744013
4820313
1808359
5428985
5742341
3368333
4793101
7960930
3586890
7018538
9108394
6484682
5666568
9175541
6555741
8188836
3370303
6537092
6450440
8667297
5126627
3129529
6326334
6891826
5688996
4100507
4141974
3337595
9210888
1276114
4260513
9435029
8185331
9195583
7545208
7093952
6327497
3741558
9682222
4048804
2643242
7065625
3605476
8434114
5882780
7410002
6638076
5986300
5829703
5755756
2998950
9373757
8885273
8229966
5308566
4967174
6125001
4473558
8417430
7357270
8956985
9415886
5757239
2125429
5633205
2723470
8201699
7616926
6073113
6974894
5206670
1082951
6429647
4718181
1695307
8601486
1595956
2152003
1188987
4127810
6440860
4388295
6412832
1491786
6993772
2247262
5687503
4011702
1959142
4837433
7978436
9691040
1780866
4320713
9828111
6414782
3748663
1003546
9566893
8346056
5967065
8668297
9625970
9524608
3107868
4502371
1600289
9878242
6501046
5906524
5476126
1423274
9676643
2154473
6630074
7534909
4106498
1835770
2274030
2217717
3798173
2164631
9037667
9084236
1379206
8033750
4511214
6397668
2490972
6627703
3959641
7148848
8246957
1485980
5269980
4257603
7943669
5205480
3281131
7394227
2068101
5855538
9273961
4919145
5166591
7358374
6022202
7055624
2216574
5980472
7901174
2941240
5570962
5611270
3894137
9675406
9625256
4120394
5465367
1767450
4607433
4248248
6991981
2347660
5389177
8588090
4679186
1547971
8463039
6538310
5357741
2011444
8975941
7638936
3535264
8286579
4175765
2558609
9967074
8883745
9546627
1831532
6706411
9446835
6084266
4386585
6234056
4590682
2576334
6620600
3328398
3911316
6020385
3223731
1099371
4503567
5369505
2725304
9144344
6489653
2908382
5487186
7068907
6516441
8481753
3524707
7740808
7931452
1884424
1236224
2477687
4469563
6941751
9883369
7494930
6100633
5298440
6281059
8053973
3107685
8255451
1745012
3813848
2343368
4369608
1904443
7507288
9979757
1042121
5548841
3583537
4383757
9154741
3515616
6332712
3678294
5599271
3422758
1792996
1509559
9530493
8907781
2850813
8975562
2473788
8945731
5565933
8080415
3934097
1784313
3941092
3039585
1079731
3285651
4386039
9413800
3837476
1881187
8579128
2320602
5888277
8034337
1884000
9342270
7605865
1906499
6362089
3456159
1278290
2386101
5391481
3359897
8418264
1687094
6822584
1054723
1351608
3393871
3972738
2762809
4380457
8279856
7426808
8656004
7742842
7352168
3771697
7708968
2129494
2939136
1698575
1057419
7719850
8121141
1032300
4119677
4870429
9084817
1511922
9039720
2327358
1243109
2050825
3663253
9789884
6873893
6776620
6344664
3722574
9727072
1893077
5464026
5934643
4123930
3213783
6340417
1195155
7240904
7951818
7080382
2286661
2974951
1820704
6133682
2817962
4047225
9611158
2554558
9065270
6400989
1485063
8071909
1370511
6331593
6665562
4002528
2530381
8893031
2491804
2582975
9329058
4988042
1367784
3341367
7662803
5088652
8894467
8849804
4947108
3113157
5153604
5077148
1587794
1684394
7655664
9305989
5542842
9834111
7731812
4075572
5800663
4090938
8900715
7704523
8612585
6429366
1619184
2844590
1251824
7326032
6844493
9503787
9827223
7392546
6182401
3811779
7853806
5656538
1673985
1049177
6150160
8388022
3126437
3425590
6414500
4566046
8070147
2844343
9993214
2983773
6365721
4595412
4276261
7598718
4705379
6385165
3991408
6688511
9407821
6227635
9211017
5195060
3664835
7388240
1189779
1819899
3117156
7967668
8414888
6293784
5486356
3059037
1935547
7911725
4483312
1879618
7042589
8342679
6121437
2462908
9391643
2743783
5333817
9854673
5738948
4461371
4364403
1313567
7236680
7282489
5971383
7919138
7639035
4502759
6998465
6781730
4156537
9611818
5790803
2026107
2925284
9640346
4729538
6328650
5981577
1292478
4667313
4977889
9051561
8211137
9197256
8584819
7747952
4022153
8539233
9273366
5850694
2510559
1825461
5315733
3056951
7375857
8426479
9806187
9926397
2489613
7479509
4219885
3650370
4938260
4422479
9148167
4933491
6713933
6860630
7920478
5044541
1428118
4308282
5283925
8715944
1904181
5479375
1047788
9094412
8624268
4527413
3666946
2350195
6791467
4896771
6785979
2991501
7752127
3183824
9178684
7702474
2267689
3064605
4854291
2195224
8700330
5773986
4618804
5028025
9344186
3622964
4908382
9963199
6291256
3478159
8290461
5587367
2932923
7577414
5643368
2864592
9979142
9328900
9542186
2101526
3206746
9895486
7534238
4985296
9167718
2853303
4114515
4280098
6275418
5361263
8568143
7163519
1445337
3585705
5272784
1199038
5579853
9595992
7551213
9661784
3235092
5243877
8908380
1387388
8317463
8945759
7983628
6079631
8713852
7588032
1530738
4702467
1644017
3199128
4808290
6068051
7656937
6769753
8200083
7681176
5813028
8826238
8265029
3038219
7086502
6179352
7634110
2312408
5482185
3392374
2542767
1503131
2876910
9993264
7841782
3381753
4187407
8194576
9226429
4450526
8720176
9909662
6296511
1212750
1937332
3994503
6315179
5483946
6634892
5819881
6773217
4498562
9393162
7339262
8525465
3702737
5251348
4109858
9076067
8523097
8137908
6577410
3560585
3144028
2554571
7022819
5373712
5192372
2203494
3067788
2245086
8343696
1550377
1683986
9018805
7238475
6509991
1328574
7029981
4521066
1666132
9628508
9890720
3633714
9844562
4094883
5583599
2551204
7790247
3608444
7511138
1275798
4103696
1013296
7972125
2794223
1811182
4885235
7467342
1539839
1164319
5622279
2363922
3827705
3245032
6233935
3240823
9477198
7121550
9439729
2554972
5409958
5969988
7695590
9580405
6352189
6210110
6664545
9740715
5812441
5842659
4029849
6735456
9153508
8309410
9452789
4249680
6382762
6552796
7042259
4604307
1691055
9278335
9768374
5885183
2935406
5851122
6412490
3727274
3276202
8780972
7307476
9705613
1902323
6215136
4193146
4570371
2849720
9926355
5323564
1022769
7411203
3275213
9489582
2333121
5257365
1416621
6738564
5711942
4791710
3817175
5597433
5258628
4000921
1039177
9691403
7828999
9687106
5986636
3169718
5105585
9749557
8633158
5064283
8614226
7304356
2796140
3876493
9171951
4685173
6797396
6999289
3209317
1748790
7873704
7276399
5006119
8401726
9635895
6055761
7425252
2415457
4960869
2883222
3304004
8381135
2831683
2405628
6235792
3616585
1258938
1889864
5614321
9392001
8495264
4462331
3158608
1353742
8653933
2040915
8287069
5854921
6184839
3549562
4204588
7217159
1743417
8585616
2562233
6127922
4548418
2371984
5013260
6434566
1646666
9644385
9893175
8575654
7108527
7869115
8877949
6123544
3951678
5763572
7569805
8251620
1497214
9849574
8810219
8485892
9676389
1108991
3020208
9119624
9573870
9433445
4198184
1214153
6430658
3994948
3910297
2376647
8320979
5577653
3142627
3866146
3478280
4141132
1270659
4363249
9813906
3198270
1501233
6976067
4147230
8093677
3907242
3017584
5306595
5200722
5807304
1427482
9642843
1877830
2833036
9939717
8839054
1522925
4102526
8048848
4350729
2359295
4549931
7201040
2056110
9552180
6171854
9296072
8402725
9168652
1802825
7337798
4345136
9861560
3828306
5410589
3281181
3858152
2054507
9346554
1392340
2461298
9878409
4662885
5814096
6200732
6918102
1794134
1337195
1143366
3525202
6675057
6969809
6800887
9748501
5171104
2822999
6643074
1868591
4904076
5112740
4709012
7548912
9393656
1310349
4136413
3288195
6029050
6968831
4853785
1815029
9907926
4970901
9691898
8578260
6776952
8419210
9943220
8049778
4493262
7699912
1156837
1723721
9733184
1646111
4085662
7049016
1531405
4438033
1489106
7995755
5170691
8347722
5884954
9343706
4690650
6791404
7250978
9409768
8777198
1780105
5613364
7485227
6733144
4991210
9492831
1821195
5736104
1336844
6955267
5203331
9391488
7035050
1535804
7258693
7838480
3323061
1356649
5047034
5272105
1573281
7256408
9031527
6426112
7227417
7480655
7872107
1742402
8402899
2181497
7457509
8138318
6319165
6903596
5660914
8898324
1187671
4450963
1543316
2816840
6869594
9187069
1102190
2724802
4344150
4299841
7178475
3759413
6398105
5508299
1531199
8116810
6836619
7185928
5823557
3982808
9902359
9960618
8157256
2082370
2823684
8323864
7698589
2022574
9219746
8414773
6245549
8347421
7786399
4259404
9980433
4185132
5353145
4271957
5016982
6102694
2119822
7393638
5222368
4227971
5443535
8434169
9311018
4907394
2826963
2619222
5860715
5208158
8688007
6826589
5622292
7020528
3288004
3918898
4461302
1290017
2543289
3063877
3434881
2146825
1279495
1663164
9107432
9090537
9636396
1965440
2074528
1354049
1937174
4058849
9718790
1803599
6939417
9562727
9440992
6389286
9226556
6368310
6380923
9631783
4679150
3701533
7532980
7428702
3320214
2417211
2275731
2001915
3478344
1103886
3714130
4847787
1205395
2430489
9693435
4162130
7330999
2855153
7269551
6396520
8094324
4630885
9920259
6336365
4120189
7135688
5164676
1844682
4704843
4851293
5711003
1443846
2200847
1555421
2563020
2747361
1010879
4016039
5387544
8789392
1991826
1133957
5602627
6731222
3742535
9993558
9002032
2253756
5899166
1508702
1469992
4525293
9214250
4764135
8066041
7836592
6669822
6388945
5222395
5675266
9990213
9866365
3926254
9158863
8321390
9690770
7642111
8922957
7667268
5652010
8255913
6466741
6748827
9628381
4509112
7807519
8080166
2369576
4172713
2038266
1478182
5408761
9641390
6725349
8026557
4631193
2332558
1041836
3014305
8279798
6911592
1381922
2687915
7968076
8676631
9056023
9652751
5582576
4992113
9501302
6325350
5133177
8489962
4278398
6017000
6235595
4883542
7535195
4733301
9300289
1149260
6634720
3157650
5777014
3548518
7755939
2947057
9001456
1609572
9455734
9109864
3313002
9896368
9428541
9298564
1449277
8398076
7301361
2729399
8700010
1027720
4782320
7701612
1857798
2769343
5325182
1388539
8079619
4734273
6876316
4602104
7155543
1805692
3337411
4895334
7218058
3774195
3552893
6451721
5875489
6066017
9502433
9599577
1880418
7416822
5953769
7466450
7958020
3141376
8460913
8707305
7247925
5248997
2163534
9039065
6574279
5621581
8689609
9355930
6995064
8834204
9103479
6910003
9120668
1815389
8992310
3885735
2219433
1568186
1108806
8215755
1933343
5057959
1669249
2210999
9085010
2763935
9948601
5428443
1818261
7851591
3499500
3124969
3537285
4161966
8348710
3425776
3146095
9281654
5224116
3803401
5051999
1481612
4812736
9017066
9147910
4390738
4475342
9181720
7569735
6045982
7834578
9079737
2505950
3407964
1732203
5391367
6692909
2441679
2863680
9176353
4952805
7650548
9268598
1402875
8177293
3125639
1843339
2811382
8521394
2408351
6038354
6352139
5145196
5466292
8851595
4046688
1093576
4413121
4850782
2539965
6952983
2849780
4133720
4491282
7551538
3667468
2053480
6758185
5420819
4401640
7281126
8766125
8094305
6535780
9314690
5710739
5478800
4208687
9609476
7784748
9100343
6104867
7905938
2302969
8322156
6322138
4200982
2080589
6951610
3297434
1591886
8569808
8270721
6406380
4662767
5185823
3368363
3759434
1598391
3685905
3599495
5022774
8046478
6719317
2690883
1007079
5309208
4599351
3929034
9109598
5394650
3940865
9085752
7695128
5998342
4473790
7081078
1198172
7252773
2266010
6417975
3340852
8132767
6933413
7427342
1377784
4471530
2613174
4220329
2968261
4759629
7954604
8762158
4560333
7970704
9805264
9141680
1699784
6972546
4767318
3452110
1824521
8506022
9342210
2439144
9284971
5418107
3003496
8314687
1735210
3585383
5425612
3379624
8492750
8899519
6096103
6528749
4260737
1273590
5144715
9891137
5317250
5728159
5962398
1405469
2676530
3789280
6413826
7434555
6323916
6629045
6469205
3140654
4814066
8861150
8304276
2905372
9867362
8175783
7560026
5996442
3605063
2707474
7701639
2792674
6670380
1970978
8634940
5839347
1138443
3469126
8231490
5299205
7901764
4788129
1050442
5533992
8948009
8712178
6898831
7384824
3676982
2805285
6858839
8684607
1813406
5896437
1087385
2083623
7549696
1302588
5338745
7099418
6068153
2845912
3124463
1871288
4912146
5176380
6851333
4754548
1158170
6197520
2065151
2198156
7992911
6687942
2981204
1241571
1286710
9166843
8483099
9530940
3388170
2290437
6412417
2937173
6432593
4420447
4848310
4288094
4076617
8920622
3053864
6011284
4018754
6612079
3590568
1559231
6111493
1848832
8085096
6387076
3391922
9780935
6078437
4120231
3414952
5103235
2747682
5464226
7143068
8081453
2646730
9712026
8561037
6243786
5019895
8764164
1229390
3955856
1994256
6849556
7784898
1570226
8099020
8835101
3069030
1530314
2711062
9325258
5683720
2078627
2698505
5569207
9491478
3789088
7784346
9115181
8192977
3489547
6200661
1195448
3520801
2901246
9616576
4356519
5932609
4189352
8362588
3794656
5931034
9638908
4073481
6501533
3993838
7118076
9429513
9892615
2897323
1686686
5115933
4253101
8940256
5077400
6152075
1816545
2624907
7499725
8957441
3379247
4376208
6706772
8425171
3101947
6414279
9497953
1208161
8518070
5381932
2123090
2024468
4938684
3906490
8352792
7100999
6462094
2147857
7340672
2515586
9949863
6438995
7272605
1596129
6102461
7363151
4623892
8168595
7805845
2723797
5235012
8637502
5614211
8131561
8386127
3451328
2118141
2835474
6622986
3350545
2204315
7373266
3376381
3242500
8322606
7205871
7607831
7708332
4600250
8910960
1219377
8115483
8874193
1988708
1346877
2668678
2180941
8070683
4751371
4988868
5748969
3913848
7708087
5442613
3694780
1143646
6167027
4747071
2695828
2230792
4992109
7512692
8838443
7944949
1239260
9103248
5475145
6850368
2400876
4539038
8461493
5176909
3394500
7570489
8366425
4465376
2296368
1528688
7572529
9248584
7771376
6362883
5731823
9354296
2343644
6737290
1131439
7219637
5643762
9496245
7810578
4873003
9495614
8649262
6111737
2502107
3790885
9149595
2865696
9656623
8756109
9690303
1279828
3285999
3167404
3821632
1640786
3784779
2064172
3293571
2726078
7256024
6219000
9887411
2596605
5777048
1896102
5077345
3939759
4102450
7600321
9658566
7459788
4708480
1556337
9276835
6936218
2122311
6358921
9048201
5340488
7278914
9630574
1531125
8397995
8321047
7308831
3177299
9179986
8813099
4239908
2346723
9465735
9599121
5069079
8307961
5109157
3787485
8205321
9607902
5076241
5103255
1118547
9396692
2950166
2277643
9096827
6906039
9206497
3246846
3931455
2797887
5296534
9432955
2664641
2599266
3994316
2093642
8964302
8606295
5536172
7846338
8237644
3326260
6812321
8710006
4841216
4519993
9800444
8028491
2249914
2541925
7025896
9975018
3392670
5187078
7258628
4410832
3719759
3571407
1759842
2368578
8001593
6188065
9302492
9755742
7682747
6194924
1479374
4176909
3234928
3814511
6108915
5834197
4885017
8213211
8710303
4626123
2041128
7083541
7576790
6557094
4723627
1788123
1309192
9441838
5286355
2814270
6502762
8546450
5301281
1397005
8178162
3621785
2397292
7027026
2391919
9232561
8137169
4863862
8101186
2628516
9855287
7912447
3903677
9482664
4165373
7130170
3500310
9697109
8007171
1938823
3986225
7942034
7593954
2591686
7616487
5374121
7179808
8164572
8988055
1575589
3096278
3690085
5270470
3674700
3620279
3385187
1939894
9654902
9733859
2056702
3243857
3193880
3866349
5947164
7682815
4756654
7657654
5526169
7002583
4511428
5886584
7518243
6486257
4435810
3723551
2458293
4557402
3012690
3700241
9358382
7038433
7903503
5540367
4914957
9196750
3816844
5436979
7400140
7806450
4691101
6936857
8106134
5597594
1219846
2925722
8552357
7818333
2337759
5991732
9258556
9764821
7765984
6959493
6223294
9486250
3161743
8879670
9979562
4583050
2413059
7879477
6852020
9752501
2646739
1358746
8805056
7320436
6528545
5026411
2227901
1591977
9703868
8949819
2464668
1000898
9759542
5481645
3756780
6366535
3109892
9972182
8585876
5694355
9281867
8933632
4218412
7685920
1916685
8980683
3655160
6954683
3873327
6757679
5034049
2469078
2726182
2993884
2331602
9855164
6032894
2122562
7609996
3498655
8435591
2792365
4229734
1730701
2399260
4803336
3224901
1312705
7601745
3533698
2719860
6141142
5584120
3796429
3898112
7349079
2081808
4230659
4600307
1636593
3332363
8469091
6863211
8543242
2687739
4337274
2918038
8175594
6718680
3645917
5282508
1451223
9199280
1306642
9732808
6821824
3030635
5754575
4578500
8054159
4755066
2543962
6235697
4080545
7714140
1783119
1891280
3391442
9791821
5528128
9076720
8875697
7215051
2388983
9084036
9792147
6566662
4754070
2133472
6939395
2871139
8664416
7790736
6042391
6304173
5777616
6263253
3065693
9976793
7355687
9936445
4470453
5195956
3966659
6210526
8774072
9653547
1490283
8928878
4168150
2663414
3216999
6266498
2087550
5114722
2775052
5875617
1108726
9743099
9368982
5518917
7271242
4319058
4833389
9365229
6048865
1068080
3151946
1265762
5924779
8990103
5809011
6849732
3934262
1819249
6025826
2947407
9526560
8117080
2495876
9676656
7702823
2334209
5692509
6423230
4914524
5152710
4965256
2962775
2403318
7497998
6511836
8869912
2816067
4583450
2958187
2855736
1776185
5707375
1433764
2942529
8817131
1216220
9468056
6217004
4619223
7107687
4662426
8346713
8372828
4038104
5169087
8143848
6485513
4979169
2669444
4782391
5074064
7207784
8619151
4578616
5164121
8691059
9038862
1037485
8272563
9007983
6806844
6693827
6327013
2624413
2940674
9296329
7898403
3866202
2688378
3373323
3748444
8764169
7410510
5379343
1409840
7619359
3633855
6860651
8261247
5833738
4083394
6750849
9895453
2404479
7515652
7791385
2763809
8073631
9395407
8087385
7279580
5809221
4594500
2109667
3763623
2441774
4056776
8061963
4952342
5116549
1073084
2061300
9492809
4464331
3180068
7240070
4738208
1592672
5144233
6246157
4387470
2629040
6458041
2502833
8646663
2438589
8845260
1748110
1515795
3658244
4874498
6624815
2397253
5690383
2881384
9181228
1193860
7786775
4845914
9693085
3942280
3651923
4698178
1510074
7424417
8503969
1910398
9955537
4852977
6331344
9293280
6646946
8182074
1902984
2421839
9175130
3713234
2063446
2189514
7897003
4378547
4370264
2714957
6026500
1310191
4825857
5913612
4235762
3718592
4117130
3260060
7557523
5239542
8281585
9978418
5619817
9599487
8613826
4319556
4127398
8400418
9699209
3147902
2873031
7321540
5305190
2148625
2272899
8544192
9315043
8963139
3958597
5690766
8911698
6158379
2190815
7409233
6024723
4632777
1884383
1551613
5109810
1286080
1265722
3691554
7619437
5372976
1834725
8583194
2322643
5734004
2425859
9377867
5296135
6119093
4956857
1039450
2690788
2380009
5953053
1174701
2236603
5386540
2161612
6483418
5865591
5033337
5284762
1670193
7512738
6703045
6866853
5872674
5277184
6395256
9599618
7310029
8129561
5297928
1197721
4153509
9877332
8377012
2228045
5847359
1789595
6195005
4789740
6689014
5147492
9376977
4192821
6226104
3560397
7459760
4163743
5150785
9591012
1775062
6865372
6847097
9290069
2985007
1977962
5416271
7390170
3589097
9694938
6277902
9138953
8036372
9683435
9727705
2751431
5834610
6416085
2269955
7709914
2254945
4607329
3226637
5054365
2732386
7878781
2090828
4279429
8813806
6063703
7927615
3261619
5206054
3044475
6162164
9513367
3364437
3428827
7005125
3432426
1483539
5830550
3256056
8914139
6244283
2032694
5781237
3511575
4993259
3117955
6697426
9944378
2418217
9898882
3504202
5628050
5748512
1617421
5301197
5739723
7994248
2660240
5895921
1553789
2957283
1620573
3061446
8470799
1792163
5970349
3871558
9856774
1133545
3679668
2898731
3438638
4276840
4031007
7400603
3600803
7377192
2222189
8293119
9895996
8129383
7422439
7541873
1482261
4242521
4819966
6929492
3149176
7324048
8770879
2812157
1199912
8724792
5973301
3856974
1968009
7779961
1513499
3411556
2916527
6463999
5948796
5755942
5691585
3407190
5620777
1428222
9113033
6850542
1745302
2989604
5015132
1919806
4884946
4184150
8839776
3384325
4141218
1681252
6274111
8746476
2392057
5119271
4387111
6497160
9008277
2679634
8476795
6633915
5671992
2959008
5212441
4903674
5397249
8096365
9827272
6645353
9882472
4756193
6012030
9338018
2483155
1284295
8949644
6218836
5839063
7062011
7242343
8400136
6055822
8655490
5018260
2154303
3817105
2602612
3113839
9902712
1984786
4493076
2200023
8379085
5072793
2981120
6686778
4157949
8087577
7044163
4417336
6825285
6880366
2428040
7436534
8328743
8701878
7285226
9955522
2477644
1999241
9140454
4871006
5179525
5958294
8585650
3577259
6407085
7318235
8733031
6187571
7429035
3102976
3333401
3995667
1224404
2891217
6895495
4453571
9914029
8258966
1991662
5657668
4824205
9533137
8133304
6422053
4148513
5423572
4372882
7671089
8926538
5988668
5839387
4479992
7254561
1339918
1244983
5358905
1024474
2703148
6715716
7298921
5667078
8148979
3214117
8374690
4949746
9052405
6864889
4431659
4816877
8501262
4629104
2212000
4910631
6066469
5344180
9315262
7742005
3706241
3463618
3352333
9863730
9590789
1297436
1135082
3593535
7202569
4085207
1476400
5559018
4553495
9731855
1986307
1903404
5586943
2183483
8052984
4760781
9193815
3900123
3431076
3581602
2618579
9431438
6950336
9093750
3083837
8934144
1171894
2026887
4790609
3616512
3114954
5577127
4116407
9938735
4243560
9081924
3614813
3555924
9425606
4521089
4272560
7336973
6709749
3416898
9486968
8498080
9544458
5033287
3163278
6489712
4205731
9245744
2957050
2442059
9775000
5765023
7866477
8987680
5912640
5470458
1306583
7372622
2474013
8862991
7693606
4764375
1806885
2883347
4890461
6140979
4237166
7172611
2233036
4117505
8684405
9025516
6703730
1530520
1471690
8107013
3859819
5308732
8279580
8721530
6225943
6448173
2890589
5439236
5095306
8510233
3364433
5623731
4928361
7503089
3021112
4530445
2385831
1430488
6063062
7036816
1843996
8755448
8525212
8421972
5348479
6373231
5437684
6821133
2054528
4244327
3623406
4969004
6610053
6199684
1386242
7291812
6881022
6387702
6161537
7075210
5834727
9845614
7157853
7394389
2376602
2326124
8850129
4150021
1971150
2985591
5351726
9483041
8381040
3597927
3847428
4300312
4195804
4737820
4093417
9670793
9100856
3370257
4056553
4888350
2272877
9134474
9067658
2987731
3001283
7762283
6848186
7561365
3618264
3026339
3026263
2891653
9032765
9014597
3087771
3591835
3680493
2492663
1721763
1163496
9002155
4461571
2510746
8793716
2045111
6210763
5895942
2422405
8994796
2247897
8716271
1005825
6592313
2833941
9467943
3008171
1211578
9732751
3495867
7460809
4050802
7315068
2248500
6781094
3933223
2537918
2754442
9520371
5629787
8728732
2441510
1130313
8674402
6114897
6786514
2773130
6989605
3062016
6428544
7458597
2027057
1237893
2165876
8907639
1082428
7048358
2769934
5890127
3131319
8704360
5686136
3659658
2159817
8646270
8238568
2956637
1179309
4463708
4148178
5097138
7629289
1801899
3735150
9827049
8648937
5494165
3826017
5509119
3982841
9860607
8071819
9209740
3461852
5479319
4383788
5572326
1258507
8011842
2794227
7302627
9287309
3078136
6457381
1340284
8230511
5808044
6729830
4526286
3439713
1491875
6558888
5025466
7235885
3394918
4774509
3667691
7580948
4481875
5214394
2055415
3877959
9663373
6672730
2793119
7916799
8021459
6605067
5432561
5883961
4263406
5240906
4493453
7650770
1491972
4522166
1054020
3389946
1040522
1008099
4729500
9738008
5266711
8636478
7483056
1117178
5344467
7995160
2499124
1726455
3627662
7192209
2217302
6988708
7007533
2969954
1447745
5317103
3398847
4778950
7130235
5498075
1485294
7610118
3973870
3540376
6358672
4219360
4406212
1191422
9792669
5771923
8684651
9397926
8019515
8409418
3331256
4305701
9330614
6216994
6231016
4245222
1775435
6900954
6585025
6103395
7350819
6229910
9611671
4911104
1613405
4456528
8484586
9639364
1126212
3379804
4790765
4763956
3279264
5779349
3840737
3366094
7444712
1107177
6970016
7208351
7489237
2538943
1179382
5568705
1549137
6990976
7865514
6776757
7731022
8910665
9504858
6536985
8962612
7090027
9925764
6376454
9978098
3072413
8735329
3120840
2296566
9567935
3036779
9028091
2106103
6225931
8200384
3222014
8672623
3572506
4583903
1844183
2477415
3289105
1725774
8315235
1363242
1848486
2825182
9057016
1868763
7189714
1082502
4636121
1844387
2096341
5167405
9085781
2433090
3264097
7835332
8615356
8291975
2329892
4013263
7619071
8240986
2689397
2739523
6530531
2359991
6268250
9738315
6892449
5942773
8601652
9470245
2135134
5421764
4129672
3935465
6128322
5680502
3905770
4156842
3707831
1872244
8128200
5208757
6848512
4658001
3879632
1600054
5874611
7708923
2940351
9500410
1900821
5772365
8323591
3978063
3739984
5504770
4245148
7580808
3199699
6082949
9017564
6219613
1162758
8854884
7394265
1385263
9433385
8877986
3668932
4985896
5146440
1132267
3772023
3519425
4779485
5787490
4023006
2455581
5062018
7155991
4999619
2843731
7953361
3462036
7634166
7942281
5095002
6287894
3216661
7651771
5406400
5988569
9572605
3030043
2817904
4903628
9313293
7374739
3273599
6823204
5089684
5092454
7304287
5928909
2196631
2046516
2807230
6726714
6009856
7945308
6399100
9171677
1416933
8984188
8224454
9603635
7378100
7377747
5984980
8136759
5611065
9335304
1573691
2284470
9088588
8229892
6338735
8045122
7045146
3545018
7569689
3512128
5328078
3534470
3044305
8986205
9075739
6090035
4112825
2233629
2687912
1867927
6343989
9672404
4905625
7468185
7609226
7148845
6907127
1767379
8878034
1336103
6090683
5045522
4193369
8310560
8085820
8075578
6946648
2682442
9870514
9807687
4280972
1566266
6310566
6818798
2618161
9387423
1332152
8784609
5404640
1019407
9504268
1755826
5534402
9090749
1189843
7721359
5190128
8319879
8115121
8674411
8386025
6248236
4763728
9406462
4806575
1387931
5862337
3971618
6646526
9264806
3050058
4341726
3865322
9097749
6101584
6076160
1226260
5511319
8478178
7863971
3960136
4648404
5421023
4821265
1393526
5076574
2468422
6982081
3888523
2326149
8247640
8701185
9431404
8080649
4830572
9585647
3293135
7010154
2710671
5225569
5430006
7906972
6006357
9990245
1979528
1098583
6426433
5657442
6354253
7452106
1875852
9646237
9568965
4488943
6192213
6406488
4434982
2404730
4328678
2917012
4678513
8730731
8413535
6092984
6996080
8681219
3602498
5752074
4482190
4185235
9595738
2432537
5179538
7569775
7343048
9890045
8867514
1768834
7734443
2245943
9791408
8370619
7527979
2720178
8275819
8332837
2325603
1836203
7165285
9929301
4113577
8281900
3843188
4790204
1860603
5375923
2070216
1946204
4791367
9106098
2949824
2153688
3610518
8329200
4524521
9158116
5992023
6853837
3145555
2819931
7478852
2456354
1007250
5132975
5272627
1401351
4991886
5196538
3536571
5224942
7201735
2711732
9640705
5526060
7695018
8091454
2986014
1836120
8150344
5223130
4204462
2066444
4876345
6322686
9023672
6440905
7234700
4212797
1910389
4246903
5118761
7782309
1969663
3047817
8595590
7142056
2992087
2921919
1873346
8307378
1886867
4719493
5216737
8162777
6858274
5664121
6887717
1514675
8725245
2353034
2806597
3359169
5292013
1996411
9835853
2576328
8235763
7551111
9343633
9970752
3741975
2354783
4880079
8190054
5508624
6525583
2658592
6842028
3257996
5808574
5084827
2656976
9350046
9794324
1254151
7038218
9401986
6320374
9675898
9558751
5446861
5237612
7060882
8228051
3034485
8054500
6580047
9671163
6582138
3414864
1064140
3051825
9094001
3859882
5293400
7868000
9802859
8356759
3709173
5350270
6056326
8092265
6428012
3223386
1545424
8818559
8486539
7801227
7605267
2425927
5798909
9960136
6389313
5777444
6605252
2353430
5133501
9264107
7787029
5171356
1306051
7490822
1433808
8062994
3327350
7809083
8504474
2997720
7504005
3123719
5546137
7925859
7301368
2575204
3191691
3989330
7480477
3774058
1089731
4740383
4894025
4506706
7730690
5255856
3119949
8884821
7863918
4625229
3124279
6478707
2189873
2436397
1149506
2753807
7497777
4247401
7314843
9173943
4688743
4384082
1862480
5742530
3680350
1434654
5593111
7060498
4965066
6400253
1396345
9245049
5682179
3715977
6503962
4304120
7651933
7123676
8986981
7968163
9026276
6465277
2308056
3180576
2768313
9017650
8761513
1558606
4476292
1534457
9843924
4483650
8810644
6918929
8507266
3168108
2119195
2618227
9116439
5573656
8221567
7102110
8687192
6493457
3561502
8014800
7844023
3953888
3206497
3470160
9979197
2677426
7341819
2249448
2024275
4691351
8803839
5754609
7175021
1198758
3534940
3830982
6503700
5854335
3717942
9827098
8889870
7648041
8283809
8071974
9300075
5546713
1735100
4380603
6889967
3420244
4636648
3767797
9986199
4301291
3529188
4106576
1258506
7781670
6320647
9564628
5775454
2667068
2965208
3312684
3035843
5804029
3572365
9935445
6601936
2738322
9149407
2527794
6239336
6430429
2350022
1798140
5813576
4026938
9799510
3102166
1649905
3481639
3862902
9541630
2317804
5036224
8574136
8976480
1132927
3593570
4777626
9205828
3208170
9488690
5839128
3675432
1063774
2580022
2127020
1824041
7631803
9135136
8142948
4794650
6894020
4020396
7074909
6500727
8578786
7266399
1894945
3905460
1403601
4556782
5601435
9623918
4385515
7833857
3165491
8003843
9924431
7042444
3782154
6073533
3463086
3551581
2360531
1823593
9102194
7484597
4268684
9657990
7801291
7326221
2873433
3629273
5980887
3505082
7596091
6135198
9701100
5466922
1026609
6090840
8554181
7319310
6416299
8286153
1352840
8249682
5348711
7976510
2538864
9490439
6418859
2360258
4799324
4319650
7818845
9368563
6047027
7435742
3543618
4966449
2981554
8718588
2276497
4753586
4922515
5747435
7298419
5003826
5964251
6807810
9575834
6564104
7651457
5462249
9795963
3740308
1231094
2300056
6980521
9631957
6832597
1582775
4519312
5990167
7718697
2311141
6182090
8111049
2651605
1217877
5068001
8230508
9914148
7695826
5232866
5011880
1938798
4746595
6071642
8171257
7695843
6661641
4307184
6994566
4809463
6943205
6763231
6302034
4560298
7666294
9684878
1229323
4746675
5743040
2073869
8446016
1200776
5914505
4513326
1364848
8407117
5403262
5478782
9028349
7996274
7505951
4711808
8892699
3965190
8184515
6942070
9745463
9060131
9887879
9576471
8998172
2213668
4442409
6469575
8543448
9584273
9433128
3709286
6139580
5866055
3679927
1365506
9601326
6554163
4704925
6591340
4815309
1324669
8712684
7065128
3651004
8196673
3109147
3038590
7934478
8561592
1484482
2658541
8380789
9530546
4553791
3539877
7756044
9129327
7889144
8565299
9390285
2522892
8601832
6838438
7139438
2833825
9910496
1563471
2751750
6370602
6151937
4024203
6677622
1028159
1894831
6621322
6141218
2688044
5277349
2137147
6818013
5730156
3076771
1136726
1349027
5730055
2733890
4610565
7251967
2606021
5170599
9550064
1268749
6279245
2809302
6199523
9931930
3448479
2069150
7108574
3988199
6924459
5600178
1084986
5624845
8404556
6912408
7117811
1574202
8070692
7625018
5930390
8473561
5347476
1932187
6225032
7064848
8541912
1829987
5880560
2091043
9089086
8589595
3350786
4688885
6507457
3137332
9978409
8908527
7894534
9632833
6739856
6977657
8915890
5510021
8892046
1144742
1667878
1070567
5792044
4070892
8479960
9006594
3525715
8540560
4187855
7312345
3221783
6541216
4503803
1308839
7062042
5347354
5939054
8156373
2526686
2396075
5733435
4315525
8487403
7179665
3398058
1073227
1725721
7709537
1067860
5745660
5875003
2653157
1412001
3866846
5425768
2335517
1397596
7637567
9558311
8738406
7742704
7506529
2864374
9234297
2582338
3518162
8759351
9678154
2905322
6087386
6955960
7222992
1293839
7216974
1513565
1258980
6634717
3643266
1944876
1516867
4505638
8914716
7857525
1581742
2391762
3539011
2616348
9248433
4992260
1819637
7720133
2377984
7974412
1277112
2768858
5470908
8730242
1868328
3193468
2337493
2262917
1578159
1385604
1971786
5984976
3600211
1327796
2989709
8393077
2410986
6329407
6814658
1139834
4648488
1053681
5131493
8966221
4596121
3753788
6116874
5911844
4031658
6805921
8700096
7956533
1607713
5516215
1998671
5050511
9712045
9549403
5850401
5837652
2495320
9012917
1501565
8273939
9402840
6814242
2181550
4983430
9484485
1418691
6831874
1919781
6647334
1910945
2015598
1530149
9976164
7834940
7969231
2829072
8057632
4554223
4442443
9614082
8807712
8982017
8818902
1989245
1892772
8459402
1416465
6570282
6533399
9775103
8985036
9519469
3237473
9396445
4896044
4101283
9169817
6511279
6562472
8626747
4036760
2410875
4377453
9642862
7088425
4569295
7791266
5194780
6540764
4352291
7082630
4436548
3642618
8906027
7756660
8651808
3442066
6461884
3137480
2354587
8996466
4252312
1272348
3140592
5406641
5665560
9344300
5920032
5254569
1927605
3775448
6406671
1906883
2281842
5665287
3079868
9417003
3158442
6936679
8482844
3058210
1481265
2440531
1258321
1788081
3090730
2248142
5696716
6847547
8596197
5680172
6930812
4240748
3311474
9103952
2958513
6989198
9321671
3433232
5187346
4838842
3288905
3662197
4686135
9777067
5283898
9198302
5032804
4139886
1981568
8995971
5224547
2621877
1545358
9054807
4266557
5407883
8970609
3865223
5385556
3149667
2005817
8377440
5151136
6291145
8814530
7750797
8839108
2609210
1333534
5956861
6099788
3742863
3586848
7026531
7984454
4211219
2274888
1656727
3264890
8178358
8085446
8708826
2632711
6118171
3375917
2238903
4887131
9859340
9261301
1057348
1981710
5994637
9677357
6993608
8653340
9955214
1067451
1503543
1123133
1661881
5411409
3436120
1083043
5912940
2622190
2177415
3756175
1776513
4832334
7394199
9865617
4811016
9802480
1014671
1335386
2304598
3864770
5427541
1799935
8784310
6463146
8630569
4534028
7548862
2188019
1019400
1070019
1627389
6915410
4236272
3840688
5836433
1149269
6538307
6932138
7567573
8717799
6298949
5711464
6734519
5754690
9059584
2640829
8267175
1853105
5532295
8830129
7196267
2559873
2817175
6701438
7065999
6993668
3542041
6558372
3304122
4039809
4925252
4449769
6786909
2447931
5270175
8098929
1932484
5512796
8759524
3824565
4080271
4898814
9137536
8970659
4108474
3052950
3459383
8905810
7754071
7027198
5144933
5047840
5943838
2739294
2845983
8876459
9818523
3076342
3719096
3358824
5842373
7100298
1395295
5410147
2957039
7448297
6664550
8417555
8587863
8447708
9555933
2144345
5766044
4347176
8486429
5343893
5933901
3272576
5442145
4397413
4594269
2415243
7596174
2539068
8199474
9861965
9157139
3419098
4758620
4356404
3389995
4893933
3458595
1564738
1872511
4888132
9423417
8969297
8971305
6106732
2881678
5964680
7803412
8244393
7502723
6192473
3118271
5928531
4787254
6051059
2376288
3818122
9796860
2669451
4740389
4351639
1327084
4267843
2212309
8779232
5544728
4272948
8406550
6282631
6743255
1475677
2829831
5106017
9093566
1973351
8933133
4658190
4619885
1246484
6836844
1019834
6059717
7257028
7064075
1766255
1177783
2162404
7682650
7270228
7608056
7167475
7124111
2530758
4878544
9000114
1355723
3958161
7498194
4027240
6398556
5887882
9506470
5378383
7156187
9749261
5755778
5360606
7932598
6211471
5626935
2682676
9490760
5419615
5294312
8490142
2627620
8883390
1635669
9477125
1960433
4870999
8593685
3533111
4352751
4245020
1103522
4746000
7299544
4095231
7808206
8019909
1214433
6909194
7563668
3984716
9752159
3261660
1806218
8446955
7646535
2418881
5818034
2024604
5046670
9703660
7186223
3389274
7007919
6390867
2630676
1474572
3684235
7421480
7250136
2248906
4304618
6149359
1888806
4866896
5805087
6056448
4216977
9237182
8481098
1167323
4157285
2423753
9436792
2836131
2244568
1666498
4353253
3516409
3113952
8951617
6501857
8187382
2125214
3724846
8460879
9869316
9736119
7539947
4010826
5027354
1016388
4305633
7548515
7759442
6214879
7645222
5203590
1544872
8959710
2073288
1966395
2914193
9945628
6533561
1933192
8104565
7621554
6501910
1797875
4695243
3652805
4724886
3810276
8248080
1004281
8572108
7069033
8428260
5074308
2879064
3026196
3806145
8879901
3878256
8157695
3579352
2492947
8071558
5596464
8147594
5897401
9716375
7675223
2671488
9660479
1805136
8583540
7490599
7804060
3024796
3455765
8679243
3426151
4703374
1477629
9818703
4278469
4744744
6763041
6534087
1621757
6636038
4331276
5324466
8932648
5038762
1727394
1306135
3033668
7364837
9346049
9002618
2355367
2421534
7133763
2323387
3077136
2818434
2339104
1228748
8143065
8533128
9706929
8250189
2728392
3110943
8965007
1594438
5502213
7568247
6755034
1930368
1632359
8308585
5871701
6729152
1939239
8528196
3756015
1749174
6516469
9376668
6722445
1507434
3314642
4440098
7074456
6875219
7716099
5316144
5111865
7524588
5994893
8892136
2750053
3416046
4018429
6610238
8759369
4126654
3538669
3707384
9974116
7469382
2653686
2688021
7321024
6371552
3983794
8295306
5377227
3084911
8534828
1184423
8584726
8727496
3665063
1084697
6694377
4393678
2365511
5724936
8323200
2208988
7556128
1410848
4210919
6496666
8125914
6390510
4425965
6644659
7706686
6960480
3384520
7718941
5054367
9393583
4887941
9586263
1421543
4349720
4885482
7086641
9779069
9075525
3495978
6290501
6623760
7406475
1660547
5341955
3009475
8815629
9029496
3716778
8207989
4053693
7429222
6174803
6727275
4522818
2110982
8446759
2561501
5848758
9505726
5999729
4795098
1056518
8735203
3174542
4879512
2159229
3150480
8893505
8993308
8858650
9993436
1557155
1364866
3302365
9587514
4889016
7409002
2680865
7156786
5855644
3649023
5958499
6053176
1096796
5023973
8520160
1375142
4671969
9640062
5206557
9498459
5086918
8765594
2907520
3253231
3716299
2545529
9231324
6656018
2170019
2332029
4955146
5928768
7089832
6921585
4350450
1521571
6159471
2769072
9140649
3763717
1375733
9822835
2251828
9745327
9503544
2137467
4601899
2564643
9605986
1152471
7896825
4045683
9412192
2687698
3804544
6502717
6255634
1980221
9642009
9546691
9480475
9733013
6224889
8764779
4670423
2680272
8826863
7522192
1591212
7025673
6451274
6113922
7249785
8552837
8358305
7229292
9889121
7010823
1134673
7205104
2685530
2947887
3470746
4099971
6705273
5588714
1853407
7821093
4340761
7700441
7461689
9733100
3183382
5595531
2266544
9863861
7601556
4299767
6141333
8281909
1817705
5580134
4058495
6548845
2434152
1802350
2571232
6575676
6344139
2684376
9172867
9585742
1053308
5909283
3238756
5125042
5464448
2229858
1771179
8543242
9634560
3300800
1445447
6468507
3300470
4792932
4387300
9803717
1812208
4182511
6673224
4680652
6401924
9271906
3855887
4975508
1306257
8080029
6572033
4868267
2090285
2865282
6439373
1221441
4840304
6652152
8615717
7391923
8556892
3314188
1946165
6169860
5973672
9703217
4931713
2217900
8903912
1685672
6287130
9686987
3244186
7733051
6851068
8170358
2899919
5295075
7432711
9476402
1401011
1398985
9912984
9633663
8796987
8066345
3541444
6007371
3731883
8905043
2096432
2386568
4584258
2936076
3732688
4596695
3506306
6518289
5517050
3738275
6869855
9920059
9808038
2974603
8579012
7594302
5634373
1126135
5710140
8414411
4081978
7610316
1685892
9096022
1536057
9811898
7025578
9941938
8337211
4032306
1380705
9299671
1892059
9913333
4938469
8670342
2446608
5959368
4250949
5989827
1807751
5317380
9460050
9816385
1467357
6137609
5853794
8813468
7188470
1798995
2931841
7445696
1536829
8766629
9366261
6037671
1782200
9524001
3770861
1997311
2794118
8348921
6962309
8668457
3284536
9240768
4686840
9210270
8810954
8159066
9993123
3579308
8827261
8439314
6416690
9039326
1842130
8821642
1987049
2722426
6823844
3642829
7503121
6748964
6063459
2335617
5517437
1877856
5955945
3103800
9802872
3302709
1527482
4386149
7168589
1237549
8655133
4430763
8852913
6020728
1389777
4367633
8699217
6979376
9274990
5454482
2048500
4013239
2119002
8942609
9737229
7009660
6094948
3081194
1572896
2607773
9864128
4729060
2392142
2099174
4775839
6488642
4223615
6947192
8022635
3229049
6021226
6620677
4634588
7494779
7154948
5591608
3719354
3580914
3640131
1585649
1731183
7773704
6598925
6111598
7387912
8200675
4581058
1587845
1037486
8463074
3145101
6532073
7738258
8406813
5194077
6674544
9907077
9791286
9980908
4857323
8736953
9959507
3355672
2058186
4282484
3591075
1739074
1715032
2249599
8221292
7208278
4131412
2484920
8121904
9656744
7748464
2107203
3318907
1522170
3016485
9101149
7086668
3092570
6365553
6324112
2254237
3982504
7592302
4507203
7524881
8744246
5574992
1914665
2009722
5496520
6591483
6811930
6161988
1474426
9971647
9147646
6751425
6692737
7801585
4814181
5090705
9079305
8061991
1299188
7821997
2983230
9840527
2875515
6021520
3645351
5053933
3679202
5244100
5947119
2700224
7494533
8038264
4303598
8154638
8450963
4329849
4062851
5070512
5342169
9567940
1823236
2063475
7335925
3035094
7278938
6401685
1514340
4436982
7450880
7432061
3990283
9580790
1842714
8347211
2654436
7137687
6935471
1787338
6253507
2962060
7418437
6444674
1506692
6231063
4730968
8764906
9726036
7310480
4015734
5970043
1139608
1967749
5165498
6212384
3192637
2282618
3046371
7029642
3303389
9125713
9188880
5458079
1081099
5271173
7907674
6633426
7333755
8706000
3594446
1320526
5290961
7567981
7972933
1311244
2360580
1656376
9407458
4269892
6848751
5957873
4451368
9739903
9904052
1077215
9168374
7857291
5706701
2150865
3699935
9394120
9208816
2917503
7044330
6803232
3052254
5678224
7782307
8168980
8141385
3001525
6317404
6288113
2350176
5595570
8187460
2971937
8032184
6595261
2634081
6095069
6860120
8906239
3823917
2310784
8919969
3756535
8202315
8781495
5162520
5007870
8480612
3812373
5395730
3772389
4694242
4027843
5374011
1987898
1884745
1656789
9673282
3628906
3666733
2735927
9811941
2753600
5814100
3888070
8978580
5902859
1383592
7475451
1657029
1111774
2709720
5947202
6002771
3313649
2621965
1322601
1541843
9206533
8777907
4655542
8748133
9624013
1418381
5273748
1674664
9011167
4687064
8504795
9863251
4266197
4779365
1135827
6839418
6707785
6037055
7271693
2250951
2356108
6780641
4510056
4631795
8147199
1576264
8494207
6670322
4861649
7905635
5737330
9706412
1118549
9778088
2769423
8978405
5385407
2481216
1031262
9899645
7616891
4440034
1599046
8445971
1187433
2810365
2485471
9123653
4283449
4739919
6015893
9531923
3263904
1063699
7535541
8462882
1781684
5979671
5744663
1935772
1257450
9071915
5930345
5749940
9609897
9214198
8895700
2552455
7052746
8400290
1190412
7191518
1322351
1606455
1851129
1691792
4679229
5914438
8290877
2649349
2662775
9593019
2431522
2943957
4054520
1928470
4602081
1081742
2648205
6198323
5961937
1318996
3279213
8007109
1416939
5154531
8869205
5100385
6337462
7495985
3488324
5462134
1723283
6315503
1829840
1907995
8673447
9223597
6334244
8396161
5293344
8121949
2572503
7500488
8738598
1590447
4879401
8267885
5347872
3528732
9661084
7316512
4710432
3219711
5972781
9015987
3983596
1208157
6309486
2963183
3072490
7267973
4740609
7313985
9823271
4457811
2835410
2167812
6436686
4147570
6769460
8814845
6903025
7030444
2745463
3869975
6375111
6648006
1738972
5796006
7612335
7388662
4393313
1998840
4919615
3746750
6078139
4927394
6239877
3172102
3487202
1277860
7162473
6768020
6738310
6389051
9951022
7828010
3855044
3656279
8659900
6117986
7124488
8725670
7364812
7743823
7755752
3894976
9163940
3592487
3662374
4238060
3404015
8289915
4181773
1805114
9983925
2350368
4396991
8702080
7138737
5361407
3747673
4389887
8844561
1391241
2817348
4543845
2504074
3524295
2507675
8024428
3247253
5338511
7611188
7677152
4341385
6771283
4600654
4079997
7911958
9821011
9065301
5309238
6018907
2676850
2031636
6674002
4899173
9651943
7508855
9456305
1700101
7773450
3560188
8030509
2291021
1893902
5970230
1015580
7481767
4495374
6442046
9080177
1658833
4238080
9471670
4125250
8787512
8889350
1667259
4895972
9943344
9596259
7124007
8235890
3495630
8937162
2944575
1573613
9287395
9576402
3333376
1906365
4663445
3784455
2768897
2053078
6822619
5887642
2353093
5400374
7983508
4975352
1560671
4421962
7250501
5546871
6622914
2526320
9258542
1426413
3568548
1761368
7346759
6475803
4827983
7179011
1772892
6733127
4447492
6337389
4387074
3840935
6976332
5884104
3253301
4704697
6892060
2369118
4254927
9572976
4597988
3686999
4634663
3139912
9272244
4357595
5753796
5170362
4744395
4307855
5684733
4043212
8582654
3478396
6948270
3513472
4762498
2157646
6571481
7887148
4257366
2587512
5346518
7425834
4242831
2349748
1416440
6415141
5811713
4919592
2375294
5597972
4510471
9350437
6028467
1390659
5580144
7858504
1355043
5069773
7093830
6436547
6126010
5353446
8927868
7943414
3949690
9139157
9817587
9473143
6497624
1122430
5641641
3821489
4707572
6500573
5233087
4393960
3203700
4689871
7536549
5150170
5590780
1979402
5585316
8104257
7897931
7080750
1793863
3632374
9957173
8185587
8256487
3642607
1892729
3226881
2092562
1953321
4345150
4262430
4524247
6159713
1075183
2437953
6461745
3193723
7328495
7492806
7553358
2054470
3872379
4915323
2406970
8649623
5774299
5856983
5954925
5386705
7349125
1040074
5663661
7049095
1522702
5054768
5896929
3362296
4356045
3582175
9641716
6562361
8857743
9890847
2955874
8072304
7840944
9957689
7837794
5635772
7618652
5525736
3073200
2369010
5098210
8392172
6033206
8693187
1952690
1280382
2872022
3551225
8766835
3602206
7170839
2505248
9697539
5052808
1731753
1722241
5706060
3894917
6529302
5214794
6556287
8808541
9838664
4517129
1721584
2250602
9594545
5318743
7016142
9965703
6650715
2726481
3875197
5968616
4839116
8949058
8545810
6862019
3592341
5856093
9650794
6332780
9421111
7289061
3483240
9682303
1668275
5438191
4203337
7613622
3436333
2362559
3959461
7285851
6031036
6552208
9539140
1870167
3393936
2036144
7809946
7338152
5502208
2650631
7910561
2256305
4240944
8442680
7094737
8913579
7307932
2609439
4706047
3521273
4030083
6432955
3255503
1100826
9098802
6592037
3443607
2905400
9098411
9440574
8983570
9914653
4440947
1895976
6863550
5168453
2419957
3699946
7270419
9484622
1409046
4136695
1936479
9210380
4882710
5814984
1991939
1448313
5996831
7597030
7831172
7628937
9611822
6386692
3831118
2629916
1328155
1774216
4828428
1276877
1658950
1712554
6214172
8474728
6697760
4375093
6411955
5878776
6462675
2371563
6509837
4342845
6765135
3035014
2386126
1808508
4735474
3387480
5635130
2216113
5257940
2698132
1942414
5598240
7792236
4259877
5750329
6568777
3222178
7849660
8205626
6910330
3462833
3990823
3603095
3311358
3680248
2111133
8278711
5071027
5103646
7987798
2782109
9131386
9847136
3020311
7437441
1995911
6442553
7874123
8197581
8120728
5709420
2816845
8081201
3602114
2940017
8950467
2254819
4923686
3924090
2409252
8395574
5522243
5973856
8292057
7489302
5842085
5479023
2632001
6293918
6163004
9522507
9490895
7898070
6190087
5859901
8509838
4486604
6892911
6241182
1514501
8723981
8506224
7176094
9452470
4873920
7171058
5709809
6809920
2899360
9925750
4406296
5263076
1018068
6420716
3616264
2367012
2947053
6640097
6084280
7238599
3729019
9533333
2601164
7718970
8178060
3577898
8884505
1781649
4054658
6588601
1064724
3788395
9326416
8570879
3538460
7519922
2856849
1309109
4466465
4645313
3440837
4078845
2442863
4331745
1910696
5503544
6543835
8617132
7170481
4934196
2540680
2008787
8901988
1608643
3714583
2700539
2971028
9973671
9921641
5910913
5542073
9327849
4221329
2584351
8418474
5454089
3468827
6489062
3604279
5340495
1423412
3192683
9230117
6414144
5482868
1481407
6527686
8487852
2176463
1852438
3440181
9881636
9860243
2631432
5972972
3454218
9622942
9676726
8612802
5236224
1903008
5069893
7834691
3702658
5285833
8433286
5271469
2999760
5116495
8610550
2205445
1326916
5727517
5188960
2495765
5274818
7944411
7240481
5962946
3629452
1402646
8018052
8740685
2708469
9886029
5786571
9410598
8937005
2664855
4076623
8212520
8783739
7896180
7449727
8437494
8818634
1986350
3228804
6706928
1839898
4843563
8526021
9544657
6829975
1258066
5653510
1097895
7725575
4991256
7943723
2855472
2124700
4582182
6245659
5090766
4073705
4332073
7708480
7165095
3908465
2117365
3638570
5100252
2730524
2597590
2258451
8361636
2400387
9918581
4979837
4758340
4376682
8844388
7997496
2479277
2531661
1306822
7350016
9141170
4721299
9533918
5790722
2918948
6485727
2861938
6389951
6197580
1333702
2904923
2131337
8610180
8410715
7628076
1582699
5233586
4163237
3666173
8144614
2022946
5355698
2640339
9050005
4691199
4797317
4848365
4922994
5755502
6879850
5553966
9039729
3090632
3253354
1942306
5880778
9451825
8630875
1095598
6242836
9634329
6481295
7601433
7744845
5093647
3451564
4108401
2896694
2298109
7788956
9796059
9795227
8475460
2376730
3691899
5912945
4737589
2987373
6739068
7602199
2403752
7977394
6794300
5267903
3812093
2091473
6302935
4580454
8373485
3981202
8723663
9912511
9243660
9148680
3375573
8221742
6289437
7221099
1986358
9123759
2152401
5304452
8080869
3541079
2009246
1418241
6898465
2943411
1156344
6280680
4544130
2608461
8773743
2979880
5155558
5072396
3402789
1895756
7420402
5867515
2789930
1239497
2192007
1396642
1482806
2056118
6726787
5435152
6740162
6909851
1953201
3329211
4130435
3941089
4182478
2423806
7279492
1212841
4729273
9240704
7295199
1402041
3668534
8107061
6598231
3449554
9485214
5127358
3691861
9113565
2526951
6105644
7569214
7109955
6363404
5607842
6576237
8687900
5624665
1280536
2037586
9033919
3651349
9987516
2975910
2345400
6758667
3466547
2669066
9630551
7775287
6906108
8691067
5501221
4786058
3714422
5245492
3923570
2065882
2907192
5432993
9279242
6507370
3697438
8930043
9798470
1918545
4756772
8093700
7348734
6707977
7458538
2840737
6812636
3823446
6695127
2346575
8667980
5727952
3275546
1116931
3271631
2414351
5869004
5721378
7928815
6457779
9221809
4869658
5601933
4695437
7736542
7068763
1745878
7897390
9651828
9621878
4388180
5750026
3220234
2819408
6931040
5885447
2575017
8950210
1504118
9853672
7123888
4786961
9373601
7309649
5943448
9925317
5674773
2111286
5716050
9999208
7055908
1892685
7913309
1282470
7128428
9729747
1867034
8172741
3560935
8644243
7471043
2093746
5476651
6119737
6595684
5709831
4341705
5234681
2736459
3375120
6770175
4381996
1885568
1357755
4253953
7283537
7287458
7758572
3709215
1552692
9646496
6676461
4800211
3722667
5893456
5284675
3202345
4427005
1498223
5059228
4944651
4376734
8198198
8260068
6754472
1548566
8457749
2554166
8265089
7673919
8656975
5628783
9254224
2229997
4318705
1784415
2010772
2718504
7892208
3656345
5584765
8384084
2631198
8833450
9616113
4175026
9056137
9751398
9423289
9058367
3566384
6936349
9527628
9528954
1405603
3788781
4322613
4862147
9546742
2976881
9013347
5714271
8578401
8835864
8463309
4991768
1627831
2681168
7088576
3147329
4765569
1940832
3212742
9430232
4466167
5782357
6138101
5911492
7863450
6324948
2236497
4988093
3999409
3153807
7979231
3427338
2482909
4858259
9878535
5649638
8640923
9953725
5648356
7091580
3769302
6520076
4991788
2934994
4916263
4222866
7221175
7950338
5672746
3889413
5529262
5091362
9651838
9025586
6018449
6965893
8283800
7331857
3272612
2015771
3458437
2291891
3897655
1788787
5231802
7522328
8040913
9965025
8752537
9999005
8745208
7007675
5534339
2116114
3998304
6346621
2115860
4870762
1338990
7906956
5240767
6786379
8737063
5814808
8186311
6282438
6381242
8462170
5947288
5211232
4246118
9726973
5024640
5267087
2321993
3346073
3631181
8635201
2338183
6879706
6342851
9690517
3603027
5352063
9682618
3532717
7601565
6594175
2369298
2134747
3766488
5866118
8608916
9971384
6523750
1997660
1113575
2117331
3549027
9258855
1620652
1484487
5796811
9053511
5068726
7448038
2243273
2835167
5615529
2073361
2637533
3588915
1184622
8385577
4279208
5335469
2153808
2833696
3893847
4300282
3949622
2223785
9354922
1649489
7963261
9088462
5107744
2954452
1524658
8080992
7980161
1105231
7580073
7583112
1597895
9628509
6750652
6948860
2470762
6446057
4895716
3898126
7115911
1290578
3326381
7320926
5992684
4440552
8798553
5229680
3706499
3601172
3615507
2352152
5677720
2870868
6370062
8695698
3115400
4822499
6466106
8446088
9789366
8107299
4537960
3276303
6802019
8702054
8612694
7980897
8733597
4276624
8233402
8220537
9938138
3187796
3420087
8383315
7849877
1382057
8318625
1574931
3485679
9249086
2737645
8742933
3922993
4624091
9846535
3998418
4048620
7046677
8562435
5902955
7699713
1177966
5173739
8632342
7287933
6920647
6460022
6588770
4893724
6435458
4149530
2171432
9962031
2175096
4582712
4074896
2543895
4970900
6735158
8775741
6120113
6315018
9549931
5284694
5364172
9944888
5064435
3118898
7878933
6287831
8971553
9119519
3025748
7626077
9066900
6318735
9602255
6298291
9925346
7134944
7950668
1360398
4680562
2486151
1381492
2074732
3099622
3643352
7457939
5699629
3852469
4243188
3417148
7471308
7354646
5055375
4570442
1491704
3001752
4989148
8299201
1623379
4688463
9999384
1208658
5820806
7557800
6073712
6165373
3877375
1591326
1445776
1891281
2668168
6913029
2333961
6205135
2934405
1484420
7888542
8792877
1567754
8540192
4525100
8008822
2295702
7023987
8696755
6107662
6471665
7328443
1531973
3043668
6371869
6981198
3626825
2129184
8211899
2042603
2060652
1646635
8740862
9162221
1874470
5743054
8581956
2175449
4206564
3254563
1624214
8110678
2027607
7384776
4230973
6909436
7036377
4947202
9418559
8724804
8546487
8016317
2419445
4206880
8626527
6636209
2661898
2096932
3621415
1029153
9093074
5803105
8310840
8391165
5081604
9934803
4582933
2017512
4755542
7299312
2771084
7538388
2401524
1167584
3642871
8744584
8175644
9113804
3417327
8841859
8385752
6340495
5154383
9783547
4037465
7225418
9674656
9918206
5330157
9320916
5601766
9137466
2234013
2018190
4625606
1703448
9003430
8992212
8437074
6613634
8339538
1562575
8457843
8205893
3835825
8806695
1485874
1124114
6371129
6170262
8640547
4175967
2895352
6388632
3152238
3260587
6305713
5303614
3289275
5543326
6370523
2777314
9376313
9127886
8959282
8509429
8163340
8729502
3952439
1927988
1544785
3086657
4828427
9573817
4975694
5214620
9541092
1803374
4297595
7317450
5370793
7319644
8353447
5124601
9182576
6954146
3284425
7620273
4152081
6441728
8781220
4573493
8839527
9772243
4021205
1150466
6350563
9504795
1485884
3065012
8265612
4842104
1021829
8958664
3633367
3355252
2816850
1610300
6268126
8860281
1706823
6357843
5472640
3439715
2256753
2068021
5491094
7150960
8955539
5423474
7326925
2736212
6441103
5558119
2763813
2427754
3939950
3243833
2026629
8201924
7806156
6092863
5611256
5285411
8367715
3296444
9082952
5497218
6721970
8455305
4484277
7294733
7726473
9113553
2681426
4383407
6365812
6509046
2012733
7533769
6709890
9209234
9354489
9428798
6913968
6034648
7020330
8054251
7875575
1837464
7497580
3865844
1178799
3464865
5285136
5927034
5971358
4331136
8413416
4330978
1853095
6084221
6982573
1426166
6164714
4246771
7016772
3373284
9685410
3429882
8554606
1456968
1063028
9204905
6385089
9238140
1257644
1185801
9003162
4969957
2183875
1580460
5628143
9310297
5312895
2529255
9850047
6906604
6377849
5878381
3118570
4630614
7653882
6751625
1234973
6588290
6579135
2584503
7084005
6149365
9782428
6991712
9387813
6497945
7355901
1526705
2123107
9362406
1152967
7457047
9937916
3193900
5815388
4036313
9500472
1959295
1767742
5706321
7439288
2275775
1829771
8260744
5237644
6038658
6354406
6451885
8833633
3573024
4099959
4257650
9837591
1572316
4579016
8644036
9028721
9265450
1879952
8632612
9689574
4072673
5114957
1507879
7650580
5824383
3832714
3556038
2376916
2890963
4396672
1464163
5864744
5712267
8419545
9026009
3923025
6415706
2933647
8444926
6482558
7166854
1036019
6791608
3913758
4398411
8824842
8274745
3531798
4511535
8703762
9045848
8118862
1233443
9930594
8286029
5100582
2423379
5930671
4549449
3930567
7807115
3210347
1239472
5738836
1627397
3522439
9943156
5035966
7680915
9144281
6043535
5999991
8705445
9211226
9032604
5554814
2011256
6116230
9365715
5071577
5594460
1358758
1734303
4739681
7438752
3677482
2426526
6613559
6151259
1157615
3381236
4433556
4059290
4523041
3816908
9401983
3550881
5759482
5145197
2301399
8773536
2576553
8793652
2377872
7532852
9616653
8438452
1527739
4145110
1856032
8342055
9757501
9730020
3294577
2486991
9097121
9043338
4134345
8506989
2884042
5745293
1379312
6762973
2340481
2206772
9833160
5194828
7316653
9182867
4158742
9891736
9112544
8832885
3210593
5080066
5130509
4898597
3441779
5330834
5422360
1487577
4810364
8425928
2173446
8276284
2665366
8912954
9140692
4152342
2165348
3952079
2942051
5316378
3960147
9690134
3056912
4259469
3557058
2408260
1991586
8023246
2132926
8694088
1439709
7724102
5806566
9990541
1961715
1125676
8037358
6596235
9129434
5354421
2167550
2507850
9638457
9211799
8901434
5582453
7674875
2245945
9813149
9263511
3054342
8196409
4246910
4986100
6791430
7961945
7364917
7403782
8759779
7777927
3367959
8518995
1258065
7069767
3201500
6572647
4172101
4569279
5741090
8930164
4665605
5661982
8324746
7104322
9257560
1418282
8546432
7405076
2846749
8540518
9973337
7899225
8073208
1283740
1237205
9907532
8076391
5696908
3304515
4093673
5341362
5342385
5240452
8551115
4145025
1888940
1992999
2028903
9064711
8140752
2856948
4301087
5243676
9971721
1562309
1914692
8726505
4705833
3396237
7019307
9641405
1435665
6719100
8478122
4203580
3243064
3403259
5389424
7019382
3815387
1010706
3076414
8456470
7496769
3048042
1903302
5912945
5225706
5096940
1206494
9345534
5458771
5791623
1252001
5624357
9832361
7994897
9751778
3828464
3708040
8517829
8935374
9799966
3952494
7429291
3150301
3766742
6334209
9994709
2737077
6059897
1717177
5768197
4667291
4575824
3210987
5703212
1885654
1378724
9090803
8208397
7410850
1234925
9434942
2860992
2741838
4295074
4292273
8861267
8817011
4782767
7454202
9373643
5238609
8130949
2584817
1083080
8809223
2284235
9095338
4718790
9604910
5522098
9357978
5078272
4882771
9270374
3661346
5854447
7836816
6234144
5268861
8136559
9710022
3992152
8264579
6959363
3340857
1348504
5545943
9156207
9251208
4671148
6876852
9473091
2046087
6989494
7527118
2521528
4887611
2074718
7622376
3513971
6422193
5770918
1441394
3176934
2833083
5313115
1373532
3372758
6899592
6889575
8242491
3108279
3046559
3052740
9622998
3644019
5547640
6155467
7816079
5117513
2382711
1814122
4414633
4645906
3974726
6986420
6151930
7228576
2093389
6818195
6121070
4733695
3360337
5484376
5521269
7958877
9584934
3601971
6077130
4363654
1842450
4581950
4949281
5782087
8611264
7807859
8914157
8598900
4263838
3450110
4467915
3924294
6480084
7257582
4132238
9162780
2395360
1381509
8092904
8562594
8147602
4436974
1669745
9874511
9041441
4143694
5854295
7918280
8367017
1129203
8686499
5479074
7472514
5456105
1302819
9845317
8769726
8800299
8175738
9833708
1233918
2464183
6744704
2864776
1653105
4529658
9386647
9190404
7763691
5706603
7479179
7638180
7044126
8558452
5836453
9714310
2722999
4155978
8162957
4011787
7376471
1157406
8346009
7754767
5447276
2812267
7350390
8838035
4734380
8078832
2905777
7876604
3799278
1022648
9768099
2715444
9062117
1671316
4494071
9995695
4024633
8654699
8226393
1560392
4762307
1810984
7728829
6962249
2576677
3547537
1148745
1440202
5248260
9892984
1928673
1263984
6194148
9810570
6423629
8076439
4109470
6067268
1840072
1735050
9748160
2884614
1643367
9556975
5569985
3053568
8492259
8935360
1806111
3617097
9093446
9309236
7919639
3087118
7094574
8965948
5541377
1518695
3817601
9385065
5256325
8882565
3821166
2780266
3843198
4472520
4245979
6672243
6312361
9559213
1840433
8301178
6578057
7267620
7862208
9768795
8989851
9337600
1387151
2292764
6235313
6453832
1730500
7074698
4622638
5705322
2920044
5734146
1335773
4405711
3653736
8827468
1661294
4455946
8194933
6321953
8169613
8106794
9582166
4716941
5900448
9162094
5446304
9943535
2690398
2264408
9777698
5042206
5808199
3737882
3494894
9867430
4217347
4010285
5976392
1078512
7479771
6637185
9883243
9147455
5979726
6955151
2122034
7060118
8175505
9441034
2661802
5124024
2032999
6417523
4426225
1660167
3192664
9932300
6471818
4739598
7612177
3992100
4409537
2990362
5634519
7075345
5751861
9379139
5147049
2350716
3114567
1977288
9943410
2953238
9919390
1968216
6344360
5234281
1920724
8961517
8803524
3761801
7382976
2008019
7891806
5585961
3084384
6205767
7345636
6426889
8135395
9214778
8568119
4568461
8354129
4358581
7446434
2551786
8120024
5624662
6017783
2639865
1025588
9203320
9879240
1432366
9124537
4423985
7054399
2141346
9177088
1414325
9571035
6889996
3562540
8211991
2749191
7681806
8016432
2142680
7011819
4045471
1303960
5628835
9689751
9377799
2217041
9175865
9183527
2476682
9030852
4897985
4323240
3200067
6435811
6784816
9455243
7837170
6302701
3026727
3068221
1295340
5936784
8694632
2761621
4812578
2069480
2788470
6851687
5324683
4386981
5917321
4972278
7875377
6786828
5242219
5297286
3729301
2368276
8541618
4152526
6083200
1862256
3771994
9504524
5582760
3428012
9431807
2348787
1377979
1425265
4590131
4875520
1296587
1589155
9287170
5932715
4549973
5246633
6276480
1870008
8288623
7144460
5444362
3944940
7090574
8527480
7791778
9198429
5749937
7220705
5321121
3234979
5087150
6341439
3363096
3007210
2891543
9513849
3510215
3792617
4647497
7727904
4273977
1725741
4327312
5380626
5758714
6781647
4101306
7730239
4770999
8663172
6129143
4680392
4645360
6185043
4881385
7057027
5989148
1710881
7908622
3295195
3155993
6598312
4570759
8521941
5320845
7182406
6734853
3405037
6761695
8931250
3316495
6205598
9949132
6876041
7143602
7212865
2916582
2819911
2486597
5308493
5596079
9869137
6949271
3628093
8294350
8606318
3017272
4509519
7391660
1457622
7363489
9993006
4806499
3534656
9943125
9194383
9884516
5138596
2863916
5082137
7195473
8325186
4399889
5448511
4427160
3665762
5644180
3277338
3696598
2362089
8580664
7588734
2115617
9224387
6123087
4792697
4688450
4004716
4064384
6721383
1472576
2915740
3682603
5575221
7546583
5140493
7037667
1031664
9807560
3485994
2405146
6211465
2796746
2106006
8911258
6212839
6319390
1672213
1124911
4430697
3344064
8576475
2165155
8080823
3817273
8567279
1323041
6722179
3575633
3101244
6415163
2276514
6587746
1391924
2005191
2339585
6145288
8692641
9033508
2150213
7825845
3768778
1036634
9261891
3865377
1468030
9808736
3194009
6382814
5563776
9347767
8778919
2588361
4918863
2985523
8152302
4593437
7322640
1347289
8336387
2173473
7796570
4039076
5176943
8614722
2581982
1607202
5593638
7323195
5944177
4830460
1952034
7695280
3800376
2512978
1833372
8425243
2786735
5547716
4169191
1249053
5070997
8291406
7746345
9031670
5611000
9983819
6799542
6688464
8929048
4155738
2797642
3822518
8888251
5813022
6218531
1774946
7376781
8026079
6065977
3124531
7240049
1985742
2524507
8471613
4773160
3530021
5163752
1750650
6306332
4915821
1698086
4637407
5129994
2411673
9299010
5563018
3278667
9166608
2080677
7176151
6946877
1265608
2417646
2068242
8704338
3044878
6012498
7924358
3206709
7411298
5605006
3797108
6304660
7223230
3252740
5576736
1646862
2111799
2571769
1337733
3329211
1421565
6719850
4051560
4897554
1689597
6614278
1879370
3765435
8594661
6921293
4519606
8919090
7891207
3192707
7909563
9920532
1851223
2733520
8575860
5999882
9637583
8316855
8102595
1030159
9018929
3701553
5098268
6495519
5742380
4680038
6094461
1452542
4580248
2178695
2399739
1607714
1245276
6929738
3733112
5523709
3836143
2282691
8915185
9061483
8405179
9146460
6143796
9909877
6786845
8702001
5683439
1539520
6724105
6466058
5224098
2261973
6193803
2057974
2868022
9685582
1337256
5381824
4112488
3691993
9486051
7707409
7509086
7280172
9677723
5476706
9222618
2135557
2330770
7925083
6122700
6458781
6771848
7163405
6386369
5334121
1500550
6575049
2158714
6340939
7242998
6200923
5653144
6199516
1033775
3261606
7708338
1012558
8345167
1875229
5886537
5685314
7372546
4437659
9112531
2237477
3585055
9338272
3809203
9574343
2119345
8278633
1432522
3319098
2851090
8662635
8408999
4653155
7060979
2855275
7796314
7247840
6837625
8943549
9445030
3310486
1580610
2728215
4842836
3054357
6787589
2768209
6304932
6266666
5204696
9966331
9050015
6375938
7457802
4130331
2344456
6628854
9516976
8131457
2217072
3734263
4478077
1951689
3799785
7425175
1890507
1877485
8800850
7907954
2246518
4349828
9231569
3729527
7704679
6342939
4122208
7130327
7912303
7571118
8800254
4055432
5259273
7670660
2105733
5408822
5941890
6188900
7274908
7355655
6798836
9523575
2004738
1916745
7191534
3780347
8941771
7975867
8238319
7374817
3788136
2608245
2051537
7803269
1889630
3268596
1577539
6915912
2963481
2895238
3719215
1678347
3722074
6579278
5122298
4957385
4576075
8216117
3703657
4711249
5987891
7890157
1149729
9621343
4818052
6942435
1992583
9894678
8313426
4956417
5810630
2875613
1838942
5669341
6251822
3864339
2065169
7395329
6860986
1972912
6391748
2088023
3132970
4450041
7320764
6280881
5773007
6180831
8859123
7264691
9631845
8239797
1752977
7769566
5626202
4019853
3354426
4519097
2366573
6823726
3074880
3205150
2521842
1581619
3641465
8199518
4790897
1482563
7967532
4823122
7165102
2041128
4409829
3333695
1047812
9168462
7567848
3509861
8437675
6076763
6872962
9520548
9445401
4165221
8288251
5451019
5062340
8640276
4045607
5744319
3851844
1633749
2459739
1948933
4821079
9273144
5006461
5309804
9164287
5000616
8659509
6520154
2419014
3204548
6052160
8198129
1117345
7029022
7423907
9627293
5340658
1930575
2913788
7562301
6514344
4572340
2405811
4086891
9791874
3251402
5959696
3921834
6322416
6464162
5001703
8922667
1139674
1564736
2601902
1884860
3143802
2986582
8461039
8460942
4379812
5703512
9668504
3746977
8253030
8620412
1524784
6801102
9832842
4032336
5342820
8670384
7759416
1588855
4961984
3299056
7412088
3259073
3934713
2752876
1301270
1514662
9050406
8763140
1430366
2769567
4060303
7520640
9131399
2374562
2848670
6149665
2570540
6222136
1342834
1841091
9900277
1923068
6446163
9142955
5195284
2578738
6876544
6503027
3797484
5560513
9625123
6275727
5880396
5734286
7718246
4200379
5536600
5814071
7638430
7804611
6860168
8532585
8240165
5246766
4851722
3786271
7174343
2918728
9421763
1350712
5705555
1485131
5637747
3698610
4124817
8954281
8754871
1345545
9509522
4846073
9911015
4827238
7046242
9350907
7554591
3389062
7855002
8244554
5190427
9440360
2088466
6148765
7045884
8105074
3925492
9964729
4484903
2906273
5108845
4613559
3842189
1154219
3717372
2847277
2488837
7044788
8054444
1248380
3060692
8225192
3589599
1949558
9001679
3678523
1559808
4520873
9180248
1594747
3416922
3664141
3512196
1006030
1520711
4234502
9959645
8453390
2515904
4892821
3490883
9391037
7420948
5372769
5313005
5399463
4944628
1430238
8490957
1243283
7056426
7996120
6568658
2534885
5591082
5840030
5433415
6524243
8378561
3247053
3272728
9831746
6579306
5872568
9935413
7627388
3551360
7551281
9377103
5427344
9998221
2890423
6873984
3798919
5866752
9441723
2123847
9437374
6773565
5782545
9558769
3223973
8341519
6131376
3223315
1222547
5458553
3899493
7441395
2761091
5645546
5843099
7413638
1312495
6104910
5198015
2012116
9093767
1956737
2434067
2995640
5697358
4065246
2952529
7204419
3603026
9996470
6532409
1132480
1711238
2083356
2459257
7605203
2001917
9760926
5181945
4096955
4392325
8230414
9256576
8914102
5141854
3947454
8599302
8458244
2003158
5543241
7218390
1737667
9651458
6463118
5936415
9127929
8980186
6614136
6322009
8949233
2257714
1006009
8667663
6469884
1469137
8021589
7522956
9891033
2050928
8053978
3209254
5474991
7662544
5200366
1960674
3094134
8134648
3456257
8942146
2722742
9720458
7403233
7023858
7295144
8307713
8083948
5366923
8483768
5869898
6006431
6804801
1723692
4831611
8022349
9637104
1932574
9487860
9911468
9745086
3697637
4264337
3095882
1955308
5449554
1843209
1809565
9131838
3815638
4137830
6244727
6011077
3533441
6208993
7073816
1116038
5157349
6945689
9451933
6354761
1109017
1342960
9576855
3866367
3754009
3628867
7499127
9453776
6320331
9131843
5588517
2314881
6679261
5270580
8462191
8716671
6959369
3445954
5593054
7181066
6693178
1103099
4262949
2492417
1174025
7842734
5136115
7202054
3124768
4279581
7313000
8545869
6412799
9162913
6518243
6800262
9260509
8475035
1013306
3324389
3363046
8390866
1287235
7928522
3120227
4368686
1607823
3909330
7337848
7546256
1954999
6039034
7618310
1694156
8841550
2583083
9874609
6659844
3972597
8559846
3655739
5686114
5564174
6442700
4253711
2762929
4335369
9227019
2117530
2925785
6590298
4685665
9142036
4703733
2761035
4640590
3257181
4916691
8748333
4909658
2856514
5510791
3900074
3135104
6920158
7755436
9306870
7695094
8551709
3185208
8284196
7265626
1230684
3974331
8708053
6743802
2212396
8027956
3387467
7116096
5335670
9140240
3011931
1819704
1165880
3277056
5213761
2742912
6088045
1111029
1388429
7553547
1711243
1429883
1560956
4770321
2768294
9800047
9417186
5191767
4590002
9455455
9904386
9737878
4943142
1900924
8596480
2343307
7923131
2652862
4352493
4719899
7402515
8226197
8718274
6888288
1809911
6706375
7850024
7922068
2696953
4931435
4199924
7460696
3487480
9611328
8329136
2593506
6239618
7291434
1616532
1413762
1505812
4897099
3939476
8914575
6092156
7172922
7558099
3477426
5526368
1269347
9329141
8900046
1929367
3700923
6528786
7611595
4573749
7608733
7688070
7895230
5131300
8411398
8768933
7435318
9715437
1132138
7618316
7216614
2594838
9591409
4207699
2736810
9070630
2890833
1303966
5197880
9681348
6195912
8651603
2883684
6212990
5796023
3409637
8561935
7091045
6940182
9990031
5463981
1538964
1492184
5056861
2259250
6245714
9557788
5888740
8790105
1740749
7935308
1296530
6835089
7768007
9054742
1891872
6468356
4701901
1705285
8033060
2810052
8657697
7760571
1531778
9074452
3889529
5426445
4275843
4768977
6986144
3742843
8738942
5867004
4677499
3767562
9872050
4916197
8549094
4530624
7238262
8713908
3685117
2180732
1365319
4922071
4549303
5241071
5194753
5161412
1026412
4633275
9990249
1171561
5187831
3605542
1212326
9270392
6484150
3422075
1847888
3612296
8208622
6432765
9780065
6448554
2007372
3317321
7563465
8293897
6665734
6635527
2508061
5882812
3885920
2461260
5595055
4025708
9980875
9018640
6226617
5414493
2129192
7883079
4933810
1206747
2804842
4820510
9604995
6350081
5275480
7059539
1956115
4211049
7372530
1429105
8262014
7331947
5468331
5853799
8748773
7881300
3635989
4994564
6461023
6507365
5295003
5756562
9505422
7607620
2896871
3556428
8328844
1441604
8876900
8319356
8331203
9351564
1847325
8060213
8439132
5008614
8894916
1768362
5065551
5435494
5782671
6550122
7913177
3458421
1579389
3285497
4140428
9238713
8961847
2898956
9375168
6263458
2840081
3382944
7367463
4402708
3774639
5724471
9152510
2226412
6024837
7926384
9081440
3325361
2899766
2729474
6859445
3866969
7482590
8521109
4925575
1858805
6640171
8170941
6682293
7521338
7463462
6291027
9100672
1388268
9877584
5552754
2519234
2757480
1294375
6615563
4518079
5983631
6148360
6062438
7976276
9930123
3463854
8022837
4599820
7121087
4525144
3462806
6502290
4855759
2771529
4897638
9468352
2784456
3426665
6565757
9685461
3737582
8137545
9097289
4011590
3515745
8463428
3400266
6010411
3005931
6657920
8790247
6597978
9748521
7882900
8443820
7103505
3785427
8054660
8780641
4228876
3308585
8998887
5025992
3668407
5484347
7005354
4918130
8919870
9149525
3692589
5234814
6939776
3394182
7039179
7752751
7325921
2118028
3435255
3844457
8574014
8285790
4465345
5594056
3651132
6531606
3977400
3439197
5851514
5473080
5732842
5528070
2880869
8556323
2785991
7930473
7137705
5998802
8784164
6484813
3290564
6889103
7605851
9834069
1174455
9297526
5498319
2219417
2236695
6461922
7260941
1032738
4332480
2581110
7088974
4286402
4278504
2382346
7229081
3826062
2267217
7239279
8783045
8775162
9784472
8400801
9568540
1214991
6302507
7294408
3645851
5625163
4078552
5791083
2355543
8638677
4657536
5768882
8508955
2223850
5037654
7534506
8099146
4914548
4884007
3033802
9272425
2489764
5640441
4975833
1281362
4304092
2593772
1154936
5056079
3717740
9816151
1016394
4678413
2204482
3749713
7608309
2376511
5770684
7197595
2446853
8027410
3969246
9706029
8666031
6957640
6219679
2774683
5578802
2859444
8110110
8091876
3776857
4894353
5158322
6957336
3600926
9835070
8790942
7297827
1693608
8010138
5927011
7031417
1042869
6410616
7308272
2396896
3545171
4988479
8621621
9745877
9236553
4082657
8823637
3191196
9579794
2225334
5036794
8186791
8305993
5577076
4845250
1726306
5951264
5705933
1174359
2515481
8280010
6310245
3927388
6867527
3182841
3312495
3179267
2984508
5901697
4356323
2564347
4948265
4391644
1152350
7714375
4988491
9745223
9629589
5836906
8583346
3310473
1851511
6931262
1442990
8437395
1698399
3735652
3313621
4107395
1448499
3717526
1612338
5261315
7171292
1858585
5883277
1466318
2679970
4657038
9285459
6219923
3915363
9888422
9126370
7700209
2646383
6298869
7954867
1037091
4038083
5343968
1705829
2182261
4018976
6010033
6204194
6850292
6495240
3960201
2587120
7982245
2411989
5260341
8122006
2584363
9875062
1554649
9298280
6414412
8471814
8346504
3323021
1321162
3799286
8431997
7124537
1459015
4411973
1239360
8582273
5816638
5678075
7034726
6860733
7940038
9708117
6967480
8800464
6323908
2582132
3220136
1633322
5242888
8076790
5576313
6815528
6499335
6089440
4585933
9223638
5653041
8588279
2826829
8110420
6022959
6538606
8117679
5638806
2426107
2775545
4448871
5735685
6936347
9433280
2433516
3115523
8417659
7142767
7725157
9820748
7758822
3353898
7060656
8760631
1326433
8128798
8385167
1542236
5455908
9740403
3435248
2306960
5967158
3121373
6053400
9608780
8199076
4349138
6697195
5816044
5731613
5459606
5562522
2427283
5208493
1353457
3921129
5241003
5996372
3570114
1516956
2462602
1309890
5969582
4765949
9180592
2230194
4810737
9512845
6596589
6513760
7004116
4121669
7967712
5987816
3322559
2012615
5108377
7921085
2653158
6176934
2678368
8405954
3372575
1912526
2609231
4548808
6458900
6535378
8935258
6771813
2038932
7329745
1262767
7563565
6637508
2036867
3684280
3950864
3169906
1326245
4455870
9357776
1949258
9073087
1598951
7216349
4422561
6350735
3075360
7867278
6036463
8627028
7187989
8851326
5451226
6848184
1692381
4040641
7995693
1582618
4189875
4469890
4892135
1439416
4454815
9358586
7231216
4154038
2047604
7862671
4017766
9899085
3339762
3067030
2150091
2803495
8983047
6558178
5516291
4268780
8452720
6186920
6924592
6168485
3710409
9086475
2641569
7335723
7073598
7629942
7899675
7439294
7883648
8067589
9487551
3934462
3276982
1662793
7680519
1148867
8869970
8004408
7000815
6988057
8746430
4077684
9733424
5637147
7252340
3549558
8118567
1306859
9913261
9861655
9141845
9124939
7508849
3360251
2027520
7206683
3577677
1818202
2770678
6011759
9495843
3062252
5222897
8049228
9487003
2392689
8271574
8000255
2940663
3144794
5760664
5995099
4410501
5436247
2916153
8603341
3330989
4040446
2490289
9259229
9782762
7203541
3722855
7440963
8158358
9040444
3319324
3666084
3317469
3433914
9013415
2357416
6552212
3180642
4587803
1102649
3514658
5560353
5809860
9584217
2318428
4174096
3292384
4277423
4828144
6603275
6180561
5666998
3593518
6012483
5777432
5044012
9268181
3031115
1651619
3749115
6219394
9551770
7073690
2417203
1834697
9883539
6158844
8965206
1592282
8193055
6294103
8935312
5755982
1700406
7075108
4810948
6680404
4971581
6407165
6200833
9832498
2769482
8821755
8524435
4141306
5339843
1553456
5815734
2553996
9947812
9770238
3252966
3768194
8782302
4359314
8492625
4986428
1426013
7133057
9844718
6435207
7569634
2204157
4900135
2013164
4806032
7160819
1454962
6948179
4178690
5806661
1684030
7817107
9651097
7571551
5552776
1916695
9644627
7960824
4643276
3150702
6000854
8076967
7039001
2207982
5439181
1782943
1519805
1550150
2099305
4084745
4545504
6592351
6273865
4894460
4401005
1180591
7935476
2257884
3629547
1399642
6350467
9238348
5006122
8693508
7721628
1922129
2493144
1990839
6247449
6986820
5656819
1805870
4647558
1290547
3921881
4751484
6910217
6195990
3490555
7998940
2668573
9258409
5304176
6488406
4675511
8980395
3371941
5991562
2454217
9751793
6383731
2393308
6695268
5834727
1391241
1252796
5872632
9551460
8403528
6316944
5187447
9459305
2018798
1363969
4550936
9701623
8753257
4994975
5957304
4937930
2825229
9735474
4364378
9090933
6233377
6106846
9647375
1771099
8819860
2919025
7178033
5815047
8851085
4424013
1182729
1782889
1485920
6660461
9632912
6685742
2537244
4185237
5728403
2793594
6206145
6992666
5624111
5689285
1094991
9845899
5149500
3201359
7957689
4821307
2375815
1942913
9291065
1092844
5257975
2735074
4726461
7564890
7421968
9381234
4911359
6110689
8541206
5725863
1232370
5597387
4723849
8409601
5322136
5798266
2575311
1517580
5516336
2330671
4519280
8944434
7788301
6199028
4762171
9548794
5324802
1608748
3609157
7550561
4835898
5978229
1529233
9680339
3593892
5645559
3397451
5566022
2390027
1770892
1272047
3892276
1500867
7141644
3104007
9567795
8829503
4290099
3190417
2637042
7539072
9906481
9852094
4782034
6735528
5586639
8374551
3381534
2364589
6631609
7780923
6652585
3445160
8623148
4262659
1194755
3277901
3668349
4764806
2793239
7021238
2003779
8586040
9826980
5412376
7747362
1833517
8516566
6990934
6735029
7336060
8910016
7753652
9929623
9452350
4291001
7479716
5871566
9096886
7494864
3049724
8718677
6743754
6174125
1933257
2616261
8217968
4284549
6817597
9949407
5435812
9949625
9497731
8957944
7840341
6817292
7060531
2382657
5558560
1728127
4272161
5698290
9102515
5477707
7575632
9032659
8251988
6605691
2643972
8267111
1070842
1265187
7396981
3013237
6630361
9134720
2600032
9538804
9941947
3822062
4650807
3257106
8597066
8728320
9702392
8927841
8283114
5985599
4054683
7830047
4135747
1048578
7513060
3325344
5326172
6371751
7692697
6189466
6813859
7949611
5456078
5818061
7475593
4727275
6930268
7698957
7910154
7178744
1130608
3121773
2047882
4093585
5342399
1666122
1467035
3772095
9575831
8380337
1913115
9175698
2593105
4276718
4458362
2678131
8322787
7326002
2296474
9378022
9653586
7616992
7883343
4349791
7780036
5986548
6258118
9897917
3283123
2501008
7969601
9731751
3404926
1717925
9079808
4868994
1698201
7814970
3339324
3332364
1681957
5179036
1745100
5792920
1775515
9289314
8422507
9197222
1092001
5111580
1434961
6711390
5262591
8467736
1129789
5541609
4265579
1339280
8623892
3956973
4042240
8540723
7317859
5361059
3213517
4314062
4278273
3277142
9293770
9079895
9777872
3048057
7827814
3656982
5961250
1568806
7282236
6242097
9095095
8504239
7592931
3761490
5910244
9661475
7423332
4374903
4459856
4158751
9841095
9084885
1513433
7158477
9959366
9383722
9767060
1664126
2530147
7661918
8414577
4431968
2003221
6315733
1098364
4723932
2995869
7083348
4050175
3795918
7005240
2744077
1087173
9315490
6131117
4691912
7479801
8533000
3108230
8886384
2938925
1531859
7488027
4712632
5290168
2631859
3724361
7539688
8237879
9459277
8723394
6596488
7239091
2315316
8393855
7513127
7034275
6875911
6748816
8265928
8962760
4872743
5013139
7774250
4481910
5740306
7350403
2670259
7914867
9975393
7260904
3718712
8833464
4805018
6776940
4350443
5250644
1429555
9139342
9475746
2507056
1020580
3472960
2187373
2312359
2604490
5440962
3238186
2563279
9463169
1292904
4124769
5998594
5369938
1430269
9033329
6287573
5622312
2917253
4619446
6090626
9438734
8801731
5196052
8660936
7652350
4806052
1025939
5366624
3501144
4761355
4547492
4000599
6854766
6692986
4445634
6134541
9671356
4303258
6836916
5667784
4584437
3632423
4917231
4015094
3385848
8450618
7017816
7980093
9441506
4201972
1832422
5610177
5355645
3306756
6218534
2782193
4110037
9745686
1805400
7237582
2188651
7177753
1006519
7397306
3169923
7414954
6175894
1264312
9690520
9283170
3403686
7394182
4063920
6567673
1693460
5881300
6172810
9801173
4709199
7900384
2536435
2410035
5572839
4719407
6099639
4432753
1964305
6117417
3508661
9752117
1771719
8210770
8556556
2344446
9015116
9405089
4256177
4837253
5067789
5467263
1591395
7166863
2114915
6217693
2046005
6022482
9100341
7007986
5083018
1904449
7055675
8360656
5502432
1170166
9004765
5885666
2315970
7012475
8901434
3687300
4773857
9840373
6554564
5665343
3001277
8506478
3782472
6113696
1124990
4181886
5631819
1629811
8615967
1821780
6964304
2503841
9057226
2911718
7485303
3545699
3615678
6162163
2078399
1987874
4019180
1470257
7257900
4464621
3097762
6072857
7494788
7228246
2785694
9303755
4313779
5238505
5882373
1642526
6037838
5091274
5701996
7702024
5753844
8246058
3507218
4336551
8037649
1189670
8994865
2340074
9738364
4531964
7043241
3506015
3824768
2465706
4172381
9717337
9244901
9162393
4666301
3304659
8539379
6246441
7808440
5700901
5099749
1413634
5675971
9495221
1690431
1037081
6540076
3811960
9821504
4884474
1197769
5006527
6166382
1998608
5441898
2057680
9989520
5143672
3076066
3577084
9908853
4401504
8784869
1803677
5480621
2558108
4824269
3921902
4655643
9282885
6644535
7624007
8428258
7785614
7282570
8354547
6118781
5846437
2357911
9221487
7499179
5281345
3215708
7895042
6513927
2893326
7684387
2743604
1988918
9529203
8256968
1067180
7497721
2203772
7889559
1800554
4060642
3799273
5856468
4001693
5093283
7407442
1057556
1908385
4557493
1863304
6994521
2150952
4470558
2749018
9168230
7108249
3881329
7991919
6379905
5504126
6049495
2632845
2334139
1637791
7914243
9837782
9741582
6706796
2126112
1287859
4984286
2119482
7122713
9498508
7062482
8749771
7645252
4226547
9522186
8090054
6079980
6034592
9632828
8031621
9903481
2472855
8065326
3150029
4036350
8674662
6071442
5686617
9319071
3736522
9503097
2988559
9156317
3167474
5286773
2919636
3614464
2982171
6752272
4056507
8192160
7313178
2344034
1296728
2742543
8704824
7584147
4738483
5363622
8287159
6117998
2810456
1596459
1004211
1323677
4783116
1475292
4319332
5355911
6885146
1131163
3205632
2227715
3405131
5526133
5250365
4489335
4967795
8736656
8209076
7971922
7748840
2674481
6428129
5752802
7397774
9736296
3512967
1304018
1085326
3344280
9711344
1257604
9299621
7285543
3481298
8312007
9027608
1148606
9445006
7950965
6508357
3574525
3088658
1021804
4693781
9386495
6339165
7595687
6969166
8771525
9494818
4674936
6132549
4262785
3952390
5021220
4568817
9596033
3570500
1103962
8992794
2538294
8926000
8354130
5679343
6486817
3336793
8158847
1740471
1607193
1164615
4780656
2591264
7226875
1141027
1188104
6826164
3870190
8569782
7488792
4365161
8434705
3904906
1078870
9073047
2908484
1870124
1410301
6385220
3581456
4502419
8211840
7101723
5502132
4403739
9396012
1369468
4630029
6281322
9654617
9783725
1813984
5761396
8199244
3440045
2283527
1874137
6315308
7127081
8298679
8412459
4168927
9931272
7933866
9425870
2128769
6135713
6487789
9604408
4311809
6417932
6253960
9268057
4853719
7904918
5936453
2450708
4325541
9614478
6343519
5871786
7962922
3349308
2908041
6257208
1116317
7942129
2694487
9813975
7990508
8381434
6697869
6681057
7018704
9921070
2275075
2090195
8686221
4063975
2291633
6058254
7779267
5451085
1367517
9550328
1434612
3061518
7241822
1099071
5027347
1236394
1730379
3111998
9628165
4444074
6532165
9394424
4274487
8512304
7822878
3358336
4592795
8209706
8636453
9744187
7208640
9347104
9267792
2004478
8271180
1641261
1950020
7038225
9122073
5043019
8635459
6065429
8867498
4563399
1235186
6235777
4910089
8231955
3541190
7441928
1196158
8694970
6982219
6740503
3591917
7736814
1693585
3072570
9334989
2428029
8448755
8941662
3566849
3329826
2846405
1800625
4032980
1293112
5467225
6926374
2813974
5754314
2991086
3600212
1374221
4495429
6801654
9578622
6692378
5890511
9723523
3020909
9196458
8118128
8050765
5624378
1141077
3653486
2410402
8354984
3451926
9193144
9427306
7588333
8007528
5936248
6155798
9957586
3692345
6589515
9469413
7316528
5497357
2235597
1404050
7002714
7918322
7164109
6125278
6339545
9749211
1854304
5188149
4105106
9803100
1306257
2045248
4679172
6061505
3631734
6418118
4638894
4636875
4615582
9399935
9732301
5005320
3831910
7822647
5029763
6777998
7971050
8948636
7931603
1883668
5629529
3863524
6802249
3560684
9918178
5404189
1316983
3211681
1150411
4279058
9915161
2693545
3612640
8664023
6733082
5821383
8019400
2063922
7997040
9042752
9092339
4727526
2082274
6497655
7775407
9023453
4745962
2736167
4858906
6088433
3923509
9069757
8119986
9113367
6429830
6512528
6272200
7210152
9675451
1594494
1681427
7296654
5565416
7298596
5655329
4465159
2888351
4249593
8324072
5134553
5766290
5498760
3689531
5751698
3009423
6414728
1926232
8352763
1433257
7981849
1505054
4298393
4101239
6913885
6860828
8586783
5453686
7176625
6624004
1299763
3121482
8693127
5753214
5593947
3385186
2603362
6916057
3029572
5333944
3916588
2128540
6882095
6992952
8004407
4277243
6532345
3332856
3637454
7027877
4840965
7540326
6659447
6742650
9748551
4345344
1311305
5215386
8962160
4447803
6689636
4504025
9939249
9250439
9525136
3414222
7052974
8948778
1822837
7077579
5625729
2829961
5932916
2155174
9287144
2963782
6726370
9583542
8649548
6663234
2066719
8920602
1354031
8256771
5443286
2411187
2080049
1081393
6398675
9662961
1565566
5391931
7132539
8222283
6806039
4442989
8962696
5774460
4850406
3275700
5521147
5659892
2056565
8933029
5384588
5712504
4655712
8854492
9131504
2811714
4562705
5153293
2896762
4626477
9748262
9629257
7230923
2615625
8456177
4272528
2048741
8198205
5155544
1693133
5112670
5248793
2659805
9003634
4716400
3376632
3900408
8485552
5529709
3275086
2601953
7476755
5552143
5761556
2493290
6960633
2480942
1429965
8230280
7924589
7869450
7676275
7716594
4972004
4450184
1779075
6442081
8701971
7631546
9974050
7160440
1431211
7207575
6063338
7637822
7264307
9950218
8539990
8255686
9996736
8651238
9899142
2684016
9897682
4502518
1174318
1351880
1216654
3967602
7064161
9938123
7668308
4998158
6820278
2764874
1172988
9229357
9047252
3324072
6642866
3893236
8131488
9382013
9126635
4895353
2269695
3518365
3449539
3096281
4899594
2684019
9581109
2800488
8647118
1092806
5209462
7438468
7699260
2188702
8598894
8681667
4835188
7607744
5916692
5447882
2620648
5283860
8401509
2895871
4012912
2951336
6426112
1080534
1593515
4209037
7501153
6237064
1176076
2105759
8626168
5111970
3928584
4377059
7414117
5906426
6352666
3997512
2622547
5223868
5682673
8854224
5435438
8911010
4192504
4555336
6734850
4219714
6464511
6143411
5433905
2583041
6045515
6920581
5649297
6122981
8763575
8642123
2817440
5488073
1226500
3213480
2553316
1626793
3169221
1053817
8288995
6977949
8970144
3778010
1700604
4835683
5568385
3760322
4037985
9372821
2131617
1926089
3211570
5598521
4911086
7774283
1570998
9961911
8644632
9138468
9356920
9217893
2971832
4252570
9721084
5926078
8483676
1272538
9703901
6708082
8775283
9325403
5832964
8133527
4507538
7720927
6996551
1033725
6631392
2016216
2062043
6008095
8283173
3846695
1737847
8221172
7868265
9669503
5363016
2553189
3129676
6603113
3275098
5640738
4094368
4263562
5498478
7370760
8561692
8428405
8020033
7983752
9964716
9630747
5951019
9395556
1485564
8910022
7564877
6654531
3970230
2951729
6302852
2001013
5554245
1167783
6631031
4889509
9276085
5276282
5648528
2316570
6793655
2155804
2126791
8584681
6729408
3527901
9481818
5832059
9768592
4773825
9438041
1545015
3143056
8448189
4879517
1871180
7139988
5926350
7650521
4675548
2317441
2210999
2917512
5740104
1988616
3570965
6034758
7980052
4273616
8200096
6132027
2916279
3599026
3366720
5531762
5094338
6336670
1206409
3156808
6621802
2368987
8346773
3154495
3369780
2316971
8846845
9069490
1764668
5097804
6724147
3106531
2938849
1515035
7210431
7261232
9433424
8746772
8416276
2643492
9261804
1661428
3829967
3590954
7822167
1887487
3530315
4846621
1187808
6934621
6297443
5077178
2528201
8271456
2544325
8305271
2683571
8434849
2865967
4068717
4399144
9690504
6017226
7484848
1205061
6828969
6787743
4308991
5256834
8016907
9379898
1954711
4343776
2363461
8407386
8228578
9766382
6262530
3375825
6654925
3450231
5073123
5819646
2157879
3758283
9280195
8632805
3924165
2528744
6891862
3644520
1452882
5762822
2026026
2846884
3560196
7847036
1073872
8416555
9978106
6843858
2358164
1584729
8396449
6067556
5158055
5786901
3098918
6316015
9230622
1635366
9030597
9269115
8703955
2096175
4873472
8676261
2888745
3292425
8999788
1643272
7804654
8561531
5550885
1891911
7482905
8641240
3322018
1820026
7566002
5619830
8682083
1273971
4427473
9464006
8748679
9762092
2994622
1474197
7692666
1689230
9235192
2641694
1661131
5010976
2586257
8089097
8472091
2349835
4662838
2009860
7925809
2203398
7354509
4865533
8359531
5977122
1105079
6594105
9729807
5352884
3383924
8598740
2443904
3223386
7715494
1023637
5959756
1618796
4118894
8860653
5714210
5460225
8553395
4600077
6219553
2175451
4288833
5787425
3136075
1802864
8830285
6903980
5471896
3975765
3711895
7724225
3167399
3680841
8534184
9941723
1522703
2611548
8129659
5942682
5153940
3209466
2066168
6245083
6805430
9412440
6363035
7527026
2340643
7116858
7026420
4177990
2498060
2458014
7243719
4678026
7576404
4625033
8649299
8883156
1115301
6333419
4898672
4926747
5269981
3243313
7842513
3493650
3308838
3952744
6546601
9522011
7485412
5063049
4656299
4886954
4812103
7342373
6917289
4743607
5573760
7409006
8136222
6089055
2372176
8241119
3847559
2655704
7868155
5385993
7049259
3301135
9507612
2164923
8682620
8391712
6041170
2701390
6517910
7126897
4610840
9313482
6285092
2207211
2405427
2076153
4987682
1976214
2669828
4833990
9848252
8425041
8688509
1647696
9948502
3576554
6010224
4608401
1228709
8630624
9425411
2726629
5213434
4395442
4236736
3131002
4507743
7262435
1030601
2961683
8636762
8887053
6805544
8059960
9393934
4058207
1310853
9181374
3659393
4599989
8811441
9846063
1327609
1896083
7159966
5729557
7983871
2571069
3815217
5205544
5545797
8640309
4348016
8869265
9688867
1224338
5174998
4363354
1875133
1520505
2319238
9986293
3352449
1216187
3536220
9455910
7443213
6889163
2759774
7519245
6636269
7936026
3448721
1203732
7247746
6595665
5719464
3595697
3340798
1969706
1808279
3107864
7239435
1946411
4940487
1288641
7601739
9419009
2220578
7510993
6374075
6506677
1580685
5767527
1637297
2238669
6888182
8204806
6954820
9303426
5409539
6906458
7977418
6616472
7454569
1986409
9293116
8075552
7438302
5063063
1230390
2687558
2031910
5083605
6691483
8766871
5955594
6318184
5399894
3401620
6592360
3614290
1065595
6476459
2753571
1513311
3627403
4108376
3102330
2127885
2947926
6587608
6452278
6208408
2864699
6330309
6505981
1196066
9914827
4388243
2358853
9894012
1828364
9961573
2041954
1380308
2994073
5541901
2755391
7917051
2086375
1934943
7420011
2941009
7418146
8161136
1485067
6039822
8319093
4995568
9601134
1719792
1210409
1206625
7838782
4678013
1189349
7177331
1138449
5323828
9048404
3834878
9316767
4336468
4604260
7746779
3837646
4841480
6257002
7188192
4418922
5241645
2078242
9105142
4567344
6231810
5922772
7781719
3669129
7891179
3933651
8069737
2487124
2970850
6266976
6961650
1385372
3584378
8438571
6809848
1642921
2451665
9931001
2651446
9016242
5934994
5804321
4979388
5462128
5579044
1639344
4050468
6447245
9574131
5589100
5701548
1169147
4613401
4449718
2101045
6788578
1764456
2600968
1187543
7935601
2132374
3655006
2316310
9454918
7558514
9358630
5710664
5350511
9080031
8375119
2590721
2714347
3509735
9350492
5975626
2008798
4690512
8710445
3415150
1473665
6989737
4996887
1237776
3764554
7349930
1379741
4319193
7981882
4097017
6511310
7379977
1166851
1119113
5636154
6140143
6509203
6280733
7597522
4600564
1629825
4403947
4345115
8802193
3215699
8364891
4462991
2517344
1859881
4579054
7558544
1573008
7284618
4306940
5924490
3277555
9520842
9396117
1435748
8904946
7882836
3063753
9447074
1820256
3108442
6891396
3968602
7314411
6640854
5261521
9990416
3407151
1720059
8990783
7269233
1660516
5938045
6331937
8629928
8485304
9129018
4114543
9706657
7558840
6769411
4184073
7557848
3321767
5248587
5919644
2607709
4660657
8812076
1217437
1800614
9309689
8657424
7825011
7396624
8473231
4754690
2717425
9747956
9949181
3200913
9898049
2924898
3812160
8468766
2631708
4859837
9092308
4492419
3624501
4180019
1027816
9745504
9012533
8183382
6912049
4853763
2754273
6240156
6696731
9413299
5941273
9449264
2466458
8168602
5966266
7834802
7345118
8135564
7488098
1028242
5693540
5700856
9267539
1507652
4185449
3666538
8710960
9581600
2588921
5597050
6526309
7417434
9810214
4912405
7394148
3093785
8598485
8814821
9892106
5203381
9836723
8035296
5611744
9231698
9941509
6939050
1692604
6869460
5168284
6459880
9980872
9565502
3848742
4724194
2990554
5565098
1601441
3017044
5912323
1589031
9378923
6907666
3499428
6534250
3470454
7355797
1905273
7327411
5833047
4915878
7528121
6771582
7007933
2992485
6531286
4157281
3068030
6791734
3641951
6119880
6861581
7551369
6542662
2246539
1461064
8631173
8920059
9545577
1026862
9491985
3621494
8143204
2834478
8851454
4640020
8508152
7107162
3568724
4191833
3873529
8932795
6167352
1137044
7633800
8759421
6970743
2725472
4578673
2728715
2958449
3207942
8425957
1209270
8295908
3229952
8991247
9680270
9931156
2411225
1932308
4727251
4646293
1698928
2359916
6422021
5551157
4797659
1996888
9358104
8502728
6751591
2176447
9920068
1230736
1553278
2812201
2100216
3222217
3411938
8487767
2339246
1389455
1990037
9538684
1285082
3588013
9587867
2770204
6577020
1245187
5892567
2090368
2192981
3055123
4356050
1205843
7625974
7437544
7861723
8627869
6129779
9168739
2629128
8040089
3399735
8547171
7181274
2680436
9883185
4356368
4719359
2389349
8951468
5231621
8580592
6120739
3857405
6665303
3245563
4548117
2679750
7987483
6601024
5449142
2734336
3701507
6845229
9634115
3737804
5746234
3468763
3630000
9300633
4863455
7093083
4280728
2617316
4012750
3725822
6960045
9050816
2627227
6298096
9603593
7249605
2953979
9864366
1582820
1860183
7004355
9026149
7371551
1255442
7993416
9825257
8040188
1769935
4895460
6980814
4722673
5555862
6906138
8355495
7641489
4437728
1201169
3359960
7149098
3886919
4905149
4124186
2980142
9743948
9639323
1215179
6142921
8931909
5192666
9853936
9664401
4223137
5258519
7393544
8718556
5812249
3813313
2020045
5012907
8381941
6490268
6708810
3148355
4214136
7872161
8982996
3033052
6749802
5594946
9523686
7452659
5201920
2601546
9058525
7411322
5829097
8194339
2826316
8491824
7154423
9717233
6431357
7200267
2628648
6941532
1114821
3929936
1453393
8630252
4553027
5476037
1746278
3666637
1237301
2994815
9769000
7996977
6886070
4446357
8150251
8131092
8908760
6239029
3516419
7011803
4621402
4688212
1314123
1326550
8679430
8771777
3299921
3467813
3018730
1709459
2720033
3354038
7824368
5282113
5400365
1616108
2800732
8707280
1283798
8819675
9085986
9624167
8722265
7572784
9084898
2449214
3700825
1062574
3861313
4287029
8653829
8333267
8239141
9164353
2917157
3998233
7485644
9772545
6098566
6942296
3345738
3700911
1853248
1353736
8954525
1321201
3550049
7932453
4596142
6869647
9223672
3073131
8894631
6632000
5840959
1774657
4686059
2086493
7304486
9722034
5627766
6791479
5157368
5301910
2032595
5028228
9660460
1747535
5481652
7991988
2924363
3447599
8536177
3903394
8330552
3041463
9224096
6883045
5312225
1667386
1843469
7242503
8052161
4561761
6869462
5792973
3885711
8458951
3180902
8093749
7173510
9285572
6565068
8441342
8906322
5832071
6117943
8219361
5998548
3008093
4948112
4857501
6230866
2429710
2730036
2571248
8665854
8358246
8394765
5148577
6567393
7679057
7198604
3996538
2235748
3092832
3067204
8157076
9218491
4173032
4568614
5475786
8651119
7285705
9718677
5502224
5239878
2368396
3072997
4726556
2829968
3195046
2174965
2616194
6991889
3533145
5081062
7000157
7688966
4531386
3782519
4705257
4682966
1760653
2916799
6614254
4444118
3706572
5349766
7005655
6966137
4699911
1791103
4584417
8644819
3811557
9379302
9390319
3011912
4729074
2722682
4977941
4495503
1713592
5341285
5248762
8549877
2708124
5602350
6132483
5013270
3618740
4970881
7420850
2261138
2733307
5756263
7400331
9033994
6431278
6441755
9030524
4167048
8508934
9855485
9609510
2719867
5941971
5119904
7253452
8809247
6964850
4408638
7299927
3392699
3945067
6574539
1244355
7770628
5989353
6093734
8024874
2850975
7035478
4329132
2354347
8543812
2009363
8289447
5845303
9586366
7341073
1552804
5556408
8206414
8090959
5783458
8593245
6984176
5776560
9824038
3772358
6044917
9636472
4497644
8520777
6476367
5000675
2764791
6565535
3258347
2391842
6371274
1566191
1385081
3482163
6209263
3438068
3351559
3780315
2310004
7645837
8325707
4397251
7945974
6409441
7809535
6977708
2686101
1636524
1342247
7302545
5697863
9805355
1016878
4797080
9794248
9825632
5405038
9096628
7113583
9970498
7236623
1709530
2920540
6940805
1993735
6831901
6008334
4923649
1140735
1134504
4262929
7820738
6617878
6563480
8986708
4530091
6586622
8840244
2674008
8528583
2343300
1755081
6335237
1607278
1331502
3052582
6675287
6143696
7154557
2024817
3864053
9061025
6236754
9640421
8978914
9998305
4616877
1755689
9277708
7363078
8576464
2592397
5121794
2906697
7597506
1832739
9926275
6232330
4753391
3531000
9377522
9270049
4562669
4024494
5233253
7164354
9165465
9370359
2534748
9159052
5000288
3155888
1996942
4803118
3294362
3902808
4614495
8289654
1325712
7335275
3333871
4539576
6258206
8038495
6534156
7758615
6784692
4477946
4667079
7992691
3620086
1281038
9492964
7343535
8699907
6638034
6493867
5740317
1694227
5795295
4581531
3110473
7171066
8147396
8689982
7892575
7068169
7723526
2175128
6684090
9254099
7107447
8649849
2551497
8959565
4464177
8772530
9042528
5178959
3943984
9482404
6151385
3644663
3369161
4406388
4272356
4491501
9527627
9275162
8609970
5323904
4847665
9182873
5154746
9334959
5098880
6995081
4870823
9008325
6250755
5685840
3694110
7411675
8150753
6187311
9242031
8582017
1132504
1873016
7228375
9604984
9926744
9792157
5554736
4569942
1292158
7316516
9019894
6245388
6678251
7923384
2944054
4089733
6181185
8011609
3682517
5207716
3895674
7533618
6536634
3767024
4920612
1936523
2897561
2022412
6119997
6378453
2200157
3786399
9455847
3226659
7791729
8986514
3740743
7507512
1626028
5739383
4668544
8304379
2546263
5935367
6242183
5338247
9234395
2054148
2406563
4320863
6681292
5542077
3581380
7376830
9853388
4273136
4715581
5132493
2133213
1646793
4519390
7695726
2819975
3593033
1975346
9489269
5431714
2421122
6259282
3784375
2443073
7784254
8479908
8967546
5271035
4368256
5984820
4051724
5386711
7609826
6306028
8891759
6854739
9592605
7370035
8754993
7406929
6114535
2376736
8784347
6662623
3411191
8112794
8838655
5316833
4888548
1955086
9551540
5948829
6699499
6724939
2476575
6662435
3103887
7463997
7001063
1824087
2231067
4163652
3089162
5000861
5429507
3598896
4206670
1534431
3673961
8588827
8075599
5424381
2969979
6089571
7611639
8301714
4890041
9834243
4443085
3638304
2254164
4561742
1703716
3171671
8043826
9681671
8481523
3032135
1750031
9623391
3793925
3989919
2988925
2869644
7413063
9769697
1353483
6130818
3328191
7249764
4580228
1489424
2031964
7507077
4930447
8476442
2620456
9322411
6709684
4286511
6989273
1175350
5733374
8691654
5762439
8027204
4388795
1548314
4171129
2103839
1522528
8140639
1070360
3005510
5466761
5023775
5181893
7352791
3309407
8679478
4291078
8573974
8032275
5309990
2406363
5081052
9288262
9095320
3776559
2905758
6354059
6543728
9617962
2623065
7535556
9899723
4294051
5659927
4816297
8608024
4813299
9246113
7534503
9507088
3383141
5633410
1249060
7646675
3722377
5663091
8235169
2020449
8977896
7661032
2666041
1689457
6930897
5437750
8248390
9441393
3336082
1463199
7430435
4320027
2857858
3125244
6450059
6524785
6349115
4210949
2532768
8959253
7144102
9177280
8923464
2058183
6847919
6555652
5508658
2136251
7153303
8981289
4066807
9289366
9925863
6927823
6885339
8528709
3039106
4747015
6205618
8644282
6255444
8280417
2431327
4311428
3548519
5281106
5392440
4171530
5842452
9678658
9065605
4366308
8766998
6832048
6580967
6173399
1598778
1928451
7424662
9203946
5337266
3483118
1631363
9571561
4904842
8205182
7288284
1942390
2897330
7242051
2780398
6413382
5807865
5258265
5407396
1354687
4641947
7690578
5628461
4715949
4928049
4824833
3355068
6685915
6768134
1427621
7028201
3431700
1968458
2970289
9578485
2146038
7418528
3143412
5670186
8108143
6720850
7321642
6023649
4337495
6006692
7376670
8485981
1613418
7697350
6878138
8907605
7308448
7526626
6041581
3515791
3503787
4437718
3227767
3810536
9677005
7256828
9536532
9793776
1431635
7004260
3514563
2971698
1446513
5688803
9987697
6348945
8925755
7659909
9090631
2204493
6098942
4052125
5638157
5768677
7924601
8379262
8199033
7575639
6267707
9386882
2154136
1086979
2007130
8412743
7962584
6033326
2222989
3991290
2104240
3970145
1050599
7126859
8628332
4022001
6813105
5555520
3785944
8185498
6115490
6092005
7508360
8702661
5722045
6838369
3365123
4966825
2427335
5009189
5693514
1980877
7049636
9666429
6017416
7052011
9837518
4699273
2814103
5536561
7166192
3929541
9022508
9174113
5852389
2124803
7359137
3697368
8159368
5387067
4577502
6628011
6339255
4878905
2093538
6516909
8715497
9923956
2671923
3322765
5591657
1500287
7599008
8909404
2881903
6730776
8947120
7060397
7086361
5054942
2665961
3844181
3907595
1480032
5869566
9816786
9450272
7357329
3868054
9562888
5438155
8427799
6572789
2050918
4599759
2745858
7986825
6521896
4467607
6825818
3378067
5299061
4609458
8659857
6009904
1700264
6427759
7437591
6539588
4128108
5570962
3802893
9710912
2618736
1644753
1402265
6195866
8567404
5194744
5207166
3482152
1806670
1459225
2467922
6819377
9237949
1620678
3904689
8856218
7203161
7052694
8142295
1496773
6876727
4016158
8099438
7780116
8046330
3004030
4426104
2578763
5440522
9225943
1458389
9113811
1382452
6763930
9313138
9381019
5438302
3216188
2097742
7845785
2839141
9276230
6685162
1320623
5710421
1453064
8558669
3593192
5583428
6029293
3503537
8459745
4589643
8208106
4049677
9824900
2356962
8265680
6176768
3796848
2589655
7697474
1512983
1652213
6200491
7153216
9928763
1052411
6522121
8677665
7738362
8807362
5522020
8745951
9830064
5547459
9528876
3256012
2543505
2083382
1847724
8947363
7061142
5335661
4105155
7581562
9013186
7218013
8071484
2683411
7069968
3429757
6046349
6748689
7167739
6137480
7060777
2571399
3467369
8968796
1975234
5672044
4679157
8013764
6649630
5165355
1688920
5714067
3561301
5405463
3305139
5096231
6983653
6089276
1274555
3717453
9448113
8250384
8462657
4455619
5516060
9839945
2076829
7852824
9134718
7356232
1317430
3369136
7453314
7318963
1623281
6905124
9501020
1141088
3726004
2088198
7198569
3783212
2090070
4293122
4429796
7031212
6381349
6698847
3667842
8398651
4271443
6177957
4903020
2043955
6957757
4044697
7068119
5135287
2515033
2312100
3514113
5519020
1652732
7839186
1782217
1232583
6645190
8415925
1926251
5514049
9780011
5378730
9939032
3137128
3076574
2721070
8182415
1402140
2286724
8522777
5137958
9693522
4468569
7497605
5272292
9267243
1152004
7733823
8939168
2662906
3003077
5640167
2800703
7093825
2237265
2291796
5924936
7355740
7839285
3638340
8649236
4935885
9041236
1221118
8005921
5426405
2716620
6006151
9633413
6231947
8867959
6242236
1760447
7165292
4509261
9440210
2344937
5490047
1876583
7607912
4425993
4395699
7539742
9520454
3965128
6498360
7916690
4470517
6789626
6115879
8675655
7749178
1082011
6417487
8838825
6285488
3562587
6294685
1540784
1927489
8333328
2904295
7244702
1032833
6869067
6382229
6944486
5350887
6370949
2015276
5305895
7990440
9513975
9782136
5875925
5892082
3610120
8934678
6063225
8289154
1800481
8730523
4821711
4185250
2379549
2125093
3308365
7814403
1887900
9327356
4498627
1742450
2626806
4763684
2604701
6858746
1938765
9625665
1555846
3675223
8998204
5997543
2999271
3869522
1323244
1252222
1969805
5177534
4476037
7967758
7341097
2113037
7592320
9717229
6564592
1471631
8383771
5183362
2290659
5654281
9037414
2642165
9447977
7868782
2118523
9785461
6173592
8617021
8060363
7446181
7240658
6728374
9266514
7573092
4000268
5610042
1770860
1659895
3515178
1993278
1687234
3092182
1921606
1317675
5303388
5777808
2980240
1795094
8142811
7617371
7500687
5582423
3436414
8215676
6404998
5919176
8210721
5233743
6891761
3017948
9447815
4904500
3781870
3889113
7216396
3623958
6112825
4975667
6266557
9564121
4415888
9240391
9635587
2857695
3694645
9643888
3731962
6305911
1575762
6055434
5083487
6480292
5723126
3277953
1893672
6039493
3752510
3221460
6317230
2915557
3923023
6879660
2516102
1366433
7765631
9653011
3380845
3962802
7189971
4389523
1963617
8208599
2679843
4362412
7411404
5396512
4542682
8674544
4705563
1228376
2786842
7483327
1421358
1527376
2531580
9984091
8975848
4362372
8418677
7311527
7364965
3707629
5285972
9291329
2689803
6338978
6257511
1057656
3261690
2836844
2915261
5430060
1659549
7367077
4317831
2701569
2810978
1290379
4379416
2665279
6313414
6046054
5882700
6246410
2844489
5439700
8018628
2211129
9418945
5087086
8604367
9010004
8292043
7875609
9415268
5510703
3815004
9991275
9593675
1646877
5041781
6401527
4753372
6147347
7219189
6305527
2465696
7440475
6309768
2773973
4956564
8947761
5384189
7946774
4562571
6719998
4016566
3659619
5533235
8196142
3933112
7253174
2029936
3340848
4931491
4018781
5714788
1730250
7236475
1520494
4963408
2225238
3249060
5127752
5171412
5712668
3131245
5642625
7478610
3256653
7743043
3310769
5762353
1588826
9696198
1215898
6927037
9164271
8124792
7063410
8141548
8436112
5077201
4674447
7181628
7582734
6440625
2258159
3040695
1741157
1510893
4366112
9139288
4667893
9270922
8498962
4931272
3110555
5169032
4876151
9928577
7399020
5403093
3021588
6008276
2851086
7530979
2333480
7886149
1647858
1377939
6441845
7382484
2363313
4944912
3244143
3077399
2129666
5501561
9213568
2790850
8335126
4334390
4720054
9900617
1102480
1755052
1870730
6070940
8942116
6570187
4644174
7926865
1640715
7327556
6387506
5191200
8647776
7992024
2205490
1680775
4312475
2196364
2236192
7779406
5257639
5018809
4264009
1516005
4615201
2100095
2642375
2309673
2669423
8557082
1368867
4218949
1466491
7344205
6391268
3120373
1623627
3935034
9848377
6447782
4621183
5553363
3968958
3841850
8929894
3085163
7630702
3938855
2367612
2057830
8082150
3293759
8654020
5319567
6604562
9878218
4264126
9657480
8318134
7448399
9238918
8411932
4799067
1071474
6149257
1330161
8215252
3424567
2729124
2062169
5446763
2362916
5933787
3980039
9784749
3266885
1682034
6047710
1483407
1910281
3008043
1715173
5158268
8305866
3601245
2559575
8209404
1960362
3344238
1675159
1636290
3440793
1007597
1830593
2248978
9500146
9845902
6707036
5262221
1119429
6310019
6535403
9043098
7574832
7700787
1198627
5641843
3091814
9588889
7086454
7033673
6622225
4963260
3618830
2244181
9733908
5801414
1886101
6045181
3229161
9139908
1183345
4976159
1450602
6016249
2940877
3925628
3396779
6044959
6947539
6235588
8345668
1613435
4247926
2629370
3861228
2991964
6126187
6804931
2150336
2990320
9717239
7983441
7762148
8584194
7031331
4681447
3065600
8182548
2883533
6362888
1723372
2378580
3833369
4724544
4336358
9149631
8298372
8619086
7370368
2760655
3891160
4735276
4115479
6588258
5645116
4837565
4720445
6599785
6344291
2551378
9690872
1990729
2513381
2738265
3063012
1980113
7026538
6495139
1142515
5384536
4230594
9921168
2344021
6080947
8630355
6539290
5767795
7994257
3103466
2678074
1987540
2898867
5224498
1532858
4253730
6626378
6002690
2082841
7025543
5076462
4824848
2451476
3125746
3857017
9070147
6780439
6769014
9627390
2500967
8418048
1693585
7547433
1747450
5553676
9726025
5576629
9440483
4921632
4879730
7143108
5250626
7186806
8029837
8802334
9138914
4620194
6671819
5058952
2227275
5314112
4679727
9905536
8523445
5632188
7319569
1956372
1796310
7310462
4636222
6224668
1749724
6624688
4686653
3111194
2836151
6051245
4596525
9296364
4138573
8897671
8859338
6852587
6912145
5084853
4189518
5494948
5063982
1191640
5683315
8985969
6470301
6303208
2465879
8124659
2098390
3347967
6100153
2113453
5438114
5637058
9660896
8889088
4989135
2302504
2076379
7950463
2539901
1551656
5230947
9246062
4883094
7459587
5652636
2982876
3306971
6488235
8167738
2556250
6029209
3595983
1037825
6762711
3035386
5247108
1060965
5828185
2177143
6338833
5824975
8023770
3397611
8024855
4146497
6049853
8345859
6965595
2173968
2906347
8479314
4178802
8199568
8290063
7260417
2795848
3342735
1257834
2683876
2953548
3727607
5760403
6683303
3091131
1611095
7950351
8131751
5137672
2630075
9473801
1683037
5659045
9490295
2955630
8332469
4035889
7112835
1264615
7439869
7572926
9962304
7718644
3211256
4705789
7473433
1116258
1327571
5633993
5490692
9906408
9293487
4394253
3313128
2345380
5425373
9666642
2296985
1792621
4019240
3895400
9101694
8101652
5258443
5260336
5092052
6122748
5582851
8361477
1043915
1314963
4852159
6421765
7581966
1871404
1177269
7951103
5173600
9075835
9171406
7954171
7435554
1623596
4319937
5587168
7943153
6817696
8579198
3603590
2522988
6705669
4966656
2205273
1088019
4455632
9166469
6882214
5431307
8763674
3781658
6468037
4363454
1512148
2702671
2427363
6213599
8838953
5525515
3682347
9130699
3443247
6300856
8233489
8007947
8880200
5539742
9585851
8736630
4812507
9810254
5585932
1483955
9326698
8569012
1247437
1872028
6788241
1838160
7507514
8655103
4440922
6808190
8733287
5928958
4445439
2629297
8497997
2229270
9663485
4391486
5285749
1284028
3361489
2588308
4642880
3399075
7003090
3587466
8436753
4680155
9645866
7134865
5680023
9966675
7510386
1812681
6417402
8137727
6861929
9447279
4379745
7856340
5079633
6023283
3625310
2639024
5424359
7328039
9878007
2060312
8547581
4732116
7910546
5662041
8625845
6625831
6742076
4312463
7669660
9014025
2802262
4092228
3987744
6975884
3120348
7958064
8982192
1146624
9137299
5767135
4405103
9548838
7102031
3245552
9193236
9717052
7692126
3542841
6716384
9526967
5135252
9981320
7229245
1553231
8477236
2333188
3505776
5336180
8094392
2787443
3172795
7722846
9108542
6329813
9841682
9424962
7774095
8844205
1324983
8785184
1656652
5798687
8346356
6745209
4428663
5028852
1266869
7485279
4045083
5579259
2289215
2070372
6116570
7126987
7757393
6625012
5480849
1970851
7052437
3358399
5928681
7305394
9583683
6394894
2541757
4028082
1030739
3616759
4183011
3294894
7138908
9337068
8747993
5001445
3503374
3415981
7040142
5243335
1909577
6687582
3816266
1916188
9472407
6371315
5933178
9294276
1827853
8656199
5821596
1257817
7411641
8491980
5204739
7600432
7652424
9775197
6176647
7360447
4604535
2662576
5251405
2288088
7181748
5862119
7555503
4159763
5566417
9155269
5076231
2880395
4746019
3834237
7495261
5370494
3352509
4974374
6044907
9526488
7774532
5472652
9881481
1035657
2106095
4915616
1242233
4236498
7220958
5399183
1633361
9086496
6072723
1794031
2289409
4401615
3518993
1188886
2854848
1875663
2503759
6011141
6005336
3450148
4429785
5701954
4305354
4715655
7636612
4003139
2792607
2580778
2153804
7589254
7562892
1195545
5290380
8595326
9753088
4307132
6693912
6598759
8932046
7201977
1239418
6582523
5957106
1630326
3105352
2627261
6916994
6147068
9294431
7981554
4415410
5735671
3363518
9698415
6877316
4429658
1053185
8717902
6029386
6112159
6565815
9302522
6154905
2346668
2073315
1754602
2306572
3581521
3603532
6628075
5163122
9023854
5282305
8270613
5080277
6084978
6670317
9490975
9685096
8947390
5566546
1508623
5141196
1249959
9285926
4570249
3028031
5618074
6803079
9990793
3847201
2577434
2552667
6274668
6161572
8840550
5231304
6213800
6910416
9158774
7396045
2454557
9551537
4550371
3399995
7244611
8916062
8053030
9708116
7982466
2202534
3613688
1464830
8065888
9665816
7973913
1853028
7843412
3869423
5828333
4162282
1309370
4107928
2182656
3700810
1023904
7408866
5794986
8505424
5275197
4475585
3986702
5566830
5185985
9722239
6066876
5802173
8651784
8421056
6555639
4418897
6403944
6386736
7138064
3169015
8194857
2989515
3189489
1602637
3090644
2407752
1784438
2454974
9795748
4364131
7837941
9820314
2873497
6564550
6251870
6289486
5313772
4168147
8568702
2049732
6679197
1490449
5412190
1235290
8642408
4224048
3331976
2336055
5730838
6308858
7849385
3412496
4798063
6707352
8430354
4978486
9833229
1054975
7202200
6792793
6721483
8486197
7639452
4844701
7519645
4132932
7785573
8901847
2175290
1004537
2404329
8118692
8719411
2173273
1425323
8236582
2109287
7182946
7156222
7126812
1511439
3113593
7580007
8200925
6234229
8103093
9396896
9221233
3498754
1663174
7721145
5700748
8939892
1482947
3940506
4291304
6763758
9182672
6016291
1764541
5567529
2072296
1683380
1478112
7544713
7975181
5667208
1021750
8764682
3842569
8196348
7955027
2547161
3215903
8477550
1629171
2284415
2419347
1283072
2319123
1333304
1889299
8400572
9829485
3428578
4937409
8917138
3991247
5576145
8549470
5900988
4231575
9742463
8543252
7680962
9702029
9293985
3091040
5257369
6231773
2165652
7665946
8123815
1755631
4127926
3301410
1497890
1316453
7854866
4660265
8838678
5276464
7369651
1050265
2299589
4848527
3265753
4276322
9788200
9314534
2807753
6902626
8216724
1579255
4465919
2893936
8889720
6058239
8250943
9621382
4952899
2019055
3462346
9362696
8879522
5554949
4753835
4505589
3608615
6939847
2518128
3988713
1359813
1539868
1997046
2471884
4621304
3647879
6167710
3203867
5850049
8697472
8618844
1188369
6337935
9423665
9885742
1885745
4467514
1681226
7691497
3303347
5956840
1221633
2160110
7507273
9092562
2931562
5124540
8912972
2863009
3804206
7405343
7335880
5029234
2127851
5874439
4230048
4424633
2884136
3878323
6230752
4911041
2632499
5170188
6387997
4336913
9751129
6432718
1686923
1258730
4966530
1978145
1119259
4903470
9294950
5186310
2090766
9638875
7777776
9549485
8816923
2544244
3804781
4355043
8441849
6119488
6499953
5641512
8320330
3416620
1285895
6766879
7556836
7860747
9025746
7449438
3849020
4731070
9663236
2103653
8303345
3163759
3928378
2094188
2622771
9442167
4331699
3389205
6493390
2532576
5816108
4560449
2586839
1434820
6131929
3380414
2657649
6545940
9129217
1358686
3317948
9861429
8787319
9728867
8179932
6638980
7017008
2392726
1251233
1102458
4512838
6162743
5151128
9245611
8295112
7104846
5691693
4259816
9388283
9243424
7906875
4662853
5965426
4075773
9073906
6221621
9852165
7942134
6210980
1766225
4748785
9261293
3433452
1020791
7453708
9713349
4907195
3535759
3552995
7690487
4596736
1396777
7074738
2003444
1504834
3051519
6541835
9031103
8087334
9284883
3700074
9595786
1608815
2363990
2152421
8493474
2673387
9525638
2121423
8168005
8513244
8367251
3857176
7058765
5096665
4202523
8716807
6461878
5629457
2004733
7339463
3129230
4061935
9656412
5961688
1948344
7907930
3620850
8584038
1488668
6464852
3875662
5145335
8674159
6750850
6725803
6355133
1231514
5626762
7954671
3918795
8989641
3489048
9409085
7560485
6225299
2516028
7898167
4690992
2656193
5686701
8603667
1813512
8433853
8382449
4792472
3322352
4720793
5182164
3657270
6357860
2251064
2785365
2112704
6438283
7622941
2329121
6968327
2197064
4807566
1104503
8452372
6583856
2038628
7794154
8689217
2963222
4003378
3939909
3595060
3080769
4528720
2749512
6307449
2627775
1146179
6620689
4264700
8858771
7790986
3314838
3379872
8837449
5303559
8933519
7743614
9420873
1994800
3624445
3681164
8729074
9980628
5405834
9554433
2459082
6801397
4414580
3610287
6879135
3581848
1768935
3341376
8580630
6086086
7968067
3423507
9935732
7869337
8918339
9499840
2302596
6451714
7479065
2188926
1202852
3737435
7848345
8448870
5144917
3460384
2847627
1371386
3424902
5261284
7877698
6908718
6765214
6601578
1117942
9040012
5061273
2147364
7758640
8492808
8377866
7609541
4282910
4730976
9978238
1862789
4655686
2081583
3056129
2629361
3938968
3676688
9873594
9762476
3509724
3393385
7782641
5943302
7683722
5945371
4861553
7836534
2756984
3467332
1555337
5585911
7671854
9572335
1304684
1593917
7091989
8425433
1753912
2844435
2185614
6233377
9844692
6154579
2811872
3864331
8685746
6695809
9525449
8666288
7003508
8039620
2148917
5923270
8808363
2463873
4196300
2294472
4609210
9473621
9678694
7757698
3831577
8170351
1155994
6247355
8981749
8558857
1455028
2380222
8061557
8916289
9910660
4272839
6322136
4374936
1362835
1194247
9909626
1745670
6734385
2935188
1428341
7633079
6994154
7529136
3639972
3277734
9526551
4459252
4231299
5616853
7501392
4948378
3506546
8191910
8693823
1539492
7636377
4968985
2789968
4497963
6017061
3397219
3825412
7517639
1681583
4944359
8778917
7021336
8646718
2466323
1904468
9186287
7909923
2149338
3740542
4423645
7296643
3234633
3809197
4940565
7855089
6231048
5641338
5583424
6263929
5596144
9853025
6749406
5770938
3847555
4808557
9000467
2527147
8060492
2093778
9229590
6572606
8083220
6957401
3339633
8026657
2927934
4250294
1005685
8624673
5971648
3070197
6767806
9975337
4906302
8328659
9762911
5815657
2547077
2449129
3359401
9619410
3800032
7229827
9006429
4592765
7824283
1043215
1067820
3988651
2408274
6634033
9653478
4819431
3986868
6413299
7739975
6969864
4016602
9655386
9439899
9152595
8222846
9604436
1892810
9894589
1724057
1648589
1269124
2301197
9229341
3453856
6500361
6167968
3823628
2762282
1761365
9262854
2342707
5233851
6909095
4628234
5727175
1822822
6041453
8318224
3777242
6045048
8202702
5472086
5539898
8588357
6163283
3839389
1329127
5677022
4782451
8729121
8678638
2423902
4231609
3257859
1903270
4765668
1890836
7341128
4964998
5292315
9093243
4323194
6274018
1275828
4637563
3918316
4027904
2432437
7348510
4933979
1070939
1707499
1199162
1400624
7230259
9746299
1199507
2757155
1992015
1604887
4198254
3311737
9578833
7767948
1080435
8779565
2522996
6542071
3061501
1965037
2956516
2503895
1669954
5593595
6195513
5765246
1470170
3065780
8800146
2216162
7981165
8302382
1487306
1876176
8418686
2053498
6486170
7657792
2167822
7972808
7950603
8100035
5483438
4893354
3192469
3655001
5578789
6822769
1033625
4965471
3096377
4648628
8435512
2495525
4941086
4665391
8689998
9327390
2666104
9897031
1298703
2243248
4217231
1343851
1191228
6053420
6255310
6008279
2625665
2725720
2181496
3316978
3831854
6277031
6976872
6153943
6593360
3008714
5582595
9373489
9135340
4866207
8712828
6070720
6092503
6826952
7435587
5060856
7662645
2706007
1240587
7077448
3579468
5561829
3293238
9100792
9892292
4331202
6050784
5635755
3779517
1647942
2238341
4140484
4889293
9965190
3073168
4320677
6357908
9858594
7149377
7390227
7564094
7340476
1910265
7613558
1068373
8618435
6873381
1891388
9776897
4119405
4548549
1981916
4550301
1317123
9064856
2705272
8813238
8597718
4482854
3354203
2747682
9245071
1230697
5956834
3568123
6354724
4154393
7618744
3934967
4986215
6378451
7297274
3121317
7882936
7824357
8797177
9963718
1156955
7832760
9017885
9358790
4730212
8094491
6997862
6869845
7877455
9334952
3833422
4729255
3096876
6807957
6228363
7109892
6149751
2447513
3621360
8671308
6947590
2291832
2051379
5349003
5868379
9018605
6221193
6220213
9743129
4502771
2707374
8744318
6071316
2264433
6520577
6936664
4127233
3114112
9093835
5214090
5997324
2754650
8610400
4911146
6918985
1667424
8563742
2299511
7484802
8793991
4880018
7737621
5685678
6564641
6290555
1723685
8462851
8323460
2228646
2017536
3633059
8919129
4093688
4546193
2465137
4077699
8925770
2281996
2724743
8447529
4108014
2005327
9726656
5457442
3165585
5590291
1426096
3264444
2074553
2251663
1370163
9888873
3356717
7118761
2507619
2632199
4347827
4942553
1323747
5608906
4340084
9839965
5691288
2522953
9526396
2089363
6684152
3991521
6356510
8020214
2755642
2315082
3433076
6959799
8102381
9233588
2540228
6941943
7157605
7137245
9334399
4759903
9902351
4428338
6106531
4686685
9181030
7792543
8675968
9162811
1624894
9738101
7512087
7516061
9347262
9962423
2739869
4409431
2975979
1941377
8440160
6808041
7665695
3672150
9937345
3646808
7455384
9855812
3212639
7975850
8088748
4303030
8964116
6276349
1413658
7394838
3025689
6207300
6243261
9941661
8796037
4662431
9382042
3079608
4526386
1937430
8376728
1728664
9453184
2132467
2849615
3496279
8525427
5015417
8585272
4531970
8184184
8284740
2016133
9592455
1172037
5592382
6951114
4481788
8135070
9871291
5367384
6048905
5729331
4024242
7923243
7920756
1126310
8795097
6230201
4523911
5167659
6721692
3890090
6234464
9926153
7616761
2294695
7053589
8336189
4523003
3234892
9965569
9953085
3581264
6750135
2257456
7831962
3349769
3840642
1109091
2580670
3767087
3852941
9896704
6351445
2212796
6466164
7346137
2081929
6409277
9785376
5038487
1889765
2973826
1511865
6003843
8574363
5219646
6667769
9044016
6803937
8024258
8940956
6971593
9575349
5875857
3295859
7964147
8172226
2043999
3371288
5624990
5603227
1933419
9266044
7662573
6943396
2076598
3759388
3212607
3147471
8342430
8594131
1117722
7319812
5149340
8525768
6041332
1672474
6333079
1954695
2176029
6304322
3894050
9921774
6572300
5538756
7744729
5230590
1964932
6720417
8999827
7697937
2872034
6072662
9838596
2686890
2917190
2532994
2761650
8844840
5593948
2318367
4895698
6249301
1320454
6185260
1597567
7145499
5697640
6632875
9995222
2281814
3494223
7268550
5659952
5429061
9714046
5874125
8908093
9020505
1194775
1696538
3010937
9535920
7834787
9904214
4582350
3312603
8325182
3011092
4533254
5314395
9084194
4096987
8834667
2479083
5833166
6078849
6108670
1718455
7715026
1052466
9917968
4705130
7411706
6551696
3392896
5930789
8426644
3908981
4730641
7200587
7351520
7480851
6736486
7049785
2004820
8560701
2479005
1685779
1254025
9096958
8752006
3140794
5754245
5144999
7436031
2402265
4957286
4613863
5238893
5218655
5867175
7138578
6508697
5764615
5269010
4561412
3314980
1763986
7401666
4737695
1279080
8173335
3614612
2859311
5615981
7771376
2021802
8386607
7276869
2879190
6198619
4065765
7578117
5260743
5980090
6719336
7576672
8887651
8138498
9580738
4541409
6574487
7098907
6452080
5824325
9832880
2703499
3921542
2392050
8926993
8117052
6444271
9400832
6613221
1977746
7142435
2772698
7103576
9613905
5893402
3091047
7083496
3202027
9178583
8109896
5753653
4182657
5188771
7916109
1083670
6846838
4608109
2154851
7940257
1578671
3970535
7261674
4545306
1699898
9365438
9563685
5511477
3368651
6034868
6182923
1869257
7622689
8817371
8064314
4490708
2748743
6368368
8131019
3249893
8335286
6407953
8040832
5734442
2166615
8535324
3144922
1190870
1224871
7115110
1351752
2322286
5568308
4982357
7740985
5687281
5236356
1062811
4332434
4721378
5282260
8460751
8665212
1006131
2694590
9431401
5085012
1908944
7433652
9136538
7251398
9934917
4781608
7279366
1045748
8430988
9489486
4688159
3540175
7746871
6633529
1999327
7157769
1183606
8851874
9666274
1554081
2768902
5535112
3050077
4885277
9302327
4221553
3379135
3596694
3948759
5974990
2993954
5933357
4980736
1854140
6329070
6032539
7951931
8203815
1040011
3976615
2574032
7693897
5695552
1982512
2339628
3906640
1802285
1774570
9511340
7376926
9374625
3463398
7481356
7159146
5013337
3231817
4062119
3361603
5799638
5317214
8922026
6765941
8955865
9821320
4072921
3039044
4100094
2515344
8150461
7491989
2069555
6906525
6201257
4240813
9279379
6653505
9554600
2567504
9046883
8477935
6591046
6671627
9806951
1008715
1653879
7401422
3998242
5246042
3312807
5351473
6422505
6912793
3375070
8529047
7597475
4106281
2707919
5221616
4080095
2838951
7855294
9595416
3637714
7184730
9737549
2938077
9541996
4329990
9467809
7964318
3781397
5219485
1821877
3323982
2645513
3017941
5895867
2278424
9928461
3927061
8799850
7853149
5747084
6117128
2285801
2592984
2840403
9126868
7312982
3708835
1952614
5158181
8503347
6662226
4295485
9083811
5917613
7410749
4039134
1491714
1259211
5887132
9287256
5615735
6126256
2709386
9832217
2366664
1569292
4800428
9948845
8515324
4082917
9862379
7384531
1413682
8325822
1926045
7512254
3649870
4114721
4066177
3510565
9713358
2030798
2392105
5994695
3460666
3802240
2420466
4189567
1689786
6237272
4833327
8208767
5739266
6924777
5133476
9581612
9146536
9349599
4711278
1498646
7166549
6946636
4429312
6512786
3400282
4921936
8199176
7682166
4506522
8888037
6006832
8901297
3500005
7366789
3016832
9743108
1754918
6858936
2677536
8854561
5891954
5565629
6048955
5624606
8715456
9320084
4321408
7035286
2435256
6633254
9825026
3340253
1095588
2877458
2546559
9535773
5805251
6178070
1241086
7932946
2937980
5686805
1563665
1416670
3574576
7317642
9559290
5635017
5419368
5946890
2018410
6705049
4637741
5688367
7022373
6377738
3572279
5747879
3257025
9299499
9991741
2370263
2962892
2703509
6310699
8152237
3920717
8237704
4249714
8210113
7038563
9573219
8162873
2592487
5900235
2341056
9574513
1237523
6785725
3868330
7040710
5686441
6945077
7020220
5392433
2039137
4753743
1248983
5026474
4804180
2433867
5477055
7134651
3906853
3970737
4418258
9105200
6247630
2009422
9756071
8275883
6341190
9677916
7498751
2490516
3444492
4535359
9409770
7423405
1540563
4756588
8104442
3121219
1183818
1758756
3914076
5456192
1128775
1123998
9716056
8424670
5703247
2357955
6049701
4997046
6253124
6271443
9129769
2917494
7541100
1327397
6566093
6474353
5677146
5544203
3379322
9852433
5457659
8010516
2874482
2054247
9032127
7750507
4363661
8452579
1787553
3957404
7255054
7104735
5171477
1843447
5261921
2104533
9682830
8978765
5418291
8448050
5262761
9497815
8567790
6784962
1881785
9116151
6218448
7426442
2058799
2134550
1912999
4716020
7468646
9617964
3080939
5415909
9565193
7237789
5747063
3536235
8716514
3547649
5464550
4990802
8122175
6817670
9107093
1236291
4019148
6179004
6874290
5819462
3725794
3414836
3166230
3224042
1733607
2637506
2392696
8427131
8809119
4569498
9514626
4971330
5571691
2719080
2595817
5901415
7128936
8628493
4824798
8490688
3463925
7943095
5104220
8965050
9421907
7336476
2498402
9743010
5553573
2557331
5210107
2320977
9853590
4613647
6422712
5425202
9407385
2107448
7038464
5016177
6188876
4819176
5459774
1264770
1624630
4585471
2029624
4675275
5719855
2287459
5846464
1946159
8156767
2924503
2345603
3635256
6458142
3534775
9238590
4794848
1518011
9127181
8794833
5366076
9835864
4822932
2152172
6328006
8642611
8400647
5650918
6958853
5360191
9818404
8804396
1037339
9292208
2501762
1539670
2268587
6813974
5463116
7117781
2085541
5288289
4375897
6109577
7838959
9140803
9150057
4692975
4117105
7082611
7622335
2348024
2059261
3809101
4894038
5083444
8687130
5705942
8593921
9262317
8334956
9373406
3678690
1553617
2899905
3907710
5163718
5264198
2435258
5541057
8832796
7652002
7734612
4727647
9554640
4096115
4088338
8797860
5816841
9043384
8571081
2825200
3163835
4000691
9067463
6424855
3463209
6535766
1347681
8051560
4928955
1781082
8886808
7450123
4545015
6528431
6420583
5734916
9342495
8029838
3869100
9967380
5862567
5510506
9328752
2588286
3833170
1549636
8922325
1545831
5720872
9505054
5751131
3800279
8416214
7830023
2908943
5688668
6401250
9210325
6136976
3307021
5876937
8610865
7471423
6484460
8421430
5073164
1657603
5076069
5885665
1647536
2358389
5755443
2713155
6080625
6923823
8048802
3729777
5758914
7956780
5218543
8126236
9763876
3728732
3506955
5676004
1868344
5281607
5425086
9091348
5128182
4335323
2979049
4894526
5179318
5467732
3285732
9224116
7403244
8062918
3822661
7488736
3488241
8596042
8647746
6968833
6912892
6755075
9699246
1952579
8501103
3669452
8006367
2713401
5350029
7809280
4588849
8601657
3713674
3303397
7182947
4047956
4063931
6885877
5392158
8802288
1954861
5469387
5082390
3032644
3145809
3498407
7034249
9429936
1661909
7445726
7549157
5258167
8702925
3020513
9736455
2387802
5713872
4981671
2162205
2920978
3264672
7468602
3047404
9614121
2163585
9177627
6028397
5651253
1315050
2092307
6478035
4207282
8471257
8547096
4414568
8666811
9684161
1622808
1443733
8075493
3894495
5281828
4015104
8024760
2414507
5859452
6684816
9133963
1046249
9476723
4966988
9934907
4379486
4883967
8703521
8520583
6868896
9901215
1418434
7000651
5679559
2892009
4895850
8711639
6774784
9600303
5509885
5945324
8982463
3358541
9990668
3668306
8491924
3046994
1109431
7379161
2941065
3351597
9160234
3899198
2513059
7114768
5844872
4220109
2448578
5525427
3456041
4428908
6750692
9740165
5204011
8318420
9584426
3807111
4198005
7781091
1409220
5760441
4171947
5279696
3631164
5313747
2534285
8551096
9703643
5282543
8715245
4022423
1699067
2405828
5749067
2468818
1006891
1037196
2317326
8973360
7142200
8401095
1302753
1702697
5843806
3897881
1818600
4080983
8716683
7694031
9319198
7799945
5325260
7166719
4401613
1361975
7901271
5722253
1604776
3192463
8821300
2233674
3538568
2168174
4339912
1740790
3242882
2024554
6527871
9065830
2984801
8427404
9623637
1129729
4074693
8463835
5675138
3336932
4793175
4911379
6809856
9636198
1999335
5740725
5465594
1300917
8966693
2606008
9321874
2708447
5676793
3654109
4237775
2178989
4797567
9786336
6817250
6845610
4607714
7255434
3064147
4501121
8835476
4070307
2826509
6439556
3812583
6722117
5883906
6893385
2463691
2783372
5471484
7245231
2237285
8100266
2225986
3786238
1136072
1051863
1139171
1324460
9701906
2243877
1274402
5522044
6139301
7384049
1743421
6960449
8104705
6556982
9649564
7035585
7351739
8186939
1858643
1642932
4345820
8454125
4708372
2531436
1631897
6970887
2054388
9057742
4503338
8566061
7265048
4779262
9165193
6377689
9915004
5165529
3682120
5767468
7541471
6577244
2118991
1376358
6103695
5371618
8491121
1647793
6660236
7665418
4649003
5016152
7626780
1899511
1081336
8451733
1221483
8194032
7181204
4977799
2865244
1520872
1241995
5467202
8741360
8484633
7446204
2903745
2829201
4250441
3627119
2847286
3330428
7695663
4752336
7080578
7554697
1392174
1682056
7061376
3456921
7341824
9298103
6520764
8059227
5149422
7208399
8710274
1155002
4770171
3193680
2868816
9468519
5017889
7000668
6357037
7538366
3156467
1467318
6785811
4803608
4959265
2602139
5135495
2465452
7313050
7119741
2368202
2460194
8900684
4490712
8902247
1631350
9143495
8246067
4119725
4890309
8458303
8963061
3738423
2472184
1142704
6251490
2194215
3893002
2871900
3377072
4763697
3774839
7197488
1068490
4532243
9836802
1835589
5353568
2868771
4839907
1498306
1247913
4199808
4961996
3794398
9345718
3026346
5245527
3254211
4806004
3647534
4075470
7261262
7661374
8022202
4077974
4705651
3657693
4282959
3548152
9036798
6363613
9333971
3401229
1581364
2277389
3514182
5546054
5511448
4541522
4448077
1026646
7940489
4076072
9660906
6886332
9804360
2603383
5002061
3027824
8396184
1359821
7177731
2800873
8920574
8374014
2927053
1310473
9641896
2227029
3162380
7043046
3700906
9092214
4497879
7270902
7568995
2572498
8799407
7919958
7013118
4550149
4843786
1311543
8370900
6215887
6717259
9652646
6773999
6287917
6462867
8111094
5101226
4613715
8040945
3541899
7665972
2984137
5204981
3020870
8088627
7395298
5067976
4479749
9427086
6977537
7656997
8133537
6726509
6659218
9311015
2124188
3355852
6378654
2480764
3423688
6279665
5987496
1952445
3881399
8910253
5756929
7858395
8823197
3402969
9354171
7846952
6332307
7174066
7972469
4500032
3030456
1295118
7929238
7342162
6652338
9572411
6431189
8015246
2163026
7011443
3620980
1187949
6129494
7489597
8565068
7580312
3513287
4420514
8784260
5495990
4645187
3812938
1439259
1452757
3117205
3794804
4130149
5522996
4545216
9958735
9678995
9629339
8887415
1444842
1173175
6953878
8978895
5457878
1257830
9953498
4049463
5971672
7578907
4165391
4638890
1091226
6200383
6568631
8604279
9525475
5078084
4553975
5462810
7191653
5803479
8012918
8609719
3930676
4160866
1220510
2598898
9775249
2507642
4282176
1805805
2749093
1304492
2444692
6101727
6024713
4887647
9963358
3992718
8676290
8208998
5434539
7729385
7992394
4928229
3333242
7962628
1643081
5064540
2963064
1433264
6938019
8732821
5356516
6142774
7583658
3578662
3864402
1479344
6724788
9609380
2598859
8387525
5085960
3120036
3321105
9784447
7516402
3865647
7276480
2348875
8132790
6910465
6027023
9678860
1520161
5809470
9456694
1910619
4214715
9295858
5000234
2138080
4936536
3250307
7092036
6114054
3960461
6375990
9867328
7497694
4617280
5144602
9591648
3990866
3040921
9136853
4351600
1683523
9141973
3083849
9424677
3619330
1570809
5759906
3573279
5696232
8516899
6428862
5766414
6894483
9543803
2960634
3287856
3902013
3132617
2303637
6798776
7459322
1300641
4216964
4016842
8352782
1321401
7499218
8366755
4311080
3297499
4691248
7385750
2966015
1734837
7538720
6369841
3681224
9156110
4390010
6568766
7671185
4651731
2417754
8683685
9354813
1109776
7788071
3674095
8299292
3874234
6649920
8782565
7029734
3695080
2609604
7455063
8892693
5206626
7438782
8896440
7553692
2085778
1011180
8808551
9080647
5269784
4528491
3812745
1785904
1738809
5577408
5948689
5174235
5096311
6809925
4950817
2770927
6368571
2661166
8427594
8116306
4018863
6490935
8906736
8197151
7920296
9734124
3920585
7747911
7241153
6863572
8875076
7305153
6450243
2031163
1649286
9671151
1544384
8550811
6243279
4562831
5856383
4521382
2367163
5449306
6062097
6562483
9469797
8051453
7439618
6294274
1663270
2876529
4271979
3875885
2911547
4688633
6078308
6545582
8984004
7089527
2338584
4115975
3688425
1777260
2660529
1044370
4086743
1726539
2577329
5289765
4801000
1411000
1315042
5915041
7824545
5114850
3810150
1605016
2354005
1940665
8708520
8586072
8395110
8826126
2466227
8966296
3571435
8490055
8587681
9310974
2920749
4254331
6015339
8621643
7885132
4847024
4441504
2482788
4739775
2226478
2785649
4852286
3328057
1928511
2640361
9092900
8352038
2890182
3457017
4537448
2738580
2156602
9701745
4553252
5918191
5383677
1653899
7839468
4758949
8397149
1398370
7806226
4191976
7913190
8780480
5599316
8761426
5372193
4477076
2247142
5223394
1572654
9780738
2381336
6199716
5925881
7910037
6069029
9044463
4350492
9769488
4725335
2673032
8806545
6909730
3652185
7523364
6279506
8041975
6252187
7928267
1602959
4139499
2143836
6562776
7557259
4868953
8038999
8095197
3818580
3053458
4550412
4941155
8064285
3525034
5598377
7510799
7764921
2652140
1233365
8797472
5419638
5369901
9207386
2903316
3239956
6496446
9903340
3900906
8093729
6191419
3041114
8858243
7547186
4974592
2162320
3246690
5076544
4125499
7846918
7797074
2228444
9590621
2794761
8339303
6159632
7009386
7271652
7843484
3314068
4092785
9193323
3811163
4728106
6832213
1869603
4638044
8924055
7310217
8632593
1066149
6804030
5771610
4319902
4494895
4187482
4258918
3380900
3785641
8238039
9395498
9193431
7776278
3435278
4313209
3994770
1815441
8167195
5840137
9417533
3005489
3811037
6338472
6502489
9249095
5257802
8057804
4046120
9687812
7109676
5330055
7400828
7104888
7895676
1866457
7960154
3504373
1081689
7616863
2163145
6890770
2158117
4902954
6027709
8337931
1586941
3162475
4717723
2441798
3271955
7895946
4525801
7382320
9309225
1489621
9469204
8696390
9982827
7320021
8804892
8235824
8036138
9478653
2968672
8571591
5063025
4868348
4254657
1794551
5924742
9272370
9380470
3985984
3190846
8717182
1860780
4115286
4562365
4109302
6635608
3506537
8154826
9828912
8099738
6645439
7031435
3786877
7270479
9805948
8051809
3424950
2176435
8991778
9256430
8227505
3413047
2244335
3054599
7897162
4361563
2314738
1570464
4702813
9875928
2777847
1206636
4649944
5180572
3533091
8995678
9463356
7902367
5234581
8151808
2089350
9623552
1725591
6525091
9760255
2711054
2646080
9024561
5583778
9804260
3848106
7323998
1354917
9773740
6927948
2620925
3209830
2686724
9555443
9078895
2454579
6404093
4263138
4483318
4886134
9043584
2967426
5809959
1606907
4169675
7535687
7169598
3188448
2529817
2025890
4581835
5001240
4658784
5895772
7595147
1731803
3741748
8547734
9389330
6099950
7293961
9693658
5462819
4072778
1262165
8138909
2200994
8744940
4366164
3251283
2546912
6978872
6025125
4393903
8072342
1746571
4517778
8793078
8497070
2090268
8966637
4364991
3713594
9556493
7409813
6275529
3084487
8116052
6932312
5869689
9010636
9776448
7707890
8574510
3381245
1232107
6281332
2813571
4819581
6901755
3929856
2283360
6223280
3197012
2871025
4894781
2621422
5450334
5951639
3084725
9937107
1443438
8541087
5728130
7433779
1922835
4244562
2770715
9707947
6572672
6002740
5861095
6769363
3386193
8999820
5170140
7487183
8695547
9458180
2234361
3131973
4761621
5662822
1539868
9286312
6390717
2675590
2522369
8929203
3402344
9860351
8250199
3945074
8446346
6970517
2572736
4723834
7789406
8899258
2941478
5315193
9480530
1779948
9931765
1293480
1901075
3343995
2966072
1226717
4539312
6011240
8230995
2385212
1427053
7263273
8541338
9086734
8400039
8823626
1961741
4915306
7595935
4227437
2738930
7388431
7592804
4733362
6073613
4228052
1503457
5042930
6757309
9134774
5906369
1022820
2164214
3683601
4707770
5569890
3149846
8892394
2867965
4260038
8854502
1802409
9683576
8284206
1228720
5684388
7081222
8431200
9952760
7322325
5560053
9368326
1957016
9474222
3925297
4144730
9500923
9379587
9132369
8618909
4813110
3827686
8402110
4785344
1221182
5789393
2309564
1960166
9789706
8722427
2603734
6804609
4231238
1958349
6465706
2527641
7074160
6003822
8666766
5968491
1572947
1426875
2713758
9224238
7814814
1455442
6086692
6108017
3989153
9912077
1445474
4341728
9283043
2810622
4022053
9533986
8307052
1929035
7606762
2288104
8329556
6396144
3997245
4842310
4313518
1982839
5014221
9571568
2558770
9161460
5446801
7345076
2958941
7656015
4117832
9322136
9021633
5912241
2676827
6340752
8949622
8459399
6025822
4903065
2518382
5756342
9792053
3121077
3439654
4178587
5001555
5648707
6325305
9040957
4382878
8192250
1713743
6377682
9106479
8306626
6134514
3523114
8042357
1042095
9291521
7001788
6163384
6580443
1853885
3140172
7809275
1769822
9802496
4354165
2455164
5527724
3034126
4046232
8868885
1491212
7665988
1435617
5668804
8338353
5888365
9888627
7398984
2739575
2113652
1560944
7174754
3857531
2137267
7075494
7513211
8447575
5354922
9866009
3138724
8044665
4994891
9793385
7998007
9778590
5439345
1436448
4731869
3297392
5044273
1755610
8367210
3954810
7588617
2801873
4712034
5256836
3273654
2631237
1658591
8863760
2618593
7029508
2449482
1693423
4770617
3444315
6536582
8231744
2403100
3528045
7312838
2867054
9679740
7059890
6326757
1214156
2506299
8133030
3412473
5128539
6322415
6611798
3340052
3570298
8349215
8755537
1490962
6873046
3856934
3361991
1963289
3783067
6442627
3416140
2648818
3944392
7954365
3126716
4848447
2824795
7892337
5862969
4767128
2491180
9498042
7252368
7100934
3138902
3787387
8897466
8321819
1570895
3777292
8735934
1117164
5253401
8400510
3767604
4921709
8445713
7368397
6389668
3655527
9391141
6148897
4331148
8585048
2559651
2418881
7267520
5482279
2872108
5140949
4947052
4095490
9033095
8644373
3131253
2305878
4541778
9260692
2037054
6812458
9309395
6433059
2554823
4025561
5900396
4096931
6409199
9001194
7965549
8621611
8523930
9689421
2362564
1438545
3829485
2405685
6427983
8873689
6945846
6598412
7081042
9654520
9280425
3181080
4452740
3526019
2153413
1359592
9140292
7529017
5110678
6866362
2874857
1259049
1939475
4527405
6780854
9967682
7166247
7415453
9892908
9641269
5737293
7763808
2042746
8230153
7267732
5546396
1632336
5318075
7850498
7444483
1995025
6092431
3818837
9519469
6383079
1706551
3602660
4626576
8630768
1568607
7473701
3804062
4511190
6714835
3080072
3796732
3215996
8884238
9523712
6367962
3325076
9540128
7773089
9254771
2847373
9097146
5413540
6465955
1522154
2335001
1668104
5736928
4998638
2301837
2547283
5840086
6791347
4878629
4678775
3636707
9593337
6522767
9358828
7480797
3268820
5864264
2502298
3088001
1369852
9021405
3781685
4407527
9253342
6178362
2234139
7643712
6630619
8034050
6546268
7600992
8685353
8881196
7783029
5519724
3956263
1806280
2837224
3804718
6315138
5975136
5793204
4568007
7707901
4997881
1554038
5035268
6408928
1014137
1224092
3784841
4489791
2671714
7187266
7107561
7236517
3145340
4880683
3937496
9141918
8412497
7444509
9113848
6330590
1228562
6722009
5956175
5678545
6981783
4556213
3736538
7213440
8119492
1082584
5618042
1738973
3018183
6380306
6440333
5174635
4756349
5500053
4413656
9384268
9840820
2915284
6379552
8666152
5321547
3345975
8509080
4734263
7953078
7017784
4945204
5396716
6667806
7267229
2356636
8422655
7333285
2954578
3924156
4190933
8221575
2208290
1859896
2888077
8985692
2824850
9895037
5926377
5545274
9153626
1482355
2996567
4106295
5040065
5627150
7603804
7977548
5751316
7593540
4681436
4073749
9954626
4314905
7599368
2451124
7600151
7309525
6078244
5349078
8020243
7636503
8066163
8581965
4373479
7611268
5431618
8091933
4282379
7210840
5472783
4992274
2218814
7333404
2025620
8447374
7111195
6557112
1793459
7561569
9900949
5738976
6273599
3023761
7757007
3235690
8126564
4768697
8216347
3585984
1432181
8723341
9195532
6858673
2562320
3691451
3291257
5481314
4373424
4529005
1703761
5581153
9951631
9527851
1015254
5078554
6361206
7895262
8152952
1748322
4742754
8128111
1479183
8594289
2323029
2309262
5200243
6703149
7368118
5988943
3792443
2572897
1901861
2180526
6809169
6146252
9812639
5360819
4007599
6005270
6562699
3179633
7191608
3208925
9650399
2786280
2566069
8834798
8907122
9065162
2902378
1226896
5084574
3702491
8414740
3277050
8718737
4952433
8274242
6261796
4298929
4400987
2299469
6459834
2011049
2019678
2650550
3807597
6918997
1853722
3435354
1181028
5829894
5651916
2784596
9148561
9417010
2592301
5453167
8846814
4337915
8697399
2446086
9305541
2673434
5421255
6441595
6416127
1673704
3064349
8537232
5270868
9963657
5168449
2940901
7568913
6251957
1218625
6846350
8253976
4567140
2535509
6021072
2936913
9522582
6407523
7270457
9431038
6304508
6284765
8597081
8976045
7276294
5014856
9383136
9683718
7994954
2288408
2598102
4578180
8439245
6185976
9950833
1513537
7327858
2687333
6820758
9569385
1559037
9898362
3166831
5063185
5538498
5976070
9900901
6436000
9091950
9430809
1638650
2141739
1413489
1093278
6441542
6592607
6822343
4573154
8066509
9106391
7630242
3537081
3434318
6744694
6753571
8258424
1473134
1681440
7704300
2469108
8351495
1816180
7027181
7699883
7727387
6435233
6183123
5509420
3024214
7144707
1664339
3496301
9297819
7779141
6433555
3128011
3801145
2085169
6959848
3305246
9120060
1327702
4517626
8774200
1376032
6253269
6070596
3132283
2083617
7277768
8871736
5195732
9686957
6393870
3099455
3405720
4277947
7981751
2158686
6128505
2949557
3865737
5632500
4770981
8907217
8357933
7575904
3107643
6069502
1066361
8051775
4112490
9805625
2449883
6134099
5747304
8158718
2161502
3985791
7445772
4983516
4721308
3383342
8719433
6130465
5687041
8276180
8686472
1365557
1604855
8749517
7085345
8012547
1102387
3478689
8729589
3983826
7509852
4912297
9481578
7191346
9415059
8957899
6561348
1386513
3995043
5831520
8232285
8256109
7880263
2110455
9445121
8374948
2911058
7340851
2011048
7158759
8264639
2245455
4672912
8799117
8877781
3173570
2759671
3282116
4205046
7961661
1865842
5424162
8678405
5498450
9622061
2717017
1247410
6683822
5908672
5519305
4608228
2196935
6151658
4111472
6826626
7160145
9948140
6353404
6346973
6939625
5157380
3518017
8987197
9930261
7493380
5670726
6406406
3905827
9723791
3644602
1594758
4447213
1620208
5454660
5402654
5743550
5358359
6587512
3157771
8900047
8121009
2655845
6068945
9988778
7256035
6067019
8748291
3966384
4279010
5777194
5992177
2032566
5758962
1972341
2219758
5948873
6586872
8226854
6095676
5789202
5240894
3254699
1989015
5408085
4935748
6260606
1755931
8342291
9345405
9334802
6876050
8915536
3021293
6957033
8899166
5320751
4681948
6288194
9838719
8481977
5491639
3640368
8949122
6963836
5897796
9580678
6463751
7889872
7056832
8940079
3694701
5308597
6896152
3597466
3936348
1370136
4064640
8669330
7436718
1387252
3742514
9517995
5665851
7820437
7288646
6892568
3768063
7526905
6284458
9751706
8155882
9456335
5296383
3083411
7175173
7231841
2122577
8923897
5280444
5372493
5298032
6359718
2852876
8384366
2618799
5190667
1074505
9883099
6857785
3145861
6318924
6174533
8362251
3595016
4205241
9768708
1726097
3326967
5180585
3155435
1944225
8875606
4962552
3751575
4530062
3260247
4561196
7585543
2036586
3376656
8888064
9437925
6794972
3613966
2520077
7100003
8189849
1127107
7017556
6872193
3788738
7236074
6189739
1162074
7128235
9339136
8044350
3766947
8775178
2348302
7061931
6714772
3533242
7370204
7230516
8623672
9424767
4565933
4721108
5968485
4394833
8148616
1144187
9382680
2625517
5145316
7014647
8337002
1610117
9097391
9177838
8780849
5733975
5643131
6950728
4886006
9392923
1347014
6554985
6830798
5209877
7893156
8664028
3264343
3389131
8322699
3187339
8933521
7873681
2631611
3608106
3016854
2782336
7326472
3590068
7875255
4109509
5382981
3442510
9700725
1263637
3185103
9796359
9514009
3677822
7544947
9220033
5787440
3901401
7435069
5821609
5271079
3940252
3766174
7909985
6288766
6004236
5014392
4030016
4168172
3010767
5253450
3834287
8406544
6842655
7589491
6593588
1705871
5252251
7048484
6768075
9871182
4729783
9399463
7923248
1371085
1336212
7753286
1852026
9116446
1682859
7390873
1330273
3884802
9205986
3417328
2212448
6669855
9714113
2517209
9439990
9646111
1980030
7281358
1030854
2153383
9255092
5863678
5799518
1705586
7525106
4130550
7309972
5878090
2197616
3378924
9115660
4413027
2277725
8475880
3427991
6851732
8544276
4880719
8249142
2333938
2130156
8794830
6710588
8637515
6505390
1423903
9718225
4551100
3191330
1777403
8381714
1007984
6770306
7848604
2441430
6155253
4891728
1438446
6089804
3686012
9415619
2957074
8322880
1993645
5040797
2783117
5395132
6386405
3087000
4876755
3736395
8710797
7550846
3432044
3562841
4193752
7403480
8667585
7673910
1181784
9062078
9850758
4762297
8224254
3467021
5066243
7565505
1845420
9568695
5920320
2731415
2175289
7151733
2336204
9552367
6403072
8891351
4726890
4222414
1138277
9351611
4857625
5999045
2564070
3178972
5043711
4855451
6925913
3989442
1841073
4699529
5649928
3553303
3819489
2380574
6607013
8475226
4874341
5359811
8794859
4597740
4034720
5814169
5128404
5457224
9213391
3789310
2699953
6154512
3984242
4380463
3663017
7924098
6040788
4844487
8905360
7536713
2046265
9254182
4663587
3493488
4725220
7355885
1991134
3987185
1382530
3498597
9384314
4744172
1029558
7428991
6271430
3585843
2891330
2323958
9669281
2607042
8437390
9715281
5925138
9404364
1604121
1920068
5077380
3833840
2388345
3113782
3839905
3902027
8234640
4206430
8655561
6756007
9866125
8692550
5756911
9175312
8831068
9303410
3326160
5793223
5378668
9788890
6242641
5191504
3863130
6362002
8224373
1196838
1618047
3484170
8183992
5031567
4311635
7358386
7534346
9560074
4673078
1628715
7870244
5317751
9821095
8779743
7608617
9263201
3012857
1666383
2279352
8975779
6727657
4818748
6442096
8001400
1708471
8128544
7811590
7902365
9311121
9969379
3432825
2652052
2009808
1979383
6218076
9915412
6131035
6491984
2986770
9663120
3025129
9793155
6921753
9512354
5880613
9534778
6410172
9073428
3923370
2477714
8466092
4695243
5034029
3537937
3523946
7899601
6788026
3115143
1981659
2556861
6998167
7732352
4094653
9782977
3663685
9995042
3322425
5690704
3351908
3001514
7760334
5380842
3256950
8298109
4802989
5191813
8948988
1031918
1970084
7589978
9344252
7115403
5360306
5396425
7734948
3045540
1708665
7719785
1368329
9672025
6525905
5428528
7346632
6996895
7272888
8675772
5000717
4096911
9737512
9898300
5302386
9952618
6981249
9335549
7476735
6163117
3717286
6946069
3226448
8088717
1855524
8138918
8189652
8017296
3742923
3416463
3341489
3697416
7596449
8571061
7208773
1695916
8871532
5528425
4639880
4714580
9132334
1796598
9476877
5719441
4028142
3377290
5482983
3109030
8265840
3477567
1521512
8668455
3296326
2761924
7434693
4584621
5307967
9733932
5172501
3057588
2563390
3303827
2963896
7794513
8085095
3327401
2012821
8760338
3112754
6492252
3176443
4766516
5999009
4552422
6580393
9666107
3541070
5240944
2459817
2232178
8240094
7623777
6833942
7570943
2643090
9581832
1350655
4205794
5674428
5649122
4730276
3402122
4230030
6589832
3643229
1078420
3523917
6443512
8157018
4089313
3820965
7627006
2052293
4332242
2087447
2056062
1601988
6033251
6458318
5450209
6953370
5027809
4338191
2459738
6479021
3267529
7893773
6466644
9050722
7033599
1029788
4331578
6878948
6841575
5600126
9086690
1214468
7977882
2385879
7849083
8088107
3473738
6948865
4302474
8326019
9355411
2167347
6106114
8227995
1192176
7751953
8009504
1533511
8967687
6380700
4813584
2164825
8400253
4751324
4254418
3555032
8699365
6617577
3547642
6991520
6927891
8930645
9188177
9766165
4441871
6511993
4424154
4630725
7728101
5470491
9816879
4191386
8195162
1355961
7753801
3044088
6641721
1913076
8994525
2492729
2142923
6847964
9393828
9283842
2595044
7608404
8796788
2418690
8939866
4870306
8063498
4682951
6348625
6766101
2294441
6901820
4550706
6597459
3586459
6388099
5312634
8028606
6870102
5828523
9088622
1546051
3761082
5413582
4019949
7221247
4672503
3038858
3903325
8453325
4502924
4652442
8215175
4800624
7716586
4808912
1651391
6904858
7633591
7958065
8386172
5289303
6529006
2233389
8821062
6262233
9305507
5331257
7182093
1719780
1912587
6197205
3495110
1610939
1601969
9927951
6895972
6590289
1013007
8552772
8211429
5818541
2129203
1986538
1259557
8538585
2271127
5182425
2802053
9173285
8387314
7029271
7671374
7410757
5485627
2905487
8528383
8141333
8438715
3839905
3945780
8557373
6246733
4915539
4605557
1982576
2562805
3868900
4249945
7577486
8944667
4527233
1913045
5314922
2138915
6503633
7722598
3655333
9900649
1100459
3058582
7419065
1540766
8282151
3118893
2061522
5558458
2731154
1440504
4224278
3997085
5988603
3776943
5109190
6604230
1261738
2656133
4483260
9932014
8688944
2662609
7070484
1698754
7240090
9673556
7853928
9133820
6438975
9522982
2935731
6400925
4153721
5560578
8002263
2198985
9284016
6568554
5628025
1675006
1781522
3621432
1180170
8040498
9250015
6731651
6237025
8572553
5846048
8194922
6564804
6952752
7457911
9434816
4936966
3334617
5719250
3738580
5814410
9901075
6340345
3594779
8236837
1472517
6198535
6475261
3741858
6267270
5935478
7199225
4656991
2710620
1295443
1923317
5742740
1448656
6213392
1841126
8960116
8821162
5192376
2655960
8079083
7170767
4695165
6906650
1706248
5147763
3221933
6223178
7025013
2948796
9430659
5761720
6404129
9653301
4252378
6900602
7028990
3814955
2093885
9045388
8518054
6444712
7994713
9628449
9664281
2732745
1167764
4938250
2607521
8953022
4474678
4137474
9312534
7543966
8969861
5390932
8365502
3374501
4124912
8820777
3833420
3516299
4962977
8404530
2044169
6358593
8963509
1982126
9685264
9981579
6210184
6297176
5459699
6058997
3212713
2680049
8509756
4898227
8031405
6842021
3391821
9263449
1704351
9583581
4947113
6773427
6009877
5017056
8980043
3497538
6759710
3380262
5315508
3884948
9905175
3601403
7753027
7503294
9951581
2205964
6658044
4975417
7600092
2898002
9262059
3976791
2747718
7397400
6618337
6511840
3998240
4860266
1113245
9049997
8463286
3980444
3983879
7081312
2668783
4226996
3330453
9927070
9039611
2354677
8653648
2411306
5401768
7843209
1280625
3774912
5786836
4257162
3156837
7808074
6673149
7181613
2359216
9916002
7953780
9835403
1013805
9361829
6446768
2763789
4670644
6378736
1375359
9923188
4821972
1759290
6688920
8730691
1955519
4635662
1613387
1797961
2720325
5024419
1532697
4287247
8889209
9488602
4905696
5021530
5881392
8219539
8763375
5839453
3172839
4381291
6490872
8046718
9416964
5838742
6984163
4497027
9833717
9885206
8156287
9295385
1071285
6065750
9133203
7244417
3761069
5103205
7130963
1586135
4347255
6700114
9659950
8356800
6876669
9544032
7361156
3120048
5017920
4921062
3852405
2509206
8398965
3788166
5508821
6504676
6755977
3360391
8367355
6458238
6338438
5450002
3049081
2351998
9036878
8926214
2867749
9557730
4354755
9411896
1715670
2219219
7119945
9948490
2711403
3075474
1744931
9578726
5731589
9135873
4163514
9315928
8475988
7562828
5506108
9608006
6908751
9010546
2811425
7582796
2363069
7418100
8629257
8039864
3772465
8235032
6551554
9047967
3294995
3285274
7626597
1520474
5450328
4429360
6603039
4441953
5248723
3649209
2918733
8125121
9060581
7792129
8953281
3250621
5072016
2097523
2637474
3595967
2940202
1565340
7261168
9040825
4648365
3655000
1473572
3874333
9207723
7572507
1480181
2772469
2203039
7692446
7022775
2172127
6135326
9271587
8960286
9525609
5537900
7815783
6207585
5447749
1857066
3920420
4844602
8629417
3413805
2191616
2724489
7458054
5006571
9954901
3958040
6771042
7166479
2565214
9772026
8692500
2762028
8477434
1441356
5858332
5283725
7107808
4934365
1112476
9446058
1053472
6456234
7835511
2593144
1474706
6367170
3998597
3610136
7863773
1309768
5026672
1452207
3134437
3167959
7764590
4773525
5685074
7509248
7651675
7908710
7006138
6175662
8476145
5019255
4982954
4782571
5485735
2766947
3762198
2910139
6228644
8009539
8231066
5967014
6348319
8132219
3502828
1273108
9970837
5011313
2572193
2898320
6842405
4406489
1150040
5534319
6753803
2936684
2081095
4219402
8306551
3151607
2794272
5898918
4593097
7838352
5590047
9772725
7224108
9240035
4927155
8467957
1710988
1782250
4692806
4823799
9636917
3210811
6948459
4808634
4954378
7077051
9747107
5224118
2226654
3584176
8578572
9335860
2218290
9808629
5351527
6688090
2373324
4251014
2289092
7921221
5109552
6968123
5153292
3564495
5188541
3681490
3898283
7246576
3586855
9347173
6009688
9116288
9877581
2350074
5247682
3266522
4755191
9396921
9711129
2044125
7677933
9096824
5355254
4440524
5543222
3179634
1267367
2901909
4492268
2826007
3517211
6802671
9842744
1462397
5781094
5374044
9192176
4483572
9179826
6592526
5564426
6061111
8458947
2426982
2128507
5408637
9048101
6530327
2251056
1445551
6581428
9687081
9861416
8690293
7143240
9016602
4147564
4801514
2256635
6882911
4051820
7885230
5676760
1921032
4164344
6677017
1753825
7299777
9570967
9820044
5226749
9199988
7641032
8088484
5177532
5960076
8490706
5333320
9956681
6769877
2476490
2438498
6946411
9181439
6232033
5503659
6764087
2041601
1593383
9243294
5663190
7347867
3425760
8572046
7953135
9257395
2093249
6648979
2907376
4103713
4488072
6486432
9191806
9669382
1661813
7350832
5958263
8101143
4344040
1785119
9698784
3367032
5162328
3284565
3780592
3478467
4164717
1073437
8085880
3444135
8712635
1984468
4970093
6538413
9869020
4623164
3264020
1701270
5459241
7795760
4871112
9919329
7943317
7634482
1295531
1406377
1257318
8199264
4241191
8436842
8014672
2996742
1561056
1453796
1602607
7565708
9699256
7276504
8504032
6488464
2405182
2260911
3271229
5651151
1056372
6414842
9264884
8576892
6930235
8420692
2101316
1774771
5516509
8954724
5229587
1331975
1266615
1668543
7927662
7682487
3296705
7558250
5164829
4119872
9500219
7066237
2361634
3580684
9680246
2456738
1653646
1051720
3253949
7394045
9683265
2587923
2581854
5988070
3203772
7694866
7563288
4653649
3456996
5048544
5096674
3802127
4126998
6631203
8274390
8337965
5178593
7505082
4923961
7971386
1450468
4287634
5568423
8427111
2955525
8416280
8962015
6120134
2503435
2478344
9634857
3481589
2844313
9187044
2209184
7760532
5978824
9568001
9558624
4015473
5735392
4093691
5629260
9964741
8511282
4462793
7062524
8874200
8483988
6417835
2504578
3824063
8901242
7617728
7069912
5458758
2726765
1180404
5474215
7203176
2027243
7116950
7714294
1237563
8367708
8971591
2150125
7592681
5076588
7501326
5256517
6907416
1448521
2348297
6068367
8218859
1216315
6972798
3509405
9025890
8300250
1527248
6604369
4511005
3215537
3447117
7452480
2777534
8242286
7713700
5411842
9374635
4005698
9223476
1911064
5003315
1070683
9305151
1483643
4645704
8839227
1033981
1159613
7441194
5657205
1770381
3039966
4062501
5827204
8299591
3906094
2624624
6456200
1389932
9250457
4775159
8130654
9540095
3544724
5500275
8466330
1332205
2440035
5635060
1066852
7676583
1057220
2768384
3379884
6502608
1151099
7978774
4334411
8238098
3916219
9170379
8960760
1200203
8464430
7032022
4727523
6146853
2144609
9235559
7882289
1058884
8887247
9785393
8257109
8044248
8397257
3565001
8842375
9761106
2427967
6622438
8884580
8360051
5823789
6853640
2790498
6083839
7435812
4993590
8298606
8701905
5229427
2181152
6652196
9202824
2291635
1236066
3011690
8861791
4558380
9857577
7427882
9980059
4524135
6416048
3471722
6288989
8600529
8216484
6215241
2936023
1264329
3842598
1662104
8921307
3251335
3580270
6957330
1912143
3054312
3598861
6771706
7808061
3597402
5793675
9748048
7910727
1123168
8430446
9684207
1374839
2352898
9963868
7534214
8226357
9914901
8215448
6389296
9462802
7043106
2202280
1564147
2609856
8914486
4187543
3642450
7746020
5578118
4084695
4741391
5828420
5182908
3320190
7354113
9049051
1077602
3720945
6601933
7699532
1750890
9153758
5822148
5062835
9106775
9592035
7217433
5647318
7125068
1576268
7713213
8165754
5793711
9486457
9837593
3761746
1944762
4443934
2034855
2759763
7722142
3701093
8921134
6366307
1095955
1031790
5606104
4284975
5235009
7838262
6941809
7863771
3327876
1822165
8893694
9990037
7183136
8807329
2234360
5872579
9000129
2431345
6730020
4677210
5940077
4706492
3239440
8262544
2157576
7409631
3033516
1929385
9864579
5359037
4859202
1864942
1255779
3117248
9651411
9005693
6114281
1181246
7941904
4674809
7390307
5655992
3105329
1072609
8022095
1215420
7878454
3198334
5054439
7412970
7297400
1229622
6322638
4729619
1813035
4505919
1857237
5712957
2056051
9107821
4399658
5130499
8252063
2179051
3628765
3350233
2824966
7535368
1010384
3946926
1234685
7955177
9315515
5827114
3872370
7653661
8114650
8750166
8023912
1327566
7260979
2792347
2328975
5481170
1519367
4305187
3123711
2616097
2291989
2174620
6237841
3160353
6469573
5373723
4933274
3819358
8224184
5589789
2073925
1175957
1714089
7461736
2506572
2518703
8990720
4438160
8285459
4419979
6406707
8190805
6250913
5509620
9778137
2464298
8288827
1929074
6561933
8463632
5363231
9719356
6014139
7708833
5597018
7885259
3153290
5764841
6792326
4559497
3055398
8260975
3919204
7358504
7006889
7668945
3902865
8545296
9107237
9493581
3347560
2376496
3031696
4274268
4768053
9533558
5544653
8293880
6764625
5070809
1870291
8429695
8363295
8341203
6965500
4479664
2357217
1085101
4469292
7737042
6616312
1185842
4258396
4682803
6621238
2831493
4179842
7132046
2179937
8501391
3279839
4415110
3076103
4515280
8695332
3118671
8350521
1120855
8360642
3861100
1017765
4538701
5049421
5765906
3965588
3671083
7193484
9080236
2169916
1628619
7966815
3127608
2079875
4066652
8567309
8599758
5971665
3046320
4285482
8557569
4084880
8282480
5373345
5450974
2891971
5574959
1650596
5823697
6140864
5622811
9771373
4731048
8579403
2949712
7355439
8579375
8137361
6181702
9063582
1254585
5265598
8597867
7614680
3232512
9788795
2380492
3045358
7109668
8223815
8390508
5446355
1866575
4966065
7515767
6909088
5694906
7873647
7109136
7677698
7702280
7014559
9182727
5986177
7540368
6823511
3663206
8893037
7475192
1737898
4501418
1618855
6936700
9569914
7327823
6696841
3134286
8824693
5647621
9656435
7278808
2165486
7585342
6347571
6203805
5643864
4666665
1005648
1933501
5298209
2383609
3203315
6303639
1611945
4719134
8116467
3478345
7102173
9835669
9194876
1056787
6252532
3575835
4566619
1119641
7846790
3178429
5685416
8372039
3859716
3018763
3575759
4669711
3879576
2185962
3753277
4528205
4479578
7625545
9203237
3587020
8661931
3458668
2457516
2551266
7614834
7792036
5867127
6329590
3956017
9383391
3434190
5525730
2792003
1762331
9797677
1041843
2708404
9133686
5505959
1531917
9903165
6317794
3726712
9556204
5097946
4023860
1403365
8657477
2253578
3163739
7756946
3125707
7307875
5322221
4606432
8704973
7656783
6290205
4128768
6813244
7174311
7242121
8404889
8090123
9124778
8599344
3598162
6916079
6652121
5584129
2231164
4918086
2905523
7743694
3318367
7985748
8726792
7621024
2639776
2410344
4176252
8516964
8977163
3383325
5114843
5142594
8216963
8372476
8445331
5165006
7957955
6869311
7577362
7952919
8363792
2341616
7843901
5443165
5361213
6263024
3997001
6518113
7297626
9889428
5190650
4457236
1863931
8659818
9030646
9513777
9641952
8170137
5322629
5609062
8006150
1993382
7826024
5415533
2402889
4345043
1517907
6239994
9589108
6405026
2164936
3643085
3476839
3859255
5148560
1910311
3474916
3820187
5847257
4380121
5569270
8178653
2163623
8277879
2781630
3563475
6955192
3679084
6810139
6513406
6101689
3952231
7576373
8108107
9857246
8936563
8433830
5548086
5693346
8263269
7638150
1922953
7405211
4300590
1192850
1396418
5727480
8187409
4742776
8604499
9438939
7272494
3472898
5328067
6781325
5265404
7574620
7380274
1043298
6288789
6725124
9357945
4534890
8416491
3688653
8370928
2875729
1183896
7607375
4783113
3706132
8970196
4435950
4543705
1955168
8894528
6155846
5294583
4355145
4983135
9529520
8582973
1578979
8405924
8365940
5754924
1429505
2928101
8913483
2787180
7587976
4951855
9386639
4594096
2412782
7381300
3853825
3557240
6211285
4271968
6904182
9068272
9052606
2774409
6167968
2557558
5456107
7403525
6626677
8414777
4393622
6543893
2275902
1915260
5820295
4860670
9107134
9737210
8013526
4250296
8428541
2920356
2378557
8029824
7282928
5719110
2450137
9338184
4286918
5017735
3587069
8472143
1037073
1286607
5921779
6214475
9431119
5239875
3793296
3559361
6410517
4361260
5621683
1213431
1902359
4836981
7794650
1047490
4859414
4676179
8873824
5928185
2888422
8753663
3618391
4793098
6549659
4601951
2868222
7071722
4017680
2790019
5748191
6532968
4217683
6883850
9919880
9832603
2694960
2228133
2979811
5080314
1260953
8641139
4067637
5023498
7065327
2631308
2477807
3126450
3448559
6246617
8013172
2457706
2539388
4197088
9919400
9617746
5214724
5054942
1688177
9964511
6502674
3480077
3377166
2600304
3349808
6521093
1879504
7874431
6212791
9228159
7406392
4103346
9371701
1697972
7005935
8442897
9171577
1692260
7769052
4445587
4117565
3823858
8115942
8234513
5314545
5009772
8598982
7604892
7081440
4117609
9124487
2625770
3317249
3393803
6809117
2708075
2456668
7064421
4397087
6871802
4353431
8183862
7329955
6106031
5697757
8332242
3990197
8026769
5859690
6258017
9748275
6519208
7771381
4733121
5395528
8734897
2367353
6498375
1890243
9691563
2828450
1696419
5434835
6094863
6087441
1340257
9648289
4065116
6534860
6209292
2487690
3628368
8768453
3874285
8146360
2478258
1076741
7028529
1148124
4355084
8272245
1170536
6149322
2058743
2617353
5841002
2750128
9577998
3729737
4579092
4036340
8765893
1649918
2916720
5870058
8270354
9181621
5750387
8249711
9363593
5511410
5892831
3033509
1571845
6529141
6326985
6320075
3681794
4499810
6185909
2931063
4707848
6180687
6821533
6543603
9994178
6263343
2518352
9099506
3701677
2490709
4494199
5396269
6175660
9014312
2699764
3851551
1561144
6125730
2434787
9356889
3883508
2823748
1177346
3316994
5927326
7746074
4371309
3876079
9026914
2215462
3124226
7060059
5676681
3966316
5124771
9805379
4064398
5727897
1298137
1775393
5485073
2550545
5023062
2205826
9692133
7159700
5666387
7477702
5632324
5680140
5107864
6284532
8102434
8521013
1765146
7216887
7904414
1347753
6328126
5254329
3422421
8564679
8189820
3606427
5545809
5453951
9674718
8025678
1398111
5522557
2551848
7413009
7755902
1764656
5216850
6997191
3579827
4609526
6331185
1225076
2889466
2221862
9747252
7806356
1552279
5406521
3657545
9136024
6476490
8668885
4904863
8857278
3389920
8067192
9989959
6105291
1380518
1536318
1447860
9067624
6696377
6966350
3311841
7379863
2104185
3375591
7725841
7255440
5990748
2359491
5878066
3364156
5737502
8788389
9490715
3940749
9795734
1348740
7092340
9141112
8919076
3001492
7259701
5992656
6018759
4820845
7275783
3418112
4081227
2847322
5174022
7374181
1791263
3186881
6530472
9385542
2786373
1671210
4715831
4988401
3817378
6732077
4004282
4700659
7316405
6459580
4917362
7506931
8649764
6535307
8109120
7638059
9874930
9504728
9656612
7411204
3636173
8988570
3470304
7046414
4112324
2931722
2701306
7868249
7936918
6320904
5066913
5497970
7517670
4094508
6631847
3278717
5680842
9804074
6665965
7384236
4109570
7721313
5546204
3611673
8816197
3379200
3909391
8906438
9498359
2593877
7485774
4821422
9418104
3343732
8361270
3161799
9196630
1659904
9678196
8235991
6444066
9819737
4176176
3242544
2920160
7317986
5328966
7651146
5697944
3985389
2990255
1722619
9192521
4396102
2941054
2324757
1504637
4498777
4328199
6136796
8871544
9139008
3162266
1482914
2329674
8190509
1308269
7832449
9619204
5688113
8065751
7720757
6014215
8699430
8595001
8369364
2761016
8514943
6337847
9291242
2801615
8752618
1539876
9448693
7543631
4941023
2261692
4350394
5429776
5186441
3518794
4294402
1885624
3240909
2004586
8711348
6326472
3859003
3294569
5573456
8045842
5483920
2032392
2849285
7933641
6634149
6646304
6023472
9493680
8562616
9144543
3340915
7487413
7501206
3678896
9443949
1289495
3279905
9806905
4920091
2637505
9049283
8945022
9583947
5844731
7653168
7540515
1076472
3532662
4320657
6427790
9387975
7467269
6462546
8711467
8119453
8418027
1543369
6554953
2001435
2392911
2762369
6539617
2398199
1178828
8486947
4938103
4594744
6848805
2133632
5036506
1099725
3836246
4105662
2874181
7093515
5149253
3526812
5629288
6962690
7130839
4535011
2154496
9615866
9658015
9270187
3308706
9620303
7947698
4153095
5651288
1672550
5090902
9204302
2432482
8028491
6757017
8435143
7448862
2457769
8978173
4721200
9068866
3285349
6073425
1086443
1824773
5588567
7669339
6572166
6658269
5659173
1130609
9596645
2217956
7142334
6211942
3112782
8039764
6195376
9655394
6501841
9818673
1306535
4772683
2518098
2898566
2094467
6389215
2337204
1729415
5992916
7912676
8089700
8141077
9760373
2851766
2643135
3932961
5099650
4066815
5543265
3006888
1172279
8077830
3711563
5453724
8963110
1608798
3715440
3515747
5472916
7122878
5773468
1443256
9033137
3223537
5366402
8946416
6064755
8070628
1235040
9186839
8399694
4695773
1233297
3642745
7376082
3590731
5793391
5306620
1562016
1003576
2884770
2585066
3240458
8446362
7712138
9655437
2076935
5373769
4909061
6311667
8439375
6942668
7754653
8927889
7339033
2921228
1226321
8262916
5173999
5301482
5774654
2004146
8693994
5218412
2390186
9497935
9679056
6109522
7273390
4847164
2699910
6232967
3472509
4638921
2685939
4003187
3565013
9631259
7447156
7333485
2684096
6113705
6814389
9041422
6586503
1806368
3131250
9111073
6462516
9031271
3979915
5608374
5329283
9030461
2002877
9414806
4095845
6669822
1358147
9808080
2611248
3379076
5028168
3479538
8065574
7049193
8517959
6405076
8032031
6297835
9479937
7317838
4035030
4082089
4132570
9252105
4042702
5970890
8788817
7991219
5172063
7759805
6255386
8168076
9244577
2317978
5795930
1167389
7479667
8980775
5491198
6065865
4140009
2508855
5163897
4783548
6884752
7093166
2307352
7768640
4029790
1546655
9735107
9540014
2239291
4014806
5045010
9294977
6232614
9336305
9395401
5168198
5353606
8183529
4506482
5693872
4235086
2982126
1474901
5917512
2703435
6604209
3111319
3142401
4633549
4111803
3608301
6150185
3353455
5568506
2829051
9922876
3854789
6115229
6219021
2520467
1894178
2086676
7229488
6811129
1183747
9297466
1862062
5353502
2848284
8209231
1531173
8555173
4935484
8773918
6128835
9338136
4192223
2871869
8769121
7910075
2078288
4064563
9936696
9696254
6612153
4798836
4943236
4700492
9623561
9747015
6197491
2394752
8839168
2225736
3716618
4902967
4979994
4041610
5747349
3395840
9506837
1933332
1669385
3577904
5988641
2459148
9163832
3908499
2621604
8203826
7120175
9605052
1838887
8121859
4458671
3938046
4966368
3681086
9907911
6297267
3898524
9774402
4819658
4157753
4450697
3483222
3144818
6792637
7779229
1621123
1549265
5423599
8259303
6088796
3871728
1594517
6902896
8458846
7032902
8485372
5017421
2902962
3188310
1828680
5574212
5620751
4221030
6223853
8239001
5032828
5152151
3317366
5725044
1153971
3163814
8513795
4207856
8688033
4463934
6922000
3288578
4946762
7047415
3806639
4894532
3695626
2550767
8707480
1446173
2198454
3807747
7645463
7226319
5006753
1719531
8116067
7645405
1747323
4062640
7340367
2154327
2399635
2160650
2821274
6239747
4244925
3479706
8695841
2761386
7480334
4763904
7105139
1086332
3992196
4764186
2908165
9127841
7624067
3479898
7687932
6613085
5816378
7334275
9155240
6400734
4068964
2466496
5689745
1045285
2565483
7946657
2583849
1848335
8842278
8917042
6994272
2173695
3137923
6598074
1988695
2142762
7211392
6257741
5220524
7663167
8468051
5927054
4976052
3960241
3812330
4023813
7800391
9455906
4515853
2909913
6728244
8018157
8998623
4308906
8460373
7983376
9255363
5377357
1652350
5188725
1053146
4196901
7432015
5541275
7340442
1155881
3541990
5738908
1553081
1923005
4499327
8674589
9419112
1406016
2391209
3429732
9220356
5050043
3259618
2308882
4381145
3393470
5267698
5279861
9689981
6016308
6508627
5048423
3643401
2519058
2606780
6419795
4066677
7948522
2158540
4914135
2645199
3635932
1225488
1957765
1110744
8862763
9475569
7758468
5975995
8660589
3259517
7178004
9390187
8888796
8515408
4436207
3730136
7504075
3454558
9798090
9339789
9409266
3140576
3823099
2465833
4446826
4157145
9097588
5781368
5099380
1798212
8196013
2759341
6478835
8506332
5324384
1861054
4054906
8483591
8311662
4207516
9429120
4633824
3021663
1467022
7056496
3532576
6564871
2728745
9069725
8484392
1014339
2478190
4961555
6185389
2946211
1701440
5245448
1318400
3800546
8273664
3129266
8206841
1358800
3532039
8731762
8370943
7181904
8137983
5043438
9592247
9759997
8349342
5672508
9135111
7121960
2372032
3619257
3103622
7276285
8467169
1147514
6071234
2713220
8690164
3902106
1478572
9873027
7836386
9957555
5210852
4732096
8623586
9700072
1307677
4875235
4388337
2048606
6609069
2399098
6705647
3863050
4544052
1577495
6453846
6712741
3423334
9101780
4723287
2175677
5324086
7782839
8015378
7425701
8254240
1197168
7698994
1991373
6845267
3215103
5469796
3819948
3816762
3815794
8603250
1494297
1265702
1212364
9339264
3585273
7214682
9940930
7037217
7278931
9356530
2872095
2696535
4756224
8648624
6644935
2909477
5456382
3080036
5967704
4410131
5676707
1056248
9021612
8491710
4876910
1019925
1893819
2267481
5849785
5036022
9353374
4653060
5180811
6640263
5104366
7155719
4282314
2675705
1301899
4333355
5340749
3253861
1182712
3736117
9494607
1419546
6295588
5662208
7476992
2624901
8587780
8291126
3075894
6836668
7594651
8793322
2117698
5669095
5049115
5709397
9346461
9711563
2629925
3965740
6641408
3432564
9088365
2644186
9916946
7051007
1674809
9760351
8083836
5056193
1778504
8542980
5172121
5448472
3624783
2410810
8404553
2340300
6865246
7895439
6971365
8564192
1866722
5278860
5808332
7004411
2066627
3987117
8378076
9457518
5462766
9518141
2141501
7835234
5168941
5569870
6960663
8452575
1113137
7780626
7740771
5997371
7104050
7412122
5115935
9968733
2727917
4586664
4271707
2488109
6242252
8184754
5781169
2554906
7466532
1715958
8904658
7433287
3974488
2015156
2020090
4038867
7050266
5759949
5310661
5778627
1967634
8099894
4755292
5380366
2010583
3350105
9936648
7098437
2243098
4411784
4831143
7508766
1860386
9357214
8822587
2859100
1942449
7265460
3949087
8613852
8312518
4427005
6181974
5250749
9245948
8723135
2447740
9102893
6411536
9570286
8322014
3662861
8746432
7508391
6010981
4364224
6927054
7175238
7976493
7322389
9462819
2467492
7526068
5954382
8567697
1178672
6042925
1732941
8277425
5523305
2773108
7838234
8670571
5551029
1829277
1016147
2233300
1978145
6591333
5265905
4126066
5583798
6757578
2886578
5916250
8819892
7073590
7523881
4215482
9869614
6149078
6284702
9842035
7947201
9653130
9771811
1404702
3327474
7952693
6218420
8727280
6050915
4776115
9660554
9850808
5657842
8806890
8323836
9327749
7624431
8900026
2715282
9533412
3170167
1861774
6110504
6157766
2263665
3579412
6854268
6642241
4555749
1443017
5843220
7529005
5332788
2076269
5198734
1731055
3701368
3148374
5101254
9831506
6724473
4302113
1553373
5121681
7710984
1643907
4356844
4234225
9349500
6217533
2166790
9330955
3234054
3062638
2866786
7150003
9846594
5559725
3710276
6948223
3606280
1211115
6919669
8909008
4926882
6563398
8415909
7246422
3993302
6359541
9239547
6638652
5883585
5621194
1361240
5801163
8097130
7736408
9070269
2053084
1864436
1722750
5631690
6381048
9012014
7288661
1391650
2524750
1104837
3499058
4524906
4914703
6709209
1883800
7178031
9022442
3347948
9539005
7749671
3006495
6073975
9768567
2604367
8125314
6605463
6174083
6056564
7810255
5896996
5736242
8579854
2042532
6185250
4150897
2903750
8093343
7729937
5153203
4482841
4827540
7559903
9679485
9264212
6485611
4410686
3703373
4029823
9423317
3410319
7493480
2781334
7733225
4820797
4238655
4766514
9228575
1887399
3319229
9811399
7845799
1093365
1341744
8138566
9763751
3400204
8613137
6853603
8565776
3784348
9724274
9712369
7713819
7681942
3959555
4257513
8759910
4531579
2122560
1865609
8111909
4237328
7872635
6764761
9929158
3427502
3176961
6552264
6665509
2229942
9952492
1849141
5540649
2619105
2477701
4291979
2907641
8438133
4782291
2707332
3355359
4673107
5810436
6941838
7011383
6943085
8768247
9282890
8874003
4364054
8638884
1764337
2751471
8465074
8645009
6608011
2418636
9516914
8025782
1759595
1379014
3767875
8442276
4090407
1969899
5793509
6699839
1437615
9492321
5826987
8435597
9789279
1757690
6557663
6425940
7226235
7746153
9902222
9243870
5899463
6353553
9010093
2211867
7651142
4878329
7687911
9522789
2651597
9901276
3869700
3388062
7441538
6356190
3797815
3467957
7352246
7585496
6002436
6646152
6058013
7590164
9398988
2893028
2186406
3202964
3522422
4848039
6732027
6737229
2535484
2195974
4574935
4353137
2541711
2321707
5315390
1898474
1286760
3322487
1916574
5210082
4376109
7166373
4641088
5554431
9291515
8242894
3968939
8830828
5262038
8758857
3119957
6434835
8455979
8352234
7706439
5083111
9512253
1197035
4025164
9309341
9209076
3334185
4777557
7028474
6639487
9168965
5465324
8632583
3687521
4242091
8323411
9007650
4549599
8148591
6197177
5732335
5189509
7517075
9619672
3678571
9723088
8040677
1451758
7711713
7988667
4501317
7241493
1140789
9190377
8129221
2630785
2169885
1967787
2617705
5050582
8057200
8564783
9659213
5724644
6872662
5697030
3086566
9276928
7359967
3917840
2157088
4355264
4812209
4034374
7361255
2361490
9991577
1505188
5913346
1044985
3634114
4263217
7803289
1706405
1999875
2866028
3622359
4590767
5386578
8124053
5486442
9034030
9093398
3389461
7744760
7205083
8126411
6801355
8585401
3783519
3139123
3469405
7070441
5321929
9346869
5533423
2999405
5506745
7389960
1671107
5344972
1535546
2869889
3835337
5018636
4580500
6146940
6082054
8086249
1497151
9070757
3312913
2500593
3591857
1506532
9352440
5027263
4939352
8139555
5340287
2613137
9783844
2335485
3594824
5995848
7091579
9954564
9386190
4677949
5967824
6391855
6496651
5749819
9701262
3221598
5055418
9960540
6549422
6228492
3256695
9256643
3875560
2753936
8233282
3032947
6782981
4085584
7708578
5087434
6794259
5726210
1348070
5513374
8816691
2580576
7279495
4309555
8528460
8851304
2671401
3337877
7410594
1693709
1657408
6197464
3631873
8924093
9352463
1665834
9358227
9045008
7702796
2375186
7769489
7128970
1262880
3116999
8540182
9953165
6358410
6445935
8723471
5081118
9079075
6727347
8224271
5957074
1802044
9128635
3179583
3976468
6434723
6492427
9080627
6263702
4074949
8157497
4578967
5726866
7252845
3472074
9931336
6639484
9928107
4482601
1855999
3407494
4987087
1196675
9946984
4901583
1517268
1379778
9629329
8689513
2228827
8916515
4692222
4703429
5465036
5859830
7937945
1557758
4291105
7868722
6954374
3418814
1394878
4900338
6192661
8084049
5779640
4044496
6392785
3748292
7601462
9893660
6468469
6189689
5824117
3628282
6240254
9004426
7198693
1985109
1248796
6736920
4387313
6324484
4067202
1708143
5925980
2039287
4405468
5275671
8757510
8852381
3638112
4167802
7364431
6498198
1761278
2426861
5484498
3767760
8893745
3702429
4022162
6416576
5694519
1387287
6346803
5759935
6904093
9746035
5206303
1581055
7280436
3388830
5921353
9957608
1244256
7282691
8240526
3756051
6965134
7056918
6450167
2280930
6575877
1304445
5423131
3358138
5530262
1660506
4681378
5827294
3027886
3060089
9107044
1608809
1210634
9064659
1437935
9714343
7623497
4772157
6046120
8359953
6298013
9133040
1125960
1809764
4996571
3445493
5228872
1368413
2107891
2205869
7502616
1073107
7766073
8476538
4437640
3101360
4744033
8176398
3820170
5205709
9896522
7424974
2604366
5843818
6536817
5070626
8693901
9911111
7552198
9905500
9050210
1862305
8388763
9671746
9157586
3258636
3744185
3033594
5521644
3967529
6305229
7714001
7168396
2206981
3819776
3874343
9649657
9490959
8701668
4703291
1480430
7303411
7630794
4257551
9374454
1636247
4544304
3588344
7759984
9808753
2760407
2266116
2551602
9796227
3061939
3392647
6687306
3604276
3265084
7129156
3478048
4101196
7652898
1260213
3128183
1435852
1462301
3894776
7898834
5091432
5051874
7091990
2184883
8474274
1178097
3545008
7380799
1556036
4703435
3959560
8593853
8771770
5029442
3173033
4590653
3616202
8849320
8775348
7048469
8262832
2959721
4026249
3685383
8114074
7223797
3454542
8661438
9032828
9376469
1072223
9378871
6623825
4101791
2069778
7669501
6185520
7545541
9176741
1747916
1270151
8329863
6877895
9948119
6804598
9408009
4183423
1221733
3315530
4725055
2991229
6940758
4618900
2992516
9381628
8010692
6460645
6061194
1321808
6908037
7142377
4521836
7788881
7348492
5921822
3299680
3313956
1555119
3576303
9725896
4178531
1562371
7107825
5923751
3987304
9297443
1763449
5533616
2814907
2416784
2821463
4701114
1856853
4112370
2533044
2019473
1938513
4070269
1471108
7364774
6028654
7445359
7160551
4893734
3349827
5761141
1165218
8378600
3462400
3541037
7222260
9596927
7972380
6642439
2916952
4990959
1267808
1566469
5565847
7330109
8536208
8503777
5727942
1307487
6431793
2696717
9377123
1178323
6467068
4283989
3639048
7349708
7817821
7537121
5271242
2980294
7935720
2816854
1747057
7575867
3672153
8705821
5651603
4084974
7305734
8149051
8313167
1506276
3310051
9335007
2812643
5241394
5859186
2234747
2859947
8084466
7166213
5010890
2953719
5279247
6179761
8445615
5911111
1298560
4571345
5214014
2011109
6371858
9142260
5596372
1770975
4899037
1820708
8722528
8714336
4752856
5879316
4649029
1834539
4924041
7893477
1713240
9407731
2102933
1182869
6356036
8142745
4574133
1078404
3943245
3747138
1290825
5043300
4779825
2433044
2900678
5777213
1960682
4506894
5166476
8658907
4970257
9313026
5212947
5386133
1533980
8637615
6102979
9807866
1503240
2841791
1765410
2936985
4726866
7073881
2902247
8320621
9873503
4655588
8873006
2351267
4835451
5705690
2928453
1401930
6449790
3297732
1006435
7608598
6750859
7094231
4749816
2534353
3106610
4797355
1275168
6067999
6713525
3901524
9821105
9295852
6157992
1873183
7622195
7367668
9535793
8382635
1693551
4713902
1721839
8768289
2618464
3671318
8019063
8741073
2505287
5464598
1264058
7265962
5479642
9210320
2688834
9321430
6469276
7319626
2802843
4070960
6945352
3407287
6580174
7382755
5898855
6113374
9859465
7424800
2482625
3682153
1417498
4294779
1434096
9845516
2645210
4651555
3921871
3404880
7199399
3275388
6049170
2848763
4186825
6070939
8235888
2777758
1064502
9236637
5878714
7575931
4416048
8690404
6571919
5761552
4515596
9736943
3918888
6770693
8722319
5440213
7342863
5556845
7231089
7469598
9458285
3274044
3678211
8131838
5964416
8967750
1657452
2087023
8583979
4726448
1949391
5048362
9477159
2875701
9916616
1994561
6648472
5645655
8068374
2260444
3421818
8279072
8741139
2565262
9415034
9460243
7704989
8225555
1107745
3085364
2646041
5797288
8357163
7063985
7027470
3723719
2925174
3097452
3201004
1138750
4578838
9157734
2308400
1382955
9177797
5804361
7042335
8877398
1562360
3755409
1516399
7664491
4254924
4613785
2525637
2950482
1878751
2828094
9939161
1884653
8875388
8613938
9269879
8602029
8528366
7124511
3233438
3137618
7990133
6835317
8417419
9221053
7757975
2477458
2529168
2876787
7086861
8466957
2031325
6020848
2794398
4996703
2230112
1765221
5072330
5319087
7336905
7548369
9709724
2382073
1482278
1303479
9412898
5654938
4154990
8133633
9615097
8009338
7281881
9448689
8373314
3313046
6741036
5028608
2013041
6451113
2613907
9523349
8628996
6219062
5295206
5619747
1723472
1475125
7652238
4898911
3427510
7851607
2907649
8663005
4009013
6762040
5522344
9850886
4597722
7398369
7106274
3631736
2550162
7206966
1315682
8093882
1706272
8314498
2338612
7633754
1512553
2353117
8500317
4250598
8805356
2121400
2023455
9838787
8962320
3984325
3183515
9003437
2911382
5737477
7179665
4008267
3636462
9646831
7260483
3661358
1984677
6915962
7367929
3260326
7201595
6277576
2759105
7701331
3191023
7260294
7876769
1142723
1363364
7710738
2665977
7443979
9239814
6101932
5686500
1571619
8783109
5897389
3474593
1167533
2512109
2195166
3191599
5725130
3105107
2958364
3437825
2404041
7283354
4692820
7614815
2812665
9545698
1148846
6931033
9437919
9904846
5794183
8087720
4080003
7082353
3037078
2545250
9901157
6832341
9703152
2045273
1808525
3930023
4398886
7557970
5663104
3077186
6931788
1596509
3427278
1001110
4065430
9103560
7525685
6791002
4001334
9788752
5639546
9697657
7920790
4504393
2138582
9348058
3306882
5080557
9455800
5323469
6683062
5824828
4197912
9028495
6279096
6674770
3139297
4863852
3181713
5989842
5060089
7470270
3856553
7568318
9262574
3902483
6647230
9019625
2383166
8964588
2484801
8729539
3520707
7630178
7486861
1377427
6336569
4338468
2771332
7032260
7661230
9604827
7356488
1140054
7215941
3918382
9382867
7515573
1776038
2902241
4677684
6822695
9492421
9785688
8826151
9146782
4399758
5282682
7769103
8494253
5547242
2416113
2963922
2644568
3974961
4996621
5962577
2460676
9845036
4672392
1900099
9674573
8854981
3892196
6601261
2645558
5645646
5548977
5774848
1319995
3405482
4503659
9394446
2924931
8425564
3158783
3077482
7611441
7239466
1445742
9350108
1186650
4585901
3547019
3178494
3192081
4495352
2898910
5048247
9008157
4147619
2719915
4676305
8097292
6234035
9412108
6264504
2963169
8665319
5480507
7147025
5170216
5317985
9225196
1813108
1457963
1996143
8243543
5894216
8533501
4459254
5413203
2591226
6463283
6274170
1962334
6227290
6388659
2626380
4325497
3460690
9190564
5487121
3363120
2848003
5309061
4540010
7943672
4608509
3451161
2589573
2439280
3344155
5294144
3287936
9559626
6038649
3206882
1846773
9467459
8889428
5637700
2885670
4350990
4574972
6786300
2940806
3014543
9952824
3858497
6831266
7939330
5345526
4915484
6680746
1117756
7075053
2813691
8427040
9446154
4469009
6535908
6891932
2673334
2947890
7430471
4243001
8094952
8277746
6077996
4513056
8924520
9440481
4646731
7945519
3175297
2447031
4391162
9795013
3955521
2451181
9716993
3624109
7528094
5095928
4503113
1386980
3200307
5509155
4543667
8206408
5529575
1800967
1007430
4307296
8721646
1340522
3084480
6134594
3174441
1659378
6610189
8682213
2986409
6395268
4902805
8044675
4578065
8183358
1700976
5563690
2340249
3285197
1765045
1839584
8440303
8836011
4468720
4951473
9315000
2156408
7801457
5520471
6117684
7295220
1667841
8337860
2855103
1892055
4194416
1751374
2060595
9041933
7725578
9868919
5602667
3530001
7482408
4034520
4442787
7586469
1611810
4010602
4260603
9437163
3481186
7716593
2716378
7277988
6062484
5671878
9255407
1803842
3205177
8262527
7372179
8448043
5590875
4838909
8218442
3725005
9303067
7668561
4985129
2744856
8461286
4511819
6835409
5376477
6539142
5507809
4679897
5801793
4645524
7249721
8445386
6513949
4808076
9472275
4656515
5923830
2792185
8837910
7258685
3146708
3543951
3556790
5972841
3087105
9054423
4426302
7258422
8569823
2976389
4787455
4604783
7717734
5005925
9036309
4370432
7153722
9943540
7927442
4321688
1932389
2195595
5005898
3837610
9979062
1089654
5337147
5567183
3960821
4794467
1059542
4272518
8512449
9219382
7984302
4979035
1481160
8731321
6512892
4787557
6714403
9210993
8912653
2055720
5019468
6619084
8174473
8942747
2101821
5478006
9839392
3683973
8853606
8418442
5571602
3358145
8382409
8064294
9015195
3009824
8567030
2836119
4272314
9360237
7334494
8916851
8254493
7694283
2873431
9971398
3715691
7399483
7495147
4284900
6370413
9864698
8480157
2953630
7414810
9254855
2050937
6099791
6983933
4787266
9577047
4537878
7809093
6630256
5518892
8812382
9023337
4777243
1427020
6294744
2226998
5084055
2510144
6026442
3737142
5079519
4016959
6825409
2793854
3101661
1914829
3400930
4762837
2262600
1993197
9261023
4160060
3613224
6196292
1242757
6105503
5713909
2265420
5893169
8783254
1988637
1002929
3178147
3619352
7659621
7173836
2056874
9107325
1928359
8835321
2810047
4825517
4038585
3650007
6291054
2990122
4521710
3834715
6355119
6697784
8034614
8924689
2384979
2400357
4286433
8853617
5899738
2013688
1355520
1345754
7367521
7988922
1514732
7902637
5472952
4511067
5650784
9975817
1042642
9501251
8315585
1643550
2154582
2388855
4964991
9587888
9104658
1452131
2625427
3744426
8997775
1203658
9870888
9931036
8187199
7839751
4934358
9126227
6031123
2473662
7063689
7175380
5011113
9659813
6643968
2175476
2325795
8154025
3878706
1016983
7615187
4082046
3178507
8940035
9267602
4696262
4546451
9689440
3402096
6540829
6361264
4622414
5203205
6087231
5926786
8632227
6924966
1276438
3308076
6265152
6819443
8184228
4592883
8035215
7142670
7188298
4413758
5778011
5495142
5863091
6427197
4351179
8551217
6806432
4961575
3838076
6795512
7757008
7732571
3374522
8441740
8186059
9267432
4825115
7664790
1976331
7694312
2791417
5799180
3116232
6569863
4391818
2282880
9232479
9110113
7897822
5063826
8659486
8897865
2995380
7311622
6512558
7914535
8355448
1478064
5495517
1858553
1105053
1465932
3034120
4221946
7565203
2516778
8580193
6718047
1197541
5616966
3370979
7985022
4350194
9617782
6590671
9753098
4881094
4702076
1603361
1398713
2718997
1317435
1463444
6568966
6477587
1402183
2984783
7479634
4237043
5322837
7678059
2381094
5749114
6185361
5894497
5850771
9276094
2609423
3598805
2419322
4598080
5513369
7732217
3060584
8421091
2113255
4493919
6489433
4172297
3987628
2584096
2645214
6406025
5427853
8505378
7462041
1495502
3372140
6756360
6557860
2557903
3777123
1300156
6647249
2460710
9562893
1210322
3082636
1883088
4750846
2330457
6061149
7161088
3984722
3677507
3169162
6782944
5793763
2336878
2261401
1593381
2181012
6354318
9354931
7309453
1414090
4043001
7298660
9805560
8507067
2330959
4449919
6910880
9708382
7017412
2099039
9996727
6470978
2082508
8563336
9819228
3410427
9013410
2931307
8522745
8883702
9795572
6516872
7137275
9579182
8856558
5504046
2358383
9543351
1889313
7014174
6038710
8072376
4089168
1830350
3479460
8497974
3129815
7778505
2031675
1135947
2615161
9874547
6255935
1966837
8133700
8515243
6818166
3786954
5532387
4390729
8686590
7511434
9436992
2710470
7998346
6323597
7040787
1682939
6800059
2293979
6983564
8266690
3055959
4580634
1958041
5659193
6113640
2702690
7261588
3705317
5513459
8670061
6782221
1060018
4656788
9316330
9988719
5843864
3002995
9063728
6707793
9991258
3466789
5996367
9640603
6151465
4795169
1769859
2344659
7737573
2939292
6322370
1750915
4738627
9240964
7519540
4827465
7826569
9971030
3463235
3429755
4552182
9088029
4901064
2110836
8727296
9912200
3378468
9906304
7083957
1202534
5631024
3373920
8970819
6054720
5305740
1519290
7803347
7574483
9776148
8683936
3468431
7871464
7131633
8179643
6672069
5815954
5470219
8542995
2330083
8796932
5443036
2006782
7666210
8960588
3898784
9999204
9720448
5721136
5477929
6467498
5992421
3982179
3141646
6504323
9260263
8581540
4958467
4428751
1073769
6530164
8007300
2907630
9387550
2227954
2206316
5033318
6880043
2045268
8192034
9307309
8990379
4756484
8922034
7827603
8689036
7129301
8080314
7165710
7293142
9308128
2285371
2448036
7595212
6902207
4050191
5289711
4482091
5804069
8337914
6948496
3971727
3551833
3930840
4080243
4381941
2199885
5193526
7519162
2706331
5876767
8926077
3258440
4566276
6177067
2758793
7182573
5586456
9372939
4737049
9680233
9495207
2912300
7153054
8812767
9782926
9588750
7181622
6713943
9944498
6466519
7189746
9645808
5896042
9599893
3761427
5373984
1938617
3538895
1959316
4655017
8823096
8972486
1082529
5351643
6932371
4477709
3696037
8464320
4049450
8706946
2864705
8025383
1409943
4124328
9876504
1861392
7778639
2483170
1103687
3566193
8078241
3556622
8785074
3750051
1117084
4034364
7193658
8541740
4149774
6022026
4843914
3469225
6386150
4484830
6217233
8031960
5374139
9256254
7947658
6595840
1139237
5860431
8136246
6674813
7624265
5721960
5911468
6430828
8899699
2338706
9946886
7500271
4352476
3819358
6686909
8995485
9053322
2933667
6050575
6777993
4730519
7638931
5504796
1350061
1577097
7836473
3810385
2955700
5978208
4628946
8547387
7014369
1950895
8483205
4857661
4283231
3000546
9771711
3180445
5830629
8028254
5460911
7257208
7432005
4731526
8295899
2763670
3505234
1659353
6818142
8302296
6447916
9463928
1046974
4860494
7293482
7150277
3794862
1432549
4790050
4140136
8309533
6397181
9018263
2841131
3661176
6837721
3295360
2844805
9131011
2720048
6802353
9793972
7695375
8714656
8598249
3061571
4858521
2191554
5229303
3510635
9683647
4549400
6204425
7913366
4715936
8556835
2267730
8203070
8903246
5581970
8126999
3683700
5809970
1306196
9571543
9223677
1129085
6822350
1232021
4180375
2059911
9787113
4761027
4727129
8675590
8270082
4404876
3481912
7548715
8383813
5907390
9712294
8668828
8098452
6685971
9823764
3536842
7148384
8378139
9434649
9304432
4941915
2024455
2614059
8896999
6533252
5151316
6994249
8602279
4973793
9846097
8548731
2873502
8550923
9413391
2378609
3785382
4278627
3903717
4249801
4682343
2712675
5265629
7308396
1483401
7280271
9373375
2692056
2022291
7155145
5894071
2791608
8437413
2956484
1047205
2835246
9850190
8868945
5889346
6908659
5929739
3685461
1537386
7850390
3867421
3662428
3854474
5475680
5799750
4469702
2607526
3655257
8888799
8256287
5025543
3097059
1339289
9360333
8060096
1863043
3840078
6063394
8847132
2954880
2995907
8113873
3582246
6763172
7230589
5803006
4723797
3786719
1562364
8605102
4571921
1229323
3316760
4311454
2426470
1110091
6436471
5044399
1901188
9251340
6917225
4887358
8794096
3495085
1257248
8495698
4645067
6056059
2134543
8489199
6491517
8278933
8021405
1129863
6588542
3157679
9999878
7067792
4557697
4440369
2907919
6960945
8978429
3546495
3584548
1193622
9572313
9961940
5971663
8929570
7372723
7305223
9827671
2772356
2151501
3193968
9458099
3382179
9375444
4351652
8115817
5835123
8080910
1023195
9963784
6936873
2039392
2013619
9379070
2463243
5198650
4042062
9223255
1030752
3961824
4315158
2048915
4096071
7418837
5457760
3151650
8741092
4576998
9950254
8432958
9826869
1201872
4479887
1351461
1529795
9444623
4896481
4371378
3724083
5245892
4101175
7974551
3926076
4348289
7056533
9763385
6410803
9501493
4217368
8269288
2044673
8797615
6257971
8943610
8262071
5936400
9513427
8463107
8485560
4850066
4624228
5641842
1901652
9321647
6246957
5903435
7130358
4589231
5813527
9576316
6730163
3236945
2605451
7363871
2544130
8167253
6362744
3474763
5788811
1095972
6577844
9692567
2583832
7857821
8842234
7533548
6890792
6795389
2243986
8405190
1807650
9072554
6659598
5667335
8702823
8338140
7223536
4954616
1036992
4008681
5830505
2246045
3082807
6898795
6784956
5930483
5724737
3874319
3100417
9217736
1660376
7415485
2978118
7784055
9961767
5117791
8018704
7301823
2448671
3217425
4741951
4734400
6139431
9836515
6708943
1940113
5697456
7389517
3924475
8400704
6433894
2250992
8851964
6086210
5895877
8347183
8266087
9576700
8845972
1627652
2086494
3958003
4631474
9513565
3683380
7114665
1676889
1922694
3083232
7719678
2822527
7809540
1780874
5790257
8806028
2050596
7818740
3731253
4783729
9970616
5003563
2486585
3576627
5626159
5930329
2701843
9310790
6350864
4874104
6376008
1505108
6202131
3929761
1004666
9596829
8392348
4788610
1648367
6532856
9696980
8430254
4043194
6288247
3229542
2398671
7125000
1229416
5265299
6287350
4322120
6947512
6638259
9947795
7781048
9894899
5422857
8315200
9323849
6470566
8927233
1933815
7479022
7390950
9808520
5194277
5897606
2509737
7578632
2339030
3868836
4798929
3871551
9908943
7850423
8225929
8702203
5005306
3886683
7034376
5686324
4003452
9127739
8796851
9311686
3277219
5043296
5684447
9993353
1048635
9307227
6510900
4975439
4262400
1273355
5874093
1411065
9454253
1128268
5750203
8360374
1207411
3876860
8024265
6839449
5443141
2796075
9790363
7173078
4840080
7560415
4387344
9436058
8251144
3465280
2294214
2123204
5634462
3750694
4778396
7964867
3228301
5474942
4895122
9287501
9943188
6019731
3608013
3603000
7237054
3435903
4789112
9913657
4075613
7456429
6848132
2224120
6735957
9981641
9569359
1119884
6730388
5120327
2085026
7452312
1875423
6418573
9765205
4931457
3353160
1669694
8004557
1377611
7527996
5947428
5658086
2626639
3988984
9682425
6424491
6260251
3913180
1331026
9487810
7758438
6735448
1386089
5022181
8458734
1905027
6914053
3304715
9205168
8256842
8162760
4843365
8857731
4804293
2712597
6151492
6522578
8468837
3386140
2880919
4068468
8166410
2380867
6523666
9534122
4304113
5850226
2320747
6869236
8802315
2596347
5190782
5751568
5081512
4554789
3181905
3569744
7703890
6553684
8390769
8029079
9078519
7472150
4254779
2939631
8010686
1403660
7764215
8892490
4096442
8445555
4160158
4711572
3816572
8551246
2572668
9270641
8193858
4673586
6502128
5721560
7491982
8729005
1091601
2162699
2890642
6402004
1501547
3586354
1587655
9644456
9565351
4822163
1480285
1990372
3515272
1671409
2884941
5865446
7410514
8326398
5596234
3074167
7317829
3708541
1681429
1993337
8104839
4372409
6966896
1592492
9098271
4135643
2535786
3164061
2006429
2640300
5842393
9162347
4549144
3121512
8332070
8002487
4894672
5591099
9433090
4382311
2434289
7328027
5948983
1041687
4020537
6141185
4302553
3222494
9889584
4186565
6222683
2214392
3534934
7694613
9503358
9949717
9967515
8028881
8396963
3282685
1904456
2489478
9293442
2852702
7475963
3062470
5045939
5086836
2630479
7335264
1170666
7939475
9599962
9741186
5595520
9641876
6196624
9930663
6361068
9640602
2850180
7526014
6375888
4282879
9613711
2298521
3981296
1329376
1593033
3582158
9575293
8489026
3780468
8774510
8711247
2580192
3536889
4498271
1835058
1045138
3034122
4683545
6082967
5596187
5827110
4550457
7103532
2472783
5812027
8800773
4194310
4145119
5227045
5316029
8869753
9057347
2584853
9244186
7601482
7944387
1099917
3222182
6724604
3490017
6447879
2053303
1057862
4109030
7814389
9593289
9048806
9106760
4916260
1052919
1060623
7832884
6760634
8610454
3613374
6811134
5819230
6460462
4690155
1081443
1402806
9035862
5776986
5823031
5601419
6161387
3986960
8716527
1814922
9696173
3306467
9389133
4444964
4747254
6153131
7231844
4404244
1926615
2021653
8320007
5430912
4841744
5385046
3561170
9827065
4426668
8541691
2395732
2369437
3269815
5756959
6944984
5037916
6967965
7424055
8954127
7725399
5758881
1901063
5241883
9110692
1529782
2750839
1819578
2541422
1946813
1086144
2399885
2608634
8581276
7233793
8218628
1101508
9464951
5389678
2026792
4341512
4230990
3825127
6878981
9461788
1692915
4863271
3132210
6133178
5385894
2081555
4663679
7154076
8177295
2320050
6194169
3661824
2930199
5636540
8375068
7776395
5270691
8057035
3223126
8303562
2764717
9901294
8348724
1232083
6103809
2732317
1661675
6864650
7085906
5152902
4446917
1485503
5707959
1362438
4334375
9424949
1202885
1693363
6615611
8447742
7665865
7373270
2900862
9370945
3236002
7960438
4178151
3613150
1938745
5267023
1163827
9248232
6309919
5214306
8692234
7386961
4199489
4373158
2823055
8264164
7144714
5479132
7513097
4324459
2138453
2670976
9708201
3724016
6953742
6641115
5173431
7016929
2200932
3859957
9455325
4484620
8197740
8426472
8680720
9206986
5120533
8820560
6034583
5921593
8929796
3743135
4950841
8353698
9327437
9226951
8607993
3358667
6138476
2352067
2674818
6392612
3428057
7042092
6136208
7113492
7194639
9060135
4676392
6944627
1444245
3583500
3183045
1837962
1627160
5634762
6593589
6661067
9028563
6304311
6529761
3130225
8655914
9693751
6141802
4916213
6443927
5621576
4114862
7470954
6110715
8970217
9154025
7156533
1410646
2732005
8259384
6683949
4965010
9622080
3876857
1030859
4779642
3334012
8908623
3723726
7539272
3262600
6154114
6049518
6854555
5790470
5377091
9680122
7006023
7463992
5013772
9478288
1023431
3606022
5551078
3392185
2954061
1432558
9524740
9946527
2880698
3367304
1196749
8437163
1010857
3471349
7552567
4191487
6697254
2202724
8651983
7138701
7166717
7597376
7000725
8699730
2212844
8832186
5989891
9354611
9478266
2683182
6937454
1554162
1979489
5754292
1651910
9346381
5887398
4296070
7128376
9295091
8302474
6381001
6193714
8041251
3529049
2281146
6646598
6422372
9134175
4498934
6042280
8314907
2112058
4121125
8024402
4571788
1409611
4660293
6087431
9235248
4073990
8965775
1717875
3135726
3806377
3433671
6440177
6882106
6541258
2113445
7564391
1985351
9426504
4055259
4927564
3490282
4584163
7443331
9670218
8777036
8863976
6760487
3845887
6564044
5327941
4860524
4994013
6523631
3436027
4731931
7756528
3185220
8738608
6780813
7419583
6483161
5736484
4863027
7700236
6686803
3341372
3945279
5546487
3180782
2743674
7558579
6486079
4122194
8487758
6329924
3554471
5651150
1967365
8665258
9654903
3919411
8699040
5492807
2735897
7552783
1887936
5000433
5506148
5430661
5026172
2137630
4082935
6257222
9377941
6865451
7636603
2364398
4622537
9455498
8537981
5305955
8109317
1482606
9653360
3765468
3031218
1535809
1005307
7817531
4736820
3794740
1128358
3869328
4393004
6332012
4800833
8770270
1444091
2623687
6865989
1640942
7906485
8149117
8460745
6868672
9377188
8433249
9819870
7940189
6788534
8585541
4632967
7466312
3465220
5892797
5252120
8708499
4599743
8686781
3751594
3093069
7513785
4094492
7220728
3383513
6495117
1529401
7833561
5895322
6883053
2731388
7981722
4048714
6777606
8113718
5578359
3896234
4167250
2801314
6705206
3235987
9305657
5086861
9468641
2370796
3859429
8060497
2563550
1447541
5770849
3611581
7725612
9887359
7768044
7523537
1976892
3557438
3741792
4586468
9200170
6198455
4055098
9677160
5869142
3997843
2371525
3634310
9525411
3135958
2796968
8009251
4021388
8044713
5957960
6183684
6746718
2016979
9327899
6261774
2420374
3774598
9770891
5270310
4822295
1878230
5579138
1690935
5906375
5179012
4478744
6265170
8464392
8196729
6012247
1370799
3429198
3495566
5438759
4154001
1147938
7234760
6724827
7450440
3716338
6038817
4518486
2474320
5704466
2515521
5999643
4150679
2792531
3356428
3020273
1000796
2684478
4528660
1646831
9727411
8060654
8003503
5110633
4390821
1318471
3685092
3841655
3627572
9789079
2726719
3308895
1462651
8277127
2598788
3298398
6562420
7438909
9287040
7596120
5506260
5264978
5238203
8163929
5632337
6619115
7761289
5440455
5505603
1587958
2380480
8557927
7448360
7971011
8366787
9446984
8459714
6136316
2189949
8060175
6055323
4694083
5558570
4200096
6970281
7654950
2661327
8793446
4447116
1288833
5726986
3716352
9564339
9784945
7012484
8496521
9101407
6813552
8877314
2655809
1716480
1330258
7895451
2323997
2997563
8936923
1403652
9858599
6396109
9773051
5307463
2365907
9596105
6754343
9373586
9523296
1172861
7446996
2634412
4307431
1646451
9304466
1753922
6959556
9635795
3952452
4424544
5833950
7722342
4053048
6013371
5413908
9107637
8381287
2356650
9324293
1706511
7308682
5638773
5280636
6291626
5221974
4537606
6259639
4980513
3150486
3488317
3530450
8026524
3273636
3158943
2798293
1815182
2848388
4060078
7120599
5039319
8962141
6266963
4819404
2009609
9904789
6620472
2704434
7722951
1455944
7800882
8650389
5885385
4702308
3731804
5934970
6261309
9968868
4101055
8245294
7320200
5128742
5900205
9179499
2481450
8501355
8856749
9395875
6934656
3181739
8557456
4425964
1296418
6709587
8062178
1965833
9867948
5671004
3564860
7645585
8364571
4930377
1625847
5561663
3058573
1725053
4176891
5702997
7929258
8301814
3833589
3547437
1645794
4053098
7653222
2735837
3244300
1379452
3395608
2891334
9940142
4648987
4903981
2452089
2732186
3910200
1312336
4623367
9063413
5956321
3988940
3265316
2815571
7196543
1032123
1636855
5288446
4084136
3123606
2668673
3867414
2285666
1997932
1407783
9132050
1632437
7564142
5812509
9961956
9855148
5907175
6531889
7889083
1887912
4858440
3888626
3736610
2622880
6275873
5847611
6670790
8633848
9272940
9304799
3420244
5696893
1819780
8487410
8754369
6271483
2603251
1377394
9794723
1593915
3591336
7382417
5203004
4835549
7436807
8728672
3986648
9586894
4917851
9411801
8608332
9068261
8042535
7535625
5206238
6632799
1372378
2721304
7755587
6500853
1584416
5465783
3469507
9544536
7987093
5970660
8772793
9566281
6360212
8846877
8565942
7685078
6250478
7701663
8389766
5817588
6800567
6339481
4078730
3799606
2599866
7266802
4300548
8933608
3629836
3374580
5744498
3435146
4794046
8544147
9228625
8653292
4012140
3810974
8107458
4856227
1036722
5710081
3974474
7064485
8252222
7646708
8117044
4189318
1070337
6114308
7421137
4730640
2005888
4118844
2174496
8723640
4182471
7766640
5564168
3126595
6474556
2611749
2009665
4430837
3098257
9476000
8386131
5295217
2869587
8542922
6010359
8023666
9796576
9468220
7700762
3738724
8026741
3311661
2618495
6188640
2340517
2892597
7746755
9382211
5942246
2844413
8091644
2490154
8970758
3760134
5117819
8350091
2454651
6311698
5305137
8272243
2621207
5048242
1040686
7652568
7419290
1321453
6521348
7312090
1817314
9826698
8328074
2812571
7862461
5790971
4970685
2223671
4038943
9158054
8260352
1843234
9531439
5273809
5946948
3061149
7139067
6083752
6709378
5458901
7581772
4232046
2350053
2453592
7323605
4095806
6017542
1223732
8897605
9574077
2655695
1397166
6768188
3849695
6844160
3681564
6188825
5780434
3187088
7644960
9530418
4498890
6324715
9453057
3359517
3266474
2766298
2034151
3164715
3675532
6794881
4256563
7063925
7437741
6259521
9404217
1326606
3171832
4980158
5363419
8476696
3893997
8980027
2582019
5023986
4890990
2934304
8344828
8688911
7574118
1054174
2821677
2924450
8940950
2611241
8610420
7182261
8118782
4003172
1612379
3970905
4350628
5402075
3706362
6167672
8894532
1221545
4055401
9625094
5735828
8333690
9490719
6814358
4849330
1460203
2665132
3668553
3966252
8253902
6605455
8325601
8700780
3498613
2932275
9046718
3724829
2157647
7405755
2991935
8118661
8835086
4742666
9914917
5345589
4429182
1261978
5678437
9867201
4713852
3876738
5406213
2424991
7761301
4900804
1298174
3470597
6422973
2140356
8301581
6243692
1010409
3354900
8243414
4470455
4625033
1703274
6949621
1159724
5485413
2571315
1971363
5135328
8104211
6386560
9358466
8979570
1131923
1334558
5131718
6023239
7302981
8019071
8755153
4298385
7682598
5278406
5582700
7063627
7909095
8349188
9582305
5912030
9813483
5812698
2504970
5848191
6546122
2130864
2458938
1616268
5750112
5767966
6350747
6840383
2826945
1870704
9916406
8191948
2886090
3347417
7592658
8166941
1214867
5653176
4521267
8887848
2565312
2919679
7318915
1040425
8310711
7077446
9763215
2883521
4705964
8818027
9796392
4413291
6858263
8935331
2286378
5688599
1523911
6116258
5730521
6984293
4717072
3066275
2250214
3302911
8264224
6371476
6385106
3191571
1977569
9588970
6330220
1307798
5635804
3071216
1222124
6184502
1629958
1243610
7641576
3019225
7745277
4433971
9826208
6391062
4444481
2186208
7288537
1195628
5069092
6788030
2660121
8666610
7901774
3164646
7211198
9891813
3347882
9442450
1604412
9417121
8696241
3023129
7093297
3631659
9731793
7312022
6455783
4930283
4906169
7684967
2904741
9469175
2346628
9604945
4824562
3076106
5604671
2738561
2215015
1265875
3832665
3496493
8167984
1334954
8803174
3758041
5997407
7385885
7832336
7314166
2444460
7423017
5700890
8853093
8203405
3836804
1578706
1741017
5904430
1818583
9380179
1929050
9758926
5074569
8353460
5151973
5595190
8318007
5130705
2918832
9674518
2172031
4236468
7138700
9622077
6491900
9163999
1023972
1579252
1538124
7598008
5042466
7856312
2333964
2255377
6330673
8019027
5615845
3105043
6240541
3908246
2008320
9259336
1869398
9344181
6881493
2454146
1727443
4881727
8364705
7697514
2787922
3261816
1998966
8292584
6803518
1336084
4525868
1341612
4598186
1079635
2349621
9609816
3849978
7006836
6355982
5084490
2684322
2112279
2809170
4666633
3283269
4522418
5111849
2724427
2123647
5310255
1227485
6991136
9031742
3371297
9013453
1972479
2000523
4984866
7295674
8037099
5205607
9566858
3337726
1056962
3308112
6448846
9279965
6425378
9200547
4922930
8167988
9298168
7137115
2098156
2391566
9938727
9213879
7578519
2336662
2149905
9183098
6750032
4992806
3792132
3099340
9324145
9041470
9870468
7127998
1526632
5216400
6780977
2217323
3841843
4747575
7906901
4357946
3148154
7517896
5280844
6942271
3802888
3704449
3801808
1486337
5055272
9464927
9252000
9950294
3520664
9592715
9503821
2781355
1581612
4325940
5720545
3668832
1613186
3390520
9067756
1603088
9067422
1702267
1675756
4789230
6161122
3738075
8214552
7283594
9825899
2146170
1250569
2241907
5765194
5340858
6156486
4044983
3894365
2449799
8146986
9944454
9150730
2758157
5924020
4256565
4539095
7585163
1941803
2247966
3457449
5076159
8967596
2257188
5344152
9601857
2335890
6935636
6783211
5694380
4959552
6674023
5702133
9680822
1830029
3117860
2940107
7315041
5179981
4981346
5834656
6119498
3627128
9275243
4697408
5492447
1663354
1100029
4899429
7525422
5778134
5451946
8467321
6432664
6244791
8864991
6753769
7766884
4579669
4690497
8983586
9127792
5111744
6015283
1913067
2988290
7272461
1797236
2645855
7747516
5710298
1634982
5762565
5643758
2695679
4837417
5310670
8044358
7407378
1563814
3301610
4832098
7508119
1331048
3194375
6886406
2292867
4699940
1726311
4635881
5292203
6161049
8782492
1748842
1979342
3497170
8564067
3707744
2414139
7122441
2776795
5315918
1495520
2681702
2861792
1213302
6172977
6146340
8847369
3738180
4510129
2971093
3014522
9383723
5976736
5389756
2567846
3842893
8962818
2678808
4109412
1211220
9537799
6937344
3096429
3442334
8476892
8197289
7226096
2469525
2959053
5879941
7341586
7946716
3278869
4307654
5445893
7739365
9764868
3951296
2565892
6356703
6889803
2471021
4649960
5828877
7313703
4980746
9162730
4389682
9040936
3582494
7822454
5654952
4114525
4763034
7120552
2369809
3989470
2358556
9689765
5102436
7095606
6531406
8246041
4775465
5559146
5683371
3545864
8814016
6829738
5202978
9242771
1267802
4006036
6012691
7775242
4892043
6978655
2521206
5740072
3629304
4018218
6186075
5554863
2114475
7874529
1914891
6324065
5745029
6542217
3658574
7130136
5637139
6343786
9481478
7644226
6091641
5448278
1512313
3961853
3385674
4462105
3960364
6002123
3447802
6464383
2992554
9650866
3026347
9783804
9534948
1553459
9991587
3246012
2595890
6184996
8297823
3133704
6908984
1356396
3285953
2598801
9859875
9463707
3880164
3832477
4198867
6116004
8584720
4785995
3330323
3808248
6571529
2889284
9651779
2665151
2699394
8702400
9277527
4671541
4311599
3439666
4516856
6607584
3979768
9670674
5110344
9792233
4729737
7265349
3948291
5566366
3437830
3714282
7033793
3246979
9685916
5323587
4390423
1314705
5927667
8802558
1879581
6555596
5923519
9406623
2275339
8845188
8315382
9302925
4614141
9063080
1601116
1849334
9106774
8905025
4510457
9117983
9895296
2906003
8724653
9768715
1566161
4784971
4625626
9751495
5714249
9185444
3348351
5986448
2028536
7572061
2857893
2554978
8298877
1180367
4445681
7338399
4437224
4046445
4420634
8290840
4929729
1766301
6979253
1572986
5183842
2004845
9621996
8607512
9641023
9217203
6687630
3685072
8658374
1917382
8342976
6566301
4076129
7700499
3206992
7729721
7947865
7358812
4981162
6460333
8257556
5746131
4581411
4537270
3263935
7442895
6727155
8769621
6372487
4478697
7016768
2557300
3590400
8242358
8358421
8184048
5739433
6690080
5386929
6939591
5194695
4667747
8335868
4543775
2527213
5590433
5274517
3021937
9746333
2735267
1105670
9471760
5036617
5608941
9337625
1327642
6315890
2726269
1000068
1861498
7858034
3497568
8820543
5453335
6939860
5875184
2440054
5328028
6024609
3071085
9201690
8998053
8220918
7654967
4041106
9799491
7906448
8298405
5758544
1367660
3739114
9206598
4266366
2031426
8037117
4988722
8542358
5503934
7695142
4117835
9518481
6471033
9838502
1720917
6233975
8232023
5505091
4053999
1658773
3333968
3615371
6765486
5955725
7998428
8089464
3014101
1086791
5715386
1481327
2209074
9925126
4272286
2864035
5986327
5828501
2535349
1104919
6779316
4592095
4740054
8285248
9932942
6051038
3064902
9029064
6384414
5478892
9904488
8092655
8908872
2059893
3333311
7124940
1143670
2464782
6099169
5045874
7617681
4694750
2977211
5682413
8068572
4889146
1346107
9509164
2762669
8248719
7509790
4929912
9110088
4914296
3217302
9603490
8858393
4957168
8046167
4938748
3374350
3013537
1441854
4193789
8238287
1266971
7736222
5717896
5182491
1317088
4465897
8429382
4586432
9981468
5175480
7473455
9014902
4393586
6446071
2259112
7742233
4948081
4077488
5777927
7211586
5403301
9467250
9334322
3717185
9352074
2210142
9809637
1021944
9603164
9512461
1474066
1150231
4756746
9285089
2821666
9150767
6981832
2311271
9811162
1968949
4710019
9711782
6622169
6117206
7868528
3858695
4145277
8843761
1293566
8357472
8100902
4581814
9055082
7014815
4507858
1462425
4299312
9925583
7778599
5342834
2286559
5771402
5507088
2855028
7113478
3625084
9299775
6466311
6889290
4155023
5230288
6841605
9587673
8366712
2024846
9558158
4479033
2586077
9847502
8038409
6175162
7252834
8192313
6809399
8575370
7719951
4228776
7724021
2001703
4684895
1127272
9627086
7071535
4803944
7494044
5959290
1782483
9421026
6279618
8178872
2937002
5686229
7818318
9832131
2752866
5173155
7866226
3906996
1001809
7705775
7334271
8938163
6338601
1688425
2139109
4311835
5735690
4952248
1115670
7970090
4765106
6026818
2656457
4637921
2362831
7530075
8161883
5780798
8417525
3991303
6376591
7657300
6163819
1198574
8136054
6292356
5004064
5402139
6578474
9904858
6239803
2801072
4421620
9014470
5666512
7236522
5237134
6214261
7637358
2013197
1937986
4835595
4764309
1279084
7567025
1193663
1217093
1484951
1549231
4811668
5531185
1488097
1605452
9320880
2104723
6758668
8284462
5247451
2668953
6952147
1792025
6438869
9167485
6399700
3803281
1450515
7698866
5159705
1931991
2110616
3756090
6195138
3734478
4516653
8032724
8189904
2596033
3743933
4395667
6946000
1167166
7653391
9837194
8627362
3786138
8705696
4895268
7914661
3727768
4125148
2666448
1236545
8798117
1479481
7130393
4064720
9581306
7787248
8683603
7358057
7896356
7030745
6378225
1767755
3678304
9266659
5966772
9346723
6692064
1812717
1179070
8812026
1851498
2551107
8026565
4416062
3407904
3378936
3024099
2588843
9505178
6097948
7758089
8958102
2552239
4271962
7808084
1461142
4202515
1654001
3899256
6766287
3443418
4191757
1366616
7568540
5619867
1572545
4374200
2032857
9716847
3566499
6913866
4485578
7055321
1883397
2457700
4010923
7216832
1319051
2416851
9575956
9540311
4336110
8541321
2061513
5542109
3327628
7264049
8623772
2313664
9678377
8442340
2138815
3396893
6537094
7736371
9037162
7631010
1367452
3135204
9871397
4431381
8634805
7419323
6703539
8996589
5414824
1960173
4959963
9163550
5725615
6168122
3192788
7855602
1840934
4468627
3442188
5229267
2898146
6726326
8651733
6120549
1676972
8737691
9670316
5329872
9027161
4109318
9722984
7325083
8472583
1342077
1776188
6926580
4637558
5093780
6272872
1467980
7307776
2101540
4640962
2525279
5582454
3990362
8017117
9498897
7607065
4772075
6734931
3904244
6602418
2356965
9055157
8698534
3861839
5578977
2200459
4168602
7011029
8850953
9694697
4010071
5084358
1918993
5240304
7866745
4364442
1270943
9632601
8027874
4920651
4148118
7518886
6781302
4343544
7843364
5211479
9594011
6381014
6087828
6115365
5536527
2366659
3143024
3708903
1327781
7441211
8639632
3943896
9942301
1981155
9909699
4209008
1012319
4745219
7291161
9066094
6740308
4902289
7249100
2580087
3910561
8156712
8695753
9441112
9515073
8928920
9662174
9841000
8130710
6885185
1962057
3118028
7699988
8997754
1164749
6751618
4225324
2462510
8970356
1355574
1075381
6199882
5461396
9165875
9361592
1928648
4582866
6508441
3082301
1704609
1737740
2719378
1042942
2666447
6946969
8649901
9183677
4823998
8175720
5739160
4644017
4422990
6510853
7282494
1353244
2458247
8955514
7659707
9823800
2037082
1659410
7811320
7598927
2888400
9494904
9653672
5077290
4149778
1376319
3437790
4725153
6784787
9042043
2800008
7079633
4561758
7691788
2948556
7688748
8873783
6262011
5007741
8340459
6115185
7043196
2610618
8844638
6304140
7068243
7489187
2151075
5857992
7760148
1330297
2329781
6604618
2710786
8517329
3561756
5423658
4448601
8091445
2215042
1063255
1030632
7226008
6659238
3081000
3758613
5756275
1675626
2922495
7306692
6685184
1765510
7587036
4393235
9611346
6447903
7350396
1051132
6668431
9896882
7713451
9682398
7394124
2489834
8509741
1069269
5346755
4685330
4414853
4352389
6374259
8735461
8646496
2145590
6605716
9481536
4749793
4416537
3923510
3250104
9238794
1513577
8791541
5367432
2881091
4731885
1033691
5898403
1194058
5592026
8589330
1260712
3272824
9864597
9739524
4107636
8875500
4193557
7293585
4996625
3527894
7027687
3706668
7946507
6385250
7538955
2782739
9624611
6964094
9566268
3838249
5976669
6926602
8053901
5180913
6274164
2968476
1375471
9818217
4444398
2551212
6371919
3566081
6605450
4607779
1183452
7740598
8096341
9266811
2831462
4542736
8489115
7529938
7501410
1061940
5780155
5318097
1958730
6263014
3922260
6231155
4098401
7695263
3918171
5724725
1872852
6988167
2936015
1889113
2942524
7593552
8854467
4082582
6582465
7071343
4830490
3519647
6761688
1193271
2435858
4455758
5285676
7558739
8784311
4934893
4002267
9968415
3160695
5768929
4202519
2535460
5644374
3825972
7971629
7260462
1199672
6441405
5695394
4466636
2735707
3229998
2182329
9263524
7319144
1358394
8685778
4671472
1762142
8898465
2203116
6334937
5841262
5233881
5685323
8241134
1440614
6302170
6422069
4022337
1941253
4192967
9233430
9119198
2222125
2062900
5170947
8421225
3994870
2092696
3449947
4573075
5529630
1265104
7602570
7204728
6726943
5409997
7289191
6493849
8812569
8986332
2709437
9102769
5666223
7374032
6095335
5952758
1293230
6231502
8545173
5267565
4601959
8676661
3249131
6438954
7988701
8531816
9804040
2780899
6971290
3061305
5662436
4714672
3156444
8786163
1285074
7522018
6867309
9191812
3327717
2073149
7074256
8927173
3657071
8692627
4259991
8359720
6630628
1326270
1887058
8468605
2304222
5700345
1745953
3669793
4380474
4008795
6964843
3949443
8692127
4490226
2805223
7893844
5464415
9759672
6778775
1209547
2951605
2365364
5557013
8858962
7845102
6729712
1813830
6867984
5055717
3422035
3010347
9362132
8342695
9107098
2940630
8027035
6705909
4510135
1873401
2822398
9990439
9411334
4012762
2491579
5098989
1639272
6959202
3896541
2055217
5889918
6806741
5955787
8185048
5919108
2144413
6373483
5631656
9163335
5721535
1477297
9983300
9795652
7938223
7050056
4078290
3192863
5353982
7035355
3783037
6445501
3953329
5635648
4053590
6585278
7100270
4158721
6307285
1853594
4143696
1107721
6745470
2037143
7621849
2908968
8580511
1838116
3388103
4344451
6329845
7775382
7658175
2688091
9869935
5874812
5880166
7065720
5175946
7127456
8862031
7567793
4249307
3595933
3273486
2701211
8521387
2424792
7547755
8269772
1529276
1032668
3139442
7617803
7323818
3128470
2333672
9246869
2339245
4421737
3811544
6392910
8429371
6559151
6706763
9603203
4790986
6431310
1320597
2300824
9585523
7955122
4650124
8102099
2180402
9135212
5473556
7238211
8866122
9138151
3738198
9825614
3050374
3678082
9075087
8880534
3750297
3111887
7435012
3900040
3406951
4234664
4432084
2005441
6442589
3816681
5139878
2592476
9060090
6856205
8197440
4903900
3858289
1882024
5066041
6640755
3848743
7964350
2568967
2185965
4192471
6467263
1293682
6098876
5707093
1945760
4647210
6208224
6525744
5692823
9359027
6283507
8571248
7916531
8351486
4592398
4191422
1894741
3691732
7036059
6896675
8369231
6455659
9055161
4010985
6879575
2908635
4361285
1133598
3897831
6510890
8659723
2815094
5182837
1878467
7609929
4114192
2353354
2508230
7938076
7387857
7752578
6516601
3239178
5005421
7020191
3818971
5969387
4340036
9747273
7778649
7710388
5328040
2401446
1508762
7054433
3842173
3611602
2263861
8897215
6568506
8782139
9155074
8929491
6567372
9858652
4886798
7714602
1775257
8950036
3786024
1168063
9716001
6125026
4301080
3250882
3836737
9391552
1639408
7527051
6718866
3517016
7056954
3303963
4682286
4925671
4997264
3529418
9508114
2205165
2401099
7213523
3996767
4543118
3577555
3696440
7092539
1503241
2110102
9741651
9877076
7468498
7385876
8065787
6229957
8957069
7409750
2706575
5742801
9290665
9570366
2987618
7632780
7492631
5863866
6222979
8381208
5378406
1455123
7022439
2649037
2476029
6249570
5047349
4315186
7198324
5472161
4055918
2218792
8470671
7517855
8094776
5483815
4226775
4038605
6041221
1495519
7009111
4230774
9694820
4376256
2890864
3966220
5490020
1640469
7503257
8995805
1395937
6291339
1947767
5724069
4795628
5807632
4899669
3869628
6557659
4309527
5929024
3993008
7143594
3931255
7097922
6468781
1453452
3447667
4561337
7483865
5747154
4076885
5506579
7612284
9652215
3948339
9035496
7025565
6588805
7801619
2270323
3951464
4917160
5244139
2649134
3759562
7400142
5234433
7004234
7085919
5409335
1643633
8888264
3391363
9402782
1878861
3301239
9355845
4520068
3621214
6075402
8948666
5459861
7110345
9317013
4017069
9643193
4189837
3470820
8285684
3065274
5297193
2647736
5381470
1107533
6826906
9119647
3315464
6431103
9599874
8188911
7082703
9582589
2940261
2748446
5188703
2698432
8059852
5350017
1910506
4251411
2433420
5804063
1244725
1901954
1943009
6390770
8706572
6909025
3823731
1205689
3105878
8939830
4615611
7237564
7133635
2061316
2244735
6135006
2889505
8661045
5609593
4317080
1161038
8296675
7433814
2952280
9020232
8470530
8944090
7436149
2326304
8152814
9701920
1809101
4775502
9347341
1290943
9429181
5826845
8630945
1513353
4961852
4495943
1427373
7013933
9155732
7472091
9512064
1355068
8106750
2063834
3326370
6493704
9153114
3909090
6397274
3263848
5605128
5334722
8668762
2290329
5198886
8009004
6122057
7743551
4043430
7482184
1299179
2364233
8201866
9843941
2962478
4773170
6685631
4449866
6642963
8708451
9395220
5310251
9184630
9453173
2589269
3237175
9726908
9915669
1319240
1116046
9439961
7405889
5750595
4764816
9373755
5949358
6848936
5276881
4806871
3753868
7874175
9215720
9221006
9576865
6255022
9077479
7145083
3453202
4633879
4526565
6185116
2176769
6921038
2683062
5982618
6164815
1250933
7490428
9043894
9657026
6932535
8615511
4949906
5595842
6574941
8451767
2036058
5813054
9731728
2556755
6028557
9583020
6679148
9309426
2520748
4674477
2719804
7518247
1089213
2087950
6586712
1001242
3436668
9254699
5493528
3265792
5178271
2024430
8953076
7621868
6954693
5885237
5245626
8192639
7566970
7055250
2609194
6877116
8048873
6814699
7653425
7562870
9202847
7198850
8585600
8283306
8136951
8930576
9995337
1194921
1875176
6269898
7150870
3263790
3841383
8828293
5510854
1517646
1954170
5193205
2842148
8217677
3949595
5066577
2032933
8682380
6014213
1595667
7441854
8812320
6873118
1977115
9482592
9553279
9859584
5513651
2994961
3232596
1665317
8956845
7531816
3890226
5301167
4051049
6026341
4820516
9767314
7837043
6259690
3035427
3849247
9895369
8418906
4212193
9961709
7076601
5013325
6902530
2500838
6491177
9298477
1742634
3463531
3028401
5129072
3438257
2610597
5414498
8020914
4675059
1250985
1287594
3488238
4308101
1834759
9787279
6559833
2444802
2476720
2937625
6119707
8950275
5171073
8478029
5620778
6326892
6215280
2341203
7403845
6425059
4850450
7442617
3615499
4278108
4279814
7778064
9733109
2097040
1732738
1738996
2327926
7271820
6988408
6192746
5490222
2270182
5160612
6396258
7163397
1963786
3650037
5315291
6561770
3403634
1763413
3254629
5012072
1221108
1870743
3142530
1058914
8600501
4612796
5048294
7062699
4202363
6598818
2184670
6715332
4899425
2780874
5389197
9883123
5072355
1054276
3395792
7295164
7716121
2968121
2803459
3536255
6808449
9401941
7770269
9328877
1262517
2740047
8775735
1372904
8586875
9339158
4249834
4355063
8969659
3384473
1497237
2592611
1443083
9477171
3961854
6167793
4082855
7652530
1841872
4559547
8731132
5413443
1405826
1975725
7216867
7531515
1605528
3719065
3036203
6531332
3984515
1796344
8913999
7057506
4112356
1912318
7569990
4426081
1322735
8981272
7412026
1629469
4317994
3324101
1647568
6367790
5875859
3360590
8785318
4329646
8411425
3234531
5150299
4643431
5689123
6657812
9873543
5464478
4438085
1500457
5731339
4132598
9965362
8351198
6619140
2086787
2403091
3461886
9488025
4275628
7835636
9540250
7648820
1675964
3251848
2034662
8229070
6001285
6836163
9851185
8351970
3039281
6876453
8124992
3192131
6913702
8520215
6613382
4761993
4169109
8142637
9205057
3296231
6957152
6185868
5794227
5109656
2540326
1511909
3228091
1423608
3431404
6872671
9571664
8548143
1762025
9181587
5454171
1018184
2855854
9488305
3127534
8428384
2476976
8179072
9650532
4654009
5665267
8319682
5973141
2115758
3622933
8121589
8186614
9669441
3718005
9032886
1499596
3645904
3816190
6949761
9427083
8696423
2246676
7182163
5484431
4752046
4257561
1217392
4650998
7319619
7539228
7436289
3690392
1680355
9645278
8814933
1664292
6476673
1248835
8343128
3218233
2696722
3459649
3284380
1499998
9079209
4722900
6113468
7415727
4246592
3259657
1674432
5563305
4091287
3879604
3714730
4556662
2837055
5452739
8285004
9672131
1013826
9418134
8382019
4980207
6624113
6583432
2080788
7665951
8910472
6256909
5459425
4386094
3941183
3749684
2017287
7536002
5555632
2657367
6296506
4345375
3443553
1642800
5411523
1678891
6697574
8342134
4663306
2959376
5648495
3371121
9432075
1897495
5725462
8121348
3088840
5407259
1963199
6838791
9898710
6637688
9654901
3328516
1243665
4388113
7586866
4225035
9714672
7163006
9665149
1556082
7474419
9279953
9009326
6990957
6631097
1805379
8465933
1160390
8764398
9200256
1201497
3524281
9609185
7123788
2510820
1238382
9287923
7350544
9076699
2842963
6391339
9000197
7675940
2824021
5153959
1689596
4996192
4897916
4335918
6945607
1422608
2070305
7074080
7505736
8837523
1109772
8013006
5174932
2720717
5813870
7353190
9473602
4623076
4035063
4042311
6579734
4953508
7829525
6638643
1038981
1083906
4240523
9452450
7720293
6823934
1318121
4809843
6951539
8332065
7453550
4453694
2803264
5088038
5202870
4383748
5075960
9602805
3459681
4277384
4669968
3830730
7715715
1368311
7523724
8687605
5590209
9147522
7233962
1084218
7293902
1543437
6798318
6779544
5225730
1749055
9688843
7733223
8253012
2981882
8774443
8111258
2816820
7867236
6614235
8532005
1493384
2770788
9532246
8400696
3503104
7676649
8741421
6998120
8933528
7741988
3371791
6574639
7823850
8365910
6497019
1631690
5694381
2516035
1141887
7037632
2434126
3322374
8939819
5742979
7779753
3073470
6570263
8514159
6332260
2231974
9173774
5618287
6770088
6225411
4085014
5510783
1032125
3179574
8563037
9129484
7758657
5135921
9516866
9811895
2317381
3856710
9399100
8109944
9430404
4803547
4861867
5525023
9675265
2833466
6841529
2663990
5788092
3185477
2537453
3557763
8446928
4548295
7043020
7211754
4306476
3431141
8341932
9430638
5607468
6795699
3502230
5580952
6373843
9515426
6509399
8113712
6175335
9439192
1320099
7665896
8219178
5536984
9572199
7262233
6124400
1878624
5344490
3806692
9520034
8053586
8912095
5100475
3905613
4442954
4050057
1850232
7353383
8078030
7260811
3431722
5007200
1931619
9871307
2355569
1139041
4140156
1926466
6471295
7435429
9459726
4889892
9945534
6839600
7446399
5314150
8322448
8754543
6796220
8929648
7365106
5090734
1527849
6426273
8002298
6003952
4410100
4250361
6625983
8821102
3735299
5748648
1418711
8655919
9822219
3249968
6560187
8008320
4164162
9170425
5269255
1538257
7260460
5833393
5524254
9799020
1490002
9744349
2090411
5390994
1162305
6898498
8076788
7794127
8460776
5567780
5484683
4073864
2186577
4731169
2526292
6835911
3936054
7376216
4096364
4255408
1317114
9961818
2499523
7299705
6054830
5621229
4598464
3573176
6142464
3904812
9050161
4982487
9803712
4528652
6940845
4566245
4331920
7267065
7528201
9784903
7503144
1209759
4491827
1665292
5378755
5278340
9719726
6802334
1065130
7020818
6023274
1979347
8253915
9156339
7860415
9057699
8828246
5117333
3899078
6580149
1741635
7144845
6343444
1866258
9870723
2487255
5244948
3161083
3312081
3181691
1047744
5266581
2685589
2330444
4586236
2520834
3212037
8203147
7309647
2349644
2601784
6622248
6261566
1213883
1492681
7451112
9336647
7404742
3501668
1921506
4572855
2834790
3676912
9052003
2629480
8220229
9140889
1602737
3974043
1440662
6506360
7625965
2744942
1116158
2308130
8874257
9917178
9925999
5185610
2572889
1137035
7315350
8994196
5448127
3790397
9779050
6167799
5261854
2989039
5774757
7515725
5731640
1408679
9914704
4602170
6361491
1835330
5042358
3359735
8625982
3958038
1758778
2367162
6892273
8806502
6758021
4212676
6326930
1324480
6947863
7264774
5813780
2077303
1633855
1041265
9475962
8424121
6680614
6879769
4288826
7161740
2817349
2358660
6605948
8041193
1901815
2854037
6095681
7017973
8786088
8167504
2535521
8814168
9095661
9131273
2620973
5974076
6855534
8240430
3157427
2243876
5547326
4404973
2893087
3193894
7517515
3521667
4179646
9212103
3025265
6644963
7239966
9663217
7919017
8327871
8586706
8167379
1529502
9373429
1036946
3178965
5654176
5411865
1367294
4975607
1193073
3677467
9839171
6540357
5580989
5703765
9706134
4026553
5261991
7531764
6583518
3718317
5167871
1851136
6550510
7207995
1229327
4158473
3202544
6820147
6206357
6340336
6288349
4080952
1287626
6601103
2539176
9521719
4097377
2203142
5895163
7731525
9435595
1953635
5453528
5317908
1205751
6130733
6261154
1898386
1587032
3045581
6420853
2016671
6177118
5065754
9676527
7474216
1106182
9824447
7208914
3989413
7674957
3017419
1250242
8161856
3285269
9263208
4468078
5070511
1675914
2609657
3471383
9899775
5591381
2906193
2642686
9203359
3769321
3737465
8464197
2926675
6658542
5423688
4866256
6394348
8800774
5719589
9357796
4378008
5968698
4869034
7812187
3185813
5105990
6672036
4612161
8167361
6812285
6669175
7855887
7107854
1140314
5965726
7587842
9247569
6155557
7670289
3350294
2738233
8782591
5805823
8400740
2890844
9396298
6957370
2914901
3260013
2079095
6771059
1001410
8255562
3335149
1680730
3409770
3332722
7239315
5011815
2877647
8262100
6933050
5785591
2157485
3541442
2488746
4961422
2969432
2238597
7450439
8908539
8656113
9667338
2170848
2591833
2629316
1515257
2611797
3294641
1254145
5794470
7127970
7138109
7674837
1252960
8444428
9472136
7419621
2595431
3648742
8999537
7232359
5923644
3848960
6997006
9330140
9055056
4279725
2985580
8635502
5955870
4075312
3004149
1171682
3312980
3901059
3628523
4644409
5310316
1615043
8967632
7175145
7669210
6489019
9606440
8923379
6005086
5523723
4489174
3456801
3716601
7018932
7866083
4918046
7556540
1438851
4363102
5556593
6381115
2855128
1931037
2673496
1232097
5454931
8254817
3824957
9944797
1345050
5640728
7772887
1847931
4314760
2718459
7652896
1030285
9189173
1002968
6275054
1123783
2298782
2615210
6284785
8011691
3973745
7569380
2307976
6210393
2231032
2570829
6431368
1003743
7158596
9056873
9436626
6701155
6955365
6753303
7353001
9343193
7870404
7818162
3595367
7541465
2692118
8496826
6691844
8557765
5382064
5059100
4252897
8102457
3719399
9542505
8386305
4607569
7850582
9215161
3481303
9418193
3967037
4259227
5923321
8494709
5275590
5863479
5299444
3400406
5061732
8747523
9196218
8995126
9913620
8438686
6803383
4218920
8326085
2615244
6859842
3882527
4799188
1652431
5194798
1583761
2653552
4246174
2286463
7130951
8025693
6198277
4789433
9813636
7093332
6237720
5989524
5451599
5085319
5956309
1514061
5683231
7858049
9635925
3022358
9788515
9000364
9911407
6706798
6445931
8965869
1495210
5447883
2999158
8453354
5771996
9039539
5249817
2410411
4585699
7774569
3692488
4319838
3345471
4421701
5752260
3432244
6829899
8864349
7981921
9449194
9966614
7639071
3834163
2106978
3735778
1351489
9291349
7204271
3694968
7648527
3713941
3595504
1992486
1054051
6170751
6286163
2809559
7979955
5902660
4348667
4724813
7152772
1151495
6936956
4990461
7787069
4867461
2524803
3504775
9455510
2000094
6450579
5739408
1582383
5601924
3268522
5663038
9726077
9247679
8258690
4377871
2614175
7649434
1941171
5493526
2595279
2129710
8367925
5630612
3227507
7483784
3677508
7863087
9162963
1608698
2541340
2906513
3502374
9878203
4397540
1557216
8025797
7018427
7758759
1663061
3900481
1566280
3169405
6758523
1077968
3204182
1237256
7975430
7173730
2924846
3075290
2067406
4988242
9246006
8969268
4513830
1868792
7591513
7426153
6268957
8217819
1404050
8474594
1432721
6305219
8866458
7393594
7406315
3275885
8549804
5327305
6330490
9294808
2205233
9740927
6905071
3095421
2540174
2324454
4899123
5317467
3530758
7844681
8120609
9036848
8341580
5190899
6972899
3084420
7406121
5221968
6992876
1175774
4290822
4613361
2594511
9568474
8303191
7182443
8849275
8504659
9929316
1456094
5247956
5726970
6535221
6756435
3961134
9103112
1544794
5967039
4503656
7215312
8896468
7962725
7296483
8817197
1212836
2442391
4686174
5145051
9124269
9520860
9682287
5212450
5691272
6733549
3607392
7387117
2309988
2206426
7300068
8654265
6329368
6540554
8744629
7959977
6451655
9990111
3036299
3196918
9446703
5082744
8273722
2837699
4339150
9343824
1975657
6399950
5799281
3315587
2890474
1769795
2931994
1678961
8560379
4850475
5612237
6966267
5989400
6135873
8571127
7469419
8728891
4563493
1128316
3733616
4962482
1103850
7577052
6120646
1383258
9989770
9392832
5166196
5974013
5565305
2681511
9036463
5570182
9390294
2543912
2019612
7399069
9392574
4487011
6960243
8375843
6242363
9929736
2054591
3442315
3501082
8415875
7533378
2037331
7942362
1988931
5745845
7112350
3489152
5940326
5343660
5648048
6194056
1961411
4517528
2987973
6562166
9976019
4013031
4934990
6452490
3301628
4530630
2502025
7143697
6841468
8869062
7712636
9938840
4660526
3440412
8341581
6212284
1649340
1955138
4552577
8104093
6839458
4590972
1163151
9741105
3516506
3310773
8285792
8684276
3042282
8302792
5652518
4235773
2717766
7976474
4893206
1586604
9570211
7335908
7007107
4772096
2423065
8451342
7656281
3295749
3955507
5217527
7642162
8633578
1553559
5545553
6506392
7967345
2048140
4051370
6509848
1567167
7728429
4744709
7302015
7945299
1800553
7188006
8814196
3944211
5647540
2572781
6042289
1357122
8752974
6539802
2195744
2897231
7071086
9404335
2722062
1300998
3432907
5496563
1680526
4989289
8088070
3807250
4149485
1299482
3369527
1474466
2329293
8196143
7227090
6446464
9061344
9517224
2105654
5419481
4799555
1659452
7658002
3071237
6739444
8004559
9645876
4786061
4435890
8070849
1967279
9638669
4885040
3687264
7945897
7988981
4039733
3514813
9711679
3972713
1883347
3197404
7280469
1805448
1660097
6726981
5601277
7945802
1585303
5342199
7298434
6445059
9090598
7073916
3741011
9515908
6138930
7829080
7119815
3836385
2677262
4717467
1654353
1198028
5708434
8333910
6173633
9650080
3794298
5339882
5599924
4508410
8380318
9293052
7022490
7950914
6490506
6416516
1980322
3478408
6819385
6558789
6168964
1850824
9545267
4114135
6521706
4279504
9055808
6104288
1347516
4801785
8538055
1852001
5498375
4049360
4057480
3954668
4032265
2992025
6236403
6100788
3738459
7350057
6368291
5810941
5935739
4993266
9603002
4942322
1017077
1188124
5938265
8165589
3657902
6584014
8675836
5734160
5801037
9604811
8397937
9164907
8807367
4997497
8404851
7708823
6755141
8812478
3977063
2205351
4909363
9874115
6596338
3350430
4542951
8087578
4436341
4670499
1146476
9605244
6525030
7669905
4214955
3688555
1554892
1779563
4252213
3262454
5086807
5763245
8783151
5646619
7391705
9573693
4929947
9065158
6607653
8697024
6015039
7360184
2638467
6462857
2881844
1577539
1178892
7860845
4936652
6234033
7792424
2603954
1382625
1798853
8105634
1862310
3635190
5718937
6967717
3649163
5653517
7868326
5388950
8582320
3696773
1304994
5310605
2560347
1808940
6202180
1960944
2685346
2800937
3226979
3998958
3991513
4593791
1808316
1944918
9527333
8758271
4705875
1721873
5253615
3339085
2456176
6812674
6828660
1111692
6741130
9475321
6729466
4624425
8110210
5789198
1272989
8748609
6206214
4579296
8761672
7783664
7076630
6027050
2580607
6446455
8084515
8883326
8976920
8150473
5952019
7090594
4681418
6725618
1674594
1514308
7768349
1040293
4227298
7074202
6596865
7617184
9696291
4016602
5110203
7623870
6424173
7254803
4013562
9307225
2475050
2896871
4495368
9857049
5365665
2196453
3399324
4323486
2411165
6458119
9685516
1254022
1838444
7137285
4587167
5762267
9178755
7927827
5928512
2687132
3628351
5824062
3525263
4718694
1506438
5943775
7473106
7071359
5970188
3157113
8111113
1935295
7072945
7153845
9786015
8148764
7561224
4006775
6952956
6153872
6679283
7513372
1655159
6773545
8692650
2273811
8313641
9879981
6172826
4801493
7639261
9213671
9408554
7706114
5340323
6282450
1448280
7702681
9836740
1916577
5489602
6685844
1698831
6397609
7509313
1433758
1793874
2732844
1882928
3795058
9608101
7284803
6351050
9104337
9527776
5524199
5112305
6987295
1372460
2326044
3270987
1557915
7181239
2713786
2928071
6933625
4727745
5202713
1690174
5064158
1912404
1419672
6772404
4612152
4003984
6190410
4569661
5292151
6675748
1281534
6843772
1457899
2242073
4982954
1875655
3680571
6331272
4644212
4747750
9266559
4502572
2900828
9444091
1984955
5666130
3446792
5994171
2676473
7800557
4765549
3119578
3262722
6296582
9106072
9050949
5953016
4477392
4144599
5900489
5538387
8685145
5257158
9988433
8773814
1044509
3725049
2913292
6895149
8854453
9468291
3426605
6675846
4932716
9958497
9444300
9325769
7184178
7909190
6355370
8816085
4636970
2683716
5497169
7751704
6561886
2030100
2356314
1788202
6813650
5713794
5676425
7974727
8318966
5942904
5415186
3604519
2775989
6572581
5109567
5450300
8183786
8678857
4660969
4452039
6274738
1127008
9117475
1098903
7869148
9969064
3170231
8064672
7113469
7315537
3737928
2316660
7897121
3696769
1382870
1142048
4832860
4689088
3575072
2991078
7670782
8374471
8790564
4789266
4192804
3830368
1096706
9688571
1653291
3855545
3919295
3988568
1247424
4194891
2992293
9422972
4524435
4452130
9970631
6066671
6454826
5842312
1100641
3772523
3096786
5194258
2380894
8534192
1383920
1082310
9834100
9633348
8281589
4790503
3663979
1434443
4994159
7567264
4561531
3573246
4374525
3786185
9797202
6924555
2711067
5233688
6240756
6809737
1650267
8823143
8861309
1733654
7497589
5276893
8537090
8535376
1485237
6148092
6426582
2915244
1011218
3435975
6648744
6109238
5811615
9304014
5340489
8798117
8000923
3257175
7572940
9126874
5539427
6790507
3149191
1457141
8918087
4370810
6948149
2658004
3581113
9384363
9017661
8208618
8121441
7430788
5400590
2425143
7353806
5271539
5236449
4951273
6126536
8465271
9135200
4153167
7046081
2157998
1635301
5151606
5660585
6765883
3845339
4095522
5394465
8125459
2857665
6873514
7107079
8216293
8205325
4699569
3475120
4602084
5936173
1031037
6459444
1163378
8797864
4081269
4234466
6254058
5522659
9144187
9591508
9414154
3601728
9410404
8852830
9881916
1473825
4654224
9496352
7523583
4326986
4554795
1216571
3148534
4177317
6789759
8763872
5136205
8510430
2982451
9028228
4721284
6597550
6218723
7276144
3622362
8816630
6805533
2170100
7278678
6180161
1202806
2609083
2841588
6901996
8680328
6506618
6705323
2987938
1368585
3300675
2559575
4822399
8905096
8960374
7817416
1782230
5158470
1873174
7532775
1542030
6551470
6393145
4769983
1218983
9393842
5640921
1766319
8461914
4501508
3919433
3910123
8112863
4929710
4058241
7670954
6194248
7146191
6285402
8552240
9555915
3576499
2691157
3624568
5841565
6677837
4227349
9562109
6322937
7819667
5706413
4971173
6208959
1404470
7372052
7786315
9082618
2145853
9703797
4329447
5820922
6877629
2093155
3448348
5440672
2711607
1366634
4055135
6135544
4431310
5564097
5874431
9625984
5333539
8607131
3273236
2483207
3698191
2135196
5526088
5620785
8983996
7018409
3862077
4555223
6858465
8944984
6239066
2887755
6373208
6315527
1101109
6132857
7975837
7159304
4849054
8214761
6041829
2532154
3053830
1481824
2223512
4180339
3418251
5614374
6422317
8939673
7550753
1512163
8705953
9960080
9565470
3470371
9710164
8074573
4990882
8523385
1158720
4843017
6514336
5048447
4960086
5684754
8745678
3923771
9349367
8510651
1495141
6160861
2744460
9813236
5191957
5802916
1209666
4814068
6830409
9685089
8348197
1233106
6959698
6085268
8202136
4482868
8813426
1111986
3765614
7825310
3053640
2925832
5817897
6071596
5817683
7260089
3431885
6526619
8740964
7562723
4017055
6335937
7051493
2316320
6132479
2051741
7281215
9956201
6513055
7508297
7360813
8858900
7413599
2069004
2227163
8122302
8786375
4304460
7257338
3148611
4063200
6878240
4621411
5889002
5459759
1544068
4691429
6880606
3429391
5084901
5471405
4497431
4099498
1585821
6301521
3727896
9416596
9246329
4991929
9609809
5989892
6850869
9724458
6134884
7703919
4390857
4352240
2743684
7818178
6414172
3561064
1296442
7932028
6944663
3562279
3538178
7680359
1632661
3594634
7482514
2678065
1711030
6956187
1813114
5329835
5128211
6256349
9625062
6466333
5627595
9949685
8237057
2028675
8748348
7576757
3522932
9217449
4060302
9290181
4451340
1889118
6465577
2318192
9998202
4931608
8756806
4277321
6508083
9995556
4666147
8934712
1932152
6194247
5898384
3248484
7470832
2697335
6129127
5089150
6006897
6985327
6500057
2386024
5480541
7208691
3311842
6795073
7925289
1423264
2903070
4015055
2827257
2233327
2567030
8066759
2386343
7598278
2492019
2688571
8824867
7387770
5573875
1227105
4992628
2535526
9193592
4855163
8967133
4834785
8139294
8178600
7769882
1875358
8200357
5895687
2052874
3461349
1916716
4242884
8608934
9865002
9404735
8251776
6040623
4981639
4165191
7316705
4141734
2669531
7445728
5746611
2097525
6775550
3411080
1157561
3486635
2902496
9726642
4860309
3476965
7153149
3308154
7395727
2347400
9079998
6240564
8166149
9556138
7541616
5341533
6889200
9298064
1388825
4510643
9070286
8258194
1255932
9959584
2658929
1636827
4691563
5335250
8271908
7949901
7696836
8834342
3419637
4499329
1121161
5036226
9232740
8130476
4785440
3754562
1179750
2759325
8166051
2534985
6911830
2158114
4100389
9499130
4861561
2053643
4122947
2944831
9050988
9994054
3139810
7361094
7050605
7974313
9719178
6113996
1995650
4474703
7915038
8850769
9291273
8592025
8993079
7546603
2641117
3224022
9696093
4744759
5275554
4140605
6286497
7844778
7813294
4965207
3485210
4410437
4403348
1256697
5375674
1731239
7959502
6231791
8103948
7079612
9600326
3924725
3300812
5867476
8156353
1280927
2657058
5608526
6019305
6670424
4656957
5274291
2002101
9401543
3534153
3477983
5260151
7359821
6946636
2371481
2948546
6539563
3141922
7672324
5764661
7698817
2121491
3135791
8410921
3584177
7562510
7706567
2078579
6661410
6654021
2539820
9975830
8563296
6806820
2206368
3041160
6765537
5670830
3833436
7568799
6933667
2233719
4515837
6181720
2502256
4119032
1953883
2909188
2629251
4842770
3553722
1481168
2554373
9405666
3425242
9043375
8741616
1113149
8361193
2378982
9878101
3027976
4585497
2625523
1346872
8861559
5028172
6850971
5436441
4203808
5507498
3784975
1483534
3907259
7982805
5569402
6926603
6710712
8028276
5957738
4108036
6384637
8429164
9586520
9681961
2951355
7530541
7197461
3761872
4842668
8429800
8770260
4736561
1256427
3640862
2137614
6688266
6614703
4449300
6866389
3151139
9366629
4652323
2097785
2421292
3904426
5926892
4490257
7637122
9346466
2577576
7222631
3160912
2146424
7931805
3180034
5003794
4038066
4879788
3588624
2491957
2734511
1368775
2000880
5229531
2144832
2702657
8675674
2117434
2732321
7231486
2874412
1838308
5233555
7361737
2052625
6010849
6647383
8836932
1042384
7458360
2922632
2909242
4418031
1130189
6214678
6672785
2058753
9665252
8164379
6299227
9034451
1987908
3240027
2567883
7710767
6857398
2335389
2424452
1880907
7905261
9637920
4256845
9445201
8868095
3486716
4588449
2928268
7308817
8729751
2836388
3895212
7296402
4189568
6454767
4797558
9509214
9270251
8745484
5992203
5657922
1982025
6083837
8593170
8746591
4918852
5179191
2375557
2171111
8169748
5370988
2094293
6186181
4578241
6819590
8408571
7589337
5137333
1887215
8039644
7935713
4661245
1164621
7167832
5719027
3875676
4816203
4436592
2211110
1075916
4050835
2741393
3451729
4014226
4005144
2855169
2968107
7759420
1653455
1328997
5145169
4480570
2292349
4458092
6939303
6644567
4904043
5429276
8975702
3581970
1482487
9129975
6428531
4523101
3687493
4903561
5785919
3454577
8350610
2362961
2566923
9692300
6636457
3204170
8861620
6612680
9586734
9031253
5466700
2470489
8758487
7899652
7965913
5799011
2519547
6605829
4242807
3007734
1030505
1762840
7539431
9311165
8012304
7530988
4654732
9211791
2464307
9517916
4486547
2616008
8950798
5435247
8294783
2242386
4624936
4537808
8215169
7316996
1808384
7808487
1099951
4174164
7658454
7682595
7654563
5732777
1617171
5837785
4977843
5026511
6650773
5629062
3937160
2135108
8169563
1130544
8218461
5443439
1423050
6263467
4472278
6191728
2679130
1557624
7333178
8893330
1192352
1690568
9841807
5096861
2417822
6108305
7053065
2231502
9561170
4676366
2949197
6626697
8096177
8826721
2664660
4410646
2481474
4096521
3014289
4087692
3584036
1057125
6684137
2892481
7056979
9411726
7909327
5186345
7607177
7677905
5632110
6505189
3922241
7957319
7624767
1551664
5008598
5573203
9419386
5256417
7078858
9754168
8883369
4664861
8716387
3049557
5639703
3651229
3687536
4416637
5333352
9743512
8075626
4553655
8557314
9384461
3972469
7875279
6588713
2173039
5966662
8043543
5946793
4040620
1777438
9924797
6500268
4357468
4016884
1077578
2722795
5903939
2457904
6131573
7363713
8636483
4339348
9193058
2281371
5182497
2444789
9971578
5188812
4662129
7075943
1528807
7636029
9105633
9501816
5649196
6955906
4535328
3683410
9111456
5240903
1876201
8916804
9407237
4395689
7415600
1776730
9696137
7812321
6059431
9323752
7428120
9415963
6047789
7474022
8253596
9258021
7048660
4161397
2828114
4813315
5612749
7219072
4108170
3067487
5751154
5313854
5442427
7262237
4993712
5088275
9766272
4931917
2061455
8492630
7007731
4750202
7794656
7730030
7534629
9810463
3971522
3516885
8691767
7657337
6321936
2630782
6674584
3946232
3356203
3844051
9989403
6524047
1455775
3215319
5594611
7550442
5701876
8587115
1331215
6503423
3788884
2205932
1998732
5239998
1112340
9213433
1530395
8113698
9922592
8346834
8949233
1014889
7691464
3963676
7831140
3423136
9510241
8960449
6750313
4623192
1971801
5078452
4542887
9479285
4628315
2829010
4277303
6276516
8817755
4272484
7552507
5307372
1454846
5247425
9118616
1474206
7671657
4995920
7225233
9594855
7284709
5661484
9835073
4929284
2430572
1151840
1045493
3753108
2493779
4617553
7792548
7863945
5479123
7115259
2336011
9057208
3748277
2310291
9827945
1871569
3602010
5896780
8100564
2724388
3992182
9986871
6107057
7488581
5920384
3686441
3377227
3725602
7486494
3594858
2870835
4093923
9763014
6732540
1528473
8482586
5433044
7605468
8081551
9038221
2737933
1986971
7624606
2340513
5859264
3084510
9686515
9412453
2263560
5221422
9361527
8315641
6088751
4008765
2346556
3204378
9191725
4538422
4790483
6645963
5660494
7143935
4543354
7961056
3360881
6295886
5632242
3136042
9958380
9272421
9566447
1856634
7112141
3841515
3731625
9165204
2576828
8356777
4506448
7592626
9211196
8677854
8797468
5628977
3859472
1244351
8849410
1751580
3436602
7873358
7031426
7352404
6104734
6595477
7834205
4412121
7687366
3012095
1514917
8013559
6851775
4767380
2537900
7079439
1220832
2199375
9441694
7799105
3062314
2831966
1838123
1068339
3333579
1428534
7577884
1030657
7056573
1829008
1127943
1461249
1038923
9509187
1989214
8818481
4299188
4531135
7929697
7219263
5145192
7215587
2430644
2548341
7537711
2263740
8047499
2389120
7666409
3617563
9374913
8171867
7752560
4724178
4968584
3511197
8143641
4979594
5360507
1693979
4540442
1896836
4000080
5816379
3680645
9515498
6589545
8951574
7083571
5370065
1268745
6014281
7724988
2575886
3660515
9835097
6208610
3980402
6607310
5442624
7385613
5966947
8501078
8871576
3136689
1203800
7569452
4385763
4264907
6830256
2084221
4158005
4425675
6814128
8667616
6815294
7182540
8429016
3759400
9336376
4525118
4872480
4782297
8805161
6798629
2241748
6726456
7555285
6165178
7463561
8088315
9083652
6437167
3983931
7580768
3019819
7130576
8103428
5654106
7981946
2614917
6427323
1877029
2182146
6665652
5530151
6001083
9046592
7739587
1384159
5074271
3680458
6947771
9290623
3454678
7119828
4160904
9012233
5657653
4134559
9498909
5085653
5343510
4326720
6283892
7608118
3937828
5301513
9712563
8207531
5596886
4461846
8969514
3795519
8247225
7932789
2072185
3139902
5322085
6504883
1619855
3835092
2280657
3958463
5028109
5072515
2752451
5747838
9100936
3923712
6829344
8521386
8564205
5012715
6101281
6116455
6729344
3847786
6363558
1629668
2947773
5998497
9858021
4342762
8231583
3742095
1325371
5563909
9388158
9498760
3457635
3340107
9323411
4741899
1697284
2807437
5601752
1245823
1211684
8011162
3656522
4798415
9723323
8263274
7309008
6643614
8067106
7956782
2767158
3431337
5737834
5317746
6110162
7953720
1450441
3027371
1368071
5475649
5807728
3482531
2664423
7310745
9742904
4511166
7557556
5348247
3458874
3300648
8118271
2805447
6023549
7280093
7349170
5274312
9875274
6720532
8395049
1328387
1811868
6668169
6633978
2437512
7880052
9181285
9193173
2717319
1595976
7639245
7633223
6126247
7081307
6073604
4656985
9007046
1328680
2987582
4221141
3423182
1475128
7325378
8708456
3912048
3229267
9952826
6749219
9247488
2678419
2897754
1627548
9394925
4901204
4112875
6676977
1711579
9182407
9401843
4616236
6888287
8410854
9101763
5558210
3032598
1919554
1560669
8241014
4647202
9953591
6593855
1237915
7545347
4461186
8339216
4801974
4479822
8462441
4065702
1809089
4861260
5857624
7641778
8887116
2389361
3295116
5080969
6555775
7358390
2825832
2803855
9738106
6199638
4009509
2875202
7547101
3316067
4941415
5456736
9132579
8741378
9922922
1081718
2948009
2334985
6101531
5730311
2619021
3542515
2268035
3112405
9706482
5358718
1381598
6391951
9560415
6755618
3857802
1562582
3226247
4923309
1327323
8090030
3049699
9281279
6605003
3453566
3919099
2417952
1059279
5536515
6692613
2448121
3232068
6845079
8668580
7440950
2154568
6686938
2983441
6172213
7419686
9748538
7422999
9932971
9947433
9616997
6152888
4695956
5399377
2115528
2644269
4650004
6284388
3391554
8820939
9330223
2445979
6134058
7360897
9858210
5853821
2333433
9587646
6758620
3765770
7732054
1459759
6181148
4370509
5507517
2107942
2529192
5395413
7319627
3250966
3604327
1517693
6647592
4432955
7470684
4598886
3331729
9414871
4458815
6254662
7162368
4714518
4782777
3750234
6382779
3537875
9924733
9774199
2354230
2500083
7605502
6576574
7114150
3608815
6617872
6284526
4419940
6700784
7431839
4269908
2339897
7101075
7866246
9299037
8868492
1143820
5329805
4557324
8784549
6063206
7551042
5512518
8035421
5984488
4541234
6023882
1636581
6468244
4035012
8748799
4720239
4178889
1827315
2918950
1052540
1607048
1253862
7274159
5521219
8495507
2319278
9896039
3663675
5705521
5554459
3838798
4888133
4795791
8883835
7748295
3427769
1734592
3152048
4293672
5539340
4707173
6137133
7958897
6537627
5572392
1675533
3850266
7879062
2023458
2639312
4264517
8688780
5073821
5581490
7622803
9062926
5167539
2407018
5339411
7607555
3687381
3386748
8112148
3813064
4542568
6204667
4984219
2769793
1614473
9331231
4014896
3129921
9367985
5834558
9036371
1669522
8066932
8915435
6076748
4553633
1073316
9025320
4072928
3699913
3009810
6932552
1651231
9856954
2608436
3882470
2216603
6961414
6943714
9791292
3661811
6656456
4203451
9816545
1943693
9819633
4712036
9640673
8981730
3245552
6709488
3898938
8257202
8373309
2419484
8948849
9350937
3500035
5498289
1988751
2543866
9010728
3095500
3984956
7535063
1157882
9168762
1875254
8737411
7204919
8894909
6823918
9662958
3982265
3656940
1835327
9648992
7710012
1814710
9765260
6522241
9513933
8320903
8609652
3225684
8319761
9278979
5891381
7733444
5051760
8461807
1339162
5124695
4119452
4318895
4668130
2092159
9985794
2676842
9820207
1167119
3194635
8211273
2890279
5785931
7297935
3060127
4579627
6406616
9870231
8420771
5278898
8576082
5113549
1488856
4503553
9196988
1259650
3819533
5892681
4043282
4185308
2517376
3788893
1031931
3131546
3001310
8274382
1805019
6056518
6426150
8693285
4509124
3703798
9144235
1655036
6173452
8519230
6472184
2362937
7279737
8196277
2777421
1222888
9840409
8319138
9404040
8944052
6477551
9628420
4174303
8633986
5470663
5012475
8927242
3101611
7495659
3341526
6832254
4321811
9296750
2185018
6036691
8025706
7574885
6720107
9465607
4076095
6895542
6798074
9623771
7175868
5187208
9705291
1831579
8175938
7789338
9972994
9916539
3757602
5952879
7714378
9766557
1109044
3564199
9506562
5867055
7001880
2050474
6653700
4818738
1753991
1976637
9165394
6219605
1503572
5274230
6145247
8142271
6371141
7035276
5324408
9737708
6065736
1658376
6350797
3482351
9982804
4635800
4885536
5843285
5261149
7804738
4681289
5181674
6790003
8563254
9786083
6199893
4234744
5483964
5485527
4014750
6825788
8753740
5640387
6317649
3116791
1292988
4383238
8906362
8880290
8154132
5040106
4979215
5438962
3025149
1256879
8517293
1785266
1428568
4579952
2758779
8520508
9872108
5187188
8420011
5593043
2719159
4821716
1652639
4320928
9380773
9444484
5875016
7854686
8545599
8461481
4475238
6089082
4716051
7560858
4410090
2453584
2359622
7375656
9093517
5720812
9596772
5464826
6450096
7411806
3900710
7272527
8254416
7783279
8406657
2305155
1196264
3928879
8896968
7332785
9462052
3840554
6683774
2339825
6747517
7774905
9059580
6371010
1288693
3563380
6051707
4442307
9120817
7799941
3769983
8947612
3592430
8885272
2406753
7712186
4364769
5519790
4064247
5920567
7034927
8731729
5583905
9691287
4157318
4906594
1524787
5425582
5141462
8275150
1318970
6506080
6075376
7686879
4899693
3674433
6817785
5310639
4041394
9324634
1731594
1445431
8437513
8276749
1818280
8207877
3495385
2343312
1244635
8650508
7991765
4896533
9297005
5375957
3472971
8793226
9383297
1569620
8888969
4133500
3391437
2830613
3523500
8067479
5790325
5563605
6418182
6133960
8070469
2799917
5954603
9610883
7785163
7063465
4177561
8285024
4581327
4978551
6386177
2856736
8177008
8656187
1633270
6527630
7415517
9513920
4825073
4413697
4014828
8060360
4552190
9148862
7723290
6470212
5979399
3275514
2875808
9373535
4880507
1193020
3616686
2782260
7635867
4515105
6877639
2160033
6947297
5967034
6761464
2990963
8773837
9668816
8225782
2047296
8122765
7492039
8722259
3979540
5344840
4678816
8466205
2917187
3976263
1114072
6821971
5616862
6647168
5827758
4034117
8376256
2994817
1430146
5370567
9144200
8957878
1819609
9268049
5504929
7668823
9300989
6438390
6588604
5530288
6849793
2756607
2348063
6277518
7330274
9590372
8019479
2111939
9252553
6977830
9397705
6858071
6451502
3805452
9489255
1021707
8053398
1912311
7391550
8336266
9948796
5703396
9374059
3454319
3433038
7485566
5200750
6738861
4629198
2170078
6981142
5289695
8259673
8322592
4296284
2510253
2279749
8909731
2120908
9889815
3608483
9906460
7532702
7277729
6697316
6183191
4513763
3838172
3689623
6759564
9365403
9277196
3543056
2458714
9572195
5612603
4843941
6480035
6157259
4090777
1282578
9292163
4867206
2485134
3367868
3335981
1629243
2667166
3174354
8146084
4286840
3128760
3584272
6364244
1136262
2695131
5335773
1608331
3364631
1584038
1441621
4774103
7327644
4942970
4446433
3781820
7975923
3117389
7277057
7508562
4687166
5655758
4027499
3751161
5712975
6996976
3374541
9234938
3681215
8180758
7314415
9307516
4213406
5208921
9673332
6693664
3742788
9726009
4424895
1616377
7145350
2526493
9002611
9848875
6064772
6706376
8693010
9851423
3675552
2303067
4941319
9827040
4605385
7310913
9887487
8991317
7886261
2252922
8826417
2887259
2632493
4115784
4532479
4978303
1947394
3246832
8082868
3840341
3434781
1282733
6820717
9706679
4681972
3062391
1537365
3326941
5380633
9609578
2225225
4942038
9230636
1655127
8437857
6286193
6193828
1270896
7440682
8446396
9037856
3690891
2587300
8053641
5144487
1484197
9292799
8929384
4952558
5980020
3881863
1564821
5461932
8356428
4541209
1957606
8550822
3076704
7384514
6876061
3390037
5450472
6970293
2993693
8455093
5156255
4158889
7420090
8634861
5375332
9952717
4175145
6591830
9022720
6806185
5519510
9316841
5749511
3911314
6000789
4854154
3955351
5134345
3368304
1345899
2809406
5257202
2593439
6050014
9211960
3809260
7349077
9401275
8675157
2626705
2334135
4990698
5403257
3846795
1048679
7226958
3512509
6945233
3525055
9483279
2219828
8371709
8682010
7792769
6642568
9452364
5829196
1023670
2256194
1415025
3019441
3550813
1019368
5093334
5118115
2922389
5412992
6373552
5877573
4137618
6438515
8769341
2602364
8393258
2529037
4392541
2462782
9225789
2193505
3945803
4547202
3319423
4289929
6114102
9249111
9951140
7381003
1057728
1846673
8784934
5270040
5170002
3127070
7106998
2892526
3580698
6120118
4827581
5097117
6315554
2293617
8719181
5691174
7304846
9994098
2974889
7818622
1322162
2215041
3989293
7003635
2252749
6801783
2199195
9640870
9810662
7488018
1264516
1931254
8184962
4442856
9471952
4646974
8986943
6444793
9151402
8713460
4916497
5286621
9812554
7674418
8539158
3020124
9850016
9971601
3233239
7089436
8389146
6757105
4235165
1577525
8747538
2433942
1715182
4862561
2970647
2881773
5047203
6732687
9230551
3631468
3696231
9801814
5005542
1319319
4940238
4766214
5984813
5153694
9164175
1841691
2528050
4056548
7732448
6201035
6383679
5263770
9761836
4422975
8611634
2651082
3299124
7728286
9961057
9436912
7399679
9189700
8779943
4344130
2090943
3186577
5036431
1621265
4174594
1575454
5553308
5029511
2641233
6969099
9424947
9006224
8858281
4256500
5607526
3527446
2754067
1226562
8296542
5532580
3164706
6016093
7744036
7629228
3614601
4637631
2976780
2258916
1990486
7112804
1875774
1933834
2902223
3442334
1730914
8983689
1438504
8939076
3204072
9336948
2898910
7146506
1393457
1100399
6566578
9006060
6303261
4012141
7029317
7035589
5170418
6842387
3547725
2169212
5285285
9509115
8668977
3363229
3207049
7774870
2658119
4764102
5254417
2121385
9419303
7198584
2613059
2694008
2349164
9196045
9914940
1649408
7340359
9050377
9478682
2877341
4955007
9467144
2154121
4387340
5122953
4296791
4795501
1153291
7940927
1085407
3578985
5428701
5562496
8979516
3737034
7001513
7432549
9958317
9043860
2008322
2851163
6726372
7193959
7313410
4299746
3764604
6250828
1602639
6707105
7909514
2183266
6727487
8097315
7477195
2910495
7575640
4739954
4530429
2602757
1216880
9361870
1270347
6309732
6991219
4937674
5464992
5422533
5465731
5241028
5186205
2179514
1917370
2628927
9049061
2375168
5940491
8546527
2550293
3749454
7628038
4274752
2272593
4565757
2021370
5418355
3419962
2007251
6616116
5223125
3814523
4765677
8149734
9108174
4312643
2626633
6142051
2517411
6707469
6769005
9398663
7352377
7522074
8466168
7960692
5110567
7224705
6134723
9391287
5640118
7896733
9078772
2803080
8235896
3160164
2632479
6771696
9914754
1070231
2457368
7649349
1158535
9595221
5196889
2622737
1955666
1342411
3348428
8879121
5059039
7336390
4013559
8366617
1584023
4030505
9669890
6229973
7846119
9087162
4462565
7767914
2214972
8725782
4368946
5857146
1271772
9110853
1188796
7119494
3911140
7416232
8482915
6911535
3863322
3696015
4116029
4728149
7330990
4517415
6828515
4538656
7302610
9385680
7373717
8982493
9333747
7701517
8290507
4030016
5981714
3409813
1836249
7124936
6944388
1968646
3853117
4976448
8603522
8216441
2760777
8902497
2093742
2241136
3795623
2381397
2079459
9783980
9061518
4880726
6160887
8023900
1287104
8103797
8302416
6718255
4499133
9250231
9825119
6884939
5200520
7152409
6871294
6593430
2913363
6040693
9337442
7022833
6584585
3280701
7813949
5953028
9623416
4498531
5210355
8714932
9098458
2763227
7066230
7453105
7022654
2494712
9761344
9719469
4385048
3219379
7301804
1117543
6606433
7957067
4308466
6704165
3899180
1610950
9794429
9227584
5247879
2868117
6570603
8500057
5077258
4615253
6469024
4066474
7931967
6332914
6916871
2679991
8105966
8959206
5669735
7444514
4368451
3727583
3468829
9257950
9330206
6745919
1442172
7369596
7784311
2084349
5410110
8969121
2345580
4031593
2751013
2757977
5772265
1243340
5873842
9712580
5473459
4982253
2157057
2155822
4763601
3111792
8290175
7045117
5949143
6230682
1601801
5967427
2609360
7319791
4729635
7372659
5061959
1954364
9146066
5914097
6596210
9429681
6404439
4617666
3243388
1053222
4107336
8961891
7754478
9437310
9271564
1639797
8569593
5287273
6262194
2343701
2974754
4235843
2102063
3775178
7419210
4241178
7016050
9026200
1726809
9697485
6480358
9059889
3099079
3809103
7720003
5420555
6238791
4149515
4732369
9558093
9937296
1252130
5155515
9529571
5520712
5899791
9459788
9313137
5049039
9757676
7671944
7259171
4354342
3423566
4694121
5538275
5824827
1428618
1777013
1946212
6982802
7589467
8404728
9502555
8949393
7375388
6598692
9064206
4997992
3513071
2762753
4203588
6728411
4626368
4491602
4035484
8751149
5097316
9103558
1230266
4827627
4611035
7251735
5493084
4592658
1547636
5999171
7948491
7975646
1906448
9673573
8873132
7330032
4292670
4645104
3443126
9601050
6864070
1907079
3112638
6326282
8093057
7545467
7244270
1448530
3603813
5888801
8368340
3894288
4608927
3590735
8507734
2286207
8460697
7155380
6333188
7127896
8164507
9359889
7949830
9877414
1693965
1129240
3536436
3138533
4746202
4677727
1198596
4157334
1153585
5631105
1793886
5152098
6265829
1611217
9660236
6322536
2159157
8989372
6198157
5219685
2417765
9853178
8775496
9648511
5520459
9033392
7553502
5224358
5944934
5312088
5037063
6377447
2020256
2371840
1170023
8475924
5871579
5542987
4004024
6112770
5040870
4926195
7875875
4403072
4312090
8103011
5991570
1905555
8491639
8803980
6571040
7689371
3095260
4613653
7533536
7350164
8979106
8967087
7261895
4507000
7315094
5300614
9995703
9813058
7474194
1457043
7254313
5413006
3563831
6493518
7218421
4884572
6853321
2829249
8630977
8601844
2823271
7772728
8118660
6713443
1057573
8036757
7561462
4451491
2106120
4829184
2333078
5563929
4888989
7549435
7428695
7754487
2750454
6843539
8987944
7064322
9096514
5388146
6893279
8681134
9204424
6284434
8314689
2839781
3065600
7062476
4002288
7073446
1940238
3310862
4926193
4016586
3395356
5995691
2214361
1440482
3823949
9763796
2595645
7593461
9776198
5290130
8496966
9178521
9454659
4698319
7897737
2406532
4871265
5854333
2643222
3376993
8662746
7976143
2073406
7462494
8346712
5787684
8972538
8798755
7803178
1283151
6965420
8866286
7454228
3366655
9816509
2866767
1188224
9113616
5845349
4918269
7531539
7473517
2607945
9863380
1719195
6856607
1127422
9119596
1254820
9756855
1047595
1078231
4633258
4960340
8152845
7474422
8829288
4602706
9917781
3775864
3536591
9985807
4783980
1397489
4483154
8001243
2561686
7206419
2934558
1277115
4399220
1934603
1747175
7302490
3003747
2146746
1437086
5283085
9936131
2573262
4809727
8811649
5237458
1389949
4780230
9925700
9277878
9480606
7696001
5495404
6501785
6764644
1480705
5293864
4072238
1435319
2856042
4538017
7197971
5983280
3473514
3452556
4614095
6688817
5226502
5793871
3588730
7499103
3780112
8739981
6496252
4097790
2466613
7291728
3139693
6671207
2652786
7692562
9208796
3691688
8381223
1469800
5976236
1662648
3686788
4823564
7279320
8041045
9004640
1341573
7638934
7849724
8295144
1660597
2857369
7186309
4454132
4564863
6410097
1204504
7270069
7912722
4763406
7432527
7300939
8803287
8800610
1783402
6243315
9196851
3220836
8830377
9223006
1437753
9409968
7848586
9149788
7179887
5474955
2707103
3920119
4801915
5106565
8476299
9679773
4310187
5013303
6207833
5786741
5457822
1993068
1642872
9639954
7001169
4824732
1668375
7860677
9869770
8537492
1580697
4464204
2943579
1212273
9391541
4330793
4661203
8022218
7192814
3169550
9847623
4488046
6250217
5571572
9631864
1371266
1081008
9310731
7749665
6210125
5478082
1112972
2042656
5852943
9885844
2065258
4055102
5034251
7719785
5438119
2603549
9800614
9917065
7201218
8669309
2838824
9831137
1218253
8106474
5439775
3154166
5371293
4468678
2343458
2941447
2106844
9606639
1704051
3222207
8400056
2250572
4797182
4215764
7763838
2869497
1220222
2857407
8794625
1952396
9284671
9839192
7569780
6788804
5651070
4304205
7012376
5471758
6867116
9171070
1263182
1772595
3776465
5443321
7414606
3861921
8353358
3065933
7897648
1265427
8217339
2466125
5618024
5427616
5510191
1872419
9055695
4697118
5589789
9259022
3085212
8892528
3902747
4013817
7382321
9666483
2850942
2667833
9756306
4762817
8554466
5631011
4383472
9866272
1989382
1641672
4525220
4233035
7186644
5497551
1039991
7342554
1270781
8023661
1633757
1803920
9919235
1899907
5501955
7308097
7188816
3092243
8602814
4859806
8295556
3150176
5944546
2483295
6634700
1205794
1349748
5976139
8182317
1127075
1572855
4081703
8122849
3033913
4748002
8806777
4109272
2507040
9862387
6676983
5912863
9876275
8361565
4165265
3097566
5222983
8141021
8816088
2497659
4396773
7093995
4889353
9154909
6977441
2171083
9259130
4543883
2926299
6101698
6261664
4099634
4862866
9652710
5177979
6312773
7363424
2506383
7747359
8588223
3552342
1856682
5498591
1256708
9001972
1400108
8961495
8991397
2060677
5983906
1788758
1140419
7716821
6072039
1819174
7510794
2705808
5346608
1383930
2008415
2222585
6078593
9934708
1567125
8238339
9785538
3079568
2646040
4154192
7784876
3174192
5131756
4982275
6133022
5061956
2924368
4443204
5144588
4176789
5043196
5067216
9323350
9052143
9763082
5135737
8676791
3459433
5728497
5083585
7332564
2851218
6507563
9644047
2529780
5846586
6529657
9334668
4851663
5372506
8911101
2151773
3618047
3276449
1009668
1075261
5813779
2656924
4039782
9991221
7608131
6247104
9581382
9952571
1900989
2474199
4379445
9588005
4613726
6051589
8354739
9496712
1714556
8902838
8764949
6122034
8376736
7509799
9025986
3233279
9554897
3323661
3523735
7781724
9980555
8359461
4111723
2024086
6853519
3581145
3643052
9712350
5948884
2766604
3849064
4160923
1419675
8946115
6573800
8772204
8815968
3373679
3554679
8663225
4115884
5310363
7882944
1104692
4311623
1661102
7788309
5459954
8776971
7230302
9925772
1112608
4107541
3538994
6816900
6772067
5896020
2358577
6718789
2156112
8542787
4404780
9929989
4708613
2208179
9761061
5302215
3857698
1087425
3004635
7750750
7722983
1615272
8485939
9733136
1433900
1312431
7677252
6897366
7230391
2791747
8292735
9289791
2483645
7830559
4400058
9968115
2344312
8557351
6985367
2096725
3372577
6474645
4579861
4150018
2047307
7936714
8772467
2517879
6628764
1501574
6652988
9852367
3922344
9781683
8229812
2769833
8196651
6447324
1683357
5529256
5722723
8630075
3915366
6402452
4022472
6605487
9172785
8275997
4680588
5421696
6613568
5578853
6476749
8826555
3539331
3537602
5550244
5884320
5362330
6684077
5297714
1873543
6818284
8857614
5649811
6405393
6393967
8416647
7481104
5808237
9823215
1315018
1918904
3949062
6082734
9409300
3196232
4585420
2893542
3858890
4565639
2529246
5434538
2634798
4736751
8338321
9704746
7980542
4932485
7837344
5631701
5910121
8532874
5168560
7711705
3666287
8541578
1283710
4896646
6524116
2803601
8936167
5357456
5300672
4289277
3329235
2295155
5047542
1632175
3521791
7903473
3853103
5170715
5450854
8283319
8716947
5283903
2400204
2148318
5792275
8526065
7327207
7906957
8944549
4747536
6509610
3506299
1744349
1664796
2553775
7116626
8345701
7605632
3778671
2470681
5225872
3302401
6601670
2350017
2083047
4454014
8041891
6034412
3223502
4755917
1831691
8801637
5113730
3799968
3741313
9654869
2814187
4484009
3475492
8076981
7837962
2793002
5097525
4058541
8172303
6780312
5742839
3807182
1122311
1600683
7425135
8271913
2067187
7335877
5504779
7497034
3196852
9261436
8203807
3821268
7918434
8511622
7866762
3731898
5472827
2711552
7480951
9424727
7307512
6102043
7818624
3590699
9942331
3166819
9934060
8402931
2932837
7461997
9167321
3123556
9105797
8427677
6201589
8832259
7898219
5295825
2547558
3957220
5936986
5144942
8734026
6589245
1941915
1250757
4297752
4257062
8300334
6654945
2820773
4902703
5327132
9714479
2406787
4476381
1115240
4324235
4789124
8701379
6180644
5889891
3081308
4767354
9867167
3099082
5931364
4561789
2659196
6275739
2239483
2251299
9980510
4509256
3179783
7631545
1083647
2832638
3260505
6590715
3960352
4183094
2512687
7861807
8227355
6483739
2642387
8619423
5434260
2635731
6282720
2836081
2622094
3318957
6138084
2858916
6064089
9417125
6411233
3973609
7532329
8078806
5902702
8544028
6550211
8587773
7985339
9130973
4241296
2135205
3741425
7359632
7549268
3390517
5891832
5649197
6061752
4936786
3528594
4424708
9862147
4796658
4511076
5005649
4159399
7292607
5293589
5367607
5490424
2368291
3492559
6342365
4675447
7481526
2213283
2126242
5291469
7224706
5393609
1983294
2913171
1189295
4684677
4718198
4363214
3985424
1058660
9202363
1623608
3483400
1002150
6751456
2220985
1764634
3910646
7125623
9234869
8313037
1246484
5251335
9760575
1115768
9348819
5869867
8070123
6634863
2146558
7077898
3582912
3661386
9838806
1082990
5116940
8111374
2586103
7206659
3300178
9314363
6314521
1901230
5315167
1779378
4057521
8547144
3725755
7728640
7163895
1144054
9177786
6246347
7105027
9374310
2603186
7135447
8318481
7753768
9396550
3148534
6748259
9272166
3957281
8963530
5768133
5780546
8410815
8994808
9217580
2905675
8546149
2884971
2683768
7285403
4136561
5872706
7920601
4046223
1662540
4851607
7470477
7497636
9302651
4393581
1055303
9395819
4636821
1884469
8836140
2345128
1473871
8378237
7211638
2724045
6857971
5191030
9248827
7096462
9693615
7148640
2641864
8752929
1326730
3226772
5820199
2476500
4274609
9194670
6111873
6700618
1789680
1142805
5278428
5581011
7428284
1976424
1288964
1855463
2885805
2096966
9422664
6045503
2014664
5945082
7780380
4181905
8054842
9568449
7324380
3492326
9107298
7262202
3554096
4639705
3073605
6479018
3549066
7145518
2393061
1366632
1526412
4387596
3654635
9423851
8348039
4644056
3599233
4772462
6481375
3392944
3163580
6710461
1992522
1940097
5337335
8908896
3473847
2579910
3461115
5718177
4705163
8267805
4881882
9819130
9815686
8283975
9009307
9702112
8178948
9603516
3104463
4884454
9854304
2571433
1280962
5555344
8890227
1800456
4358861
4485237
1012922
8000793
8098121
1837711
1991190
3555970
2581982
8657379
5670828
9766080
4511417
5279815
9240940
5194569
3086620
5568021
4282159
6752640
3146831
3334315
6096378
3888276
1979956
1938715
7599648
9389622
9705592
7306166
3939459
4529653
3093925
7492784
2224378
9444343
7221077
4885552
9817039
1487126
1465921
9932791
2966559
3476756
8908216
4304810
9695076
4194365
5388971
7242493
7856080
6825688
9223909
2470142
6934095
7556041
4904215
5276091
3923631
4209222
8467985
9287186
1801180
2159284
6545293
9683795
8866372
8329117
6182630
2751891
6818585
3046544
1059046
7639888
7437301
6750230
8092924
3520956
3816983
7286732
9334284
6239784
7415691
8525858
6215649
9316750
7185576
8920175
9870206
8229243
1537139
8558702
4884178
8723863
8315554
6488153
8841097
2254034
5648314
2204640
4317503
5104301
7863641
8785094
3647887
4791394
7629136
2488665
2954570
3659570
6199912
2999116
8986116
4097801
5321478
7908466
1971144
1955663
6844137
8478553
7119083
5657037
3933775
7497217
5690942
6678778
1162999
9742520
3114269
6975906
3981442
3348371
8532900
2285810
6032883
1037386
7070465
3169314
5405269
4426481
5779493
9816063
3920636
1693775
9636309
9996116
2863843
3598493
2657373
4602612
5455605
8918684
4719907
3602343
5188775
8941139
3154713
4629423
6887938
5771044
8289676
6591797
3821310
7102410
8063962
5818645
5950730
7432626
6009024
1091075
8746473
3894194
3471313
3003992
8964470
6677226
8843011
7440957
1935880
3620534
3359780
8401651
5777328
4664397
1625322
4376508
6131039
3911673
8485223
1110377
7062437
2540339
4357531
4098817
2671700
7439386
4387620
8018827
3658883
7817936
4564240
2571385
9115694
7308849
2495571
3415473
2046651
7390001
7152916
2006840
5320215
9812497
1744865
4233725
8236287
8451198
1487171
7361408
8015643
2157958
6615789
4514525
6233476
2385527
6849102
1059193
1204326
4982998
4683846
6626952
9708929
4179385
5009333
5458104
7455690
6558018
4578286
2587645
4571886
2313528
2020618
1843962
4978934
1695683
1108377
4281545
5542597
2221188
4464436
6754535
5569471
6250319
2870062
4056767
6045062
2831401
4965585
4007258
6290451
8291780
1713343
8666793
7524545
1923762
2931124
8718111
7626744
9710950
3308209
4022964
4859219
1993962
2176821
8892168
4379552
4420111
3354185
7200232
7719603
2954623
8966245
9151791
1147111
1544494
1478530
2469513
4417842
6973359
2599357
4014547
8138596
4811363
4435877
9516126
6631932
1023180
3491617
3992915
8568999
4745919
8296193
3552944
7687254
8063800
3535903
2318000
6857466
3237960
9967985
3976905
3090783
8186665
3509103
4124431
7100898
1279154
3300315
4253750
2686353
8810853
9829298
3548212
2039261
9781606
3170285
2793669
9441854
7368967
7928756
9201928
3238436
1945406
8203552
4457351
1294997
6697976
5013291
2731860
6951591
8102214
3540023
9951054
9241180
7188214
2055735
1918659
9521877
6860605
1815038
6401903
9096693
6468751
5985058
6525091
1725587
3710033
8009485
9754369
3732379
6208614
8711392
8843684
2847298
3637222
8810243
3300892
7714979
2752301
2284045
5023703
6067003
1799119
1985037
3452571
8972862
9261609
9472435
2860719
1827795
4943955
6211166
4840218
9137331
5130865
1769155
9726979
2416601
4038505
2988214
7752119
5338599
8261103
9775449
2433225
5382741
5144251
9736350
4054996
5351702
7385884
5651514
3505500
1078601
3719142
9294120
8998867
8047576
5252487
5923158
8079607
3120305
5978040
8854896
9158424
5342047
5352463
5514760
2784696
4536452
1780337
4389279
4035787
8787829
8182180
3768979
3796957
3655090
2016898
2086052
5791763
9411648
4402505
5760292
3176521
6608997
5888272
8549563
8804571
8054016
2261652
9178196
9271615
3364162
7729649
1283880
4140431
8040653
1833260
8661925
2807205
1695527
2962989
7644282
8408032
3961755
8311114
3307394
3709635
8850668
3892094
3255818
7356028
1151991
6596344
1947585
5700801
5955556
6741200
5084987
3573974
8558472
7862164
8764321
6030764
5458267
8978177
3261881
5013219
5668497
3385805
1063246
1110192
4158935
3520033
8250556
7201306
8658155
5244516
8170010
7870046
4298328
3302451
9707140
1241011
3009933
7974701
3713155
2224168
3695833
3051178
6369052
4546985
3189510
2981707
1417714
4970592
7325903
2743916
8094040
3286583
1056446
7815286
2409847
9556988
1544166
2890578
5511512
6698398
7146874
9626232
2728783
4604372
2478921
2013861
3772677
1311261
3681559
1664939
6794976
5870754
5687449
9987298
8583505
2278775
3456972
5486396
9894713
4928192
2700594
3235830
7101177
9827440
8861418
6158251
7617621
4097069
9522475
5904451
4064260
2772048
5592669
5280648
2678102
1588104
2444692
5247833
3590466
5729182
7564969
9985847
2977931
1079059
7230007
9524669
4022927
7574821
6439599
9364460
3536300
8123120
7160089
7332964
5158479
6106738
6330215
9185583
6686618
1949607
1749431
5022008
8779697
1550867
3603110
2594777
8382306
2132126
3514315
9595794
9424367
7794265
8120215
5268629
2893752
2650206
5359815
3334845
6574345
3774102
7370499
9127711
8772158
8104213
7790551
5818041
6974991
2099167
8752971
3427912
2618812
7853774
3282848
7957813
7613398
2722571
3610666
2694703
6393447
6618170
3181637
4236372
9145279
8502258
3044469
7940424
2554012
4635753
8633694
8512809
9567605
5638639
7411356
5845593
8731299
7880209
3484416
9013882
1051949
7839134
9798952
8203640
2841710
9029510
2295290
8946367
1116389
6027037
9216317
5805390
2750297
4400319
1947219
7328291
7229415
3886222
2978455
9677590
9423401
1806871
8882063
4365954
2771013
9623891
7971662
3749854
1439439
5838281
2064681
7851881
1283804
1662225
5058323
1431044
7141284
1205043
4143128
6940761
4994835
6674093
4563571
8601081
9800428
3372243
2912652
7706244
7721114
7273745
1028113
4501377
8291477
7708364
9934767
9072334
3594221
7722791
6118573
2118961
2090231
5650146
7912037
2212492
4107281
1102940
3368161
6344879
7486290
1903929
9344654
9649608
7362323
8049246
2124959
8608245
6032469
1065881
6617793
4752378
9327181
4129822
3170358
7361614
2004819
2548781
8897937
5302800
8083555
9690639
5499085
2765847
4354189
5645950
6353033
5763174
5554751
2510628
9409828
3964351
5041773
8733436
2431089
6728910
3942938
4925909
5420823
1533702
5653446
6350453
7255240
8701578
8475764
2430362
4572188
2630081
5644823
6773468
4305481
3163340
6608216
6359982
4032705
4641876
6696071
5143043
4230952
6970236
8241179
9256269
5057905
4498294
6590311
9899744
2092180
1943025
7515996
2802037
7248686
1259760
6823477
9695627
7193140
5377078
9441347
6621352
4859285
7630941
2082261
6153598
8436076
4846599
4691779
6303656
4985631
6174955
8991575
8242515
2688663
4771665
2608217
7690170
8033180
5952665
6913526
4273545
1260107
3095029
8893324
8874083
5361271
5797238
7733653
2485951
3195354
1039748
7565101
6526893
5716214
3080872
3264897
8165687
7890317
5341955
8279830
2202274
1717305
5691170
5374515
8998868
8970665
9842089
8847149
1174159
1339896
8322411
5293901
1264219
4487979
9180892
8040095
3586306
7106055
6291038
9046938
7481205
2629837
1151351
3861479
7973709
2854356
9500836
1176208
7697771
6947841
2436551
2473030
7880000
2553764
6472443
4481423
2606504
4633330
3936968
8980874
2413745
5392603
7789426
6427808
2113595
7299336
8476588
7695497
4333751
1448051
8499946
1509304
9262609
6727202
3153364
2850980
3684650
2507649
8184726
7363636
1497022
1602843
2422036
2696327
6626533
5137141
6126651
5992029
8057461
3257991
2927027
1493925
8348420
9541720
2635696
1877091
9514635
8283188
7881704
4718717
7642470
9117645
3394399
5727651
1857655
5409260
8806941
9713754
8117611
4165266
8976130
4072547
5878613
7830511
9346992
8915340
3801846
6967358
9848486
1469074
7685150
7892347
5911917
2383153
7727467
8739650
1097130
9062667
9231472
8160070
7516116
6934768
4666930
9010858
6195776
8667024
1318092
7233151
4767482
8377202
5864795
9151019
1113232
2659666
5211730
7589534
1772554
6047254
2969044
2123583
8559395
9695686
4707299
6540474
4494819
6407435
6056558
2547044
6698570
5495310
5593615
3769397
4672918
8615615
2198302
5017299
2798258
4476530
2709232
1686601
2618939
7620899
3140592
1239382
1235503
4936218
2141527
6590050
9254324
7328298
9119819
3356108
5461635
9166995
8251282
8246686
2962223
9818759
9951153
1424098
1735318
3368970
5005861
8472462
3804962
4879346
6899133
1011866
4513980
5754318
8865362
1864946
1737935
2119715
2245220
1174791
6269044
2568913
3879443
9707904
1244991
3682069
9267319
2808783
6755237
5937384
2018140
3404830
6347977
5990532
1325725
7104359
4423586
1436358
3138075
6103715
9959753
6185903
7253019
5507034
7533572
3315770
8730649
7737643
8198870
4797133
3193602
9254996
4864540
7830809
3336381
5644511
6214588
4360427
3048141
8979712
7027304
1481686
5334909
9403172
3907941
1787143
6648632
6207329
5427879
7582598
6568376
9270271
5006425
1253323
4195991
7185565
9547769
4249275
9156033
5430146
7931103
4315902
8349515
2310593
8260637
5022781
3174300
5405896
9253570
2451005
9185865
6705989
1434233
1058259
8645503
3563892
3944207
8339267
6199577
2286282
3236178
3543865
7463250
6329655
8340948
9511011
5446484
8432220
9000015
2667369
7563375
9235529
4193634
8183690
9875877
9583153
1427962
6843988
6141410
3554413
2882060
4658880
8690761
3645481
5944382
2052328
2008681
8966511
6461669
8601445
1483022
8007886
2769705
6152201
2143604
8614374
1402885
4016246
6436823
9887507
3601771
1025305
9552678
3300788
7830596
5396167
2097941
3322647
9990485
2044338
6064913
1741059
7980285
4743815
7931407
3832993
3866587
1301160
6723262
8363847
2552780
2523841
7410011
7994018
5745682
3908681
5399394
1600000
6617232
2345175
6573346
6740792
9273842
5508574
2319530
3004982
6924393
8968583
7225567
1141735
5695956
3965737
6977071
5163325
7295546
3771560
3740384
9527199
5684916
4711335
1775554
7880241
9146472
8726955
4684931
9064443
7902639
7231821
9776993
1409528
6968664
9864411
7636858
9845374
2865926
8843213
1245119
4625156
4009012
7836959
6310343
8845333
1589529
3151232
4020240
9405863
5903221
6225536
7890649
2215213
3585530
8139385
6281952
1443740
9272566
9645195
4796940
6439782
9233450
8863092
8154307
9245122
8831639
2857698
5992216
3571148
8577977
2858089
5904850
6424970
5094307
2821520
4382229
5317834
5762936
5265286
5530928
2809767
8180611
6315378
5034498
1713066
3553716
5573608
6570121
5882124
5477112
1623351
9433225
4072153
4334771
7181407
2774805
4114929
2493917
4039904
1223101
2711977
5645622
9452205
9099854
7205607
2066240
9529756
8239881
9589943
9819911
2676752
2262686
7434918
8740860
1457230
6871247
5327338
5142546
8089056
5494813
4705539
8828171
9617766
4279918
4340541
1149670
3057633
3099402
2729282
1646710
3121246
6351935
3650777
3945038
6740285
4019557
9557823
5810329
7086044
1282876
3137120
2167878
3219557
7886641
3871218
3849376
9070130
6866688
6828975
7815675
5375320
5086067
2338413
9428042
8671703
7108040
7869787
6551310
6636060
5280880
5875354
8647721
6396080
9246004
4469621
4555985
9711873
9125106
8923263
3030816
5278987
3121222
9467400
3347207
9508899
6042884
8547387
3600419
8362016
1682465
7504727
2208488
1136614
4579249
7490568
1702394
7830480
3192778
9564769
8132826
1330297
9553416
5911929
1033085
3092648
6518698
3321439
7143545
5244310
3802074
4807035
5967128
8715484
9485962
3493122
5394575
4271037
3199866
5626965
5968328
7052622
2675542
5168695
1402588
9938750
5886843
3582889
5264605
7180102
4338586
9205540
9715854
7725998
1608885
7216114
9736502
5095160
3909767
4890346
6943689
8120686
5442753
4224198
8336711
6612803
4444590
4103651
5593377
9964904
7505655
8108180
5821013
8368878
3256003
8677346
3456027
4022419
7698358
6665636
4803895
2746411
2289115
3798967
8402223
8256044
7269532
3089691
1225239
1673430
4002286
2918890
9771272
5315837
2953737
2844662
6849327
8472117
3196821
6615101
6685697
3505368
5512289
1097995
2689420
1358902
6812044
3201389
5476521
8729946
5659398
7398669
9127630
2028277
3146737
7828079
4744640
4004202
9752161
5473479
4982629
4421557
3116482
8564404
4367799
3333945
8983449
7535069
8304021
1550500
7357091
3839975
9986228
7069825
5153625
5856656
6914866
3279833
2811861
2196715
4384907
6192647
1984974
9946744
8559076
4036631
2920767
2057631
9722949
1463002
3729703
8368521
8141220
6141385
8767721
7063708
4081436
8226707
7480595
6301137
6050173
2324166
7367483
2027955
3427388
7272086
4555013
7191029
1203467
1121484
3667650
6554608
8208772
8177229
9496691
8113465
8537470
7908229
8626091
5565404
2875330
8046193
5291730
9058743
6590168
1249031
7593990
8578804
3144314
4994306
5488923
8176036
8547562
4717453
8201155
1393909
5506399
7386891
2900233
5134800
8558427
2007617
1227447
1934673
7066328
6931169
4061464
3677732
3351520
5992564
4739416
1231608
2980348
6490019
5767751
1844195
4069764
3929953
1109180
4161618
8896534
1150584
8821974
4345707
1708769
5872111
2359710
1615169
7843425
6523477
3228360
3526515
8750245
6929262
3996377
9244322
6294923
3932407
8003170
1066956
8911694
1284566
9493354
3584842
9312182
5656227
8285930
5673890
6871022
8013325
2180593
8572682
8574770
4285482
4941416
6965498
9471399
5035167
4128368
3268844
7380036
9751656
5255207
7841779
3484910
5322949
4116554
5817333
9138978
1817716
7814535
3590540
9206561
2560837
6393571
8897652
8060389
8907166
9870984
6038744
8013182
6946696
3866031
6563924
7111820
9780788
1468453
4472765
7150609
4543325
8787466
1319566
7791416
2641034
8021412
7175418
3366524
9880175
7320736
6033504
2293815
9475507
6706919
7134493
9056136
9806285
1326745
6928187
9932767
1429191
2692137
8048838
1823464
1008165
7377109
6049855
8607441
7576607
8212096
6117930
1536954
5198665
4452781
4773186
6491512
7831892
7390234
6411277
4217990
1681133
1229943
7675978
4397001
1478275
5296706
5356294
4672447
9067366
6294528
8140878
4906371
6635211
4881113
9119934
8743359
8412012
5313361
5880440
2707118
7390156
1649567
9201137
3203212
5249112
4984357
3518749
3151017
7604521
8580394
2422871
5950758
6581261
6497570
9114734
3986951
3105322
1637259
6931962
9748788
3276395
8838129
9270278
3859723
5220076
5482882
6993015
8556161
7944054
3696898
8991703
7538527
3093973
2887893
4283453
6219630
9635160
7873466
9352603
6241838
4402661
7156247
8879076
2950335
4841718
4988142
2421144
9671203
5675380
2242863
8044397
3930331
2411118
2876392
7882843
5966189
5977014
3670104
8624964
9788999
1745624
5273441
2861631
5134590
9366840
2217755
9626112
5592623
6260743
8644485
3810661
8597510
2090146
4072022
4323103
4162205
9990855
4904241
4615419
9277180
4828980
8644408
8449164
9156095
4606814
8842552
1101111
8092821
6350859
6860930
3442267
4994788
6695308
7643545
6969307
4667018
6294491
7131271
9501897
3554815
9098381
4228170
1010224
5376662
3958579
4309100
9857406
4236179
7781808
2133196
5753397
4226622
7908712
8093772
3836100
2798414
9101284
6402830
1908326
8910846
2795844
7828719
2874043
1552998
6434543
6325150
7558442
7088529
3821404
2433740
6685250
6003452
2205517
4442480
1534594
6537134
2186972
7678964
4852724
7038703
4044462
3935231
6643892
7197478
3708356
9959904
9878158
9274258
2709936
9573715
1021317
6353701
2132260
1004020
3078960
3225976
2021542
9342397
5410816
5705071
6674527
7178045
3737564
8160107
6600467
4802968
6011757
1549093
2154924
8234549
6680181
5543214
7154863
1640328
9588570
4870272
1949008
5258875
1833985
4231871
7459104
2907451
9416022
6451282
4401892
5707358
4723687
6670937
6824258
2588268
3163504
5989962
3183061
4311633
7265266
8968491
1283679
6450973
5335804
1962478
1899614
5544501
5160971
1031204
2394359
9235546
4058125
9961055
8468239
4489235
3210178
6304745
9427897
6167162
2172475
3701594
3442377
1469473
2200581
3362522
4455879
9277663
6840479
3351796
2153344
5486330
7021158
8904722
6565686
7337778
7829970
8516827
6019831
3018600
6006297
3262182
2430987
1465258
4163441
9025113
3286022
3196444
8038707
2867362
5246654
5526916
5016795
7170258
3397783
5084209
4240492
4299153
9014842
9702153
9857392
4671874
8663140
5740206
9585309
5448244
1917466
3334924
3104211
6958529
8337275
6891394
3895042
3157767
4286830
9993707
9248617
7751296
2024825
4980232
2416057
8213121
1710835
5627532
3352152
4068044
1775122
6733955
8507969
4608081
2261342
2237983
1852360
7774664
5699911
7090912
4250811
8334756
5560273
5096735
9316197
2785012
1970733
1698680
7440556
9119451
1061028
4050194
4558490
5269546
9365036
7753101
7334584
2190359
5586013
4259590
2989014
6518877
8938941
5961737
6178856
7105967
8904055
8420180
8560267
4651546
1483307
1538500
7268901
8490998
1470303
3388255
4067881
2599368
1915474
3340733
2141562
1492919
9248369
4364115
8657063
3984489
8055523
5344605
7449813
4580474
3960255
2677096
5290682
7063897
5694621
8617337
9281733
5040446
3222538
8915805
7825244
3728715
7115605
8899406
6188349
6327807
1318022
3332991
6071941
5555601
6935087
7703045
6222543
4247791
5682714
7746145
9887733
5938578
6188449
7193262
1270770
1385085
5656797
7440228
4796072
4839635
1440566
1166406
9439996
4238163
7381594
9759534
7427743
7822961
6785545
8664371
4070568
1584210
3469516
4740532
5166365
4832547
6442181
2380164
1458257
9836630
4526946
3763058
4715239
1668602
4283948
9966003
7737204
2084213
1612348
3339694
8963459
8975905
4245580
7620772
6763314
7950145
3081323
3906618
7213305
3272415
5816458
6556709
2060619
8078851
9144500
1288561
8353621
5812881
4175195
2342574
1887715
3687616
8600333
8640439
4978594
8591731
1802566
4847008
8023616
6025525
5028254
1111803
6005935
6216854
1076899
5700935
3335945
6652700
4801025
5950071
3650382
2206120
1947678
9598170
2925128
9626919
6381635
1301099
2253391
8159985
1929460
1902903
2159465
6974593
1039840
1840807
1058441
2466705
2918515
6074217
4057208
8948114
4291081
3908095
4913233
4761733
1404350
6619748
6239974
4931193
3476897
6351446
7911873
1341409
5198599
5940549
9207749
9766289
8062395
4381142
7678002
2214357
2051667
8978004
7086471
7373614
9298846
4738804
7020801
8770090
8138937
1243331
2550082
3153695
4247809
7784622
2467149
3230724
6020578
2680046
7691758
5933803
3289934
5155982
1483830
7149023
4031434
3819354
4384228
3518358
2193186
8639526
4490592
8738835
4439549
4650360
3832288
6260379
6708747
6004499
8093485
2213073
7863834
8924896
4228992
2197872
6832200
9396731
2476038
2530341
3237395
6911704
3680579
4359111
3273164
5868497
5010451
4964276
7809195
8462541
5406091
3736073
7860475
9778190
2167741
7401597
2337654
9639830
9404954
9861467
6599979
2083767
8118898
3722394
7628507
2918070
2259224
4810586
8882276
7066331
8970209
5131325
6167381
2006296
7302283
3948256
1578144
1199187
1822841
5851509
4323437
7931986
6989212
2839486
4346059
2220610
7644846
4804200
1187393
9976612
8331224
8166594
9182147
8001237
2404916
9881944
4384768
6399224
8637100
3303920
7374360
9348994
2714497
6344224
6577835
5487393
3562408
6674442
5175245
3486538
7482063
4094454
8100885
5756510
1643837
9524042
1497109
5711096
5833239
1083880
2240484
7584533
7958654
8056292
8369110
2129505
5552150
2002017
9366541
7707226
2456482
6307207
1880937
6162851
1649035
2687331
4699163
5916839
1808896
1822554
5533335
7088232
7358774
7792715
4943335
4981283
2965840
1601665
3641885
2412194
1387355
4093585
6128545
3614622
7003440
8059798
5912232
7215502
5097532
8714631
5125061
2990864
1627549
9793266
5994137
9580851
6483682
4892567
8056551
9434783
7699701
8184356
7831362
6834722
7743509
6665928
1730087
3721367
3767547
8651061
4374695
9856501
6209054
5156279
7359613
8107249
5373266
4262956
2511294
5118417
4166988
8418527
5533998
4492943
3306048
3530053
2809518
6701158
7449579
9232659
4452307
3466491
2381741
5340026
6182035
5967147
1542606
1996737
7741081
8771885
1306273
2800829
6370168
6043748
5234693
7462382
5254459
3084420
2039688
5493497
7619099
5092190
2460775
9995518
8480522
8212873
3905649
9503317
9506284
7631855
2622601
7518954
5357029
8534001
4459466
6506226
2256589
7719672
7988421
7101577
1020544
1533017
5032293
6936234
7517715
8392292
5344884
5492426
8613601
6774410
3250934
1041873
3870915
6812264
6346035
9794742
7657117
4689588
2435219
2470325
4987797
5553795
7789473
1257008
8320607
1398068
4887346
1757920
1568820
3837117
5418847
4201910
7097826
3409872
9754669
6391634
5052604
3705065
4622414
3017439
5503985
1266551
2343297
7273929
1076794
3045028
3569428
7920988
2359469
1195651
9157577
6066362
8520431
5315989
4631063
6669048
5053702
9272248
6168327
1627415
3094797
4671597
8522047
9627034
8199680
5912708
4490012
5648328
5105335
8088038
3249208
2804416
9325424
1527295
4343883
4615604
4485893
3479750
2658733
7241860
4934140
4084394
8187641
7205815
3014461
2370778
4186702
9161624
8365534
7301873
3796335
7880939
4519131
6312573
5330378
3450059
5048673
1362859
3114646
3550753
8763977
2915856
1686037
5637891
9800482
1617494
2204665
1527590
8901095
6235905
7140771
9117249
9814096
2417437
2059206
1872513
7336004
8430854
4766506
5274594
9739435
8213267
4651917
7188785
4333282
1263200
9417892
8520859
3924104
4298999
4248767
7913648
4391285
4684571
2105738
8759162
8407627
8270960
7246127
2917428
3261860
5434890
2121241
1141993
7171306
3294288
6002196
1237355
4646534
6662285
1726480
4624364
5411889
2195155
4092869
4620156
4658534
5601036
8559600
3415839
6407160
6841950
3460347
1843786
9585599
5846138
1462010
2654330
7672430
8354114
5363025
3443441
3044672
4676052
9426164
9800143
7091793
3076792
1286663
3230601
8806153
2533986
9946340
9779400
5958515
1335844
5481658
7737248
7822892
1299507
2012562
1235627
1872246
6472403
1635629
6674690
9429228
9177186
3426186
4514711
7836624
6105151
3857988
2256114
2000896
1315477
8007127
9714182
5851400
1733895
5342659
9794287
7484304
8137786
5431753
1548235
5965302
1521529
8956882
7357426
7048183
8935625
2742383
9286867
9629830
3054602
2251131
8877548
6249791
5129543
9443229
2725925
5065077
9574426
7971818
6631306
3326695
4779903
9391783
6936676
8426578
7499507
9816044
5236467
3523552
9393864
2521187
7814217
9625022
5145096
8608816
1718405
5218123
3558468
3820587
2324523
2462636
7952824
7197768
2421597
2799868
6002460
2073944
6094776
1383457
6138697
2270568
9655374
4203066
1781510
8947207
8222395
6876980
8297839
4465574
1781926
2207036
1432449
6053656
6782742
1517006
8955908
9382648
6762478
2429548
2427541
1734697
1383943
5100779
8328399
2219064
8176104
9335144
9325526
7587231
5359524
1670167
5053056
5434979
2638609
6186171
9273503
5704860
9793824
7930354
7867375
2028629
7544862
4811688
4057113
3951753
2644422
9730348
6171042
5418510
4503616
1788127
7591795
7352846
6853306
8704712
7366021
1639855
8794530
9143557
3997865
7675028
2183229
9444381
9593073
3070205
4195047
2451440
2600894
4449354
2734311
5766287
3201383
4928221
1377902
2483368
7286211
8569372
5265197
2235866
4629396
8635542
7866448
5503591
6142288
7350141
2684890
4319815
5073037
8323537
3509470
6620121
8572616
1580830
1332375
6610229
4201937
2016028
1985189
2986076
1843031
5787060
3776484
4126161
1236108
2334178
7044971
3816001
1041332
1905653
3841438
2019741
2403472
6687348
3706225
6582281
3756449
1740507
5101433
3757036
8582875
7050627
8089648
1014760
4363112
9318175
5789509
3578852
2293205
8932066
2674142
8504516
5638749
4223806
5685611
4301818
4273744
9196424
1303208
4399798
4946592
9747127
5451183
4531321
7708744
7161484
7653495
4015431
4693978
2419339
6252013
2961531
5260387
9380583
2576877
3503796
8694332
6622843
7116573
4862957
2607600
9030645
2003622
6992171
2915845
9509837
8169040
7999503
7653097
8083379
7374138
4138891
3111419
2610695
8086706
3925297
6015986
6797506
6852343
6950311
4822702
7262578
6650440
4389111
6794969
1582114
7701416
6221891
1910649
1256664
2235889
5951126
3545558
2117367
5144786
9808597
3103170
2026565
4798823
4918996
5671370
3443399
3611315
7727365
6155000
9000329
1746749
9487243
2814017
4752826
9876164
1324396
6194194
1752947
9079519
2256229
7579250
8595800
1077302
1232088
1143315
3914199
3494551
7752737
8184635
3197582
1615862
5935302
1083530
8473289
5878660
1371532
3851751
4834856
5335210
1189030
7246923
7660831
6232098
9984329
4575401
3468888
8020658
9547803
8649337
7744371
8892295
1346825
9010144
9450733
6239594
5456312
2736126
5899294
7081057
8740883
7821715
1390556
5382500
7397443
8309070
8661118
5938490
7031165
2331316
6833979
7701041
1993844
8291370
5563568
6229750
7650352
8437983
8166912
1872470
8165111
4973656
6040981
2164690
7274471
8140889
1197125
3167256
9962213
4914477
8633425
6758052
7214960
5552915
8991303
2849971
9732047
8526661
4508743
8271519
1692201
3594725
3107554
4701148
1139955
1160199
1758430
7616781
7546883
6023957
2264086
4222340
3532740
1598947
7375934
2343253
2621506
8804496
3874693
5327829
8341285
8243413
5221331
9398260
2777595
1927341
2742002
4129268
5662830
2731169
8596361
6320901
3741844
6942703
1097986
8847487
3008613
4585942
2670349
6791163
9205896
4556545
5099198
2221199
3443014
5305614
3524946
1613475
1441017
6578767
1240436
9763451
1681897
4848457
3032741
9898553
1802071
8832832
6423997
2272484
3761431
6634023
8756034
7122564
2691845
4356864
7341487
3439440
4070989
1163938
2483924
1452289
3048790
3480604
7815371
4312833
6504012
1852340
8410386
2008131
6043400
8816904
1946122
2319148
1524191
4464598
1924363
7692974
8009348
3046999
6272930
7996022
3960602
6259206
6496616
5944252
1207322
6039934
3022144
8774775
1038430
5503617
3565548
7606003
7306312
1543637
6686348
3835386
4451089
6089928
8551605
2128495
6741746
2126741
1094634
2423419
9421096
2586783
6270238
8806760
6667866
1102645
7497127
6257183
6879625
1844556
2618815
6536100
4468833
8252420
4091679
3384637
8179981
1137495
7445794
3936779
8979403
6142631
4582004
2758611
5868531
7996319
5567146
5473449
5082456
3389481
2474796
5706555
1872007
4563461
5846221
3335863
4562989
3930189
1849211
4532442
7328917
5432834
9709970
2520215
2435982
4616593
4723147
7855264
8566250
3846888
3905425
2853203
2023971
7679664
4263284
1542340
1227609
3873894
7354678
8357155
9300855
9100377
5707011
5385866
6005427
8836354
5909822
9602150
1932147
9826747
3279351
1539327
6985805
8723705
6412453
9027175
3490491
4810367
3273913
2440958
3453621
7596934
3620437
6335298
4106297
6744125
2059033
3099549
3942172
7571673
7119891
1483220
3515729
6681029
6978314
4645830
1794116
9669239
7110631
5330386
8851477
6053406
6624129
6320598
8205044
8646647
3488451
8736402
7037141
1817151
3143292
8889770
4875344
9131715
3295491
6663242
5528665
1299795
2918981
4935588
7929879
1816085
4744365
4038549
3011554
1453557
6406958
4301029
7666462
5421690
9957360
5805997
1942575
5858612
2934228
6388819
1315159
3908753
8226598
2000241
9460851
5689872
9099038
3040852
9844623
1588813
4758227
1890976
5678561
3691322
8786365
7371793
6374121
2129390
2136741
3579036
4380579
3582103
9775531
3809588
9980197
3399116
2576564
1346216
4213083
1105341
7075758
1137705
7788509
3126604
5353537
5155306
6686698
1077684
8088851
8663008
4847748
2460903
9855992
2738665
2550183
1351094
3236917
2356809
3629415
7443434
5530927
3611407
2875877
6544880
6708853
7588950
8666413
4955568
7074535
3437863
4654896
7981054
5995713
7757948
4377049
6205609
7621000
3266207
2011021
6551090
5182287
4630065
5610308
5231127
1653094
3002252
3423520
7934127
9018981
6871563
5462400
5035088
8161854
3611714
5580351
1071663
6970891
9648811
8990205
2353934
4796543
8907066
6993858
1397359
4073502
6804591
3284719
8762102
5817585
8978891
8393285
5731692
2511587
3264095
8945169
9911200
7641980
1806527
9578995
1453416
3222967
5651286
3896778
9868933
2685441
7711572
3852159
6522468
9647889
7827138
8322346
4587841
9834590
3492789
7991780
5756262
9080194
2642913
3445482
3623634
1042729
9805381
6100650
7834100
5996661
7040324
8427438
7454294
1106930
4978580
4261410
2436375
6678129
6865807
1960643
6784785
3150851
8652967
8204198
8363609
7637011
1397815
6467106
1177124
9555297
3147508
3866332
9724678
4849559
4588226
1026861
7763990
3673481
5133091
5193842
9936238
8950030
8541322
1095151
6038607
4130805
8994190
3371168
3388001
9730790
8784378
3343454
1804183
4930903
4308289
9324907
8946417
1441703
3362382
3807706
7462235
4827995
5287738
8523870
4737715
4010482
6201239
4582381
5509416
1380198
2607657
5136848
7026814
1387074
8592564
9265226
7953005
8941723
6101425
3492386
3295081
2833964
4530586
1785359
2965437
3418386
6281828
6490944
3896529
3788301
4796229
6734794
5470496
6267531
8973469
2303568
6078887
6479332
9902876
3757483
6731220
8526491
3790073
5836806
1401381
2742664
9895474
8761302
9556789
7589185
7587804
8455636
7014102
6369460
9268811
9506662
1542919
1410903
2841241
3807260
7031378
3710966
4720279
9066197
2522693
2191787
7853518
1249730
9857930
9089900
6224368
7718466
1058405
7462142
1732064
1974573
1168266
4231240
1426907
8354413
7878553
3293314
2272705
6060998
6382007
9322508
3747012
9437429
5482570
6299739
7825580
4055670
2064784
6890318
3929028
4731360
1473949
7230495
7793764
2494636
6171503
4769845
9817884
9367187
5002799
8429589
2757498
3858325
7818631
7911225
2570809
4475477
2812378
2827385
5573190
1723297
1847972
6819814
9543472
1469776
9220848
1751862
4027371
7999493
6041264
3981465
5711424
1459984
4865980
5103402
5198037
9119283
6836394
1796545
3376020
6961601
2998598
7633637
9358651
7482146
9499822
5743519
8553472
8420148
3532109
9116457
2426975
4010316
7946482
7843589
7461722
8782092
4104427
6513802
4198634
4212228
3723418
2117440
4799303
4947639
7647376
9542291
8578746
5451407
7559573
6970765
6755504
6535357
1309297
4964887
4208313
3947092
7795133
7691237
5660781
4668549
9106455
5923263
5154665
5348787
5977967
8343725
5867319
6148722
5075518
9076543
7566604
2481121
5763863
4045942
5238954
5156129
6619605
8380754
5599206
1425137
9687540
5455225
1777988
4972968
4011452
8649281
1680574
8085454
1326040
1554010
2776612
1678934
8292869
4317851
8188573
3968700
7884838
2959527
7862731
2085815
1964340
4581564
5193676
8041116
2796370
7661144
3512733
3970255
6838206
3998216
7116762
6722598
5308388
7018382
7905121
9004059
6611981
1978798
7312788
4560366
2281396
6008149
5660668
7655573
2974137
7499879
4122187
2272609
1463919
4404387
4119098
6484015
7880720
4144117
7289297
9074183
3072016
1141081
3564357
7884436
6434766
8286759
2647035
7014016
8348455
2052927
9351211
7120108
4713445
1462417
4931232
8651657
8454229
2684297
2614427
4282774
4193526
5939478
1325463
8666358
4660877
9147286
7578472
1191533
3262102
7929184
1541501
2089847
3903317
5205613
1788228
7591237
4149962
7170531
7500332
8477076
5546754
8176128
4484998
4888492
4319306
4691871
5508613
6312499
2389994
4719204
7298347
6020161
1250589
8175590
2119055
6574150
7207986
8778425
1364485
5517962
3744367
9079220
7776255
9026212
8009160
8901503
3251956
5773812
5320369
9460306
8903223
2860857
9661893
9163542
1135153
5240831
5851404
4986343
4428096
6622517
2561708
4611643
9005290
3551261
8300079
2104220
5347391
9177116
7527917
2565265
1659147
9929009
4872726
3204443
4974581
2856258
9329310
1574811
4655608
8276178
9900101
4471697
1169979
2169744
6509506
5841983
7421838
5505801
4600011
3672172
3813891
5192252
5465412
8986884
6320743
1089998
3768514
1812124
3720540
4371668
9397690
9486740
7171476
2124750
3469130
9890773
5747500
2635572
8054756
7243322
6204323
6983783
8119059
9464524
3239349
6917322
8825451
9102885
5978008
9373098
3322705
1922293
8917138
7020888
1600100
9473123
6208088
5871687
5367307
7241912
8206194
4519565
8540646
3636788
6913957
8490879
3404679
7505592
9539387
3067212
2094722
7532425
9414776
2783566
9514407
7751161
5438444
3874613
6092268
4927330
8250984
7172498
8169897
2159872
6084621
1751746
4881020
1655464
1885888
1952053
4052300
1702441
4261433
3741018
5086571
9278590
6046331
5511977
4373013
7195116
5189726
4775500
8753877
4304766
1708872
3687339
1524871
6658843
7840058
1059027
6342520
8903425
3482886
3063170
5238185
1116064
8402463
1766545
7660979
9161813
6635337
3296318
4545860
1008833
9880623
9906901
4629895
9950278
1457875
1489915
8260642
5190878
2932447
3239831
1242521
6648727
6231387
8517213
3598608
7165807
6983096
3435192
6436589
5541959
3291593
3321940
5228764
5232071
5413585
4556357
2317036
2775759
2020535
8855639
7886550
8650645
1920342
4833651
4768926
4056800
1447473
6194090
7457875
9086944
8266692
7268385
8086576
1896295
1772853
1466969
4708709
4031304
2019497
8224346
4157167
4329291
3238132
7972796
2498276
8512074
7632680
4208978
8544971
8642027
8357390
3512115
8156263
8760570
7960115
8402086
1432533
5154721
5239065
2808745
7745291
1741511
5906895
7202206
9051328
1345347
7340763
8595411
3797226
3078780
5095379
4312237
3411747
3294751
9740939
1581616
6210405
9034235
4233960
1879661
1261620
8512508
2778195
7993160
2658203
9895298
5000009
7772260
1477134
4848605
2024080
5812014
7302958
6252327
1964484
8672387
1769516
6298302
8579600
8179967
2820869
8942877
8092984
5774563
2126315
7641239
7175122
9633826
8106948
8079023
5266005
5303816
1456523
1353046
6279049
2168647
5069525
1409602
7100638
1331360
3861614
8816743
2422169
8611243
2162466
1702612
1925673
2980162
8382807
8767149
1946520
8912656
9182465
1440669
8424625
6496684
9121351
4032014
2735494
3690724
9186362
6697138
2574617
6771252
9709518
4426548
6028647
6251961
6001933
3962100
7116494
2796057
3747667
5389496
4807252
6654280
6288482
1552704
4514705
2461735
7775971
5253687
1091579
2391623
4050554
4321228
1626699
9900868
3109761
5601682
7274730
1046960
4771524
6025427
3613652
1803959
5818393
5076634
6102508
6885945
8994384
2454178
4468404
6406006
1061682
3280286
6363335
2216869
6679310
5244771
3618879
7460660
5129778
9138419
8169590
3662941
9124854
9298791
2105834
7167778
5345970
3384568
1894074
7551397
7581327
8926186
1803533
3651622
9301371
6821525
3735058
5166233
6424822
5270929
8646817
3380195
6495242
8904893
7498176
9984945
4478679
1313452
4367810
5315189
9782732
9660525
1888395
2340094
7110386
2072182
1875566
5777715
5034210
6534124
9502391
8607980
7498647
5251922
2400452
1744558
7975966
3848715
2610894
6258240
6766186
6457037
6539846
5737518
3892740
4119204
7382810
5979098
5527519
7157728
5609878
8489785
7747081
2159133
9872423
7249649
9115710
1232941
9518780
6546829
5329751
9736932
3645509
9536603
8758112
3683455
2964829
7625315
8827526
2310065
2254852
3061444
5256431
8319692
3852421
7295596
3275492
4541385
8198583
7455411
4858985
8698420
6850398
2980949
1416174
1543798
5478257
2320266
5861982
5303872
8583222
4581060
1655508
1387538
9354186
1911237
4513709
8360101
2517501
8805146
5758520
1574651
6887641
5176695
7888010
9867265
2165059
6186736
2992815
7022237
6979579
8708882
2844411
2636698
5624446
5291612
2944510
4129454
8625675
5972445
9149653
3332196
8517314
5867307
4233693
6366890
4030439
5331261
9464515
3282809
9063430
6474214
9312759
1331164
4905457
3425903
6245311
9019424
5090661
7104143
9293288
8228631
5374411
2787657
4129303
7304648
7619354
5950434
7065789
2988726
1595929
5473534
9805673
3926603
9254466
5384662
8132151
3706146
1618370
2608728
7921958
6822126
3068574
1425500
6022727
8785673
8432367
6285054
3898962
1001245
3140046
3873692
5765267
8048617
9014346
5846957
1718273
5491569
4523158
6050300
3764719
4205125
1486272
3822273
1345884
8414635
7056924
2314010
2436389
7910379
5531627
2027738
6138232
1664423
4901519
5259565
4827382
2981624
2201337
6804486
4924780
8816033
9642156
2224948
6756296
2778653
5466259
1277759
7053257
2504342
5547837
1897241
3612301
8833636
8643065
7545395
5247735
7230130
6865802
9903595
5494716
9371329
7010376
2413282
9509579
2871110
4687443
5575340
3806103
2607983
7889012
7028897
9489218
6161540
3554513
2957328
4285799
3698984
2736973
5554963
2849860
8999294
6262010
8984638
7885122
1796456
2962620
4305905
9788259
8776490
4337019
1775053
9467783
8150637
8669508
7911747
8671707
4384672
1963517
5933512
3794079
3070841
1862211
2063397
5221329
7339993
5753378
8149994
3814075
4532046
2215280
1883778
6401302
9516594
8535622
1570530
4018714
3250928
5807004
3914652
3278755
8017766
8655488
7037840
8962177
2879910
6404339
8293313
7031964
4899223
4534688
3242373
8943170
3651897
8077306
3111191
3481679
6088006
4612784
8352775
9583608
4265651
9161808
9519504
7551156
2461590
5432374
1947978
6355527
3314593
7517550
8567606
2964268
6346188
1571630
6844919
5041182
3854737
3997289
4602080
1345347
3640465
2368593
4384232
7293686
6434580
5746796
8216122
5462063
2494702
5261394
9326441
9903121
2129532
6711872
6446081
3299024
1748878
1407516
1573369
4320509
7653535
2756358
8866052
2723952
6722175
9435671
6933574
1972625
9440082
3535673
2869092
5364355
4786929
1314531
6841908
6194925
5623534
9230063
1497236
4497765
8875316
8241945
8433622
6839163
1474125
3750806
6430361
6445152
7016830
2350543
7595699
7253362
4929485
8492281
6962954
4626789
7686307
9236754
3620482
5228047
3807307
2372793
7008720
7400911
5200666
3843370
6755565
3210075
9456681
4193750
6805927
3756582
7585918
6525531
5771601
3249194
8383049
8719845
5712411
2181527
7728138
9003360
2588988
4014296
2514192
9512985
8748107
3127422
7634267
2031280
6860526
1530763
6472035
2054012
4640233
5862301
8980274
9288571
4962392
2116470
7157356
1816308
8292792
3824420
6514159
4629419
3978143
6407441
1473685
1708864
9910156
5397097
6192534
3979429
8687513
9137827
2147467
9433850
6232141
3087983
6606029
8731271
8914958
2433018
8178428
9720725
4543667
7666465
5774299
7238953
5597432
9390192
8831833
9164062
9495179
7216725
2765867
7155102
5230147
8939557
2882388
5446973
5363824
7282314
3606342
7962162
7702157
2243721
1542370
7265650
1387538
9989100
9338012
6732907
5436134
9621904
8649722
5348506
7975474
3664013
5596859
1399881
4095505
9269693
9603156
3709545
3916195
6139307
1289302
6364487
9431681
3513562
2601323
1998190
1989066
5360367
8530559
6602394
9927004
9545020
4417723
1995412
2188511
8548649
4313132
2937775
6325115
4238017
1717890
8626653
5749289
5521366
2240117
3540782
4885095
5787410
9108610
7537703
5509957
4338524
5113491
3725371
4529437
8577955
5516285
3485801
1439072
4235978
1771299
4111473
1992458
8998768
2895992
7660660
7656951
4784411
5106529
7679719
9424080
2341120
3254136
9155571
8594718
6447089
9221677
1525549
6254399
8929443
2619015
5661677
1625589
1102747
3426120
3913293
4148380
9601397
1534511
6907328
5128180
8221841
4698775
2389900
6990364
7233690
3910269
6436837
6590880
8262452
4729183
3429928
5465257
2904898
2576639
7671088
2732179
6477457
9426951
9782105
8589212
3246884
6717894
1993743
2570039
2320476
6363608
9880785
5773056
9228740
1191460
2010888
7342475
9715319
5681215
8145918
9998485
9022446
8427567
3348925
4815324
2691306
8718154
6923973
1403723
3507770
4044668
4684712
4405645
6605226
1606566
6534726
5815682
8111560
3020708
5909473
7851663
3820564
5640743
6833948
5667344
1938627
9249473
6843925
5982953
1518192
3728384
4771675
4458746
5949088
7681201
5349070
3533936
6603760
7806470
5132498
6523064
9520093
1129938
8183535
2918863
6434928
1215920
4795657
3018677
1874372
5323140
8114230
5206144
6121909
9310745
3243713
7470669
6715559
4709994
3781563
3042833
8808560
1799100
3823800
9987533
9784611
2252200
8083821
9301152
8482554
3176119
6588452
4859510
4536479
9321509
4066201
1792991
8230423
1142472
7733941
7428538
7700748
2051082
8455716
2884944
6112437
3495698
9862549
2598077
6641764
3948482
4194637
5135688
8088491
8900121
5294249
9523412
4926892
9610743
4478318
4095088
6457340
9552321
9172430
7398921
6690036
4926171
9351098
1296895
6907220
5029906
2319902
2550740
2243283
6943452
8006142
7948097
4523079
8632950
4194091
1538787
7954477
3132077
7695457
8274066
2332886
3234553
7387456
6259731
4195887
7604739
6075493
3396515
6961899
7651976
8574693
2141299
8309839
9604245
2055206
4713332
2031513
9817074
1732377
7598536
6671374
4585755
5286679
9564823
1298335
3208233
3968215
1671171
9121143
8825360
7474186
7731635
1532324
7788801
5251283
2176268
6947935
3793968
1675878
1950334
5478969
7087856
5346108
1938170
8493028
4866298
4714352
9428738
3633180
6161228
5107002
9682968
6858160
4176494
9630725
3802136
3958065
4586512
1618094
7525282
2896373
6944271
7631195
7057711
2502536
8838230
4468982
9159557
5290609
2764065
2699717
1631237
8081820
8561565
9593064
8197474
7340265
7919723
3803054
7693484
9123600
2043332
2112659
6756810
1924462
6144310
7074970
8225030
8659633
3264141
9729987
9914627
2298717
2734605
8279914
9855177
5571512
6858651
7766588
8722241
1034904
7318779
3915094
7279292
6808711
8028595
8261308
4295917
5367440
4894479
9566834
5401975
6511081
1970238
5254522
8668705
7103548
1063386
5134571
8729959
8316692
2186053
5462315
4999146
7601889
2196782
8547529
6063623
9016871
1069107
4801465
4507332
6198921
7652065
4724845
1286886
9186926
2250262
5580108
1407905
7319117
6738824
1401297
5248871
3139355
1195422
4521603
3716514
9315726
6288764
5491660
5026364
3934668
3000604
7035577
7380955
2311221
1116951
8280781
9489515
2831818
8216964
5198978
6646227
3765240
2849399
2081117
5122889
9073349
1154219
1480877
2525569
1354454
2304890
4643680
6650432
7887194
2052936
2924417
6212752
3063767
2988032
5502545
7900556
1519247
3026614
8126145
6516827
9540110
6380844
5715018
2939705
5921235
7961584
9284778
5548785
1538841
6434338
7246140
8091815
9259072
6712660
5921394
9477137
2536733
4006154
6780337
2525638
7243931
9309920
2631880
3451119
3652620
9892939
2716366
5193050
7136144
6929144
6781848
7163437
7502496
1475728
7913748
6601975
2913784
1533021
2934406
9449058
4775071
3662534
5213340
8062917
9292436
6080054
4955567
2554646
6728087
6403099
2262937
1129852
9878800
4181387
1129133
2815939
9664544
7381952
5147031
6394729
5576579
1721924
8823185
2172053
4823583
5307816
1589695
5930791
4985899
5152814
9085801
4030250
1744639
9442758
7589138
7885222
9066100
7183157
2225145
8558227
1755127
8269586
5544364
7493544
4086191
5363563
6458243
1776336
4627720
3348164
6589312
4636350
5239452
5543935
3282689
4283288
2384830
3626007
9114591
7845518
4399906
3017222
7565351
5190862
6005383
2004275
8321552
4204307
3217718
5876836
5613260
9496114
9874835
1337789
6848140
4822827
1147749
2577951
2892507
3718264
7332731
1720925
5198749
4455696
5082766
6264507
9853048
3765170
2310146
4655752
1433840
7341456
7591627
7896981
8857361
2069915
9034348
7083921
5603077
8599719
3499355
5254210
2887749
4820795
4131649
5128162
7493420
7006392
9618141
1577364
8386599
9426788
7509064
4216065
1932745
3225553
3484691
8776724
3996795
5856750
1781964
6756110
3934929
9700010
3532768
6457478
8068855
4245248
1324570
8332865
8150026
3364900
4188426
1433258
9951747
6771912
8221889
7743342
1848270
3373387
2479224
3688566
4176633
6356479
6965264
8030466
7683400
5299925
4715315
8180127
4115941
2371239
3280538
5171844
5325940
5017826
9889449
6196623
6526533
2755918
3190261
9710295
3200355
8417020
1467173
4343405
9618761
4279243
3441014
9373876
8459316
8729238
6319960
6185882
5311508
1953021
4190134
4443186
7173020
6609231
7021395
3511600
7457016
7873489
5162320
3120768
6057438
3865646
7931082
2121795
4349694
5333434
2947744
8021543
1251731
2280996
8009106
2856097
5494619
2500856
3970820
8521610
4480355
8692239
7605666
2338771
6647036
9333332
8955550
6106406
7339466
4134451
4424981
8325851
5602042
1189407
1680144
9239252
3875795
2419584
9189287
3896438
6460070
5809144
9665535
3548484
5378784
2369233
3482419
6236825
7328446
2278661
6034768
4462338
4789535
8346088
9655739
6062070
5177781
3209654
2402414
1270195
4649557
9125685
6024415
1542582
3246383
7472007
7786817
9113430
2507095
1562830
9807203
3104893
5558273
5773627
5505271
3529604
7880012
5701814
2247534
8917546
5300021
7123044
3817982
9055537
4577324
2288151
7250949
9939990
9740739
8167192
2555655
7276907
4449539
5246537
4138324
7746578
3653081
8510842
7803205
4773656
8231790
4574091
8872932
3794603
5728532
7813369
2329899
3231546
5734556
6717766
2637733
4697959
8945732
4377225
9802545
6682603
9925069
4233487
8742950
1431111
8891179
9716973
9493776
5001635
1578070
8516964
4125655
7075013
6263870
7732335
1274432
3959471
1353563
8242731
9675149
5553877
4184610
8393571
8870016
2066553
3454035
7010424
9982974
5267173
8504559
9492457
6030990
1015813
1050568
8981893
4342400
2028894
6019504
3185898
7849322
1111343
1212499
7214648
3048718
1975906
6568417
7959832
7559767
7315119
5108003
1832290
1557314
6416078
3094959
8030832
1608410
5170582
5776951
1604797
1118683
9572471
3582523
8254008
3556152
9203216
7864351
1842603
1876601
2603182
6738391
8251203
6192828
6851811
2944958
1607547
4979547
2004734
3064838
8446313
4061550
7224748
7400074
8823525
3432423
1332074
6130816
3948434
3386268
9543654
9561930
3289866
3703138
9155634
7524587
5863274
8917332
9727651
7807447
4487415
5209395
6631820
8543651
7991979
3100519
6136914
2026331
8579552
2731044
4623020
1413042
1986968
5449448
8774394
6563156
8956775
7608928
4821950
9511768
5505149
4564075
4199931
9301521
9878420
3536182
8172840
3235843
3774450
1351878
2485457
4483507
4294171
2195988
9129611
2229016
7421591
6556434
6518546
7421805
3669083
1715084
9486017
2908264
3402519
5778474
3706476
5430532
9086555
1728146
1423901
3225211
4270183
7330986
8154960
7972749
1555707
3029296
6193800
7034501
9967665
2990254
2539704
1118669
9201918
7532800
5378426
8667963
2685471
3106037
3903481
6451745
9094583
5248720
8983916
7651483
2118679
2501080
3846688
4466295
2947423
2158876
1906797
6806210
2982205
9060551
8150538
3337771
7548052
2566619
5360893
9861334
3651001
4378189
1341995
6458816
4222359
2699133
1455629
6634762
3690034
5398929
7601731
6303204
7840520
6730157
4969219
8280471
2725780
2162321
4040106
8681774
9783852
3759694
8829363
4935042
6175626
2532582
2390597
5649185
2405351
8995775
2288102
3561755
8484483
1087300
5415502
3112616
8114626
2896153
2226006
5081529
6732080
2938424
4560911
4087897
2239525
4275885
4457903
5405312
2108996
6771754
1501287
1014709
5720093
6112136
2938384
9423964
1842034
5819739
2393411
9332707
4998679
7735600
1249607
4883845
7383922
2272933
4744677
6293818
8300194
1454117
3259352
2995388
1920637
4421248
8623009
8129845
2051697
3413347
7546166
3161034
3639819
2041208
7140506
2651262
6470742
8813341
7643080
1605636
5460124
2001657
9084873
1909158
1859784
7160385
4888677
6160075
6630763
9864582
8675062
1143272
8645341
8309047
2026520
3767238
6277436
2697595
4995516
5207403
8086288
9607331
9550876
4133608
5123407
4567248
4467145
1542719
2912700
1393121
3072288
2836910
8077481
6612694
7247195
7234396
2282398
5122246
7443651
9303071
2336146
5907833
5805635
5181608
9843990
6275811
4266328
2528716
9840721
1133374
8081829
8313775
8845862
8537218
8531619
7744207
5329138
4470596
3016054
1340010
6323249
2267049
2635034
3956621
7054912
6292165
3748220
7474043
8683069
8898900
9099621
4657526
8185994
3547731
4482769
1255725
2495537
2694972
4077150
2489857
3714465
8889245
5414112
6310645
5588311
6212692
6907473
7164274
2032856
1868009
8377254
4333237
5733082
1352456
7496828
5549590
1306947
8771353
3580593
5293174
6643209
3014334
6822096
1221123
7019640
6329960
1252068
5975658
6554066
2293334
7827821
4790363
6739408
3629356
4463153
5543794
1071815
2742060
9910313
7052295
5116390
9147347
9021724
1046803
2972571
2318098
9909706
7791357
7486038
5546663
5361406
4297152
6465382
3386776
8283655
3688891
2369343
6528972
6846400
1318230
9570652
6516358
8727818
8933323
6625857
6253720
1103194
2037150
4067440
8050304
2917119
2656854
8952542
3388600
3996505
5627548
3974342
5484661
5917662
2856836
7059943
4818256
8927160
5349559
7788942
4866578
3251587
2892051
3229928
8629858
4888821
8878047
1282168
9797960
7290073
4928681
3278947
2882845
1285556
6909182
1422633
5905873
7347400
2615878
1930094
2742233
1836662
2052729
1092406
8193011
9158974
5575234
1087792
8371671
1745443
8581038
4423465
4358396
2886570
6926673
3178337
1599939
8920512
6946230
4758459
2973188
7521595
6395904
3011149
6792180
9216505
1879201
5015448
2353840
5296741
6956150
9522641
2842216
9767448
5144702
8563550
7213162
2373787
6530102
1845980
7359178
9042123
2842002
8069917
9303660
7251221
6022041
8849647
7051630
6538721
6410717
8702103
1448180
1337804
6259158
2789917
4841873
6591309
7150555
1419073
4336078
2574905
9933564
7985675
6977755
4262881
4592830
2323584
8415760
7167577
1034228
6372848
6089374
2069268
5589430
8615597
4707926
5945963
6662977
5956630
3932118
1550652
3943467
6914641
5074700
5865647
5131393
9019223
6897576
6534612
4008511
6020072
2203042
3399400
8121450
4195552
6012197
1970423
1992142
5696482
9121111
1777168
4612464
7078277
4968354
2044911
6158173
3273968
6542158
9445275
8799001
7858670
6673077
8566770
4382188
3739263
5296137
7530835
2885566
4586221
4706290
9702049
8101970
1933214
4227671
1174358
9830163
5247418
2606972
4629889
6902023
7228659
3072069
3828765
1816480
2921205
7789017
8426832
3271729
4088876
4628834
2732477
8577086
6609452
1202672
3551814
1863148
4888834
9686141
6800737
6143255
5624789
9184907
3785493
2827330
9752567
7231786
3038738
6120233
2038478
6806294
3098539
7609971
9930649
9094652
1619697
4919364
4190305
4509149
2768045
5401966
3098431
6791052
3146809
5048903
4522948
3123153
7857979
2778901
4348104
6643632
3975167
4515046
6816722
4059908
1138544
2768957
1870049
3117828
3352371
4847654
3802261
5503079
7895265
8119083
4646781
3031588
1451551
8112479
8354302
3830867
5479067
1739927
2437596
4065519
7538020
3756153
9809448
7940092
3716966
1698348
8908550
6762117
8496193
9907823
1137690
2350463
1602758
5274182
9031311
4522378
2290702
8365390
5776387
5588565
2913270
7713458
5059410
9404000
1049338
6940598
5142142
2977821
6816877
6675824
7711800
3935408
1917202
9273495
9418318
2436182
6077787
1321652
6143664
4709601
9877115
6825397
6038048
9149409
7558058
2796512
3090358
3335455
4183669
2446181
7204813
3200899
2919615
5061964
4951502
3807637
6127192
6113613
7445206
4301088
9648311
7345854
7389063
3933911
7092135
9719208
3637825
7909164
5992433
6675834
3426472
4766145
7916477
9252888
6028430
4599344
5740242
5144713
6018792
2030397
7054702
4142886
8901524
4859471
1278653
2916194
9203942
6963787
8160808
6728827
9788288
5184462
6210052
8920892
8731354
3122055
1846827
3706348
3251234
7166576
1094696
2022231
3748989
6341671
7366924
2345142
8799147
3538669
8559837
3557693
2981384
5718969
1046638
7336258
5708334
8695930
2189770
7163461
1089400
2958248
5512906
4466016
7479394
4526022
5723142
7745100
2289612
4303542
4242600
1631245
2277149
4682104
2076316
3892347
3141700
2657025
5878115
8821679
7306522
9507508
3535815
5929734
9754148
4340287
1823913
2686549
8243764
9141653
6516470
6002153
1030254
7875651
2361272
2531449
9334824
9081521
5487369
1631851
5172331
6309752
7390306
6576703
8611415
9333402
2873617
7646300
7535330
1382242
9005961
3949749
7839808
8515417
4739987
6153048
5385375
2429026
7655203
7241811
2706954
7278899
1427653
2935491
6788077
5327728
4781366
4650362
6748600
2763814
7596431
6395276
7177180
1311712
5776476
4942902
2758770
4004650
1413451
4721132
1495611
3946272
9053312
2531966
6928642
9076081
1128134
4833574
4086238
1978550
6795999
4773744
4411795
9104105
1524860
9980998
5614488
1106691
2960392
3807703
8324468
7804726
5912350
9366564
9844098
8886340
9125660
9456551
4630611
3761210
3549071
8087072
5759218
8978061
3323021
3094205
5174914
5093519
7436514
6247205
1031684
1997390
8594082
1912417
5567285
1640714
6033758
1120231
5685780
9721552
2394865
2228549
1198978
3569975
1951674
3977894
5630785
4273142
2995172
2477636
7906911
1561569
9008096
7704491
5486188
7311614
9989812
3417574
5215078
8593672
3140397
6794120
3607606
1479935
8361840
6900440
1819987
7231274
9140271
9456602
5870213
4754859
6839543
5220662
4464004
2090365
9351781
5264456
6503487
6948748
2131513
4960067
9998456
5470384
3905090
8207042
9330380
6289928
1783737
2417901
2038352
2585327
5216426
2307524
3035415
2213022
9815757
1355595
8457041
8528606
6853427
2953938
8373582
4938279
3677212
8784544
5365152
2207706
5913829
1640828
9357853
3195672
8657310
4644503
1540547
8408829
6135418
3323865
2291831
8920317
1259744
2500102
5951718
9184665
1967006
5991309
9090060
9513085
4766397
4103853
1240467
9182585
4143663
6399492
4880979
5081306
3974437
8889398
7985144
9724453
2611325
7275318
6207937
6636079
1987225
8356020
2970661
8634972
7366411
8626083
3936208
7008498
5427884
6129254
7417163
8549017
1099468
4212118
1293561
7053937
4891907
5118962
6098237
3611536
6509734
8980388
1642233
5169750
6219797
7614700
6186738
1847919
9273458
1927979
1950543
1276133
8508972
3599374
4252032
3950751
8975225
7110485
6330748
9725819
5453282
6556415
8568418
2459779
2998072
2371284
1554817
2337678
4180260
9532431
7832179
9632758
6337436
2633573
8759204
6801009
7421042
6924982
2106032
3056462
3750406
1484687
4185131
1835470
2189532
2775450
8066746
4867933
5485896
9911267
1732830
2893611
4749446
2564935
9116305
6198188
5701734
1598459
5768585
3223528
3585828
2651958
5715353
5530495
8817750
4845692
3743799
9919933
3982846
8310217
1356248
9776598
1655295
4151126
9223543
6299838
6717549
4146250
6671093
5886183
2051197
3561536
9256667
3896920
8108635
1469617
9286395
1135655
2427419
9139582
3958836
9968979
1642119
5082973
5106259
7048448
4976919
2422685
3696086
3178895
4656062
1190231
6814605
4965721
1202593
7564851
1638938
3177097
6636323
4904724
9769495
6246483
1368283
6186657
1580054
4282645
4160167
4652721
2308803
4616968
6028186
6984786
3381286
2041443
2583184
1473079
4919813
7336076
7331363
6545787
6556903
3827387
4005942
1890390
5570610
5022126
1623150
8730779
2455478
2878275
7143809
8058539
6050691
4411125
6639142
5894522
2760052
4888949
4512940
8771067
5456655
3943588
5800679
6641579
2072196
6245995
2224965
1261495
5213267
1270392
9170878
6862667
5693131
2062293
7468202
2642937
4522861
2116966
7479468
8776642
9942639
9481855
6236044
3935043
1611676
1790112
4513891
4581310
3957912
5888014
1127791
1179844
2440450
8362383
7907142
7311485
4454450
4238081
2322600
7920596
9498082
9983021
9446721
7008424
3424049
3152989
5610548
1620897
5788119
8270174
8695387
1984874
4525011
3582984
7369360
7240136
7906728
4013461
7770658
4854695
4549362
3857716
1249534
4514624
3958235
7016060
5048443
3840851
4319607
9302141
1529471
9199444
2450109
2473075
1627984
4353890
5751587
9975060
8837435
9690162
8086805
1451081
1744027
5153994
4629009
1198713
6095430
9486506
1227746
4951488
1613594
4041541
2629110
8316030
8579423
4940012
8552094
4008268
2353369
6994700
8587299
3951882
6028909
3488910
9383039
9274260
3790317
5980572
2601407
5179027
8320770
2967428
9306227
2549231
7313077
4709749
1216974
4844066
2369242
9561829
8432801
5466408
9791065
4420757
8963439
1297939
5685978
5609452
6731820
4130618
6881292
7587584
6978903
3488081
6971923
6035764
9021041
8122709
4589260
6775547
9258136
5674462
9944254
6219323
2426501
2791638
5132318
1466636
9647583
9354440
3762302
4541599
6315705
6823826
8479124
2745084
1622575
9595445
8907939
1996579
4143192
2986187
2453832
6779860
9959080
8933144
4439331
3745962
8740965
8820792
5488992
4088867
5660164
2184312
8597409
6022267
4076192
8474177
8816330
3941749
8728534
7052848
8605544
3493499
3157631
9943553
6445631
8651421
9301707
6365673
2786286
7784117
8462774
2619202
3118849
3083883
2364778
4097121
3352787
4517909
8828017
5312387
3850782
6729654
5982165
3333990
8091617
9690919
1595671
2099893
2983316
1325832
8637211
6701579
2780317
1797638
8778681
5562445
7185564
4756055
3343474
2824432
4913478
1245403
1789347
8228010
1931690
1694065
4257200
6632726
3789591
3706473
9219450
4340538
3749275
4067297
3422957
6294577
1884389
9911422
9871925
9808250
6131212
6836489
2636560
5203739
6835817
4076963
1288510
7900083
9468574
7472870
7221910
2141531
7281146
9839066
8471603
8914360
9009077
8587153
5407819
8041185
7200662
6807520
9686751
4175271
1197428
7130746
3751438
1094213
4697432
4701482
2504901
4950501
7909122
6142573
4825105
7599949
2632131
1464297
4296213
2950436
5370503
3453006
9713495
1924261
5692853
6207112
6578164
3587807
9261423
8881694
8241460
5033062
6078580
9260074
8786040
6564762
9247077
7182133
8531536
5450193
9560229
7986286
3776489
7212708
8463129
1526791
2336036
9575955
3103758
8185645
4522113
8170326
3194938
8131298
6877434
6353473
6079003
9883256
9160620
6896018
1247676
2147691
5281840
4259546
7490646
4957084
7966729
9665094
5325011
4719270
3902517
6503818
3204910
6141471
1044582
1959657
8066550
7553069
1086027
7885283
9812144
7404354
7854535
7816634
3436316
5471925
3193027
7394723
7615056
4186750
4677599
5121478
5067969
6992910
7584259
6014578
2636449
5706441
7778580
8825505
4545826
1787937
8563203
5062946
2826200
1623504
1341119
8455145
8905788
3908658
3899466
3033135
7436044
7971132
2443433
6134983
1613456
1653533
9735541
3383807
1390584
9184815
5481039
5174767
3155746
3266138
8719153
6366177
9773495
2659270
9542815
7961564
6733301
8214906
8926779
9694351
4177991
2731734
7562360
9517399
8346896
6662185
8557863
3581485
6182342
5224240
5966189
8643759
1110459
6962028
8680022
8606985
4048696
7431582
5400642
7376832
7225282
4449186
9839165
3263515
3032318
4724709
1327917
7509102
1098032
5108869
1474468
2772868
5674719
5050564
2137686
9670888
4966805
3614055
1934500
1202704
1826434
3843313
3650774
5000615
5028416
5854903
3456616
6257974
9457778
3388896
9743163
4902894
6051013
6626619
4800492
7812500
3797464
2458301
6906562
2217033
3182328
3247189
6533505
9072565
2232452
2477102
5343899
2510544
5483504
3833857
7668742
8387084
7869285
2687956
2118249
1317154
1175300
4004306
4717488
5578936
9386315
4107272
2644607
9531692
5787793
3513402
4727490
5527104
2847147
4289696
4402787
6422818
9395953
9083392
4901141
8347414
8565722
7928937
5679821
3562370
8032644
7551753
4762065
9382550
4193233
4853484
3368169
3572438
9033963
4740561
7308081
6254341
7308135
1686826
7935376
7023663
9770119
7994865
7853571
9651092
1607834
9191266
8051091
1552364
9688318
6607769
6762149
2904923
6387590
5473864
3690160
1356467
8277686
1073364
1393609
8239200
8318123
6580621
4583322
3089140
1737496
5376328
9795249
5243536
6981802
5383899
5940084
1386219
8303245
6986229
2903475
2168066
2298312
7398615
7547670
3364188
8524100
9541299
9419637
8201977
7967338
4401375
2529542
6480087
1415530
9015926
7075697
9216864
2836055
2382348
5691840
9428659
7735279
7447563
9803506
7898893
9774905
6595759
5659503
4088084
5384199
8575514
4235477
1751104
2574235
4892116
7095344
9221798
5413542
1121059
5064649
2400931
7591403
9519875
4394069
6326753
1532035
4796867
9414414
6683017
4701177
8122812
2101471
5479685
5335573
7318766
7457209
1653488
7860598
9941944
3403523
3324253
6061848
8002356
9008622
9269889
9513078
7864941
8524262
2110334
8066313
4833405
6581092
9046028
2414638
6912008
9660320
4890822
4820325
2182031
4471780
2857359
7861621
7633521
1223932
3965727
9873390
7737733
9245322
6544583
8190988
5969782
7746363
4014309
5985622
5240706
8531769
2132285
6213748
8459131
1328599
6943440
7869462
2454859
4118314
2182101
3595584
1506348
2709050
4599925
1151725
7536759
5661222
6713776
7575936
8851291
7015284
1016541
8205539
8763177
5089529
6464334
8381887
6495307
4563809
1347153
3403286
2146005
9384092
2411347
6303296
4823859
5245478
3236576
9750400
2849090
3178160
7373894
6413698
2142012
7847600
3780439
7957235
2465163
9831874
8349644
3030653
3028094
8798137
6820870
3779678
6138457
4055431
2402416
9660132
5599110
3790148
4288833
3321095
4076330
4017758
4134494
7204642
5712851
1829854
6114524
5387600
6201869
6918995
1671459
5895839
4554004
5454301
9093358
5397044
9108259
6658008
2724654
7463803
9971755
3740642
4734350
4888648
3621599
3490571
6102866
2922959
3616044
6278488
9328921
6242684
5192774
7828276
6720961
4985264
2599710
4277620
1142377
3312601
4957360
3906757
2428689
1446317
8343864
2101621
2801118
8250819
5212164
5947418
6971387
3969102
9005029
1094562
8317657
2285366
4991231
9616889
9054486
3179157
9572544
1934865
9417084
2872011
9159021
9249105
8137504
6276542
8494360
8863132
8902507
2662065
9270318
7083388
6915445
6470976
6597037
6465963
4592525
7482165
4791474
5197630
3797269
7854410
8856880
7830191
4651978
6175548
4058621
9205701
1342626
9070921
1286342
1687906
3539470
5515462
4598051
8789672
8569567
7311391
4888517
8822345
3690053
2528747
6072972
3037803
2467762
9184042
6393973
1830388
6053532
5082783
2235313
5449655
2962786
7471236
9655313
9719482
3790342
5033967
7503516
9527587
4016920
1306495
6691715
2603775
4421236
3028994
4668524
3045679
3691042
1370087
2165930
9074864
8475675
2969370
5853646
9008197
9672107
8000450
1188759
5538115
6709938
2234451
2142340
8795641
1196484
9356048
8739530
4841594
2732656
9981217
5325346
2780616
8880350
7607692
4386809
5888222
6573777
3339539
1339147
4332314
9790797
8794346
5284618
6977669
2975506
3927572
4412216
6651840
2129286
7673689
8058708
7622286
4776240
4563366
4469936
8151416
7968480
4228993
5647713
4762081
9411565
4364711
6560401
9731814
3376023
4633603
5308399
6419441
6886347
8093197
4168261
5289755
8883332
5180669
6440233
5270587
9955662
7199275
4909069
3095248
3546725
1273861
7174322
3000966
1443709
6163244
2575865
9166569
3020891
7206315
9858714
9520035
9332832
1965588
1810605
3967795
3026086
1451897
9596006
6200749
9758595
9910404
3493982
3726055
4290667
1240052
1968716
4700615
2094898
9993012
8178322
6719143
6697838
3623834
9558452
9299362
5711098
8292537
1247075
3334014
2789464
9451939
9323832
1485110
5579374
3377150
1711228
9293218
9772145
7371841
5648868
1311365
8548575
2055308
4482394
3366899
1692006
5935074
1779126
7321629
1147234
3918212
1047115
6191099
2775172
7575594
5843806
7237268
4532558
5873120
3333554
1367917
3033082
2911932
8268863
3858956
4567930
8976504
7988160
4189351
2900507
7939376
2437675
5293358
1208835
3973753
9069948
5228274
9513817
7119835
9025771
4956592
1179075
3535725
8821052
4716606
6290506
5515788
3090741
8676433
1279259
5564983
1467433
7650281
9968935
2135306
1590003
1111961
1202089
1649493
1388735
4067638
2967047
3744857
5845634
9200220
5721618
2631006
4927433
9641304
5434856
2522676
8761455
7720693
7040889
5950788
1775721
2701350
3459942
9522129
5603387
9684109
8132677
2642385
2641869
2913190
3582849
6144994
4748952
3097107
7647135
2978027
3103995
9354436
3208795
1425552
7878762
3238210
2140401
2103633
5670982
4671065
7166199
9846208
2346375
8354144
2946087
9353757
4330709
5952038
2044731
6520079
3936886
8256507
2726193
7027777
3456930
1735000
8281774
6747991
1131059
4001004
7533951
6795148
8646264
5665091
7569594
6866346
9905513
9330965
5077699
9232740
6545588
4285673
8378922
5981203
2321782
2648612
9284466
1701387
6196997
7321138
5513581
1672154
3804842
7607504
9300099
1127197
2872428
6043251
9532113
7640958
2419015
7070168
6948269
9686157
2250876
7547561
3565320
3791418
8700226
5825929
2184749
2786093
4584602
4435708
2874086
6501314
4137408
4036150
1059197
6796836
5755901
9922879
4562592
1832901
5243290
3117247
5588574
1659895
9915183
6431532
4545870
4726058
4495001
3658124
1136398
7308419
6151433
9897129
5344937
3874261
3581305
6829713
5495698
1812414
9045498
6883911
1867661
9304352
1729194
4304458
3009325
3477499
2927745
7342207
5185592
1589348
2125834
3780605
2023846
1551076
5507694
3097525
6116168
8869424
2776619
9465980
8610758
8206272
6895588
2071479
2623809
4336781
4320531
3463266
3508951
5988204
4805274
9879805
5648580
3854530
3016182
5540051
2904869
8234275
7690324
1898664
5324120
5981580
2386238
2864574
2515712
6106296
6833006
6111364
9918821
8353506
3630339
4201948
8455544
9928281
6116113
9480647
1747444
6517689
2630739
8131504
8969503
3091339
9261051
3584594
8704560
9251131
3182314
3263174
2011082
7036786
3570748
9706988
1329446
9259728
1239354
6549174
8868368
8314375
9592051
4108940
1028680
5124887
3669668
2401631
8450441
5574177
4728020
2975438
3143846
9995371
1940989
3745454
9355727
4565295
2863268
5471802
3802803
3800032
4426442
2528983
8176256
4877434
8499643
7054273
4873413
4837444
4495043
7842712
1125433
9497381
6928000
1060801
4902037
1997600
9712595
8118202
1074332
4258606
8646384
8678014
7906299
5098295
3299157
8893457
1681610
4628396
9415704
5412777
7022130
9411652
6013592
5482105
3252201
4684944
5409813
6024795
9089561
3314493
4870428
1317016
5297568
3409254
6341211
2335191
1508400
8939348
7074707
2904161
6163541
6488211
2381163
2225421
7313815
5518961
6529312
8030285
7905333
5022742
3459034
2058067
8190930
7599867
4794458
1779361
1909356
1440393
6197264
7310572
6941062
4630414
2493258
8796908
5952872
2459486
5140358
2738563
9928317
7345924
4939816
3983111
2999130
4841060
4767175
7808110
5416606
3799022
3934753
4648021
6751412
1275457
7774063
5165293
9923701
9176538
9477076
2465858
1399019
3113655
2590190
6335017
7459185
1770956
4272783
7771526
9608118
5156513
8884166
1628215
6715040
4980294
5746134
5811233
6565068
5657524
2989320
1588693
1075572
2917954
6837596
6817694
8557418
9148672
8131995
1673833
7383553
9128756
4334024
1202897
4291978
3802351
5798581
2144071
1986556
6252746
9527153
3792603
6564525
7225218
6392031
6773481
2624125
7834477
9035490
9410530
6235474
4033496
1644852
8111926
6583165
2818304
3213078
6908891
3501563
2536425
9648034
2046141
6159640
1675357
8792636
9465602
6549806
7174852
3588135
7995960
6192844
3480861
8511027
9110942
8446258
4009559
2228884
2289036
9074168
3205134
7801743
2444608
2083661
3308709
6780749
1513157
2254621
9870972
8062290
2516609
5051084
8251207
2552092
8583136
6924394
9395315
6157769
6539835
8312012
1487624
8751154
2029829
3015448
1650650
5685380
6830632
2934834
5340714
3480276
7589941
9593852
6367649
7098924
9234724
7824685
8386392
9554487
7051512
7473291
1428692
5664196
6013505
3248133
4339279
1238202
6929211
1906095
7610161
3516569
9480916
6009562
3649502
9542696
5106059
1129487
1162793
9626177
4482932
9967656
9066214
2630005
9362200
3951948
9662812
8252637
7676409
4210501
4312281
8688318
6142962
5972672
6120352
7148120
9004925
2642848
2713406
3807179
9606607
8043262
3011707
1147047
5865566
2740865
9778539
5083215
3870082
7759255
7962916
5814664
7199289
9390285
8299081
3664483
5437061
9684561
6193605
5003973
5244336
7487233
7323924
4366864
2662704
1690351
2592315
2707888
9037541
4713908
5887192
8796804
1814974
3964462
3861012
4732006
9149372
1047639
3033844
3415833
5795023
6425795
7375439
3088142
3737820
7154422
7608218
5989715
9825824
8417503
5799711
6323673
4581870
4569397
3287436
8829984
2756628
9368813
3083752
6821441
4811612
9698901
7322656
8538327
8091694
8401808
9055872
4871691
7096659
6427502
1260541
1236347
6273620
8771111
6649583
1084679
1841473
2163829
9410460
3363704
8858829
9719627
5004526
2127372
5078102
3650485
2751943
4171682
5858883
9202957
2849835
2325694
5871943
2609943
4204124
1479610
2424578
4882490
6931331
9631562
5713542
3878428
2580362
3110250
2645430
4810648
2826374
9587750
8479947
2005599
7166610
6200581
5008816
2940776
9413815
9123219
3009421
3632661
6114631
9884938
9258466
7229540
4164745
3662557
7854345
9258958
8295630
3836832
3639581
7955839
2946658
1219863
9484410
6325555
3730142
8293721
6869082
6669674
5345819
4563488
7536158
6126599
7146369
3394352
6892910
2456203
2544701
2914914
3593783
4178920
7470033
5750605
3410707
8333061
3903045
3917391
1563911
8893390
8146939
1447421
3452517
5665076
8255328
9791525
2228498
7090440
5857342
8547580
6293986
8003247
1521583
1246825
5744479
8007619
7118445
6345581
2645993
2739143
6572100
5879981
4666807
8940228
9369000
8557469
5022907
1642628
4957603
2581067
3725028
2471594
2219558
6147781
4279421
6718124
8645121
6061736
9514611
2987951
6579822
6424391
2109811
3579966
3337608
3305780
2106226
9782694
2773081
9318382
9701638
2643632
6832528
8852519
8303282
7954172
5098386
6846256
1433919
9996214
4170471
2457283
4981445
2934200
8394069
9737773
5161865
7354044
6295818
9333270
7441216
6818428
6920882
5032174
8411762
2869416
7014121
7185462
2073274
7758019
4357194
2320488
2748202
2515483
9016422
3581188
3642251
5669539
6739601
1804921
5186113
3861294
7616662
1940652
2149837
6598794
7430154
4502695
7450925
9745015
7037822
6464289
8458334
4905731
7606670
8434790
2943617
8309763
7313814
8530211
7659867
9506864
8205445
4797264
9641527
2742427
7085129
1573434
8592102
3109710
8976810
6318700
8924007
2224769
7917235
7341945
1723425
1165046
3709834
2289321
4187853
7773810
8846625
6798974
7325872
7259480
8140741
1398113
4391174
1226211
2395412
3589230
2257147
9347711
7451211
1946905
5623634
5354437
5556285
1002363
3706537
6112913
6134944
8138749
3517971
8971970
8872578
8100447
9465573
2228686
6162329
6655782
7661645
6346815
2772791
8293344
5408091
4103310
2273692
4740181
8967907
6749722
2211174
4380236
9121147
5234885
4600803
4784183
7269088
2161324
1866695
9196092
2005941
4456577
3320185
8623776
4514603
7849414
8190407
9592530
4482364
3504039
2145083
6640914
8212368
3435381
6754949
4414588
7457347
2092731
8315351
8641589
7420222
2001087
6353680
5385648
7301890
7228630
7320272
7341726
8900867
3071332
1169002
6575280
1969649
1796912
6404727
6763786
1746769
2302176
4468551
9278277
7803402
9973653
3251699
8542049
9178684
4816229
4286542
2072070
1668555
4866289
2743930
5043509
4906682
4242531
9224534
6326928
7311345
8344966
8503701
4619842
9184865
1718082
9205866
7238540
1375486
9041650
2179423
1678701
7270315
9829604
3756101
8927982
8310772
8230124
3494278
3246855
7574772
7442085
5965590
1289137
4902807
3253638
7206792
8391497
5845882
4261980
2907069
9536862
6879663
3370537
4684919
6673879
6193884
7432025
9101579
8545092
5408323
5152477
9736245
2268287
7623964
1379175
1434758
7317502
5823390
4424896
1961720
1671737
9009564
2995017
1414562
1939314
7501836
9529484
6818182
5597734
2474788
3790270
4975432
2540814
6737694
2122643
8966482
3199322
2003902
4682130
4149067
3648609
5798852
3469565
7114931
8219655
4225980
3194892
1290924
5045867
6147621
6754317
8852393
7171865
1684452
9050549
5837757
7886094
2030104
7364920
2767294
3055579
4601947
8073083
8039701
4651298
3772376
8517537
2308325
1350589
2727300
2294466
2194582
1231807
3957883
7019834
2923261
3572434
8694135
9233693
4422890
4607359
9625071
5943368
2846605
7270349
1129802
8774611
1733573
8194624
1430206
6776354
2691911
8662146
9681738
4198747
5200039
6867488
5965772
9576946
1645510
5049515
5233215
5154207
2478809
4404159
7816533
2156209
4500049
8307936
8141805
8580732
1629996
3899520
5236146
5872494
2067160
4326877
2487759
1478720
8239167
9290311
2545874
2985928
3591412
9647807
8976476
5023403
2862072
8394107
7491714
1684463
6853672
2408711
3218180
7643502
9710407
9765701
4201640
6634278
3597988
5427669
5206386
4292782
3636584
4167951
6346433
8353155
1296190
5006445
3729609
8988225
6144095
3643398
5019880
7606061
8073593
7758069
1408935
8234863
7538619
4976784
6319069
7411455
7757748
3833575
7620978
4186901
8942326
1312262
1025437
6685288
9770132
1117080
8965366
9134864
4755602
9556978
3881739
5129651
5431265
8097801
9854617
9665944
4711202
1212948
2478294
9472586
9408264
7797247
6462443
6782949
7582363
4348872
8655231
2048000
4135192
6484858
2230895
2149175
9461430
4849028
3005018
7448339
1344195
9496566
6440600
9701336
7665069
7658135
2038282
3652268
1269853
4228901
1903948
7118431
7679742
5461034
3004039
3725787
3959068
1068919
8327332
5412777
8739175
2007616
5901851
9400605
9573718
5422803
8757097
1554912
1442152
6092982
3128416
9834648
2825605
4713693
1668248
8858486
6305539
9095749
3521219
6026267
3039174
8004848
4446239
1418408
3152511
4956797
7965060
4792801
2320405
4994915
1942237
3554236
3805984
4665482
2435571
7999244
4691217
5097478
1328997
3045509
3070960
2381424
3065972
8894251
7376702
3561763
4697659
9925468
8009593
4527952
1912827
7310582
3100030
4488831
6527956
3689958
9815624
9095203
1411984
8547534
2618646
6571160
8020378
9123730
2483307
3993787
9601100
7744896
3624047
5304230
8384934
5201113
1408179
5337030
7293146
1063296
3243730
5135003
4535491
3112190
6701939
9508748
8498934
8128432
3832810
3203941
4747377
5478478
8304830
2861550
9238769
2114200
8865157
7952809
2597280
5482591
4027436
1324903
9469418
4878253
3848019
9223239
9824048
7636306
9947157
9788300
2206742
4697036
9546533
4546970
4389047
1271570
1436116
4196813
7819320
1179837
6506479
8816566
6956410
2225363
9375940
9232692
4759785
8872690
3564229
4683114
7682033
3176790
1481862
1224802
6230289
9795079
3112609
7152958
3915527
1318498
7020729
3730710
6827243
3175809
1845851
9683635
6004312
2895178
6985024
3191079
7854149
9053457
3393327
1809735
1198257
4352683
6531839
8653383
9456509
1293392
6642490
3762480
4135827
7333099
8323998
2670848
4411844
4900994
5524541
8588062
4543536
9759677
7411268
1979192
6861790
6678677
6131928
1445563
7709740
8414234
7364828
9456942
1810272
8301600
9609679
1626604
8662364
4961287
5018323
7878652
3210480
9892326
7735944
9077518
1512650
3460436
3523735
4936405
3865288
3861970
5162827
7671163
2045998
2398168
3840729
3024837
5771507
7562747
4812736
5024773
5136502
2547767
9412683
3732086
6125326
2978079
3973428
6058615
2456959
4335134
6858275
8087527
2287624
2146537
8994708
4350169
3381976
5169283
7853782
6309620
7642081
3763436
8196015
5276458
8938118
6788327
6795101
9935763
5748526
3926503
2123511
4539877
5644474
1635989
5683378
5768210
9653459
8341120
5365504
3267327
1653596
7928226
1091155
2264668
1227079
8431691
8598208
4119780
5457027
4132781
4644542
2322803
9923667
7312259
4276173
5114303
3844218
3692830
7934515
4978548
2344531
7197069
7862945
7385776
5908349
8373672
9145077
3274392
9323570
2888313
2977369
9116309
4443641
7190472
9763400
7271599
6965042
3436290
4369841
7055940
5492431
6998597
2339828
1848676
5425442
1365579
2722505
8951372
8118096
5786672
4583040
5865598
3780069
7934177
7707298
1294457
4725826
9594147
7866935
5859866
9306225
8399997
6029729
3456847
7403225
7843460
8895206
3833012
4510284
5630785
5036683
2108044
9987454
8575168
6464411
5870749
5016785
9018872
5047111
2720936
4286155
5747410
1804135
9624963
5970793
9756184
9916575
8659413
4436877
1551419
7832861
6194798
7358738
8504000
9959038
4370880
9837440
2609609
3361744
6696318
5142107
6180604
7170418
4534672
3724054
7386962
9359704
8891632
9102757
4504510
1917547
1944932
6728112
2636983
1294157
1645144
9397987
7417380
7331194
8120215
3695906
9023971
6001866
5556006
8809754
7346935
8526162
7753277
2847475
8260428
3750763
2059107
1839841
5946791
9158858
3867813
9626842
9118574
2396686
3662642
2836322
7682257
3199897
5915350
3566018
8055316
3737621
6891409
5467095
8392891
4499096
4312596
5142406
5080209
9592674
7205143
9303757
9335892
1425539
2982169
3378869
3667200
8487450
5333365
9620323
9897846
4924088
4044318
8941518
4362441
2440610
7002295
8510475
5340262
6667573
5703761
1856261
6552797
1202532
1682626
9357704
3262032
8191453
7493150
4588028
8181943
5163979
6086421
9956142
9888589
1267444
3830505
4090826
7687130
4099201
2628554
5237733
7125534
3285662
6701135
1088055
1189975
7276600
2452435
8329958
9055279
4143459
1479210
1924477
5363590
6062878
5737727
6812475
1115607
3597870
1715084
4102152
2884105
3304486
5840436
7046211
3868372
9060744
7949312
1108534
2502862
5616838
9473332
5078827
5722834
4841505
6056013
3577624
2222539
5221619
8506906
4944629
2863394
1824136
5588852
9617902
5914178
1059302
8200924
5352116
7147204
3877485
7943983
1548463
7356156
9216729
4719304
4408142
6994975
1166885
7173938
6080190
1444623
6279242
8485064
5584056
9396677
2108326
3304812
8506165
1780570
2860855
6161504
7198909
7522674
3233670
4045060
8635229
7136390
4207072
1518316
7592823
2268428
6356863
7757341
7536371
9499716
6328904
7268837
7392596
1842017
3721646
3885652
8862309
3036819
6178228
7499994
1962194
6328365
1728783
4349567
3980882
2212408
3323305
4134585
7257346
5619027
4516098
1644461
5224846
4522949
1554801
9744197
6858952
2588001
7600137
5435050
3241690
6018708
7414935
1813918
6624408
7908367
6815559
1130809
2117295
6141707
5337638
6331070
8071099
9736061
8905473
5395994
3319604
1784920
2681773
9245432
7397191
7584122
1586400
3558851
3575043
6503860
2659645
3215097
8963562
6718585
4158637
5051881
5387432
4438562
6095400
1972553
2814560
9759899
9469140
5828086
1833633
9909294
3732676
1019144
1468087
7332138
3803553
6881745
6568606
9623023
6088294
2143155
9209810
7818137
3718277
1107099
1958146
6630727
3847847
7202590
1186082
8463815
7192785
6157166
8381280
9110623
2461154
6711480
2237422
5728762
7719608
1798686
9241982
8726190
7645363
5966540
8979276
2835430
5343697
9372217
3826004
6341809
2255993
9997116
5920037
8593766
6663379
3966216
7599310
7532849
6838932
4253958
9999604
8012927
5642647
1776590
5064133
2649282
8528743
9946817
2360391
9748449
4371609
4786501
7875914
4454336
1058326
5858334
4791356
5476455
6865591
4590886
7916315
2178513
1839881
7217769
5179781
2966931
3436271
6948959
8881003
8550439
2671591
9707846
8544356
8770325
6983333
3582940
2327902
7968765
5334875
2947894
1720559
5131907
5604698
2366656
5970057
4668695
6352018
3367890
6873036
5524831
6632693
2711530
1739766
6366148
5196794
3557260
6463222
3115926
1179902
2384115
6206750
2401245
8313349
9381426
5236342
6372605
5430941
2454380
7762604
9621829
5862691
2508140
6273897
6034516
2114015
1294946
4159488
4864680
9072971
6486587
3206336
7776964
4854705
7523356
7652649
6392510
7880754
5240442
5838139
2654562
6500578
2579672
4135145
6393478
8670033
2785374
8703917
4824172
6635237
7521811
1041909
2287181
3090723
8500920
5573243
4343752
2075020
8262016
1065586
1370215
8841956
2383087
4765788
9582281
2453198
9439757
6973368
9115314
8230034
4992007
8502361
7857388
9014273
1143395
4238546
4508631
4860784
3157534
4826830
9624084
7953696
7250916
3468796
1075146
3906366
1267820
9967847
1900883
5190469
4186541
6313955
8907399
6627521
1239616
4118179
3927843
4312239
5412691
9356008
9213653
3460737
5544967
2598228
6375270
3395133
4164264
1846493
8841284
2762053
9991686
3037789
6822187
8212273
1980596
4292357
4883952
2560280
2261084
7148082
2953130
8594158
7716925
8889752
3956925
7897799
7134147
2959515
5381636
9370298
7723394
5485820
5011930
8531937
3143374
2243120
1764933
6955452
6153209
9801229
9261632
9947957
7286890
9373661
2870244
9465790
8979734
2053909
6803186
7083414
7747422
9515488
5454207
2771499
7402821
7343316
5928701
1235802
9965004
1952390
8708706
9131730
6547885
1158584
6607414
2484630
6911920
2485169
2672382
4924065
4197548
8196070
5304192
2703395
7422750
4240148
9336947
1277738
5927647
8318703
3822597
5244956
8955269
9094196
4209800
6369568
9656921
9398619
6527674
4865693
9323248
9435176
7895023
9019546
3529640
4420257
8402973
2454149
6834240
9376922
2732164
4739855
4136341
9158572
2508152
3113396
2206197
2311620
6163212
7032408
3010978
6404247
8169821
3858445
1028709
6816755
7355064
4540337
9092235
4961073
5696937
9609845
8505601
8915271
6197025
7245880
3061639
9868474
2459779
8770833
8532692
7425136
8636875
1298412
4334983
4583843
5336731
3741579
2995141
8726194
2068772
6733742
3378867
2428818
5502509
3275982
8392145
6573345
2095299
5624323
2525745
6397339
9239678
2691461
6442451
8015909
8697003
4811151
6091935
9981639
5189787
9668767
8075071
1322039
4922503
8057178
9866262
5429008
6613598
7155917
1640800
8481378
8531757
6352847
9665511
7454690
6696682
6132482
8209055
6864322
5778653
8400120
9579551
5828956
9698284
2582450
7151932
7108935
2367809
6217155
3122244
6413644
7449946
6566419
3779028
6856499
6858605
8930239
3905111
7408758
2505589
8821598
7277979
3575895
7566749
9113183
4936401
7886157
5005832
1212622
1611233
9248858
4362811
1190709
3497448
5181624
3716072
3696863
4337999
9466545
8643416
9825208
5730057
2479694
6878067
6569808
4428968
9237479
7734191
5427134
5078877
1284762
7538835
9194017
8581194
4737623
8846887
8455234
9800070
5478615
5718138
5345813
2695084
9200684
6017487
3019294
6206176
1633844
8270629
8482417
2351072
3549927
1015138
4666577
2898242
8124112
4695835
5449466
9941584
7146457
9601283
6810235
4965884
6588862
5161197
7146170
2450497
8610276
4304319
6258972
3681881
7635138
3380661
4613180
3451925
1374397
9833487
9072856
4428572
7017426
1873433
8455691
3710914
7914989
5101013
9225012
2122884
1464790
5302534
4774518
6025630
5489547
4381467
9881689
6451401
9874728
1272695
2210639
8483284
7846339
1525657
1843920
9459550
2797780
1841773
7164326
5948974
4827921
4020398
4796997
8106799
3486552
1608374
7217170
9802763
8091462
8191779
9508036
8557538
4917733
2270504
6167720
1741287
1074817
3560941
3207166
2428119
5435995
6982116
7541505
1941207
4240503
5109418
2292420
5842474
3544592
8860565
5058680
5411660
8727200
6782154
7361133
7105994
5652912
9279145
5841357
5726263
8949890
9541285
4837616
6381888
7065908
2168563
6668223
5440257
6150444
7099981
5288635
6650972
6619049
9821686
7019422
9769350
3269412
7903323
8302096
3912187
2247074
4389589
8072962
9504721
7867865
1699340
1307883
5838698
6670844
7422517
9073629
8634820
1872549
7733371
7457539
9905963
9752991
1733692
8777018
1541518
7782733
1074730
5082568
8048558
4037497
7243026
2159997
7638834
9981885
9550649
5040421
2874968
3307848
3112866
8924070
1458950
9667982
8641709
3314749
9805374
6105934
7866458
8863759
1633008
4038593
2696490
6828014
6095402
5489052
6214566
1040107
2139371
5591298
6865081
7727315
8713301
1305738
6529912
6053191
8819776
9444008
7721731
2862396
8984491
9469498
6223491
5781131
2365261
6052849
9417554
4213429
2106954
8928922
9385211
4886071
2277057
6070344
6355798
7369734
9837826
3904800
8586902
4811496
2112349
8644865
7590942
7785327
4411669
6040590
8035661
5781010
9943988
7814489
6329499
3184553
2747256
5658541
1989595
6573445
3978731
1272952
5347232
9400617
6271888
1285395
8015740
3298409
9351353
8412016
7063588
3319902
6801334
7242719
3771823
8200707
7854631
6195836
8424381
9229616
4344883
1644281
2333364
6583216
1270161
5559876
5851430
2300353
2646275
1924628
4083662
3209383
8507107
6599829
5429753
4928941
1815382
4498926
9836418
8925241
5329629
5306731
6936822
4509771
6349386
6962572
7430806
2477138
7148175
4066281
7372218
9324843
2433650
3702080
5363154
9831031
5108509
5919453
2595464
3912599
9868369
2721957
4287362
2500231
5115067
4964990
4046019
8453588
6488863
8622238
3532785
5519355
3034993
4024687
6813937
9953120
1679490
6621276
2048558
5886887
5571031
6749755
9688185
3496627
8516886
3347927
2139338
5041529
6667994
6975833
4874341
1922560
4224293
5950418
3609944
2145399
9835573
1767335
3515361
9026927
1180121
3616108
7967875
4240632
5437103
8336889
6373041
4731299
6121795
3006044
9852824
2543428
2683367
5689182
5349148
7500579
9725426
9595713
3165131
8878669
3974954
9888673
3322639
9741892
3269391
2914870
3390028
4859094
9205378
2705078
3371612
8682635
6107536
5749143
3576868
9083831
7743199
8652466
1441555
8580144
9850868
2294275
6816055
4230170
3235679
7397325
6670971
9231326
8384132
6212763
6430145
6218361
5055558
7354913
9123736
2903025
3556817
1090816
7129498
7328034
8777988
3493288
9864613
8194870
5814074
8790104
6365684
8289843
7961204
7886017
5604697
1952813
9538596
9865416
7813465
3080797
3864856
5971626
5458340
4091082
3869314
4979259
7362287
5449060
7875232
4874759
2608176
8684336
3640908
7567385
3235381
9378204
4662754
4801113
4489634
9060404
6894537
2525584
9858117
5823533
5768608
3456456
6005975
9097951
8170375
3977487
6278418
9422288
2508999
7514522
5573866
5800235
7632543
5233861
6910313
8390352
7645932
9180280
4748138
7594629
1726196
2891558
7877361
2267274
2811919
1961839
5500454
1303433
1063986
4539941
7465068
6769132
2008345
9974380
9093410
5589385
8071632
1823547
2446710
9460601
1597663
5700735
3422689
8105414
5233872
6128542
5361091
2086210
6418910
9989656
7015067
6195956
3092220
2394122
9968482
7168494
6122174
1077645
9177221
9968058
1673512
7224571
9233214
5121394
5446098
4236178
7259534
6287855
8397748
8638128
5632857
6981914
7393684
4650174
2649565
4479390
3864841
3037418
6164560
4525182
2458987
4254988
6223766
9876034
7453849
3073450
3155420
7665869
1544038
1876823
4685460
8559178
2032224
4021750
2865037
4452037
9873407
2964764
5583214
9686614
7025703
6924627
1627982
9880951
8309018
6753979
9951539
3836535
2064957
9169164
4646246
6655815
6319173
2635190
4800175
6816946
6594238
9249129
9481139
5914602
3912248
3427760
7986982
3402557
3113742
6808376
7425006
8807719
3363796
5031855
7349718
2062592
7203740
4872520
7222763
8421718
7648997
2228251
6878839
6325781
1791713
6543080
7211415
6668067
8873826
9132028
1149243
2149769
1208480
2465644
1978106
6790411
3264809
4935166
6740752
5757080
6814182
9481576
1996981
1065052
1874693
4975920
8476378
7429683
6668168
3248370
9146307
4358009
4396010
8555520
1751355
1426557
6814889
1619683
7724217
9890068
5732021
3212864
6897422
4240073
2987187
6616854
5548359
3933042
9654126
6327652
8477669
8911582
5463835
9618792
1864246
5000810
8969671
9099777
3167439
4781235
4452767
1509366
1515625
1688229
5774427
3653903
9046998
1220338
3268169
2007521
9574686
9434527
1027698
3933032
5718906
8290168
5845354
9706060
1708716
5295012
5257465
5476614
6798009
9131987
1857633
2921500
2189828
2917267
4533644
1634952
8187081
4200066
6198036
1005111
3602930
2433502
7404014
5548461
5971033
5128696
5139508
1628293
6888027
1656712
3040973
7028566
7101909
3359641
6521979
8539442
8106494
7839269
9299648
8141064
3039009
3880443
8670126
3249769
5382965
4335580
4444874
8132839
3714458
3192294
1734812
8722074
2309747
9886568
3267286
1188476
2399194
8532628
7951518
2409140
8323652
8649490
5810682
3172080
8084211
2029681
9226839
5956971
9998482
6971000
5693302
7125518
1219824
7597339
7225716
4924082
6089756
4695241
8756276
9504388
6300569
5986786
3036907
5214402
3762622
4400326
8265351
2217890
3067181
8538249
2733437
7178513
3565549
2099010
7996334
1519128
6059559
8675011
9207093
1898587
2369594
5602019
2203919
6647484
3620155
7624502
1816935
9003548
3778764
3448606
3964350
2639426
3988887
8411259
7480820
5044692
3713768
6810686
9620405
5440705
2133925
4689179
6895683
6892993
7984170
7857309
3247643
7999476
4487941
9961363
5361031
2687719
4112907
1269416
5201664
5368950
3538133
9273040
1730813
7027595
9787290
3834462
9172956
7158148
5537834
5799411
5023532
5476531
7161413
3719186
3703189
9788607
1474902
5112718
5618020
5584039
9342479
7097572
5856183
6931559
5127650
4081381
1189889
5019251
2849369
9599372
8937979
4670176
3714578
1483310
9954088
9603234
1799067
7079375
6893763
3873072
9741606
5572816
9687366
6160644
9513449
3442630
9386969
8434494
9316501
5259879
3950998
8282856
6320688
1317150
8816501
5800084
6818385
6085246
1894937
8713890
9194423
7178066
4474358
1038430
6067335
8531411
8488413
1939462
8076961
6990643
4643429
1350441
2787422
2239382
5446584
7909290
4199719
7404256
6793783
4924580
8182197
8079209
8685707
6436263
1954336
1054029
5300169
5873185
9622630
7015137
8812609
7693337
1311483
9349504
3554147
8346196
3313991
5105795
4344399
1325338
3414529
1748111
9308280
9567634
7489126
7550215
3322931
9209546
9343957
6159202
7952738
1358291
6114378
9751768
1551287
9980553
5505525
8705783
3990247
3080817
1616182
5036306
1413166
8172795
6330552
2453144
6191928
7564454
3649959
6717826
3243763
4006146
2907983
1734758
4338415
7800849
7262866
1171177
8530094
2210375
8279762
3497742
4266609
6724329
9278137
2213456
3357298
7665729
8741854
9246916
5150952
3487893
9502805
8186451
5106988
5537345
2824927
6689576
1463544
5700474
7867989
2934908
3486884
3028767
4500733
8447678
7059721
2560887
5414719
1794395
2866822
6445645
1489393
9211887
8440097
1485157
7822799
2920904
2605381
9191770
4887494
3297042
7425257
3821269
7470767
4640229
9337170
8492972
1885273
8337192
7716399
4560661
1905791
2667552
6233825
6320325
1766169
2437401
2686814
9694569
8068174
9175343
5754219
5740864
8107462
3094905
4357254
4467347
7296094
9698003
1107558
4455122
8315509
7575047
7579738
7734349
6080931
5087512
7540686
6891403
1990474
6089770
5538413
2109514
8383684
8378897
6868832
9558996
4041084
6427892
4216628
2403003
9282328
9578781
8326937
4029105
1160980
3760929
7307846
5670086
8530026
4538215
5151610
4358974
4325997
5185814
4057566
4037902
9970486
6579167
3816135
1863859
9240245
5346980
4664279
5379248
6039273
2006147
6598210
8604514
6865834
9105134
9425281
1909283
8253531
7527028
7168373
9035998
2941081
1403972
7860626
7018680
1627445
9760485
5168626
2354035
5100659
4145241
1882734
2554154
3723631
3071070
4955577
2728543
7872200
8377809
5296664
3082224
2412460
7879598
2420290
5603241
8437947
5915058
1818320
8129523
3529690
3673889
7223712
3018025
7250967
7802468
5074828
5121675
2633524
6402442
2193282
4145227
6279122
3538927
8990720
6752837
9488380
3627066
9614895
1652428
2167500
6911424
9283673
9298783
1570045
4643526
3528583
4302203
8172815
7855331
1245691
7332042
8024081
2867332
9818310
8535609
9579342
5945866
9462216
6636007
4541974
1421134
2962946
7161081
5654632
2972356
6662361
5173258
4437561
9529213
2871082
4798784
5922467
8898630
9942404
2591802
2905773
6269358
2217222
3792869
6840499
4678181
8528342
4381806
2603698
5573568
9798971
2809298
6741682
9949273
9537496
8576208
2459792
5312980
8191302
8283072
7013287
4204092
4047948
2735166
2631259
1171083
1942718
9470846
7180609
2647112
2534063
7436483
8158638
4664971
1854164
3108011
1187483
1610268
7199030
8689314
1201842
4691898
5448339
6105655
7787639
7424055
5449554
7806539
3063638
4175424
8684642
9550309
3285573
7778939
6646190
3167779
9666581
1976969
4616574
4890700
1867035
9464811
1960621
7026368
1079605
7584448
1633475
4332176
9947067
1379820
9220527
8954922
8039428
6935125
6724066
5945709
4475282
2545543
9983946
9234331
9950619
7198712
5167593
5777644
1633077
5468837
8517394
5051903
8092957
3563098
6040704
6361708
2033699
3388369
5605651
7563957
8741430
6049522
8109032
9678938
1658376
5506745
6256595
3009611
3149917
1527158
9332156
8402104
3980981
2557549
6902995
6953477
6698900
7132317
1022193
9370905
9013547
2618718
2789516
2149526
6387492
5374371
7189911
6390563
1113103
2415520
9678004
7110756
6396516
2525381
8348951
9061323
1442164
2139688
7270264
6585224
9309425
5377856
9794548
9965148
5357846
4455501
8470337
2949067
5765492
3860310
4296588
2728240
4573659
1557386
5329713
2860842
1820897
8283720
2425302
1314548
5791442
1107130
5447333
8163731
1206388
7651164
1975844
8824936
5285941
2541595
1347826
1311973
7688691
5927896
7030752
7752284
3484520
7655435
8025641
4235827
3126577
5500420
3757904
7583860
6389305
3527821
8257813
9387009
1399814
5248748
8079059
6175845
9275744
8176837
7884345
7209413
3388377
7724827
6507682
2457909
9449406
9285751
2079060
7612711
4524696
5085345
3868306
6515390
7507807
8841611
9514846
3557696
4238652
3030286
9763791
1774378
7197113
8100748
2592586
6602078
7601608
9316532
5165984
8133752
4474797
5613859
6258308
2553470
6782984
7906216
9355559
1594357
8666627
3420448
9712242
8791760
7546836
6250496
2936479
2958788
2677551
6767281
5234101
1521207
9742220
4986454
3080030
4562006
8408080
9591273
8223590
3016198
6930843
6267459
9185682
9091250
8312429
3080826
9721051
7676995
4354805
4396516
4638406
5896558
6115704
1023994
7603745
8602278
1677466
3014168
8685019
3691571
1060877
5266785
5914753
8773659
7100755
4206912
2516817
2347644
6497969
3056905
5532157
7062459
2424818
4090877
3986109
2088407
8536340
2459245
1619281
9737431
6499668
8015797
4367186
6648866
7087057
3146602
6253108
1877357
1846751
4878862
4655323
1654158
3459371
4704448
6087446
1164144
9720582
3097329
2543804
9326367
2876048
7265936
3436065
1475011
2726082
5550728
1168693
2583082
4208343
9153631
2022330
6727038
3448856
5756927
2249825
9393878
2484611
4593554
2371072
9319527
7754839
2071622
4942065
9662811
8845887
7667504
6852681
2883962
1751320
3424460
4272883
6794437
9999777
6116387
4854441
8376354
8136702
4746501
9685646
3662000
5108393
4026934
3396459
6645180
2897782
9737573
9316549
9280333
9574656
3677015
8180247
8190490
7911861
3674083
1874546
4330268
2233212
8030422
2185197
5171646
2785470
7247734
5288906
9653424
8549592
8705188
3276198
2554010
6945179
3502555
6946140
8786286
5434494
1192725
7461880
7458966
3149985
3481420
8427603
1191629
6371390
6260061
8265104
6191945
7690670
2033545
4339441
9235158
6513302
3263254
1422807
4415614
4205868
2763539
4946260
2565860
2235177
6331576
7814126
5864625
1094861
5916267
2500211
6591269
3736522
8209759
1712692
5594063
8165454
3310039
5339743
5462168
6950000
5318409
3523773
5344761
6944822
3040285
7486788
9853069
5146625
9242196
8256346
1821441
7014038
7836742
9578791
7536935
5243593
2438148
1617237
9023658
1896072
6865372
5362343
7064156
8825793
9845882
4635891
7984939
7509809
3416811
8785917
3629043
3396426
2179901
1799986
1477485
7835520
4914819
5397502
3801796
1952881
7173365
5093386
5058504
6110191
6895860
3946645
9467835
9900651
4747754
3448622
5744521
8112447
3798032
6847371
4161494
5853143
7244297
5593289
1367855
3691453
3567852
8113729
6771554
6070209
5961567
6035075
3647785
5125697
4599774
3199538
3364609
9686426
6502427
8831868
5954905
2381163
2613568
2341748
6102438
3261571
4272656
7072525
6426835
5705447
4325483
7529717
7255446
5813697
5979312
3918859
5715038
9464999
4164860
2838975
6049576
7602119
8586321
2681861
3402161
3166701
2727123
8727350
4713222
3164017
8584619
3327619
2073655
5945664
9885454
1799382
7076458
6111109
1872344
1872327
9226827
4789555
3515666
3329399
9568929
6285554
6645267
4129933
4035516
6457251
6575234
5856075
4633546
7655826
6899129
5991436
8674250
9450231
2869893
2950108
6023256
7759017
6177098
6690036
2918886
7305568
3012356
4001104
1261835
8729445
8330792
7114223
3546037
3892824
4374952
2074215
7439547
1562461
8883990
7837474
4709581
1308517
9667488
3079928
4964109
8391636
5009977
4274411
6717622
2820180
3591257
4139449
4805754
2964278
5757082
9369762
2539691
2236288
7409859
7767414
2311695
7263767
1982370
4638041
9516630
1264586
4096274
7770455
1572391
3020408
7814621
2417374
9575446
3201888
4999482
7679260
5403378
5308739
6219959
7871542
6160828
1151608
3908914
1675169
3065778
5608908
6211393
3623585
2149512
1452371
1776113
3725404
7369720
7734800
9759084
4579290
6323249
6201084
7044404
8349788
4539883
7910903
8967372
6700950
2320602
6227976
5048437
6192329
3117760
3207762
8657813
3033409
3031517
9755030
8171317
3139496
4611650
9503455
4286369
6673222
6888452
7110286
9368562
5664278
3045515
5067266
6851880
7969286
7619594
4738403
3507633
7059274
9466697
1871820
3136007
5008221
8017821
4235731
5420789
3881301
9450490
9531830
5401465
7803809
7902815
2313251
7636613
1532962
4871151
3477347
2958240
9724964
2274080
1504677
5935210
8967736
8168844
7951523
9825980
6046383
6650725
2428723
4572141
2909301
9249158
7315884
1217906
3167687
7155172
3067763
1325853
7387218
6976675
7827937
5891782
4550570
2074181
7961746
7594247
5295203
7727549
7844749
9433056
6330384
9991394
1183563
4362363
3734230
5031871
3147366
8317579
5249067
8568199
5032927
9860877
5764657
3541477
5085772
3940145
1009705
8425138
4249052
2578386
6074581
5531712
7586825
5445791
1081839
8874515
7450649
6156574
9963711
9829871
6877136
4296007
6928029
9469389
8224309
2820300
1039491
3188263
5553599
2570104
1600014
5999986
7100316
7911477
4428113
1858220
4503199
2605864
8650134
3007755
9543812
6544823
5290994
3503957
7268576
9382250
8344388
8352590
4352170
2142191
4506698
5602891
4187935
9126776
9824287
6986085
1895831
9494591
2788821
8609481
2301538
6264425
3543083
5100653
1308062
5320584
1850795
4312797
1168281
9792059
2312995
3645555
6383965
1389488
3185597
9002661
5157660
1730314
1870909
3802296
7447737
3982109
2555543
7535123
7025777
4747926
8420651
6854510
1997924
1266296
7358814
2914281
8065220
6432918
6536185
7909785
1625323
4465874
5053949
4120174
6871438
4106915
1630767
3845659
7846243
2573386
7355574
1305584
1746787
9194864
9577111
7742331
3881165
5082428
9264652
8610615
1521095
6200276
3006317
6652241
5108636
6214388
2471755
3428247
1965796
1830308
2498140
4427520
7434817
9034585
6240144
2780690
3198277
2046250
3100674
3366580
6871857
4325613
9998154
3015568
4402009
1432558
5673967
8396900
3485923
5977547
8942970
7796710
8792558
8059055
6107301
9639570
4301711
9282537
7479474
9500049
1322230
5384744
8939865
9198087
7168047
4648277
3391833
3259193
5085636
1771277
7859696
3560346
8759424
6126202
5528934
2702257
9092559
1545357
4155395
1484200
5644290
3751386
4363936
9196722
9288494
2526799
3750427
8352282
4912756
8432210
4627748
2974309
8261851
3235319
8521908
6933924
8787032
4726427
7150814
2891416
2217648
5414944
7313406
1222657
5035380
4564932
6934477
3456965
7420715
8572896
4439191
4695418
7900558
1005755
3370755
6926992
5208685
1038601
3984529
5645918
9643503
6129155
6542755
4985863
6297398
6286244
8230450
9720072
2972833
4170685
7868385
4754018
4212907
7135989
6641838
4499934
6980081
2235205
4889858
4782480
8193596
3328239
7739406
9885932
1029891
2093479
2937843
9368014
3841584
4051341
3854993
9910373
5680528
5881204
9573291
4157869
2639510
6574698
6198765
5613008
8247783
3314954
7844954
3413090
5888518
6249701
2931993
3127139
4398928
9677658
3826146
5125364
2326095
3725402
5575296
8198022
7850064
2226703
6774773
6919128
3360082
1289705
1160954
7170829
5720218
2678342
1499043
9174377
9944292
7798588
6508065
2172648
6684596
8510534
1479266
4390907
4452298
7949002
8535571
7810400
9740659
2486403
6817541
2919004
3888956
3787408
9406765
7491992
9492418
5087192
9067462
8386966
6219429
8733336
7717649
2118414
6082395
9332810
3293500
2370025
8572896
2084403
6541601
3856281
4792267
4121802
7330853
4019859
4847740
4925376
6387201
3258026
7910258
2468912
4908509
5173577
9316217
7175717
8202072
9276301
3383296
2110210
4708516
9652029
5388809
8100434
2595983
7561703
7272441
5545773
3929372
2058200
2118223
5316803
5688272
2048759
4011122
2512200
4127688
8764158
4999138
4135868
1690247
3361878
9078929
1235414
6279374
2948239
7126475
8590092
2498788
2329017
7171023
1384514
5552885
8297889
4739906
1964876
5882775
9996779
7316281
5182050
7766567
1517129
1299188
3001503
1165330
3516181
6853419
7501045
2921776
7103569
4286720
5654130
1759114
5743416
3033683
5333479
7733692
9759552
6104820
4431034
2232438
5445231
5038451
8383882
1689884
8380119
6286548
3281402
5252494
5424560
5244447
5639133
5754562
9228624
8242131
4646844
8090572
5597705
9493562
1892614
8077119
4636127
2479320
1803669
5917934
4765284
3117821
5266521
6003467
7258930
5253818
5358115
7346801
3394501
8840944
9086480
7176253
9513651
5390212
7977040
1879959
2955016
9445230
6417234
5376847
9596098
7373297
8643470
6517154
6876965
9249061
2879406
3438043
7843772
4550064
1450138
4895446
5618030
8432211
7956190
5670176
7397433
9964832
1217338
3492474
8032589
7980234
3649991
8558844
3657479
6301205
6317761
2523927
7102728
8411180
1102261
5983987
3282482
4049745
5965704
4074743
4042239
5373935
6264545
2837926
9622461
5443915
3456116
5098150
5387306
3497049
6292396
3796253
6852456
6609387
3857332
7497012
6570973
9716356
9998819
4706749
5822185
1293707
1046914
1588785
2319365
8006299
4274618
9158994
2902965
7219575
8149023
8828015
4677161
9971803
6009299
4141126
8409782
6597421
5843992
1765187
7261612
9207122
7061814
4074279
1974483
1350878
8700101
9792516
3647815
2372067
1385304
1047525
5991149
9234602
5233478
8775370
9021265
2159296
4151062
4569424
5821278
6114919
1860294
3421359
9371000
7639662
3985272
8043550
2495290
1861275
7572282
8648657
2556999
5018628
6094832
3752034
4832207
3310909
5233313
5000334
8491296
3367787
3281242
5949334
3480934
7713463
6121026
3709893
1370305
3044831
3734140
6884497
2882561
9647206
4809522
7473627
6661377
9035115
1829701
4118993
2608221
1371288
1438286
9993907
6980433
3691121
4627471
6558898
1522991
3054092
8355259
4702132
7466172
3985504
9923294
7252469
8351848
9122677
3457578
6194695
4131625
8207163
6825504
5178938
1086259
3482359
9868823
3579222
7747478
3403224
7743788
7558725
9975347
3724072
5724999
1528910
3259164
4711966
8463493
1375420
9869128
2296656
6026887
1106461
8130927
2897797
3090583
6201510
5453896
8782376
2440626
6920756
2768285
1720857
3383286
1369133
1908167
3850974
1271273
9788165
3617484
6994103
1910499
6476957
6336081
1035727
9490714
7335365
5361597
4079694
8449608
6002338
5412141
7580684
1325563
5581547
5678157
8007583
6954424
4108621
6457497
1499157
1692109
2834735
7580080
6195773
2259698
1070607
6915346
5973024
4860379
4012619
8495542
5374733
9535261
5203900
1395019
2337938
9472058
2630781
3214985
2031495
2521931
7058313
1505458
1623108
8773193
3632642
6401898
8503922
8774711
9581006
3905136
3202303
5168688
6451420
1530232
2884523
6897160
9684037
6030183
7282944
3125090
9396045
8121194
2598814
1440718
6399432
5035507
9987892
1695132
2981337
3981906
1449739
3712706
8009814
4861740
7015868
6131493
4000327
7580890
6359362
3701127
3668814
4960352
9948394
6749134
1755296
8796104
3183271
3241133
1706353
8701786
3589378
4383537
1805038
7282939
1401646
7604522
7736100
3264992
2735737
1700084
6974782
4317229
5761695
4793697
5395115
4976558
4280697
1340805
8432286
7388784
9879827
3290205
5322479
2046845
8134234
9724316
5112927
4811571
9038772
3258644
1303097
1046656
2813290
1366781
9636627
4831420
8122240
4963750
1533556
7274211
2871270
8088245
6742351
7151150
7100039
8749020
3147758
5359564
7660606
1638618
2026986
2154882
9212392
9643563
3221462
3635868
5463700
7997006
5839868
4549775
1010391
2091761
2236671
2576557
1529917
5755066
7199200
3397699
7748570
4096948
2733403
5679122
5609918
3388372
1424369
3485416
5309382
8851944
6016001
3707419
2298703
8658139
9087312
9717218
8552774
4458215
6330664
6989136
1606555
3614876
5526446
1558484
6849464
1441385
2346611
6925566
9244892
3088759
1009378
7140990
9172810
5439935
5491137
2394437
3023429
4099336
7297393
7377122
4767351
1728906
8400559
3153713
6124794
5873139
5028070
1630833
3952772
7377287
5180846
5774707
8488236
4163106
9749285
7504111
2518109
1470745
6076136
3852593
9601302
7491647
7575343
8862448
9711067
5350339
5655618
6083071
8563771
7074935
5810140
8481373
3127359
9160299
6327259
9753767
9827116
1504120
5048032
8542957
2287477
1637145
5813577
2277857
3097601
9270259
2486024
5878635
2026644
8042485
8820512
6103002
7528412
3933530
6555772
9735926
3257179
5169035
8416812
1020721
2884651
7158882
7452092
7757564
6034483
5272074
2195059
9850421
3440293
6990338
3728997
4247997
1958257
9477888
2176821
2094696
3729353
6549362
9142059
8133966
1365010
6586655
3099438
2296574
7786788
3732844
9147934
5943250
5705726
8427835
8251024
5382110
6839049
5742638
1666407
4969538
6266887
4120777
4522315
6165663
1173144
6896822
2703945
5442790
2004713
9793441
4615751
6005260
7250297
9087556
2211490
9553370
3955401
9826045
1027174
1183840
7998240
2089818
8239017
2465610
7603000
4871991
4979076
3561482
3736713
5446719
5442607
8415669
7247663
6480014
5215224
4719018
6816826
8972407
7392672
5232044
7388370
4326177
8728146
6058961
8936133
3714700
7984897
1892116
4076719
1810610
3866461
9654789
2664773
1978056
1096753
2901919
9229118
4572195
6126876
7285242
6756766
3095224
2148842
3353943
6265247
1689660
5243214
1214937
2584255
5157738
5454590
2883475
6021345
1585955
6902379
3799996
3345696
4282799
2297820
8669631
7894711
8533281
4715238
1620271
8489414
3802521
2539658
8276056
3332290
8765987
4948907
7156657
2330044
5121149
3086442
2531245
7941516
6055478
4514272
4944880
8867610
4361394
3337335
7671647
8030664
2434890
4036389
6213968
2159743
4567248
4486918
7756897
7225173
3967088
5551637
6337508
1264024
9696562
7877768
3672888
7551418
5941467
8019973
9054323
4389593
6399027
2894148
2395131
2500073
9893794
5783234
4364148
8270208
7131508
1721502
6741651
3738429
3138172
5310293
8333777
4667606
2564436
3001301
6131708
2288381
5265410
4830015
9575591
4706159
7650742
3136766
9830466
2712857
6454192
5169727
2028100
3009127
4024702
2125580
1148164
5216810
8806435
8629193
8568936
9040100
6259027
4446729
5348916
6230451
7531547
3911053
2795652
6734744
3025630
7639771
9380117
9261988
9285434
2533368
8970365
1281150
4731658
3248834
7528315
9266451
6066244
3469100
1754473
9007770
1940673
4258134
9262734
3154307
7018973
8760200
3448144
4843451
5629300
5850251
4413190
8287902
5334733
5359844
6989036
1221946
6870867
3894190
4849392
1792444
9856510
8260435
6375913
5940538
8779729
4912422
3579047
8439132
9534844
9461408
7783717
5459111
1573985
5195254
7223963
5274728
4818420
6641811
2866224
3906937
3972603
4554103
6285133
2809331
8934325
7504043
8444045
1147056
8224663
1016864
8161616
4788539
9789937
3769188
3248815
7976535
6033455
3418752
2517961
5168041
1959612
3027120
7797436
8519362
2868737
2912703
6118640
5025869
5734091
5001983
5939021
5401810
1510155
3410082
6343436
2112036
7796279
2333945
9107115
8167533
4495245
5677702
1731642
8689812
5633655
7555007
2349139
6178376
7749002
6278050
1346919
8882028
8310184
3493295
2945331
1839711
1167622
5500103
5681169
3985574
6268872
6241567
6726186
8360505
6368264
3533601
7320905
6821927
4413302
1111263
1207051
9289190
1977497
3279988
6260147
3533435
2331892
7819833
7827034
6039298
7811652
4067233
1074307
9677147
5647077
8827634
6519372
2232369
3069843
9281056
7505665
8593768
7340942
9688456
7761867
5802211
9469720
3207878
1461062
3446511
8947224
2289651
9943856
5379407
2015777
6480382
3165628
6045028
8917132
2541414
2534855
1010681
5408001
4888017
9243874
3111593
4104661
5560844
3929229
4822701
3268877
5008416
2780485
4681222
8275905
5659213
7805749
8711107
6160604
6909734
9436424
4216240
6275456
6230664
1964190
6037339
7723142
2236728
4475164
3880772
4205155
1449880
8365150
8610592
6042854
7752134
5259656
4074506
6018333
9440786
2596858
4618567
1170392
9392857
4221601
1700404
9574789
1011522
2432362
3485198
4314362
2493141
8482834
9576286
2248786
6744435
1979737
1137791
8162350
7125494
3752214
3991565
7555101
7137126
8363235
6063148
5067798
2740500
9346936
6757874
1199330
1167767
6315861
2467634
1555415
2935520
4430297
7367526
4134334
5922364
4553328
8557944
9138582
4756007
9975338
6332205
9451378
5942151
2753958
4764782
9246781
3187020
6417773
7138485
5018142
5877281
1094555
2923089
9332470
7122191
9531319
2604181
1099014
1279855
5268388
4882851
6089070
1512202
1515121
9843152
4243152
9124303
3516235
6555892
3040787
3033903
7089298
8125905
8106692
4364185
2231752
1851486
3005014
9040397
8043174
9046639
3198346
4808927
4525001
4649410
8151274
1116554
5482761
8906216
3924591
5962735
3153963
1935757
7292802
4163497
4719916
5356711
3742751
9014669
8267261
2629111
3164246
8078915
7353999
1336575
6936556
9354619
8972100
1660801
3950878
2558863
4650693
8710319
1920389
5697588
4286833
5164212
2778325
3680539
9795954
1964381
5676991
6166186
4008556
9887142
5427575
3767314
9152591
7500381
2670095
1993932
4057740
8801269
8368322
9161653
4487717
7573546
6747918
1424004
6821724
8037707
8078776
9749412
4985805
2689385
6576755
3125362
8392152
8876954
8975835
2939157
7652022
9249002
2754652
7710516
4488429
9754719
8709744
8917336
2552670
7737960
6163141
9389536
7279868
1492514
1107772
7392987
3478103
1946950
9972750
9694982
6859030
8469553
3768265
2160225
1666435
1753169
5830840
3777200
7946433
4210281
3476257
4706571
5400216
6701890
8832296
9412194
8007729
9977903
3150481
5069393
3323101
2812027
2044131
9576220
1780943
8545649
9044007
8621767
6878634
9799495
6902928
8787093
1480949
9852711
2346612
1139483
4918316
1450203
1515896
4474431
1695152
2591253
6374347
8486802
7004574
3591961
7338313
6937800
8759100
3176200
3597055
7475536
5437328
1202570
7855182
6969236
7757707
8555926
5137064
4813903
2612002
1575777
9845560
8464325
8439934
2648929
8626014
5523876
6220041
3992764
9373528
4533877
4054121
2362386
3641916
7212223
8959626
6895652
7788897
2775288
1104403
8200927
2815902
9935081
7061562
9582025
9251498
8475677
6260019
7926151
9084003
7811205
6211587
3825672
8005994
3107371
6893044
2264402
6033387
2145809
8887073
8132647
2438970
2325158
4620081
6772563
4023449
9945316
6038368
5329493
3688086
3548041
7783033
6698791
9941073
2686191
4281248
3805420
3846875
3785994
2176523
9552438
8943675
5055230
8667985
2443377
4323978
4399579
4884827
8269487
7714814
2835702
2630839
6188240
4847683
7022757
9034187
1338701
4956293
9703766
8058342
4325730
4186443
8249996
1588466
4903382
1448125
9728887
8346502
1249768
4900486
5411056
1895064
7490007
6918612
4403470
1360783
9589582
9037500
6968423
8973111
1324779
4814331
5759335
6187598
7291755
2706967
8687110
7842107
7221875
9904421
9412329
3349150
4725501
7952803
1405335
6313346
1200157
5362565
6288598
8054447
4499247
3357837
8755618
9346973
7831392
1192467
7648905
3333763
9332949
7618020
3207974
9125069
1947835
2661959
7152183
9758891
1689644
1454299
6991389
3223366
3137723
2814876
6330865
9885261
8931420
2706564
5214653
6228206
6625011
4059150
7162078
3748641
1085303
7863829
4486388
8307870
1179139
5859163
7328131
8302511
9458361
3982439
8958761
5403359
6117075
7005254
8970556
3521746
4132359
2797041
5728255
4782702
8634134
6889679
1707265
5054839
2130546
9479377
2043923
6697913
6718090
5877499
2720228
1775518
6703347
3613635
7674875
4147743
4069300
4522066
2651087
6005463
4478126
7141863
4917702
6889844
3520102
4509851
2972425
9597638
4578929
1008063
3674880
4596218
5386875
8513121
1390191
4126560
3172979
4602798
7449004
1913511
7958359
7746801
2793276
3786859
9935319
2110265
2980106
2608613
9251049
3435801
1170307
9352769
8809960
9029001
5487185
1235853
8770025
6911082
5551537
8411341
8245597
7933543
8878195
1901291
2575068
5429111
9601294
8770699
9939092
4261822
1026589
5310845
4873549
6110483
9212858
9368460
8546968
7792669
7573429
1776755
3786260
5801750
4702578
5722351
1157916
1246002
5805148
3195312
8200784
7179864
1230153
1122985
2100095
3840335
8109100
5492231
8463918
5721076
7765361
8376318
9296967
2036007
1186233
3973758
2763553
2925382
2301874
6900356
1709224
7505105
5939665
4468045
9488873
6155245
4892015
1668262
3190909
2121732
8116222
9653600
2179535
8757897
6225190
4417311
5216331
6975513
6704192
8276049
7845284
9427453
4401838
8357307
1646594
3744844
1977748
1887598
7230023
9895469
9857720
3488537
2212541
7065979
8616562
4291512
5282333
5324673
4509199
9357994
5711614
4140452
8454664
8606561
7998041
6741728
8189338
2915187
6476597
4834667
5282114
4083021
8521971
2410677
1172375
1287238
5956152
2895185
5741571
7981073
8704946
6296429
9246815
2481037
1801545
5867261
7130731
9707767
7315044
3580407
8457127
4774911
5221077
4516407
5152016
9249720
9215714
3332354
7189114
5360552
9199601
1338599
3272582
9539263
7166223
2057985
8891649
8055781
3032221
4498330
8650970
9247340
2687319
6132906
9443453
9088229
7404546
3253245
6617168
3085774
3993906
7322930
8029577
8780457
4973685
8885087
9558442
2403175
5647072
5037458
6112602
9913283
4599668
9104307
9058401
8808556
1869099
4555845
4308672
1239450
2151269
9874699
3338859
6908162
3724074
4206727
2598180
7071140
7417947
3962589
6373621
4565186
8841274
5379031
1810890
2261611
5493266
7042306
7719592
1112117
2768133
1688245
7543054
2348296
8720816
8140721
3381095
4781719
2802429
3545252
7720552
9592042
6408708
8344520
9220236
4337175
9451934
5648616
4714026
5017616
1434569
5702531
7196655
2139029
6655537
1451657
2795454
9850698
1481441
8701826
4136353
4132067
9799941
9757966
5898666
4262459
7103899
4187783
3588458
7200644
3800566
7383363
7422157
2233049
5109103
1487861
9513681
2058928
8867176
4393587
6205089
4751915
2641342
8433554
9267026
2574669
2174987
7596077
2279417
7599626
9670740
7431621
1578214
6393527
8145622
3978690
2070914
8220448
7510376
3833112
4498560
1229880
9989325
2204229
1053635
7955755
8161368
5741622
3991180
5245392
5205372
2923593
2562974
5299450
5497391
6622701
3620529
5234990
9849083
4980518
6873998
2742830
1684449
6575981
1528589
5063924
7119018
6776116
7008937
1293946
4313739
7017287
7589309
5962870
8752948
2749390
8653022
1716964
8096885
1500463
9198100
2582587
9499981
8666448
2552757
6468609
7081489
7436282
3815328
2090682
5211126
8960537
1774675
8996412
3259451
2323552
2971178
9556254
2379701
3420873
2959093
5768718
5529336
9120506
5837172
1859394
5330015
8350403
4188465
2762759
7158009
2169156
7630394
6987509
4881744
5563884
8935034
2987716
8916119
2221340
3119348
7083703
5940079
1601386
9799131
2266102
1443094
8793921
6488144
2971513
1274029
4030565
7428536
9114208
7511844
7921492
4430521
4084961
5263748
7164872
2311890
4903193
4911384
7137113
2865620
4695171
6844345
4812224
2586689
8775430
5231989
1893815
4377792
2845352
4262171
2965051
3968505
3087649
1283878
4270131
2215699
7200394
8398916
7935467
3254920
3506548
2611265
4817657
1066721
4363157
5932181
3695232
4526867
4939358
3546118
4253395
8036726
9228648
4963451
2288561
9827614
5249932
5290911
1295342
1982488
3667409
3885038
9845299
8955523
8410624
4398047
2417052
5431624
8327956
5359086
1116991
6269303
8843022
7209157
9786701
5640191
6697252
3416390
1462928
5094282
1755737
3500536
5707540
6808691
9255592
8451211
6567778
2146149
5836954
9247241
9842279
7972305
8827895
5010012
2816436
8690379
2016537
9480950
8645663
1196418
5664860
8041377
7755078
3294106
4630065
2197027
6576755
3063272
4022994
6063053
3481691
1901257
5114000
1453664
9378177
2247007
3327752
9164125
7239544
9483305
7385780
9904168
2143365
1686334
5653533
8942360
5082915
7669990
4411182
9792414
7528607
1593685
4761444
6984399
4266596
7472645
8493538
6187791
9252433
8347247
8377825
8672476
8951622
2518821
4981253
7194356
7652862
9639951
6408842
6544484
6783446
2497472
8431261
5106671
1425964
2580852
3002247
7910487
3355235
1802244
1619594
1296258
3860630
1433906
6069036
6419964
6580876
9980773
3234813
5420362
6463336
9903191
1093543
3137908
9771890
4141501
3077159
6650288
4179990
2383540
2884373
9195041
4002364
6749338
7062033
3898240
6697158
2966010
1221452
9814104
2304613
1034783
6583024
1900395
8248601
7642505
2533229
2908082
3219779
9919486
6382114
7261570
9914792
9330551
5927780
8019402
2916228
7406971
7584749
2913721
2729800
6871178
2170404
5653692
1156531
4274927
1682564
6534373
3678728
4961017
5919788
8748071
3419185
4677379
9436483
9191102
8355504
9610798
2307590
2095596
9859134
5781040
6656752
1759709
3056258
1947654
4378693
1670892
4360431
6883717
3993466
7637630
9734842
2471502
5120196
4555788
3440567
1444128
5404923
9664895
5373839
4005512
1102763
2795764
5737120
2935347
9422648
8046815
6024753
7731492
8028139
7773515
5827344
2437056
9794269
4383295
2156939
8884999
8086334
8382525
4609351
5131421
4498242
4169316
9482176
9766086
5832298
6557045
7000349
7186225
5097067
9506418
9732783
8450347
9189884
2632674
4437638
5812724
4828225
6330162
3781488
3615215
9467983
6826550
5669007
6887666
4537116
4218508
9661974
5464318
9394564
8996577
6072672
2730312
4055098
4658189
7276908
8398966
5725961
8365722
8581753
5019877
6409094
1078242
6512570
8446247
9045077
1105942
9065015
3650378
4192980
4600731
9318976
7474963
8097063
8685774
4932174
8030282
8117089
1170472
9812087
2899951
2505419
3981373
7643981
9676874
1617621
3980063
8546645
3749408
8414486
1610335
4445855
9184641
3597250
3542003
3505158
9700287
2922279
9068403
2644358
6298425
2365411
4686334
2620405
1235221
9609894
5563194
3290656
5785548
5343456
2262264
6814275
9480478
3876871
1206197
8308516
6284775
1091014
2292732
8478028
4298378
7548293
9040041
1326563
9942089
2955345
4797385
3442343
4616247
8780073
5627934
5860489
8697476
9081508
1625663
5967332
4944056
9097730
9504347
5645082
7263803
2842381
3257118
1436173
1103248
8213355
8518764
6776119
8914594
7261891
4317514
5352359
4521719
6493450
9766812
8852377
3428609
9621225
1631689
5358768
1691475
4903373
4390394
5034834
9643249
4841098
2371330
2681632
6230016
9574252
3190104
9009937
8452252
9803932
6443775
4249578
2903624
9797804
8540038
3273692
6176064
7347519
9350187
3609529
6026091
9463576
1676763
7174100
5030637
4572413
9190869
3893237
1715864
1410503
1758124
1198134
9410946
9921737
6347947
8819518
7839985
3760155
1589203
9993815
3681011
4658370
1392191
2617773
4171723
9063613
4065385
9879205
1926405
4618927
8932485
5029271
8211627
4552612
9563147
5311402
7540496
4382337
5259154
7270155
8325449
6132749
3967320
3124681
6563004
2075734
7286942
1886481
5574672
5253953
9359984
2836737
1289732
4449330
9708866
6946474
4749404
8697428
4911990
3949799
3839285
4028997
9703931
9608020
7079226
8220961
3461199
1868845
4671151
2747498
2638116
5833733
8841771
6281169
8599201
8135328
5682018
4044579
8530879
3216877
8788704
6249107
3037460
5785955
8007698
2299808
7827949
4129526
1878271
7792547
9856275
1189558
7671764
8430775
5561392
7651205
6179036
8584388
8508428
4405363
9835214
3775210
9072688
9327736
7884096
1002247
7313707
8156365
5156218
2592998
8000050
6825383
3804709
8833604
9649442
6447057
4632611
3640448
7318306
7839972
7978872
7885982
3272292
9647846
7683621
8996983
2417226
5044797
8703573
9254401
5202981
3205902
9930033
3976887
2505560
6597175
8914574
4302565
6056987
3932708
9537286
8811346
9563164
1308626
9957412
2384905
4372735
9859102
8259321
3785350
4644614
7434121
5364555
8464378
6638092
3520843
8656557
7451771
7167020
6546064
9623914
7981388
5572991
7222867
4805275
7669060
1296769
8100950
7909080
5764189
5040469
8496955
9434379
9715611
8717471
4865858
3035360
3285718
8265551
1192224
2905368
5499110
7026174
3151928
7402877
2549803
4677680
3301881
9647536
5085430
1903097
2031571
4552286
4267480
4678589
4321622
3671185
3301957
1124496
8879146
6542755
5694499
8710076
4792741
8751565
3305077
6640288
1271692
4189149
8964063
8556341
4136554
3235526
3362325
6782444
4061190
6546257
9139940
4272819
4734979
7342002
8261213
4821271
1182617
4131381
5912986
5802884
6342956
6222039
2039214
3629031
3814918
3468529
4968621
3774452
4070326
3304847
1564756
4451843
4000580
2498911
5254167
7427094
3848207
2003269
6579270
1678197
6265349
4908300
8695451
7526778
6666239
4043126
8992546
3307945
8964407
4117364
9819973
5197623
4822438
1314737
9552563
4541740
6736574
6659400
1953453
3099426
9920129
9586391
1474541
1947629
4852413
7844779
4369075
2902101
8619300
4336539
7067693
1722686
4306060
5676656
6612545
1728745
3149375
5457153
5077755
6204115
7222528
2055006
5507406
1583227
5624859
1264483
6067657
7040833
3977767
4294636
5575255
1818090
2078492
1875623
7348658
5091136
8115403
5920260
5423014
4714838
7752190
6060553
3572542
7164649
9829356
8038851
2546509
7888419
2449113
6369495
7821530
7347833
8556808
6064759
2654505
9785267
8268254
9179248
5173922
8239308
7261525
3677023
7370721
3954287
3904089
8628356
1214553
6747169
4360898
5163055
7500069
1829374
3314351
8381270
1996397
6261468
7962939
2461000
3916657
1040460
8331423
4796796
2830261
1777215
3247076
1771011
5421065
9543556
3966787
3911325
8950964
7801583
2362523
1275815
1747004
4294422
4110221
2598321
5587477
5437173
1644664
9730670
1658148
6841777
8424524
8671301
6786542
5276858
5473421
8995844
8680482
8380745
1251622
7964340
4845055
9532041
7423591
2891335
6443171
2523090
3592157
7113070
6277234
7692304
6805773
2800711
6290655
5190914
2102348
1851188
4702746
8720670
6470910
1426183
9159126
8585106
8321385
6100121
8506038
2318118
7216437
4427322
3740179
9976253
8247554
3759426
9681324
6442939
8936550
2868806
2827883
6464896
3772098
2393383
1324432
7053841
3794495
1819780
8220092
4646680
6153258
4863823
4692764
6533314
8581034
9668797
2019824
6679814
8898074
6850391
5494135
9852870
6588743
9444462
9683769
7888526
9894151
8526443
9689713
8192121
7855796
8616260
7503188
4956978
4841988
5480267
6077570
7765016
2043590
6441120
4821576
4847611
3732539
2646855
2705360
5798211
3956047
2963604
4789158
8705969
4568307
8178563
1743399
6581692
7083864
8684516
9674952
6288989
1766857
6788851
8839936
4557927
5153253
8081606
1148691
8025037
2515320
3647647
6779132
8095816
1940406
9636577
3224951
4492432
4477459
6919776
1450536
6863047
9839938
5801681
6227883
6804533
3081991
9061601
5251705
2957550
9751611
5772705
9612147
8118672
3646300
2476382
9358671
1930921
8113678
1630735
4768988
9696117
2858227
9017447
4366195
7043332
2258274
3400267
3901244
3407034
3998022
4694878
8204890
2824945
5747798
9641143
6083700
8449529
7221484
7138932
2172705
3577471
7146693
5165800
2403567
9641675
2584660
6784815
5859536
3333923
7830019
8316899
4396834
9414733
1982855
4191335
4511514
4214642
8386654
5327136
7212620
7283230
7807080
8659012
8793497
2517604
8109343
8351242
2416117
1231007
8865589
8887681
1473875
7286419
3795656
2155837
8256752
6059377
5295045
8318956
4190649
5458873
9008854
7582150
2635226
5530042
4659273
5692323
1075812
4489013
4761215
7379174
3684186
8407648
3502860
4702551
9415001
7066054
7897202
1122959
6434913
7096331
2515957
1478668
7294916
7506253
1669275
1063204
4724393
2051111
2467970
4737367
3192509
6044111
3311389
3779837
2616696
8890207
2999053
6801438
8164039
5710705
1523096
5973536
8550172
4064099
7560200
7344283
3070969
5890594
3973449
5339309
8733090
7674881
8316633
8944550
9473107
3591504
7557154
5477199
6793808
4149217
5713013
1173457
8301193
7939116
3063755
5317871
8834849
1508326
9236957
8527415
8030281
5985661
8970899
7898051
1056907
7505006
5983380
5731756
9197091
2891076
6069820
2317901
2541128
8587374
4875691
7434159
7052680
5137531
5296506
6898454
9587985
4920884
3879305
6779111
3198476
8951254
8196468
3422068
5549411
4474154
5097892
7667558
3472739
9559363
3887617
5890822
6293245
2181076
1171205
3115752
3554727
6573675
5810284
3418484
6419168
4932750
1186312
3264274
7398544
1664624
4566961
8725745
7733773
7333136
9059353
6095733
9826938
3146991
3207933
5406331
6915722
4007788
2231799
9770057
2474274
2000445
5942704
9038167
6584541
3203916
7520884
5392244
8969001
7355500
1142878
6062295
1918542
2945910
4584818
8231555
2966351
8570436
8304009
8547093
9111401
5237257
6611431
3762029
4041016
3744908
3358824
1758263
9175417
7904895
4932249
9340117
5776682
8568704
5459428
1160235
7343374
2186795
4604003
8686982
5042188
7317977
6059797
5591657
6146103
6808250
3147118
9488630
5142121
5847627
5112456
2991414
7142536
4983859
3377784
1602309
5730730
8078144
7634043
2900957
1154965
9809849
4446160
6053181
9774047
8960031
2970911
1367605
4113908
5186501
4805206
9749393
4005686
1695625
2492821
2331232
2936127
4050030
5868607
2624416
7226434
9349591
2155185
1158919
7227151
7358882
4364111
9366192
7401525
7701215
9926458
5182304
6303553
8615212
2294430
7471157
4602597
6697070
6262119
4733866
7095924
1274158
5327443
4831625
8914122
4836686
5286242
3199022
4902217
6353190
6495595
6382835
5098110
7705343
7554889
1713149
5175713
7417450
8538738
8604130
2319995
7898110
6267175
6637814
5129058
8132589
4598663
2940913
8780960
8843714
8664895
4435326
6789810
1423866
1606044
2705122
7243564
2442876
1538177
4281927
2176442
4620341
9168308
6630949
2782849
2756180
9632338
7245644
9665955
6669983
7780707
5453264
8516386
1151088
4778760
2850513
9224860
8064080
5475921
8743909
4626292
9079599
9576811
2616037
3184209
3840759
2523857
9668352
5503015
4150197
5091872
6028469
5607729
4715423
3318313
7635951
3798124
2690322
8916711
8113209
2518997
6496615
9140844
3771212
7527114
8609569
6002597
5982162
8146985
7537662
6526214
5704453
6680199
9494704
3301714
7293558
4557194
6518374
4661576
8372842
6185636
2098179
5753773
5753695
7857068
7211120
8620339
6913644
5542363
6117773
5688963
7081670
7629919
4870018
3496108
1589470
6443231
3140084
2540519
4409512
6278988
9103892
3463302
7892535
4242464
2690257
7391801
5394884
1261879
9987885
9879357
6410958
1392774
4525933
9710562
1310555
2511484
1667306
3236407
9474844
7914163
7555909
4386003
7109230
8585299
2779576
3499843
6093565
8480388
7719431
2097227
6768643
5169421
4743509
5254299
3155310
7995918
1204050
7282192
7843424
8087254
7542610
5212451
7666064
3207330
3494649
8105330
6324942
2593843
2053779
6290217
9387875
2824523
7384576
1474701
6654998
7342211
4898828
3456869
7354763
2961740
8059421
3929733
2703047
2421952
2177029
3269240
7999439
5728484
4743288
3115145
8554797
7662525
5005783
9474862
8956756
1132427
9038762
8484306
5909211
2103782
4420845
6352189
5667621
1107316
9205185
7541795
4296866
8587525
7366595
2755270
1192430
7612107
3224186
7228296
2666519
7855929
8636330
4460369
4863612
1297782
9348933
1496344
9935184
4402110
5404865
1417810
2095806
9093526
5975749
6791413
5070311
2675242
8866237
9162216
6917639
7716612
1258317
1461385
9666229
8896363
1253473
1568666
7928137
8047318
6826403
7842825
1458904
5579275
4325126
4139034
8448090
6789849
7803007
6035379
2223341
2266222
9698388
5251204
7062322
2781590
5375181
5650960
3259541
1823761
7055430
4827293
7586347
6154895
1256166
5871220
9181812
7723018
3017194
6792405
7607551
5246592
8688283
4848187
8480045
4750988
3467294
7418503
2365709
2812384
8001514
5255244
9535335
2773857
5362580
9171830
5872340
6726303
2461574
3360151
9864266
9950512
2168014
5883024
8611830
1128744
7633298
4307160
9840770
7678710
1205026
4406444
9595446
3338462
7290918
3239315
4574586
4873166
5004982
8842509
9732282
8304608
2420360
8292568
5386530
5206251
4226756
7221854
4301001
2808454
6529332
4849598
7775850
1936090
1848407
7215541
5746124
9402723
6343061
1581033
4488772
6838019
2857612
9006738
9252945
7082307
7753800
4236293
3144037
9543719
7819154
4523102
5111171
6128812
9128671
5966858
2079811
9062752
6717545
5219439
2884915
2986014
4291484
5739192
9514008
7876581
2517222
9396352
6235410
1593301
1908785
9914778
4598301
7037829
9930925
7345083
7406131
2401795
1439174
2268293
3816975
1705897
5599925
5202608
3848205
3629464
7927794
5803991
3374830
2674452
2122951
9536029
1423287
3779516
3404032
2296570
9394680
2991140
7301439
6910309
4597930
7866641
6569708
9703520
5911474
9852112
1485065
8004763
4929602
5679347
5733731
1214662
4968287
9972969
6722980
6308534
1342525
7326841
6390534
4232499
1507142
6521179
2428770
1880348
5981241
1618291
3227879
4589047
6737967
3188202
6357926
6600281
2372281
9772651
4747081
6198446
8238246
9722743
1989284
3502886
7670433
8782374
6422435
8063228
8633014
2998779
9873891
9710564
5609653
5323490
1738654
9250449
3717295
1320712
7691198
2961760
5137182
8076823
3864466
5087204
6119585
9156045
4586846
9331983
4963428
1884792
1605004
6106041
9602782
8922768
4779393
1692048
5356276
3105265
7625227
6603741
6367355
1341683
5514998
5692527
7394971
1230760
8908030
2944998
8900878
4755953
5400030
3193053
5117896
3193981
1912647
8814773
9629681
7340895
6967340
8646587
3393677
6641547
6284282
8270645
6447101
1420973
4696805
9941518
5425631
8473959
6973022
2891355
1667792
9210853
4263713
4659145
9964945
5742749
7517482
9737253
5899335
7941608
9378055
4207176
1694044
1329528
6499273
9531933
1789636
7318582
2766740
6633489
7118682
1510009
1361814
9757013
5731944
4029860
3298196
3683154
9907653
1066268
6346592
9679851
9944921
1582052
5047975
8253992
1932413
1828440
2705127
6192388
8813629
7659651
9769149
6446100
3930687
4619869
5612764
9046673
4378109
8922916
9175834
8405317
6911917
3671253
8564772
4918095
8643971
9905863
5828562
7769554
4609676
6645733
2691221
2788416
3382459
9901446
6624077
7983294
6504897
4538539
8090423
5456949
7507733
3654420
6431748
6596341
1312659
2454719
7965125
3363333
8882369
2127358
4562945
2145931
9617964
9805811
6965033
6477268
6200177
1431083
3281251
2582465
2870615
2392981
6525058
2340047
4350938
5675230
1904343
7349057
3439939
8365098
6767265
3646956
5200370
4794608
1519135
6063903
8594174
2971250
8451270
9573676
8956979
4807320
4957839
6505944
2556026
9721064
9591912
4046747
8327830
3283748
4155978
8633299
2203850
2887105
7621354
1482572
2895897
5843519
6228937
4553444
7586981
8412073
1906406
2157534
9632121
5360299
5432404
6230470
1572322
9183627
1005990
3199611
5991416
4451974
2317958
7793246
5406714
2595080
5041509
8078678
1456087
7020999
9820172
4201341
8440585
9397116
9573713
9850474
4656860
2327487
5865766
3065308
3685325
3889726
9807180
1178047
8386189
3517017
7443877
6879838
7650213
9130013
1960102
2016806
8652339
4273052
8893675
9092819
9552850
9578725
1955300
6932281
9615832
3915813
2019245
2627569
3279032
7192602
6345916
4705566
4664584
6491568
2323699
1888795
9617822
8485370
1238422
8096067
5784531
1594702
9758614
4340188
7160489
1491453
9990476
7042528
2436681
2648685
4441281
6312362
6034341
8014230
1495338
2759226
8953084
7560981
4637361
2580773
1268667
8131760
8573934
6236700
3536385
4680807
9253620
7079638
8018747
4672435
7967048
8401181
6388590
5520990
3599213
7280243
4674708
3457150
2438427
3938974
1944669
8062351
5567694
1059095
5858966
4044716
8139642
5923275
4816039
7407082
8541723
4462924
9847479
1915793
4819819
8196906
1255032
6352109
9610690
4788362
8248700
5321127
1666946
4108099
8863196
7892204
1737622
5425928
6865396
4771031
5515412
7483796
7762389
8243028
5409678
2541707
3356541
5605016
9950753
9222975
8681976
3997489
5401306
9199822
5489874
2675895
8806596
9317096
1247223
9820258
1354322
6027054
2427306
5358837
4679845
2012598
8802590
3428696
7768379
8298923
9689012
5861764
4325685
6843665
1596498
7739224
9544004
2934567
2181788
5959240
1368111
2871077
6884562
7944181
2150979
2650917
3110470
7206359
1973399
6991198
9773432
2668502
5930426
7261707
7607888
7908409
4613692
3005738
9102903
9077557
7426838
1384544
4378194
3930407
9102902
8114361
9952347
4507613
7788459
3801294
5531678
9442447
2103018
7624255
7470734
8711915
7329275
3496416
9173698
6820942
8798851
6935729
7361231
4765902
6769390
1640708
5086018
4024628
8867384
6463939
4945722
6505543
6268505
4618058
6802592
3916739
6995824
1324101
4515241
5523065
4617187
4239190
1477872
8674438
6992817
5564542
6566425
9429814
1237795
9611928
2936928
6819965
8959172
3898895
4702734
2393506
1551999
7704405
9571052
6980816
1607014
8341884
3433618
3732345
3047055
6763380
2349981
6581735
3150745
9566818
5101886
8981729
3244620
6650841
1293679
4175158
6059422
6214391
3759297
9168553
9383634
8051423
6720402
4098617
6182588
2405006
9757274
3076875
1013535
1729820
8767844
6566966
6767735
5344338
6432921
5497067
9019794
2684727
7208191
9695640
8776775
7779489
6883671
3219180
4094970
4864977
9912495
5913259
3837965
2374313
8191111
7009554
7636328
7321510
8582954
3654844
7680415
2799797
2560220
7035848
8671788
2963424
5518367
1622297
1935118
9773281
9265826
8682999
9845117
6747095
2035015
9637330
6826952
6421462
2605135
7427879
6613645
5336089
5226981
7563196
8114069
5678995
2948611
2531205
8450186
1417890
4209605
4980393
3969941
2398885
5758664
5855134
3006872
9306340
4615294
7541744
3681093
9262318
5524946
3785633
1132633
5000192
4437874
8382187
4528441
5074273
3436989
1045153
1922023
9442891
8616395
7842804
5161313
3788611
7163731
2621456
1218262
2833866
9619325
9341670
8735365
9061164
4524421
7556677
1164853
8542837
1408328
9584162
7416651
3588035
2214703
5857526
9708107
9017911
4155637
3805254
7512430
6093509
9062486
7050238
1082267
2735531
5103190
3278007
3967493
4319039
4785387
5889688
8672802
9108064
3129800
7886872
7823684
1928079
8271622
2085153
2485909
3878166
8051697
6640528
6440435
5750118
1374125
5177625
8094118
3745343
2239428
2326728
7090938
1320456
5637261
8813026
1921278
7833918
5227385
5913898
9818391
9384777
1566333
9705279
9002881
7496554
6674711
2610466
2328420
8638801
7335936
8128918
7923343
7447244
1894637
6992416
1542803
2060121
3632449
6018990
3385598
4967516
9322514
9646420
7518003
6713964
2958678
8679537
2744739
6130759
2315562
7202288
1977258
5520422
1227518
5783211
7097992
5277228
2679841
3082729
1813498
3330040
6098213
9907528
5750004
9169177
8441775
6768630
1645438
5452385
3354461
8846937
7672552
9564754
9116372
5322063
3098795
3408373
2851876
8462351
9729566
5814794
8506138
7848430
1618450
4012698
9081827
2979262
5876234
7940648
8774616
6155665
2099354
2671174
5293867
6382299
4493915
6956419
2751403
9715573
6788039
4207234
5436279
1695806
4418296
7943654
5743933
6620060
6764600
4357545
7547054
4577824
3063620
1472396
1985344
4005896
4240674
2606889
7924447
2134750
2922588
8329316
1055153
7099709
3640536
8454528
4733444
4755635
3910293
4111565
7039255
8350210
6596356
2723263
5336770
6080641
1985984
9352795
9299010
6242784
8946668
6725066
1887909
7186377
4345576
9558416
3881358
9208609
2334384
6205590
1735462
7843437
3080977
1983523
1084640
7069650
7851079
5351785
2594470
8975157
1084664
2693244
1236517
9943105
5260807
5800030
6373874
8891270
3669719
7308661
7791959
7615742
1981340
2507741
2949566
3234284
7248415
1765530
8434553
4520222
2881614
3811046
2681772
3235281
8970877
5566441
7928856
1099443
7472317
6741895
2608132
4559299
8121431
3586003
5851466
7851348
4898342
8067937
8962235
9017521
9743118
5291832
5288816
4378331
1748636
7937958
4454958
9596654
9861308
5393646
2473077
9355234
8691729
2074269
4094757
8649644
3555829
7979451
3092558
1942596
8470221
1156060
4882642
5780546
5545287
5343062
3236281
2328738
9941235
9183245
4926417
5505894
9143291
4782313
8887616
8205531
6874817
2890409
5764200
6285427
9295123
9650513
4935605
5713681
5118669
8055039
6420230
4743588
5825804
5974940
6778421
8859690
9975178
8663405
6170501
7915414
1222683
2994697
8092071
7456909
4392771
9431909
2108265
8185738
3172273
8983371
7920892
8316833
3684764
1296618
4982560
6013280
9097145
9272518
2764846
2342289
8065046
9523280
2438465
2071388
1825814
6073808
4694018
4382281
5620490
6102654
4157967
5074084
7414376
2498673
2960840
9684537
7207978
8451375
9468085
6990399
3637637
2237346
9577111
7446929
6169284
6531116
8157770
1437015
7765889
9338321
3462675
7021763
4302336
1085779
1391116
5197239
6732968
1431387
5632297
8795012
4668575
2189075
9649382
9711246
1995201
2672657
4955663
2069259
1959484
4328493
9741611
2845994
3821258
1809843
6133830
3987280
2767628
6674612
8792154
1789565
1624192
4690103
4401561
9682445
4692383
8272525
4214682
1632027
6632598
1909954
9116445
6372096
9274270
3820271
7518973
8912825
6223162
9219629
1412401
5415079
6497613
9462564
7329150
3575279
7691029
1267777
9158845
4458626
7066824
6912326
4666116
1609719
2406857
1547643
1313972
3580691
9692295
9513794
7426143
9270571
7022707
3812232
6785555
5684832
1699355
8937111
3877640
3487818
2675752
8784329
7361378
2276016
2706288
7739096
9322274
7401842
8875321
7323920
4773999
6768842
9414347
9129445
3689021
2442215
5075761
5442593
3538072
1983481
3662540
9913334
5918927
5783755
9952083
1141617
3811967
4565385
8180522
9969039
4425467
2130339
9251934
7168106
5273429
1855242
7507899
8337868
5828108
5051160
3560266
1177189
4017810
6350796
7414891
4321623
9963320
3053810
2833162
9149357
3506808
9233889
6171009
9690284
5992798
4543838
6337674
1490690
4739285
6886879
6519647
3448987
7731786
1772329
2341361
1411283
3403903
7639642
9029377
3596997
6333038
3902915
5600733
7803074
7656279
6405677
1889530
6137182
7876072
2685117
7493291
8387108
5444233
9971954
5838652
3188265
4810433
8275722
6464685
8234430
8090440
4319877
2170894
3598207
2119209
9490113
8575604
4230152
6633043
3577028
6049941
6766024
9978494
3805592
7939653
6354285
1543477
7157137
2522766
2168959
5018179
5302058
9888613
1780041
5207102
7089230
2377295
7553201
3571563
1953970
6214992
3541033
5625356
7937887
3304843
4564350
6860749
6732429
4681211
6674318
8453383
1890667
6544652
7462167
8810734
1262460
1371863
6446122
6077470
8210907
1233593
8959613
4353021
8334047
9346959
5359840
8529932
5420505
1619983
5690888
3564752
5393082
8347462
1334599
7237847
8799250
5885802
8792989
8144425
4873395
8561947
7622312
2617037
1436468
6607739
6597366
6360948
3926993
4583590
3519355
7140614
4408880
8103632
9174814
1056200
4509886
9490746
9842734
9833575
9718264
4129041
8180722
5002148
7436358
9604707
2075421
9469403
7927105
2889662
2921568
4736497
4283158
6737575
2177434
5799193
1377346
6373620
4714155
7330179
3018749
5987399
8120550
9618851
9272307
4963879
6137060
2957529
6565933
9139772
9128629
2822786
2815247
3058279
4018226
3215515
9066938
4904444
5394030
2891149
2265745
6338717
3323147
9026649
7174425
5240756
5672936
6405152
6105914
2383116
5537592
1088208
5401506
2898188
6292590
4888999
7390409
5702034
6363860
2523301
3633743
8765032
8829563
6778130
6971649
7782246
2895501
2118889
6470266
1226468
2739070
3808352
8387878
6575129
8107169
7157333
7933986
1805077
6773655
6942614
5615167
8365591
5419682
3179149
3196326
3406540
4849943
6466822
9496213
4130341
7531954
7604319
1532679
1202707
9700100
2153227
2090290
7459490
8212359
5065218
3986026
1198703
9166354
6996617
6890851
3835015
8515303
6018713
4746452
2478494
7088874
8570223
1830070
8597097
5450797
7255472
3475115
4240280
4247782
9459574
5971452
3541299
9511298
5724219
4578491
1697168
2031634
4768224
1501959
6911918
4141732
5387867
2593262
5797106
2723501
4244284
4412973
3642939
1963618
4040346
3186642
2978852
9848933
5113246
1511042
3092693
2849116
4018731
8005463
3741638
2335838
7924585
3489633
3856594
8177927
3584493
8460366
2007924
6948651
9374022
4586020
1725600
6040231
7917863
1834026
2359104
5073875
1410156
7338791
9827145
6126995
5103179
8620546
3089274
6642125
3353624
1830920
7309361
3762357
3392500
4141389
7283562
8255171
5352467
1571817
8594708
7943750
7560745
5084899
4492754
6185234
7263665
3190124
9929291
5233109
3218714
3139394
8129134
2068936
7771086
8222581
5969669
7317057
2797343
6640327
7311989
8280741
8205393
9040172
4330256
5634938
8963646
4765360
8317975
1154266
5990954
3345976
8686479
8483459
6997412
7488544
3738430
3698124
7836245
9009092
8149122
8791538
4149800
1143066
6019599
9076241
1950294
8769981
9575299
3542574
1898380
5144389
3849448
4112945
1262588
3256529
1461445
4085552
7041341
1212710
9543073
1146150
1554976
9251761
5240149
1178370
2977360
9651560
9487757
9374492
3142565
3573583
8020891
3069826
1827205
6495447
3132855
9870321
3586487
8152288
9897431
1706783
8221958
2582303
6072807
1463797
3618062
6793819
4859046
6899227
1919014
3927186
8440925
6470379
8097513
4301688
3252476
2339143
5857251
5478559
3343122
3543558
1350613
5099826
3045800
2816713
6265957
7436379
3851451
1181100
1485606
3264453
5777109
2323672
6468095
1393851
4252295
1685622
2120186
6229679
5470725
3333566
7401195
5098903
4515870
8445101
6717627
6902194
2073110
5014613
2343184
2164201
9184609
2452110
4323611
5916432
2540286
4079306
9936061
1129995
6689390
2354247
2709590
2413837
1942737
6854813
7933052
5225883
3592247
4900469
5430705
6622071
2284766
2402498
4837211
9583096
7623985
7978312
1263811
2945848
8644913
1717643
8627370
7364623
8223737
6437992
4817678
1290930
5517578
2679808
2143755
9228005
3603652
5082365
3985375
3937438
1179634
3969410
5168070
9329848
7215164
5339059
8251076
6950032
5087935
4811486
8554881
1980032
3259578
2874116
9691342
2754102
2882463
9704840
8494022
6486256
6200202
3193843
5895759
6623574
2707725
6281250
9591488
7845555
8892201
8502029
5824925
5958033
7522714
5186100
4964221
8333041
2329098
1333863
1417548
4301348
8791653
4106546
5338157
1540489
1971532
8665188
2208439
4843236
6610083
5552763
6017697
6219799
5250181
8967150
1913976
6242943
6692567
3044119
4584140
5531437
6019130
2833786
3377003
2772607
8743450
7655158
5077445
1633051
9332195
6811335
3342639
1108871
9452372
2524085
1331907
8328104
1688555
9424604
6382308
6628885
8676032
6491993
8032351
3506776
2976494
2005454
9511724
2904705
6135276
8054611
9279125
7461414
6721209
2060025
8828142
6647802
1821110
7015036
6600066
6874312
9411981
5351556
2738638
3732877
1033871
3011416
3888614
7296048
7311580
9033888
3999158
8634975
4473339
2672853
2490020
1318471
6407050
9212487
6695696
5472495
9687439
1838154
9171965
5108402
6947820
1429374
2619081
9322007
5833073
7361722
5313240
7828111
8484172
6858773
9708879
1763914
3712091
3928208
2085308
2640630
2101602
8695587
7554259
1866773
9458072
1413922
4932692
2449145
6133340
5529036
9901256
9323743
1444101
4733745
1117353
1696038
5764311
5477373
4962593
5775633
9418852
4393579
3858049
4064419
4862572
6476310
2741586
6366780
3238290
9938920
8950349
5919554
4090266
1494623
4744458
9191771
7314422
8450899
3602114
8736424
4717266
2438135
2460580
5580434
3793082
2043454
4253205
7847484
2529769
8566618
3126855
2034584
9220591
4542815
2967541
3782101
7897214
9752838
6900280
5413110
4678929
5734862
9761417
3125438
6468792
2243582
5240916
8388232
9874181
7354501
3772149
3405747
4675853
7571713
1616721
9657146
9717403
4232094
3847827
1642081
3462967
1141015
7321794
6960011
8329614
6471640
8432764
4343401
9478910
6164228
3298130
4369165
3322368
7726994
4810623
1198684
6323635
7592466
8547333
2837282
8781249
1519502
4338982
1747328
3642224
9890507
9585788
8074816
9351815
5070191
1454325
5625737
2626970
1397052
6534575
5058158
4887989
1773882
2181164
7234528
6710305
2832116
8489266
5279748
9114837
6728792
8661954
8246687
4028157
3841474
7524786
7300206
4805215
3577874
6293609
1653971
1991024
9923705
4931127
7131561
7864498
3752595
7098447
9653176
7378312
6379567
4780066
2738436
5079256
2318378
8657304
9776128
4450203
1076984
2546605
4745248
6356868
3428740
1063270
7071052
2185738
8693168
2716335
3478384
6841812
2463285
6920979
1593776
6854272
8881390
3531543
3844089
6836240
4809008
9119411
7056051
7775474
9808209
4652078
7644818
3030955
2187786
6368853
9434188
1175903
5114743
9726039
9519397
9095679
5113275
6709440
8154726
6299727
7509632
6596048
9339116
4144979
5440092
6550072
2378908
3919509
5291983
8926768
5823028
5518486
9262185
7127672
2109437
3080527
8816776
2505833
1640476
9259170
1494847
2468982
8514824
6247266
5488723
5317637
9032215
3524284
4212063
8186468
5272241
5153216
9838615
6247721
2416549
7579408
8233513
5047787
2672794
4467875
3180607
3564246
3813533
7616182
7126561
8047279
2515610
2161617
1538104
3490085
7762342
5233394
1131117
5084304
5533817
3994200
6077040
9752713
5030905
4710893
9054613
9838437
1439089
7607760
8303320
8025806
8215072
9511487
2159425
8674560
9271918
9106526
6693731
3780253
5970042
4690086
6891006
9082798
4541902
2799789
6701508
1236151
9927028
3705421
2713273
7646518
7649890
8271284
5155507
1865207
3211344
1465864
8645441
6815447
2033259
9046517
6564968
3515219
9809825
7531412
2159113
9102028
7929821
8773689
4748382
6198681
5665485
8534809
2923747
4509193
2692190
1994774
7141201
2011060
2606665
7322089
5207173
4420540
9092871
5606891
3584960
6474341
6418464
7375424
2585159
2528014
8223201
7203616
7877931
1440652
1745900
7970307
4546211
2596194
8021097
1438057
3578581
4478622
9067355
3790787
6443188
5968018
1745037
7109697
2637378
4945838
3641643
4518393
7167735
5519991
8655596
5564721
2217658
5056166
9771821
1103753
2977420
2864223
6117018
2768776
4233988
1972876
7585605
6346625
7560500
5140630
8231257
5005409
3888107
3217984
4829991
4368472
1181972
8266464
8031135
2916642
3831804
5629818
5637724
5014577
9591153
5217274
8376918
5569017
4199173
5121934
3974523
3796439
7965426
7198878
8669015
5214623
6386583
3370089
4238063
7803777
3117537
6045309
5570222
8017686
9867781
1532946
1841143
9720909
8329513
4388356
5789977
7095597
2861602
5009004
9467360
4887942
4415640
5708314
4026824
1909496
6071110
6946992
9514637
6235935
6319710
4714462
8791134
6948314
7111370
8114357
6387823
8150006
7881484
7077226
5993454
6977532
2786374
2048170
5862733
8961236
2200470
6622484
8667710
4150613
5583897
2970584
5355389
8954282
9765329
5139178
4462535
6340770
3900129
3842978
2468200
7229203
2171829
3514099
6319858
6849388
8830398
9350405
6803913
2667478
6050139
7527602
7183196
1014343
3962387
5595546
2480622
4214115
1403711
2582756
4326930
2648526
3682181
9747857
2036213
5371219
7581054
1571006
6786709
5214314
1978873
9715126
3809168
1583849
1184857
9079025
2573527
8870282
9505305
3819502
1231553
2909141
6979504
9833576
5166268
6659434
1342160
5036280
9595742
9393837
3998856
5084038
1197657
9554766
6101897
9109421
1528077
8100211
6190533
9723179
8245816
9852101
8716723
3875457
8288265
1832788
7451567
6969005
1830546
2670248
1279679
1546626
3033499
8133989
3971505
7136481
2895762
3380953
4975200
7948118
4740576
1700006
6604245
9491601
6307544
6244551
9531273
2787007
7495177
7426944
3298121
3236548
7545075
3321958
4586098
8461207
8753366
1678216
1378460
6383611
1914341
7344633
9521235
4088150
8126618
6540795
9933952
2361903
2734691
9489546
2514087
5148489
3773498
8990850
1361674
8089750
7802322
5160237
4727722
3171226
2710509
3536621
2750445
1616798
5354507
5036355
3709531
7592780
5587836
4118713
1133954
6966446
1117463
9573106
2998714
4565502
4504579
5944012
6720003
3752681
7936242
2444015
9578890
5213605
2594670
8972213
3565131
7113387
2029131
5627702
3725968
4311379
3557500
1435054
8787031
1697868
3231554
1236557
8469585
8849524
1623103
8164828
8762311
4953882
8297833
3961351
9556695
9128525
5604826
1150027
7758109
8472737
2960579
9756669
2858733
5957374
1043585
2649716
7917372
2093092
9277384
2900628
6153374
9183167
9246844
8637240
7132201
4850914
1316574
9751163
6857657
8772451
2136483
6950371
5829006
6664852
2797793
3736299
2376079
5819289
7745314
2422764
6943217
8082091
5370011
6331367
2914355
5200616
4014391
5211057
3581313
1699604
6115212
4782075
2165368
3195056
5424943
9521853
8506569
7680629
7797731
8672703
5296567
6750189
7774188
7850436
7535610
8622575
7084354
2183891
8183430
8865589
6987297
7264099
4818469
7115419
5011645
3205026
7652417
6016438
9687443
8106082
7441022
4418191
6416155
2892193
5618884
3511611
9595673
6584051
3045210
3950744
8763219
7890382
8718381
3931878
6657693
1413362
6627761
1762623
9081424
1891315
1242207
6211380
3486105
5989284
3985436
9113542
7262061
8401698
6180666
6971582
6331482
2975226
9895895
6853226
1883321
2291192
6865891
4550068
6966464
9805133
4971904
3996896
5790196
8442780
7566978
1588705
8349883
2364833
1641813
9625753
5386767
3313534
9998526
2738540
9718927
8813412
6288506
2529535
8559472
1575642
7720386
3170963
1934608
4488301
7642416
5633720
2329195
5454132
4301307
3941039
7976870
8822399
5376286
9401376
1404681
9661276
3604888
4887924
8520906
4974981
4944588
6637072
6533764
9529833
6705032
3562031
5847751
7732885
2293218
2414811
7096008
5348735
6899711
5200072
8824121
7900847
1858285
8596237
1969268
9182731
9949232
4531648
9898641
8961149
8214362
7122540
8827222
9329667
1161235
7697265
9957454
5432210
3209913
2984441
9719666
9873704
6182944
8500050
5754413
4440634
1685485
9633979
2953221
3202322
4739762
2049753
5422709
9825075
8634174
7504024
3548847
2319909
6852794
5020162
8288891
9699351
1435161
4942368
7470980
9053144
2769134
8304458
5096381
8492031
3386983
3611358
7883566
1562219
5682986
2884172
8213343
9077413
4332234
6129421
7405279
2633506
6176998
5304819
2984049
7084068
9144542
4018524
8513364
9403135
4210611
4836992
5211566
1726585
6260026
3331882
8215892
1209867
8955197
9117508
5242360
4932036
7175406
4035850
4348848
8610829
1788297
8684769
5628831
3710983
4210437
1930560
3147458
9705104
9953398
9708876
7780889
4383461
4271938
4899266
2191216
4350626
6627581
8604750
6575624
9525220
6820836
1753784
8847399
1159695
2866163
2196734
4199289
6446699
1647971
4748284
5422178
4976745
9512324
2996040
2328225
4944196
1610290
2169114
8705570
7539715
2844343
6481128
6087264
9322266
9200957
2019600
3373556
3294832
3571374
5603759
5697663
2311292
7272106
2299599
7730865
3448521
6914788
3649661
2012915
2599384
5738266
9150071
7761527
2215268
2053551
9936900
8059225
3831296
2119782
3955422
1265394
3810141
6426813
1958987
6494074
8171112
9245796
4295242
8565271
2856720
2918872
7831464
7030726
1716645
5458145
4579186
7165605
6823068
5451236
9817284
5954586
8002415
7958629
7600896
7607652
9630945
6381853
6215323
5338556
5331615
8685876
4602897
9231143
6863490
8026844
3219961
5349147
1840689
5537354
9704562
9312331
9822692
3642512
4053757
6692753
9219203
1904667
7871205
3056439
4862124
1667207
9929113
2069667
9738004
4720794
2066394
3636764
1806725
7002852
8594063
8468285
7668229
1452209
1623606
8769141
2000663
5404776
8819765
8623991
5223323
8893059
5064526
7626245
4026832
5928043
1087857
1631701
4930874
3294319
1497388
8310557
1888799
9755937
1457918
1539904
8474155
5350413
8425097
8552276
4078515
4540951
9909797
4477967
5333398
3180528
9883985
5915023
7718463
2822004
3748228
6498115
6035016
3447716
1787746
2567545
8304185
6334715
1640330
3169156
9223278
5044014
9162444
9348681
8265366
8677445
3465080
2183335
4984664
5995153
5143761
5935424
3664272
3784777
7001953
6414312
5966262
6742981
2048038
1404522
7361823
8910934
6468714
7886385
5997918
8368960
5878832
8540826
3198403
3696778
8729683
1260163
2693231
1837896
4145328
4583608
4146953
8514826
7186378
4011263
5324794
2062903
1063892
9254847
9034960
4744006
7687484
5910025
7452869
2435386
4813049
8836763
7442784
8658986
6585847
8588671
7235627
1977278
1716125
3871249
2149645
1015734
3817847
4014813
3616131
9383365
8139622
7941119
1480954
2424415
3882692
2477725
3099774
5727683
1644901
4045118
8337306
5019645
1575987
1949891
1944783
8902513
4766166
4284136
6133706
4980040
5741649
8696954
8606927
6580085
8053895
5287222
9821394
6279075
1997920
5675456
7382180
2333885
5369543
7296637
2569610
4661721
5443211
5864845
6512490
3111106
4989093
1552616
4223711
3031904
6036121
7701844
5294379
7080710
7124533
4931200
9788492
6911832
2372790
3761985
8955623
5711575
6781834
2439590
7855265
7357259
7052209
3618489
8655629
4105100
3020669
6593941
4685503
7725420
8999672
6219871
5532543
6286468
8032932
8500642
5907930
6015258
2422493
4184715
4229330
9747820
5380955
9585661
7954549
9884828
4989140
1206290
8828747
2203447
4269694
1630896
4822889
6356323
3406578
6996547
7017634
7198309
4767148
1616924
8563229
6591501
6800047
1572454
2238338
9577663
8354437
6013568
7816910
6241822
1555236
8457212
8242375
6722774
1088364
7291892
9029577
4249805
2223363
5714686
4726985
5922502
8760039
7617708
7778400
8731592
4826545
3642664
9563709
3626489
7261286
1594856
3961198
6563220
8820534
4633590
9633572
9809389
8736598
4487169
2492768
9377362
6315580
4065550
4073081
7046414
2811959
5715467
3899852
4285575
2291432
4024196
3242496
8035911
4711969
3456366
6033268
9389079
9128920
7778785
3767048
7820615
5720775
3069795
3200389
4285515
5872676
9966751
7404074
3340224
2673976
5821877
2191956
1585420
1810142
6289323
9410056
6747106
3882139
5466881
7314528
8296997
3572372
3310881
5450705
3730980
2871152
7242101
5460885
3395652
2469259
1485587
3754233
3405051
2958547
4594580
3318405
2287800
1291523
8386114
4309507
5890401
1907834
5323055
7625454
7616052
4472951
4269218
8201977
3557583
3658163
2932141
7683320
1263946
3624155
3280026
3275823
9414402
8353897
9421316
6703158
1384113
3598302
2144961
1275845
1244537
7499806
9826813
7309858
8186496
9056296
5737826
3214628
1976756
8553968
8230003
3348514
4246639
8194586
8029048
7519933
6702006
8770901
6382996
3410823
4384604
6325266
1327602
6703887
8055044
9962976
6068254
8127179
7311491
3775526
1323056
9262432
8952996
9215228
3003490
9052240
6686917
5277350
2150531
1210496
9589342
1892589
1665541
4743845
4199010
5975580
9582448
7801611
5300734
7439956
7809657
9614274
3724030
5720204
5736813
6521957
8051343
4508265
9332040
5244872
3295775
8674742
8856034
1539581
4630880
2491072
1169033
6919363
1587948
2095185
6926442
7168140
8814659
7637895
7753896
4538410
5677359
5326992
5283727
4080469
6339401
2034179
4200930
1089755
1075796
4887646
6953872
9477988
8784198
3784280
7791685
5184097
3486695
1875171
3385117
1362961
5854291
6586304
3844852
2146800
2772569
8047870
1055513
6100156
9982598
9768144
9131937
4249508
4589116
9512906
8400791
2134736
8244347
7017144
9038673
2541575
4000514
2246043
2070366
5439681
3858830
3462785
1526299
5541706
6745089
8032640
1050021
5260432
9272158
7598414
8816872
2396809
2409713
5492096
9585110
4261379
2242444
1141725
7079220
8974921
7052843
7311263
3331854
9683567
3224441
7692357
2748427
8209083
7012012
5136599
6770395
4294128
6483083
3125944
8191372
1935224
4290895
4087201
2082620
2406701
8291687
3230720
5233769
3879044
1043862
6590764
9259941
8122902
4826104
4641027
4910565
6981517
3621794
6812834
8175032
1019367
6350054
4137216
3593300
8822058
6169333
6490855
2647819
7944549
6501984
1149136
1777565
8871070
5127031
9183579
6206184
1559773
7790098
6717416
4568443
8350612
6445038
3870549
3239496
1536105
4224046
5004180
8536503
3350498
9892611
9254887
4261847
2654572
8914791
8780091
4393199
7691912
2554755
6357406
7406515
9015123
6248625
6273375
6310162
5246000
2530011
8562625
7320364
5177107
6110850
6033755
2341153
6155565
6411931
1313295
2249285
8220975
1081172
3348133
2351664
2839357
1182516
4664067
8494577
5306482
7887200
9486283
4236386
9425801
6255737
7898769
1816278
1718318
5756963
5609143
6361839
9746850
2185633
3296424
8057165
7544517
1504412
6714925
7927905
7078339
3204611
8501039
4907679
9575262
8390923
6281482
4160210
2218707
2755160
7664777
4360073
6609132
7743348
9188996
6565423
2129377
8847355
2698323
5715256
3397612
9568922
2199022
5891640
1432552
1940460
8314531
3491854
5052069
2271747
8443698
1490237
8269322
7028488
1811208
6257626
5742503
5991098
1159574
1494625
1440279
8435090
8227598
5198371
8548750
9938439
8258106
1575579
2232453
7698797
7184569
1768030
4134591
5256249
3528086
5995376
3534582
5780127
7953734
3855667
8129895
6934108
1828542
9892154
6049783
6631504
8698159
8153851
5968193
2456003
9511135
2553315
6698045
1901704
3354277
9886148
7528142
7242942
2799489
2183849
4352359
9329395
7783701
7139403
7194971
5020324
5207556
3851420
7668609
5874400
8151782
7985216
3585728
6105547
3434149
1025883
3141757
5403517
9959479
4273157
2182110
6028682
4123512
8884378
8451321
8306397
4317219
9651055
8769118
6070589
3594029
3277727
4747517
1203186
9222206
3054659
8924534
6137536
3508108
3676032
3035644
1234578
9746390
9995705
3831268
2908082
8904314
7386405
7326352
1687029
4604980
8463868
9548658
4662068
5266740
8753612
8144767
5150964
7417307
3588328
3958322
9801703
1647057
9436479
3357754
3958540
9976005
2144714
4516674
2802737
1517378
3455839
7197914
7084825
9934571
5919779
3895815
5024184
3468051
8989405
1206884
6459291
3808571
8783781
6563506
8100196
3027177
1807739
8504836
4391091
2583649
9759219
8936768
6614753
5279363
7448526
6304018
2076326
6902336
7292197
8746227
9498138
9277946
2395519
5811537
1845848
2739128
1504769
5361436
4775551
2472643
2923525
3655149
2840210
8299295
4393603
8634578
9904831
6329001
3356459
1631226
2801085
4138826
1187925
2345338
4796878
5828629
1399440
6138362
7015844
1698051
7295127
5542207
6662176
7033160
7502370
3901205
5734389
8766289
7459224
9536344
5519083
5299933
2827809
6460639
7938944
5966069
6524442
6340166
3234729
2581641
4433378
4886807
5694518
2406057
7309521
8830356
9980883
7441501
7039689
7971556
2305642
5729953
1835300
2108568
4334758
7773568
6173517
4091672
1491411
5806987
1406890
1615214
1323873
6309558
8585207
8146543
8460872
1836176
5300782
2007873
3890437
4498718
4573858
6844174
4258946
7514578
1800044
1074308
9926611
9377965
3108540
2834629
8585757
5920494
2944145
7236722
5749649
7669173
8370947
8348559
4307862
9958201
3708221
1110419
2128901
9165411
7326793
7086799
3718669
8783813
5415492
5617848
2660791
9510202
8240944
4481619
2344645
2367066
4373928
7419324
1777843
6569882
1970414
6467090
5572127
1423743
8256928
9264194
6772420
4573373
1511754
1806767
9879138
4842672
4538389
5106683
8665402
9738102
2586652
9659125
1436469
2128743
2751519
1896031
3549412
9927858
8615376
1337626
4736610
8485141
2578059
5413936
2249110
8495608
7887267
7790014
2521493
1356711
5182679
9290428
3285540
2994474
6299044
5526443
7977243
6028547
8349172
7917466
4729125
4325252
6996404
1215444
5925411
2448650
5117251
4280745
1139376
4573082
5902854
3398423
3560447
1951510
9356952
4919894
6353441
1923227
5858143
7838525
1618468
3320954
2829754
4391572
4615253
2204306
9268054
9238455
9864229
8416583
7071008
5113827
7929833
7931425
6450517
7186400
2921467
3732547
4895861
2177419
7419646
8288837
5554453
9140287
4073407
8746545
4327124
9946016
2609080
9035287
6709221
9444547
5797678
6528589
9076043
2608765
9611258
9199943
5272932
8180935
8190628
5409039
5731612
6307851
7143530
5480352
8327618
7872461
9507233
7395045
5226551
4923129
3266035
3848585
9520643
1657733
9072966
5181498
6593665
6369154
7656318
9258624
7300091
6666373
5553496
7685876
4165904
5098924
3964407
7384286
9786834
8376271
5571644
7627887
4651244
4890309
6958286
5472343
6764352
2016272
5663289
1468164
4714255
3653734
4351218
6782009
1902098
9331996
1206905
1660742
4988581
4153265
5484119
8090153
2333347
4713781
1184839
3350401
6968077
9928213
8628145
4517995
1560931
8868355
1811857
8669436
9316181
5039238
9306422
1123033
5403475
9414427
2190951
2203061
7540417
3299079
8676576
8048680
1183174
1396090
9900922
3122409
4236868
2520993
3517800
4078696
5927586
2489161
7962141
2340170
8956548
8478955
8994315
5037442
1031324
8661912
8324039
1604489
6665306
9617346
6188425
3430969
3743551
2375908
8977167
4431052
6167631
1029839
4114848
8112172
1247717
9811219
8285870
6840758
2511648
4139718
2734741
9286416
6244667
2107828
6311168
9871011
9558075
1113699
9140010
4964151
9764737
4393153
9516610
3965866
3505855
5438444
7034152
1693837
6930183
8252638
8147157
9236443
8994431
7414195
5509207
9025623
2042929
7007065
3997241
1776129
5047871
3162003
8288321
1520756
7364020
9165161
8369938
5294943
2484277
5870960
1279730
2311070
5488598
8767922
2571430
7063220
1538505
1808249
9090362
4117031
4632497
9333053
8395677
6937720
1087572
5862631
5815848
1721534
2574639
1646017
5268607
6835678
4014244
1476733
8578128
4431529
2662159
3303071
4595193
4632274
8299574
3032583
3484806
8982218
1225310
9247519
4575768
7039930
6799034
8499613
3994593
7125597
5008319
7611573
4787787
7282423
8217299
8782559
8835704
2862069
2550627
3022336
5250148
9296162
6541844
3167480
3828391
9378500
7602769
3170439
7192919
5606545
9457347
8559260
4862859
7299985
1527263
1502012
4593658
7518929
7356504
7518475
8375361
7932033
6525686
8150010
6803651
2179307
1166335
3799054
3826155
8991696
8675473
4648777
7973965
2457633
2429201
3148855
1145386
8713175
1803070
5068438
7631122
2153071
2735455
3528483
7135332
7444038
8750619
2209341
2058737
8925196
7362599
1271544
9704127
1774760
8003865
6863937
6722025
5447976
8243740
5809321
2447139
2635875
1789692
5929104
2387868
3622702
3069473
5624559
1984956
2314743
5190617
8120641
3976653
3201409
5878350
3407951
5740470
8870716
5044311
4843927
6139169
9750016
2357481
2491992
5075454
4412454
8543406
8541245
8378593
7524035
5072494
3332195
9423751
8734786
7660394
8436297
6290678
8175901
2472328
6207059
2229826
2056568
9436392
3546235
1797931
7029530
9802068
9200596
1654500
5003784
4763350
3556348
6391343
2655424
6992228
4664990
2206243
1772687
6577591
6129057
9197584
5508751
6680058
1691377
7026873
2637569
5001757
6407464
9819647
1054019
5155080
2728152
9709727
6010478
8314797
5876280
8957138
4506382
3554870
5203048
4352723
8611326
5113694
6591586
1418365
4036768
4876956
6145855
8043026
4307383
9911033
5154723
7016472
5396257
2666434
8297479
3917469
8202676
3663386
6262689
7970204
5283827
3965031
8391026
5553336
8548908
6536172
9469292
4386533
7226290
8258999
8923133
7972454
3454003
1319537
4020348
6268272
1778293
2459987
9712623
1941166
6149745
7748856
2382455
2380190
4161612
3838733
5090840
8645401
3589550
4630244
4340585
6635119
3976193
2836456
5998740
9342768
5217544
4309995
5806347
7205192
1597145
2259035
5610824
5164930
7332025
6891348
8688830
3935149
1015890
7000015
8458401
4870364
2847187
6876535
9604047
8464902
9706276
9406876
6788826
2126350
2254533
6157761
5755891
6159646
7387586
7060559
1556916
1321900
6087573
9609517
6667273
9016095
6853144
9800423
3013628
7050954
8239973
2998091
6063324
3985494
5256396
7602003
1536394
2002751
7412080
1699516
2697952
4020341
9017278
8580405
3359294
6191522
5474571
3653107
2310258
5801611
6790793
5326561
7985539
3538064
7165862
3938165
2086363
7380109
1504962
3012702
4778126
3414563
8403978
6423833
1613387
9287505
5209718
3247971
7211998
6032955
7530267
4498889
2306079
3490765
1183789
8759131
1945723
6697209
5624213
8273407
3623196
4420060
4511147
6890209
4590520
8619326
6997329
1477256
4058355
1470328
7714475
7775748
9010546
8033136
2041214
3628548
3671613
2545472
4239140
6473284
6349328
7913461
4472937
9546851
9746239
6023667
3660102
6157586
5887683
3641718
3013111
1753768
5381605
2938035
5870075
3997075
2291525
2223517
3259816
4637354
5769223
9034115
4590568
2923421
8450779
3598358
1936340
8876942
8348328
7708169
4975403
2070520
6106709
2518161
5264367
6889165
5640436
3304268
7935068
1441567
8676618
5842174
8927750
8952244
4613247
3033910
6712398
1949628
4027807
8351759
2485760
9958238
2381002
8404690
1376780
4911982
2452606
4551609
9158495
2955132
9922879
4829518
6803678
2791686
8197409
1557682
1487615
5503757
9647986
1277754
7866179
2380228
7556038
8200436
4299092
8042853
6791391
5639559
8226487
7330975
2436665
7268344
9358125
3092394
8341424
2787721
9174508
7276858
2413839
6281276
5307829
6086161
4708086
8672437
9390418
5241519
4261223
6390205
9346094
6708069
9561645
4501091
5969168
4993928
6606057
9430781
3541749
1040000
4865274
3446282
7519552
7709896
9317821
4518659
1875472
5894766
8342732
7459931
6972421
9078082
9201795
5739048
5688083
9005761
8928481
4854170
7187385
9252252
7182165
3977552
3811738
2828697
8062441
5888598
1652204
7406952
6893052
5953663
8454601
8056323
6091432
2726044
2713315
4722880
3733954
1662998
6225557
9503030
9277887
7136493
9114580
8319114
1907187
9732749
1043460
7953621
6115253
2976266
9576615
4101043
6513503
7827705
7116144
2082219
4162866
5176810
1281974
5638006
6436630
2934469
7150788
2227374
4065342
7537216
5342989
7276244
5411306
2435514
2449532
7468350
2255942
1930167
1606378
3764187
5559152
4905401
7295081
2979620
1475159
8637239
9937725
1745761
7169279
9439804
1642922
5580949
6102112
5482783
1427753
7320776
3866222
3117211
7079604
3886831
4135476
5950602
9027521
4773689
4799514
6709123
1509067
4982072
3042501
3803916
4068299
1383595
6898717
7919934
6189574
9278500
2264490
7260404
1587200
2052186
7924888
4238447
8111246
6044877
3541145
1951242
8422089
2063058
1804009
3351444
9467998
5831226
3909101
7571471
1271427
8397923
4498549
7148484
2595588
6956826
3236512
1165889
8749691
1951851
3394335
8820529
6343454
2117768
5363986
6964822
1056626
4004626
7681166
9729317
1840286
1112006
7168768
4933565
5473434
8398215
4788075
9246854
2499270
8971780
7658445
8316579
2802455
2657349
8205599
8641811
1213932
4121752
5824828
7711273
8679487
8475154
4660697
9896934
9609911
2878468
8796082
5758128
4972570
2269308
9847814
2725873
6187871
9412852
3546872
4490703
2896929
6928988
5185431
2822979
9448816
4152191
3669943
7873048
1167490
4594388
8748478
8532418
3574983
8031524
7302651
9443417
2314394
9425042
3981296
8525808
9066131
7892684
4243504
8406038
2156793
4192205
3723875
2410217
9045141
7978700
5974247
2789649
6582753
6893700
9923089
3882976
5278624
1764897
8334929
5515524
8001479
7266436
7503347
3267943
6464281
8338547
2650754
9361316
9491792
1552800
9454535
2541605
1101367
6532180
7729263
4341725
9532053
5005816
1675594
4551711
8867395
6751232
6529008
4193818
8287263
8406133
7968318
4526193
9301529
7842205
2403454
9507067
6325674
7823048
7866277
4783892
6485029
4848122
8878581
4359070
6781990
3411952
7988867
5682584
6478374
4512017
7461523
9317272
2379057
6535794
2115103
6428968
1179182
1811462
1482423
1665211
6096285
3470625
7176002
1737611
8042592
2945895
6273890
2923728
5362288
7051989
9174518
2723102
2195312
4033003
1875065
9726300
9145182
3977845
4659847
8500956
9175462
4961653
5807168
9447836
5366289
8600175
7440005
4975000
9680986
2291793
7054879
9605770
3678497
1350716
6819776
5214208
9464569
4498995
7216737
7997463
8149532
4357983
3648906
7134809
3685118
8618364
1341680
4474993
9118590
7589796
8145144
1799111
1652857
8776438
7397530
2194108
9447353
4392099
7708385
8142083
3830155
4491029
6510542
9748890
6809071
8196667
1522972
6719140
3743336
9432373
4117855
2399077
9607666
3726681
1204230
2264345
4531219
1306016
4065919
4136497
1693834
4277745
9390649
6562667
2317924
5220231
7846469
5123021
1014830
7620545
4372822
8940733
3474373
7188870
1496039
5653632
1068937
2477458
1455100
5254605
3374704
3822562
2319424
9137613
1216118
9219448
2444237
8953266
4642802
6503627
7760651
6999409
9175428
1542287
3805487
3583133
6029163
7259356
7633317
7057698
9856243
8118206
4102664
1247450
4992075
3130648
1332302
2765455
9363381
1638965
3764609
3180750
8962006
1197229
4333160
8301668
3879981
8806192
7393796
2581048
8001313
8095090
2211190
9170436
1893042
2617331
8949758
2315761
6217298
8664041
6212638
3587407
9497357
3076557
2181661
6034467
9744255
1517735
2850716
4616246
3632023
8408017
5702331
3138846
8060809
5782075
9900797
1374874
2859828
4481103
4166271
9421858
8928455
9086373
9239679
4796760
5957200
3391433
3525116
7561500
3422947
2994516
3515817
7765822
2460643
7157366
1651981
1676366
9510960
8602774
6841082
4799824
1666669
8698960
2268711
7434252
2891564
9567325
7614252
1693761
1439737
8191633
3943962
5561658
8632448
6926525
8219829
2873400
9853532
3801268
1747600
3831758
3278012
3878699
3505731
2676748
2887540
5418746
1042506
3234067
3535710
6890239
4757373
3173064
7287211
5155489
3792551
4560420
7456906
5329010
2090758
6423079
8720498
4553902
2135135
7884652
3765008
7311776
4991675
1511256
2276616
7667812
7959937
4220972
5637802
4979399
8342001
6767546
2200883
4992842
9563003
5426613
6836733
5539782
2174138
4208289
2673476
3429008
8159209
4534741
6230174
9221022
1275535
4758677
4780619
9741536
6618430
8806763
6370804
2637988
1136827
8297483
7734077
9130021
1359546
2225632
3838540
5743752
6493069
6705301
2400461
4157362
2367607
9318273
8785551
9861764
3857055
4910061
1466252
2591860
4585696
5469442
6871238
1412233
5979261
3274068
7159884
5369075
5987442
9904773
7306396
5218308
3898085
5734423
1988898
9842895
3852411
5459026
1058591
4376539
2168136
1737166
9181861
7130436
1671518
4880862
2721470
6674991
8569926
6736473
7377772
5948392
4601421
8297350
3593036
5253530
7643765
2997923
5650836
7338090
3405837
9493906
4745083
8562928
1972571
4412961
4510776
8423570
5014901
9531252
5227618
2930175
4068463
3222289
1899702
6376773
2037678
3378248
8781495
9913296
8910107
3396093
1881904
5298368
1555636
6412564
3975701
3379685
7482236
1806711
3343816
7593370
8593747
9152135
5234423
6246139
6503776
4199324
1800994
2684036
6000234
4387707
4362042
4814727
6980870
2955475
2975525
2312714
8465131
5515636
2042206
4313211
1633569
3547789
5840762
3300944
1508952
7482144
2111685
9594943
6141461
1037316
3428747
6417367
7071431
1496982
2949874
6323962
2195064
5967486
3903812
4970871
1289375
3855321
7576203
1471240
2330130
4285256
6807253
1031653
6298008
1241748
4932952
1996162
2363036
6596476
2323630
2183788
9910398
5450654
3689089
2195068
9708228
5653182
8126146
6688437
3093230
2537909
9131090
9669376
9466471
8503224
2630404
1484225
6474391
6986948
8269626
2849685
3918614
3134947
5367403
9711722
4130682
3082206
6670215
2531900
8564945
2766208
1359537
5300136
6537002
8630594
4751019
5516846
7937806
3330264
9191760
4582536
1893964
7717015
9727802
6522977
3785394
2374465
1504451
6962804
4953240
9853103
9671913
2887170
5209878
3879833
3082315
2566767
8249109
4803205
6066832
9571898
4734723
6945034
7766055
7569943
7215712
5980288
9297960
1849323
2126198
7753671
7187610
5081572
5989605
9503792
8127950
9739250
1625564
6542411
8360552
3444005
1885348
9319758
3258173
6218788
4643286
7560670
7995864
3245959
6742637
4696381
3261655
5951186
3950454
5305105
7148979
3834383
1160676
7049421
7598877
8441671
8720832
1088830
3071939
5376156
1692285
2932916
9742577
4150150
2469097
7586123
8533461
8004520
6058624
8338901
4038427
7470478
3557979
5986021
5057591
2776710
6923078
4677627
6529729
4909208
6471343
8825351
7683897
7610786
5609209
4915804
7828972
3291029
1058672
7179698
1392048
1944198
6228631
2925015
6738377
8140658
7018590
4249652
9412718
8125137
3566320
7323256
2299301
7588309
9566120
9621859
7917323
7727295
9996003
9876273
6725488
3393566
6802672
7909537
3748511
8728230
8589476
3371552
1416187
5772265
4875467
2052311
7312388
7720116
2137849
8485070
8398073
9439753
4517694
8308283
3424600
3388852
5780855
1804843
1605249
1462348
8182657
9369996
8327864
7174408
8104713
7136341
4773769
8802939
7805567
4939602
4336838
2396269
9019561
7747663
5616236
3786072
9877012
6465504
9794596
5743676
3560549
6102028
7791973
1025247
8150925
7051668
7863094
9450341
3784667
5988387
2931921
5390727
5289899
2231891
8283108
5759603
3979260
5040857
3695729
3394624
2273248
1087887
5258772
2154316
4421900
7275421
4508965
9461557
8081551
9446851
9096435
7128368
5036256
4542404
6593713
8244041
1617359
3020658
7828077
4789687
1032606
8326931
5862843
6485467
1858601
2181421
6149744
2550677
2056256
8266483
4329738
5196675
3035733
4384780
1088813
2606999
2420048
7151612
9543368
5246356
2355009
7777649
3422678
1764133
3126253
1975916
5592705
7078938
2267209
2132106
9332641
4123008
1405957
3057711
7950945
2402139
1118335
4119246
2952642
5057346
7720088
2977558
3972730
9486552
1432932
4561596
1514612
7334498
1367163
6722337
7536635
9551242
9102892
4430433
7378545
7437743
9381585
6429688
9899833
8147239
2928638
6933456
8033973
6826258
1112467
5374699
2306921
1396828
1271793
7421673
7653822
1986446
3498569
6066807
7716515
8774354
3577808
2763348
8401998
4327233
8822223
6272513
9803616
1429418
6122326
5537285
8058727
1851042
8463441
3894618
2947965
6813187
1330162
4500023
4296909
2819715
8396238
8397883
1188918
9354097
3370948
1571123
9297672
1667789
2281879
8017224
6286315
9934341
7209949
4938632
8645342
2660936
9608913
9999375
9125853
5581385
3708867
3310673
8488028
1278866
2797999
5087367
2538545
9032194
5664234
8396660
1652110
2531045
2126328
9426387
5368107
8495086
8671739
2381087
8469890
7703187
1143110
9414398
8057908
2291973
1502736
7099403
4381577
3343243
9689540
2042623
4949141
1525306
7341685
8396987
3213942
1739283
8998127
5119220
8199353
2341625
4131945
2060091
3783132
8868109
2711574
7373864
1462894
1252840
4568858
2917155
3106323
7416948
5567642
7759886
7478884
2310183
4911852
3323282
3440499
3688094
5719726
8698565
3223762
7721650
4764341
7636374
2967033
5401303
3820564
2751865
6517947
9923251
9500351
2777306
1172239
4828716
2553132
9114402
7147890
2590822
8332656
2680925
4816964
5898582
9869611
5282973
5361983
3911989
5593041
6093311
9410708
7770961
3756309
8909317
4065316
6806013
6055796
6136482
8088599
1243561
6201179
2960853
9478557
6465740
9488309
8938221
4763007
4058493
9126741
3130602
9798369
7458786
1014845
7710916
4488086
5060223
5540617
5043077
9455136
9938416
9313211
9135569
1930243
4897458
9985252
5889030
6531396
6346027
4844542
7813059
2531434
7337213
5073457
6751858
2559865
1676753
2960120
3430769
6269647
5357718
4857260
3192008
7271058
5678396
2739181
9479744
5112025
9417308
9066431
5108574
7085920
2311045
8235662
8164093
6223701
4646500
6781842
3701639
2873807
6494223
8690573
4873615
8000862
5910318
6858737
8741070
4946237
9011334
7984032
4037049
8008996
4108003
6197387
5380091
5555130
1089570
7019387
2609492
9498856
5897113
9046702
9762638
7045321
4867427
1584985
6144343
2523453
5835467
1294797
9862784
9463005
5351380
9159412
4272337
7806792
8787938
3987642
2072646
5693980
4689545
9630280
1997291
5475905
7137073
9693995
7884239
5125279
4450274
2129299
6309864
5648112
4013618
6156344
6177539
4215599
7264840
4330007
5125861
7672303
3201228
4527451
8505092
2922569
3563821
3910294
1873691
1332462
4772110
8076974
8673006
4021147
5474958
9978133
1002266
1084586
2582834
1810416
6721367
1324036
8314674
6450329
5793038
4328500
8711965
4379520
9463761
9798871
7979753
1306028
6934779
5689776
6078811
3147871
3840550
2542296
3165711
1355608
8415746
5631250
9676837
3910258
6544344
1870780
7428680
4325610
4491036
7257954
6693660
7822974
7527016
3422061
9165699
1542576
4340571
7741241
8585356
5154474
2100685
1809348
2261242
2101883
7939437
1138625
9965548
3117311
1388474
3960589
9931310
2267677
2255706
7053625
2253851
3838955
6621594
2984453
3479724
6543596
8911619
6031342
5455266
7911225
2747797
1983647
3975052
9738941
6878243
1052803
9520181
8452697
1103499
9614202
2870382
4328233
5163599
2531945
1377651
2836190
4468437
4215020
3385405
9377418
4434999
7990311
1479652
4524091
3426568
3313210
8092462
4242814
9798628
3633042
2756152
5311493
3095731
1939676
2070271
1281891
7708666
8914773
5351307
8553075
2596573
5551934
3754938
6347609
8571189
1810027
6632613
4420512
6695178
1756793
8991729
3451971
5707629
3865951
1076468
7662023
4319605
9246110
6125825
6404293
1475092
2194834
7546002
1086214
2391829
4011755
9338129
1613895
9463604
5556085
8909635
1736475
9600537
7435474
6401169
1044528
9395187
5497994
6462773
5948649
1929901
9334457
8777533
1782443
5757264
1667238
5878143
5632372
6933941
3306996
2305946
7888101
4767461
8504754
8983588
8185504
1736975
4458253
5800501
8243212
2763109
6025893
6014415
6257077
9225811
2616444
9506473
7671825
2317916
4711179
6071062
4125981
9364371
9357871
5456279
6797798
6893940
3172481
2077114
7646436
9371101
4603459
7406892
3372865
2697644
3643042
8961015
4202870
1106120
9010208
6796054
3676128
9165418
8955941
8168741
1014430
1515904
4943603
8802465
7564678
5841266
7436158
2116129
8897872
8196831
4855665
1507097
6874092
1879153
1185495
7752381
5415488
2776716
2561196
9304381
2769981
8213472
9160577
5972015
3588637
1671902
2852038
7996939
2659003
8959368
9857591
9428111
6335502
2716256
7078438
4095939
6783363
8795842
3190625
7822743
8228727
6378190
3072703
6486120
1331022
2985725
8877260
8955361
4640819
9769109
7762126
3078782
9202540
2752951
1972276
1760108
1926424
8982998
1098330
8482573
6458952
5132674
6528251
6918167
3765432
8905186
1183092
5464476
9066345
8245761
4232113
4141668
1107868
4299391
3450486
5953974
3746924
6169575
3708044
6063606
7437641
2379937
6012102
4398312
5171597
7539518
1943279
8497938
6987260
5390001
8435153
3060288
5560861
5479645
9194084
5683105
5554479
2060617
1849746
1955727
1078474
4295089
8744035
2761772
7535892
5258742
9020362
9067047
6551708
4386485
9454411
7780254
2965398
4867828
9630151
9730846
3778419
1127673
3604390
8541125
3405084
2111989
8243039
8120137
6468236
7052894
9335143
2600017
7208904
7873242
3081587
1871745
2294651
4093463
2145516
3001555
5958642
7034807
7511087
9564577
1247024
1851753
7043325
7390335
6123695
3276051
9205510
9040132
1153140
1413675
1829133
6723370
5062669
5223845
6750199
7687755
2043818
7051974
4205110
4261899
8963222
2828312
3220941
9317013
5056080
1518198
1385407
5645373
1406282
1331591
2274328
9468037
6173437
7271815
3519319
8726203
6768231
9222593
4808374
3136128
7993506
2263897
1085528
1365475
4866786
6223685
4103822
6532779
6684363
5088156
2586694
2781108
1080621
4753927
4521809
5982768
8474461
7700692
8100176
7750031
3212657
7191081
9613626
9197561
3400919
5610325
3601867
5375288
9560402
3511298
7166924
1616179
4338835
3276615
7611964
8765909
5785264
9046106
1133976
3950733
7620483
8567139
3681100
3385902
7814562
5316011
5304886
5164150
2834742
2106227
3730323
5065451
4096378
5820641
5291336
5774881
8968146
8039317
8345871
1937369
4061573
2626010
8748668
7655236
3000857
4229753
7135083
9921637
7502218
1786343
2650056
4567764
4534310
3578718
9265851
1355678
4362056
8077897
2044398
7660810
2845807
9974424
5369852
8327606
4953018
4871412
3791863
6377888
3604866
9137420
3712470
7654978
5911956
1111182
7775354
1805140
7975049
3498546
2158939
7410357
3171652
9870256
9462547
2269796
8753160
1322642
7019399
7232936
3994483
9055651
7521070
7975760
1709851
7927559
2705087
2198229
6263748
5680612
2664763
4981723
1574139
7076926
3955540
1642390
8286866
4351841
5658553
1512138
1345335
4610103
3567231
8855850
2658419
9837113
9322861
5383458
1244669
5041410
9466916
4922992
2983864
8158144
4103145
6168749
3301328
5292355
1104785
4142186
9509420
5317688
7885768
6416885
6579408
8123311
2369469
4356923
4437587
8109207
7721646
1388743
6300087
7931404
8542091
3554729
1622826
5149959
6653897
7687090
8253336
9038324
3772742
6586779
9935595
5319073
7446356
7720453
1452000
5622354
3315941
8853531
2488519
4823281
3036049
4513875
3275095
9189026
4689094
5217876
1509611
2651893
7055052
6491250
8059741
5847029
5632435
4202644
6059902
4102429
4649628
6869751
4254895
1588010
4539554
9905035
1818527
7964684
6256547
4018491
2894625
1482806
5343598
3651914
1189608
3023125
7662923
8501337
8809314
8568925
3047137
3500485
9961839
7446526
8076104
7384301
4915709
5684789
7622508
5847313
9002434
6334912
9296218
7205845
4970324
8095722
8454186
6004773
5885160
4042628
6151113
2723444
7443557
2854388
1805538
5976733
6665764
1181927
3942441
4236010
1068231
4860770
7551108
4377522
3165043
9091126
3124054
7440028
1697259
4516626
9746216
2908290
4260426
6185522
8114998
2743154
3730397
3567349
4554644
3535118
5772827
1517325
7517691
5854803
7637761
4446608
7732597
6753526
9881742
2232171
5392608
6006314
1305368
1001973
2803234
7719551
3215754
2226145
9439593
1048164
3415099
7321870
9440029
8358157
3520555
1428409
4859685
7288239
3965276
4262802
2212947
3692840
5560395
9942828
8857197
3305980
9751561
1950157
1098585
1956219
3948667
5228453
5568356
3233150
9152426
3942364
1137967
6461071
3896712
3720964
2499638
2805992
4202112
9960366
2637886
6519508
9187704
6330520
1517211
3159987
3881126
8274564
4771867
5880921
4489612
2436771
9803987
4497493
7751441
2329776
5828547
9492558
7076734
9991194
1159976
4777033
6786129
3563993
4769823
3888840
8885441
5870754
4383793
2168333
6528912
3991605
7990207
5056061
2684614
6383124
8131979
5936735
5974351
9256910
5962912
1447619
5609267
5215481
2499552
4459199
6038829
5990653
8216488
4834453
5300971
3328717
5753185
5560689
3221858
3622513
8691494
4914317
8494922
6221631
2397965
7881143
5200189
3820073
2239380
4546859
2689832
1449903
8097258
4520602
6569323
1949493
4396439
5509516
8633043
7079215
5676040
9567073
5269745
9985336
4108859
2840691
3794199
9743043
4247363
3830679
8116142
2968296
7965945
3202883
2760503
4118752
2762367
8456905
2044124
5268364
2904882
6221889
1990386
7753327
9622827
1999173
9775502
3629565
4833010
1338710
6622081
3491275
9609665
8258077
3345969
9675941
1562928
7422667
4149269
2903358
5098945
5283553
4212300
6854530
8219722
1352588
9607963
4268232
6105723
9499048
6062465
2894755
8124875
3797157
9018041
8630424
5702468
6922503
5435340
7580585
8141351
2284935
7946640
8960080
1332989
5334167
6032129
2306055
7885371
4049667
7699449
9152260
6222993
4281971
5811279
1877891
4112015
1478733
1655242
3472955
6925748
3519095
7593793
4124082
7454613
2085626
5967568
3479660
7323111
6410178
5942520
7620287
2939433
7843585
3719636
3211330
5618992
1244404
7744308
8158756
8982224
7253758
6259032
2041304
8654500
5935344
7885643
7137006
6423163
2266218
4873305
1963965
6404895
9570139
9519214
8901053
3657795
4511395
8500492
3804273
1624776
6673690
2763560
4710529
1889452
8775018
5214946
6532325
2740368
4021591
6997280
2493502
4670820
2203167
9869382
5055935
6449649
1786813
6735123
6056200
9700674
2427719
4651739
6905747
9257776
8954807
3932188
6960647
8003785
5046918
5194368
9734122
6785820
5303476
6986351
1364980
5708644
9271653
9888397
4390014
5582351
4615269
6925143
1199961
3819433
3857036
9096021
6049595
3248682
4364733
6768957
4198101
6975640
2760456
5854308
4948032
9319386
3618735
3465249
7137301
6623195
3471686
5315904
9160347
2924375
7487604
9866400
1498331
9448453
4241750
9547050
2352016
3399969
7944642
1525998
5616251
3867157
4410664
7233052
2383571
3111427
6791445
5313435
9519512
4520306
6863505
2795593
4016904
5714066
7749353
9917328
1323883
8787565
3119367
2633953
3897609
5143341
8027837
2785552
2844412
3842372
4157344
5859532
1150560
8125051
2315153
6045433
8678566
3302299
1067415
7025900
2194248
4530802
2387368
8546242
4452631
4225090
3166279
3495005
5054320
7765260
9478406
9701501
8985805
8731060
3397357
1425527
9942775
8656977
4770995
3692052
5783129
4438483
6437097
6145480
2631152
8088721
6071350
5436876
4653471
4841135
9970301
5432219
2947871
7817064
5685211
9005062
9462228
2467710
1584844
3662581
1095034
9035067
3887917
6011579
9775870
7043426
1794780
2390868
1793897
2511991
9903099
9502142
8416183
3382440
4975060
6538737
6295110
5457175
2547990
4058875
3103466
3761413
3525630
6319356
5991901
6947484
5472209
1673916
1460884
1183513
6907653
5249572
3742893
4522836
5538112
4678304
6769667
2408749
8244664
8023182
2702116
6422933
1527993
1950307
7920794
5370678
9204357
9847899
6210470
6501184
7388245
9481946
8762251
1805393
4886334
9134564
5590086
1401216
5307887
2709174
5118427
5329799
3358167
4279871
6984522
5542602
5167971
8071422
8736289
6078984
6811045
6723897
2278187
1685725
2625104
3851991
2635846
6933937
6241376
1823323
8614866
9095233
6578390
8401533
9283525
4270344
5696545
7642598
2274268
4557705
7037144
8579784
4160236
9067708
1886884
8762585
8918743
2694163
1277499
3880682
2545945
7562471
4410119
5339880
3286658
3754564
5938853
4462125
3524158
5178445
2597576
3605124
1788688
3664846
2235134
9275000
3579357
4701277
7257483
4570647
4745317
2884075
7811569
7076104
9945292
9403500
8640273
2401798
6823382
8643809
1039211
2589880
2678322
5661694
7725506
2060655
7311021
7798845
6698139
9631675
6850823
1471871
3488163
6643050
4136547
8618266
4920112
8999326
9064791
7189379
5176608
9320650
1672548
8300505
3942558
7053065
2065791
3481996
7642755
8838427
5137806
4416936
1738520
8797116
8737006
3660610
9255674
7737571
4319089
8988861
8522199
2543636
2106853
5619641
8708372
3764642
4637135
4906202
3896337
7894597
2328503
6887152
6601604
1105299
5846045
5367304
3491586
2623711
2742857
3921166
6688284
6205611
7750144
9369501
2576038
5228106
8711827
8828517
9973715
8399447
5288657
1794232
7516284
7312459
8796060
4887921
9106623
4100799
2305177
7582273
7526276
1179135
3389569
1514775
1904923
3118727
3972757
3035500
3077825
1087069
8760174
4184424
9412290
6765258
8716594
4482036
6835256
3628406
9632802
6204317
2602929
7837343
8995025
5912993
7906543
2130230
2499952
7066010
9043528
2839510
5668932
7942468
7193646
8619618
2249464
5664941
1436809
1614521
1596558
9349944
4357504
5273689
7128305
1510413
3605911
3309069
8350823
4070881
8157427
9766932
7521058
9533789
5151928
9418512
3277045
2311534
2217555
3341671
4093284
4924456
9094931
7255226
4841556
8083543
8686962
5450816
8644641
6098916
6761586
2181950
1792911
7068769
7949539
5625509
8319640
8560369
2128833
5124360
6647331
7403735
5985594
2449208
4280406
3101721
8934732
4838654
7334210
7829776
3250701
5386036
8884797
2614479
4609988
1533696
5830029
1138542
5819381
5790446
9479872
1259314
7864315
7700585
1085593
2849818
7222221
9242454
6299429
6877705
5711587
1757069
5623979
6765131
3148529
7478389
9722369
7684357
9334034
6168763
1698491
1962622
7408960
9413103
8457663
4528516
1611392
3454203
3699572
7931260
7863131
6258240
9527577
4839498
9487878
7074895
3778290
6902488
7206051
8630656
5062044
5646919
1192928
7339571
3482114
3811760
8711933
8724129
1244456
6880342
2663916
3840285
7655461
2043114
5887953
9569837
5853357
6618425
2001577
8252799
9393868
3340534
5703878
3769994
6807919
9118752
9891384
7294402
6417053
4493967
4982088
9351991
8381571
1911905
8777502
9232011
1202220
7573947
5387778
4204622
2511055
6561982
1644927
1957560
7791106
5379848
6246116
2575618
2938893
1076708
1045668
3957409
8796313
7919951
1940509
1921376
1169480
3190568
7608181
3561241
8955038
6568051
3902113
5538767
3231132
2348297
1179520
4679403
7989869
3616160
3629155
9662033
8271226
1254067
9109424
4999519
6569688
3567182
4808412
7419074
6150177
2606200
9291221
7354868
8643296
7358204
3606722
5063062
8714214
4120214
8305058
8775973
5048121
1800119
7996881
2629852
7383852
6691445
3688617
8298599
4026378
2294610
5028549
4085695
9760876
3600296
5253857
4783270
6004586
5782382
1932829
4278081
2451438
9438313
2248352
9429837
2580388
6260273
3321689
9547391
6194061
4479070
6059297
2254332
5667251
1117520
1699837
7102770
3519031
8136664
5383359
5130065
3749638
7272007
8656331
1473962
6725482
4659152
1539575
9529506
6327485
3902748
5659468
3241234
9638072
7037867
3343146
9919295
6488809
4122082
7160647
1502833
9931715
5644725
6220568
6704114
5129103
9107057
5660808
9845477
1222529
5878758
7939877
6421440
6825189
3645744
5317146
7863975
1478136
1516322
1271383
3993574
6266899
7348046
3124301
4121675
7273794
7942002
5344021
4371614
2569268
1142338
2856432
1427134
4131274
4190413
4272425
4269466
4221458
2116815
7489623
4589512
3910605
2140180
1333439
7106693
1131116
3718788
9262870
7567370
3061786
7046671
8824611
5698375
9906803
2037237
6002691
7039679
7651090
3932850
9446918
6321215
2761479
6809605
1302711
4210172
7229416
4974812
8664186
2646024
9067006
5081566
6975245
1950129
8582560
7403860
7520688
8886262
4047646
7482101
2725345
1321063
9093972
8443724
5451841
6396440
6572830
6907016
3103122
1712065
6255146
3697120
3800738
4386037
7692136
7875617
8257345
8589949
7185503
6157653
6707821
9583569
6081881
9526162
7816591
6946034
5562239
9036572
9531166
2100903
1629759
6256120
9036514
5996817
4035881
2127630
7770835
4986669
8200473
6446521
4990688
2444966
3767439
3917551
4855115
7644117
6638427
3358536
9027313
7423830
1197747
9660973
4961576
6845064
6188967
7874270
1345217
9289632
9101035
5633311
5637612
8141098
5117203
7912960
5437499
2873054
3209310
7224392
6348479
2725659
2508841
8088189
9407950
2768003
6572804
2818579
6919526
3285810
8020002
6677743
2739308
4392923
6456426
9458070
2129549
3847553
8740394
2386038
8694278
7607824
3871659
7850321
2222974
8650198
4491039
7388482
7089552
8334625
2852407
3972654
1031335
7344629
2878417
5836808
7947587
5451690
4871567
3111168
9740952
6061472
7259331
1753161
6559189
6717920
4323142
7693637
1997058
7079569
3047656
2433808
6959362
3818836
9937857
1311974
2922424
1361212
3073254
9709682
9192198
2716589
4178040
8767156
3274097
1010000
2648854
8852813
9300384
3519088
8746098
6489962
1678403
8619252
5850369
1654347
6144273
6464697
5449036
3860527
5849257
4651339
4653604
5406750
7321946
4021377
4549490
3137106
3396670
9661938
7401836
8860995
9884993
3510551
7183524
8031630
7665600
3673215
7702523
2855553
8689612
7673385
8250674
5398789
4445069
4507521
2246561
4828585
8364611
1155706
4449856
2095111
7376488
4719620
4761122
7855445
3811890
5572523
4315458
8957450
9380276
1662924
1116214
3133226
3609316
7264052
2946624
1728368
3165303
1264214
1304580
4317272
7200872
6719721
8619283
5446598
6930968
9100124
7793637
2264278
8904272
6905719
8970918
5594689
5742754
4528975
1370983
8428904
3705517
3194277
2947253
1071872
6779518
6706333
2921927
9762331
3933652
7358870
6542096
9344399
1341116
5274154
1294197
5156933
3461851
6886595
9882265
5575392
3625930
8768024
2710675
2331463
3066203
1732547
9210817
6800657
5944698
7844033
2641782
1953420
2824367
9105349
1733198
3609066
9757824
2861305
5925411
2148937
6740788
1416978
7026264
5932573
6866738
8116366
9597714
7544893
4282951
1755981
2117255
3813190
1574022
2326601
7534190
4041264
3424393
4555636
8482198
1958443
1333718
5900077
3246483
3271157
9985886
8377822
5968851
9826043
8125471
3114933
6237326
6818665
8329448
2167164
1074844
1465744
1085756
9556439
5576608
4338227
8484304
3929498
9174370
1844398
4379247
9409220
1512379
4433412
1261374
5755164
7165865
8057668
1657497
2391783
5245378
9351382
1158555
6220931
6830662
3382375
6364029
6360420
2527757
3995887
6074070
4324840
7107039
5958427
5220800
4724312
7050210
1110556
2232731
8852349
4453934
7746956
6938923
9952925
2593213
4866360
3754909
2484433
2701950
2763534
5003047
7882180
3792136
9997924
2932492
5006090
7107692
2364706
3438719
7433690
6948067
4787470
6737375
1063338
6128294
8385202
1263905
1293605
6833117
5747116
6597772
3504140
4674799
8285266
6032093
8675814
6879032
4049919
1597194
4510053
2458072
8048575
1906340
2733399
6807208
4894675
5563669
3186309
1860232
4058081
7147401
9332716
7873812
3143483
7504618
1916629
5092021
5752138
4511939
5693907
2398291
3667031
5134022
5534873
3211560
1115189
3217384
1699253
5995120
2915087
4199722
5870829
9183613
8364682
8298035
9523061
2615143
1894486
4497113
1022281
4485536
7180118
2486399
4779629
4628773
8944234
8154264
4789887
4332816
7579413
9103370
7555702
3989450
6643536
8617133
7915001
1971423
2028458
7553202
3612702
3571946
2128282
3363361
1449981
5275567
7031843
4615802
9949745
1483847
1384482
1398333
1202859
6194102
3345655
8258630
6220274
5415576
5635342
6917648
7368763
2165818
2922505
8429018
3220960
7891846
9767756
1355174
4514304
2225494
6912932
1660062
5232436
5157737
5122644
5246674
3398761
8212275
3232574
1916252
8773151
9095054
2541931
3016549
2625021
2827663
1830711
2345728
9166542
3292852
2218076
3573171
9767324
2975801
4902681
7929687
9741095
1734089
1330558
3137301
4580354
1594193
1464855
6605264
6704779
5695665
5191987
5407009
1087877
2733324
1190351
6826429
5661588
1498495
9731940
7268724
2297172
3185838
6697738
4836946
4688726
6908026
4722311
9000552
3411191
4537807
7710649
1251429
4751263
3850265
9109595
7274141
6374739
7921686
1551543
2129708
3950392
2882311
7487336
1499572
4295845
9154624
5757515
5789249
6074147
8480927
9599490
2057294
7271108
7661785
5285604
5625825
7505372
1178544
3002053
1649489
6708385
3729408
2701277
6853096
8701211
8673081
3959959
9242787
5963591
1788071
1260664
5180694
6289550
2607085
1337770
9369388
2925149
2560465
3514213
9017676
8115617
1255344
6532217
5308696
6180960
2837458
5380985
2896335
9903031
5761432
6529927
1566482
5537132
4121682
9896057
6938820
1413423
1769069
7711909
4939850
7780338
9008714
7149007
4205106
4604705
4436457
4728555
8801263
7988032
1032644
3113296
1808258
6491489
9375736
6588604
2294645
6778110
1485982
5852606
4207618
7639032
7503993
7481540
4558096
9423277
1314631
1511233
9842781
6030512
2257658
5503034
4022775
8891816
9124161
8726894
9428452
2455110
8982911
1168992
8826145
9120100
4756573
9521794
2948935
9690423
9194043
1444096
4043402
6785649
1919169
1483238
2337372
7223222
5166484
4916910
6075887
1567352
4184037
3606250
4189847
6871665
4584867
1384778
6957325
5422140
9008016
8560331
2345232
7859537
8835057
5815677
4423845
5912603
1648095
4220910
6584320
4528440
1608059
1351672
9230011
5003532
4840255
7748196
8789251
4215426
4060527
5186362
3786834
8077601
4487214
1012583
7122966
1063878
9550060
2814345
6989809
4745348
8432701
6608793
2031642
6612820
9954245
6403701
3429344
8641723
8504464
3720841
9240655
8306103
8031422
2440473
3476651
9864101
3960027
8275246
4542553
1254706
7090317
4400795
5767325
5085371
1216678
8997355
2757374
1082244
7556506
2035434
3923590
9352146
3204106
9311564
8316774
8623334
7665022
8400573
7417206
7914646
6963442
5485061
8046617
4196617
4909255
7676055
3746431
5689230
8667226
5218296
2884164
2882329
6611442
1126407
8382645
3419292
1443539
8821805
6054387
8228543
4442031
5729889
2885745
2969083
9770492
8229848
2292504
5751576
4497633
3066184
7658761
3712641
8084682
6685784
4957186
2090305
1037659
2544230
7114586
6397852
2495040
2443316
8679014
6769484
5176163
6758255
6371774
8292631
4327031
8256542
4699994
2822665
6271858
4041828
6185429
5802771
2949335
4535537
2132820
5349568
6108017
9637387
7057408
5318224
3870043
1917941
3395374
2342963
8010620
9011001
6567712
5464163
9576465
7948183
4075621
8451294
5743459
5536522
2003227
3131199
3097431
4253299
5723157
3914104
8744228
7003493
4069231
3095711
8539404
7219134
6235954
4213362
7934970
2738429
4155671
2111851
5227984
4995138
5111412
2438064
7722437
5827574
6293495
3379409
6225558
2068388
7949220
3062966
2659850
8050673
2185514
5368631
2508065
9053513
1706272
4205386
6268184
5820891
2230049
9872279
7582300
8124090
2692032
1023400
1775113
4035172
7515626
9925372
9617565
5376608
3592919
8676859
4284413
6555776
2848876
2045123
9343332
4723910
6834353
5138144
1237604
1323235
4381610
4195163
4984474
5531354
2533588
8597481
1146803
9510404
2382845
9944452
9933076
5417708
1220544
1556440
3443499
7195162
5676701
3576531
9247568
7309933
6819121
8947423
7945815
3164769
8629846
6842860
6386356
2682289
7179097
6928742
7142987
2335702
2603284
4589702
9622932
1693485
2518696
4630277
3114984
7786038
1874905
5375274
8114922
4750265
7514694
6680068
3300948
8998915
1878467
4346676
1731485
5074958
9935573
4479650
4877956
5977022
2581833
9391376
7230204
4609864
9949745
9034379
7286836
1344109
3467708
7817725
3879170
9109476
4167985
7820384
6042091
9799382
7234632
4847373
8107601
5855619
3837093
7356723
1353594
8451522
5371314
4856099
6161849
4627749
5421335
3462663
7824763
8990523
5612505
7931251
8578096
7253998
1934604
3101075
7857683
6292301
6212342
8538180
1383128
8879333
3425218
5303360
3374450
9121928
8097246
6617329
9625278
9314927
2223409
2679334
1307407
8583163
9539708
6908259
9611542
9479319
9859596
5056594
3734702
2025146
4300313
4749592
5395266
1769417
4400447
1790659
6884380
3640217
5009814
8786719
5492682
1197906
4885488
3029672
8589487
3846063
1062766
7297113
4172131
1626337
3285247
9693603
9365256
8707924
5814903
6112889
6433578
4413897
9164680
1757256
5894290
4959010
8013791
4368132
2090152
7130236
1866269
6924062
1314050
2717622
2845040
1354002
8516749
7309649
5081742
5635420
2506006
2326832
5613646
4335242
3206262
9649534
4132066
7846829
9279384
4242478
1079285
5775081
7519400
9403037
9778333
1724716
2076058
9796629
7223037
6236539
1027604
4395307
6154426
4187496
2379897
7861448
1434776
2908448
6702419
8719428
1546096
8795041
3545244
2110062
1284816
2390408
4630442
7356264
9761519
9805128
8662772
4695663
9827467
1465143
7355653
3810233
2420513
8013826
8024571
1925175
4901832
3254529
4436092
9993850
8010027
7528869
8000695
5594930
8611297
9546766
8571346
3891793
2133035
3699706
6200885
3854093
1605961
2437527
4293042
5439365
9052473
5446265
4752144
2956283
7498893
4690918
9072179
6856768
1293096
6383119
5153129
3104429
7474773
5733786
6999763
2478861
6481347
6084378
1470126
1655768
3330273
3637984
2340285
1369818
7960786
6534059
2943509
7437875
5132685
6570042
1364869
7711415
4291861
9155458
2717279
6915317
2272847
3094268
9255783
4894421
7223621
1260374
2415000
9710235
7855030
2705033
3393549
2071880
2933911
3409802
2243219
5000671
5044650
5997146
2756296
9153477
9967418
1078648
6948463
6644417
5766256
4698167
7242516
8747428
1787861
5329514
1938326
8320962
5747557
4455675
3206166
8775902
3941836
5450075
3901691
6711652
3543488
9279379
6052191
2420815
6309242
1562105
3365465
2593515
1284498
2032383
9630567
8595700
6470646
5310694
5676408
9481566
1809414
5492432
6843988
6127854
9467856
3085810
5025641
4549829
1565347
9772072
7055731
5293757
5132754
2062946
4295622
1770796
9916615
5223996
9816891
3534662
1886465
8583852
9097141
6333407
5053803
9960020
9074319
7107021
4538586
6130552
1342692
7012716
4114531
5059657
3300026
1598587
8079063
4375840
1545995
8512867
7405533
7855366
6815218
9037144
6236970
5023856
6337263
5854360
4928543
4592072
4364951
8447633
9484798
3354278
3762075
1184607
4465930
9221981
2596850
1828851
6782459
5570162
6141286
8472015
8098651
6478696
3233912
1511149
4472064
4656439
2203889
3477440
7792550
3193499
5701447
1284370
3478440
3350856
1179368
6673484
3583643
7148858
5935269
2511124
4619848
4843179
4046334
6930000
2679683
4356766
5356614
2566282
3894828
5159897
5390259
7307756
4785474
6035887
8371588
2663530
8839839
4416507
8631119
9638590
2918996
5012073
1488998
4476815
4123169
7528942
2402853
3249771
4757905
3786584
8451291
2447795
7420912
7182399
5266643
1610070
5623082
1105435
2241726
8722229
5773314
3195631
6078974
8444838
4230571
1771236
8060369
3290389
9105095
5457648
3533336
7992004
3382009
6147573
5045891
1114162
6514409
6236710
2272604
5473178
3954324
5768164
9907116
6197010
6247372
1140135
6023310
1618132
5370579
9971159
7685262
5138266
9193616
6811387
9591548
2089890
2071660
7822408
5830547
7199185
2295820
4383131
8222849
9988852
2123883
2990339
2958611
2714657
2273362
2102325
1203967
8426300
1727223
8992482
2020237
1678998
9967984
6961894
6692066
5030127
7504210
3497431
4695530
8675164
5198826
6886782
2479201
4239108
6265879
1079458
3414655
5794052
1552771
1357119
5246782
2492338
4514940
8755478
5922889
5811135
1858163
3648862
7985538
7511222
6040591
2474008
5343664
8128353
5390191
8130624
6431236
2008906
7997371
1548895
7170182
8830943
6005349
4596542
4441569
6597935
6533890
2441141
4031623
6409105
7027071
8039521
1950530
4065187
5124289
4888947
4511257
6881264
3255645
3046949
5630875
6342763
7942513
8458440
1546571
3797208
8901405
6879034
2576871
8475786
8598881
1180019
9588823
5229447
3625109
6572798
1742447
8399687
3154495
2643588
7873889
8013147
9089620
3438275
8783746
5977067
3083790
2801566
2837175
1346264
2449638
7925967
9633660
9600896
3624559
6719992
1154320
5613279
1743951
8751894
5422401
6823890
4805082
8218966
4146063
5368440
3553420
9545922
4350848
3054257
4753507
3559764
3793984
3674760
2816151
2839147
2861746
4575661
3656247
6189147
7694039
6634651
2152866
6959839
7753689
6558360
6666462
2429290
1424309
9338395
9567384
6855131
6869892
4964167
3750456
2726734
4524708
2950806
1976928
6049102
2163655
9564945
4443138
3071273
7612312
4366075
6235035
5038493
1883909
7959438
1298704
6196910
1361837
9118237
8733603
1609497
8657256
6920280
5280210
2817378
8812013
1100142
5000012
5122186
5112996
5929549
5268049
1818653
2109385
4926213
4308837
1830375
4306425
5487946
3151856
5410950
9722525
6141400
9981557
2882459
2791152
5334193
3642541
5137306
6019502
6694914
1955007
1443713
5702811
1659107
8321183
4377638
8376620
5489405
4563200
2881641
8642454
1164615
2737591
6295752
8709490
1566825
5662446
3550416
6483082
2529153
1592193
5594161
3350787
7621827
8616824
5978347
2649574
7285755
1386914
4150245
1890316
8858158
1327434
1394588
1064678
1488606
3102489
1216632
9456743
5481965
1121224
1278586
8668814
3471513
9266943
5122130
9787987
1286182
4488463
4834958
4567277
5265369
8066185
7902636
3949118
5723872
4418553
4646992
1985757
4867279
5396418
1834961
5894909
2184389
3887895
4427885
4903934
7071533
5074451
2688157
6220304
5376928
2641206
4193476
9482176
4223144
1563133
7293953
8134113
8492128
2346845
7162019
1628184
6888375
6327003
1711740
2857091
2890323
2836491
6243534
6250118
1275665
4973731
3791586
4455540
9437867
1010746
3082616
6426391
2448115
8340003
4529049
2386397
6206396
3521312
2334856
9229151
8618136
6136709
9907287
5754510
8248315
2809707
5489301
5648892
2655166
2278221
5697317
3646661
9434304
2772546
1039338
8182872
9604199
5852823
6297886
9553253
1740612
7129160
7138050
2118565
2263636
4551579
3729136
5533889
6031139
8647258
5411340
6561440
2654028
9261099
8813785
5462992
6322587
9433357
8716391
8875472
7877395
3311025
7640682
7637239
6901899
8205427
9054055
7824389
2667955
5105523
4666759
9707397
7000116
8585941
9888334
6125467
2118709
2480401
4033765
7385776
7772923
9147895
6993811
7767030
7854824
6167171
1860746
6237786
3625700
4861400
4501598
5662406
2067929
6864605
1162257
6577552
3580696
7639985
2448841
9493570
2290969
4997580
5418787
7789766
3212767
5813363
1257120
8969902
7333114
1647127
4147773
8778398
3416486
9748299
2940513
6191255
9487825
5058208
4620912
8440928
6069626
4513312
5880893
7981394
8692021
2206243
3700508
3112193
2092299
6253904
2804308
5926978
1698878
7209012
7586483
7342878
8443306
6158712
6003452
6446290
9119750
4592194
2022972
7540991
7650058
9370987
3963323
4754932
6149291
2876440
8935565
8576214
8332546
8018551
7077960
8590058
9944778
4918232
7157904
6349567
2450888
5483557
3057741
1255163
9373317
2971264
2735486
9085696
6581879
7522488
9571431
6241530
8950142
5560359
3781670
7158215
1653514
7465450
2338660
2180612
4839385
9824574
3300198
3072817
2912606
2588979
3828931
8086016
5715005
5604496
5570160
5149119
6787507
1274500
3292343
1172446
9691667
5019588
9797319
4021599
9875243
7740421
3260068
5730395
9166533
2086552
7952639
4793963
8998025
8291485
3210528
6283193
7889600
3736997
8063487
8607459
4153779
6587752
9800115
4398856
7706162
9238623
8729922
2157107
1187568
3738432
1120343
5107426
1701516
8109396
3037329
7668402
5751914
2098294
5906103
4596072
1720128
5767018
9663242
2483678
5340525
9741527
3005491
8583112
4863107
2526114
3017884
5805090
5174949
3749097
4069467
2003960
7998412
9829721
9931848
9947217
1481508
3056557
5499887
2423417
2360339
2733379
3219745
5956010
2872409
9270428
8436069
6625238
8384850
7448112
3627660
5433236
4811417
1920556
6570594
5951204
6791239
7707274
5221760
7059872
4607577
4496458
1119295
7057858
8349551
7213330
8155783
8909708
3730417
3756703
9080389
1135960
6557068
3886247
5522363
8762492
8858970
6776525
2931313
1197465
3351968
8829312
6673033
1290113
8033584
7781361
1259696
2412610
9030063
8900719
5893041
7381843
1818353
2264352
3376355
1902618
1165952
2611102
5887683
7310808
5697532
9171435
7047068
1176626
3271836
8161043
1746466
6536029
6577426
2443933
6562271
5530916
5431053
4673197
5094405
4004761
3932760
1197241
5324513
6243990
8675104
7764966
6338161
3102255
6391379
7147518
3008460
6877302
9787235
5799184
1894975
5584297
3465641
3818981
6977593
1722940
6746535
4696858
2112860
9522559
4255142
1322847
1002995
9138733
3697214
3174922
3384067
1893200
4179188
1795737
2803130
2582611
6857789
2652483
8017924
4284454
4709793
5906617
4908733
2949384
4800699
6143486
1959809
1760628
1105757
4514208
6165214
3558250
1760848
5170706
5804075
7242840
7798264
2574247
9165874
7590757
7032086
3258797
3985928
9511835
1904296
6458724
9098750
8230639
8501931
7598681
9681392
5444397
1117057
2399332
4165306
2267716
4538669
7694586
6861067
3644588
1393594
7304304
1437649
6399599
6853691
5993613
7805268
1993435
9010478
6425226
7129183
2322435
5307322
4132456
7842520
6864300
6499608
9550830
3088625
6781979
8929230
5451454
9120311
5943993
2824853
2786259
9751368
2600864
1540188
1567770
4667106
6614148
2126373
6232617
7507862
7870017
8199182
9067232
5393179
4499004
8363882
4547995
8672254
6363513
6363726
7349905
9803511
3518649
5788776
9716108
5537687
3617294
6473864
4948485
6507934
8243133
3884291
5645851
7504426
8402637
9359148
8997168
5662793
1233266
5552835
1861792
5304239
2922449
9460714
4842783
7309315
9235696
6285842
7506286
1036180
1630268
9665589
5419578
2186601
3827637
6667388
7952081
2944245
3836026
5880704
1836993
3776617
4791853
1772909
9994959
9973092
4540994
4656899
7675025
1299846
2871401
5272758
9625065
8799970
2908118
8685110
7326046
7293777
7840425
7899849
7527320
5906595
3104831
8783379
5535736
8905585
2706516
4246712
2801106
5592270
3187411
3843416
2039368
5161564
1846589
2790265
2054916
8004026
7621425
5255747
6666961
6134299
6235101
5380516
1969559
7821810
5449346
2305683
6384689
2623433
2158557
7962226
2955629
8491185
4545335
4937165
3436639
5267156
6546635
4850752
3819106
7715622
3742287
2162676
6377580
2816058
3795745
5774985
7603085
3294513
2326543
3960592
9677764
7336333
6906307
8496367
5295038
5874404
4218441
8570920
3648812
9076143
9959231
4991219
6130559
4368322
9148568
9015559
3771587
9531094
2137484
2549944
6998101
4385218
9661984
4175098
9663619
9011081
5023821
7826627
8873726
8488972
8931920
9792399
9893182
7736288
9243661
7492733
9750067
9042106
9841185
9663831
2550307
1932039
9256387
1788143
8167652
5979480
1645333
3040932
1562040
3459323
1626445
3646276
3662336
7246501
6224378
6736843
3963167
8857355
3735798
4381706
5658796
6888271
4903527
2087907
9721299
5828567
4257841
6304432
3725513
3161082
8190012
4795972
7988137
4851796
1715677
2667273
7327216
3343737
6479139
8659208
5818769
4661062
6101441
2015176
8834550
7725139
3881619
5994317
9872469
7291652
8418190
5098306
7474410
3735679
3122377
8880369
2913686
9409848
1915298
4204974
9787220
8781479
7998030
8279572
8263252
7341019
3281537
5365223
7933942
8866985
1352182
1592281
8638628
5475900
8793052
1980584
7330572
5599376
4124061
4193188
7190457
9938362
2547787
7258382
3919391
6125353
7728284
7331421
6142469
2481428
8330330
4273321
3883526
7568397
2770538
7410486
5058912
9890147
4855276
5523978
5471338
5305601
3565944
3490052
9652962
8154258
7661256
6520277
2328033
6892236
8758131
9767583
9784367
2067872
1429588
3335912
9964275
7005949
8341513
6509115
3752131
8644987
6570647
2298011
5801946
4549803
8489579
9996325
5680359
8239032
4357564
5837377
5819266
7265145
9233164
6494532
2502585
1788567
1203084
2882278
1392329
5180566
4574431
1782619
3212840
9242945
1161143
9337167
5923839
7945654
6589980
9216643
7601718
7198283
8225803
9969023
4871591
4258268
7483387
9764595
8118644
5387827
6607034
5005294
6694388
4990290
4089206
2864122
5909512
1641311
6449944
9512402
1942412
5868973
6278667
1032640
9883049
4568355
4390171
5413143
7816136
1307147
2891512
2080522
6030241
8662137
1159705
5044264
7928561
3417877
6929341
8649909
7916042
1735816
4866316
4419046
1189572
9652287
4833053
9818552
2269521
8522975
7213137
2073069
3810543
9615429
5849372
2363556
6936374
9574776
9398436
1017876
3221521
1260014
9400513
3457701
3453449
5270392
8489509
1220394
3983485
4094986
4029333
6318911
3831534
4346987
7778133
2408380
8953591
8233909
3269730
1240147
9803930
3542858
6234073
1631052
8927092
7976403
8370293
2401241
5564691
3334774
5094006
6311640
5940702
1131796
1059420
6016166
9196850
7997307
8904402
5860570
1070414
8116783
3881704
8399397
5145444
4749968
4897209
2183364
4212368
7009064
8593516
1259295
2895652
2645843
6392725
3517890
3586850
9202699
5413755
8070389
5904963
5766096
6130741
9709689
6553012
2807920
7614509
8051618
6737568
8977208
3068358
3419532
7078568
1454391
3491354
3269947
3742960
4536427
4029020
2905619
5430547
5844107
1793821
3577712
3057846
4739376
1125674
9464227
7569082
3066977
6080274
3930314
8230795
7604346
2032580
7431243
6263893
1660727
9847319
2412845
5096855
9319842
7070692
8791506
5530768
1221143
5692558
3250005
6816469
7819889
3346146
1121276
2133188
5775251
6441945
6140506
8185747
8407189
8442746
9822212
4271426
3595592
1305436
8618605
6117359
3754152
2057546
9764769
6136264
6690909
4188671
4810330
6092378
9030574
8444240
7839107
8377416
7791721
9056134
6928536
8205588
3246063
9355988
6531304
2662388
3953349
3742257
2859326
5598772
5316778
2127224
7435900
6217653
4659520
4758899
9321522
4793358
4615592
1882575
2963918
8747094
1358984
7668159
3257518
5646414
5329454
9328688
6286230
3376494
4508366
7724132
4530173
6457226
3888423
6457198
6144002
4700769
3910660
6818376
3798332
9036418
7057503
2067796
8052271
3687580
4061536
6074606
4053594
6306656
2942531
7789930
1143277
6728917
6064151
6261039
3783959
3493240
9042594
2046703
6496574
6054989
2766882
4058946
1035976
6223814
3251758
6778334
4806230
1558159
5829499
3686837
3564369
8499892
1640315
6991083
8918940
3202864
8404256
3156083
2029673
8372243
4196991
9405253
9252583
4515406
9332175
3558141
7869657
1855070
8018768
1387923
4587778
5442643
5786504
8190707
6387261
7561532
9124392
6397689
2222185
9820785
3337870
6073291
7768193
7377725
9470116
1169362
6734025
4131814
7060965
1728085
8492378
2558720
1676724
2982275
4007671
2552533
8737599
1253624
4019254
3995548
1542897
6681256
9365749
4793125
7305740
9845023
3254049
8582074
9793682
6773502
8613821
2994592
9955741
6105807
7645201
1616380
1216540
5876665
4354737
7434003
4956202
5074895
9513448
4971946
4509836
2289154
8118914
8927372
4989575
9221495
6782771
9989674
9706332
8916339
2409831
6840028
2614498
8597939
9222183
2177798
1620222
6422169
9465253
6906838
4823424
9899776
1978148
2966953
7134877
4751216
3927686
9705165
7671813
4687277
6055347
3020897
4986081
4516202
4558628
8239897
6473643
8536283
9997961
3808670
9368361
5549224
1687005
4570578
9814599
3534781
8568516
2356721
6807632
9999038
1860637
8019411
1608073
2371224
9358826
8853070
3642538
9887091
5712473
4791416
1864953
4192195
1544815
5613897
1105157
5154430
1047760
1518239
9884861
4068840
7415853
3093916
7594027
2423754
1120394
1638890
9339856
8668353
6776747
6165023
3796380
7907186
2106650
1654075
9192906
7031515
7432088
1658510
7614998
3470661
9812894
3437047
6317724
1233750
1078222
3439879
6752911
7603074
9262651
6565571
6501202
8353506
8117969
7447688
3516470
1548957
2725795
5523401
9588049
1436418
9964239
3765621
6678135
6727224
1787408
7335092
1463192
9320972
4673760
1252815
8160118
8665514
9624392
9478447
9218176
5229735
3953733
3527805
6029264
9473723
9759001
6771241
8643454
2745356
5213035
5706118
7622111
7081125
2508507
5547475
5516446
9556037
2354727
7084309
2855156
3917332
3078643
1250335
8999943
6203761
3825656
3637556
5970589
5430182
6010060
4278019
5783931
7561213
7614665
6964048
7612574
4056300
9624605
4886260
2034709
3437227
1703918
5681659
3347641
7478055
9775655
7874667
5216074
7689487
4869604
9360868
1672424
8702667
6514979
1766123
1689676
1789971
3187744
1277343
5575166
8188189
6814360
9480735
7764698
1131405
6229029
2771404
5714521
3628476
1112520
8768555
7274563
7103118
1084169
2083481
8861605
4612731
4933045
1624811
7761697
4259515
9412359
1149862
9673952
1616590
1685217
7534103
6697634
5241253
7171705
5563985
6866485
3811568
9523345
2152641
3279492
5676293
4724510
7380015
3959559
7000618
6960138
1078739
6848280
5571327
9427861
2227410
7715942
9357387
1690262
1546260
9154690
7518049
9121504
3942018
5026391
8039406
5911040
9207521
7911478
8017890
5480546
7784070
9754063
3078457
1181011
5263477
3008317
5537061
6272993
4777498
2485880
8871706
2131102
5168483
8287342
9000757
7600516
7906296
2695979
7524874
1096050
9643928
1775540
8737608
4768084
2594065
8056820
3932491
3437154
7851676
2428430
6460095
3505279
3019282
2728401
6198827
9537345
1598991
2589705
9090529
3618448
2434402
3336242
3663553
1138343
6488430
2460168
1039781
6902200
4617184
2451386
9926956
3342764
7159436
3812028
5312806
7552712
4607015
9268476
8047897
7193899
5814555
4916204
3945646
2772596
6575051
4400190
2277819
7122688
5080291
7679918
7765806
5506704
7044762
7126969
3753938
9787594
9910727
5810347
5578689
9295318
3954717
5331862
1144359
4104041
3318597
5263710
9553326
7898206
1053974
5701298
2415563
9834432
9294772
1177237
3306725
6760996
8869890
1495642
8136221
4706931
1423493
6012014
4647614
5545158
6974678
7755215
9157635
5623594
8933507
7633883
5111359
9607811
2519556
3657027
2258093
6715404
1716245
9997150
1644308
2557820
7071028
2484314
5765655
6214724
3745401
8927245
7575319
7377461
4507469
9672873
1580869
4414975
9074184
3202830
4905607
6093077
8554539
9780986
8252870
9042860
3330551
6958044
8590738
3398625
4135144
2063814
8868915
1561914
2134225
9321856
2048909
7402948
5128085
2999096
6965358
1901596
5528511
5824280
3962552
3647178
7978879
6352112
5415846
5494984
2406338
9598738
5831100
9382176
2244140
2742077
4720207
1468915
5700533
4378097
4741998
6325398
7859933
7673185
9375660
4407766
8174605
7959559
6643915
2664860
8396364
9232593
4924551
9738028
6954650
5483193
5813756
3743687
3063981
8719794
7132532
2357361
9614277
8738494
1863313
6151437
4157806
1176477
5494163
9292196
4075922
6011999
5804103
1690756
4889720
3399771
7639821
7220357
9293341
1501496
7977412
2077927
1444909
9904552
7515924
1625815
9252894
9322357
8182999
2970448
4444714
7295539
1209637
7135710
1581671
9887573
7641274
8995838
3978756
2061340
9894534
9545378
3849698
4347562
2179986
9876369
3124620
5727989
4261834
6230634
8878101
3873495
5677739
6254856
3713613
9718914
6316809
1659841
9664223
1912144
1383357
4148233
4919370
4738424
7157483
3067572
1698298
3156893
8012524
2941913
6233474
7959424
3221404
2768530
5376185
4822038
9064193
2151839
4658862
7467573
3341718
6324394
6464905
8707303
8337332
2898021
9602687
2226273
8528988
6930639
7563569
6090254
7287459
9601110
2345186
8085316
5139578
1429847
1850067
1791128
7067481
1475585
3406269
7516685
5111624
8282647
3791594
2712423
5560906
3724180
3484273
1459230
9916838
5637160
7580684
2687022
3325843
1562913
7469463
9555595
4785599
7482341
3803304
4676914
1472956
3933787
5280005
4875675
7789384
6646826
4291398
9394251
1745079
5313177
8381128
4798149
6908031
2783830
5926923
6176416
8099552
5162130
1083881
8939572
3655086
4578121
8404532
5481646
8914620
4035679
8692586
1626179
6358055
1716902
5438231
5342465
5634620
2342141
1770504
3093953
9669767
2698194
3560039
7390073
3267833
9820935
6919992
6393198
9626612
9862194
8702191
8349382
8504311
5126463
6239211
2659963
2937761
2508593
2276883
6391084
1232355
5033861
1094476
2745230
2929927
4208439
8770132
4140223
7906775
9845918
4290430
8031163
5993067
5052466
3019530
3550823
7344403
9112302
2788448
3359115
8034525
5292368
8384105
4879389
9230403
3926078
6178635
8762744
4648820
6333187
3641855
2258156
1310077
1652022
3562000
2169327
5385300
6643707
4224753
2191728
6903297
3021923
6923515
6996748
6820330
2834991
2796931
1048154
3619833
3081138
8368789
7966753
3326059
7281428
1841423
9034601
3417784
7445490
2102939
7927726
5772059
1294563
8902922
2545009
9244733
2614230
5927306
3116906
6902466
3590935
2581060
5553624
2635247
4626672
8147348
6400568
1135605
5619500
4766438
3121236
9827871
8857975
2633065
8219058
8458517
4423009
1376307
8895917
2464459
5800001
9855729
8243362
7858185
2164534
7195401
5740929
6903063
7173321
1046862
7646531
1225604
5845742
4000223
4687866
4276883
2686825
6894621
5816004
8366723
3519630
9189894
2398105
4289082
1653153
4472691
5302532
7406157
1256027
5259050
5925743
6868142
8493070
6003745
2282774
5554547
4056992
9490512
8320094
9972991
8431475
8173361
2600638
2209103
9768933
9923223
9113563
5613091
7060851
8666280
6118834
9748422
2224120
6592505
9768687
7561980
7957588
5806276
2131674
8335688
8816999
9969608
5752817
6881879
3105149
1774590
1551632
3717324
3800708
3583539
8514381
1940841
2307576
8525831
9800608
1572567
2005151
4768192
3727551
8982354
8438411
1450633
2295475
4946447
5040721
3780248
4505371
3679475
6272946
7473529
6954553
9509545
6273313
1882232
3627321
9164593
1077340
6042772
4102730
7835846
2093446
9315985
9801609
1795068
5603554
7372717
3863055
2324225
2012718
3757546
3966548
3311429
3170074
8061706
6291134
5899894
4557220
1297113
1846538
4573220
2474961
4099812
5395221
4353028
3774473
6392583
5603720
3099088
2158544
1097252
5862686
8572235
7764829
6164272
6858580
7513763
9796313
1390823
8628012
8810671
4526837
6351328
8765597
3838231
6555816
1462203
2745306
9425426
7356292
6486582
2807805
9702410
7936628
6068191
9337680
2482973
2467668
2270884
7269048
3042109
6661229
1601094
7979263
7467575
5683211
6346092
8157884
1552145
7673021
7453716
7926241
4659532
1872745
9863908
3195041
9707656
8862793
1132638
9139132
5390279
2928902
2748978
9238952
9645961
6096175
4933038
4020766
3743191
2185174
5734609
4886014
3079644
3417415
7743165
8758303
5018349
7374438
6080330
8626871
8407402
3501284
7226359
7820644
4287676
8273438
8813435
6623189
7510718
5528914
5313658
3721047
2723000
8202878
5359443
8160832
2705606
8399447
4667094
1589810
1849815
6009379
9544339
8505612
8704785
6610931
2206861
3327219
7790802
2850113
9446734
4716600
3444882
5092514
3497556
8405223
7214948
8031719
6887913
7596587
8371355
2910998
7969680
6089249
4022985
4232640
9537499
8462007
3438307
2688191
4578010
8267712
6097984
4777550
8885294
1215576
6647168
2157381
6439291
1257391
8560841
2504431
7384507
8231795
5873517
5230793
9972592
4297502
1515496
3781658
3235121
9019545
6309253
3212202
2380838
4776588
1469983
1931360
9359183
4908483
7575557
6395835
3706878
9993150
4902071
7289965
5272165
8010005
8073805
7519823
5386954
3092614
8526711
3408005
2469783
1926557
3207967
5590832
2196749
5534398
2169771
7477833
5803353
2211282
9230494
2559456
2359743
4703628
5357150
1234546
1384371
2437271
6365712
2168672
7934214
8235038
6649631
2257554
4990141
2374839
5484892
8094439
5694462
7551213
6434368
7067543
5442724
4411432
6246732
8108840
2344626
6515259
5117521
7380554
9383587
9425930
2713036
9325583
1998431
1503318
2793257
4920521
7388298
2632231
9335912
1359938
1051575
7757781
5937949
5469266
8493818
8559922
4111825
7744481
6951515
4634199
5873734
7419002
9866343
5538826
9086040
2293447
9395040
7413769
2917119
8131695
6898708
9955829
6387313
7536009
9720011
4426398
1479397
3764219
3612058
7451047
5797169
6818483
7409812
1275350
3640660
6633537
6022176
3599611
3428432
8773392
1919270
2923449
5520368
7933760
6600355
5197878
2166056
5218465
1302557
4022555
4851161
4506381
3067120
6279432
9111667
7036514
1729670
6922200
7883765
4962330
4117285
3847051
5932560
5681162
8147426
7859926
6356969
4955828
4942515
7987268
5778878
1980808
5255906
7204167
9097056
8958270
1439454
8358751
4254750
1259465
5587308
3066662
5991234
7575416
9575034
7825205
3357365
2327342
5319444
2283831
1327421
3342716
2856048
4445960
4595879
7845336
2995555
5723017
7272704
7390269
6506678
1967491
6471613
4288542
6737940
2440885
1117306
3486855
6886746
2591804
5013151
2995859
4405073
8629597
3323423
2158020
1139512
9231090
9610458
6478466
9605049
8714031
9951779
1747059
8099646
4150161
6693403
4477811
7499549
4398306
1240444
9176432
4205423
9678443
3539058
7449445
8948030
9848822
3381475
1396913
4902300
9966974
3563664
7503955
5904848
2819317
4283923
1685317
5367596
6318066
7761224
1874738
4985658
9226486
2178824
5844948
1680725
4896025
8178001
8203886
9078803
6231574
7853249
5952099
5084128
3846511
1061441
7228146
7040294
7998654
4451007
5019151
4008872
8780890
3058003
3782815
6746542
1612194
1773635
4256015
3186075
7395753
9961378
5558544
7682906
5451454
2536723
5539443
9725111
5691606
1789867
1947294
6856010
1239641
9770164
3765609
7689357
5749318
7541902
4697368
8390351
1532995
8679089
6555764
3954498
1245957
7731853
2407560
4324398
7067736
9230034
2233653
4969224
4380235
1789004
4140723
2486493
4989436
5396389
7869476
3968041
4421820
7311502
6286742
5259269
4276382
9002617
7082454
6911356
8410913
2394814
6587883
9937342
6236407
3219421
6029878
9314029
1490801
6057251
1995364
4634197
3074122
5079909
7356173
5302585
3792973
7593833
1217772
9513608
6505635
2687909
4889275
9207279
4450365
6052959
1463339
2524424
8149530
5485299
6658749
2006447
8287349
5903603
9139584
9214453
6364303
4238568
4533863
1549422
9908244
5316279
4898886
5878885
3980845
7282079
9165033
3477424
1539233
1084831
9997585
1109534
1339752
5978869
1626380
3791564
1341966
7433088
3068144
8904855
1397377
4026183
4056116
9999019
4478775
8455314
9555242
8234938
8325374
9426550
2394461
1074377
5559905
3756143
6548867
1201636
2343924
4201375
2457714
3920445
7450961
1078646
6474659
4503743
4499833
4049387
6278661
9544868
4176599
2217081
1846902
5663430
6541016
5925325
3230708
2784730
5630208
2504446
8033937
9524793
9325482
2734890
3679618
5215756
5165549
6187694
5673686
5976468
6353883
7038081
2708611
7622292
2502243
2019502
7785499
5580443
7113494
2565228
7579679
8579186
3221574
8504091
8741930
3214622
6379531
8382301
1354574
9220562
6051743
1132111
1549436
9142708
9021865
3921059
6126044
6999370
1130583
6154011
5376893
6177217
9272612
1726052
6562854
4420378
8115065
5381837
4493067
1042865
1100144
7493474
6305691
4283627
6693747
7925289
3742134
8926652
7158147
1218296
9992828
4056915
8124309
1215281
2159041
4106210
1911638
5986524
9451357
5733517
5130127
5140063
9773791
5166318
9520676
5010972
2252449
8698115
7763191
2694631
3278774
7507061
3050346
1037475
6182400
6469958
2074881
5999608
7669343
6543702
1782501
1718770
5126980
3189521
3113092
4693689
6006819
9833080
1090518
8745321
3444551
4826059
9729019
5451022
6205055
2829904
7759488
7382525
1092726
6329347
9418433
5342865
7573216
5372954
7443112
1010497
6405457
2668532
4954259
5409499
2405800
4372573
9590932
9316447
1962216
8064768
1948178
3512122
7149479
9365226
7202636
8145182
7030110
7888887
9257918
5237050
2060001
1606491
4720924
3959515
5397098
5405903
2922555
7442719
4732494
2333333
7363983
7149905
8358161
4379690
1006991
3452582
4508757
7702152
8007925
4754963
6393389
5386517
6952545
3287497
3714639
8692139
9299997
5112398
6558440
8864453
3107259
1211001
1139914
3584066
8059803
5305546
1413377
5650009
6376009
8477796
8326467
6885274
4457667
1964328
3171717
2219997
9457304
7398894
6594474
5755401
9932971
4250210
1298070
5993155
4908759
2640569
6689121
8365936
6970925
3637071
7104104
1401705
7828056
6855199
7792509
8451579
7714594
2368030
7023486
4286103
9801679
9569012
6535491
2742428
6504231
1652504
6582449
8770559
7383121
9044614
1174955
7268565
8639387
5998752
7111081
5966845
6853334
2515871
8072160
6502637
5701342
9546228
9801121
9805015
7944888
7146559
7559358
4497591
9714388
5994922
3562854
1179260
5021681
8054564
6724498
3537168
3680800
6293494
2631576
3705734
4472928
8400323
6133277
7635616
7794088
5749344
7775144
5331257
8242500
1682638
6495121
5395157
2988695
1772048
4022552
6618051
8673855
6254445
9208914
7012397
9526805
4574788
5788733
3302204
5194707
8023687
6092853
8587114
6414097
8566422
2727360
2623909
9558504
7543032
5168003
6228957
8150839
6819640
9744088
2563243
7525508
3093146
6565879
5643357
7466682
4438776
4564432
8296994
2738256
2756862
9282491
1704591
9786763
9189182
3451847
3436235
4599130
1742257
6887087
8016925
5114719
8316427
2164267
4256784
5149005
9857466
1392546
2670913
7782700
6496122
1525692
5209349
5409465
2487447
3385366
7830393
1521003
8961089
5386575
4649511
1540177
4247621
9444095
1619217
7664279
3953774
2213192
5880606
2043944
8097591
8467396
3264606
3306029
7330027
8677470
8217212
4289971
2251803
3903612
2928639
2438890
5010044
8309786
5767228
5015369
3888219
8854194
7199772
8497679
6379389
4226903
5748614
6593317
3076311
9924962
2455913
3547744
4257318
7869827
3748647
9107234
1353324
9609977
1008481
5118432
4054793
6715996
3805403
5874622
1115506
6570007
4778060
8022613
7347536
8456116
7704581
7921879
1309303
2831312
9944123
5951434
7804673
5641837
7546867
2697264
2446535
7255590
7937673
4817160
8385595
9671101
6788700
5420716
2956197
4408400
4060441
2923547
7750456
4718507
4739235
9214673
7702544
7077943
6025820
6127891
2635723
3296399
2677587
6871367
1838017
6788403
8880202
6904895
8034913
3665493
5645346
6823958
7163305
9576145
5612325
3547315
7396033
6362106
4340848
4781803
9652917
6829072
6614459
9039427
9845966
4042317
7975623
2161554
6871179
4425630
2231074
6344517
8363009
9116271
4501338
6010877
5931148
3996191
6899132
3180563
6182897
2796819
7632135
6425467
4124242
7717990
9606514
8784582
7762828
6703102
5818455
8409857
2109873
2767610
8395963
2222843
7211613
3927751
9423290
8487140
3216439
2641682
5636244
2360401
1757126
4033176
6188942
3762653
5182829
3722841
3737478
6292649
4220869
6507434
8640983
9839491
4074389
4929002
4459556
3106468
7665200
6494156
2260101
6866451
8941036
8955540
7297292
9781672
1891834
4050333
8295667
8265835
1977383
6305622
7048547
4060955
5284782
2505101
9357091
7164170
6626231
9898851
4360027
2862629
1922160
7240928
5414084
1018066
4202951
2788255
5262639
4951026
9653697
8265066
6955374
8348742
5140602
6204384
2332259
9827182
6498361
9788179
8871523
9483467
3435183
5423022
3512262
3360454
4054349
3317011
3700301
9968554
9121599
7794051
7408689
6045613
3039752
9318391
9585028
9033868
2709307
4280843
9459654
9098196
8057747
4117658
2657415
5385212
4021936
6081829
5593139
6277231
4547694
1881004
9764927
8261993
1569636
6102751
8866351
7448695
3274742
9649070
3050976
3892568
2677437
4714041
4611234
3692511
8335411
6662090
9909717
3407173
8643826
1953374
5502765
8000185
8266081
5836611
8551707
3946785
8376228
8559474
1901266
1811757
9353389
7348220
1729255
2108377
2490732
6060115
1416785
8872063
9524450
7178162
3706256
7854486
2521811
5160426
3388203
2243083
4596122
5904650
5513105
6912506
5790550
8807851
2697505
6760585
7729474
7004693
7622533
9593505
1574947
8311185
6730681
8710986
9444122
7906317
2988202
4063458
3087577
5550437
4167417
3620282
5567858
5251924
3768798
4803598
8109515
8875318
7494186
1514270
9875182
9612537
3970148
2542509
5538813
3870624
5096981
6621653
3075459
2629043
3676448
9695429
2483877
7224327
4412873
5720601
1668983
3042149
5796566
9366292
1839083
3679066
4769682
1520893
7947428
9672283
7911150
3914579
4281064
7739538
2863939
9013421
5249524
4824841
2628211
4609075
9319274
8409394
1904237
1868211
2479526
2117392
1121358
3991201
3024302
6473030
4414309
5335662
9856903
1493306
7313295
4153475
2061540
4811366
1098369
8827418
4209082
9792699
9059236
4968121
7519471
2443762
6981019
5299085
8421552
8300848
9923488
3776159
8400290
6119444
9336396
6687477
6835248
2778273
5706613
5357831
1589187
3112195
1983900
7032144
3938176
4039097
7249089
5107211
9971452
3852394
6515110
7745209
5636968
4757285
6501333
1193827
9741961
8620309
6133648
3366822
5524896
7928080
2746181
6429479
3759996
7034903
5483568
1467813
3564440
7486712
9737486
4576807
5286513
3621651
4013689
8589972
6376809
7856441
7036261
6446369
8624337
8988527
1519413
5672164
4685591
9296595
9557371
8138568
8054923
9146966
3614731
7603994
9927951
9769319
3722938
3942655
4612251
9212913
9897080
2192712
7595819
6190842
3952647
9967454
6732806
6784940
5244247
9285656
6403178
6714609
2237760
1489515
6987161
8370743
2263003
4472897
3057850
4695891
7554109
7859298
4754350
7244418
6576209
6854671
5165808
2597770
9040017
7902062
5082728
8052734
7722529
6297887
5530828
8609249
4609352
4110188
6826931
5655458
7362060
1196831
5568504
7995974
8569512
4728046
7036487
9482020
2755372
6819474
5151559
7961865
8588530
6688758
1862436
8427708
6517048
1161994
9581304
2591003
6049375
2489398
3546517
3324068
1661695
1387372
3266289
1869072
6208932
6650774
1309551
9078361
4108458
1852015
8315846
3461917
1106928
9713198
2077392
7286362
6013692
8258844
2645809
4783065
7860139
1922183
4399330
4273320
8348819
4046287
9239513
2538751
4273527
9058973
9982999
3252293
4942118
6697460
7420301
8694314
4929584
5891679
8719980
4621172
7731654
6816138
4195080
4363608
8302125
7771693
8361448
1571518
8670687
5242019
7575852
7373160
8144574
6517273
9695131
4565163
5089269
9955937
9212361
2202203
6752494
6796582
9204321
7542149
6673385
8725306
6209109
1137045
7132799
7554891
4508895
1811224
9099124
9122101
6845362
8681500
2066802
2690481
2880962
6670836
4223912
1205802
1738285
1394712
6837183
6159088
5735300
8640681
1341876
7016966
9821754
5516305
2719766
2022166
3909032
5814985
9101278
8362756
9492475
4710964
6376102
2944095
1662907
6673065
7368776
3479476
2290680
9562382
2924244
2007357
5212115
5404191
2602861
3194167
7102950
3385166
4465024
6987665
1666833
3071365
1401314
9816192
3681186
5082567
4440326
1230895
5008352
9521524
8730519
1858964
4343860
6996203
1412280
2829790
3720565
7477078
4878282
8421135
4787024
5423206
6237973
9985295
1012516
3828416
1630284
9136909
1361455
4383320
1206911
5592566
2608803
7465045
9515796
3728564
3661471
1730511
6778039
7966909
5333611
3214570
8739183
6207349
5744606
3498698
9446348
7267521
1967775
4931249
5002621
1172841
2435400
9490108
3970366
1953385
3893158
2473783
8817518
6618772
7894109
8907608
2258110
1206118
9465129
5954463
2230405
9508452
6380543
9450631
2785905
5161394
4593233
3564969
4585049
9128433
6292721
8758510
2597549
3659602
4651917
8869359
6457615
2671548
6778712
7043115
4536123
5621846
7198026
8799524
7336352
2816049
3392701
3532246
2940115
3198613
4891704
9654741
7990297
2478247
4229449
3417794
8694562
8155572
6077003
7873001
1738325
1055196
2671496
3302907
2390406
2388573
2684983
2359075
6486085
6395003
5558310
2126278
3294352
3025801
4814323
7591964
9202984
7701911
8311732
5231782
7028737
5891577
5477751
4284363
2032530
9080111
6172643
6389587
8001933
3476854
3497789
5507518
5898857
2664298
9827463
3019714
3626522
3192150
3333826
7480672
7302306
1717274
6269397
6691106
7975937
1101624
7626310
3708403
4662216
5018619
8018788
5332315
6489996
2772420
1845319
4883349
9227253
9738738
5327024
4951630
5262134
5923693
7707338
2603068
1678679
7290063
6704146
6024921
7207277
1192240
9853586
1165051
9948204
3249805
9700808
4512658
1993427
9107413
2741414
6874749
2487301
5896719
9263027
9367625
7996344
7674346
9031503
3696583
8315590
3239331
2044563
7475976
7207777
1211021
4086998
6442423
5435876
3443776
6369549
3264212
3360068
3777440
4222986
7397769
3413797
6302793
2381477
9720362
3974729
6736084
6481016
1091854
8848675
1222793
5691459
5956228
2232970
6375201
4332401
6359476
1249993
8998710
6059954
1048788
1483347
3728265
6352007
1031299
7711763
4887024
6905756
1908230
4198498
5709978
9950671
8530908
6600210
6208704
3577295
9365247
7164327
6211946
4786527
5876026
2624230
1275547
5351098
7924833
4859909
2938843
8187153
6127794
5829825
5200287
3157680
1788999
2247823
1668118
7282238
4763700
6849706
3680786
3540835
8734339
9267147
4649873
1603204
2026377
7677751
9864232
8416681
1732708
4081010
6079883
4971904
8624596
8892945
7430587
1984187
3740148
6231533
8279244
5138196
5762644
4053875
8305810
5387760
9914227
9290265
4751528
8579105
9017822
2668203
7017500
6412038
4367519
9871235
9230586
9018573
5823396
1704791
9036276
5115609
3626286
2559469
8043435
7793343
9201202
5739241
6584476
2113065
2703440
4033478
7597930
5864285
2074093
5153635
3914627
1670104
1936047
1949237
1258034
6001748
4620564
8479131
6865345
6087657
8573168
4710991
9355657
5659600
9170113
3125368
6919064
8011202
5462384
4983004
2979133
7479870
3293287
8273394
7909106
2532586
1002505
7382613
3076839
5675281
5185362
4859861
2130535
7561995
5635213
2643304
1201385
8211130
3562732
5578494
6395510
7720176
5343623
7627954
2046833
9652846
7497652
1142044
6455304
3949512
2205183
5481859
7901622
9950308
4858502
3126192
6547378
2494049
5526388
9942557
5346423
1112404
3292120
3382605
9661681
4446893
5460577
1107253
2875905
5409784
2615544
6500568
2287085
5507136
4036602
8427056
9193063
3418382
2725584
3869384
8875768
3645391
5726957
4322663
3203145
3056531
3408740
7414374
3286350
1878449
3988452
6084003
6274576
3559305
5175057
2591822
2395349
1788258
1282815
8853856
1384621
3042289
8714189
9842668
3847644
8201531
1791004
2876046
8105695
9181265
7322411
6944448
6068317
4847482
5459537
1165387
7327467
4078512
8899414
9827481
5171708
1577600
6877613
8962473
3465379
9991316
3887442
2009565
5254855
3288334
4317116
9210542
4218018
4036682
9759039
9853311
1396981
8028038
6060034
1231630
8105356
3877662
6052184
3238023
6649001
2958959
5536572
7060467
8685456
9180254
6423662
5669134
7001583
3217393
3234276
5189941
5660455
2088346
1450671
7322878
1113083
8791828
5982444
9745122
6683732
3361318
1700259
9525589
5499246
1067013
7356287
8492023
3496803
9491735
2057898
9702754
2280850
8528785
7128836
5927907
5619564
9568449
3995457
5987014
5376154
2801512
3574557
6907531
8850126
2616767
2822908
9871797
3373669
3898330
6119073
9102912
4903222
9318890
8425611
7035698
4523642
1527965
1146855
6241610
5346520
1270816
1794550
5387413
3276491
3067908
7786685
2547616
3864690
3128382
4203043
5657288
4593908
4501065
4384490
9935725
9672717
7593190
7039245
6076293
8092474
6835971
5437042
2814668
3822909
9508730
4095179
9170329
2053517
2170672
8476751
4091213
4360862
6985822
1455569
6810084
5448456
1866796
2744301
1835926
8926073
6369511
4590422
5038254
4462776
2631713
4325665
3589080
9331700
1781557
5838323
6413868
4756403
2192048
4064971
6530653
3042617
9115769
9935696
2009564
5805092
5676939
2292226
5534250
2971828
7608653
1210067
4726973
3105197
9141839
4985487
6249166
4475093
6132771
5891446
6476221
3344857
5814422
7569706
8959714
2142156
5897866
8464579
6900145
9996687
1608625
3718848
8717513
9076043
3209384
5449753
4719513
8716891
8898797
2848240
2185327
7115783
4612415
3093285
6025439
2897835
1532945
8690440
3084940
2418679
9081706
8076202
9880214
9675215
3158620
3114956
1217248
4944659
9318686
7917177
2724796
2958713
2112521
1152240
1026614
5462165
1572332
3819833
4701946
8622714
3602380
2964056
5606562
6886011
1242427
9721823
2807968
7730443
2470227
5403166
8950533
9623682
3131855
7856502
2514668
8519104
1672775
7568780
7523269
3116844
1275719
6232217
2758913
5922838
1048714
6530013
5932823
2204859
4513944
3238067
3331186
6871206
6518265
1410432
9872887
8079923
1745237
8315205
2519094
3282671
4506922
4258068
2687212
7977243
4735272
4850464
3709298
5067216
4514284
9174573
7036871
1191932
5048343
9717222
9864586
4084747
1534989
5509538
1583520
1349441
3323853
8314421
7337282
5465098
3677163
1714722
6227987
8421920
1163099
6682836
5575932
3985640
4309679
1506550
9693413
6019207
5476202
3897246
8500513
9213342
7561267
8118487
5756902
3012451
6734693
4317002
4369081
1354397
6544515
9758984
4626024
2739708
9422473
7402743
7594865
4640722
7558237
8778966
3617793
5319474
6096933
2831214
8606230
2337956
3540594
1757399
7904261
7020610
4156249
8627236
3579288
3463346
7730402
4694508
2201423
5602623
3362650
9288886
6515847
3253974
7676291
4862336
5638968
7187099
2797932
1626988
7168409
6834406
3558043
8307208
7621534
3255518
7225766
3069432
3334625
2874799
4380641
1221954
4146463
5234987
4352497
1585910
7221529
9612091
4218815
3524472
6379482
2707456
1124937
9739115
8214169
9658826
7863506
2476988
2151476
4559923
4749242
3054920
2579228
6047257
3827752
7652843
1512784
7598007
4645539
9535910
3548226
8318944
7806144
6140588
1165078
4162967
6781046
9496073
2838216
3523277
6695117
2629040
2245676
6945527
3631221
4265567
2672337
5177996
6282867
7339185
1916287
1805656
8039158
8687680
8052384
3099136
4210184
6313524
8103035
7861907
4281760
8498989
1046107
8762888
1983124
6700361
8063758
8432858
3006635
8959698
7461705
6589757
1019217
6169607
3214889
3276411
5639587
3733829
8768404
4410864
6328298
4077330
5389822
9045662
4926245
3844871
2403912
1545646
1396607
7318871
4514690
7479108
1385440
2864832
9408337
7499645
4457888
7703244
4870252
6691976
2733333
6340356
5245504
5862366
3350093
1455986
5398516
4139487
3159639
8465746
7489415
2013003
4806716
9846997
7622356
2022169
9345868
2721617
7203063
8163383
1839186
6035400
3028554
2967071
9482601
7223890
5442761
2115410
8473320
5345194
3964692
7590325
5442104
1910547
4757138
5970756
6265671
5307621
3949617
7829687
2010901
5451896
4952012
1607408
1392044
6947691
2627174
3410397
2727212
3401554
5049491
4745264
4062788
2875770
3747638
8754360
3526077
3824921
4633125
2618652
8283504
5527767
1726953
7147508
5724632
4136563
7642401
1003204
5832834
3222740
2546245
6433750
2839969
8297133
5229896
4759667
2654142
5392139
5905111
6319422
1508300
3525438
1641791
1947756
2830553
3974305
9270059
6372195
3148065
2283784
9944842
4831086
8044989
7829638
9759375
3728347
3996729
1777304
4050002
7014898
1689539
8802930
8205716
5003410
1043902
7222755
4442528
8347561
4862326
4169895
3219148
4854415
3287023
1997449
1928287
5382784
6225174
1185075
6243660
2302900
2886041
9441812
7017629
5586141
5222738
9494316
7263147
3172797
1973406
8473463
1493001
2397089
2142476
3469299
7851521
2256381
7734129
5670928
4199734
3060005
8912857
5103732
7524393
6220454
2637464
9732648
5598231
7375999
4551230
1078946
9347966
2743423
2156584
3122479
5264832
2450940
5252595
3208573
7440993
3763501
1261900
5248770
5372523
1169061
4244131
6983117
8825649
9096044
2221054
9161959
4111344
2225020
8965610
2047525
7697169
1534869
6496844
6507533
6655242
4871613
7702293
6263203
9157861
8993048
6653524
1521295
6392345
8674015
3391397
5118932
3831296
3043399
4017967
7487322
1352979
2369036
6741682
9957319
7560820
2277545
5688412
2267184
1316097
1819181
2291375
3066664
1566705
6864911
9368110
7265758
1101711
6218271
2249193
5500004
3305234
3075743
8944935
1660682
8074779
3601579
3163054
4779881
9583883
8192851
5490481
8754684
4820606
7351177
1845975
3675240
8624935
4053942
5231268
3331164
9689480
6831655
9661062
3000403
8119311
5524900
6141054
4755126
3304008
8971041
1544425
8109215
4716483
1599438
4732650
1762873
3773187
5041673
4204982
9979843
2572448
2454771
6499068
3368115
1386426
1440736
8459887
5708983
5010650
6870056
6976433
8023958
1196070
3226970
8890142
9357685
5634369
1978833
6404273
5395062
5753149
8474910
4841751
4941115
4953790
7810852
6526926
2347401
9246700
2944131
1403130
5143239
2028628
6187948
5789572
4617317
7209116
9018196
8522991
4735769
3721057
7495172
2587897
1219780
6762607
9848844
7588266
6193075
9079324
2469784
3691388
8240642
4840449
5243610
6498406
7039452
5966294
2481575
6144647
9156957
2874601
9844318
9865772
7577304
9774011
1584387
2850110
6275764
4439415
8062378
8107723
4165425
3649744
3370446
2664879
7497161
2527349
2849345
4678366
9517169
8736116
4316606
1573841
6340414
1434472
3935642
5981323
2706853
4175776
3509977
2862919
9361307
2129742
7098717
1105088
3029147
2320105
3489849
8972444
8003398
6339872
4343140
9744566
4968868
9460090
9901065
1804679
1722056
4494095
9857723
2782896
9569042
6855068
5688454
1042342
6512398
2388167
9898977
3700410
3844730
4645680
9999551
9436228
6440550
8453872
9139844
9761963
7429171
7351537
6149589
7483604
2898685
4938410
4302600
6358949
9481237
9377909
8494587
8333173
9150375
3028110
4953088
5013522
8015163
6046570
8691766
9151470
7427799
1163314
2569523
1259046
3269569
5870874
9372573
2233904
6327905
9616867
7118488
9121505
3177157
5203497
5072025
8758745
7131199
9284585
3857241
4627084
9281257
7966291
1348902
7575597
3046473
9517576
6280852
5938808
3627279
1086961
5576912
6578076
5260603
7248699
6301652
5641604
1009051
7453234
5555254
6821505
8037490
1824953
8413468
4644758
9065653
4722404
7883018
4757087
9527342
5756018
6241372
4557982
7692420
5232042
7953679
1893091
8272018
3909648
7374905
9275480
2017587
8945860
8028377
9991911
7710303
2662904
3470729
7301832
6960110
4012428
4878096
5597098
1100668
9829192
3750740
5127613
6746022
8669877
1749036
1469914
1916464
9803992
7255124
1879952
5680520
1034444
3243322
2677772
9005285
5797563
5090869
9241316
8303818
2391225
4738133
4594752
9074151
3636349
9556757
9573797
6494110
6335356
2367853
9420511
8971043
4717540
2353540
1359563
8995324
2058994
9209155
3342590
3397416
6010864
8717317
2620566
5922076
1669007
3626922
8695323
7300008
2931420
4408587
6795152
1217145
3586914
7480775
4667996
1110775
3541469
3016380
3728976
4940302
8826198
4369170
8813845
6205323
2387040
8767281
5089523
3780572
8903021
4255827
3608640
1816442
2357709
9577587
5236387
6850850
9975557
9440805
6837060
6291006
8345416
5649471
2891346
8270819
8849748
5504565
9321456
5567796
1453100
6586947
2094269
9565475
5711469
1492419
1958718
1710935
5405264
9068318
4360682
1738282
3994555
2177311
9565138
1100105
1352836
6396899
5190892
4326207
1170371
4023341
8154107
4886539
6261586
4144854
1170396
3887981
4497188
8424225
7636142
2435392
7858879
5378924
3463327
7882817
9094743
6440259
7461008
5748104
8296527
9668772
4033161
4613488
7681580
3309226
4512123
1985000
3552728
1533092
1697814
8915229
6081543
4497268
2460275
4257166
7900947
5664034
9975738
9174628
4880592
1073676
7831168
4097961
8531198
3634219
3973322
3119206
9676759
4428669
3120240
3475870
6820809
9456661
9501277
5167264
1363646
7448635
9118067
5439373
3132758
9767745
3590283
8234407
9647222
1210083
7997274
3175761
9067642
2903770
3007471
4920489
5767430
9181565
5709080
6498814
6425786
2495124
9652773
9110704
2360771
3702587
1480004
7671267
2895694
5465072
4754123
4858079
4807192
2175225
8592213
6638216
9618658
2882869
3600515
5995636
1939392
2492989
2435812
7204014
1534735
5142006
3584111
6227271
8708742
9179574
4166957
9565459
2145318
2948944
9553140
6246855
6703627
8433214
7527885
1282989
1085477
3550442
8469047
1184257
7127744
2861593
2461189
5995244
4840126
5766964
1133218
9657242
9718119
5049588
7266997
5273850
7168471
6394858
3019999
6160529
9135958
6358313
8996321
6026300
3457220
8353233
9729435
4272064
7656499
6810232
9842799
4812943
1042959
4613622
9771396
5599386
7699192
1537037
9460839
4190925
8588208
3881651
4698187
2899372
5577328
9495230
8879281
8662920
4888085
3532139
9825955
4088285
8968440
4744459
9896218
4898699
8458907
4766347
8566527
2254959
5923966
6719774
4319246
2941790
5508562
6126537
9737623
9391166
7223749
4337547
9009759
7030656
4596988
5742246
6829411
1332093
2761759
5891086
4775228
4371564
5768205
4868909
8733278
5115518
4541040
7610897
5994746
6318038
3364140
8643507
4662340
4744552
1274545
7907493
3489743
4449069
3598641
5318743
7473747
2234368
1919851
4416901
9697937
1643992
4217252
9653761
8465933
3276899
8373815
2909720
1853306
9697979
6366788
3673380
3196724
5351111
2651332
4318894
8871079
4062385
2884989
4986237
2109133
9615999
6340944
8199999
8848596
1489873
2157552
2831123
8314781
3545270
2282413
7799089
2859361
2126506
5262318
9222135
9470894
8821296
3104574
4544401
6209103
1524488
9340541
2176387
1373002
2461646
7272119
8521558
8532355
7129071
2205905
1843613
2267518
4798728
2521055
1650402
8402498
5780572
3973779
3676658
8664920
8412082
1797521
4110082
2806899
9842825
2774749
6768061
7128681
9463161
3936438
9646123
4936160
8965544
2573308
9078975
3029188
1770213
2318220
2535805
6891060
5203108
5167852
9717830
9807740
1661463
4983138
5258561
5287869
3690149
5805087
3053864
6893289
8908617
8196761
7832684
5471275
2525130
8867126
5319814
4231203
7348306
8239140
6808156
9897167
2112366
8690053
5430732
1090181
3896801
1274760
8173719
2517404
2530341
2011859
6968749
3309099
7246911
4804444
8713553
1582313
9044350
9784087
8983656
5354100
4369487
2313161
2957092
9800429
9327168
4385596
4574087
9109568
4261327
9451851
5725462
8141953
1655662
7018397
7202461
2952562
3976406
7232558
8905945
4088417
9747845
7718153
8573701
7741102
4196054
2632274
4030980
9248235
1933563
6952959
9864295
4011420
7179353
6862311
1605468
2144733
4993855
6392755
1599348
4902051
6144260
8060529
6803535
5648666
2604989
8484807
5517031
3437486
6033176
5334084
3673781
9595686
6668121
7584594
8239107
7888298
5962120
9794255
9656101
2364336
7374812
4300697
4737413
5458297
1825078
9568586
6206367
3470044
5728031
3794625
8636656
4401221
7259480
3307514
7809855
3853486
6474695
4705373
7189854
9834171
6110156
8229537
6086286
2373364
5302578
5030875
9075074
9270236
6003650
1905191
9854332
3751090
5243377
2851825
9600724
2261251
8820921
3300129
5556311
4239338
5485509
7074465
7582668
7181798
9391813
1211660
5627282
5970070
5110818
1020660
5520293
8964563
9710859
6158288
4358591
9459754
9206830
3905664
2964955
6987509
9712835
8807743
4386133
1735125
2667458
4019748
2828333
2673549
6050101
7888469
8362666
5487614
4667368
1087305
1449499
9483131
6492348
8589111
7782456
4157128
8430171
7563168
5791528
4833396
8092613
6748022
3060444
4911952
5153481
6532008
1208920
3536267
3732048
5639307
5722130
4490987
3322900
8254886
6921075
3453226
8710126
6904346
9424954
8094699
6525836
2365676
1723712
2263447
7609408
2767409
8383190
8082841
7528246
2994133
2731210
6868082
5550398
6704711
5323977
4676665
8055687
7488350
1430323
3176173
4084095
9501592
9680266
6426473
1137514
4730058
4536750
5013799
9193316
3165036
7836293
5276981
8058879
7631327
3759824
8908951
9475244
6487758
3297243
3699895
7460294
9740080
1253920
1689785
8650359
1221033
8997242
5400365
5973835
4537808
3311617
5744926
1055951
9676876
5088966
6995527
7059109
6850263
3542444
5648805
5773032
2760485
1061217
2986664
5310070
8976669
2980920
3361347
6754974
1952262
2522917
3384035
2143911
8224701
8796948
8776828
4498683
7820642
4767462
1651390
8944495
5562451
9407369
7197543
4952432
5982800
4814194
1913202
2112651
8876926
2300858
9871597
2380952
2234567
7964434
5664808
3437828
1606494
8789476
3243209
5833658
5924768
9562120
5654013
2186990
2343766
5299104
4527753
5064710
1099799
7260817
2437694
4648293
9537163
3127774
7088267
6385492
6472778
9003618
3828460
1966415
9044514
2702954
6010112
6257706
3335863
3302701
8760761
7442014
1495941
7643433
9836333
6825268
9244418
4594907
2577225
7273677
7811679
1089433
5760164
4035659
7260076
6297232
7660529
2683680
2482075
3062422
4995023
4548849
7183644
3373163
3345339
1914022
4179432
7124305
3633509
5195345
9276378
3934917
7703456
7281400
9714487
3024921
1843570
1875073
6970958
9577327
1087691
2357945
4083003
1067604
9000403
7306560
3224581
3817974
6549148
7440085
6619815
6084547
3459831
6316666
9899948
3212064
2047010
4587844
6518963
5781571
1548959
1075969
2677522
2478062
1359008
4377477
9628183
5429769
4452765
6135187
9786538
7965210
4146120
5794725
3692302
1419811
3436056
1029977
3246406
3996120
5955778
5078840
8025492
3886715
9291591
9691491
5243164
1035350
8292710
7554332
9458408
3534164
4628977
7838766
3021765
2533117
9147581
8053562
8916490
2659341
3732083
3149600
3109688
5570735
3576451
4485510
8327677
7330651
9308281
4579528
4762835
2075337
6599015
7025980
6543942
2140688
9809538
3434464
7631442
4854496
2882185
9252579
9033642
5069144
7818656
6486476
2279445
1412101
2463227
1552907
5407155
2025720
2706101
6521307
1918046
4391747
3059073
6460112
7674156
2851024
8231031
4292930
9557264
7875037
8193680
9307414
1297824
8605080
9736493
7012070
1564273
5128210
9943953
4912908
8364574
4243875
9006128
3873104
9426792
5533211
1203935
5541163
5176631
8990048
5018026
6185144
8995839
8861289
9767812
9440182
3925374
8278358
7368345
5030716
9905249
3474793
4430976
1363258
6495686
2759077
2679948
8176103
5039325
8135169
2272834
9524364
7383079
9713801
3138340
5080109
2818976
4702610
9800876
8253263
9468538
8099736
3599700
4799211
4759294
6102582
2876178
3453357
5097815
6725568
2989474
9063529
4610026
9114176
9230651
4188187
1281821
1514764
1713891
4991001
9967161
2255809
6244126
1043863
2521834
9038110
9552898
1122903
3258147
9580671
9227046
9575595
3394014
2006003
2666105
3709288
4474113
6316797
8929390
5298345
7595101
7136932
3078293
8709693
6185679
4657399
4654149
8049070
2271625
4357409
2999414
6945327
9914347
7545252
7856939
6105185
2622219
9299445
9267788
3696770
5145428
9649332
9988753
4190834
3868362
6649479
4364827
6195363
9665323
8365586
3765533
6544285
2829553
3492693
8091639
4464876
3668149
1887841
4311779
5332391
2357677
3629752
4571464
4379805
3844438
7731648
6321452
7806109
2770413
7201508
6323655
6802146
6098966
2233096
6129202
2305241
7525792
2009766
3717310
1643985
5821088
8198986
7367906
6544574
7839097
5075046
4935436
3267562
2221054
2883731
9463576
6648825
2103214
9244261
6680734
9228439
7023838
3054697
8546406
2191616
4032436
4033533
8083958
8343915
5754063
8119244
8214924
9824148
6157892
7219301
4600616
1035429
4903364
6445368
8488513
9886848
6896025
3275692
2057047
3158507
1918415
7543839
7777704
6518553
7242799
9859515
6687228
8945361
6154470
3464178
9464859
1266173
7986565
3694422
8234847
8675474
1643810
9584534
2367012
2658966
4228315
9979545
6766235
4422099
1538043
6814064
1915326
3242966
5562036
3562876
8140958
5755876
5224076
4939612
9619032
6281018
4032021
4327952
7156134
1163008
8991444
2175023
7194769
5120329
5121988
9034689
5030340
3018697
4032883
7217338
8242492
9547796
6460233
8537684
6154140
7205391
8462888
8594631
1059742
1851381
8251503
8473640
2567843
4575304
1615321
7621083
9577002
4585426
5606275
3346102
2890911
3699542
5285643
4615092
6841611
1168152
6100244
7872531
8466154
5959494
1995365
5048139
7511450
6327682
6369201
3867563
1407407
1822029
9883889
9099601
7507939
5366801
9241006
1634757
9927915
5100235
2001307
9847347
7458277
7138387
6574110
4343491
7750445
6781257
4629551
3278551
3881102
6466270
3882905
6262304
8018965
8786556
7929374
6893725
1382402
7883987
3934200
3443826
1583960
3745217
3925881
9203873
7506900
2662365
4219795
5586855
9781306
4246241
3318388
6770805
6133130
7548657
2299530
1835657
1338002
7901644
4758820
5292073
1602205
5660110
5722041
6855356
4830665
7709471
3250305
6689605
9074358
6002364
2279489
9252988
7585242
2026080
1377124
3082315
8381618
1744398
8253829
3375586
8407315
7059262
9240394
7996919
1199455
7396321
8804394
4754205
5474258
8738835
8626254
3501120
3483068
5979037
3467861
7095035
7137929
4312483
7520882
8872598
1271740
2381488
6912880
8815967
5331066
8535452
5404246
4952803
2886979
6939800
3872486
9044106
5996923
4356886
1745663
7614092
8114982
4300951
3359778
9371796
6156595
2448082
7931537
1399855
5888879
9375038
6288211
7053105
1401498
6978813
8406997
4366116
5722199
8064741
5523883
4447534
1135036
3196907
5619635
6141374
9490826
4745070
2856282
1474354
2637942
6021790
5217272
9631753
9147110
5443143
9279191
6204160
8106231
4012606
2070545
6319499
2539131
5808422
2705239
7002225
8327936
3295903
8874126
9517508
5072011
3032653
6723795
3207100
2309796
9567296
5864480
7832688
2624395
2562437
2859846
8384368
3808840
9787272
4367322
8339521
5143776
4437860
8302636
2408950
5546916
8682057
2376882
5591143
9264099
3480841
8527556
7178897
3074751
1914879
1307649
6219850
4458845
8181596
9992847
1341151
5940150
9310415
6442367
7208012
8863947
8868688
3735886
7001430
3214261
2191306
4341575
5656329
2318170
2079395
7313351
9259722
4277116
1756777
9913817
4065112
8145195
2313434
4583231
4315171
3315291
4743760
8390098
4469448
5956560
3979591
2085632
4515113
9951413
6985485
7257845
1039590
7432588
7500037
6014549
1178682
1547456
6957271
6935589
3786164
7240023
9150711
1965513
7149455
3719043
7557777
2878568
5924913
9395479
1986766
3380972
9197309
1519703
2758406
6320549
8075093
4548456
9606466
8381965
2184047
7312934
4892268
2118118
6385106
9862229
3722518
7214592
1671214
4143471
8608611
7638358
7445526
1840731
7457238
7742744
6022043
3261183
6226165
2753220
8923142
7591340
1029657
4023085
2222129
4062968
3532757
5921758
7319362
7116073
9607617
8572120
9942085
8020493
8551138
6456054
9156773
2328551
8451127
1826290
7502791
7591940
4510178
5820160
1397508
7206827
9925041
9025688
3464129
9766962
3191945
8035281
5493740
6709741
1084270
7144745
3914900
6516290
7583025
2442273
6255333
8407384
4613879
9509509
6821375
9762926
5239777
6183625
5306867
9211528
9319901
2609807
9877594
1658883
2594441
6068038
8426769
1805514
6505215
3426860
9675860
7802081
2472257
7551347
9639030
6451231
9671042
5006914
3281402
4896377
7555087
1828050
2988050
4504184
8575001
7430457
3818572
4393759
7319492
7855183
5263547
9835324
1434492
7731641
5168114
7030730
4829003
9431825
9498556
4077234
3650937
8069289
4282704
6220754
9997583
5340280
4917572
8195273
2648284
5768695
4549024
8101922
1754453
8107739
9817934
2575578
2021271
4700719
8668653
7318479
2394185
2532941
1035780
6864328
2629853
6731129
6806099
3579355
6168181
3565785
9504581
7707583
8204066
3843797
7293251
3459247
7096007
5677639
9542434
8871798
5190876
3609119
1278012
2506141
6931535
9075094
2035740
4615535
1656196
3497869
9324115
9797670
2760253
9334018
8977575
1754676
1779349
5590317
3304683
4470511
3285607
1239677
1247850
4776537
3177676
1574698
6488573
6158603
3879488
6891831
1376700
4473086
9204646
8674886
6951697
7247286
7333218
9176535
5594792
4005772
1031716
8750495
5369411
8693142
1869317
4649921
5179625
3789941
1025865
5770923
7514558
5771834
5180677
2206928
1959214
2689141
5717786
1876989
6633027
6018268
2559839
7318746
6208599
1930005
3258461
9683200
5158691
2706657
3216115
8078705
2139637
4277412
3553498
6574456
6203392
4728533
9101251
7246686
1855565
8211454
5819997
5821190
5922000
4993328
2075250
6765158
3843413
7290823
3568817
6951458
3658521
2496917
4171782
6618631
8358582
8239662
6981029
9493728
7308534
3522576
6415078
8436600
6507912
3542700
2054283
2743726
7029839
5329685
3174749
6407278
9434648
1738372
7696371
5325393
1507300
5148230
8468052
8817107
2933156
4801795
7048180
9918509
3310403
1188907
2185563
9976271
4505245
4324030
7791843
6305660
7428621
3730360
3075552
7970113
4149859
3082072
8199002
7294995
9077813
5230796
7430133
3432260
4490956
1844027
6009138
4460322
7595520
2822318
1496782
2918060
9862366
7234076
1866440
1321778
8475845
3288336
9928128
3595784
3120592
1130233
7723835
3750886
9275309
6970958
3048195
2692319
3174412
8219356
8868011
6885564
4957172
5104493
1308017
7658805
4120175
6406486
5146428
4998667
1048934
9960798
9349764
2149701
2685959
5967558
5378256
4001221
6485602
9980666
9522011
4068293
9805523
2681618
5883344
7082996
9657626
3484293
5302069
9638887
6181895
1455851
4129444
3162686
2342032
6826860
4602099
4517844
3283717
5370123
9220341
2148322
5320986
9179977
1050714
1496817
9259043
1619383
3293361
4201401
5680031
8503707
1985614
3099611
7463595
8337790
6903687
1713336
1205976
2785745
5000088
4134764
9821398
2539705
6222374
6402539
2240335
9929918
4522273
6076854
2567696
7265035
8268610
2158713
5597218
9018531
7293044
9148548
3277111
5908833
4301967
5402084
6268608
6456297
1498367
4110813
7727835
2587185
9199555
1228423
4189930
8480166
1527633
7209155
1200191
4597948
1580056
1226072
9689459
1139989
1950109
5973613
1843862
7515469
1448135
5312101
7568768
9942496
3549174
5720723
3006470
6331897
6094797
1031192
6682633
5874455
4827280
7780576
7644072
4015902
1633257
8434293
9781013
2922552
6699781
5416958
4370629
6203814
1413019
4970009
1841729
1070823
6537357
3482768
9959834
6180931
1609383
8780026
5358265
5322548
6941956
5853681
4061204
3380402
9264847
5351019
7639677
5169690
6303911
5780535
5385301
6743674
6916380
1718678
8626205
6754619
4987094
2808500
1185453
6702955
9914006
4200129
6672189
8518951
3480468
5940657
6265888
5329698
4026182
8184844
7725457
5936084
8645826
7378354
5739558
3956353
4767290
7161391
4021345
7056804
5544487
4034167
1509990
5650552
3070465
1087294
1441286
4582372
2370986
6985590
9394105
9860481
8310186
3428774
9978155
5430153
4138133
1302948
3105645
5779613
8924617
2157231
5196300
4670514
6148180
9661611
6701183
5076122
8130290
4741497
1338873
4572779
3204083
1299506
7218719
8005326
2008635
5387137
1274644
7398757
5701284
4560602
8943919
4119706
1668030
6392859
9001038
8951809
3357558
6511485
1790468
7791401
6618260
6147830
9537198
6653252
3654942
6716079
7007587
1959152
7740314
6641373
5652297
9085153
9023025
2046463
8769220
2884653
6176239
1752946
4143754
5049204
4199719
8381748
5555026
5476074
5610868
5052467
1921707
9640003
4611034
1059345
1439657
4390906
8573322
5522295
9832570
5066557
5192836
6874771
8470742
7086392
1362007
2613935
8691925
8711612
9776516
9272431
5406106
1928524
4894209
4306087
3793069
7638468
9014681
8095959
9016487
7766567
2690992
9149956
4298246
8366979
2324900
1332403
7337057
1414915
7047440
7073989
9194997
2421777
4404906
9230186
7593821
6741349
5797964
6429379
6629600
3892591
6614608
6194264
3867236
4566301
3728724
8978483
2537153
8333193
7307421
5412567
8272497
3025219
6158103
9522336
3638883
9121718
1084218
2149112
6088046
2767673
1462153
2401843
8595043
1002100
1075444
6219976
6493051
2193837
8815774
1477293
3208879
7826030
8370809
1264078
8921127
9964629
5530892
9654377
4898186
7687544
8003990
5868105
8746164
3483058
1414989
5457820
8688390
9837903
2997119
6625843
9907414
2015440
7643354
3960599
7487175
4313755
7315463
4846274
9673332
6660674
8535088
6473153
9270278
9022446
1581154
6512356
2964645
6315111
4953678
8339038
4106699
2815491
4045930
6128384
7387956
8470634
3451317
8838349
2398706
5918786
9287703
8593273
8642205
1060923
3148262
3107011
2875495
4156664
2993925
1205100
4752269
2876376
5212775
8665106
7086377
2787553
3602737
9894766
9266212
1654537
2286014
8325158
2298570
2086176
6757628
5857104
8445366
9383197
5317491
8679109
6776556
1207683
7924710
1050909
7376389
1123055
5362258
9400204
8273669
9638145
8378579
1485912
7358088
1277285
4553510
4628790
1510235
8308861
5959049
5835457
4622120
9795948
2215103
5739030
7542537
2698626
5294192
7670798
8604413
5228351
6158380
5133913
7670008
4949702
4569936
8041843
6934036
3927456
3427521
8799878
4588326
3453225
7859030
8379356
2655852
3959195
3222226
2915263
1064482
4055348
8653966
3741360
1723763
5792263
7291445
2051712
8596685
2779549
6075177
7627597
7237901
9269061
3836164
3897564
7046489
6937471
2725945
7983888
4702669
9104129
2261656
1569605
4831245
1558948
9591984
3471500
7014842
8633966
1078222
8999555
1745600
9944636
5327012
3876495
9487051
3576140
4903814
6682553
2011801
5327781
8978701
8671522
9927403
9987491
8465886
7361508
4824213
6713507
4850693
3198919
9100405
3795847
8859066
5208797
6885824
2984486
9097926
1915451
6755192
7941395
5029375
5402452
3285242
1757832
3409967
9560115
7412851
3714160
2538707
4306068
3996403
2681806
6423295
1839520
5353625
3307725
3670943
6395396
6515182
4505636
5409816
2120621
4330574
3604581
8911244
9958946
3004225
7747811
6230909
1285693
9584745
7243710
2509897
9178311
3094035
2838221
4961235
4757551
5203951
1173734
4935298
4931047
7465117
4866636
4144739
7260508
1264285
7270134
6234922
1783824
3454313
3186360
9542998
1733141
7100255
2068753
9029938
8469351
3358805
4777360
4295991
1578983
9533393
3742627
2807119
2092464
3825937
1423165
4083316
2027608
9667780
5237027
9008503
5101253
4012252
5012820
8475101
5015273
8359419
3252051
8924324
8288987
1905546
5997970
2184355
7433427
2757097
7060285
6707471
8971714
6356928
2907551
3892634
4332556
2708468
3628085
4266549
8197347
3396150
2939726
1697910
7346305
6424693
7074779
1282005
9933761
1552371
3974937
3251345
9173915
9705141
9123735
9191280
8917563
4786772
9268902
2698787
5862844
3488177
5261533
9723335
4065158
4526406
9526470
4356680
9634176
3449495
8418729
5025824
8516468
8750407
1868082
2577086
8738111
3451078
7270913
4024001
8180785
6337000
3669391
2775203
4275911
1679313
5695928
1628915
2199042
7108237
7346793
4586810
5678819
8708220
1463910
8444543
5559174
7615274
4617528
4575463
6438808
8787645
7562994
8528820
6643447
4669575
2921503
3444654
8914341
2944380
6621514
5343839
2227239
4154685
7160746
6369911
6569472
9896595
1422823
7790352
4315461
2676919
8555469
6607244
6975645
9189709
7462732
2637659
9476055
5778545
2100457
9852441
8038760
2402666
9552069
7601364
3448895
3547644
9055752
4817259
8588231
6473882
2884586
9573137
2079097
3358135
2787486
1988209
3431898
4534589
6782171
7178604
4177176
9998039
6564872
8001086
6998141
8833321
2420931
1854462
9529486
5528351
9533582
6079556
5742339
9819107
8842518
9856165
8800482
5499368
5631522
5333913
1313530
9904356
8738772
5640510
8189369
4656474
1167135
4868149
3359914
3417365
3205126
9665514
5251919
1860785
2425164
8231346
4537175
9598482
7632766
9165773
1795325
4640248
9017305
2959114
9607869
6067307
5774425
1012170
7809074
7794128
3373599
8439708
3097873
3768990
8758270
1018184
2020156
9250922
9273506
2370983
4912068
2205726
2519709
2081583
6568830
1219272
9726351
2595149
2650752
4237774
2821810
8985259
1858553
1019136
5073344
9664209
1066090
3681798
5331905
2706663
5989957
3652152
8581172
8878105
7892512
9251661
6080345
6440211
6147990
6604778
9713433
9801452
1835579
3057436
2362259
9234847
3246841
5659617
5520196
8097075
3452491
5027937
8871634
9823165
2668758
7874170
5692469
5999612
9434399
6099064
9415491
3672738
2662701
8850596
1651222
2799026
4020348
7683891
8507292
4061764
1785115
5204000
5755514
4279334
4596195
4263380
4266013
5616989
3263444
5744000
2589664
8547593
7421901
5919181
3090771
3515558
4355432
3853291
3841646
5321326
3999344
1327302
9891474
7344092
4586239
5691991
7238584
9446604
5349497
4651159
7980856
3775551
5844063
3853966
3492920
9822330
9641552
8902729
3652271
3407693
6944034
6457193
3225941
3471793
1683929
4583000
7943081
5965259
3170050
9584855
3656030
5669197
2794735
3695411
7218531
6825212
3414352
4364310
5245454
6495436
9954217
9130234
4811236
9714599
5836405
7934136
9274567
5349388
8551191
3055807
4949629
9878804
2815545
6399264
3189465
8726865
7646788
9492741
9632520
1841935
6133242
6080770
9541306
2141820
9046131
5226820
3269546
1485092
3935410
6467173
4611084
7613652
2488675
5203170
1376658
3748640
7347507
6868772
4204956
7379009
3272908
6323386
6648506
3449558
7474988
8211560
7825694
7929867
2870689
2837273
2349539
6793879
6481699
4579439
3575348
6870047
7376333
5608891
4828826
1654712
7969017
5642248
3767398
2060042
7662520
9802322
1061175
3134159
3894507
4424724
1977769
7713403
7540098
7681663
5581851
2174326
8338638
8683462
1750426
4659653
3262148
3918358
8339183
3102598
1565456
4799267
1689409
9298202
9997395
3819870
1702761
6046173
6726779
9337091
2378449
7958928
8265790
2097422
9564935
4805208
9294899
1643533
7843556
4817631
3179213
3865681
2493971
4914137
4111796
7157822
2689856
9854625
6270274
4995586
8049055
1849089
2479511
2115618
9697686
1580241
3343513
3384112
1636680
6373686
6731851
6960601
8876607
3223564
7393737
6266523
4197941
6203422
8901981
6313171
2682239
9570130
5081857
1284660
3351895
3842594
2433522
8519060
3504644
5533701
5121198
1000544
2197096
7071980
7531338
4501168
1720870
9250919
7690417
8252150
8616238
5049064
3169917
9949903
4217190
4608224
1770027
3588860
7768310
7814214
6965375
3361514
6954992
5355382
3583347
5433069
8592027
3799094
9209245
1029003
6237915
7262163
4538140
8280309
6272062
7855594
2188030
3618641
3196453
1528258
4437682
7694578
3138509
5660823
3962468
8130729
7880761
6408818
3073659
1856181
5584830
2660403
7760299
6920277
1146474
5011633
2153079
6735487
4429458
5812920
4922119
9327145
6929015
7875313
1885153
7759236
6666388
3475295
1597703
3062472
2511943
4891013
3253613
3017002
9449369
2044134
9558934
7825707
6159276
4292196
5109514
1458826
2635776
3051082
2841910
2859738
8635490
3473573
3360544
7468974
4684337
5638157
7279428
2598768
4385806
5463361
6927312
4384785
8561887
2890992
5688633
4687450
3224832
2771092
1203192
1772449
9488968
5519929
3098277
6517784
9689907
3224924
1786414
6019200
7685809
4935086
9068404
2797691
8474250
8433592
2538690
9119230
8187244
9746904
5386794
8554661
9788115
5712233
5916478
2285984
3964179
4010497
1489832
2733451
4741957
4070035
6640487
6533212
9065100
5339317
8224038
8196149
4207299
3661565
6069627
5634586
9196292
7633604
5879993
5742716
5112407
5083532
7500914
2846964
6701622
9529534
4159308
3545995
4733370
7243980
5358910
8601462
8718883
6490357
7251368
8455391
8134664
8175975
9796685
5487198
2054809
4846206
5817902
7028359
6641614
6701610
1191811
9020188
2614639
3537135
1666776
1597219
1160510
7038535
9275523
9257235
7843460
3887842
1711422
4974440
3047991
4640141
9559397
5889302
3767749
6986416
6015053
9000217
3576895
8451826
8001790
1462891
5415653
2649015
4870351
4976591
9369610
2571337
4773021
5941387
4003428
9116180
4876135
5490994
8967410
2661515
2377481
3860767
9099786
3937129
5696339
4804734
6204478
9752146
9363590
9468100
6713578
4039960
5919466
4887231
1755549
4158553
4601935
2131655
2774242
5641413
7139038
3223764
2811498
7041597
3329946
5964458
1554903
2183703
2019705
7261999
3204391
5569726
4195737
8419997
6393467
5813750
5395233
9470610
9758979
9694654
5225909
4594564
8108745
4668302
8373589
3251795
3871062
4300608
3026707
5482039
4660932
3064843
5722223
3347544
1631778
9170538
5596112
7496509
7347133
1732955
9994721
3800348
8877713
8705475
7336070
3856271
5066956
2395374
9337722
6236008
8590779
3322165
5893895
9219483
5721785
3546528
2496154
5773790
5455499
8166558
7628030
3968961
8838318
8190997
8049504
5998438
2564020
9264019
1241992
8600010
6347204
9599285
5186685
2380581
1523517
9693989
7074491
3543153
9675765
9286643
4596803
2678617
4610587
5450831
4063884
9432639
5494266
6758561
8932567
6076138
4558238
6154949
1536480
5027019
5446353
1669286
9403248
9184490
9379198
5538230
2235856
1172914
6282935
2296583
2046616
1260949
6611794
1803273
1414309
2470621
5634030
2008800
6105128
8417297
2750995
6007521
3175451
7870272
1067320
7573802
3768144
3400492
5637214
8140443
1604834
5412630
8126873
5054389
6337548
8293283
6296750
5110413
9424088
5947752
7124952
1042220
7248559
7675927
7592357
8012678
2887951
7349701
3143934
6187990
3103388
1863575
1501187
8203282
3903245
8300169
3809812
2408656
7467527
2668314
7923181
7496245
3190727
5248151
1649961
2152597
1056696
2555075
8334375
8428973
7468068
1519072
5049546
8105784
6784967
1627421
8390234
1552753
7757183
8839196
9508488
4927782
7560736
9678943
5831182
7421494
8869029
6901390
9676597
3260135
9104449
7426919
8589552
6921574
2861075
7917442
3716710
5406300
8663159
7387648
6112589
7939689
5351032
4867664
4175922
2177535
6095076
3749781
2234590
5151609
9413144
7387440
9396583
6721147
1648861
1342872
8716256
3291495
2508740
3277053
1982659
7574785
9831879
2185932
7915075
3658442
3683403
8694195
4052508
5364622
2740749
4994500
1555541
9208345
4210410
7042035
1214613
3989258
8515850
6733433
8104095
5189631
9698155
7415451
2225964
9886640
7964294
5852805
4002660
6274392
3849375
7579216
9266488
3151309
1118062
1317411
4336287
3185009
9693477
4807029
6454634
2654401
1269982
3030704
5613894
7221514
2284579
3717745
7441550
7680409
9820780
3277259
2624407
6291657
1278573
9920457
5979394
6432524
1396281
9023574
8545658
1215571
5383763
1903002
1063463
7144529
5500762
3724686
5507595
9918725
8214096
3283930
3272467
1565607
8908981
8611919
5023440
2520942
8009682
6573950
8776767
8587452
8055441
4763635
5345284
2129895
4899657
1020625
3239030
3515685
6878232
8998283
5676819
5570195
1080745
9595005
8869780
1558882
9684630
4608677
7592860
1546271
6574567
1390529
2558090
9890653
7709111
9363973
5101997
3971456
2721655
1778233
1771095
3067689
9374028
4758253
6149514
2885881
9114772
4826650
2764176
3847620
3014598
9047639
7040807
2735508
5078071
8374004
2822616
9970071
5528377
7350135
8850984
4723558
2884638
3975088
1099432
6457586
3080730
1002619
6492839
9158477
9072199
8756434
9487496
2368914
5303041
8183372
2205934
4400755
2876785
7358838
6091091
1029405
1018600
2301069
2028024
9465610
7480033
2497109
1090935
3289698
7861289
7684568
3373044
4657871
3967066
3097214
3291122
9599836
2873474
1852550
2176194
7776648
1749411
5697887
3090005
5089325
3517716
2116901
8272563
3694152
2113477
3329595
2747396
2870501
2675616
4394561
6902732
9438696
9019338
9565362
3877300
7950969
7384072
1443997
4276867
6845645
3616959
3837310
9607020
4612686
1444884
1631801
4926400
1152807
2959410
6774194
8052612
7022893
3187049
3307147
5671581
8877165
9498355
4934075
8712040
9006670
2483091
2970631
6754150
3943651
9173783
9121696
9458324
2910608
1419900
6008154
6583065
9460821
9400368
1311556
6879065
8456316
8649522
8107624
9414503
3689371
5242902
7952032
9072791
4462407
2082660
7770451
3567280
1356885
5326944
3168651
7366721
2283662
7179045
3667380
5800459
1257518
6536427
1888564
3152027
2593817
5620327
1807585
8363067
8291227
4207249
6503843
1225918
3062810
8989505
9497896
9051002
6033051
6769011
7414653
9848275
7349165
6251818
3991504
2386929
5780021
5018352
7320895
7451667
2779287
1015482
5174940
1754813
3299071
2501226
8583296
8143245
8458697
4073583
7136840
6835564
2095635
4326408
1172849
7085791
6054364
9766373
6810828
2245181
8743385
9266414
7850270
5615483
9043860
1127261
2526678
4577315
6235393
6944326
2118187
3931108
3395039
4354999
1584786
9897090
8875143
5522298
6824089
1235950
9536405
4400439
9601315
7316720
2796272
3340214
5288640
5768256
1065463
8008835
2577384
2920949
2072137
5111594
3767381
3387669
5878705
1430114
6308154
3020555
3391725
6047110
8498787
8895798
4086105
8816062
4519018
8403869
7882941
9721340
6031955
7045377
5721584
7350562
1194309
4020683
9673767
6639426
7028070
9175653
8992605
4499965
9874833
4867493
8373345
2989004
4676982
1085539
6232631
1895133
2416463
3850987
3665388
5366549
6074235
7309838
7824442
8003124
8454393
4253331
7006995
5715863
2070466
7469899
1424077
3190230
8105858
7746562
8364843
8979789
4168885
3043473
4364356
7449464
3259355
7862801
5656915
3610232
7301719
1851242
4034906
4821746
8455722
7800521
6036019
8127063
4214214
7409008
8454964
6170942
3244562
9421095
9241278
8115692
8848762
1766224
9454563
4237686
4227183
9415704
9378801
5018494
9722498
7866698
3991775
4232665
6571544
1148349
6576659
6135889
1266379
7222126
1693710
2029190
3429982
5559528
9761269
3381039
2240986
7361631
5546429
3924670
2549641
6167325
1716657
1338402
2564238
6355284
6853219
5189862
7256095
8077202
6514861
2081718
4285601
8796050
8902690
4905410
2552863
6709358
3241751
9656507
3684518
4004210
8002183
3957563
8705919
7600781
4124967
9695745
2344393
2580961
1422855
6017689
1751411
4582073
7026465
6576667
5490260
2584282
9370562
5047690
8014375
6116530
3053010
9108252
6761254
6736557
8589058
9203929
7884033
8324455
9946256
6278044
5161019
3554492
6018490
9820150
4542050
5469882
5960509
7913010
7090089
6332792
8320456
3505332
6906659
4287296
3086338
4084539
6887198
2964711
9022133
3800069
6013274
5514174
3558293
1242450
9249765
9997793
3341937
2287872
5616148
1453612
1107637
5266389
7985120
3599438
8694425
3385308
9638874
2702261
3815210
2403366
3550220
8478249
9176051
3029041
8088046
3815349
2394056
5582951
8974850
8686655
9615470
9804541
3100172
8856441
1458602
6570556
5276337
9466544
9030373
8131869
9827500
3993602
2672376
6476364
5961383
5142189
9256026
3711503
1739196
1108546
6569763
5425664
8674503
8544504
6024636
4587254
3377575
2176860
3758246
5049538
1995474
8125414
3965411
4344853
1255250
2265448
6621444
5669887
5802976
3043743
7967888
3464018
1320283
8708204
2377742
9610789
2431141
5905948
3300016
4126388
2798427
3104739
9247708
6399397
4251054
5348904
5577496
1822246
5214883
4654138
8656017
8045937
2887267
6271584
9565319
1401585
3763647
1728461
5704217
8556095
3446341
2473010
4706536
7901957
8059384
7624046
7284459
6378499
1160814
1186209
4347919
5675376
6754123
4574302
6600136
5478712
5944085
3016446
2827705
8277348
8234613
3202193
3281468
9462104
5466697
5989936
2913934
6665077
1825064
8215598
5117914
1123167
3512563
6884397
4434912
1733976
7003860
3101196
1165506
1031499
5740822
8919038
4992107
1101669
4218337
2644214
2076636
2359262
8150288
2099710
5483349
3235542
8236593
4108007
5935708
2412570
6737624
5718107
6945325
5663301
7989792
7778638
8731646
7948803
6754368
9925971
1238317
5832305
5425797
8320331
6845704
2121184
6335025
5543736
6303289
1557433
5867312
1025648
7473356
6354042
6252211
5961324
3264607
8012062
3448876
8322816
3460581
1353499
4905508
4543141
6787414
9197445
2195708
2921842
3092471
8559824
8043262
6930730
7511937
7211443
2811167
7026414
9299313
1862631
6587923
6179667
1829931
1748302
2303053
9883086
9418251
9447345
8886546
8324300
4610314
7861090
5439929
3889118
3079306
2417088
5158657
8815954
2467007
5827033
4082638
7953885
4935097
4095658
3567810
3187700
4785234
2136897
8927924
4074489
7600304
1103492
8202512
9048402
2440887
6227274
4448715
4588182
5147918
3388774
9896833
3117601
2215693
3205637
6454508
1753287
4928000
2548525
2932547
5914725
5812570
8793573
7842285
2062739
9337722
7882804
4110496
5379189
6568530
4558849
1123291
7813745
8212410
2770137
4323068
7144635
9145488
6220048
1579390
8100171
1605257
4765374
5850131
7973233
5561305
8579627
2235162
5476671
2085307
6343941
7424829
3677028
9205405
5346573
1861866
9920728
6487852
9923731
5236204
3991411
2257975
3481750
4428517
4273689
4262658
8180045
4555882
7315920
2854954
5083395
1854011
2714674
5632495
6277341
6434334
3985853
8175075
7507639
6849175
5495816
5234414
9560109
7429893
9562641
3724795
7540790
1517787
4594289
1610627
1845802
4624698
5407600
4480948
4626148
8670824
9155893
8925757
4184258
6631408
2394966
2637625
3294985
5384534
4955406
9844789
2926438
5608756
6123916
3885536
3867919
2484789
5150376
9176014
5488648
5554925
9805232
4428969
8533954
9115860
7304033
9154292
4731933
8380126
4072626
6467133
2608206
6843768
1660553
7439135
1692444
8998688
2355217
2817393
9010821
1871649
7801571
1788495
2760829
8929706
6452385
1938947
9225750
8801930
8260130
4777423
2871163
7690123
9941895
5226265
2806678
8497896
2038572
2458291
7927634
9804652
4758330
6441799
6895098
9837608
6569562
3163420
9478976
6897680
5584388
9082311
5768602
1326834
6607221
6329072
5245191
4884052
1457919
7427775
6428080
1186794
4731322
1550628
4809705
4507569
2200728
8234945
9752022
8442027
1182167
7842036
4664363
5247223
3318607
7012036
5729035
6657036
7680747
3789927
1437010
8265746
3017780
5050861
2144238
6811869
9774537
2552589
9605480
9561286
7218347
1713867
3841473
4528232
8254261
6502978
3570999
4952628
9880745
3831315
3834407
1049522
2348965
7078186
5175628
7030933
7708724
7607914
6892581
9835385
5564032
7658997
9662645
7252859
1004005
2233945
5652388
9715637
1217186
8602522
5700867
6817236
5674601
7130264
7916717
1028824
5422678
4198557
6000456
8476584
6138876
9153797
9699947
4507088
8198362
4253898
7276570
6259288
1461676
8753067
7860844
8368898
9603358
6578169
6372622
9636383
1932379
7938174
1534752
5662862
4995844
2644618
3033853
7612754
1230589
1063259
2592984
1439631
9813537
6575848
2829953
7745441
1024021
5680842
2594503
4384729
3973306
5081992
1240056
9766485
1847036
8135485
4409412
9363835
8844168
2398376
6717504
7681042
6272602
4146640
3308742
8345661
4292852
2348818
6705785
1622036
8873770
6574729
1283366
2329632
4841434
1877976
3464582
9959155
5598074
6010070
8896672
5178274
4215946
5632791
2168971
1077409
6486824
1893267
2994705
3236345
4675714
6057270
7395695
2963880
5696229
2406403
9203898
1019733
2075380
2433830
4510555
2270638
5819893
1175764
9379835
9327904
5933190
1470049
2859386
8777842
8918445
8031390
4507544
1485567
7977293
5450476
5861238
5733646
3301043
5118818
6622775
9043407
2769872
5798806
9195649
7193461
6610434
8431820
3358688
9537834
1483274
1114297
7424649
8657587
9580322
7624242
9692411
2367778
3019176
2220022
9646145
4243954
8296883
6301332
1257300
3460034
7171527
6606458
2393054
6956273
6714019
3192476
7588634
3431954
1469239
5892669
3306199
4928652
4002482
7459869
1003163
9400721
3036218
5839552
3366180
1423545
1422709
3586262
5505866
4871034
4220932
8799372
5095424
4958598
4197776
3876782
5135865
4250754
6235004
6620919
7842023
6445726
1804858
8818231
6573214
5235413
8751866
5144415
5136856
5808003
5369468
7255916
1140369
4829022
6081926
2771438
4284883
3855890
5934130
8674356
5152396
8032189
9208351
9932822
3681499
3155716
2281928
2317215
8703913
9883408
8570161
7837717
7761204
2034793
9784125
1372517
6127207
2623021
2776093
1741936
2259045
6227756
3704035
8355116
6991589
5983395
9900148
2586424
8906615
4685140
8944860
8767809
6391141
2977406
8655036
8665994
3417141
9514046
5540766
6211739
2131722
2545986
2490345
9700168
9211306
5158566
8669360
6406044
8577946
1863853
2002020
3990755
4988133
4948701
8434538
6921553
1325884
9172919
9629448
3049490
7488695
6438417
8489208
7938671
8663417
6958098
5624863
8131161
4899658
1772247
4743830
3098239
9766315
7465896
1447493
2576492
3432232
6097494
8524111
2806809
7807145
9278612
9869292
7570042
7184360
3068374
2326671
9520760
5146347
3529668
6814192
6713397
3967902
4676042
3012724
7991277
4066316
8762380
3232826
7137527
9362618
6950967
8846276
1670827
9125152
7223987
4228480
3389278
5242053
1074485
4419954
7900617
5879222
7154608
8923905
5877832
8650722
5077163
2058011
3605246
8371605
2223790
7190725
5879701
5150799
2080022
8670722
2170019
2886720
5094280
5315039
9433256
1547875
4521730
9008281
6594292
7762996
5313229
8021356
8586213
1313359
7025359
8253882
2738958
4182247
7573308
1082004
5876404
9580959
8615917
4052903
4837874
2463560
3020745
2976646
4494844
5247928
7009823
9831759
8283904
8670339
5602006
5813949
3349032
5843929
5554620
9476554
4175036
5938812
2391226
1716159
4641829
6324444
5265128
2701785
4422797
5822160
5274813
6157785
4080801
8701683
5582175
9976937
4077752
5600025
2217625
4739238
3065997
2303021
2427883
2544206
4868648
9510313
1921786
8473863
5179548
2527472
9888936
9690314
7312873
3898827
7107710
5290730
5584321
7660990
9122950
4349445
4089960
7723974
8647542
6472262
6168180
2559730
9731142
4541844
6428916
7504283
3835683
8291354
3226349
6847810
5067260
7577012
6495232
3457668
5234041
7286899
9238119
2965948
5589579
4175693
2938654
4313589
7096158
9665572
3536670
2922058
7167020
8239857
2637316
3643549
3254507
1518733
4648785
6588464
8392422
6120988
8710475
4481251
2917482
5037142
6126720
4615114
9781782
6583987
3935082
8704490
1345622
4741426
7886766
9979601
4392297
5608647
1403327
9926991
4077341
4299487
7074079
8697428
3017309
7250001
4378886
4248487
2227105
6709858
5239643
3746625
6111939
9436981
1363551
5020164
9839602
2962189
4677929
2008667
8642367
5517505
7779276
7125359
9477781
2794107
2721684
9810498
7461382
3788204
6207407
1453420
1620416
8784208
6590505
7776368
9775390
5235097
6963472
3879163
5013530
4850043
9199158
6445752
6444513
4612307
4987797
1967250
8539327
4624372
8509645
4613639
9201209
6968016
8122760
3500646
7181562
1372736
8525118
8989413
7136229
8392688
1459860
1523361
3015945
9376042
7514208
3882482
8427634
1355133
4359048
2346154
3896604
4525898
5978888
8795435
1155267
2193962
2929169
9617762
7789590
8723711
6812687
4914852
3051210
4851094
1702595
2065379
7057034
1962422
8438031
8038604
1539403
2613576
8448465
3426177
3290110
3297570
1499686
5839982
7545375
2201586
2547600
4342410
2219051
7771075
3672690
7261036
2055342
6573807
7497272
8606919
9518714
5091170
5381459
3186500
5971507
6569350
6682978
2125499
7469128
3526352
2866476
5588813
6075452
9957863
6939594
8966752
6232738
3107180
3919586
8462264
2827623
9753578
7221326
2604399
3188873
1681883
7495642
3900881
8246438
7481045
2684908
8589398
8014895
3387280
8572543
9458748
8433659
5940116
3698055
7614145
2681784
1960835
7641465
1619578
5372988
8091584
7720291
3955795
5762746
7936763
5012854
2290148
1522511
2388955
1836452
8008107
6163260
1758214
7929508
4466860
8548719
1288656
4484499
2685026
6306298
8670653
7398004
2721248
1210277
9048949
5737752
1715337
5923294
4532099
9363481
6793640
4633871
6753737
1255296
2042925
5660232
4535620
4202054
2405253
4625883
7888312
6086648
4348629
2061639
3744312
5767155
3019090
2304844
7744788
2353871
1327487
6746014
9159967
6051225
8589060
5278900
6516059
5775032
1944040
3902655
1298308
5000496
3947371
2294840
6744054
6684485
9019907
1668690
9444155
8968823
9772913
3474959
2010293
1119596
7865278
1289967
7162148
7183276
2469399
1367362
3328789
2664454
7232066
6968863
6349480
5214607
3434428
1893741
6139516
4007242
5613745
5257118
3964281
5285091
1446359
7259772
2464825
9869846
1466664
8996571
6810259
6094701
4594810
2184559
9445382
9434790
4606908
3696054
6828287
4926066
2089807
5880469
5835975
9684378
7478975
8020353
8383436
9021821
2784732
7436308
1820555
4682292
5505721
4418048
2205078
6201558
1442304
1346271
7569287
3750167
3481904
5639912
4400897
9394699
1707509
1314878
6439071
8328265
6189923
8781410
9096061
3502506
4498894
8925001
7521631
7871025
3454088
7177609
4751297
7514500
4735352
9335789
7512827
1826329
9827667
4957031
4585809
8370220
4864250
7335589
7582293
3810668
5625712
9137020
1707321
2750838
8474358
9643457
9760821
8985848
8010949
7166135
7081233
9680824
9580456
5892386
9702672
3469549
3068787
5204090
7176441
4269835
4145059
7964539
9453763
5007196
3275924
7284889
1721372
2972682
8376537
5204177
1725654
9343993
5012156
6144219
1859950
6187473
5206930
9423420
7276987
2319577
4106937
4859383
2129328
9888447
6363696
3041955
2238669
4839092
5418964
3067352
9956520
7842740
9362675
6923459
7321748
2679267
1550607
5347289
2228651
3188755
2489329
7958568
5748478
9858850
8130214
7992713
6506069
9828352
2596187
8811314
9484005
4772751
6149776
6011816
2684685
4894435
5417468
8016145
8470540
7248488
4945150
3254120
9882820
6509731
2187194
6367881
5740835
3949585
9843480
6320428
4271476
8978091
2701269
4782702
8249601
4214603
7298372
6870283
7529890
8666537
6222245
7846633
9161895
7998974
4055648
6662925
5982941
9452809
8591583
5473648
6136705
2465071
4777093
9966636
6643967
2311037
2875534
7305105
8227621
6958090
3909572
1074389
6996137
2053368
4311067
5559655
2201235
7387161
6331178
2729380
8284488
2961325
9975750
1117283
7275445
4313609
6663485
5199275
2145236
8681300
8304876
4680452
9230558
1100396
1063101
3399978
4874061
4910758
2030913
9219870
1420237
6162801
8464358
4185624
8043326
6100059
6679445
9385687
4415656
4575278
1839467
6754648
4117052
9866291
9623249
7878629
7191939
8280854
3642618
4676804
8481382
3433705
9827512
2604369
1220952
7330819
6287612
9515110
9619748
2206209
4695464
2933110
9814926
1755436
1713747
5913337
1852521
2671419
5741784
7942337
2278517
3323695
1226203
1360620
9987762
3553500
1833242
5825778
1179269
5426056
2822379
6403102
4423686
7342252
6881111
3647322
4893860
3989463
1253395
6213026
7418998
9722610
8134167
8108763
9719327
1432926
2856798
7496061
9755356
8526266
5905720
3697322
8228973
5568448
1381391
6559523
3218461
9314127
4182708
2999312
5508016
5501891
9848997
3965500
9440809
7984384
8363934
9299364
4353166
8601048
1651812
5347895
5920478
2241250
1510226
6811441
3913835
8492315
5542950
6083467
8765884
5264842
4192406
6637251
9633606
7588954
6663041
6014834
4926318
5787829
6729793
4030135
9108715
1846203
2257507
9131330
8105098
4328479
5365043
4303039
3915275
9764190
2964784
1679132
6608489
8121565
1002974
7784505
2647159
3579935
2647163
4326956
4322534
5680992
6545609
6043501
5699235
6936464
5288778
8020261
2162973
2333423
1199370
7296206
4607140
1174209
6310806
3911814
3963693
2214959
1242314
9996726
2369778
4141818
2990728
1573913
6850806
4712668
4725061
9212012
9945894
7919549
8159357
4143793
2985435
9117262
1491335
6565151
8671740
7682118
9478659
3610473
9952321
8275639
5558511
2149289
1162770
9323212
5863961
1786473
1834189
1206369
6159343
4796110
8966823
5222719
8019698
1222050
7979882
6229043
1487433
2982268
1182172
9021705
9215986
8419854
2294720
9872298
8700243
7280011
1558134
3026447
8376751
5350707
4711101
7894305
7208884
6308284
8821529
2519727
5253040
3776734
1015696
4355787
4594660
2528508
9661326
7214466
2550897
5629930
4071016
4581621
1440239
1338655
3439869
3627160
7862301
2859768
1201785
3163399
3669746
7810598
2308083
3226816
7019026
5546486
6912310
4034881
3059612
5976956
3815261
2754879
6718816
9785243
2061847
2867968
2942638
5510578
3698379
3951510
5968009
9373030
2620501
5521336
8870843
2136584
8745133
3519294
4946498
5334051
5270569
2963769
3861544
6851493
2480025
5345580
1395120
8604071
8727440
5700075
2015084
7024219
2061442
1139983
7388716
1799633
3036553
7153171
7591249
3731366
4795522
1497167
9841087
2414537
7489300
9503246
6267824
4640747
6721680
7952974
7075878
2535043
3841460
3770323
5344377
7832507
5177512
4393102
6837370
4386926
1814707
7468840
6026575
4115180
9135028
2126296
8981687
1439751
3067994
4630672
2238283
6441687
4704578
3629526
6953929
2730186
4980365
7647508
1539069
1438475
2121564
8474955
9258315
3736127
2109290
8232872
8590300
4525036
2359943
3597999
5149923
9713204
8421997
6865492
4430859
9929792
8235265
1186281
8481791
4126776
4281255
2457840
8304341
1793006
2955202
3913490
9825303
1196762
6130631
8950249
3496944
6485952
8429693
5742072
4443824
4826862
8521427
3729722
5208508
1999521
6596765
2038743
8712405
4371975
3471341
1464947
3193603
1684128
1367178
3253473
2785949
9995838
3539472
5560886
6569400
6489067
4241827
2575479
6925674
1356073
7948177
1379124
7444538
7375444
2934980
1573358
5456998
9794020
8605152
5800435
6866319
9846671
7679615
9207115
9449797
1099851
9004806
9560203
4958955
7804017
9709860
2123718
6755399
6152765
6410215
6199523
2675240
8811314
4592634
6124810
3094900
8464858
9251391
6677560
2888013
4683499
6242693
3417907
3096864
3584454
6800934
4516823
9724746
2607704
6106560
8574158
2040422
9395491
4549582
1897438
4582391
7501399
2487394
7834140
4617007
1811162
8925057
8232638
8325594
4598375
2741659
7325070
9287210
1080210
1571621
5898427
1404767
4970346
5242325
2100298
6295059
6156151
2070073
3549417
1370399
2996258
9883509
5313188
6175597
4121716
6327383
2647793
7454620
6089335
5474072
5115301
7195337
9571704
8347570
2325449
1741889
9568942
4140312
9997192
9383679
5803061
8376919
1210175
6293411
4410547
1075079
5276215
1541874
6891163
8765677
2394031
9525892
1398352
8537585
3552977
7527374
3440289
1153462
9934279
6491404
2847411
5921563
1514663
3160907
9600380
7611982
8885642
2093008
1434283
3698952
4125498
2492521
7807014
7921705
8449161
9342350
4295915
6910576
3469887
1617650
6327448
1110614
6067371
4957996
7065606
3731464
9419290
3682557
8788495
4250688
7524838
8439933
2113968
6395135
4972773
1938343
8702218
1566761
7830019
1902525
7738435
9483964
2721130
2373977
3214473
7104430
4970653
5654994
3636151
7274595
7395556
4404039
8042640
6638728
7667618
9397707
1586919
7671439
7475778
3948333
3704737
1138759
5047824
3949218
1863315
3417366
4168868
3114385
4097733
3856150
4563768
8364539
1298712
2530442
5923035
5189510
8192707
8663740
8631551
7757093
8729849
8382260
3377132
1066021
4791335
5406551
6985815
2109013
4600089
9502286
5738643
4114172
5569312
3857290
9309871
3575166
3504567
7122983
6603903
5258386
2024875
2757551
6055231
5628623
7643078
2241874
4669922
9511672
1415333
9973682
8146233
2251478
1924152
7051867
3862847
9441474
6004758
7171536
8822399
1985407
1017275
4254272
7086882
3914307
7856287
3937048
4572377
2687190
3527027
4665586
9217635
9379348
4875258
8435306
7749243
6412045
6796290
3786769
7797090
6109195
3565695
9251387
4123460
9890483
5374210
1557747
8715273
9000708
9052699
5841807
4095035
7560381
1018440
1912478
7837455
1700507
9866648
4938173
2818386
4692608
8043744
6229129
4020657
9460335
2433049
9343534
7919205
4770484
8522581
9504158
8617209
5765089
6877212
4528862
2714233
9506354
4783271
8750202
3983481
6056338
9812792
6982681
9806783
7773239
8910292
9611819
1127182
4209704
2020830
6771647
5261456
9304542
4346514
8376304
7157983
2991048
3263770
4049535
5503600
5803625
2514576
8301373
7985884
4364381
1746641
5589087
9675276
7155961
6996282
8189940
5550337
3272527
1353410
3810418
3148286
3603217
3911092
4627820
3734866
5289549
6691911
7850784
4533509
3396246
4994843
4715628
3372767
2728323
4365075
4353825
7259663
6472017
1019081
4829488
9444735
8007844
5651314
2010625
3656178
2898474
9551376
6741859
7468182
1752032
9380686
3105181
9777580
6786223
9062907
2191331
3466000
9232942
5261670
3307045
5284391
1459019
9674706
2102785
5475301
8561539
9860566
7980568
4900985
2851150
8059284
6118205
5062549
2424217
1508691
5990602
7094045
5341739
9257340
2912397
8976363
8553321
9487982
3759072
8436093
8633269
2293886
7895382
1372924
4605296
5124430
1535505
6065257
3286944
2900936
8614833
1151782
6084205
3785976
2516775
4401887
8113222
8514372
7386343
4342547
4746081
8920008
7851900
5001283
8384479
3132818
4346997
8696757
4490445
6721463
4992893
2733157
4545607
5790608
7213960
4330249
7888119
5249684
2452074
1328832
2695675
7592531
1940994
7109398
7672037
5291277
3760339
7988406
6494747
6380141
7606259
7675949
9423903
9359973
4329244
8166294
4896169
8474855
8549663
9520168
2088304
6981565
1689145
6906264
7353929
7807877
2743742
6707372
7131686
9725197
3792946
1811614
5017087
8556999
5382775
1561193
7620045
8320681
9571552
6812403
1377395
1887011
2309283
3312598
9052792
8185150
2957741
2214604
4912879
3707406
4697232
8252471
5886072
4773267
1942808
7782539
2158047
6403058
2910587
7749081
7489441
9891595
7093102
5712824
7595279
2298551
8434196
1596306
3145868
5675871
3329681
3795912
4420080
9511612
7694141
9426947
2017295
1072038
6854773
8599257
1901588
6490011
8290187
1017047
7346950
9177807
3179293
1585137
2637805
9640554
2431683
9471491
7696078
2359331
2059874
2444611
9025745
1669943
5938653
6791878
8608708
8655237
3958444
3289451
5320632
8649545
9943685
3570280
7819977
2888307
8506230
8386223
3442363
8057379
9316436
6737084
9665152
7434820
3424781
2588030
8217303
6688130
3824218
2462303
8394638
5297001
3370833
5793458
7977640
7946267
3178711
9390200
8758041
7494574
3262195
2769743
5112366
9149024
9262845
4381816
7777097
6444663
3462453
4969091
4495370
1786426
7251632
8086745
8564746
9484293
7438060
6099366
2798465
1834317
5636997
2647329
4989063
5405809
4121473
7300025
6144760
9742392
1738757
6554014
7714288
5998253
6092651
7318696
1959413
3669204
3190315
5104296
4496180
2549064
3620278
4709578
8216548
2994226
6121505
2907747
8061127
6635304
3151358
8646045
6929679
9979424
9081415
6765116
6862109
7230799
4344372
4886668
5426788
7286946
2202476
3252457
5299372
8357400
8309975
7756267
6748595
8317626
4729554
5358444
3204334
4621432
6283964
4311095
3129197
6028834
1335341
9094798
7828828
7972543
8070791
8232152
9249445
7465869
2647012
3036773
9471539
1772694
1178159
9219743
8108434
9539948
5623183
4708816
6393586
8158529
6410877
5038218
8500171
2628709
8040950
7787319
8211290
3545308
5426700
1314365
8524105
1492891
5195928
8946445
6401132
7046239
4149322
2020617
7208488
5963883
3920161
1511184
6458862
9305692
6009845
9868647
5785189
9699690
2861681
6929861
7413414
6226365
7532831
9693307
9509729
8723241
4149532
2279678
8870364
6112712
4149226
1195282
6182876
7407283
5533476
5468437
8877916
1979741
8423116
2768614
3419706
6180171
3870977
1474608
3570929
7463156
1332364
2166935
4901441
8651377
4598873
6476861
1332011
2944544
2223426
3721585
7086936
5972443
9599367
5775797
2190490
4542416
2404442
9617514
1780746
1311357
7597783
3240602
5759631
8860491
6669457
1784290
5672128
6974787
1121352
4699194
2143137
1176433
7124534
5935586
3904394
1608788
5928456
5638315
5951462
8024958
4520426
6335904
5214742
8744911
8156219
1619599
9298997
6820360
7435488
8770999
1579895
2433998
7107060
4203535
8027882
6483262
2442525
8277489
3252575
2595303
3772410
9625057
6330082
7267112
2848120
6810238
1526692
1730407
3428164
9844356
8619578
8304043
5149787
1197244
7968958
6658135
9940541
3813377
9169939
2048068
4283583
1414255
6449415
7833977
9424192
4361641
4417553
3893130
7450868
1075207
1349561
2541194
8442012
9897627
3414167
5957806
5516374
6430558
2815667
5706559
2778384
9097340
8165772
1922299
5263320
9689465
4890996
8429257
5190479
3531390
6686808
1933336
6820029
4969860
8077662
8996691
4085886
6536796
3066343
4829762
6410841
7632920
9830323
1160000
5508849
7453018
5410724
5036373
6896020
5364407
5095067
7412207
3637296
4095047
3379583
5014402
5196198
5426251
7441116
5746745
1840759
3405243
1519847
3517847
5135388
5323756
6445856
5981935
9779378
8169179
3643280
8487804
1339857
2312537
2485618
3906398
8239549
6893266
8202030
1742450
2231669
1796027
4320576
4726988
3736361
2304664
3191927
2298900
9215049
9960999
9633754
2774010
6247929
7617196
2174245
3014359
4420128
6226778
3624881
3446305
4221088
3325339
2534513
8982347
1063968
5087036
5163992
7267639
1253188
3311480
2967833
6699865
7620030
9432672
1335110
3100777
9912190
4311139
3784538
3211204
2867653
4696192
5655250
2378647
2314309
6951029
1749994
5915023
1269186
4767925
1831102
3097292
7015055
9926318
9908482
9877833
5413623
9537355
9900960
5548683
1472256
2177480
8727966
2971955
8207960
7419793
8894043
1424179
3149022
6532938
2838056
7774174
4864905
4500136
9013248
4915415
7699705
7726012
1768165
4673131
6588248
7942672
1359449
3226875
7231789
8396330
7926071
7968082
1598973
4076141
4855596
3091605
9605534
9878559
4796948
2558872
9687321
1940934
5274421
4397837
8777851
4844907
7624210
2569047
9489785
2884160
7280621
1988861
6542781
3379805
3667421
8424249
7148817
3126630
4715271
9400560
5105703
5532809
5503996
2694717
5816642
5172132
4137583
9611046
6326789
6965379
2927505
4598000
6335574
9096455
6339019
4946319
9606447
4799778
5102615
2702645
6668865
4528702
1610044
6278411
1882884
1176701
9419044
8283645
2142496
6591067
5949723
4474928
6976497
4996720
7173286
8930255
4583867
8601683
8777406
3439555
4654314
2391128
2201768
3036417
3839427
3856441
8564018
3221437
9226157
3715922
6978571
7942652
3904278
7140166
2650624
4739527
3602883
7827328
9003343
3046907
5025208
3899028
8167594
2430333
9931648
5513731
3874313
8707852
6955930
6522141
6175020
9595823
8447168
1196353
7169516
4792141
4521045
5486784
5872445
4012059
2578538
2937312
6433603
9316975
7306861
4407932
1767181
7699316
4130798
3434761
9573746
7394487
5287823
5357363
9022918
3494301
1846216
1988901
8460025
4730935
2049109
5808680
2111245
7845038
2645884
3611939
4882035
2743129
1093950
7299648
8185856
4566318
8913754
8228144
3005329
7043796
9810936
1115524
3229048
9095062
8174841
7640764
5825121
3002484
8603544
1501085
9216582
4516244
6920765
2453179
7711498
5388054
1477406
1957015
1422070
8936580
4966546
9429345
4452047
6205992
6026356
5954334
4208656
8248632
8183408
2223012
3850569
5648429
2232301
5303043
2227028
8532082
7004759
6171838
1471663
5759351
4969992
7548087
7097467
1407652
9590034
4099880
8960464
4629227
6019755
9875597
3372027
2081014
2626550
1412640
6463317
2966400
7443050
2403196
2794433
2518656
4675041
8968803
8486337
8387455
7401791
6542811
8616950
7066251
3668477
7552691
5961714
9790724
5097233
5500643
4585723
9997139
2544188
8218385
1256863
5700347
4037487
4112880
3625071
1826439
4229403
9494147
2717017
4544483
3373076
8035136
8414118
8163271
8564705
7201999
8593932
6441422
5658402
1717233
5524081
4191397
6951262
4801278
7622269
9622878
1274152
1086470
6238372
1153518
3217817
8757835
8386249
9449310
7104867
8528998
3723196
6361077
9593647
2147887
7397462
2764902
6431436
1238867
9883219
5776611
8554189
1104702
8898461
1254474
4942569
7255897
2165828
3139375
6676803
7269347
1670667
7029826
7313861
3731307
2963676
8325853
1031589
3949159
4530075
4743981
7825034
7481012
2133207
5312698
2639431
8044459
1357277
4716564
9188357
5873820
6230887
5793564
9525696
3832554
6473778
4316652
2060328
3977603
4511021
8460836
2458343
1666298
1700557
6789586
5062594
8823618
4506877
4414589
2513817
9284361
7094003
3001422
3840072
3443310
3016990
6482076
9631152
4569889
9038139
9440595
8581008
6641174
4739207
4643647
7420108
9166118
2183567
5071739
6692816
3728706
7784035
4559600
1341838
2833492
5912489
7809740
4092707
2332916
4773709
6108481
4412824
3525443
6496278
3147767
2447875
3801448
6898004
4934288
4617102
1037797
7380982
1123797
7548687
9030485
4499832
1935810
7046935
4980612
6395065
1308202
1800903
4235051
5103850
7934280
4236891
6369478
3284258
2525220
1638090
1625684
4795919
5659487
9722054
9050346
5907848
5571675
5155934
2143797
5099006
7092041
2066115
6456010
8847696
5260176
1652328
2829099
8448765
3522647
6868802
4772889
1256179
6422703
7002159
1447441
8402375
7508384
6312755
3492708
9018366
3790351
1065117
3556726
9602120
6804936
2542664
4960147
8021516
9007278
4111165
7998249
5345054
3199548
3121206
7825318
2105102
8623991
3902462
4609135
5519514
2277490
2916788
4532537
2239619
8185917
6776749
8039240
2978429
5648747
6329657
9741890
7931263
1499839
2387439
2670459
2478707
8454337
6374992
2584488
2811108
9550020
8006360
7220282
5236317
5411337
2738827
1875059
8134206
5944820
3737970
9085459
5949640
4633934
3254392
2582955
2322312
1335590
4565157
9227344
3250078
2850130
1266100
8232490
6586538
6811475
5255122
5730732
5053202
7881430
9340470
9468830
8989297
8200023
7956632
1089429
4251615
2097761
8736335
8339717
2228249
5181872
3065418
6204333
2068493
3519607
3768874
6974000
8580293
7539772
1964539
4673540
6431213
5104865
4740814
9893379
3883074
7665151
5615028
8984799
4599258
3869227
5308249
5505331
1069706
7956314
5836986
5742324
2148855
8478497
4475652
2163846
9323388
2702932
4618059
8151915
5089333
4185680
2115619
1001302
8198054
5998613
4954783
1695070
7101260
5287627
5586276
9438350
2909309
8248485
3586280
3839961
3578750
9371875
9579981
5437034
5757025
6353009
9746388
3084890
1276185
3441837
5011775
7555963
7689308
3731974
8552008
1921361
5006259
2729920
1816695
2399009
9408865
6539092
7023972
5100193
9751918
6988339
3615561
3547790
6941903
6100139
6917699
3478877
6973363
8113955
3103461
3989001
5498220
1564288
5243897
9004043
5048760
3379882
8154644
8561000
8441004
3785897
4080149
6233764
7972137
2209466
3056852
9727593
1919324
2477150
1781457
4701447
1702398
5534035
5475976
5624170
6196532
1373848
9007855
8558637
8767502
6486775
1606802
4281886
7782060
2720382
4860875
3377225
7500156
5738519
2711888
1844767
1964961
9657798
9677863
1753923
9589295
1548223
5340852
8374770
3076947
1532770
5868979
8786828
2732880
9901204
4018944
3276291
2072548
7061115
5343571
5868895
9284425
7462805
3958410
6282539
8639703
2978742
9092319
8644224
3597254
6453596
1010809
5391659
5855569
2626480
3942750
4577918
7531639
3845340
5146437
3514608
4941660
1021827
5314057
9769201
1299788
4878562
5330106
5778511
5621727
7435649
1259918
8921918
6028023
9186197
1875893
6287879
8946982
4033013
4375690
4905360
4124461
9269111
1302053
7118660
2532511
9632487
9983501
5231262
4370469
6866723
4294987
2917975
1299034
9039062
7004697
1671146
8591254
1054287
7867578
9121985
6670600
1506045
5656931
1699902
8125309
1719049
9158615
9552743
2118205
9083280
6032528
5154542
3372564
7255164
6974553
9148252
6820718
7470846
4377913
1749594
6475996
8350442
7630089
3700956
5316595
7196846
3991335
9598314
4407315
7439472
1123843
9532620
7332356
6924438
9324754
7036670
1061639
1365299
2821565
1166272
6513242
2446262
2977294
1366880
8512382
8925209
7541096
7591074
3834889
2165221
9227492
8512384
5477763
6424517
3906610
9990346
3961952
8466485
2303590
1843751
8090265
7036186
2327974
1836857
1268905
3142252
1407919
5764575
6306465
7951246
3293887
7618900
1423336
4235519
4555875
6387828
9598419
3015400
3883485
6217631
8778653
7810517
6217713
2377334
7920195
3166785
9449740
2351683
8013247
4469065
7973970
6470389
2417886
7081347
7830787
9862920
5372608
8793320
6709001
7090307
9853676
4845356
7856480
9968027
2859469
7343151
5127778
5209717
4480525
3690187
2122478
2716041
7215693
7618445
4081204
2360738
8851518
9429505
7813664
5627457
2682271
1506151
8923489
2680290
5059155
6698114
9368405
1820246
3685918
4313422
4485267
9122703
5200764
3823249
3094996
1877882
6191774
1462666
2345086
7446727
7017666
8574342
8586767
2461636
7196141
9854354
1709602
3911399
4823240
5666379
9233889
6545962
6349333
9154129
1959816
4402577
4533004
5779674
7074130
6855623
9070806
5735587
9568194
7973030
9826341
4483712
2703055
9540694
8254382
6994837
1054509
5166156
8419652
3394589
3484148
3072372
5540306
5798375
3002287
2910250
3703157
2770849
1764612
9596065
9053300
6126349
3591483
3051558
7875741
9042960
2610924
6178879
7015485
4040233
9647241
5356333
6197243
2955839
5187205
6889169
7086161
7563731
6043680
8994411
9268520
3649748
1355793
6936829
1414031
3957905
2264975
4100686
2026393
7334473
3511995
1046730
9958800
5967326
4072301
8806791
9611353
5885992
8147993
1422882
6959462
9698150
8247966
4188104
1222545
2562320
4838507
6309457
2367068
8808200
9011918
7653766
6065986
2737902
3556187
4907075
3613433
6729362
8460981
7770680
3278727
6830469
3423228
9403337
6135230
2598984
4090195
6711189
7602454
3769382
6521356
2941204
7009573
6435550
3597235
7140122
1027133
6409656
5549044
3178168
5069922
4118328
7252521
4410113
5794086
3380528
3271620
9538474
9438563
2283760
7704149
3715915
1239573
3333465
5438585
6009922
5546001
1944400
3391328
6518327
3432486
9569486
2287545
8138105
9788815
9061139
5953852
3191623
4041361
4901818
4509523
8579756
6742391
3647336
4879654
9853377
4001896
1340126
7015298
1559766
2727394
5770735
1317029
7167276
5093717
4877003
9715624
6153625
1480414
8083449
7081353
7357774
5505054
2710435
2739284
1834293
2159799
8162443
2924398
8754100
8410275
1566364
6170046
3200783
3422640
1915611
7381241
4301482
3840028
1532924
1079240
6471851
6864265
1426257
9967191
6097470
3733533
5151005
9183676
8347762
5646712
1257031
7345602
5665985
2609107
9562154
7265234
6148653
6048306
2760829
1013445
1300677
6385760
3402088
7953607
8446817
2912213
9683733
1373471
8752021
4016846
2109962
4213326
1144876
6835292
1917856
4197670
5862655
4935124
6556009
6568049
5158708
4566719
1264639
9484274
3495575
2551847
3024550
1801283
5108755
7579538
2159645
5140061
7945996
4441163
1316102
7293302
6112220
4468379
3412079
9186181
4080809
3243735
4124604
8052833
6435872
5614483
8422067
9978567
7610256
5421108
4352164
2249210
7863461
2039331
1630515
6440581
8658239
3894302
4129027
9612380
5489774
3158056
5461057
7618209
7138061
1610465
4469642
4165890
1814072
3710256
4955898
9334527
6266667
5703196
8938258
7064521
2838136
1413306
7551301
6508742
6561252
1074817
6796191
7103921
2268191
4158009
2858387
2647391
8609695
6166482
2074655
9807964
2121560
1757265
5898782
4312500
3907610
1415269
7214762
9362382
3619718
2136472
3436523
6880882
5476590
6830689
1842433
4281258
1030216
6139030
2912906
5081223
5878863
6132542
7659664
8069879
6117957
6833426
7832483
8590475
2017288
6648045
1554152
8358052
6045520
3766183
8817147
4233480
2118365
1730264
1758845
8767388
3225879
8094710
2226177
4374215
5438057
9982139
4914601
1164517
5081898
4671157
7811693
8163237
5957104
7144106
7846970
5702336
5221641
8918501
4189622
8609750
2139844
4696738
1265570
8722663
3430442
1116689
3026009
3358762
8355659
4931594
4093109
2602382
3350002
8128270
5441041
2772106
5244794
3049526
7866984
7992675
7296826
4359035
4517724
6016890
6159067
3028321
3115347
1904207
9162187
5929856
7723708
4853782
3895306
4727216
1142319
5106932
2931170
6380560
4919987
5651990
9436852
4065587
7143833
4339694
9666604
8884969
5380549
7973644
1480790
4643429
4114445
9896533
6787210
2189840
3398841
7346210
7414211
4953257
8790826
7918903
7962574
4626390
4185048
1138526
5297310
9915852
6546484
6458271
8272700
8483224
3058860
7173407
2991259
6830024
7897165
5460307
1670794
9054392
7422530
7448223
6622530
4043580
8061434
2344527
3076063
9028711
1226536
3788016
1693292
6520822
2379428
6617356
7672215
8297757
6883631
3050113
8451715
9594731
6607187
8986045
3074940
3494428
4355881
3590040
3406278
8628987
9599412
7803086
7341710
2600626
9956779
6712408
9168066
3552624
5766164
1122853
4997500
1445749
7302412
5519354
9220761
8366717
1020131
2416227
5366504
9349702
3870500
9194900
6069566
1372416
6083442
6758626
7976423
2582737
6073165
8475735
4356279
7254914
7830004
1257653
3561214
5373769
2948773
6060746
7545433
8703731
5458176
2959340
9359205
1330926
6213705
2028818
6616847
7210736
9106700
5406351
1289287
3439176
8286555
6653740
6788179
6991231
6906483
2949600
3591104
7148010
7550781
8927278
7542387
7837263
3009520
4316380
4382877
6331442
2705235
8469835
5608909
8781307
6057248
5536568
5857951
3688709
5585861
5303822
9964818
3815685
1731844
4342053
7429112
2155733
7496698
1513115
7147206
6172316
1208828
8442253
4432523
8291932
5640285
7918323
9457278
7152472
4829900
7514773
3252848
6439136
9295962
3901102
4236000
9880250
6533594
1897692
7349741
9445423
3083425
7175616
4061606
2374703
3375405
8004216
7591229
4670945
9783842
1567798
5889179
4680844
8385647
1985085
6416333
4368411
2871952
8198328
1073435
9684176
1668780
9410871
2531961
3278664
1726558
4744134
3446871
4990886
5687633
6110700
8503827
3887263
2826244
4302269
3528206
8421666
5127469
8195292
5452444
6613986
6403129
4714833
3718805
1542529
5512050
1320067
9519496
8839322
2424570
6282130
5843856
6593771
1376948
9871251
5387966
6237342
5669314
9142377
9206261
9138802
1705640
9874428
9033365
3274571
1119375
8891161
1587088
6071890
8508326
8722534
2177112
8686282
1810467
9969984
9681081
6800433
1087016
4312883
6697731
1824590
9214464
5468181
4626207
6408541
9213448
4347007
7668866
6405269
2912298
2943017
9264192
5386835
6331205
9062881
2022520
8406884
2049257
7255656
9215726
9302260
5274302
4562217
6466934
6116814
1029252
2528343
8801931
4972110
1420660
7023202
8443263
1473963
1336134
2529173
9599309
1620123
4441228
1136207
3466506
1667810
8013755
2176411
2613754
2022779
2132682
9433327
8830207
9913313
1557107
6333310
8548908
9594362
9434903
9848570
6655544
4438241
9766270
7159978
9896718
1112462
8831804
9907747
3502722
6320548
1138479
5947686
3033240
4684900
1374678
9792089
9408057
7060249
1963476
5020392
8060191
3968221
9887161
2024878
8075444
6567892
2169071
4526352
1133402
2190423
8207212
5753252
4423800
2927416
9617036
7673992
9060581
3201443
4767178
4882510
2201327
3587231
8693403
6685845
4959367
2949044
2725864
8327475
3339085
9630119
1534374
5651918
9957620
6030433
7509011
8346890
3793810
1374510
5425422
6403548
5304711
4178976
2396948
6020222
5475847
1366228
4728723
1941691
7677829
8623948
2989292
3883498
4544957
9328380
2676170
5423031
6775134
1816864
3766298
1353820
6142419
1958794
3740582
7780016
5167277
8055930
7995089
9283670
4086895
5044837
7694001
3442518
5262389
9447768
3583492
7555208
3626113
9450486
2089489
1141292
5917091
6446877
6986973
3521303
6742917
1521447
9191558
1128008
9194832
2440204
1972031
7821401
4556415
3178597
8547432
5680593
3287678
5728971
3441545
8737878
1831806
6887774
9481323
7433087
5377304
9897314
6732243
8863688
4053019
8410691
3049564
9017119
4301492
3022969
1834351
1877787
5371577
9373766
5493218
3383372
7424018
8160861
4917035
1465965
1852612
4342173
5634495
3409398
6143835
7086458
7973004
7144846
3357620
2654717
1930575
4041246
1593700
8998945
7018514
3859777
9079880
6957535
1102470
3064535
3783339
1785348
9777593
7452601
8981261
3928253
1939507
5648775
3190742
7236083
3098972
4278359
1520405
9911041
3390947
3987768
7215146
2796528
9232067
5960260
8218277
1217522
9791798
3828686
1239995
8676951
1527415
2271934
1295725
6738404
2146010
8463483
2904098
6878476
1347829
7867063
3035823
2750542
8972092
9428946
5278777
5119722
4977067
2854699
7167602
4172033
7497180
8561162
1466559
7579400
4326072
5688291
4953722
6166120
3008906
1763976
8071187
3580982
6851823
8563311
9275985
1047434
5369706
3690906
5011319
5885438
1485396
5726761
4646721
9339525
4562096
6486648
9234957
9057381
7443549
3042422
1012119
7636498
7194148
4827396
9415069
9637865
9268657
7501189
6179425
6570950
5390943
5033352
6032653
8777794
7541036
3384719
8041520
4919372
7619596
7055420
4409447
3917283
3206617
8365911
8770135
6672749
6833639
7986302
2577430
1308791
9420150
8992298
9828713
8175498
8825600
4533017
9366376
2162278
5684275
9312989
3685566
4321118
5477817
6416833
3767693
4557135
5403250
8919187
9230894
1477118
8413507
2793299
6184533
2857997
9806408
1871798
5138259
4301978
2699877
5079127
8585782
9460021
2334330
9532667
8605515
9873403
4513653
3954943
8060100
5540627
6667457
1343009
3969012
9002053
9268955
2979623
1378678
2639154
6546950
4194991
1675374
1943156
9798229
3504277
4548071
4949778
2031397
7220090
3702172
1360096
9984173
6998775
4210258
2224177
9864174
4094046
7690850
1795130
4065540
9444393
6439125
2398341
9657887
5868290
4458344
2011342
9799179
3636014
3605294
9412414
1818602
8535575
5783509
8484801
8703364
4281460
9952960
6711622
4963637
3415767
2283092
7359955
3562693
3459923
3170639
7359426
7086101
5214471
6334674
9603036
3079220
6254668
1194815
2122000
1670097
3185015
2346941
1570703
5250763
5076299
4214104
5094728
1965028
8650430
1322054
4329083
5750485
7767078
3954373
2507068
6966331
4550400
2957343
7760262
5463151
7323485
6170063
1348026
3570995
5171178
8595390
1863411
1505991
3034842
5280870
8550278
1325276
8651506
1226904
6251995
5637856
6863920
1439384
2173090
7066040
8181081
3302374
4405429
5004684
7006686
7361112
9921160
3851643
1877354
2727522
9949135
1923184
2655819
1383864
1643629
3621516
1323834
7739402
8718996
1444675
3156361
5203054
6345021
9237699
7391144
5036700
1432069
8994382
5150355
8537170
5151971
9175400
8920732
6910360
7257986
9795884
1261904
4131870
7335615
8175930
7352393
6345601
5027393
8790411
3989136
1514284
2261359
5170405
7100460
4038747
3702034
8425513
7836363
1408379
4366025
2654218
6880652
7842350
1196259
4519832
8691047
2292458
4580701
6297466
9292794
1509121
3969399
4835387
2105264
4012923
1313205
2920571
9577744
9487647
8878703
9300358
6074016
2734673
2805333
8852673
8629491
2028757
2978755
1376576
1348630
8221233
9275005
7899317
6976275
9612209
5236103
8941124
2962720
4737732
8938276
1474034
6797416
3587076
5354217
2467579
9055347
5502483
1533180
4005890
4924148
9982369
3719342
8424995
2218671
5650505
9937075
2026212
5596293
4032987
1701690
8596235
7129373
8075189
7626925
5720393
2178161
6727178
5679367
6636116
8999986
6922756
6731852
9272274
8004313
4942342
5229162
8282289
8395915
9523786
1797546
1386899
7278376
6973034
6738579
7821159
2251121
3149882
6281371
4162515
7164051
9311698
1793418
8826381
9683220
9291753
4190510
3307785
2299929
5804636
6365237
5104013
4980498
9150415
5969002
5899232
1029954
5616298
9338575
8247840
8051694
7392133
6392147
5047539
9230370
2682270
2382192
4545814
2904602
5238151
8773027
1120401
2151828
7510301
6354505
4011595
8540656
6958578
7305171
9247737
9023616
5101196
7117222
7132018
2431282
4943687
3425426
7651999
5175511
2710613
5422124
6270158
1713551
8523366
8518601
5282405
3722323
9397666
5661210
5854835
3956703
5311059
1342943
6175394
4793338
4018784
4953801
7995529
1728227
3067188
3950769
3731870
2696282
4000254
3977582
1276169
8667272
3995025
8221014
4543507
4434699
2502507
2035797
2272573
8954914
4887250
4244579
2171309
2137394
1838234
5554725
1670531
1824435
6895684
5143202
6710091
2752890
4343681
9641056
8485003
9741155
7652052
6304730
3085115
8626458
9045653
8857697
8685588
6883719
6716049
4609613
6231297
2744148
4181839
2737181
1152626
6630299
3333102
9845042
7275920
4013873
1996393
8503333
6714443
4716810
8280829
6660544
1365838
6172999
3809249
3227424
1467668
5963299
1738228
3495653
8033812
5007797
5772725
9633619
5077400
9513506
8351403
4240648
6121900
8521891
3664421
2351066
6841329
3199663
8013148
4694540
7365713
9453701
2073396
6996653
6727116
9923224
5713313
9721678
4986225
4044566
5173095
8320990
8733865
8818455
9675897
9458724
3972142
3022431
7372867
2821079
5087769
1689296
7143876
4019997
1392664
3981103
1929042
4370399
6174014
5465680
2194497
8197637
5562228
3418081
8210399
4800531
9516685
1110289
1451030
7968735
1570936
2059675
6283573
3244654
2630030
3009267
8414280
5438571
7805195
1891659
3769955
1564867
6871706
6486914
5227198
7991775
7960265
1797354
1365306
9535679
4379996
8138740
3783298
5623216
6930877
1972154
4862028
2565738
2898193
4787177
5767423
9226568
9439653
5336010
2004463
2996452
7687367
1265451
7195139
4463118
8306737
7688110
3981240
8625897
4013601
7789933
5824830
1786659
9595588
7518409
9743296
4033359
1867472
3782158
5204801
2911521
2458353
8547588
6645474
4788933
6076187
2099541
6976256
8889244
2439038
2042134
1181434
9321172
6547480
7597875
6924048
5693794
5086308
6127932
9406439
2944287
5621104
5902790
6274537
7123837
3370828
5196735
5612297
7323620
6176286
4199570
4283044
4646701
8575699
1219635
1988675
5155129
7950768
8086279
5858749
1551215
6777990
8476147
1908473
9660882
6312324
4061952
7771921
3099579
5620070
3477288
9950355
5938487
9827852
2785088
8038817
4363135
1187557
9928065
2870392
5267024
3225930
8653492
4287117
5256807
2968871
1838586
2548371
3068891
7154324
9068661
9529242
9304854
9618562
1561559
5319761
1733105
8609360
6510533
6839852
6491052
9792893
7667815
1491936
5994887
3479544
4583503
4246795
3594431
5865940
3129027
8279474
4037160
5633303
5460649
8362594
1961059
5934961
4757454
8329143
3214205
9338762
8436882
8284987
8217252
3066228
1665716
3295974
1602375
8179136
3372470
3407043
2976393
6085932
9879212
4670516
7275233
3679802
4268519
1803724
1358993
4053276
9524600
8118426
8724608
2391115
8451171
1966021
4493622
5156726
3446754
1506899
6786740
1448151
8346962
1894468
6473390
1497570
4449918
3983451
6215910
7112664
4904327
5503676
8679270
6177336
9265389
5182000
6034650
1486676
7019708
7260870
5744583
3308161
7103573
6265365
5432556
8681448
3902680
9429852
9476532
3375609
8189163
1084170
2623956
7274560
6004394
5353497
9731271
6836368
5525739
1842260
5112548
5578523
2467756
3419706
4493144
7802915
3278556
9712379
2806534
6534347
5199490
3507743
9276024
2618439
3103950
2967110
2227264
1017266
4756474
9432330
8699951
2999423
9079517
6602688
3171121
4130119
9537996
3530782
5110724
3134400
9143021
8154294
4948627
9748814
5378137
7956832
5966643
1513587
1169581
3413879
4261561
4354531
4238958
5675641
1630453
6382195
7097174
1972306
9031120
7355567
8275903
9532402
9437117
8706634
8719147
1851290
4828831
8122416
5042286
5379383
3394167
9067960
5651385
8184165
4197128
3280245
3099011
7812628
7807114
2012908
1955477
2632904
7770054
4492255
4432307
5641530
2566292
7404296
3036898
8417180
4788783
7734689
3470490
8158650
9633906
4952608
9633802
6951228
2972914
7193281
4366659
4423176
2828343
3222715
4993410
5676228
6827287
6863252
2622237
3093369
1482545
4718416
1046792
8049811
1089411
6386757
8192388
2063365
4324073
7454090
3890214
4591305
2772147
9432334
5158464
1761349
5812961
4341636
9934958
2567625
8003005
5662780
6400126
9423669
6785173
1941453
1004029
5389944
4993940
7391663
3710298
1409971
2023421
6125093
3538362
7652219
4951107
9079447
4312983
7884925
1593799
2191486
2298837
5325180
8929454
9837048
9533411
5205278
7064443
4188362
5014694
4128918
2602022
6619222
4805474
3376423
1796659
4257949
1258788
4223699
5716745
8258928
6298853
6308481
8458030
9480094
4571109
7158297
2105242
3979616
1215496
2535938
1268646
4240996
7872282
9053109
4200163
4500153
2689587
5629054
9685128
7009619
6872630
7473103
9711171
2804412
9098611
9894785
6142320
6141528
6947245
2708968
9956391
1554579
7447925
4001361
6708976
9327465
6717749
1033947
3309074
7532369
7933769
6434351
2251016
5272327
8478343
2409885
2872277
9096500
6760927
1112340
4862767
2416061
9014622
1525374
6960854
4314021
4368397
6372278
7421384
9087136
3286070
4517031
4519501
9135861
8960070
3232770
8896685
1019214
7963278
1444955
7813058
7362783
2084835
3173921
7164904
9832881
8216166
3157112
4969232
3004362
8968414
4197557
9840251
5760001
5528181
9738789
5461254
2047698
8350618
9388928
8417513
3621988
4906979
2489279
4615243
8938108
5704615
9743851
9489474
7890196
4725870
9778031
8464639
4812092
4611756
6929800
4518679
1703899
4835739
6137113
7212142
9226324
8636980
7596828
5448834
5888452
3468873
3932369
8724071
3317954
2705435
7868969
3143770
9561714
4401600
1522954
3878331
9056021
5028781
9552377
4668268
6047784
2544669
6798692
5853303
1158629
6449966
9088844
5034906
3517812
9348245
1991269
5606565
1334697
2024902
7198602
8682382
1167810
7209852
1911024
5259457
2380381
7404433
5057341
5542246
4800534
3562085
4581735
1265759
2386360
5057575
9633146
1333981
1921808
9213186
2571576
4672223
3525342
8838694
1751194
9166089
8526181
2616817
1843637
6408861
5480738
2868282
8476728
1577240
9471769
5716602
9257810
4521451
7651338
6411032
9769968
2993557
7705283
4598480
4873828
8185753
9783759
5516351
1793185
5973601
6370700
9211021
3164963
4756847
3356314
9669687
5436843
5957820
4795055
2855543
2297576
1694255
7153096
1612179
3558897
5775803
5733818
6383360
3677935
3723989
9647975
8867376
1890776
8605457
5337931
8349247
8809430
6692760
5961782
4449589
1071686
1696520
1852820
2723641
9312860
1662376
5580392
6335123
2044707
1510918
8284696
8195676
5287010
8589552
6644321
7926917
9286874
2090379
2878826
4806336
2465261
6921555
6007927
7477134
4723993
9923119
7246260
7387814
4071585
6003824
2034609
5108223
8640844
4729894
2573613
2764282
9550086
7720479
2706507
7997167
3359461
7074301
5207266
6458579
8494663
5410291
3286192
7918019
9459351
2848156
8555630
5606063
7361518
2426679
9277566
8994342
9676630
6863555
5269120
1396665
9469929
4028147
7989765
5177167
8893016
1501455
8422491
2120645
6077767
8380071
6630279
2666175
8373398
7897651
3083025
1089104
3455227
8280396
3602041
8764226
5807755
3986625
9950983
7663874
5029655
9267223
4330048
2809323
2544435
7532705
3798773
2573101
8731282
9366391
1477301
4655514
4856525
2820694
4210658
8894221
9269186
1747348
3579617
1048567
7684505
6321022
3062507
1145607
7854370
9884624
7521089
9049845
4934682
7079568
2755900
7043244
2544013
6921031
9953794
9530130
8712277
2764829
1500245
7027957
2677120
6411792
8917445
7171155
9928656
2443281
2736006
7013638
9645147
5175995
9141276
4849802
6901907
4875888
1994866
9735596
5667296
1481170
5494731
8337042
1178793
9551771
5280911
6984993
9802674
1102490
8040007
5889998
3912672
5511563
5131428
6624773
6758679
5647761
5381114
9602479
8085892
7146066
9547722
6758180
2060663
4943727
1234108
1816429
4029415
3721246
8565995
7148276
7976794
4145191
8929563
8948810
1056796
4922423
4789126
8874773
8858540
6859172
3940627
8264788
8702519
2436926
2565480
4360977
9626108
6949198
3854294
1167202
7796878
1283438
8054323
1124507
7746680
4462661
9548806
9389843
8085370
1509405
8895386
4432721
5179890
1305186
3783989
2991892
7631894
7204537
9912803
2415228
4754334
9236730
5327211
5222104
1948926
2845644
2783139
4803981
2342673
7014876
3209887
3687455
6896273
5207097
4847749
1654495
3726659
8543311
3065148
6458866
3537072
3554111
8071939
1549049
6259533
6928535
6383454
3623074
7361212
4751283
1255018
8770443
3792683
3672111
8900114
3974734
5811227
1784711
1452890
1454829
9280187
1516110
1112473
7838363
2226738
2781640
4952644
4302501
3506428
5225124
4486692
4142267
6455148
3624601
3148521
9056415
6575695
7581659
5268441
2490025
9967793
9840122
2140257
3235188
3695673
8053144
7402380
7284009
1535855
4060037
6742673
5683110
8110430
6762041
6114182
6121930
3758165
4247213
5095475
8600223
5622535
4595222
2752962
7473893
8129682
2845758
6206290
6439415
1656093
4557569
5555434
5448220
1209818
3252898
4517386
1138093
9362987
1506440
5614750
2169374
8165664
7844568
7588620
4524010
6445087
6466736
6683500
7889823
5442333
7563516
2546007
7926403
3463880
6271801
2469080
5313954
5759111
2224196
8714240
2232949
5022681
5394398
9519958
6968753
2256154
3979263
4044266
9204201
3421412
6688147
4622666
6616928
5291026
9266901
8097230
3791919
3637088
5229127
9876110
3993359
3577518
9748043
2011316
8041412
4984547
9392097
9929260
7679271
3149935
4862206
1023928
6589262
2468712
8592133
1823391
7240473
4410070
8883365
5775685
6406172
2274826
2064654
4064406
5192292
5068201
4558672
2019036
6794536
8681414
2049363
4036785
5449678
3261357
8662957
8422286
7726678
7238973
4552419
6992321
9619815
3005549
9379391
8675773
9028980
8953327
5491402
7092683
1159243
8471985
4206439
4032927
6569210
8174464
2016268
9069446
8037982
7795847
6149725
2388410
7912585
9793654
7976231
7594264
6284175
6549886
2763510
4001577
5721710
6677496
8965331
5132828
7161367
8742245
1342301
9324181
2379613
2881296
8964930
9398558
4233529
6384976
2418203
9942075
4915575
2207914
4898146
3857820
7775105
2275155
7387472
6169452
3910855
9088018
4889111
6305415
7454535
6704836
6746041
7544200
7315006
8846009
9601604
4376959
4343531
7345276
2418090
3023298
1767228
9549361
4918209
9766491
2573336
9584726
9707923
6604895
5232008
7112172
7120419
6382558
3404034
2728111
6204029
7035318
3449472
2411000
9788610
9951018
8434532
7222924
4495920
7585404
3813285
4804042
8217776
8611286
1268438
5183356
3484425
5311941
9945012
9341209
3520773
4344539
3599528
2667685
7905741
8042144
7783401
4989347
1600399
9429525
8015743
4825784
4186331
8180966
3505314
7825246
6342862
1749419
1353857
5878849
6924133
8330010
3584158
3115001
1644147
7465421
1406422
2075237
3406637
5425644
9679167
9783776
6079587
7561271
6871082
3935459
1081865
3885491
3479943
1116727
8530868
3181038
1349096
5012501
8399648
3204143
4692766
8770524
3023469
2685567
7535935
3490541
1573995
1387854
9658634
3994022
5534602
7433796
3012577
4481338
9131892
2133669
6402100
2963818
2812086
5507232
5341695
7415906
4733529
5797620
4205673
8721138
6100239
7677632
4914637
4789799
1503241
6110693
1073174
9423174
2683302
2215193
1701124
9976868
5882437
9257675
3060491
9716453
9648507
1850543
9885658
6906511
2824288
6260325
3157049
5668362
4150276
5109514
4196875
6271670
2728319
2504474
9302963
5784873
9519142
3851583
6377939
4776580
8532378
1061563
7209520
2392368
2139770
1350063
3366897
7410490
3077432
7889414
1060871
6227593
8563913
8825281
6756710
3441976
3653686
9056607
7413296
4852820
6762896
8679720
3472435
8714419
4094336
6661270
7291401
8749871
7412349
7702113
1334494
3907710
7441238
3939685
1143375
1135343
9856495
9642995
1282221
2896387
4365960
7737137
8404064
7661478
1147321
1602030
6108456
3729545
6438074
3979206
4873407
7033117
5565854
9738414
3202523
8631789
4676768
8191069
6850703
9585688
3351382
3807832
6220561
2784362
1980674
2212376
3696790
1052759
6136200
2349145
6371866
4608147
2011001
7273090
8646524
1749777
4937421
4173548
5227525
9679125
3675824
4173328
4607113
1843320
8827379
3821330
7530278
1112184
6299683
5086180
2983977
4265657
1819191
1867416
9556689
1066780
3000290
3950214
8128363
6169531
8057225
3636182
9801692
7527614
4497231
5639275
2998077
8960733
8191563
8121837
4460256
2230386
7102107
2557744
3828529
2951545
3978898
2107270
4777656
5256424
7305677
3440030
2037755
1196837
3930467
9500887
5167617
9233065
6145594
4384485
2663281
9946735
4208695
4388958
7684696
1342296
6331021
6433122
9407177
4560926
5748087
5361253
7995678
9384051
4282368
7482843
5581789
9043253
7102399
4773054
3575991
8272784
7986273
5360127
6640746
7574513
1165790
9111815
8316613
8543907
7201486
7745000
2573772
7228040
2751060
2128485
1358961
1693300
1667512
8212442
7468482
7276265
7002323
6075082
9623139
6244651
2468323
7638083
3037296
3777280
1672575
3039344
1923012
4055110
3422884
5209595
8179224
8206832
7828717
7526492
2783491
9889694
7510689
4898115
8904607
5735449
6791654
6590814
6790028
1482920
2186452
1748935
8672590
6555665
2829285
1972941
7147922
4332911
2719944
3950686
2212750
9678445
3295572
3943502
7653446
5913500
5283930
9017222
5707498
4100471
8549395
3210380
9791644
1778160
6136632
6265130
3330768
3732278
6052913
4707646
7061517
6983686
5278757
6870174
3576208
6786795
4038256
6290725
7265167
4974996
6159155
3217374
2304795
7617360
8931460
9417804
5064990
2755368
6868998
6961364
1166084
4294425
5962068
3614345
4911479
2688044
3741527
4377361
1143810
6333556
3437368
6992120
9473815
9621540
4449134
7631889
1536492
3630858
7839480
4242180
5928255
9346924
9973159
4341817
3896379
2194109
2498835
2898464
9376115
3615292
8338094
5440602
3329290
6709546
4945461
7359815
3361909
9177766
2084994
7326061
1435801
8820134
5140031
5228225
3829134
3462356
1643893
3013334
5594757
4891203
6162882
8467743
6018886
9177612
4196649
6207010
1356497
3192777
7381379
2468924
6724774
8889965
2475348
4054731
5380641
7344319
5069753
6873851
2288253
7712945
9041660
8881712
4830201
3698337
9533642
4950925
2677463
8405291
8631292
7975648
2440705
8951912
8766865
2582186
5151879
9074376
7596477
5055246
5082947
1907144
8996442
7337748
6613406
6085455
9252285
3917787
5250411
5519083
7090084
8314073
3823729
9797987
8304715
6442768
9410310
8763320
7823325
2426128
2297942
9144893
2921544
7625058
8878851
4266576
4970217
9268568
5461542
6023412
1400615
8313711
1388404
7118988
6102043
4948894
8443901
2236854
7925549
7848702
4646413
9335682
2613946
1074325
7774517
4440974
5059377
1072000
6841828
9358911
8506813
6323261
3706542
4741918
9706652
8542867
8924527
7835276
6272207
5823838
9555465
9094500
6613226
8666042
3262216
5914860
8813067
6426572
3851687
5742134
1319719
4632360
4716076
5414489
9880512
5612898
6473966
6759111
9342323
1074868
2947703
2222923
8218541
5854985
4882820
7995618
3339902
6383780
6467497
5346227
7628485
3348848
4835409
8575403
3624971
5504100
3906339
4540985
7708717
9619794
4227905
2548259
3389872
8452621
6983530
5617923
5099385
5181621
4809407
5499234
1018196
4985633
8673315
4430832
3248498
6674919
4924859
3973789
8802480
7608330
3016085
7789270
1484370
5873665
5567397
5572127
3572942
8436384
2852649
5358281
2714565
4546917
5040686
1137041
3707596
3363042
5016109
3633109
3548457
7491970
7967181
6698867
6664090
5677241
8954892
8957632
6092110
8177100
7972344
4729826
4291511
5450938
2976215
1152267
1594743
5160006
6253478
2424402
4315959
8013154
9116031
7573872
9690327
4727289
4311827
5765139
9775807
1700633
9202327
1090082
6133076
9831100
4252156
8745998
5365447
9878962
1396502
3919825
2544071
1167916
2639582
4824711
9729815
2571111
6592723
1622053
3019577
3791794
4850811
1554330
6192202
3311966
2314375
8203520
2046951
7305346
4859860
4798143
2430541
2766248
4742926
3022783
3737023
4951384
5207215
9030343
5191008
7236030
8497445
3821111
5790496
8325306
2667602
9970590
8880723
8325828
7360173
6966393
1553245
9688122
2677957
9293769
9006666
9550600
5406118
7261520
7265658
6185715
7280276
9488103
5489785
7931650
6465972
5800191
5518445
1089737
9225482
6124146
2160936
4424211
5557405
3994565
6757598
4546795
4020791
6832125
2966384
7921287
2128649
3773338
1067815
4191762
5266603
6366900
8186492
4011349
4296576
5730545
5413587
1607937
4692152
9975969
9842121
8849691
8593391
8400246
4481250
9211396
9527923
5005411
4573861
2610148
2132002
7662991
7811524
7633843
1235314
4276470
4760306
4473252
9613643
5453341
1970009
5612782
1867791
3096816
6198820
2731063
2545465
7758969
4495991
4797600
1123811
9868287
5462271
2287399
6593185
8284729
6089571
1769021
1150027
6130797
6467353
1162853
2329625
7548586
5583894
2315973
4310182
1003038
2895965
7077581
1764439
2098773
4153913
1027585
2289109
7685519
5136518
9280548
8590389
3540028
9354089
7409923
2697593
1228118
4833759
7447707
8754160
8518811
2026867
5751656
5712120
8812582
9149897
6161931
2495140
5649833
6959192
7192982
5719288
4654601
8388021
1789367
1307665
6073494
6805706
9238720
6131682
3701606
3599141
6277007
9424345
4516557
7366764
6245983
3068128
9434554
7233071
9365033
7911743
7942513
8547158
9896184
4780510
7863520
5931705
6509768
2734888
5149473
9926223
4402458
1966092
6988043
2049469
2063191
4829213
2008885
6965776
3284446
7129177
2641352
4127302
6855020
3920007
5267584
5763335
3016103
3528889
8841983
4486321
9985735
5059825
5684942
3003601
7443362
2946848
6931313
9861613
8003986
8443018
6875237
4238589
6721732
3939141
9813880
9121403
6585632
3965919
1948165
6746640
4880144
4984735
1213835
7644845
8386927
8960868
6720489
1642043
8055760
3888619
2242553
8587434
8126184
1819372
5181382
7518246
1703513
4563747
1199083
9499304
6464796
1087340
9957065
9357481
8075017
2097671
4609892
7151537
2117958
3135612
7995291
7922701
9023946
3375320
8215810
3258206
1808909
9768213
6397854
4730446
6572302
9597783
6710140
6174366
5697472
9087379
5533166
3600219
4715858
1649546
8840867
2438896
4338970
8963827
8455330
2687124
9729693
3007095
1354467
8765219
6763773
7409622
8530378
9692171
3050559
5741415
7065216
6096285
4131064
6649404
9218800
6204355
4778773
3030436
6796571
6030353
5807747
5830026
6435801
5166708
3488577
6932986
7712301
4253383
4326016
4341444
5832707
8288772
3446835
9319033
1615816
9038039
2148729
5792850
7511462
7163662
5267557
1473073
5506203
3605613
3389670
4811199
7720565
1797727
4107608
6114228
3527596
8377798
1131174
9121588
4802716
9897907
2594137
7648791
3763613
9190449
8931906
1961153
5848000
9076668
7549824
8519472
6795497
9891727
3057903
6358869
3244676
2727515
8621613
4299545
8456421
9787923
3012362
8627072
1252800
5134628
8762379
8115819
2620289
4615427
8154523
7425655
4120778
4511134
4247247
6375043
3433095
1805492
7175828
7408912
2581038
5721472
7620152
2572417
7046040
6960848
6566993
6178113
7273463
2955573
7365454
2042563
9960436
3991123
9560088
7485925
3304678
3541464
4382116
7127278
4859952
6011594
9141336
7925878
1436023
5303480
4123607
3719589
9050302
3313298
5191787
7940947
8206561
7453909
1307534
4848015
6055467
6097246
5500373
8035707
1350676
2934752
7787450
5540500
1801754
1962801
1751172
7578448
6092154
5342910
4076373
2355040
9371403
4677343
8039120
5327957
1973048
6228102
1308452
5466463
6670680
6458704
6852410
4150320
3252012
9124926
3316279
5109695
2309684
9796221
1481070
7524136
9333486
3808929
8040038
8099696
4319084
3169713
2058370
4781223
8376144
3056347
1023827
9691622
4147879
8077384
3104119
6482232
8580832
9206346
4018603
2087701
4632488
5007794
3418421
5053065
6022563
8584319
8244327
9073204
7770824
3162352
4823952
8507306
1841049
4525691
5899973
1920442
9815806
4281686
2457223
3478476
6024509
8939186
9957969
7828260
8572440
3853511
3436417
2641027
9132356
2326346
7258080
6747884
7447041
3307132
8693968
6499268
2640858
9897628
7409233
6090067
4615227
2058685
9824623
8246887
1187818
5275058
1078348
1664599
9624612
9856101
5263750
8965221
5870357
6729031
2699972
4264765
5033458
5636897
5683554
8503898
2881463
4539082
1410743
8157704
1313144
3463537
2658559
1069124
2155878
7816090
9363306
1984703
7871009
1501222
5702208
6547201
2628660
5394698
6207727
2514219
9281714
5833954
7705202
2788053
2732394
9475102
2611360
4023829
1147081
7656474
1301647
2348577
8740813
5077388
3250147
8920268
4062946
6624599
4702966
5744876
7397339
3084860
1330277
2368797
3951758
3400304
7225269
4111454
5043148
3254536
3150113
3724632
4454331
4622032
4965697
3183679
1666194
4595196
3061144
9099025
1041073
7819830
7821498
8466172
5353563
3823382
1304664
9242780
9313745
6781616
4145514
5616802
9219340
7167814
7010999
4305552
3253334
2063646
9475268
7752992
1637317
8607855
5014743
1413829
8395989
6019381
5030310
2422409
6057377
6154724
3329121
7509141
2761982
9204664
5803033
8682063
8347764
7013291
7737932
4559198
3338650
5287744
1097614
3816009
7169421
9032637
6696212
7771325
9712204
4882742
2940320
9916013
7248115
7987203
1627525
8584660
2606035
6246227
9971350
1347478
2847594
7305882
1556335
9831492
2194628
3957350
8212959
6311870
2319085
6890703
7002801
1649075
4823057
7767757
4446165
3932228
7416051
2516004
9297392
8467143
6681606
6009850
1615677
5567656
5730731
3599497
4095838
7546857
6664136
2268143
3131203
6172169
3602433
4367138
6549941
7694403
6653974
4503938
1458048
3425133
9283673
7115463
9043323
6052929
2823626
4906521
3217909
7821945
7585169
5847167
7070206
2140179
2932759
6603887
5016271
1399540
6785089
3716867
7275927
7055529
7138185
2320781
9616547
8570888
3679419
3193665
8184296
6748661
6472970
5848145
3521520
8772993
9055564
1186390
9819295
9565548
8449561
2981929
4609698
9319755
2600443
9973650
9419571
2026181
6522962
2968792
4130570
1786231
4028743
2468599
7048227
8784056
9183531
1631728
9689128
5511670
7786987
4089978
9689148
4663551
1262770
3050966
9075172
5990876
4675995
2521536
8280721
1476759
7426257
8891009
9818958
7692894
2589190
2306978
8331906
4383616
1690636
9875259
7351907
8151252
5378131
7325033
6782712
8062521
6281024
9342942
9147784
9833591
7676262
3046225
9534052
4503748
4136227
8280919
6694606
8850723
2054682
6748490
5762949
6890151
4864904
7822373
5638190
5195222
4439173
6172402
6856289
4697832
1551833
9873050
4318412
1704495
4192569
2400796
6612168
9983248
2633693
5761113
8861750
4663727
3158399
5131147
4552725
1261609
8218225
5209430
6664676
9435386
6695707
2972343
8249966
4371008
5783633
6938201
9718839
9880727
5100941
1613254
8180097
9362466
2019918
9074106
5697723
5809195
2341068
1351891
7640775
1157410
2218582
4096037
7975079
4029954
7738378
8914347
8343491
9672209
7472113
9846040
2371673
4780806
2282548
1770059
7542017
8475972
2481791
9833376
8279068
7320261
9730353
7030115
9400729
7612626
1395901
2475295
2462051
8400174
3417440
6706581
2182635
4904147
7882751
1755848
7229645
9215188
1672476
6855925
8360609
2183777
1329332
9653344
4154913
4891305
4282297
5293322
2003954
8840858
4116711
9324287
5833745
5224964
1707461
5043787
3277339
3484379
4149243
6948173
3493560
8613403
3878218
8306467
9033701
1254278
7774315
9966725
3344797
7470985
1544072
9594606
8732644
6759933
2315025
6297972
5908592
6869832
2310909
2385209
8439924
2568420
7035486
9596538
3368330
7456568
5659102
1774852
1129596
4927906
5016475
6990407
8294575
9237910
7910621
4050563
9839084
6026784
8235888
5433119
2646412
3439877
6812195
1686872
7837120
3320968
8764251
9517782
3044922
8774152
7615764
3550619
7097852
6076166
2956406
9165972
7116731
4977093
7579856
5863378
3396335
4463306
8610419
6824082
5995386
4993475
2674285
4913080
2911986
2497860
9451297
4067739
7752589
3773548
3394752
7728249
4504104
5467878
3599590
1174155
4658484
7169739
9286547
4326068
6061885
4858597
7356356
5747667
5299416
5021903
5087533
4356151
1177705
1506424
1510742
9739314
6917839
9728774
4240335
1649734
1180716
7110039
5201873
9918653
2410644
1139618
3126387
8507349
3106897
4976252
4264774
8485911
5797136
1924983
4648845
1856072
6414893
8709477
7158812
1872825
6818326
9859322
6326091
7817721
9953566
7237327
7250647
1686635
2985568
6314499
9485975
5777778
9070990
9708476
4826966
2362376
6423445
1424267
9898193
3542062
8183535
6925742
4137934
5833854
4123460
5088622
7287959
7097820
1017853
5760425
2176850
8511755
7559208
9871722
4454014
3858012
3932545
6204212
3784908
5696448
9624611
9424222
8555607
1342655
8065355
2817304
2646850
1559490
5825156
7709003
6057581
5485002
6978101
3115743
8133587
2812355
8329923
4140310
6771780
4199731
2026596
1594005
5373113
3732173
6134402
6928835
3714713
5334690
7864775
3822794
2050247
5547255
7125131
1657403
4957350
5827569
2616152
2443150
4335146
7496365
6015510
7508678
7522716
1623660
4512856
8280179
2816938
2335211
6009985
5258001
1069288
8861137
1894612
8075022
2293031
8625218
5585880
4278761
4223216
6553873
9616100
1225590
8647326
6777298
6944460
9968382
5095253
3464141
6251944
6049539
6655522
2387534
3176189
3267297
2189809
6151705
1580171
1810511
6641509
9570298
6668467
5507525
9635416
2996667
1374850
3354424
7413103
9135983
9274014
6763905
2753112
9112876
4755019
9039387
3942115
5330518
1856795
8888459
9953274
4136917
4651952
9829530
2500734
6664168
6227503
6598718
7538624
4018643
7265283
8088535
7731801
1764980
2704203
5950869
8158823
8316340
6713249
2042358
4564324
4579993
7497672
7940141
8207076
8610487
3221233
3832734
4674411
4676742
7724074
1184774
6731304
1688975
5299492
3796408
3008530
2290497
4485407
4915970
8432734
3550624
6905204
4131182
6821978
2482077
7081023
3742052
7525097
1759424
6939367
1488429
1852444
8809473
6398155
8619026
4185769
3195511
7137738
7171491
9371274
7500776
7531759
5181459
2149300
5788671
6587064
4238017
9881778
6699035
3858817
2609234
5830558
5682308
9996690
2263353
2157820
2824696
7003713
8690776
4377459
5844004
7544965
8845568
2718761
6771246
4143513
3182421
7658554
2917423
6253577
1311693
7045588
8898430
1529437
1550295
1703473
3713831
6533151
5760216
2818162
3086459
6779977
9161488
7978581
6025281
4187536
5397083
3620115
2391754
9602439
8715540
6991001
6804898
7547122
2175700
4719776
4910626
4331304
3934616
2314347
3817187
2882979
9402368
7339805
5625101
1119976
2345396
9074228
5827917
6048781
7406561
3562342
2197477
6675116
5492705
6097110
9867677
4118819
1626169
1327667
4385879
7851076
4346300
5162670
9680000
6357536
2855372
1225365
9966947
2122667
9743232
2883473
3467351
2024204
9940129
8249144
8818585
7918916
6376591
5937104
2261044
5684984
5334401
8682145
3083804
5619100
4463722
1679030
5624795
3252350
7910774
8879984
8804835
6846829
5051187
6414790
3734018
1297988
4539533
7319452
3451571
3242006
7652210
9754111
8670544
7072887
5184660
3708219
2323493
1529701
3990348
5507225
9897441
7897298
4436380
6418169
4351142
1112143
3837581
7437703
6769983
2843414
1626551
6661341
2399793
4356468
8129119
4828789
5765226
8307537
8359866
8873929
7230102
9093533
7234512
8076105
7541841
4616985
1309628
8626296
7006263
9521856
7542224
9003108
3567766
4503760
3132821
6675648
9864901
1524152
8786096
7776672
7634766
3088031
1334559
1268176
6200774
6272910
3975523
8447184
9815038
5230460
4263032
2635760
1623570
7743413
3015040
1995844
9978462
1793510
3998142
3982213
1090001
1059591
7244157
2229508
7998809
8463717
8076817
1253259
6329470
6013963
6337525
9195922
2205579
4062668
4186771
6932443
5194470
2240304
3848547
6632811
6178817
4328633
4583467
7291109
2679209
4567825
3665956
4091076
5251708
3374033
7904445
4269812
2028984
5184304
3481273
2177742
3098862
4333766
3611955
6116079
2555157
1312444
1500290
5638195
5240698
9903891
1683191
6101011
1249109
9803917
2041091
6251033
9335864
9407355
4625270
3542651
7992928
3217572
2625058
6355036
9084334
2732111
9429342
7453979
2435695
6492782
7660134
3679637
3771543
3240743
5979232
8872766
3886093
7496831
4615225
7902679
9547296
6067877
3097262
2592780
1060887
3630425
7102375
9358254
1762405
8231031
1674877
8294728
3119611
7412132
7617372
6216992
1980984
7186644
4780100
7375308
2998460
3724021
7173673
6177069
5810586
8368315
8858363
6878669
6413931
5334601
1645504
9096849
4349759
3542457
8573020
7362779
2896495
4802056
6334515
3746110
2114702
8872417
1342949
9786270
3600510
7206852
8501688
1890084
8782430
3678099
2638420
2149020
1967969
5774457
2544743
9447019
1126842
9444279
2272745
6510448
8901555
9945613
8433465
8377717
6047070
6073601
4668518
2229522
8357218
8213838
7920395
4541022
6262455
9966188
2467858
6733459
1062124
2416632
7118425
4075709
5218149
2689857
1851249
4398047
9634403
9785326
4875650
2958563
6154364
3904975
1083533
3517563
5812713
8452030
2574986
7443800
1414270
8762674
6309360
6372870
6357364
3946592
3391955
4594018
9659618
7445133
7315687
1518265
6383115
1930997
3880674
4060607
4068240
6345809
3278720
3192937
6857094
9462217
5221600
8701735
2654114
2896886
7076300
7094337
9313297
7233938
2260758
7800141
6127589
3776255
3352029
7729738
6320489
1841136
4631663
3344157
4245397
9566200
3727368
5001189
7063517
8571181
6431993
7105085
8258275
2844281
2279396
8113357
7617486
5015805
8753764
5713741
2500530
7988065
6505993
8610648
5116910
2532476
4022528
1159593
3544341
6877661
7975570
4611252
4910084
6466484
3181699
4668451
7453715
8968224
5758554
4085547
4498471
7969430
2498305
7322059
5759715
8264426
1705474
8598177
1075582
2981950
2166385
5946217
7578288
6331204
7267177
7416018
4949254
2847985
8256942
8715263
4414037
2620096
3166706
3348567
7461707
1903711
5217139
7558217
1916384
2535866
5652161
2651231
4552364
4859491
5290205
8298174
5227027
8290715
5117053
4031608
4264155
9499456
3037037
4378894
4498398
9373010
3104335
1269637
9373147
4783779
1941763
4000163
7105894
4296091
7229537
4512966
3629440
8276645
1761443
3330978
2758401
7811578
6238240
3723669
7037489
3069192
3197491
7140329
8538487
7211774
1539066
4372645
7639273
6434487
8398203
9605136
8973570
1596992
1767584
7138115
1134257
1848456
5646051
4716138
5218510
9064931
5061637
9713687
5602983
3679995
9500535
7152450
3939769
5148371
3346396
3266977
6427707
4793401
7903270
1911456
6073683
4255560
8339165
6749502
7784940
2675223
1778366
7434948
7627359
2845250
6371968
3292129
3416526
3925842
5314482
2019175
4124176
9901772
3199999
2068124
6506374
3919699
2970004
9610430
8320268
2410618
4482008
9604759
7091084
2503658
4404762
8328184
8312940
4362412
2713673
4466517
9621223
2593301
7389020
4133373
4299065
6640971
3604050
2319860
4232756
7866999
7829267
6323054
1928048
2142985
9567990
9118954
4465439
8487202
4242780
7598761
1319807
8546467
9613113
2170762
5594024
6883472
6904627
7462212
5820613
7196320
6778146
7557823
6635679
4675491
8297528
4643663
8364181
9024528
1746554
6217294
8430568
5749866
3280812
1010324
7492787
5369551
7475788
2456342
9856888
6476765
2957236
5736856
6752661
8061121
8672034
2370832
8204245
9171357
8027221
7187225
7452194
9077717
1782350
4204432
2618265
4936631
3294966
7864079
3517878
6488389
4386782
4068292
6611502
9228256
4048672
6341485
7681820
3952082
8870885
5787058
5578963
3703991
9525632
1615646
2577426
8329033
4167672
8552699
5334421
8078599
2134308
7629514
3847176
9318018
4929838
2599964
7484950
5888324
5233465
8072976
2574048
3425629
8073887
2415978
8665482
7064843
4656659
7107979
3733487
9803077
8743974
1323155
4699956
5283748
4486757
8095440
2082490
5552239
7061599
8341793
2701037
6696513
4187716
1749675
2407354
9214041
8223848
1457783
4572125
4419710
5509479
8760359
4825496
7513741
4143587
4289299
6440447
5688096
2823785
1450693
3468272
1470685
9366642
2421325
9513825
9278488
6137029
2332097
7921810
6812326
4173050
8084884
3522017
7880319
6874969
1575185
8364668
5607695
1597664
2705141
3954288
6037785
9114659
1124071
2288864
7906376
1393614
6855509
3288978
6031316
3871110
8069420
2463396
9759821
7135406
8639923
4973660
5034888
9273094
2985925
6422685
6350307
9945837
5790569
2847796
7753333
3314567
4080400
3785426
9170967
4456825
8367786
8879701
6216010
7701841
3070565
9027071
7582404
5541059
7211459
3266439
7846554
7291726
4467030
1642254
1792907
7345662
7661147
8081322
4943718
6212874
2158897
8005471
5423769
3678749
8177588
8865772
6524248
2860722
5070266
2892993
6059942
3473112
3256042
5647566
2037059
1284053
5782196
5905526
9117362
7014119
4866224
1944482
7816998
1709349
6682711
1314866
8630665
7473861
6852888
2589519
3822632
2542583
8351064
3130012
9457341
5117869
8507401
3501707
9973786
9134910
2776869
5614284
2941296
9888480
5226888
9054111
9329402
4079443
3854504
8974922
7644937
4976669
1813490
5654055
9111532
5418288
6510849
4214933
5201723
3324199
2441021
6307215
2951105
4880559
8276110
3033881
2254083
1479683
1786236
2830998
4385265
9156879
9525093
5091895
6387816
3521718
7312922
5280206
4777890
3211247
1901910
8706048
9659067
9170890
6746203
9729305
3221408
4926481
7176299
3275322
9472150
9396105
5321376
3455853
4466660
2112344
8761512
3866521
6336671
2999616
9685985
5466769
7497360
8088009
6562061
7740166
8999235
1768701
1910962
1544093
3462767
3233549
6864209
6269404
2620541
5574481
3540864
2082877
3886263
4047213
4109734
6112741
1694862
5501775
2220499
8374190
1093128
1609876
5795258
8196960
5611140
6715146
7121996
7561599
2900779
4623184
7922993
7430398
6088309
6305370
5255781
1450385
7790933
1577489
9716077
9830368
1724354
2810519
2204213
2011031
2106019
5863080
3983176
4734490
9611543
4473692
4306795
5241238
8230174
2242057
3853398
9433779
8996903
7356101
8327696
2400550
2071606
1027721
7977190
4285410
3477745
5882417
6600647
2169582
4953736
7627039
5328319
5405522
8667776
9470016
3605902
2682987
7274842
3434854
5590885
9790878
1218084
7318421
3019644
5918889
4178651
1565657
3857811
5487829
6895675
8018580
4520707
8640520
6717734
3888214
7075839
6276214
1862381
1659172
6133933
1411960
8744317
4395099
4830235
2054645
1030120
1474543
4771679
3278332
4629903
1251788
1826896
9664180
7737258
7460381
1250778
9139691
6956148
6323946
4702210
3059786
9143029
6782556
7902263
2977386
4409133
2828572
7781841
8787775
4347610
1727322
5439017
3166578
9417831
8665642
9058323
2699277
1973361
4580488
2897148
6972176
4011510
5492220
8475229
1135968
3965596
2235672
8423513
8618079
1731996
6380383
6186361
5457879
4347913
3374720
9411649
2688399
9357697
9554431
7783215
8307008
6454959
3722869
5984591
8201953
2362169
2866990
3055166
8924127
1267021
5341616
1954745
4084713
2552515
9025627
5260257
4374631
3213039
2155756
8826125
3474058
9623559
6672603
6387724
8622206
6616683
4546085
2879350
8438845
1062677
7928164
1355821
5047165
6918366
6948057
7962037
1364553
3844265
8443852
9523821
9757870
1633905
6180555
7472234
4882315
5358955
1610510
7062575
2403148
3969623
2421179
3392138
2743856
4308201
4601476
7892237
9228293
1730510
8011182
5608168
3447606
8654749
7110637
1411552
8341627
3333147
7810475
3087790
8155310
6632299
3247912
5561334
2887742
3740240
4402236
9420770
4673852
3276576
9997239
5493147
1436115
9426568
7041641
5603940
2104917
5578294
7858685
7077011
6513584
2223655
7330944
4745516
1080511
9007565
5609664
5841115
2843260
8177435
9157647
6014414
2554900
2562673
6590695
3667885
2533395
2186527
3381671
8823543
3623934
1910232
7128636
8567546
7827840
6011829
5369627
7490478
9106108
5933922
1205738
8703087
8019649
4300649
7546494
7371094
2122716
2613337
5649919
1729715
5525894
8202642
9830696
1928680
4225150
7564656
4380395
5035044
1140082
3528338
5210033
9408571
2730583
9696454
9310911
4738463
4242520
1427219
3207668
9297342
1808490
9863906
2207855
4011063
3188158
3883273
6920141
7793977
5544272
9676853
1867792
3867323
2073117
2549236
1793371
1954578
4312049
6113437
1273817
6724146
4214750
2846876
8933310
9531139
7552521
9163486
8867877
1544671
8370078
4536469
2812825
2505638
3284131
9099112
2919280
8159487
1905258
7718459
1525392
6408491
9108256
2104342
2622037
6262663
5422019
9976820
3865675
6161566
4272049
2624491
4879574
5574696
4497819
5414898
9798321
2591332
4166296
8179092
5896339
9716365
9093014
4434736
7376685
6686779
5009131
4874218
6007120
8715161
5317962
3779506
4166188
3817983
6079633
8965487
3400436
4370028
2276030
8557895
5581917
4345057
6201858
6341774
6205316
7904796
5375982
7748872
4509551
7819312
9807626
5065692
8955692
5700734
7551748
8787288
4082453
3320530
1761862
9488795
5892021
5969884
5598944
3793635
3890437
8844424
9201828
2046516
8874959
9352509
1387153
4100385
3202420
2961199
4675175
8134522
8443657
6556066
9499866
5338258
7205915
7875836
2226209
3605163
2244243
2774724
2595565
9767872
8055797
7670973
3800951
7680623
5680194
9727321
9532402
6801218
8316414
2675100
9028768
3392793
4667404
3541711
3545665
6713717
2653429
3350236
4762789
3140707
5034823
1279629
9675427
5891843
7735770
9500380
4306530
3361908
4487726
7061686
9844628
2946141
4311024
2338321
9515779
7265627
5275803
6981734
4982916
4619330
4324539
1411469
2557320
4295314
2083661
1835765
9502736
1227576
7333251
6114172
6814337
7580733
3682468
5303089
4025613
2032271
7168207
5909091
2402129
1510058
4020191
4651557
9941374
1127587
5721834
7319586
1487534
8106385
5735652
4615895
9832536
2271576
7340002
6271473
7829663
6848467
8238328
1006403
5149572
6048541
7297539
5168547
9554236
5254269
7515394
1303970
6811293
4638444
7700703
1207655
2772338
2880835
4707916
3075880
9445677
2142534
1954697
3163332
6375612
9027143
1673409
5860031
9088308
5642360
9849940
7612250
4123498
4500753
8533488
3297166
4596769
5771290
4212696
8661093
1455645
3240021
2267847
7178614
3653270
6668812
5835757
1103035
1896008
3546738
3614744
3337296
5050215
3202105
6845038
4280458
2861744
6312111
6651415
3417138
8072475
3293653
9511479
8802525
2824749
8111359
4044185
8930665
8346665
4711329
1270183
2302870
1363174
6729595
3122069
7537662
5348156
8469027
9274014
1081074
4887704
4142252
6379623
5490099
5308783
7170544
8834175
4185546
3805008
9764735
9942152
7734852
3881233
1989860
4977967
7719182
2822699
2417936
3323478
6972393
6013090
2290406
5385300
3278857
5975388
5195106
8987666
9062416
5019924
8305767
7723542
6981090
1241830
9237731
9499100
5095396
6168458
2273697
5783648
9025046
4454558
8448362
4244601
8976395
9213595
6738009
7897823
3577153
1489514
2722810
8499725
4005473
1715855
9179934
5324161
8054676
3445251
6076414
5057697
2234943
2512480
8672330
7360184
5356445
1613814
6384397
3158493
3260024
7145531
3338302
3882996
2519684
8553118
2209893
6933774
4654424
6566908
3215911
3082540
5128778
6763948
4859569
7407905
1809125
7375477
4427901
3598805
4599241
1003871
9769412
6670757
8667424
2987110
3853120
2753128
8428344
4510987
6728860
3549773
2066434
1690822
8532859
3484000
1579238
8654806
4695522
7134315
3996673
2900600
9166595
9781881
9483900
8917558
6829031
3464118
9749962
1166294
2245687
9806834
3667070
9571380
2330150
5064260
6968774
8793642
7874366
8925195
6211144
7569579
5396870
2803536
9651735
9747823
9475790
1897543
6913298
1177096
3436887
6458101
9941785
8052116
6533537
2259051
9717677
1228875
4297361
8541424
1111587
8000632
8458239
8706493
5398405
4423813
7734746
4917345
1726853
6644591
4648312
2329285
5747231
6675992
2315774
1695114
6063242
3500219
9943273
4215054
5928858
3052666
9560118
9886030
3736117
7588371
2758388
5858597
7426159
4921841
5312612
3137907
4267845
1589599
6868874
2383449
9593459
4428887
4018643
2170528
3929842
2899512
8954594
6057657
6062482
7608791
3838905
1742751
4828591
3279532
7944384
9608920
1394963
2984557
3950837
1895579
6455080
2991161
9237745
1472396
1324312
6044906
3687187
7062435
6310723
9534925
7418251
2956778
1657308
3723310
1488005
2314853
4601313
1283148
9680495
9287499
1165877
7106731
1423145
5400051
4851419
9145801
8330504
8043018
9008657
8948392
6656519
7314305
2347463
2827146
6909707
7883907
4275450
9679803
2827666
6314532
6842034
9062856
8388791
7409365
5284308
1991693
7581540
1310611
2743652
5648364
2382036
2704609
3286043
2490202
9846787
1091434
8341729
4759187
3419189
7593032
6342440
5265198
3646688
2837346
8718756
1088267
6613944
9641327
5428522
5378408
4132437
2580058
9383268
5109203
4076226
6637374
3943983
5736058
6582436
1491920
2175057
4689246
7038533
3548892
5701018
5159654
1356668
5570792
1784406
6310160
4956091
9176885
8464108
5921282
5810485
3270883
9186518
3131199
3901674
2194548
3401277
9576437
6738576
8921001
8400176
9308082
4251871
2911560
9812097
4114231
9915321
9231679
2060412
8698981
6807861
2990818
5739525
3614740
5512199
9410577
3360653
4158851
2189453
2182389
2552560
1426025
7508280
7439593
5343918
2787242
2749973
6593717
3407749
9816997
5032759
4532021
5912807
4168298
7124739
1655768
7281181
9285193
5129816
3461572
8786680
5277893
2746265
7907671
3375471
9383144
7089496
8363145
7309466
7761904
1380768
6799341
5251402
6982119
5066335
7303702
2958851
9038544
9242350
3033366
2882583
8722045
1864255
5142050
5302048
4604350
8414498
9669969
4818137
1708852
1632628
8436099
6663001
4635331
3176036
9761823
3608430
3535525
7296867
9434292
6421906
7628636
5199080
3085313
9953100
1095616
5956317
3838160
7450406
5864758
8088233
3827324
9827654
4937217
3071003
3613460
6152556
2851314
8506031
4990616
6819527
3665339
6040833
8966112
9867188
2710882
8501387
9493276
7790164
2946641
6788764
4279990
5828232
4146442
2264024
4186836
3239180
6563831
7499622
3572345
9868205
1172383
4592378
6843659
4361192
8857269
2675071
6637231
9194081
6505419
8747552
7006224
1428413
4565220
3865459
9830975
2765980
8020262
1123138
3546933
1286198
4371502
1252728
7733555
8466897
7853758
8507109
4490506
1898140
5935761
9707502
2761079
6345323
3410895
9528596
9755942
6120016
8677724
6489311
8560279
6959058
5661067
9346662
9915934
8832525
3511921
8201790
2627524
6481702
2771476
9834301
7201548
1665192
4522433
9180329
7270480
5911808
9131324
9550914
8216904
4550353
6801298
9031529
1863340
6923253
3173451
1430700
1369010
1896978
8776188
7295279
1406897
2956820
7010040
7795512
8574118
8974924
7720486
3233622
4379411
6832677
3705646
1281775
8393157
7027134
8641038
9694757
6570991
9783337
4988169
7651813
8042546
2236224
3003902
2347980
5684990
4719646
4131542
8271413
3211986
6549761
1550679
3916003
7385183
9531386
9553494
7475656
2710667
1745998
6574089
5940464
4001489
1905581
8691770
2007053
7480453
7120972
2005656
4529695
7020277
2033953
9455208
1431679
7746411
3323899
7780184
1950665
2214736
4795131
1856116
6107556
5656747
3693938
3424114
1958128
7816518
3784921
2988711
4857418
5922865
7620647
3634973
1938814
9073632
7197779
5078844
1422218
1151791
8921190
7384676
5679307
4273734
8366651
4786141
6336647
3171928
4733079
9822950
9581462
2640453
9552223
8038058
7564141
5918112
9118330
7854864
8383496
8870154
6603012
4865265
5715444
5206461
4325867
8260453
5010038
5953253
9809834
4285558
9430363
2921320
4477472
5588854
8683165
5308935
7978956
9298669
4786735
4409756
6445671
9140330
3018342
5640515
5480478
3464314
1317444
2448662
2599083
9546167
2266465
5688144
8941839
2161207
3069560
2029395
2371758
5722406
4409483
9229956
3109895
1180078
1014004
1988756
2870478
6224210
5902410
4993562
7505127
5859482
7085228
2230620
3979713
3969193
1380973
5273709
6982797
2073258
7867932
4313392
8305242
1628905
9347950
8511610
4471887
9112318
2560074
2690006
4998468
1251940
9280433
1453474
7579069
7082919
3369801
6368150
8793539
1805564
9208836
4656421
9218529
2624042
7986225
4706235
1502968
3484646
5732191
9627815
5351743
1151230
7410281
4409939
5635739
9592299
4840611
7550190
7581655
6814217
7162848
2603434
2379008
1816482
2783901
3269153
3095968
8690726
4625741
9896658
8854933
6809015
9436289
9723466
8432204
4903777
3120051
5145694
4040607
2949351
3076912
5197589
4088649
8575608
9862433
1701346
2713282
5089857
2998068
8852814
7868732
9208348
6724332
3258036
7296504
9240293
5431361
8794022
4336837
4139501
7071924
4832430
9407958
5830344
2343092
1291502
7225023
2288066
5978726
4605481
5708108
6107861
4439642
7594750
5846238
7122550
7261698
1760611
5558638
3902550
1470720
4761937
5357179
9803682
3845272
1757182
5475634
1166035
4851350
9229311
3792514
1810292
5528715
8134299
3551539
8853137
7283254
9267915
5828240
2275646
2845759
9070929
9464896
7283329
5442268
4950386
5032563
3354205
9334294
8584594
8295544
4532923
4621798
1277994
7005163
3563767
8396089
6790376
2799114
5967237
6060243
2907299
2429289
3695935
2664399
4220600
5747836
7258956
1572804
3557447
2607186
1898030
4343940
7627524
2007585
5782567
8484734
2968122
7058172
6113929
2784451
7073506
3183393
7116569
6630822
9425628
2945262
4191263
4074428
6210056
5158708
5399501
6718338
1784900
1930340
4599242
8419934
9222914
9299110
5252505
3659710
1249476
6207433
8684523
2591005
3771959
3612693
8695101
3064356
2719465
5384699
1990639
7368621
3671337
4939438
5696227
3838306
4613370
9253003
5980110
6591684
3988531
5896883
4586654
6055880
3647798
1010169
2279752
6340507
4975307
3110967
6336173
2797127
5851096
5728379
4410024
3223085
3945279
9348767
8054967
7878450
1015380
4516790
8956611
3176119
2414329
5530018
7947981
1317952
2802905
3260675
2525815
1680182
2944509
2238858
1130669
8217479
5281934
6896939
9744366
5079211
9349864
8974769
2159611
6734018
9512662
5636587
2883098
5174169
4266480
6342084
5239687
7725004
9327694
6004529
5942904
9141893
6493608
5173059
2312331
8660834
3698828
1915420
7968655
3753013
2428858
7477118
1971820
7164325
8668703
7027711
2831728
1892849
1864620
8468185
3655030
1813269
5227155
1001693
5479541
5762181
1868574
3560584
6148770
4566188
6168814
8446467
6313660
4798280
5408595
2278290
7822894
1553127
7844761
7896778
7524774
9586366
2019155
9742672
5369476
4299198
1788471
4502977
8952338
8757357
1343730
2196436
8298339
3613282
9408790
3723116
4443348
5913711
4681533
4687988
4878336
4775155
4910744
8837248
6500974
9175383
6595028
4784455
8685951
2355070
5781851
3949484
8288157
9262284
1448910
1400906
6891454
8655257
7522198
3889394
4456382
5212546
2459208
4023119
6540504
3511129
6622580
6721963
3084032
1337660
5059851
4174986
9239329
6593923
9752426
9918324
6205614
3217171
1473031
7142225
5424871
7653840
8074615
8086700
4934442
7521007
2225753
8617754
4808499
6445481
9941347
3772276
5837298
1945099
6819975
1623167
9952264
1226602
5801153
7891949
3027421
7647476
6999296
5525180
2162848
3810914
4998190
8149501
6555868
9782474
3876318
2546031
8374900
3906769
5832977
9670346
5764411
5043070
8970277
9015959
4493874
5937641
4670652
1589343
2269010
4522243
1835414
3465734
1738062
5316870
7450175
1035847
5538075
5110736
4867375
9653075
3775317
5600280
3460990
2340428
3654018
1255117
3133447
7172409
5100423
1042718
1703849
6069155
5078078
8638055
9829966
8150303
3690803
6263983
3204183
4632859
8284210
2215736
1137063
4039303
2628216
8825220
9711313
4606837
6699375
5987269
8212046
2728799
7460187
6625948
2804242
3667901
6755144
2063868
9857226
5772406
2470738
1790701
4428085
3805874
2549329
9419757
8775452
2924046
8114079
3006320
1106991
2234409
8770438
7925000
7552190
2350299
7963211
8712481
7558480
3270406
7408721
3385571
1669988
9224836
7098476
1101946
6162242
5784448
1030851
8442930
5957564
7932641
5596449
2425915
7332038
1513696
5374744
9345996
6860143
4228090
5927570
1269220
2057147
5249409
1956661
2031084
9599519
3463630
1186610
4208377
2289049
5055889
8033067
7385645
5071017
3692681
1901887
9976189
7966191
1361358
2469875
8535693
3029602
4917580
9722878
7539255
6378922
8665802
5017265
5945642
7344476
7220840
6297921
9655535
8945936
7871976
9874802
2813959
8051807
4090978
7652322
1230769
4380286
5851675
6338416
4065224
3865458
2528049
7180103
6952520
7804847
4462189
6021450
4951921
2008017
1984571
8616862
8966660
7725238
5025653
6722702
8546602
8850870
3551451
7256223
3676852
9027392
8941087
1702066
8586749
3248146
1526365
3972175
3607660
4466004
1950888
1502867
9688598
2124818
9393856
3734393
4318272
8497492
5170911
5854270
5185538
6494812
5224690
5812596
7271558
4306364
2801381
9650725
1000432
7176081
2931671
5082850
5216280
1578847
5927725
9746599
8003506
3715979
5374850
5351660
5837647
2596143
8152572
5630859
5126396
1063389
9178490
6719560
6174920
2947828
8170729
9814530
2479012
7277336
1797494
8927925
8912610
6632849
2941918
6110185
2036512
4444610
3399649
2594875
5289470
4314755
2991764
8391686
1915658
1827806
1179734
8292974
1263933
9263395
6655515
1788745
8226783
8647912
8902500
3566826
3230341
3974881
2812623
2000842
1819899
3882711
5516938
3643989
8695932
6937224
2711139
1252111
5634782
3606620
3435771
8110625
7492875
6426431
6883162
3256644
2264233
4881567
6369948
6865033
3756571
4363844
5846280
8114242
5494369
6513863
6962689
8134608
6952987
5542640
3251925
6270154
5902571
6845104
2628403
8795719
8769975
5413175
2027129
4642057
2577101
5629747
8188716
2800454
7011874
7244263
2461953
4963412
8906291
7764771
4851224
5955248
7324621
8408293
3592456
8578027
2465831
6322636
5808277
5018353
3640493
2162933
1238142
7860535
3483736
6976692
5551347
9027584
7290424
2288881
6242980
1937293
8435411
4133532
7102581
8681951
3074894
2546190
3021738
6509836
5009598
1335694
6826648
5367350
7602204
4881055
5139318
5811478
1137933
6954468
3892031
6915615
7762436
8940111
5330499
2637734
6351482
6813072
6527476
6045986
5443657
3914728
3345229
8771219
9717739
1621532
7164896
9524928
5660873
5796932
4320058
8997400
9399043
3249858
9918388
6626426
5241724
5831312
2233497
4035408
1595870
4846323
7786671
1169302
5592113
3457100
6262372
3823865
3776467
1849997
5456663
6885018
8924181
3174345
4539519
2320945
5635186
4295523
8011708
6409935
3331629
3061992
7898488
4378236
7029446
8479097
8369850
1940670
7978328
1118049
1973831
1548795
3094290
2158149
4204341
8882038
2084432
4816185
8151373
4500661
7106453
7065455
2810716
7553987
1487655
1606218
4684438
8778129
6289287
4578001
7945768
9117752
9744204
9174975
6065881
2259994
3440411
2108790
2722715
3218150
3399557
3900244
8332404
8727290
8390269
4394142
6718212
2343266
2334772
2073818
5189554
5421374
6366355
7820409
8590967
7853122
3979157
6565168
6655303
4692312
4461630
2344807
7289687
7660704
8766267
2729418
5478863
5232663
6619351
3583742
7895694
1563669
9863896
8996654
2518804
7857904
8635060
7375491
4375377
4928958
5014259
4616242
4137351
1509112
5782562
3066223
3923294
8171195
6383089
9259583
9399876
2415720
8429674
6137771
9055230
3201514
2145102
2824592
9597648
9382935
7557070
6282452
3853573
9303472
4880675
9632051
2141788
2200835
5751818
8192247
6167503
7097392
3423135
3433286
8573633
8445896
1719893
3394005
3291203
5821137
1061648
3498106
6692034
2035814
7330847
8293024
5194001
1548475
7024537
1753684
5907599
6164479
3292435
1542396
6516213
5550874
4064251
4397798
3412094
9293589
4930644
4394494
7787891
6975769
8361102
7525594
4364178
6906768
7847745
5922224
1428826
8369256
7216454
5881319
1215734
4100918
3351346
1146826
1267076
8850743
9025840
9212697
3681088
7496753
3024442
2681914
2910929
7152760
8084148
7299405
6833904
4337356
4302885
7648285
9292849
9246816
9785362
2383345
7861488
4762549
3859001
9921027
4779161
9183525
7602599
7173320
5786515
5717244
4226742
2609774
6759050
7497217
8045735
6869988
4505111
4154322
5968088
6793234
1499407
3242413
8934754
6116522
4551909
1472843
6765457
3728982
9343804
3077158
3736576
5114769
3388430
8221980
5385425
9693074
3579506
5844652
3302343
5405730
4354253
7791836
1985536
3432975
6294679
6509885
5552977
5038265
5767433
6868359
9539264
6179273
4264352
9689566
9037464
4137346
7736081
4138358
8598893
2913967
6608457
8312978
3470765
7613436
4485919
7295335
3884062
1485409
3479449
8070560
2980153
2939577
8561688
9875835
7069923
5260849
4081697
7591696
1216516
7739931
3424840
7784050
5734406
6045218
9036091
9091374
8531564
7401688
9458536
6121136
5588236
1130988
2357132
3266501
7022635
3858999
4862682
9132028
7334579
6461621
4818756
8758373
1517523
1579728
5600552
5604603
5281267
2310488
1158106
3472670
6548563
8711376
9311690
3532088
1224703
5768482
2480786
5176962
5691889
5736690
9837023
1338079
6454019
3251151
1636409
5704358
7327694
6224006
5723504
7359549
3358565
3639633
3470501
3605216
4645479
6647213
8237938
8058305
9324805
9550217
5931063
6106762
5297489
4931418
5567042
1237822
1743166
9488843
6394010
4236541
7855354
9268498
4506984
4375142
3884197
6908638
6219715
9557591
9259436
1495916
2119702
7165583
1633415
2086009
9376816
1977333
2604043
1267602
5558504
2464626
8022444
8341191
6487531
4650617
1306579
5088702
4314660
8660838
6120856
7727907
6655942
6062212
1474268
9824701
3294841
5076265
1392518
1497756
9651550
8937880
2356143
4907009
4381463
6179117
9428722
2970010
3096391
5537745
4421060
5746112
3207472
9412221
9029142
4745579
9678606
6802477
9024192
5363492
2206806
3714080
9845101
9459211
6847931
9743916
9198263
8997829
8570828
2548923
8278478
4454208
8562554
6240614
7639697
1045796
3857848
8586796
6175487
8998871
5252091
4728783
7241159
6875629
6112417
4999499
3162683
5762987
1310573
5502323
1661667
7964790
3520688
8898987
9555694
3682013
3437637
5291516
5916675
9619776
4703475
6265303
2626614
7042587
4098229
1101545
8404695
5057779
4358101
3087447
5350564
6142235
3103028
3853655
6722526
1515235
1168935
9058346
6079993
8984606
8994108
5215994
8331564
4982159
1632090
6989835
5219945
5115632
5892294
7472161
6258151
6229790
6451522
3969647
4941530
5219748
3300816
6142967
2913284
8890466
3194836
9333507
9937125
2962329
1134679
5044734
4579150
6371606
8914920
5437487
5573012
8228793
5199516
9717971
7648223
1856609
7583863
7675607
6776034
1771831
6110755
3791535
2354789
4924051
1293789
2090262
7985918
5929614
5688623
3997218
4971486
7323621
3384151
9314947
5154439
1259846
2271047
9720600
1413403
8327355
7388806
4998189
4018128
3867312
2351092
8114325
4780480
7435490
9449322
2429345
9411421
8044646
1318592
6288442
1542786
1796052
9534312
5657312
3144740
2074062
1944375
1961663
4918823
3914288
8059396
7439147
5475213
6801494
4898153
2476025
3715593
4423236
4096807
5491321
6518962
6456886
7540262
1610131
5308371
6858053
9643417
9468541
4779871
5468403
1741568
7142230
5217858
9493587
5093831
9214434
7083538
1619864
5786956
5892323
8787556
6836664
8402622
6000016
1059515
9285756
2753760
3322484
5076124
7879783
7129517
6099046
3515645
9949760
5540438
7124833
4342363
5010558
2975335
8622847
8604075
8362832
2016263
4272727
6035816
4365958
5125342
5651439
3096971
6704607
4983057
5365408
7464537
9907695
5384616
1588869
7863446
5746541
4196241
5537375
9195479
6867479
7842686
3448393
8955253
6003074
2250921
3242642
5326813
6201538
7315191
1720124
1791237
7492657
6818042
7583312
1552953
7165216
2842705
1510620
7602003
2581528
6077035
2110219
4473609
3442123
9408168
6861855
5778849
8809500
4274272
9281997
8270335
9414472
4007484
4740404
6863327
8638319
2631810
8272508
8687709
4504707
7878255
3526983
5352497
4163340
9258877
1712855
4276985
7272213
8977092
3246844
5190511
1046967
4291704
7375098
3195135
6825313
2536561
6735200
5706366
4724720
3410001
9915864
4644590
6270221
4351166
3541949
5679484
2813254
4446897
2452063
9027703
7828914
6044149
1900724
2913043
3953459
6430782
2059692
7123865
9995547
8830436
2924642
2157679
7150443
5417210
8171374
9297983
6455927
8974095
4512407
3821831
1255013
7462849
5693094
5505725
1401684
7646520
6168918
7024925
7113945
3230150
8358759
8561040
6985828
5970777
1501201
3928186
8404225
6639131
7998230
4518049
5980091
6303847
2126192
7626997
7555035
2641959
3976682
6764864
3751374
7408590
7548491
6318571
2720996
7437487
6590700
5442986
8823221
1105144
6892651
4083461
8750302
1347407
5490104
5185604
7690217
9458184
3453517
3284151
5571018
7854208
8645434
3152415
6752582
9328281
6859678
6216508
6267311
2796818
5562226
2861940
4155722
6213121
6745599
6941981
4654673
9675632
2111856
6431399
6184083
7204370
7942658
5658665
4454905
2406752
9231319
9613190
4866533
4548885
3008106
9778748
1628851
3909698
4114333
9138953
3176481
8135054
1523887
8002810
3395595
3683982
7132809
8596689
7562959
2943869
1950775
5321298
1720143
6525272
2766452
1600554
1921172
9261529
8366557
1448317
5687503
1660173
9332488
6067338
5926140
7937748
6661166
1107197
6041120
3623029
2753283
6105298
3573553
8787036
7039015
9156129
2537044
2611313
7691316
4200202
8939072
2257173
6886008
8966781
9355906
5705531
9266493
2218790
5000859
1390881
9971971
7057460
3467844
8939498
7331151
4897221
5896082
2353050
7573532
2662576
9820915
4134125
9970032
1918958
8062744
1073748
6724042
2914149
4639981
4809037
3471223
2566291
7007427
3153886
6302084
8795987
4959823
4345645
4094158
2524047
3126860
9383359
3607541
6528515
4604859
9280203
1110063
3699113
8841803
1841402
4313209
5128711
1558739
8723774
7208167
7867473
7366843
6134796
8704285
2780283
7551739
5503351
1858838
2748960
3229819
5260138
9418209
2807048
7776794
1276354
3642221
5241305
1679243
3832710
7132473
5352285
3129433
4040324
6652077
1719980
9580363
8090825
1656455
5829366
7089250
5369788
7621550
8043247
9959551
6167895
4590947
9819031
7255457
6323331
8645205
8933029
7720013
9173776
4265299
5797391
2812742
4479054
3505116
9266809
1086780
9602699
1176146
5192248
5123521
1387112
8511949
5735937
4524086
9723098
2679820
7124594
2538884
9750075
6835719
1667965
8327494
1963338
2527328
8626733
3243332
1430149
5120567
9914070
4518363
4076130
1282332
6262174
5418616
2820069
7531680
2071585
3283267
6573408
6586244
1475269
3236504
6697037
2616083
8212828
6978224
4107905
4427084
2308655
7947102
4852686
4923639
7072621
6056310
3424952
4186904
4432112
9095176
6979601
6916737
2116904
1282570
6213236
9169218
8338150
2384339
3393626
2773820
6239047
1891524
1695900
9183316
2532091
1081537
1839877
6164739
3908977
7470941
8564499
6383497
1940641
9268500
6778059
2501121
1231605
7933553
7433846
6072656
9003029
2226128
2790587
1888247
9541646
4306814
8289562
1705289
7280094
4317244
4182659
2582390
9787294
6262435
3842321
7785605
4963980
1384545
3827110
5731360
8858164
2668129
8732323
4524937
4643963
4981257
9984708
8971179
5305224
1973789
5313111
9735563
3970447
7225217
8895959
3061533
8313723
5538779
3214825
4693491
7244280
7850583
5328306
9017232
6592794
9307076
7964371
7827739
4748461
6464155
7442498
6209647
6696666
4189728
2780102
2108943
5953010
5527393
1629006
6469815
4350746
7395100
1955439
9327053
7089428
6010238
1168505
8753719
2710502
3343301
4116148
9902918
5924648
5300038
6200892
8117007
7082415
1700235
2563574
3962267
5636626
5947924
9204270
4310580
1435925
8429118
1620367
5204192
6046906
2392066
1191806
3444394
2492832
2583188
6198867
2554267
4400981
5475371
4443764
9694024
3112000
2362016
2448592
7587973
5463332
8633968
7046901
9352375
7575890
7360668
4469903
2189639
1420334
3819504
4178686
1456243
6997531
2117408
3191378
3732926
5465030
3498317
8872102
3286280
9295180
1974183
9800022
4001976
5298249
5504173
1234334
7798421
9042686
1407057
6174800
9136692
7377374
4728119
3051890
9938956
2314869
1335451
3866802
4389285
4425589
5283857
5354118
7739951
9324639
8047400
5711780
8415343
5905867
1822632
7816603
3824980
9009812
4343291
9655501
8308264
3009890
3958952
3875593
6012322
1300885
9261434
1559369
9132184
9145354
5097599
1397637
7268241
5756878
4346604
2722673
6509945
1744989
1898014
6186650
3152366
2641237
2575163
4839128
4743287
3360444
7646071
7312561
7778452
2642026
2692019
4137099
5772272
7504149
3002815
7230219
4741107
7786807
4768192
1646798
7157684
6744798
3429677
2186178
5394508
4908688
6454387
8887011
6546629
1859864
4970809
6771598
2102834
9255153
8575614
5899267
8692376
8263694
9673373
7620284
4999498
6311236
1377715
4126116
9684882
1810133
3463511
3438582
8865035
5745242
1891656
7805107
1498380
6594764
2979365
3907135
9025215
7571759
9153941
2658393
2274959
5485147
8326278
1186549
7977791
3221480
7848659
3150392
2626968
2725685
1336703
5350671
6743739
5427477
9907102
4808685
1804052
8727063
2497235
3646175
3374703
5706865
8165556
2822221
7005092
3220296
5765834
2870031
1436590
6561695
5719412
1468073
2706714
7738521
3270635
4976677
7157915
2320812
1561119
4339980
7394490
7035493
3738433
3449728
3217322
3261905
2488474
5490297
9356858
8950735
6712472
2809626
6107235
7549872
9917033
3329647
2534593
9773000
6246080
3532742
2154335
5807060
2497781
5068135
9753707
7499591
8988297
9778864
2974216
2446963
9819079
8525330
6063554
5343057
5007493
4211746
1695261
6202157
9215178
2687708
6251590
7137009
4306378
3930683
5004907
3554571
1073740
6517294
1257446
2116862
2756716
6343991
1395988
3487618
9803005
6769829
1809092
7740505
6076102
1571756
9671948
5923952
4530733
4154270
3433205
5646381
1196658
2403158
9467099
3556818
6919915
8398334
5349808
9464972
4917846
8056267
6996535
6681407
8273693
3869527
9410462
4851250
4514680
1278418
6953822
5988782
3317306
9308075
5464834
9957510
1130027
8829800
4167063
5981431
5762309
6087830
9440367
7593386
3465224
1806042
2473745
1350934
8162042
3076069
9413440
1226818
1425022
1243334
9183654
9939112
8297232
3507545
7868894
7921845
3721499
7336029
3849243
5409069
6680695
9820516
3970744
8631212
4555522
3172451
8142364
5830023
9126170
8288617
6121929
2538897
8760244
4405869
8278018
3782266
7318428
3088128
8747543
2970257
7154313
3138593
5064462
6977705
2240348
1953775
1669232
6331034
4902901
2771385
1850733
7171679
2033650
8639281
9533100
5136221
5496261
3034624
4915571
4170243
1902961
4443379
8540400
4791628
4545505
2880722
8504162
8280737
3685669
4284305
7524583
2906268
8299338
5573472
3247650
2705000
5700820
9355485
5323144
3213444
3791130
4081961
9709640
8263270
8199295
9351448
1180949
9285948
3507720
8538626
2352209
4497037
9725727
5863863
6435031
4784447
6441699
3569167
2897061
2341617
2304042
9518494
9760932
8456520
5903636
9407559
1658262
4877768
3082509
2906536
4225755
8303832
7118366
9837555
9845344
2369320
4117104
5937948
8926629
1380398
4101983
6972462
7358056
6868747
8366391
1552377
6436019
6360845
2561934
6525222
2461311
1362509
8651710
2940267
9894020
8153401
5294205
9369305
7088734
6207788
7754138
6723538
8351517
3467833
9173397
9317465
8788905
7778055
8556188
3790658
8155664
2958422
9291998
4979528
5369006
6359776
6355086
7374013
4854520
2150170
3202358
6722268
1125093
4853465
7939893
5623866
1129529
8778066
6528215
7062875
2804847
9694714
3208335
9749601
1995522
2291724
7803475
4396447
1695384
9815849
9104212
7839692
9370188
8011737
6019929
4785364
2897558
9258159
5052407
5676424
1199705
5127499
3528751
8474740
1507145
7212986
8103652
1661969
1372791
8151288
3365815
9882961
8144635
4025685
8871553
2591000
7047357
9727732
6930220
4806795
2608160
6333872
6435438
3598144
3191243
9016986
6949796
1883157
1296020
9553630
2759815
8876956
7484811
3557828
4451853
8976052
6692193
8295378
5524446
1564147
3413876
7580558
8707057
3259263
1655864
9201760
2594115
6094012
3506627
6478230
4510708
6969311
2439092
2889730
9952510
2767970
3263681
2102526
7725970
2690896
3478237
3137872
2282961
9980992
2064002
3477736
4433251
8407134
6207584
2609414
7833848
5505636
9631458
1025400
8685721
5841641
5128345
4165697
4627626
7920080
5014663
2886422
6947198
6814881
8020810
5784130
2740055
6246964
3191012
3647721
7563257
4601865
3472483
1393385
8533161
1936821
4421745
3561372
5610823
3939191
9844858
6275642
4481733
6011625
4597557
9820828
1580099
7302354
4877394
5238299
1831561
5599512
1464383
3369687
1942048
8273043
2554710
6988755
4695821
6245948
3536358
5664126
4237419
9653956
6965596
2331021
2581796
3601601
6042061
1138371
7723915
6078147
8329699
8614994
6901977
9040901
2488483
8766171
7995139
2726143
2693207
8556114
2432628
5263384
1789852
9719165
2801260
3587641
5549322
5314715
7104437
4807037
2918779
2929313
5021757
2977860
6547450
9214239
3203797
7445735
8583114
6530690
7358085
2903302
1804112
6077810
3958985
3792444
4560158
6608540
5828845
4682804
6557724
8219594
3431552
9853973
7252245
1164013
3797688
4848537
7605339
8923133
6937762
8432123
9528536
5869879
1475075
7896783
3561139
9830149
3906768
3901035
8131675
7959612
4120391
3327555
2542515
4673343
6959017
4074899
9913306
6506112
7928276
5207733
3805398
7540711
7562624
6464338
5454556
8850955
5852054
7415797
4272766
8272541
1467048
3530683
9286769
8909668
9110289
4837735
6588090
8018338
6030954
8447314
6475509
1869782
5519782
3637375
9159938
7288731
6425995
2398989
8323021
5435118
6176974
6595781
7208055
3484684
4515145
6156435
4820006
2702970
3757275
1461842
4172966
3663134
2732508
2624960
4489530
4887307
9045243
9861649
2571587
4460954
3687671
3760991
5710348
9405171
4327094
8021630
7923312
1573867
9023877
7018350
3711016
6315016
5108461
4070378
5183541
7662111
9576814
1908381
3733798
8529758
3367771
8504180
5840007
7864998
9226577
1760014
2481766
1488016
3468757
2939664
9058883
7377745
6833994
9765654
7930195
8524088
3574731
6412868
4620273
1617620
3112683
8856826
9845794
2855346
5631046
8716902
2928451
2547907
5506308
5622003
7893841
9680861
4684906
6441631
7179733
5892248
2918236
5154794
7881066
4293785
2474419
7979050
5565356
6253419
3251319
4613819
8383039
5560456
2650425
6317460
6465657
1739000
5581904
3253366
9750893
9604433
8664238
5422141
4511125
2316060
5540382
9579673
9448731
7787032
7456476
8679254
3615428
9664920
1654544
8737942
2380410
9716999
2938537
6562593
7089972
9502668
9562066
9570643
9030020
3293320
6416212
3539956
9114556
3618748
1735816
1077029
4046718
2974472
7271991
5914485
3215775
4737678
5982992
6157651
9155384
5724149
2221381
8273118
5080137
9496650
1190658
5630297
6002569
6748672
9151370
5823162
5785486
2847384
5182960
7959649
8700821
2429916
7937840
9281830
7262127
6447749
4005224
3823115
8811145
1697404
4067318
9391952
6487126
3825662
4798127
2439654
4258523
2985496
9319288
6549307
4982998
7953746
4244229
6773748
6966220
7426600
8361708
5711609
1198190
3402611
9316453
3814185
5070759
7178727
5919264
3618095
7251845
7415861
3711107
1399532
9759233
7773521
2753983
5800020
3322412
6608078
9078990
7439765
2226296
4407396
6312779
7291825
9505889
1441940
4145581
4474093
1552758
6667170
1303649
6203617
3146056
6638209
4460484
2205360
7266798
5170701
6420538
5962770
7303217
5864754
2556590
3508749
7261851
7105578
3004966
4115523
7329303
7419235
4873729
6356388
6403973
7270526
5472592
4986499
8619357
2680884
1930511
9861318
9035773
3300755
9571327
3063416
5329936
7532902
5760161
9890169
4327965
7019507
5575120
1879509
1264297
9617630
8752571
7654577
5043146
7403627
7739647
6247649
5936842
3450273
4756701
9533655
7974708
4140106
2093597
7535671
5167230
1488086
6159678
5009158
9578514
2085215
3812312
7513728
6386939
5440519
1074000
3890824
2229289
1164541
2427064
5299322
9467296
5038367
4453441
5809948
6455299
3160889
8410717
1592180
8632057
7985205
8708595
4256634
4310698
4808452
4512527
8735928
7934238
7115215
1455726
7808492
2243112
7481537
8331774
6324027
9893894
1300326
4492385
4243781
7451086
3316676
7599814
8658059
6751192
2695634
5611411
2948474
5318584
1820630
3104702
6120664
7347816
8303646
7129275
6856074
5310021
3542682
7017040
7723263
1742576
7691220
8736260
9229245
6075157
1315790
3564085
2295686
2408392
2901879
7753353
5031462
4927819
7451465
8804093
6446876
7671532
9129922
5280025
9216163
2648971
4496828
6994372
6578844
2508986
8267755
1958708
3738841
8040061
5525939
2973437
7995720
5125040
5177828
7931403
4891002
1162760
8852371
4471147
1245455
4837553
2755990
4434563
9902912
1832407
8345691
2281442
3865865
9533889
2387365
9650738
2503025
2729239
5080165
2518410
6312759
7978948
1347057
8484320
1994139
3493558
5722659
7512924
7425094
1248002
9353617
6645831
1931222
4966949
9250084
5738018
5604106
4310118
8588503
8761171
8744455
9474327
9641422
2345658
6545797
5345338
5140880
8215587
9555417
9699007
1173987
1299028
8541855
4294571
2449283
7645893
4131011
1140501
8867966
7281583
1431852
5814667
8791727
4649597
5694150
3147217
1056277
9333023
3041003
5941193
3864079
3733758
2412206
3044142
3216438
4257034
9770563
5917818
6316823
5955246
7734414
1026920
6271819
4388261
9073542
3962772
4739381
9336358
7132806
3857278
8694040
2513403
5826096
2695277
5539730
5786288
1465534
9342128
6341625
4083366
7468327
7386431
2194833
7370631
3042474
3032577
8640935
3572947
3896377
5097127
4518540
7184409
5836933
2642613
3760177
9240770
1552610
3696929
2880476
9635528
8298904
8493140
8925253
5315908
9269701
2575885
6594959
1576612
7590130
6989989
4715558
5095035
3131184
4555885
9656305
9786674
2314670
5059699
6437428
2614684
6517787
6234212
8632646
6054696
7981234
5012363
3738345
4918191
4732839
8305271
3183883
1653165
5589740
1077435
5398360
7753613
7585120
8269391
6688186
5735965
3335189
8676692
8807534
5144353
4205308
3268981
5752580
5334211
8277743
6117673
4271219
4406760
3482075
1836821
3549142
9104093
9265928
9645517
4174919
6783216
5676167
6737211
5952151
2370395
8693687
5500632
7565927
4307612
4521843
7561496
7313702
5674848
4071323
6105379
8596263
1110045
6807678
5389309
5674269
7096767
3580065
7485254
8329590
2608570
4264943
1947101
4129682
7660158
7526076
4995552
7201439
2359817
4006775
6134479
7927379
4704918
1982764
7032335
9444932
1420403
9434932
2653514
3165863
7527728
2617594
7495155
5590307
4795187
3351210
9064039
4238353
7797673
1230135
1408687
5147923
6722327
5063753
8666850
3838734
5479054
2281026
9791912
3873605
2781309
2190828
4269145
7867155
5894688
3837377
3698627
1497669
3096727
4519318
9623755
1723921
1681105
9681956
2732458
8536503
3207911
1665204
8894105
8153587
6741445
9244391
9970696
2755356
3809667
2833823
2990471
8524765
3983634
4295694
5831880
5487821
4273745
1805721
4790203
3676716
7654463
9794472
8431001
3121340
5942475
3309004
7583869
9825081
9313672
9106190
6238892
4365303
8428220
7754192
1627253
9869656
1170007
7891234
5209524
5620198
5549953
5493220
8138416
4380691
3639244
8849939
5556068
5816266
4743497
5736882
2504219
8283185
7297974
8581077
6819892
5422782
7808661
6313805
9722949
2902195
4853912
7435115
5238876
4147575
5737336
8675379
5010785
1948115
5390052
5273119
8975127
9398533
5225495
8136012
7845505
3603396
2863170
2686789
6280161
5093522
1563689
5560299
1333724
5451575
1404042
9938557
5829113
1536479
7455223
2920970
9661064
9562514
3547909
1806640
1776479
5935499
1463965
7923663
4807424
4304504
4093231
1021200
5551766
6129741
1630215
3381324
5698782
7781573
8300728
9054298
2563107
7660087
4235892
4238136
8924129
6891921
5062781
4848596
1278411
9358515
5721782
8950712
6657832
1510954
3428243
1518929
4001240
4902343
3544048
5262298
4846965
7521308
7414781
1328042
5886933
6137106
3774422
8632726
2135915
4819114
8307952
5975300
5747917
8102734
9414191
9934669
8379344
7824531
9280213
2098958
3385039
8856526
2783638
1829452
9065035
9199952
5909447
5467457
2366700
7562559
8281076
1766791
6495782
2162898
1086864
2782903
1891688
4225607
9636960
1271116
5652230
5062576
6643511
9286083
3920939
1771806
6792479
2129548
6287314
3734038
6669214
1877224
7632068
4783898
5613176
9765076
4856535
1170084
3873653
9418047
7643590
2368943
1347146
6227510
7546862
2264942
3437735
1047456
8064931
6081824
1952988
3865253
7632941
1299835
2498473
9456619
6108386
2164677
8763552
5927672
6966625
3785922
4005305
8715707
2640744
2230728
3595826
7206310
9268691
4743150
1268961
3074228
7103410
4017251
9228632
7127944
1033669
2161434
6721395
3574518
4028183
8032035
9458752
7476314
5575476
9676565
1910476
4646694
4973127
8186664
5884294
1494394
4253845
5459423
8597714
9034348
1262864
1221666
8636973
7005991
7850841
7991210
2737784
8597295
1897877
5019029
7067491
3501122
9190955
3803353
5055287
1096538
7671767
9728917
1095295
4852176
8919982
6211075
4675156
9379738
8258350
1989002
8089092
6357237
2694657
8510896
2997535
8943518
9401039
7302253
9172637
6150073
1599420
3691738
4546671
1925397
7115845
3241032
2803169
7958663
8221426
1851950
3284520
1670579
7507449
6183226
3034126
4405609
3206319
5351304
9954551
7388779
2436395
1105840
2984142
2207373
9925689
1498746
4554385
4781493
5379256
5766189
6429047
2760642
9778513
7343685
7934266
4143945
7642068
8056450
2014660
3930427
2003760
7357021
7888826
4352482
8090447
4856150
1918431
6193226
4567052
9798632
3060519
6633468
8950546
7929566
3290649
3515942
1742226
5527423
4592223
8163222
5614176
2171557
6352237
6460197
9913835
4394924
8320204
9000304
9638807
5429125
3947970
9854658
2495225
4442410
1028768
3186510
6437422
2387692
4305512
7133271
2563224
2214696
3815448
6486258
1466551
2610456
4019351
4217123
2816799
9957061
3954171
4280869
2309915
2618714
7675189
9754502
3614879
3576469
4158426
1007598
9391714
5194902
9760270
4240384
7329056
2409818
2766479
5834008
5535082
3572097
8954139
5890869
5039336
1814667
1075455
7254704
3719085
2384097
5412542
2068970
6516149
8689744
8305370
3845125
4604926
9244240
7282562
5012297
3672703
4477698
2725783
3461222
4621577
6510841
7755292
4311193
6610041
8806512
6111547
6582951
1877463
6289433
8476654
2132934
9288399
4359893
7478032
1193051
5335242
5545151
8199169
2048286
7270951
7035874
4353903
8016666
9676955
6254539
4098504
3110737
6502242
1489978
9555065
2593533
7676704
3181426
1351777
1168432
4068377
2845936
2208727
1832989
5741001
9847736
7188820
7672559
8301602
7422538
6254079
4300887
8605792
4946996
1068372
2652195
6207434
1189889
6927855
9043786
7267399
2364815
7337467
1481476
4827545
5344126
2286962
8804758
6543995
5021828
2657615
9437675
8764563
1923038
9834456
5673950
3841108
5732257
6455233
7695637
8262644
3147695
1813439
7741895
5462404
9762181
5808939
9455773
7684593
3089840
4839630
5988278
8810901
4294047
6859855
5436933
1744251
3565332
3199158
3868566
4387822
2065461
1129884
5918254
9799740
8384383
6035185
7809039
3242892
4699866
1167082
6295194
9126681
3836551
2329413
6886159
3271818
1056181
5412474
9641776
4707760
6115251
2639104
6510341
3239067
8992384
6243512
7897208
7508633
8972863
5088954
5664800
3391244
7390343
5422331
9297819
3413543
7909334
1976408
3989715
2751493
5927717
1650049
9571620
3058406
6896214
2743941
4685140
4319622
6301834
4228021
6982656
4182364
4038031
7284856
1839832
6585644
1015734
5025451
6782721
9154825
7162627
2447474
1599449
1026923
5240702
4351456
5837271
5767272
8596967
9678783
5089615
4491155
5310854
7933500
2622357
5274862
5126944
3124594
3506682
3176396
2092614
5949585
3016690
7011336
1295303
1991658
5708438
5782171
5345349
9208475
6971012
8485790
3001829
4372946
2355556
4179421
7865504
4984639
7120710
1951060
1311223
9252378
1395815
7382153
2493955
3671822
8515731
1361861
5990506
1991297
9269988
4688048
1894702
6949441
6905320
7647176
7195167
4643212
2631712
2575230
8387313
2323579
8304805
1245293
7590120
1742861
8913126
6762616
5972335
4330508
4677644
9774462
8117321
3050718
4120894
5937276
7953887
4525163
9670592
6027840
3117815
3478501
1269558
1913926
6867077
6150008
3288391
2905905
5117340
3832080
5570269
3248615
5286205
5371714
2778696
3147273
1749200
4870488
2867266
5155790
2029040
5249468
8866445
7781051
7394657
6904703
5714105
6956161
7332765
1323143
6769154
3167795
5314059
6499795
9070165
8721826
4334865
2405036
9016819
9686614
2973760
8432171
3810031
7081580
6967726
5772257
5580881
1766087
5495266
4609574
2597085
8487668
1729767
7868353
1499245
7431966
3302595
4661873
4876987
7375658
4854530
1557142
8977531
7077232
6835819
3813375
3639845
4650903
7363412
9968401
2235984
8567372
1565969
6445584
4901498
6834015
5593608
7674509
9960676
8153338
3523552
4655980
6183770
8000766
3079832
9215249
5211729
2742395
9177460
6452711
5214568
6763340
9926609
9106508
4346641
7361742
4616602
1893725
5102985
2078651
6273043
6759641
8830211
9790374
3973523
7702132
6752675
3163925
3098319
7243195
8016485
2250166
7192080
1199390
4532254
5100160
8906631
4521951
3156123
6276327
2315127
9647830
1819942
7254459
8890512
4424158
9873639
8414814
5280732
1351328
6280486
5688480
4999826
9847929
5963246
9541689
7264328
4833227
4297357
7588194
3203462
7470493
1113337
4189648
3452086
4804656
4020045
2417166
4923959
8968607
9890032
5921270
9397392
7993137
3363606
8197451
5957505
3439743
9776416
9271158
3171062
1674940
7235551
8175963
2298901
3863590
8136438
9136600
8359926
6294664
7317085
9310234
5063026
3798569
5351682
2263835
5826708
4159573
8669770
5753660
1993453
7841285
3555765
3792314
1009604
8632109
6116191
2308304
8227817
2307747
5075810
2930153
4550570
9972839
2573849
8190273
9695711
4915475
9022784
5081303
5869856
4532960
1289399
1041873
9739159
5752274
1665765
9879020
7950832
4954178
4397945
9426845
9782829
8549958
8837260
8399817
2449237
6175230
6574050
2951710
7894924
9454910
6645584
4505740
9883198
7938515
8461879
1096036
2476021
9919540
8367726
4491147
4695435
7618823
5873406
6241178
9054073
3513164
7391494
1110230
4413901
4306346
5722047
6978311
3457722
3477652
8723866
6724407
6174794
4591128
8338374
7545544
6696878
2988932
7249997
9977266
2353974
8044277
7236190
4486745
1776667
4662205
1116773
7868871
1824634
7154992
7101526
9958987
1461788
8470987
3594698
5760301
1360112
5155394
8641920
3283532
6123162
7271781
7888196
2744919
5480228
9792046
1793389
3895908
6323794
7890153
1532799
4152304
5272148
5795776
5698097
6034932
6747797
9144098
3511754
4723040
7674353
6134864
9979621
1905142
5073987
5102020
6221715
7501830
1293467
1783742
2463135
6607426
4142031
2999340
3485292
4939069
6293353
3942901
8907259
9269957
9719550
3080866
1862985
3295833
2426206
5181737
7064661
5995785
5364903
4044120
4995647
8128233
4460276
5010075
1924108
9188849
3058547
1439337
3559430
1523700
9705620
3757521
1696577
9543995
1392478
7744285
1114936
8949630
2134364
3530080
1413845
6013758
4790580
4663137
9328207
1422337
3256471
2348132
9703278
2014827
8697876
1627409
5184170
9027318
4663176
2290628
9607473
1376846
8675824
6902640
6164808
5874956
3392223
5544304
6547145
4738508
6533130
4872556
6688906
4445357
6943617
2121124
1535390
2711716
5976184
5197788
8421429
1319677
7816068
9271332
6842655
4334320
4509729
6773635
6449709
1540892
1522799
2288576
9542648
5160291
4334782
1556492
9358587
4633377
2010302
9033423
3864219
1173641
4239961
3484557
6781512
3310942
5356956
8269685
3635131
5956427
5389456
3086470
6456991
3654113
3360167
9368286
3649164
1591147
1665170
5867425
9735534
7051502
7111856
1394242
1690244
1757698
5057952
4858929
6319301
6353159
8938615
8184353
2713949
8303558
2320141
7986229
1114004
5966310
2333938
4405702
4443536
3758216
3041726
8929491
8647217
1356159
2461958
4425798
8279578
3980719
4836139
2743711
7884240
6164225
9019340
4561408
7255610
6508352
1744219
9838483
7257800
8886355
8829965
6192155
7896944
2457623
5993771
9233110
9456852
3880774
9576524
2149056
9885229
1350216
6568504
8941135
2120301
7855013
7532239
2331885
1724945
8729775
9240497
3712822
2056488
6450441
2743275
8267185
3095155
9728871
1192106
9868952
9682865
4185915
9320976
2372727
7858406
7051435
9766793
4028060
6787707
8578863
3974031
1245551
9653991
4974685
2603775
6286022
4844719
6207080
5677286
2900771
1093964
5634694
6606135
4033898
7119162
4793970
8859305
7404588
3933983
3253709
3744235
8306977
8876886
1410592
4717445
3172789
6723096
2645820
5952588
7386873
2743815
3244098
8087105
8398970
3701398
5299391
4804616
7642991
3842327
4901743
7879040
4667916
1408290
1061027
9137667
1660403
8690207
3562621
1368699
2142538
5195825
3528791
9254559
1820647
7494911
7713539
9789449
2139240
