0
123456
2
123456
4
123456
6
123456
8
123456
10
123456
12
123456
14
123456
16
123456
18
123456
20
123456
22
123456
24
123456
26
123456
28
123456
30
123456
32
123456
34
123456
36
123456
38
123456
40
123456
42
123456
44
123456
46
123456
48
123456
50
123456
52
123456
54
123456
56
123456
58
123456
60
123456
62
123456
64
123456
66
123456
68
123456
70
123456
72
123456
74
123456
76
123456
78
123456
80
123456
82
123456
84
123456
86
123456
88
123456
90
123456
92
123456
94
123456
96
123456
98
123456
100
123456
102
123456
104
123456
106
123456
108
123456
110
123456
112
123456
114
123456
116
123456
118
123456
120
123456
122
123456
124
123456
126
123456
128
123456
130
123456
132
123456
134
123456
136
123456
138
123456
140
123456
142
123456
144
123456
146
123456
148
123456
150
123456
152
123456
154
123456
156
123456
158
123456
160
123456
162
123456
164
123456
166
123456
168
123456
170
123456
172
123456
174
123456
176
123456
178
123456
180
123456
182
123456
184
123456
186
123456
188
123456
190
123456
192
123456
194
123456
196
123456
198
123456
200
123456
202
123456
204
123456
206
123456
208
123456
210
123456
212
123456
214
123456
216
123456
218
123456
220
123456
222
123456
224
123456
226
123456
228
123456
230
123456
232
123456
234
123456
236
123456
238
123456
240
123456
242
123456
244
123456
246
123456
248
123456
250
123456
252
123456
254
123456
256
123456
258
123456
260
123456
262
123456
264
123456
266
123456
268
123456
270
123456
272
123456
274
123456
276
123456
278
123456
280
123456
282
123456
284
123456
286
123456
288
123456
290
123456
292
123456
294
123456
296
123456
298
123456
300
123456
302
123456
304
123456
306
123456
308
123456
310
123456
312
123456
314
123456
316
123456
318
123456
320
123456
322
123456
324
123456
326
123456
328
123456
330
123456
332
123456
334
123456
336
123456
338
123456
340
123456
342
123456
344
123456
346
123456
348
123456
350
123456
352
123456
354
123456
356
123456
358
123456
360
123456
362
123456
364
123456
366
123456
368
123456
370
123456
372
123456
374
123456
376
123456
378
123456
380
123456
382
123456
384
123456
386
123456
388
123456
390
123456
392
123456
394
123456
396
123456
398
123456
400
123456
402
123456
404
123456
406
123456
408
123456
410
123456
412
123456
414
123456
416
123456
418
123456
420
123456
422
123456
424
123456
426
123456
428
123456
430
123456
432
123456
434
123456
436
123456
438
123456
440
123456
442
123456
444
123456
446
123456
448
123456
450
123456
452
123456
454
123456
456
123456
458
123456
460
123456
462
123456
464
123456
466
123456
468
123456
470
123456
472
123456
474
123456
476
123456
478
123456
480
123456
482
123456
484
123456
486
123456
488
123456
490
123456
492
123456
494
123456
496
123456
498
123456
500
123456
502
123456
504
123456
506
123456
508
123456
510
123456
512
123456
514
123456
516
123456
518
123456
520
123456
522
123456
524
123456
526
123456
528
123456
530
123456
532
123456
534
123456
536
123456
538
123456
540
123456
542
123456
544
123456
546
123456
548
123456
550
123456
552
123456
554
123456
556
123456
558
123456
560
123456
562
123456
564
123456
566
123456
568
123456
570
123456
572
123456
574
123456
576
123456
578
123456
580
123456
582
123456
584
123456
586
123456
588
123456
590
123456
592
123456
594
123456
596
123456
598
123456
600
123456
602
123456
604
123456
606
123456
608
123456
610
123456
612
123456
614
123456
616
123456
618
123456
620
123456
622
123456
624
123456
626
123456
628
123456
630
123456
632
123456
634
123456
636
123456
638
123456
640
123456
642
123456
644
123456
646
123456
648
123456
650
123456
652
123456
654
123456
656
123456
658
123456
660
123456
662
123456
664
123456
666
123456
668
123456
670
123456
672
123456
674
123456
676
123456
678
123456
680
123456
682
123456
684
123456
686
123456
688
123456
690
123456
692
123456
694
123456
696
123456
698
123456
700
123456
702
123456
704
123456
706
123456
708
123456
710
123456
712
123456
714
123456
716
123456
718
123456
720
123456
722
123456
724
123456
726
123456
728
123456
730
123456
732
123456
734
123456
736
123456
738
123456
740
123456
742
123456
744
123456
746
123456
748
123456
750
123456
752
123456
754
123456
756
123456
758
123456
760
123456
762
123456
764
123456
766
123456
768
123456
770
123456
772
123456
774
123456
776
123456
778
123456
780
123456
782
123456
784
123456
786
123456
788
123456
790
123456
792
123456
794
123456
796
123456
798
123456
800
123456
802
123456
804
123456
806
123456
808
123456
810
123456
812
123456
814
123456
816
123456
818
123456
820
123456
822
123456
824
123456
826
123456
828
123456
830
123456
832
123456
834
123456
836
123456
838
123456
840
123456
842
123456
844
123456
846
123456
848
123456
850
123456
852
123456
854
123456
856
123456
858
123456
860
123456
862
123456
864
123456
866
123456
868
123456
870
123456
872
123456
874
123456
876
123456
878
123456
880
123456
882
123456
884
123456
886
123456
888
123456
890
123456
892
123456
894
123456
896
123456
898
123456
900
123456
902
123456
904
123456
906
123456
908
123456
910
123456
912
123456
914
123456
916
123456
918
123456
920
123456
922
123456
924
123456
926
123456
928
123456
930
123456
932
123456
934
123456
936
123456
938
123456
940
123456
942
123456
944
123456
946
123456
948
123456
950
123456
952
123456
954
123456
956
123456
958
123456
960
123456
962
123456
964
123456
966
123456
968
123456
970
123456
972
123456
974
123456
976
123456
978
123456
980
123456
982
123456
984
123456
986
123456
988
123456
990
123456
992
123456
994
123456
996
123456
998
123456
1000
123456
1002
123456
1004
123456
1006
123456
1008
123456
1010
123456
1012
123456
1014
123456
1016
123456
1018
123456
1020
123456
1022
123456
1024
123456
1026
123456
1028
123456
1030
123456
1032
123456
1034
123456
1036
123456
1038
123456
1040
123456
1042
123456
1044
123456
1046
123456
1048
123456
1050
123456
1052
123456
1054
123456
1056
123456
1058
123456
1060
123456
1062
123456
1064
123456
1066
123456
1068
123456
1070
123456
1072
123456
1074
123456
1076
123456
1078
123456
1080
123456
1082
123456
1084
123456
1086
123456
1088
123456
1090
123456
1092
123456
1094
123456
1096
123456
1098
123456
1100
123456
1102
123456
1104
123456
1106
123456
1108
123456
1110
123456
1112
123456
1114
123456
1116
123456
1118
123456
1120
123456
1122
123456
1124
123456
1126
123456
1128
123456
1130
123456
1132
123456
1134
123456
1136
123456
1138
123456
1140
123456
1142
123456
1144
123456
1146
123456
1148
123456
1150
123456
1152
123456
1154
123456
1156
123456
1158
123456
1160
123456
1162
123456
1164
123456
1166
123456
1168
123456
1170
123456
1172
123456
1174
123456
1176
123456
1178
123456
1180
123456
1182
123456
1184
123456
1186
123456
1188
123456
1190
123456
1192
123456
1194
123456
1196
123456
1198
123456
1200
123456
1202
123456
1204
123456
1206
123456
1208
123456
1210
123456
1212
123456
1214
123456
1216
123456
1218
123456
1220
123456
1222
123456
1224
123456
1226
123456
1228
123456
1230
123456
1232
123456
1234
123456
1236
123456
1238
123456
1240
123456
1242
123456
1244
123456
1246
123456
1248
123456
1250
123456
1252
123456
1254
123456
1256
123456
1258
123456
1260
123456
1262
123456
1264
123456
1266
123456
1268
123456
1270
123456
1272
123456
1274
123456
1276
123456
1278
123456
1280
123456
1282
123456
1284
123456
1286
123456
1288
123456
1290
123456
1292
123456
1294
123456
1296
123456
1298
123456
1300
123456
1302
123456
1304
123456
1306
123456
1308
123456
1310
123456
1312
123456
1314
123456
1316
123456
1318
123456
1320
123456
1322
123456
1324
123456
1326
123456
1328
123456
1330
123456
1332
123456
1334
123456
1336
123456
1338
123456
1340
123456
1342
123456
1344
123456
1346
123456
1348
123456
1350
123456
1352
123456
1354
123456
1356
123456
1358
123456
1360
123456
1362
123456
1364
123456
1366
123456
1368
123456
1370
123456
1372
123456
1374
123456
1376
123456
1378
123456
1380
123456
1382
123456
1384
123456
1386
123456
1388
123456
1390
123456
1392
123456
1394
123456
1396
123456
1398
123456
1400
123456
1402
123456
1404
123456
1406
123456
1408
123456
1410
123456
1412
123456
1414
123456
1416
123456
1418
123456
1420
123456
1422
123456
1424
123456
1426
123456
1428
123456
1430
123456
1432
123456
1434
123456
1436
123456
1438
123456
1440
123456
1442
123456
1444
123456
1446
123456
1448
123456
1450
123456
1452
123456
1454
123456
1456
123456
1458
123456
1460
123456
1462
123456
1464
123456
1466
123456
1468
123456
1470
123456
1472
123456
1474
123456
1476
123456
1478
123456
1480
123456
1482
123456
1484
123456
1486
123456
1488
123456
1490
123456
1492
123456
1494
123456
1496
123456
1498
123456
1500
123456
1502
123456
1504
123456
1506
123456
1508
123456
1510
123456
1512
123456
1514
123456
1516
123456
1518
123456
1520
123456
1522
123456
1524
123456
1526
123456
1528
123456
1530
123456
1532
123456
1534
123456
1536
123456
1538
123456
1540
123456
1542
123456
1544
123456
1546
123456
1548
123456
1550
123456
1552
123456
1554
123456
1556
123456
1558
123456
1560
123456
1562
123456
1564
123456
1566
123456
1568
123456
1570
123456
1572
123456
1574
123456
1576
123456
1578
123456
1580
123456
1582
123456
1584
123456
1586
123456
1588
123456
1590
123456
1592
123456
1594
123456
1596
123456
1598
123456
1600
123456
1602
123456
1604
123456
1606
123456
1608
123456
1610
123456
1612
123456
1614
123456
1616
123456
1618
123456
1620
123456
1622
123456
1624
123456
1626
123456
1628
123456
1630
123456
1632
123456
1634
123456
1636
123456
1638
123456
1640
123456
1642
123456
1644
123456
1646
123456
1648
123456
1650
123456
1652
123456
1654
123456
1656
123456
1658
123456
1660
123456
1662
123456
1664
123456
1666
123456
1668
123456
1670
123456
1672
123456
1674
123456
1676
123456
1678
123456
1680
123456
1682
123456
1684
123456
1686
123456
1688
123456
1690
123456
1692
123456
1694
123456
1696
123456
1698
123456
1700
123456
1702
123456
1704
123456
1706
123456
1708
123456
1710
123456
1712
123456
1714
123456
1716
123456
1718
123456
1720
123456
1722
123456
1724
123456
1726
123456
1728
123456
1730
123456
1732
123456
1734
123456
1736
123456
1738
123456
1740
123456
1742
123456
1744
123456
1746
123456
1748
123456
1750
123456
1752
123456
1754
123456
1756
123456
1758
123456
1760
123456
1762
123456
1764
123456
1766
123456
1768
123456
1770
123456
1772
123456
1774
123456
1776
123456
1778
123456
1780
123456
1782
123456
1784
123456
1786
123456
1788
123456
1790
123456
1792
123456
1794
123456
1796
123456
1798
123456
1800
123456
1802
123456
1804
123456
1806
123456
1808
123456
1810
123456
1812
123456
1814
123456
1816
123456
1818
123456
1820
123456
1822
123456
1824
123456
1826
123456
1828
123456
1830
123456
1832
123456
1834
123456
1836
123456
1838
123456
1840
123456
1842
123456
1844
123456
1846
123456
1848
123456
1850
123456
1852
123456
1854
123456
1856
123456
1858
123456
1860
123456
1862
123456
1864
123456
1866
123456
1868
123456
1870
123456
1872
123456
1874
123456
1876
123456
1878
123456
1880
123456
1882
123456
1884
123456
1886
123456
1888
123456
1890
123456
1892
123456
1894
123456
1896
123456
1898
123456
1900
123456
1902
123456
1904
123456
1906
123456
1908
123456
1910
123456
1912
123456
1914
123456
1916
123456
1918
123456
1920
123456
1922
123456
1924
123456
1926
123456
1928
123456
1930
123456
1932
123456
1934
123456
1936
123456
1938
123456
1940
123456
1942
123456
1944
123456
1946
123456
1948
123456
1950
123456
1952
123456
1954
123456
1956
123456
1958
123456
1960
123456
1962
123456
1964
123456
1966
123456
1968
123456
1970
123456
1972
123456
1974
123456
1976
123456
1978
123456
1980
123456
1982
123456
1984
123456
1986
123456
1988
123456
1990
123456
1992
123456
1994
123456
1996
123456
1998
123456
2000
123456
2002
123456
2004
123456
2006
123456
2008
123456
2010
123456
2012
123456
2014
123456
2016
123456
2018
123456
2020
123456
2022
123456
2024
123456
2026
123456
2028
123456
2030
123456
2032
123456
2034
123456
2036
123456
2038
123456
2040
123456
2042
123456
2044
123456
2046
123456
2048
123456
2050
123456
2052
123456
2054
123456
2056
123456
2058
123456
2060
123456
2062
123456
2064
123456
2066
123456
2068
123456
2070
123456
2072
123456
2074
123456
2076
123456
2078
123456
2080
123456
2082
123456
2084
123456
2086
123456
2088
123456
2090
123456
2092
123456
2094
123456
2096
123456
2098
123456
2100
123456
2102
123456
2104
123456
2106
123456
2108
123456
2110
123456
2112
123456
2114
123456
2116
123456
2118
123456
2120
123456
2122
123456
2124
123456
2126
123456
2128
123456
2130
123456
2132
123456
2134
123456
2136
123456
2138
123456
2140
123456
2142
123456
2144
123456
2146
123456
2148
123456
2150
123456
2152
123456
2154
123456
2156
123456
2158
123456
2160
123456
2162
123456
2164
123456
2166
123456
2168
123456
2170
123456
2172
123456
2174
123456
2176
123456
2178
123456
2180
123456
2182
123456
2184
123456
2186
123456
2188
123456
2190
123456
2192
123456
2194
123456
2196
123456
2198
123456
2200
123456
2202
123456
2204
123456
2206
123456
2208
123456
2210
123456
2212
123456
2214
123456
2216
123456
2218
123456
2220
123456
2222
123456
2224
123456
2226
123456
2228
123456
2230
123456
2232
123456
2234
123456
2236
123456
2238
123456
2240
123456
2242
123456
2244
123456
2246
123456
2248
123456
2250
123456
2252
123456
2254
123456
2256
123456
2258
123456
2260
123456
2262
123456
2264
123456
2266
123456
2268
123456
2270
123456
2272
123456
2274
123456
2276
123456
2278
123456
2280
123456
2282
123456
2284
123456
2286
123456
2288
123456
2290
123456
2292
123456
2294
123456
2296
123456
2298
123456
2300
123456
2302
123456
2304
123456
2306
123456
2308
123456
2310
123456
2312
123456
2314
123456
2316
123456
2318
123456
2320
123456
2322
123456
2324
123456
2326
123456
2328
123456
2330
123456
2332
123456
2334
123456
2336
123456
2338
123456
2340
123456
2342
123456
2344
123456
2346
123456
2348
123456
2350
123456
2352
123456
2354
123456
2356
123456
2358
123456
2360
123456
2362
123456
2364
123456
2366
123456
2368
123456
2370
123456
2372
123456
2374
123456
2376
123456
2378
123456
2380
123456
2382
123456
2384
123456
2386
123456
2388
123456
2390
123456
2392
123456
2394
123456
2396
123456
2398
123456
2400
123456
2402
123456
2404
123456
2406
123456
2408
123456
2410
123456
2412
123456
2414
123456
2416
123456
2418
123456
2420
123456
2422
123456
2424
123456
2426
123456
2428
123456
2430
123456
2432
123456
2434
123456
2436
123456
2438
123456
2440
123456
2442
123456
2444
123456
2446
123456
2448
123456
2450
123456
2452
123456
2454
123456
2456
123456
2458
123456
2460
123456
2462
123456
2464
123456
2466
123456
2468
123456
2470
123456
2472
123456
2474
123456
2476
123456
2478
123456
2480
123456
2482
123456
2484
123456
2486
123456
2488
123456
2490
123456
2492
123456
2494
123456
2496
123456
2498
123456
2500
123456
2502
123456
2504
123456
2506
123456
2508
123456
2510
123456
2512
123456
2514
123456
2516
123456
2518
123456
2520
123456
2522
123456
2524
123456
2526
123456
2528
123456
2530
123456
2532
123456
2534
123456
2536
123456
2538
123456
2540
123456
2542
123456
2544
123456
2546
123456
2548
123456
2550
123456
2552
123456
2554
123456
2556
123456
2558
123456
2560
123456
2562
123456
2564
123456
2566
123456
2568
123456
2570
123456
2572
123456
2574
123456
2576
123456
2578
123456
2580
123456
2582
123456
2584
123456
2586
123456
2588
123456
2590
123456
2592
123456
2594
123456
2596
123456
2598
123456
2600
123456
2602
123456
2604
123456
2606
123456
2608
123456
2610
123456
2612
123456
2614
123456
2616
123456
2618
123456
2620
123456
2622
123456
2624
123456
2626
123456
2628
123456
2630
123456
2632
123456
2634
123456
2636
123456
2638
123456
2640
123456
2642
123456
2644
123456
2646
123456
2648
123456
2650
123456
2652
123456
2654
123456
2656
123456
2658
123456
2660
123456
2662
123456
2664
123456
2666
123456
2668
123456
2670
123456
2672
123456
2674
123456
2676
123456
2678
123456
2680
123456
2682
123456
2684
123456
2686
123456
2688
123456
2690
123456
2692
123456
2694
123456
2696
123456
2698
123456
2700
123456
2702
123456
2704
123456
2706
123456
2708
123456
2710
123456
2712
123456
2714
123456
2716
123456
2718
123456
2720
123456
2722
123456
2724
123456
2726
123456
2728
123456
2730
123456
2732
123456
2734
123456
2736
123456
2738
123456
2740
123456
2742
123456
2744
123456
2746
123456
2748
123456
2750
123456
2752
123456
2754
123456
2756
123456
2758
123456
2760
123456
2762
123456
2764
123456
2766
123456
2768
123456
2770
123456
2772
123456
2774
123456
2776
123456
2778
123456
2780
123456
2782
123456
2784
123456
2786
123456
2788
123456
2790
123456
2792
123456
2794
123456
2796
123456
2798
123456
2800
123456
2802
123456
2804
123456
2806
123456
2808
123456
2810
123456
2812
123456
2814
123456
2816
123456
2818
123456
2820
123456
2822
123456
2824
123456
2826
123456
2828
123456
2830
123456
2832
123456
2834
123456
2836
123456
2838
123456
2840
123456
2842
123456
2844
123456
2846
123456
2848
123456
2850
123456
2852
123456
2854
123456
2856
123456
2858
123456
2860
123456
2862
123456
2864
123456
2866
123456
2868
123456
2870
123456
2872
123456
2874
123456
2876
123456
2878
123456
2880
123456
2882
123456
2884
123456
2886
123456
2888
123456
2890
123456
2892
123456
2894
123456
2896
123456
2898
123456
2900
123456
2902
123456
2904
123456
2906
123456
2908
123456
2910
123456
2912
123456
2914
123456
2916
123456
2918
123456
2920
123456
2922
123456
2924
123456
2926
123456
2928
123456
2930
123456
2932
123456
2934
123456
2936
123456
2938
123456
2940
123456
2942
123456
2944
123456
2946
123456
2948
123456
2950
123456
2952
123456
2954
123456
2956
123456
2958
123456
2960
123456
2962
123456
2964
123456
2966
123456
2968
123456
2970
123456
2972
123456
2974
123456
2976
123456
2978
123456
2980
123456
2982
123456
2984
123456
2986
123456
2988
123456
2990
123456
2992
123456
2994
123456
2996
123456
2998
123456
3000
123456
3002
123456
3004
123456
3006
123456
3008
123456
3010
123456
3012
123456
3014
123456
3016
123456
3018
123456
3020
123456
3022
123456
3024
123456
3026
123456
3028
123456
3030
123456
3032
123456
3034
123456
3036
123456
3038
123456
3040
123456
3042
123456
3044
123456
3046
123456
3048
123456
3050
123456
3052
123456
3054
123456
3056
123456
3058
123456
3060
123456
3062
123456
3064
123456
3066
123456
3068
123456
3070
123456
3072
123456
3074
123456
3076
123456
3078
123456
3080
123456
3082
123456
3084
123456
3086
123456
3088
123456
3090
123456
3092
123456
3094
123456
3096
123456
3098
123456
3100
123456
3102
123456
3104
123456
3106
123456
3108
123456
3110
123456
3112
123456
3114
123456
3116
123456
3118
123456
3120
123456
3122
123456
3124
123456
3126
123456
3128
123456
3130
123456
3132
123456
3134
123456
3136
123456
3138
123456
3140
123456
3142
123456
3144
123456
3146
123456
3148
123456
3150
123456
3152
123456
3154
123456
3156
123456
3158
123456
3160
123456
3162
123456
3164
123456
3166
123456
3168
123456
3170
123456
3172
123456
3174
123456
3176
123456
3178
123456
3180
123456
3182
123456
3184
123456
3186
123456
3188
123456
3190
123456
3192
123456
3194
123456
3196
123456
3198
123456
3200
123456
3202
123456
3204
123456
3206
123456
3208
123456
3210
123456
3212
123456
3214
123456
3216
123456
3218
123456
3220
123456
3222
123456
3224
123456
3226
123456
3228
123456
3230
123456
3232
123456
3234
123456
3236
123456
3238
123456
3240
123456
3242
123456
3244
123456
3246
123456
3248
123456
3250
123456
3252
123456
3254
123456
3256
123456
3258
123456
3260
123456
3262
123456
3264
123456
3266
123456
3268
123456
3270
123456
3272
123456
3274
123456
3276
123456
3278
123456
3280
123456
3282
123456
3284
123456
3286
123456
3288
123456
3290
123456
3292
123456
3294
123456
3296
123456
3298
123456
3300
123456
3302
123456
3304
123456
3306
123456
3308
123456
3310
123456
3312
123456
3314
123456
3316
123456
3318
123456
3320
123456
3322
123456
3324
123456
3326
123456
3328
123456
3330
123456
3332
123456
3334
123456
3336
123456
3338
123456
3340
123456
3342
123456
3344
123456
3346
123456
3348
123456
3350
123456
3352
123456
3354
123456
3356
123456
3358
123456
3360
123456
3362
123456
3364
123456
3366
123456
3368
123456
3370
123456
3372
123456
3374
123456
3376
123456
3378
123456
3380
123456
3382
123456
3384
123456
3386
123456
3388
123456
3390
123456
3392
123456
3394
123456
3396
123456
3398
123456
3400
123456
3402
123456
3404
123456
3406
123456
3408
123456
3410
123456
3412
123456
3414
123456
3416
123456
3418
123456
3420
123456
3422
123456
3424
123456
3426
123456
3428
123456
3430
123456
3432
123456
3434
123456
3436
123456
3438
123456
3440
123456
3442
123456
3444
123456
3446
123456
3448
123456
3450
123456
3452
123456
3454
123456
3456
123456
3458
123456
3460
123456
3462
123456
3464
123456
3466
123456
3468
123456
3470
123456
3472
123456
3474
123456
3476
123456
3478
123456
3480
123456
3482
123456
3484
123456
3486
123456
3488
123456
3490
123456
3492
123456
3494
123456
3496
123456
3498
123456
3500
123456
3502
123456
3504
123456
3506
123456
3508
123456
3510
123456
3512
123456
3514
123456
3516
123456
3518
123456
3520
123456
3522
123456
3524
123456
3526
123456
3528
123456
3530
123456
3532
123456
3534
123456
3536
123456
3538
123456
3540
123456
3542
123456
3544
123456
3546
123456
3548
123456
3550
123456
3552
123456
3554
123456
3556
123456
3558
123456
3560
123456
3562
123456
3564
123456
3566
123456
3568
123456
3570
123456
3572
123456
3574
123456
3576
123456
3578
123456
3580
123456
3582
123456
3584
123456
3586
123456
3588
123456
3590
123456
3592
123456
3594
123456
3596
123456
3598
123456
3600
123456
3602
123456
3604
123456
3606
123456
3608
123456
3610
123456
3612
123456
3614
123456
3616
123456
3618
123456
3620
123456
3622
123456
3624
123456
3626
123456
3628
123456
3630
123456
3632
123456
3634
123456
3636
123456
3638
123456
3640
123456
3642
123456
3644
123456
3646
123456
3648
123456
3650
123456
3652
123456
3654
123456
3656
123456
3658
123456
3660
123456
3662
123456
3664
123456
3666
123456
3668
123456
3670
123456
3672
123456
3674
123456
3676
123456
3678
123456
3680
123456
3682
123456
3684
123456
3686
123456
3688
123456
3690
123456
3692
123456
3694
123456
3696
123456
3698
123456
3700
123456
3702
123456
3704
123456
3706
123456
3708
123456
3710
123456
3712
123456
3714
123456
3716
123456
3718
123456
3720
123456
3722
123456
3724
123456
3726
123456
3728
123456
3730
123456
3732
123456
3734
123456
3736
123456
3738
123456
3740
123456
3742
123456
3744
123456
3746
123456
3748
123456
3750
123456
3752
123456
3754
123456
3756
123456
3758
123456
3760
123456
3762
123456
3764
123456
3766
123456
3768
123456
3770
123456
3772
123456
3774
123456
3776
123456
3778
123456
3780
123456
3782
123456
3784
123456
3786
123456
3788
123456
3790
123456
3792
123456
3794
123456
3796
123456
3798
123456
3800
123456
3802
123456
3804
123456
3806
123456
3808
123456
3810
123456
3812
123456
3814
123456
3816
123456
3818
123456
3820
123456
3822
123456
3824
123456
3826
123456
3828
123456
3830
123456
3832
123456
3834
123456
3836
123456
3838
123456
3840
123456
3842
123456
3844
123456
3846
123456
3848
123456
3850
123456
3852
123456
3854
123456
3856
123456
3858
123456
3860
123456
3862
123456
3864
123456
3866
123456
3868
123456
3870
123456
3872
123456
3874
123456
3876
123456
3878
123456
3880
123456
3882
123456
3884
123456
3886
123456
3888
123456
3890
123456
3892
123456
3894
123456
3896
123456
3898
123456
3900
123456
3902
123456
3904
123456
3906
123456
3908
123456
3910
123456
3912
123456
3914
123456
3916
123456
3918
123456
3920
123456
3922
123456
3924
123456
3926
123456
3928
123456
3930
123456
3932
123456
3934
123456
3936
123456
3938
123456
3940
123456
3942
123456
3944
123456
3946
123456
3948
123456
3950
123456
3952
123456
3954
123456
3956
123456
3958
123456
3960
123456
3962
123456
3964
123456
3966
123456
3968
123456
3970
123456
3972
123456
3974
123456
3976
123456
3978
123456
3980
123456
3982
123456
3984
123456
3986
123456
3988
123456
3990
123456
3992
123456
3994
123456
3996
123456
3998
123456
4000
123456
4002
123456
4004
123456
4006
123456
4008
123456
4010
123456
4012
123456
4014
123456
4016
123456
4018
123456
4020
123456
4022
123456
4024
123456
4026
123456
4028
123456
4030
123456
4032
123456
4034
123456
4036
123456
4038
123456
4040
123456
4042
123456
4044
123456
4046
123456
4048
123456
4050
123456
4052
123456
4054
123456
4056
123456
4058
123456
4060
123456
4062
123456
4064
123456
4066
123456
4068
123456
4070
123456
4072
123456
4074
123456
4076
123456
4078
123456
4080
123456
4082
123456
4084
123456
4086
123456
4088
123456
4090
123456
4092
123456
4094
123456
4096
123456
4098
123456
4100
123456
4102
123456
4104
123456
4106
123456
4108
123456
4110
123456
4112
123456
4114
123456
4116
123456
4118
123456
4120
123456
4122
123456
4124
123456
4126
123456
4128
123456
4130
123456
4132
123456
4134
123456
4136
123456
4138
123456
4140
123456
4142
123456
4144
123456
4146
123456
4148
123456
4150
123456
4152
123456
4154
123456
4156
123456
4158
123456
4160
123456
4162
123456
4164
123456
4166
123456
4168
123456
4170
123456
4172
123456
4174
123456
4176
123456
4178
123456
4180
123456
4182
123456
4184
123456
4186
123456
4188
123456
4190
123456
4192
123456
4194
123456
4196
123456
4198
123456
4200
123456
4202
123456
4204
123456
4206
123456
4208
123456
4210
123456
4212
123456
4214
123456
4216
123456
4218
123456
4220
123456
4222
123456
4224
123456
4226
123456
4228
123456
4230
123456
4232
123456
4234
123456
4236
123456
4238
123456
4240
123456
4242
123456
4244
123456
4246
123456
4248
123456
4250
123456
4252
123456
4254
123456
4256
123456
4258
123456
4260
123456
4262
123456
4264
123456
4266
123456
4268
123456
4270
123456
4272
123456
4274
123456
4276
123456
4278
123456
4280
123456
4282
123456
4284
123456
4286
123456
4288
123456
4290
123456
4292
123456
4294
123456
4296
123456
4298
123456
4300
123456
4302
123456
4304
123456
4306
123456
4308
123456
4310
123456
4312
123456
4314
123456
4316
123456
4318
123456
4320
123456
4322
123456
4324
123456
4326
123456
4328
123456
4330
123456
4332
123456
4334
123456
4336
123456
4338
123456
4340
123456
4342
123456
4344
123456
4346
123456
4348
123456
4350
123456
4352
123456
4354
123456
4356
123456
4358
123456
4360
123456
4362
123456
4364
123456
4366
123456
4368
123456
4370
123456
4372
123456
4374
123456
4376
123456
4378
123456
4380
123456
4382
123456
4384
123456
4386
123456
4388
123456
4390
123456
4392
123456
4394
123456
4396
123456
4398
123456
4400
123456
4402
123456
4404
123456
4406
123456
4408
123456
4410
123456
4412
123456
4414
123456
4416
123456
4418
123456
4420
123456
4422
123456
4424
123456
4426
123456
4428
123456
4430
123456
4432
123456
4434
123456
4436
123456
4438
123456
4440
123456
4442
123456
4444
123456
4446
123456
4448
123456
4450
123456
4452
123456
4454
123456
4456
123456
4458
123456
4460
123456
4462
123456
4464
123456
4466
123456
4468
123456
4470
123456
4472
123456
4474
123456
4476
123456
4478
123456
4480
123456
4482
123456
4484
123456
4486
123456
4488
123456
4490
123456
4492
123456
4494
123456
4496
123456
4498
123456
4500
123456
4502
123456
4504
123456
4506
123456
4508
123456
4510
123456
4512
123456
4514
123456
4516
123456
4518
123456
4520
123456
4522
123456
4524
123456
4526
123456
4528
123456
4530
123456
4532
123456
4534
123456
4536
123456
4538
123456
4540
123456
4542
123456
4544
123456
4546
123456
4548
123456
4550
123456
4552
123456
4554
123456
4556
123456
4558
123456
4560
123456
4562
123456
4564
123456
4566
123456
4568
123456
4570
123456
4572
123456
4574
123456
4576
123456
4578
123456
4580
123456
4582
123456
4584
123456
4586
123456
4588
123456
4590
123456
4592
123456
4594
123456
4596
123456
4598
123456
4600
123456
4602
123456
4604
123456
4606
123456
4608
123456
4610
123456
4612
123456
4614
123456
4616
123456
4618
123456
4620
123456
4622
123456
4624
123456
4626
123456
4628
123456
4630
123456
4632
123456
4634
123456
4636
123456
4638
123456
4640
123456
4642
123456
4644
123456
4646
123456
4648
123456
4650
123456
4652
123456
4654
123456
4656
123456
4658
123456
4660
123456
4662
123456
4664
123456
4666
123456
4668
123456
4670
123456
4672
123456
4674
123456
4676
123456
4678
123456
4680
123456
4682
123456
4684
123456
4686
123456
4688
123456
4690
123456
4692
123456
4694
123456
4696
123456
4698
123456
4700
123456
4702
123456
4704
123456
4706
123456
4708
123456
4710
123456
4712
123456
4714
123456
4716
123456
4718
123456
4720
123456
4722
123456
4724
123456
4726
123456
4728
123456
4730
123456
4732
123456
4734
123456
4736
123456
4738
123456
4740
123456
4742
123456
4744
123456
4746
123456
4748
123456
4750
123456
4752
123456
4754
123456
4756
123456
4758
123456
4760
123456
4762
123456
4764
123456
4766
123456
4768
123456
4770
123456
4772
123456
4774
123456
4776
123456
4778
123456
4780
123456
4782
123456
4784
123456
4786
123456
4788
123456
4790
123456
4792
123456
4794
123456
4796
123456
4798
123456
4800
123456
4802
123456
4804
123456
4806
123456
4808
123456
4810
123456
4812
123456
4814
123456
4816
123456
4818
123456
4820
123456
4822
123456
4824
123456
4826
123456
4828
123456
4830
123456
4832
123456
4834
123456
4836
123456
4838
123456
4840
123456
4842
123456
4844
123456
4846
123456
4848
123456
4850
123456
4852
123456
4854
123456
4856
123456
4858
123456
4860
123456
4862
123456
4864
123456
4866
123456
4868
123456
4870
123456
4872
123456
4874
123456
4876
123456
4878
123456
4880
123456
4882
123456
4884
123456
4886
123456
4888
123456
4890
123456
4892
123456
4894
123456
4896
123456
4898
123456
4900
123456
4902
123456
4904
123456
4906
123456
4908
123456
4910
123456
4912
123456
4914
123456
4916
123456
4918
123456
4920
123456
4922
123456
4924
123456
4926
123456
4928
123456
4930
123456
4932
123456
4934
123456
4936
123456
4938
123456
4940
123456
4942
123456
4944
123456
4946
123456
4948
123456
4950
123456
4952
123456
4954
123456
4956
123456
4958
123456
4960
123456
4962
123456
4964
123456
4966
123456
4968
123456
4970
123456
4972
123456
4974
123456
4976
123456
4978
123456
4980
123456
4982
123456
4984
123456
4986
123456
4988
123456
4990
123456
4992
123456
4994
123456
4996
123456
4998
123456
5000
123456
5002
123456
5004
123456
5006
123456
5008
123456
5010
123456
5012
123456
5014
123456
5016
123456
5018
123456
5020
123456
5022
123456
5024
123456
5026
123456
5028
123456
5030
123456
5032
123456
5034
123456
5036
123456
5038
123456
5040
123456
5042
123456
5044
123456
5046
123456
5048
123456
5050
123456
5052
123456
5054
123456
5056
123456
5058
123456
5060
123456
5062
123456
5064
123456
5066
123456
5068
123456
5070
123456
5072
123456
5074
123456
5076
123456
5078
123456
5080
123456
5082
123456
5084
123456
5086
123456
5088
123456
5090
123456
5092
123456
5094
123456
5096
123456
5098
123456
5100
123456
5102
123456
5104
123456
5106
123456
5108
123456
5110
123456
5112
123456
5114
123456
5116
123456
5118
123456
5120
123456
5122
123456
5124
123456
5126
123456
5128
123456
5130
123456
5132
123456
5134
123456
5136
123456
5138
123456
5140
123456
5142
123456
5144
123456
5146
123456
5148
123456
5150
123456
5152
123456
5154
123456
5156
123456
5158
123456
5160
123456
5162
123456
5164
123456
5166
123456
5168
123456
5170
123456
5172
123456
5174
123456
5176
123456
5178
123456
5180
123456
5182
123456
5184
123456
5186
123456
5188
123456
5190
123456
5192
123456
5194
123456
5196
123456
5198
123456
5200
123456
5202
123456
5204
123456
5206
123456
5208
123456
5210
123456
5212
123456
5214
123456
5216
123456
5218
123456
5220
123456
5222
123456
5224
123456
5226
123456
5228
123456
5230
123456
5232
123456
5234
123456
5236
123456
5238
123456
5240
123456
5242
123456
5244
123456
5246
123456
5248
123456
5250
123456
5252
123456
5254
123456
5256
123456
5258
123456
5260
123456
5262
123456
5264
123456
5266
123456
5268
123456
5270
123456
5272
123456
5274
123456
5276
123456
5278
123456
5280
123456
5282
123456
5284
123456
5286
123456
5288
123456
5290
123456
5292
123456
5294
123456
5296
123456
5298
123456
5300
123456
5302
123456
5304
123456
5306
123456
5308
123456
5310
123456
5312
123456
5314
123456
5316
123456
5318
123456
5320
123456
5322
123456
5324
123456
5326
123456
5328
123456
5330
123456
5332
123456
5334
123456
5336
123456
5338
123456
5340
123456
5342
123456
5344
123456
5346
123456
5348
123456
5350
123456
5352
123456
5354
123456
5356
123456
5358
123456
5360
123456
5362
123456
5364
123456
5366
123456
5368
123456
5370
123456
5372
123456
5374
123456
5376
123456
5378
123456
5380
123456
5382
123456
5384
123456
5386
123456
5388
123456
5390
123456
5392
123456
5394
123456
5396
123456
5398
123456
5400
123456
5402
123456
5404
123456
5406
123456
5408
123456
5410
123456
5412
123456
5414
123456
5416
123456
5418
123456
5420
123456
5422
123456
5424
123456
5426
123456
5428
123456
5430
123456
5432
123456
5434
123456
5436
123456
5438
123456
5440
123456
5442
123456
5444
123456
5446
123456
5448
123456
5450
123456
5452
123456
5454
123456
5456
123456
5458
123456
5460
123456
5462
123456
5464
123456
5466
123456
5468
123456
5470
123456
5472
123456
5474
123456
5476
123456
5478
123456
5480
123456
5482
123456
5484
123456
5486
123456
5488
123456
5490
123456
5492
123456
5494
123456
5496
123456
5498
123456
5500
123456
5502
123456
5504
123456
5506
123456
5508
123456
5510
123456
5512
123456
5514
123456
5516
123456
5518
123456
5520
123456
5522
123456
5524
123456
5526
123456
5528
123456
5530
123456
5532
123456
5534
123456
5536
123456
5538
123456
5540
123456
5542
123456
5544
123456
5546
123456
5548
123456
5550
123456
5552
123456
5554
123456
5556
123456
5558
123456
5560
123456
5562
123456
5564
123456
5566
123456
5568
123456
5570
123456
5572
123456
5574
123456
5576
123456
5578
123456
5580
123456
5582
123456
5584
123456
5586
123456
5588
123456
5590
123456
5592
123456
5594
123456
5596
123456
5598
123456
5600
123456
5602
123456
5604
123456
5606
123456
5608
123456
5610
123456
5612
123456
5614
123456
5616
123456
5618
123456
5620
123456
5622
123456
5624
123456
5626
123456
5628
123456
5630
123456
5632
123456
5634
123456
5636
123456
5638
123456
5640
123456
5642
123456
5644
123456
5646
123456
5648
123456
5650
123456
5652
123456
5654
123456
5656
123456
5658
123456
5660
123456
5662
123456
5664
123456
5666
123456
5668
123456
5670
123456
5672
123456
5674
123456
5676
123456
5678
123456
5680
123456
5682
123456
5684
123456
5686
123456
5688
123456
5690
123456
5692
123456
5694
123456
5696
123456
5698
123456
5700
123456
5702
123456
5704
123456
5706
123456
5708
123456
5710
123456
5712
123456
5714
123456
5716
123456
5718
123456
5720
123456
5722
123456
5724
123456
5726
123456
5728
123456
5730
123456
5732
123456
5734
123456
5736
123456
5738
123456
5740
123456
5742
123456
5744
123456
5746
123456
5748
123456
5750
123456
5752
123456
5754
123456
5756
123456
5758
123456
5760
123456
5762
123456
5764
123456
5766
123456
5768
123456
5770
123456
5772
123456
5774
123456
5776
123456
5778
123456
5780
123456
5782
123456
5784
123456
5786
123456
5788
123456
5790
123456
5792
123456
5794
123456
5796
123456
5798
123456
5800
123456
5802
123456
5804
123456
5806
123456
5808
123456
5810
123456
5812
123456
5814
123456
5816
123456
5818
123456
5820
123456
5822
123456
5824
123456
5826
123456
5828
123456
5830
123456
5832
123456
5834
123456
5836
123456
5838
123456
5840
123456
5842
123456
5844
123456
5846
123456
5848
123456
5850
123456
5852
123456
5854
123456
5856
123456
5858
123456
5860
123456
5862
123456
5864
123456
5866
123456
5868
123456
5870
123456
5872
123456
5874
123456
5876
123456
5878
123456
5880
123456
5882
123456
5884
123456
5886
123456
5888
123456
5890
123456
5892
123456
5894
123456
5896
123456
5898
123456
5900
123456
5902
123456
5904
123456
5906
123456
5908
123456
5910
123456
5912
123456
5914
123456
5916
123456
5918
123456
5920
123456
5922
123456
5924
123456
5926
123456
5928
123456
5930
123456
5932
123456
5934
123456
5936
123456
5938
123456
5940
123456
5942
123456
5944
123456
5946
123456
5948
123456
5950
123456
5952
123456
5954
123456
5956
123456
5958
123456
5960
123456
5962
123456
5964
123456
5966
123456
5968
123456
5970
123456
5972
123456
5974
123456
5976
123456
5978
123456
5980
123456
5982
123456
5984
123456
5986
123456
5988
123456
5990
123456
5992
123456
5994
123456
5996
123456
5998
123456
6000
123456
6002
123456
6004
123456
6006
123456
6008
123456
6010
123456
6012
123456
6014
123456
6016
123456
6018
123456
6020
123456
6022
123456
6024
123456
6026
123456
6028
123456
6030
123456
6032
123456
6034
123456
6036
123456
6038
123456
6040
123456
6042
123456
6044
123456
6046
123456
6048
123456
6050
123456
6052
123456
6054
123456
6056
123456
6058
123456
6060
123456
6062
123456
6064
123456
6066
123456
6068
123456
6070
123456
6072
123456
6074
123456
6076
123456
6078
123456
6080
123456
6082
123456
6084
123456
6086
123456
6088
123456
6090
123456
6092
123456
6094
123456
6096
123456
6098
123456
6100
123456
6102
123456
6104
123456
6106
123456
6108
123456
6110
123456
6112
123456
6114
123456
6116
123456
6118
123456
6120
123456
6122
123456
6124
123456
6126
123456
6128
123456
6130
123456
6132
123456
6134
123456
6136
123456
6138
123456
6140
123456
6142
123456
6144
123456
6146
123456
6148
123456
6150
123456
6152
123456
6154
123456
6156
123456
6158
123456
6160
123456
6162
123456
6164
123456
6166
123456
6168
123456
6170
123456
6172
123456
6174
123456
6176
123456
6178
123456
6180
123456
6182
123456
6184
123456
6186
123456
6188
123456
6190
123456
6192
123456
6194
123456
6196
123456
6198
123456
6200
123456
6202
123456
6204
123456
6206
123456
6208
123456
6210
123456
6212
123456
6214
123456
6216
123456
6218
123456
6220
123456
6222
123456
6224
123456
6226
123456
6228
123456
6230
123456
6232
123456
6234
123456
6236
123456
6238
123456
6240
123456
6242
123456
6244
123456
6246
123456
6248
123456
6250
123456
6252
123456
6254
123456
6256
123456
6258
123456
6260
123456
6262
123456
6264
123456
6266
123456
6268
123456
6270
123456
6272
123456
6274
123456
6276
123456
6278
123456
6280
123456
6282
123456
6284
123456
6286
123456
6288
123456
6290
123456
6292
123456
6294
123456
6296
123456
6298
123456
6300
123456
6302
123456
6304
123456
6306
123456
6308
123456
6310
123456
6312
123456
6314
123456
6316
123456
6318
123456
6320
123456
6322
123456
6324
123456
6326
123456
6328
123456
6330
123456
6332
123456
6334
123456
6336
123456
6338
123456
6340
123456
6342
123456
6344
123456
6346
123456
6348
123456
6350
123456
6352
123456
6354
123456
6356
123456
6358
123456
6360
123456
6362
123456
6364
123456
6366
123456
6368
123456
6370
123456
6372
123456
6374
123456
6376
123456
6378
123456
6380
123456
6382
123456
6384
123456
6386
123456
6388
123456
6390
123456
6392
123456
6394
123456
6396
123456
6398
123456
6400
123456
6402
123456
6404
123456
6406
123456
6408
123456
6410
123456
6412
123456
6414
123456
6416
123456
6418
123456
6420
123456
6422
123456
6424
123456
6426
123456
6428
123456
6430
123456
6432
123456
6434
123456
6436
123456
6438
123456
6440
123456
6442
123456
6444
123456
6446
123456
6448
123456
6450
123456
6452
123456
6454
123456
6456
123456
6458
123456
6460
123456
6462
123456
6464
123456
6466
123456
6468
123456
6470
123456
6472
123456
6474
123456
6476
123456
6478
123456
6480
123456
6482
123456
6484
123456
6486
123456
6488
123456
6490
123456
6492
123456
6494
123456
6496
123456
6498
123456
6500
123456
6502
123456
6504
123456
6506
123456
6508
123456
6510
123456
6512
123456
6514
123456
6516
123456
6518
123456
6520
123456
6522
123456
6524
123456
6526
123456
6528
123456
6530
123456
6532
123456
6534
123456
6536
123456
6538
123456
6540
123456
6542
123456
6544
123456
6546
123456
6548
123456
6550
123456
6552
123456
6554
123456
6556
123456
6558
123456
6560
123456
6562
123456
6564
123456
6566
123456
6568
123456
6570
123456
6572
123456
6574
123456
6576
123456
6578
123456
6580
123456
6582
123456
6584
123456
6586
123456
6588
123456
6590
123456
6592
123456
6594
123456
6596
123456
6598
123456
6600
123456
6602
123456
6604
123456
6606
123456
6608
123456
6610
123456
6612
123456
6614
123456
6616
123456
6618
123456
6620
123456
6622
123456
6624
123456
6626
123456
6628
123456
6630
123456
6632
123456
6634
123456
6636
123456
6638
123456
6640
123456
6642
123456
6644
123456
6646
123456
6648
123456
6650
123456
6652
123456
6654
123456
6656
123456
6658
123456
6660
123456
6662
123456
6664
123456
6666
123456
6668
123456
6670
123456
6672
123456
6674
123456
6676
123456
6678
123456
6680
123456
6682
123456
6684
123456
6686
123456
6688
123456
6690
123456
6692
123456
6694
123456
6696
123456
6698
123456
6700
123456
6702
123456
6704
123456
6706
123456
6708
123456
6710
123456
6712
123456
6714
123456
6716
123456
6718
123456
6720
123456
6722
123456
6724
123456
6726
123456
6728
123456
6730
123456
6732
123456
6734
123456
6736
123456
6738
123456
6740
123456
6742
123456
6744
123456
6746
123456
6748
123456
6750
123456
6752
123456
6754
123456
6756
123456
6758
123456
6760
123456
6762
123456
6764
123456
6766
123456
6768
123456
6770
123456
6772
123456
6774
123456
6776
123456
6778
123456
6780
123456
6782
123456
6784
123456
6786
123456
6788
123456
6790
123456
6792
123456
6794
123456
6796
123456
6798
123456
6800
123456
6802
123456
6804
123456
6806
123456
6808
123456
6810
123456
6812
123456
6814
123456
6816
123456
6818
123456
6820
123456
6822
123456
6824
123456
6826
123456
6828
123456
6830
123456
6832
123456
6834
123456
6836
123456
6838
123456
6840
123456
6842
123456
6844
123456
6846
123456
6848
123456
6850
123456
6852
123456
6854
123456
6856
123456
6858
123456
6860
123456
6862
123456
6864
123456
6866
123456
6868
123456
6870
123456
6872
123456
6874
123456
6876
123456
6878
123456
6880
123456
6882
123456
6884
123456
6886
123456
6888
123456
6890
123456
6892
123456
6894
123456
6896
123456
6898
123456
6900
123456
6902
123456
6904
123456
6906
123456
6908
123456
6910
123456
6912
123456
6914
123456
6916
123456
6918
123456
6920
123456
6922
123456
6924
123456
6926
123456
6928
123456
6930
123456
6932
123456
6934
123456
6936
123456
6938
123456
6940
123456
6942
123456
6944
123456
6946
123456
6948
123456
6950
123456
6952
123456
6954
123456
6956
123456
6958
123456
6960
123456
6962
123456
6964
123456
6966
123456
6968
123456
6970
123456
6972
123456
6974
123456
6976
123456
6978
123456
6980
123456
6982
123456
6984
123456
6986
123456
6988
123456
6990
123456
6992
123456
6994
123456
6996
123456
6998
123456
7000
123456
7002
123456
7004
123456
7006
123456
7008
123456
7010
123456
7012
123456
7014
123456
7016
123456
7018
123456
7020
123456
7022
123456
7024
123456
7026
123456
7028
123456
7030
123456
7032
123456
7034
123456
7036
123456
7038
123456
7040
123456
7042
123456
7044
123456
7046
123456
7048
123456
7050
123456
7052
123456
7054
123456
7056
123456
7058
123456
7060
123456
7062
123456
7064
123456
7066
123456
7068
123456
7070
123456
7072
123456
7074
123456
7076
123456
7078
123456
7080
123456
7082
123456
7084
123456
7086
123456
7088
123456
7090
123456
7092
123456
7094
123456
7096
123456
7098
123456
7100
123456
7102
123456
7104
123456
7106
123456
7108
123456
7110
123456
7112
123456
7114
123456
7116
123456
7118
123456
7120
123456
7122
123456
7124
123456
7126
123456
7128
123456
7130
123456
7132
123456
7134
123456
7136
123456
7138
123456
7140
123456
7142
123456
7144
123456
7146
123456
7148
123456
7150
123456
7152
123456
7154
123456
7156
123456
7158
123456
7160
123456
7162
123456
7164
123456
7166
123456
7168
123456
7170
123456
7172
123456
7174
123456
7176
123456
7178
123456
7180
123456
7182
123456
7184
123456
7186
123456
7188
123456
7190
123456
7192
123456
7194
123456
7196
123456
7198
123456
7200
123456
7202
123456
7204
123456
7206
123456
7208
123456
7210
123456
7212
123456
7214
123456
7216
123456
7218
123456
7220
123456
7222
123456
7224
123456
7226
123456
7228
123456
7230
123456
7232
123456
7234
123456
7236
123456
7238
123456
7240
123456
7242
123456
7244
123456
7246
123456
7248
123456
7250
123456
7252
123456
7254
123456
7256
123456
7258
123456
7260
123456
7262
123456
7264
123456
7266
123456
7268
123456
7270
123456
7272
123456
7274
123456
7276
123456
7278
123456
7280
123456
7282
123456
7284
123456
7286
123456
7288
123456
7290
123456
7292
123456
7294
123456
7296
123456
7298
123456
7300
123456
7302
123456
7304
123456
7306
123456
7308
123456
7310
123456
7312
123456
7314
123456
7316
123456
7318
123456
7320
123456
7322
123456
7324
123456
7326
123456
7328
123456
7330
123456
7332
123456
7334
123456
7336
123456
7338
123456
7340
123456
7342
123456
7344
123456
7346
123456
7348
123456
7350
123456
7352
123456
7354
123456
7356
123456
7358
123456
7360
123456
7362
123456
7364
123456
7366
123456
7368
123456
7370
123456
7372
123456
7374
123456
7376
123456
7378
123456
7380
123456
7382
123456
7384
123456
7386
123456
7388
123456
7390
123456
7392
123456
7394
123456
7396
123456
7398
123456
7400
123456
7402
123456
7404
123456
7406
123456
7408
123456
7410
123456
7412
123456
7414
123456
7416
123456
7418
123456
7420
123456
7422
123456
7424
123456
7426
123456
7428
123456
7430
123456
7432
123456
7434
123456
7436
123456
7438
123456
7440
123456
7442
123456
7444
123456
7446
123456
7448
123456
7450
123456
7452
123456
7454
123456
7456
123456
7458
123456
7460
123456
7462
123456
7464
123456
7466
123456
7468
123456
7470
123456
7472
123456
7474
123456
7476
123456
7478
123456
7480
123456
7482
123456
7484
123456
7486
123456
7488
123456
7490
123456
7492
123456
7494
123456
7496
123456
7498
123456
7500
123456
7502
123456
7504
123456
7506
123456
7508
123456
7510
123456
7512
123456
7514
123456
7516
123456
7518
123456
7520
123456
7522
123456
7524
123456
7526
123456
7528
123456
7530
123456
7532
123456
7534
123456
7536
123456
7538
123456
7540
123456
7542
123456
7544
123456
7546
123456
7548
123456
7550
123456
7552
123456
7554
123456
7556
123456
7558
123456
7560
123456
7562
123456
7564
123456
7566
123456
7568
123456
7570
123456
7572
123456
7574
123456
7576
123456
7578
123456
7580
123456
7582
123456
7584
123456
7586
123456
7588
123456
7590
123456
7592
123456
7594
123456
7596
123456
7598
123456
7600
123456
7602
123456
7604
123456
7606
123456
7608
123456
7610
123456
7612
123456
7614
123456
7616
123456
7618
123456
7620
123456
7622
123456
7624
123456
7626
123456
7628
123456
7630
123456
7632
123456
7634
123456
7636
123456
7638
123456
7640
123456
7642
123456
7644
123456
7646
123456
7648
123456
7650
123456
7652
123456
7654
123456
7656
123456
7658
123456
7660
123456
7662
123456
7664
123456
7666
123456
7668
123456
7670
123456
7672
123456
7674
123456
7676
123456
7678
123456
7680
123456
7682
123456
7684
123456
7686
123456
7688
123456
7690
123456
7692
123456
7694
123456
7696
123456
7698
123456
7700
123456
7702
123456
7704
123456
7706
123456
7708
123456
7710
123456
7712
123456
7714
123456
7716
123456
7718
123456
7720
123456
7722
123456
7724
123456
7726
123456
7728
123456
7730
123456
7732
123456
7734
123456
7736
123456
7738
123456
7740
123456
7742
123456
7744
123456
7746
123456
7748
123456
7750
123456
7752
123456
7754
123456
7756
123456
7758
123456
7760
123456
7762
123456
7764
123456
7766
123456
7768
123456
7770
123456
7772
123456
7774
123456
7776
123456
7778
123456
7780
123456
7782
123456
7784
123456
7786
123456
7788
123456
7790
123456
7792
123456
7794
123456
7796
123456
7798
123456
7800
123456
7802
123456
7804
123456
7806
123456
7808
123456
7810
123456
7812
123456
7814
123456
7816
123456
7818
123456
7820
123456
7822
123456
7824
123456
7826
123456
7828
123456
7830
123456
7832
123456
7834
123456
7836
123456
7838
123456
7840
123456
7842
123456
7844
123456
7846
123456
7848
123456
7850
123456
7852
123456
7854
123456
7856
123456
7858
123456
7860
123456
7862
123456
7864
123456
7866
123456
7868
123456
7870
123456
7872
123456
7874
123456
7876
123456
7878
123456
7880
123456
7882
123456
7884
123456
7886
123456
7888
123456
7890
123456
7892
123456
7894
123456
7896
123456
7898
123456
7900
123456
7902
123456
7904
123456
7906
123456
7908
123456
7910
123456
7912
123456
7914
123456
7916
123456
7918
123456
7920
123456
7922
123456
7924
123456
7926
123456
7928
123456
7930
123456
7932
123456
7934
123456
7936
123456
7938
123456
7940
123456
7942
123456
7944
123456
7946
123456
7948
123456
7950
123456
7952
123456
7954
123456
7956
123456
7958
123456
7960
123456
7962
123456
7964
123456
7966
123456
7968
123456
7970
123456
7972
123456
7974
123456
7976
123456
7978
123456
7980
123456
7982
123456
7984
123456
7986
123456
7988
123456
7990
123456
7992
123456
7994
123456
7996
123456
7998
123456
8000
123456
8002
123456
8004
123456
8006
123456
8008
123456
8010
123456
8012
123456
8014
123456
8016
123456
8018
123456
8020
123456
8022
123456
8024
123456
8026
123456
8028
123456
8030
123456
8032
123456
8034
123456
8036
123456
8038
123456
8040
123456
8042
123456
8044
123456
8046
123456
8048
123456
8050
123456
8052
123456
8054
123456
8056
123456
8058
123456
8060
123456
8062
123456
8064
123456
8066
123456
8068
123456
8070
123456
8072
123456
8074
123456
8076
123456
8078
123456
8080
123456
8082
123456
8084
123456
8086
123456
8088
123456
8090
123456
8092
123456
8094
123456
8096
123456
8098
123456
8100
123456
8102
123456
8104
123456
8106
123456
8108
123456
8110
123456
8112
123456
8114
123456
8116
123456
8118
123456
8120
123456
8122
123456
8124
123456
8126
123456
8128
123456
8130
123456
8132
123456
8134
123456
8136
123456
8138
123456
8140
123456
8142
123456
8144
123456
8146
123456
8148
123456
8150
123456
8152
123456
8154
123456
8156
123456
8158
123456
8160
123456
8162
123456
8164
123456
8166
123456
8168
123456
8170
123456
8172
123456
8174
123456
8176
123456
8178
123456
8180
123456
8182
123456
8184
123456
8186
123456
8188
123456
8190
123456
8192
123456
8194
123456
8196
123456
8198
123456
8200
123456
8202
123456
8204
123456
8206
123456
8208
123456
8210
123456
8212
123456
8214
123456
8216
123456
8218
123456
8220
123456
8222
123456
8224
123456
8226
123456
8228
123456
8230
123456
8232
123456
8234
123456
8236
123456
8238
123456
8240
123456
8242
123456
8244
123456
8246
123456
8248
123456
8250
123456
8252
123456
8254
123456
8256
123456
8258
123456
8260
123456
8262
123456
8264
123456
8266
123456
8268
123456
8270
123456
8272
123456
8274
123456
8276
123456
8278
123456
8280
123456
8282
123456
8284
123456
8286
123456
8288
123456
8290
123456
8292
123456
8294
123456
8296
123456
8298
123456
8300
123456
8302
123456
8304
123456
8306
123456
8308
123456
8310
123456
8312
123456
8314
123456
8316
123456
8318
123456
8320
123456
8322
123456
8324
123456
8326
123456
8328
123456
8330
123456
8332
123456
8334
123456
8336
123456
8338
123456
8340
123456
8342
123456
8344
123456
8346
123456
8348
123456
8350
123456
8352
123456
8354
123456
8356
123456
8358
123456
8360
123456
8362
123456
8364
123456
8366
123456
8368
123456
8370
123456
8372
123456
8374
123456
8376
123456
8378
123456
8380
123456
8382
123456
8384
123456
8386
123456
8388
123456
8390
123456
8392
123456
8394
123456
8396
123456
8398
123456
8400
123456
8402
123456
8404
123456
8406
123456
8408
123456
8410
123456
8412
123456
8414
123456
8416
123456
8418
123456
8420
123456
8422
123456
8424
123456
8426
123456
8428
123456
8430
123456
8432
123456
8434
123456
8436
123456
8438
123456
8440
123456
8442
123456
8444
123456
8446
123456
8448
123456
8450
123456
8452
123456
8454
123456
8456
123456
8458
123456
8460
123456
8462
123456
8464
123456
8466
123456
8468
123456
8470
123456
8472
123456
8474
123456
8476
123456
8478
123456
8480
123456
8482
123456
8484
123456
8486
123456
8488
123456
8490
123456
8492
123456
8494
123456
8496
123456
8498
123456
8500
123456
8502
123456
8504
123456
8506
123456
8508
123456
8510
123456
8512
123456
8514
123456
8516
123456
8518
123456
8520
123456
8522
123456
8524
123456
8526
123456
8528
123456
8530
123456
8532
123456
8534
123456
8536
123456
8538
123456
8540
123456
8542
123456
8544
123456
8546
123456
8548
123456
8550
123456
8552
123456
8554
123456
8556
123456
8558
123456
8560
123456
8562
123456
8564
123456
8566
123456
8568
123456
8570
123456
8572
123456
8574
123456
8576
123456
8578
123456
8580
123456
8582
123456
8584
123456
8586
123456
8588
123456
8590
123456
8592
123456
8594
123456
8596
123456
8598
123456
8600
123456
8602
123456
8604
123456
8606
123456
8608
123456
8610
123456
8612
123456
8614
123456
8616
123456
8618
123456
8620
123456
8622
123456
8624
123456
8626
123456
8628
123456
8630
123456
8632
123456
8634
123456
8636
123456
8638
123456
8640
123456
8642
123456
8644
123456
8646
123456
8648
123456
8650
123456
8652
123456
8654
123456
8656
123456
8658
123456
8660
123456
8662
123456
8664
123456
8666
123456
8668
123456
8670
123456
8672
123456
8674
123456
8676
123456
8678
123456
8680
123456
8682
123456
8684
123456
8686
123456
8688
123456
8690
123456
8692
123456
8694
123456
8696
123456
8698
123456
8700
123456
8702
123456
8704
123456
8706
123456
8708
123456
8710
123456
8712
123456
8714
123456
8716
123456
8718
123456
8720
123456
8722
123456
8724
123456
8726
123456
8728
123456
8730
123456
8732
123456
8734
123456
8736
123456
8738
123456
8740
123456
8742
123456
8744
123456
8746
123456
8748
123456
8750
123456
8752
123456
8754
123456
8756
123456
8758
123456
8760
123456
8762
123456
8764
123456
8766
123456
8768
123456
8770
123456
8772
123456
8774
123456
8776
123456
8778
123456
8780
123456
8782
123456
8784
123456
8786
123456
8788
123456
8790
123456
8792
123456
8794
123456
8796
123456
8798
123456
8800
123456
8802
123456
8804
123456
8806
123456
8808
123456
8810
123456
8812
123456
8814
123456
8816
123456
8818
123456
8820
123456
8822
123456
8824
123456
8826
123456
8828
123456
8830
123456
8832
123456
8834
123456
8836
123456
8838
123456
8840
123456
8842
123456
8844
123456
8846
123456
8848
123456
8850
123456
8852
123456
8854
123456
8856
123456
8858
123456
8860
123456
8862
123456
8864
123456
8866
123456
8868
123456
8870
123456
8872
123456
8874
123456
8876
123456
8878
123456
8880
123456
8882
123456
8884
123456
8886
123456
8888
123456
8890
123456
8892
123456
8894
123456
8896
123456
8898
123456
8900
123456
8902
123456
8904
123456
8906
123456
8908
123456
8910
123456
8912
123456
8914
123456
8916
123456
8918
123456
8920
123456
8922
123456
8924
123456
8926
123456
8928
123456
8930
123456
8932
123456
8934
123456
8936
123456
8938
123456
8940
123456
8942
123456
8944
123456
8946
123456
8948
123456
8950
123456
8952
123456
8954
123456
8956
123456
8958
123456
8960
123456
8962
123456
8964
123456
8966
123456
8968
123456
8970
123456
8972
123456
8974
123456
8976
123456
8978
123456
8980
123456
8982
123456
8984
123456
8986
123456
8988
123456
8990
123456
8992
123456
8994
123456
8996
123456
8998
123456
9000
123456
9002
123456
9004
123456
9006
123456
9008
123456
9010
123456
9012
123456
9014
123456
9016
123456
9018
123456
9020
123456
9022
123456
9024
123456
9026
123456
9028
123456
9030
123456
9032
123456
9034
123456
9036
123456
9038
123456
9040
123456
9042
123456
9044
123456
9046
123456
9048
123456
9050
123456
9052
123456
9054
123456
9056
123456
9058
123456
9060
123456
9062
123456
9064
123456
9066
123456
9068
123456
9070
123456
9072
123456
9074
123456
9076
123456
9078
123456
9080
123456
9082
123456
9084
123456
9086
123456
9088
123456
9090
123456
9092
123456
9094
123456
9096
123456
9098
123456
9100
123456
9102
123456
9104
123456
9106
123456
9108
123456
9110
123456
9112
123456
9114
123456
9116
123456
9118
123456
9120
123456
9122
123456
9124
123456
9126
123456
9128
123456
9130
123456
9132
123456
9134
123456
9136
123456
9138
123456
9140
123456
9142
123456
9144
123456
9146
123456
9148
123456
9150
123456
9152
123456
9154
123456
9156
123456
9158
123456
9160
123456
9162
123456
9164
123456
9166
123456
9168
123456
9170
123456
9172
123456
9174
123456
9176
123456
9178
123456
9180
123456
9182
123456
9184
123456
9186
123456
9188
123456
9190
123456
9192
123456
9194
123456
9196
123456
9198
123456
9200
123456
9202
123456
9204
123456
9206
123456
9208
123456
9210
123456
9212
123456
9214
123456
9216
123456
9218
123456
9220
123456
9222
123456
9224
123456
9226
123456
9228
123456
9230
123456
9232
123456
9234
123456
9236
123456
9238
123456
9240
123456
9242
123456
9244
123456
9246
123456
9248
123456
9250
123456
9252
123456
9254
123456
9256
123456
9258
123456
9260
123456
9262
123456
9264
123456
9266
123456
9268
123456
9270
123456
9272
123456
9274
123456
9276
123456
9278
123456
9280
123456
9282
123456
9284
123456
9286
123456
9288
123456
9290
123456
9292
123456
9294
123456
9296
123456
9298
123456
9300
123456
9302
123456
9304
123456
9306
123456
9308
123456
9310
123456
9312
123456
9314
123456
9316
123456
9318
123456
9320
123456
9322
123456
9324
123456
9326
123456
9328
123456
9330
123456
9332
123456
9334
123456
9336
123456
9338
123456
9340
123456
9342
123456
9344
123456
9346
123456
9348
123456
9350
123456
9352
123456
9354
123456
9356
123456
9358
123456
9360
123456
9362
123456
9364
123456
9366
123456
9368
123456
9370
123456
9372
123456
9374
123456
9376
123456
9378
123456
9380
123456
9382
123456
9384
123456
9386
123456
9388
123456
9390
123456
9392
123456
9394
123456
9396
123456
9398
123456
9400
123456
9402
123456
9404
123456
9406
123456
9408
123456
9410
123456
9412
123456
9414
123456
9416
123456
9418
123456
9420
123456
9422
123456
9424
123456
9426
123456
9428
123456
9430
123456
9432
123456
9434
123456
9436
123456
9438
123456
9440
123456
9442
123456
9444
123456
9446
123456
9448
123456
9450
123456
9452
123456
9454
123456
9456
123456
9458
123456
9460
123456
9462
123456
9464
123456
9466
123456
9468
123456
9470
123456
9472
123456
9474
123456
9476
123456
9478
123456
9480
123456
9482
123456
9484
123456
9486
123456
9488
123456
9490
123456
9492
123456
9494
123456
9496
123456
9498
123456
9500
123456
9502
123456
9504
123456
9506
123456
9508
123456
9510
123456
9512
123456
9514
123456
9516
123456
9518
123456
9520
123456
9522
123456
9524
123456
9526
123456
9528
123456
9530
123456
9532
123456
9534
123456
9536
123456
9538
123456
9540
123456
9542
123456
9544
123456
9546
123456
9548
123456
9550
123456
9552
123456
9554
123456
9556
123456
9558
123456
9560
123456
9562
123456
9564
123456
9566
123456
9568
123456
9570
123456
9572
123456
9574
123456
9576
123456
9578
123456
9580
123456
9582
123456
9584
123456
9586
123456
9588
123456
9590
123456
9592
123456
9594
123456
9596
123456
9598
123456
9600
123456
9602
123456
9604
123456
9606
123456
9608
123456
9610
123456
9612
123456
9614
123456
9616
123456
9618
123456
9620
123456
9622
123456
9624
123456
9626
123456
9628
123456
9630
123456
9632
123456
9634
123456
9636
123456
9638
123456
9640
123456
9642
123456
9644
123456
9646
123456
9648
123456
9650
123456
9652
123456
9654
123456
9656
123456
9658
123456
9660
123456
9662
123456
9664
123456
9666
123456
9668
123456
9670
123456
9672
123456
9674
123456
9676
123456
9678
123456
9680
123456
9682
123456
9684
123456
9686
123456
9688
123456
9690
123456
9692
123456
9694
123456
9696
123456
9698
123456
9700
123456
9702
123456
9704
123456
9706
123456
9708
123456
9710
123456
9712
123456
9714
123456
9716
123456
9718
123456
9720
123456
9722
123456
9724
123456
9726
123456
9728
123456
9730
123456
9732
123456
9734
123456
9736
123456
9738
123456
9740
123456
9742
123456
9744
123456
9746
123456
9748
123456
9750
123456
9752
123456
9754
123456
9756
123456
9758
123456
9760
123456
9762
123456
9764
123456
9766
123456
9768
123456
9770
123456
9772
123456
9774
123456
9776
123456
9778
123456
9780
123456
9782
123456
9784
123456
9786
123456
9788
123456
9790
123456
9792
123456
9794
123456
9796
123456
9798
123456
9800
123456
9802
123456
9804
123456
9806
123456
9808
123456
9810
123456
9812
123456
9814
123456
9816
123456
9818
123456
9820
123456
9822
123456
9824
123456
9826
123456
9828
123456
9830
123456
9832
123456
9834
123456
9836
123456
9838
123456
9840
123456
9842
123456
9844
123456
9846
123456
9848
123456
9850
123456
9852
123456
9854
123456
9856
123456
9858
123456
9860
123456
9862
123456
9864
123456
9866
123456
9868
123456
9870
123456
9872
123456
9874
123456
9876
123456
9878
123456
9880
123456
9882
123456
9884
123456
9886
123456
9888
123456
9890
123456
9892
123456
9894
123456
9896
123456
9898
123456
9900
123456
9902
123456
9904
123456
9906
123456
9908
123456
9910
123456
9912
123456
9914
123456
9916
123456
9918
123456
9920
123456
9922
123456
9924
123456
9926
123456
9928
123456
9930
123456
9932
123456
9934
123456
9936
123456
9938
123456
9940
123456
9942
123456
9944
123456
9946
123456
9948
123456
9950
123456
9952
123456
9954
123456
9956
123456
9958
123456
9960
123456
9962
123456
9964
123456
9966
123456
9968
123456
9970
123456
9972
123456
9974
123456
9976
123456
9978
123456
9980
123456
9982
123456
9984
123456
9986
123456
9988
123456
9990
123456
9992
123456
9994
123456
9996
123456
9998
123456
10000
123456
10002
123456
10004
123456
10006
123456
10008
123456
10010
123456
10012
123456
10014
123456
10016
123456
10018
123456
10020
123456
10022
123456
10024
123456
10026
123456
10028
123456
10030
123456
10032
123456
10034
123456
10036
123456
10038
123456
10040
123456
10042
123456
10044
123456
10046
123456
10048
123456
10050
123456
10052
123456
10054
123456
10056
123456
10058
123456
10060
123456
10062
123456
10064
123456
10066
123456
10068
123456
10070
123456
10072
123456
10074
123456
10076
123456
10078
123456
10080
123456
10082
123456
10084
123456
10086
123456
10088
123456
10090
123456
10092
123456
10094
123456
10096
123456
10098
123456
10100
123456
10102
123456
10104
123456
10106
123456
10108
123456
10110
123456
10112
123456
10114
123456
10116
123456
10118
123456
10120
123456
10122
123456
10124
123456
10126
123456
10128
123456
10130
123456
10132
123456
10134
123456
10136
123456
10138
123456
10140
123456
10142
123456
10144
123456
10146
123456
10148
123456
10150
123456
10152
123456
10154
123456
10156
123456
10158
123456
10160
123456
10162
123456
10164
123456
10166
123456
10168
123456
10170
123456
10172
123456
10174
123456
10176
123456
10178
123456
10180
123456
10182
123456
10184
123456
10186
123456
10188
123456
10190
123456
10192
123456
10194
123456
10196
123456
10198
123456
10200
123456
10202
123456
10204
123456
10206
123456
10208
123456
10210
123456
10212
123456
10214
123456
10216
123456
10218
123456
10220
123456
10222
123456
10224
123456
10226
123456
10228
123456
10230
123456
10232
123456
10234
123456
10236
123456
10238
123456
10240
123456
10242
123456
10244
123456
10246
123456
10248
123456
10250
123456
10252
123456
10254
123456
10256
123456
10258
123456
10260
123456
10262
123456
10264
123456
10266
123456
10268
123456
10270
123456
10272
123456
10274
123456
10276
123456
10278
123456
10280
123456
10282
123456
10284
123456
10286
123456
10288
123456
10290
123456
10292
123456
10294
123456
10296
123456
10298
123456
10300
123456
10302
123456
10304
123456
10306
123456
10308
123456
10310
123456
10312
123456
10314
123456
10316
123456
10318
123456
10320
123456
10322
123456
10324
123456
10326
123456
10328
123456
10330
123456
10332
123456
10334
123456
10336
123456
10338
123456
10340
123456
10342
123456
10344
123456
10346
123456
10348
123456
10350
123456
10352
123456
10354
123456
10356
123456
10358
123456
10360
123456
10362
123456
10364
123456
10366
123456
10368
123456
10370
123456
10372
123456
10374
123456
10376
123456
10378
123456
10380
123456
10382
123456
10384
123456
10386
123456
10388
123456
10390
123456
10392
123456
10394
123456
10396
123456
10398
123456
10400
123456
10402
123456
10404
123456
10406
123456
10408
123456
10410
123456
10412
123456
10414
123456
10416
123456
10418
123456
10420
123456
10422
123456
10424
123456
10426
123456
10428
123456
10430
123456
10432
123456
10434
123456
10436
123456
10438
123456
10440
123456
10442
123456
10444
123456
10446
123456
10448
123456
10450
123456
10452
123456
10454
123456
10456
123456
10458
123456
10460
123456
10462
123456
10464
123456
10466
123456
10468
123456
10470
123456
10472
123456
10474
123456
10476
123456
10478
123456
10480
123456
10482
123456
10484
123456
10486
123456
10488
123456
10490
123456
10492
123456
10494
123456
10496
123456
10498
123456
10500
123456
10502
123456
10504
123456
10506
123456
10508
123456
10510
123456
10512
123456
10514
123456
10516
123456
10518
123456
10520
123456
10522
123456
10524
123456
10526
123456
10528
123456
10530
123456
10532
123456
10534
123456
10536
123456
10538
123456
10540
123456
10542
123456
10544
123456
10546
123456
10548
123456
10550
123456
10552
123456
10554
123456
10556
123456
10558
123456
10560
123456
10562
123456
10564
123456
10566
123456
10568
123456
10570
123456
10572
123456
10574
123456
10576
123456
10578
123456
10580
123456
10582
123456
10584
123456
10586
123456
10588
123456
10590
123456
10592
123456
10594
123456
10596
123456
10598
123456
10600
123456
10602
123456
10604
123456
10606
123456
10608
123456
10610
123456
10612
123456
10614
123456
10616
123456
10618
123456
10620
123456
10622
123456
10624
123456
10626
123456
10628
123456
10630
123456
10632
123456
10634
123456
10636
123456
10638
123456
10640
123456
10642
123456
10644
123456
10646
123456
10648
123456
10650
123456
10652
123456
10654
123456
10656
123456
10658
123456
10660
123456
10662
123456
10664
123456
10666
123456
10668
123456
10670
123456
10672
123456
10674
123456
10676
123456
10678
123456
10680
123456
10682
123456
10684
123456
10686
123456
10688
123456
10690
123456
10692
123456
10694
123456
10696
123456
10698
123456
10700
123456
10702
123456
10704
123456
10706
123456
10708
123456
10710
123456
10712
123456
10714
123456
10716
123456
10718
123456
10720
123456
10722
123456
10724
123456
10726
123456
10728
123456
10730
123456
10732
123456
10734
123456
10736
123456
10738
123456
10740
123456
10742
123456
10744
123456
10746
123456
10748
123456
10750
123456
10752
123456
10754
123456
10756
123456
10758
123456
10760
123456
10762
123456
10764
123456
10766
123456
10768
123456
10770
123456
10772
123456
10774
123456
10776
123456
10778
123456
10780
123456
10782
123456
10784
123456
10786
123456
10788
123456
10790
123456
10792
123456
10794
123456
10796
123456
10798
123456
10800
123456
10802
123456
10804
123456
10806
123456
10808
123456
10810
123456
10812
123456
10814
123456
10816
123456
10818
123456
10820
123456
10822
123456
10824
123456
10826
123456
10828
123456
10830
123456
10832
123456
10834
123456
10836
123456
10838
123456
10840
123456
10842
123456
10844
123456
10846
123456
10848
123456
10850
123456
10852
123456
10854
123456
10856
123456
10858
123456
10860
123456
10862
123456
10864
123456
10866
123456
10868
123456
10870
123456
10872
123456
10874
123456
10876
123456
10878
123456
10880
123456
10882
123456
10884
123456
10886
123456
10888
123456
10890
123456
10892
123456
10894
123456
10896
123456
10898
123456
10900
123456
10902
123456
10904
123456
10906
123456
10908
123456
10910
123456
10912
123456
10914
123456
10916
123456
10918
123456
10920
123456
10922
123456
10924
123456
10926
123456
10928
123456
10930
123456
10932
123456
10934
123456
10936
123456
10938
123456
10940
123456
10942
123456
10944
123456
10946
123456
10948
123456
10950
123456
10952
123456
10954
123456
10956
123456
10958
123456
10960
123456
10962
123456
10964
123456
10966
123456
10968
123456
10970
123456
10972
123456
10974
123456
10976
123456
10978
123456
10980
123456
10982
123456
10984
123456
10986
123456
10988
123456
10990
123456
10992
123456
10994
123456
10996
123456
10998
123456
11000
123456
11002
123456
11004
123456
11006
123456
11008
123456
11010
123456
11012
123456
11014
123456
11016
123456
11018
123456
11020
123456
11022
123456
11024
123456
11026
123456
11028
123456
11030
123456
11032
123456
11034
123456
11036
123456
11038
123456
11040
123456
11042
123456
11044
123456
11046
123456
11048
123456
11050
123456
11052
123456
11054
123456
11056
123456
11058
123456
11060
123456
11062
123456
11064
123456
11066
123456
11068
123456
11070
123456
11072
123456
11074
123456
11076
123456
11078
123456
11080
123456
11082
123456
11084
123456
11086
123456
11088
123456
11090
123456
11092
123456
11094
123456
11096
123456
11098
123456
11100
123456
11102
123456
11104
123456
11106
123456
11108
123456
11110
123456
11112
123456
11114
123456
11116
123456
11118
123456
11120
123456
11122
123456
11124
123456
11126
123456
11128
123456
11130
123456
11132
123456
11134
123456
11136
123456
11138
123456
11140
123456
11142
123456
11144
123456
11146
123456
11148
123456
11150
123456
11152
123456
11154
123456
11156
123456
11158
123456
11160
123456
11162
123456
11164
123456
11166
123456
11168
123456
11170
123456
11172
123456
11174
123456
11176
123456
11178
123456
11180
123456
11182
123456
11184
123456
11186
123456
11188
123456
11190
123456
11192
123456
11194
123456
11196
123456
11198
123456
11200
123456
11202
123456
11204
123456
11206
123456
11208
123456
11210
123456
11212
123456
11214
123456
11216
123456
11218
123456
11220
123456
11222
123456
11224
123456
11226
123456
11228
123456
11230
123456
11232
123456
11234
123456
11236
123456
11238
123456
11240
123456
11242
123456
11244
123456
11246
123456
11248
123456
11250
123456
11252
123456
11254
123456
11256
123456
11258
123456
11260
123456
11262
123456
11264
123456
11266
123456
11268
123456
11270
123456
11272
123456
11274
123456
11276
123456
11278
123456
11280
123456
11282
123456
11284
123456
11286
123456
11288
123456
11290
123456
11292
123456
11294
123456
11296
123456
11298
123456
11300
123456
11302
123456
11304
123456
11306
123456
11308
123456
11310
123456
11312
123456
11314
123456
11316
123456
11318
123456
11320
123456
11322
123456
11324
123456
11326
123456
11328
123456
11330
123456
11332
123456
11334
123456
11336
123456
11338
123456
11340
123456
11342
123456
11344
123456
11346
123456
11348
123456
11350
123456
11352
123456
11354
123456
11356
123456
11358
123456
11360
123456
11362
123456
11364
123456
11366
123456
11368
123456
11370
123456
11372
123456
11374
123456
11376
123456
11378
123456
11380
123456
11382
123456
11384
123456
11386
123456
11388
123456
11390
123456
11392
123456
11394
123456
11396
123456
11398
123456
11400
123456
11402
123456
11404
123456
11406
123456
11408
123456
11410
123456
11412
123456
11414
123456
11416
123456
11418
123456
11420
123456
11422
123456
11424
123456
11426
123456
11428
123456
11430
123456
11432
123456
11434
123456
11436
123456
11438
123456
11440
123456
11442
123456
11444
123456
11446
123456
11448
123456
11450
123456
11452
123456
11454
123456
11456
123456
11458
123456
11460
123456
11462
123456
11464
123456
11466
123456
11468
123456
11470
123456
11472
123456
11474
123456
11476
123456
11478
123456
11480
123456
11482
123456
11484
123456
11486
123456
11488
123456
11490
123456
11492
123456
11494
123456
11496
123456
11498
123456
11500
123456
11502
123456
11504
123456
11506
123456
11508
123456
11510
123456
11512
123456
11514
123456
11516
123456
11518
123456
11520
123456
11522
123456
11524
123456
11526
123456
11528
123456
11530
123456
11532
123456
11534
123456
11536
123456
11538
123456
11540
123456
11542
123456
11544
123456
11546
123456
11548
123456
11550
123456
11552
123456
11554
123456
11556
123456
11558
123456
11560
123456
11562
123456
11564
123456
11566
123456
11568
123456
11570
123456
11572
123456
11574
123456
11576
123456
11578
123456
11580
123456
11582
123456
11584
123456
11586
123456
11588
123456
11590
123456
11592
123456
11594
123456
11596
123456
11598
123456
11600
123456
11602
123456
11604
123456
11606
123456
11608
123456
11610
123456
11612
123456
11614
123456
11616
123456
11618
123456
11620
123456
11622
123456
11624
123456
11626
123456
11628
123456
11630
123456
11632
123456
11634
123456
11636
123456
11638
123456
11640
123456
11642
123456
11644
123456
11646
123456
11648
123456
11650
123456
11652
123456
11654
123456
11656
123456
11658
123456
11660
123456
11662
123456
11664
123456
11666
123456
11668
123456
11670
123456
11672
123456
11674
123456
11676
123456
11678
123456
11680
123456
11682
123456
11684
123456
11686
123456
11688
123456
11690
123456
11692
123456
11694
123456
11696
123456
11698
123456
11700
123456
11702
123456
11704
123456
11706
123456
11708
123456
11710
123456
11712
123456
11714
123456
11716
123456
11718
123456
11720
123456
11722
123456
11724
123456
11726
123456
11728
123456
11730
123456
11732
123456
11734
123456
11736
123456
11738
123456
11740
123456
11742
123456
11744
123456
11746
123456
11748
123456
11750
123456
11752
123456
11754
123456
11756
123456
11758
123456
11760
123456
11762
123456
11764
123456
11766
123456
11768
123456
11770
123456
11772
123456
11774
123456
11776
123456
11778
123456
11780
123456
11782
123456
11784
123456
11786
123456
11788
123456
11790
123456
11792
123456
11794
123456
11796
123456
11798
123456
11800
123456
11802
123456
11804
123456
11806
123456
11808
123456
11810
123456
11812
123456
11814
123456
11816
123456
11818
123456
11820
123456
11822
123456
11824
123456
11826
123456
11828
123456
11830
123456
11832
123456
11834
123456
11836
123456
11838
123456
11840
123456
11842
123456
11844
123456
11846
123456
11848
123456
11850
123456
11852
123456
11854
123456
11856
123456
11858
123456
11860
123456
11862
123456
11864
123456
11866
123456
11868
123456
11870
123456
11872
123456
11874
123456
11876
123456
11878
123456
11880
123456
11882
123456
11884
123456
11886
123456
11888
123456
11890
123456
11892
123456
11894
123456
11896
123456
11898
123456
11900
123456
11902
123456
11904
123456
11906
123456
11908
123456
11910
123456
11912
123456
11914
123456
11916
123456
11918
123456
11920
123456
11922
123456
11924
123456
11926
123456
11928
123456
11930
123456
11932
123456
11934
123456
11936
123456
11938
123456
11940
123456
11942
123456
11944
123456
11946
123456
11948
123456
11950
123456
11952
123456
11954
123456
11956
123456
11958
123456
11960
123456
11962
123456
11964
123456
11966
123456
11968
123456
11970
123456
11972
123456
11974
123456
11976
123456
11978
123456
11980
123456
11982
123456
11984
123456
11986
123456
11988
123456
11990
123456
11992
123456
11994
123456
11996
123456
11998
123456
12000
123456
12002
123456
12004
123456
12006
123456
12008
123456
12010
123456
12012
123456
12014
123456
12016
123456
12018
123456
12020
123456
12022
123456
12024
123456
12026
123456
12028
123456
12030
123456
12032
123456
12034
123456
12036
123456
12038
123456
12040
123456
12042
123456
12044
123456
12046
123456
12048
123456
12050
123456
12052
123456
12054
123456
12056
123456
12058
123456
12060
123456
12062
123456
12064
123456
12066
123456
12068
123456
12070
123456
12072
123456
12074
123456
12076
123456
12078
123456
12080
123456
12082
123456
12084
123456
12086
123456
12088
123456
12090
123456
12092
123456
12094
123456
12096
123456
12098
123456
12100
123456
12102
123456
12104
123456
12106
123456
12108
123456
12110
123456
12112
123456
12114
123456
12116
123456
12118
123456
12120
123456
12122
123456
12124
123456
12126
123456
12128
123456
12130
123456
12132
123456
12134
123456
12136
123456
12138
123456
12140
123456
12142
123456
12144
123456
12146
123456
12148
123456
12150
123456
12152
123456
12154
123456
12156
123456
12158
123456
12160
123456
12162
123456
12164
123456
12166
123456
12168
123456
12170
123456
12172
123456
12174
123456
12176
123456
12178
123456
12180
123456
12182
123456
12184
123456
12186
123456
12188
123456
12190
123456
12192
123456
12194
123456
12196
123456
12198
123456
12200
123456
12202
123456
12204
123456
12206
123456
12208
123456
12210
123456
12212
123456
12214
123456
12216
123456
12218
123456
12220
123456
12222
123456
12224
123456
12226
123456
12228
123456
12230
123456
12232
123456
12234
123456
12236
123456
12238
123456
12240
123456
12242
123456
12244
123456
12246
123456
12248
123456
12250
123456
12252
123456
12254
123456
12256
123456
12258
123456
12260
123456
12262
123456
12264
123456
12266
123456
12268
123456
12270
123456
12272
123456
12274
123456
12276
123456
12278
123456
12280
123456
12282
123456
12284
123456
12286
123456
12288
123456
12290
123456
12292
123456
12294
123456
12296
123456
12298
123456
12300
123456
12302
123456
12304
123456
12306
123456
12308
123456
12310
123456
12312
123456
12314
123456
12316
123456
12318
123456
12320
123456
12322
123456
12324
123456
12326
123456
12328
123456
12330
123456
12332
123456
12334
123456
12336
123456
12338
123456
12340
123456
12342
123456
12344
123456
12346
123456
12348
123456
12350
123456
12352
123456
12354
123456
12356
123456
12358
123456
12360
123456
12362
123456
12364
123456
12366
123456
12368
123456
12370
123456
12372
123456
12374
123456
12376
123456
12378
123456
12380
123456
12382
123456
12384
123456
12386
123456
12388
123456
12390
123456
12392
123456
12394
123456
12396
123456
12398
123456
12400
123456
12402
123456
12404
123456
12406
123456
12408
123456
12410
123456
12412
123456
12414
123456
12416
123456
12418
123456
12420
123456
12422
123456
12424
123456
12426
123456
12428
123456
12430
123456
12432
123456
12434
123456
12436
123456
12438
123456
12440
123456
12442
123456
12444
123456
12446
123456
12448
123456
12450
123456
12452
123456
12454
123456
12456
123456
12458
123456
12460
123456
12462
123456
12464
123456
12466
123456
12468
123456
12470
123456
12472
123456
12474
123456
12476
123456
12478
123456
12480
123456
12482
123456
12484
123456
12486
123456
12488
123456
12490
123456
12492
123456
12494
123456
12496
123456
12498
123456
12500
123456
12502
123456
12504
123456
12506
123456
12508
123456
12510
123456
12512
123456
12514
123456
12516
123456
12518
123456
12520
123456
12522
123456
12524
123456
12526
123456
12528
123456
12530
123456
12532
123456
12534
123456
12536
123456
12538
123456
12540
123456
12542
123456
12544
123456
12546
123456
12548
123456
12550
123456
12552
123456
12554
123456
12556
123456
12558
123456
12560
123456
12562
123456
12564
123456
12566
123456
12568
123456
12570
123456
12572
123456
12574
123456
12576
123456
12578
123456
12580
123456
12582
123456
12584
123456
12586
123456
12588
123456
12590
123456
12592
123456
12594
123456
12596
123456
12598
123456
12600
123456
12602
123456
12604
123456
12606
123456
12608
123456
12610
123456
12612
123456
12614
123456
12616
123456
12618
123456
12620
123456
12622
123456
12624
123456
12626
123456
12628
123456
12630
123456
12632
123456
12634
123456
12636
123456
12638
123456
12640
123456
12642
123456
12644
123456
12646
123456
12648
123456
12650
123456
12652
123456
12654
123456
12656
123456
12658
123456
12660
123456
12662
123456
12664
123456
12666
123456
12668
123456
12670
123456
12672
123456
12674
123456
12676
123456
12678
123456
12680
123456
12682
123456
12684
123456
12686
123456
12688
123456
12690
123456
12692
123456
12694
123456
12696
123456
12698
123456
12700
123456
12702
123456
12704
123456
12706
123456
12708
123456
12710
123456
12712
123456
12714
123456
12716
123456
12718
123456
12720
123456
12722
123456
12724
123456
12726
123456
12728
123456
12730
123456
12732
123456
12734
123456
12736
123456
12738
123456
12740
123456
12742
123456
12744
123456
12746
123456
12748
123456
12750
123456
12752
123456
12754
123456
12756
123456
12758
123456
12760
123456
12762
123456
12764
123456
12766
123456
12768
123456
12770
123456
12772
123456
12774
123456
12776
123456
12778
123456
12780
123456
12782
123456
12784
123456
12786
123456
12788
123456
12790
123456
12792
123456
12794
123456
12796
123456
12798
123456
12800
123456
12802
123456
12804
123456
12806
123456
12808
123456
12810
123456
12812
123456
12814
123456
12816
123456
12818
123456
12820
123456
12822
123456
12824
123456
12826
123456
12828
123456
12830
123456
12832
123456
12834
123456
12836
123456
12838
123456
12840
123456
12842
123456
12844
123456
12846
123456
12848
123456
12850
123456
12852
123456
12854
123456
12856
123456
12858
123456
12860
123456
12862
123456
12864
123456
12866
123456
12868
123456
12870
123456
12872
123456
12874
123456
12876
123456
12878
123456
12880
123456
12882
123456
12884
123456
12886
123456
12888
123456
12890
123456
12892
123456
12894
123456
12896
123456
12898
123456
12900
123456
12902
123456
12904
123456
12906
123456
12908
123456
12910
123456
12912
123456
12914
123456
12916
123456
12918
123456
12920
123456
12922
123456
12924
123456
12926
123456
12928
123456
12930
123456
12932
123456
12934
123456
12936
123456
12938
123456
12940
123456
12942
123456
12944
123456
12946
123456
12948
123456
12950
123456
12952
123456
12954
123456
12956
123456
12958
123456
12960
123456
12962
123456
12964
123456
12966
123456
12968
123456
12970
123456
12972
123456
12974
123456
12976
123456
12978
123456
12980
123456
12982
123456
12984
123456
12986
123456
12988
123456
12990
123456
12992
123456
12994
123456
12996
123456
12998
123456
13000
123456
13002
123456
13004
123456
13006
123456
13008
123456
13010
123456
13012
123456
13014
123456
13016
123456
13018
123456
13020
123456
13022
123456
13024
123456
13026
123456
13028
123456
13030
123456
13032
123456
13034
123456
13036
123456
13038
123456
13040
123456
13042
123456
13044
123456
13046
123456
13048
123456
13050
123456
13052
123456
13054
123456
13056
123456
13058
123456
13060
123456
13062
123456
13064
123456
13066
123456
13068
123456
13070
123456
13072
123456
13074
123456
13076
123456
13078
123456
13080
123456
13082
123456
13084
123456
13086
123456
13088
123456
13090
123456
13092
123456
13094
123456
13096
123456
13098
123456
13100
123456
13102
123456
13104
123456
13106
123456
13108
123456
13110
123456
13112
123456
13114
123456
13116
123456
13118
123456
13120
123456
13122
123456
13124
123456
13126
123456
13128
123456
13130
123456
13132
123456
13134
123456
13136
123456
13138
123456
13140
123456
13142
123456
13144
123456
13146
123456
13148
123456
13150
123456
13152
123456
13154
123456
13156
123456
13158
123456
13160
123456
13162
123456
13164
123456
13166
123456
13168
123456
13170
123456
13172
123456
13174
123456
13176
123456
13178
123456
13180
123456
13182
123456
13184
123456
13186
123456
13188
123456
13190
123456
13192
123456
13194
123456
13196
123456
13198
123456
13200
123456
13202
123456
13204
123456
13206
123456
13208
123456
13210
123456
13212
123456
13214
123456
13216
123456
13218
123456
13220
123456
13222
123456
13224
123456
13226
123456
13228
123456
13230
123456
13232
123456
13234
123456
13236
123456
13238
123456
13240
123456
13242
123456
13244
123456
13246
123456
13248
123456
13250
123456
13252
123456
13254
123456
13256
123456
13258
123456
13260
123456
13262
123456
13264
123456
13266
123456
13268
123456
13270
123456
13272
123456
13274
123456
13276
123456
13278
123456
13280
123456
13282
123456
13284
123456
13286
123456
13288
123456
13290
123456
13292
123456
13294
123456
13296
123456
13298
123456
13300
123456
13302
123456
13304
123456
13306
123456
13308
123456
13310
123456
13312
123456
13314
123456
13316
123456
13318
123456
13320
123456
13322
123456
13324
123456
13326
123456
13328
123456
13330
123456
13332
123456
13334
123456
13336
123456
13338
123456
13340
123456
13342
123456
13344
123456
13346
123456
13348
123456
13350
123456
13352
123456
13354
123456
13356
123456
13358
123456
13360
123456
13362
123456
13364
123456
13366
123456
13368
123456
13370
123456
13372
123456
13374
123456
13376
123456
13378
123456
13380
123456
13382
123456
13384
123456
13386
123456
13388
123456
13390
123456
13392
123456
13394
123456
13396
123456
13398
123456
13400
123456
13402
123456
13404
123456
13406
123456
13408
123456
13410
123456
13412
123456
13414
123456
13416
123456
13418
123456
13420
123456
13422
123456
13424
123456
13426
123456
13428
123456
13430
123456
13432
123456
13434
123456
13436
123456
13438
123456
13440
123456
13442
123456
13444
123456
13446
123456
13448
123456
13450
123456
13452
123456
13454
123456
13456
123456
13458
123456
13460
123456
13462
123456
13464
123456
13466
123456
13468
123456
13470
123456
13472
123456
13474
123456
13476
123456
13478
123456
13480
123456
13482
123456
13484
123456
13486
123456
13488
123456
13490
123456
13492
123456
13494
123456
13496
123456
13498
123456
13500
123456
13502
123456
13504
123456
13506
123456
13508
123456
13510
123456
13512
123456
13514
123456
13516
123456
13518
123456
13520
123456
13522
123456
13524
123456
13526
123456
13528
123456
13530
123456
13532
123456
13534
123456
13536
123456
13538
123456
13540
123456
13542
123456
13544
123456
13546
123456
13548
123456
13550
123456
13552
123456
13554
123456
13556
123456
13558
123456
13560
123456
13562
123456
13564
123456
13566
123456
13568
123456
13570
123456
13572
123456
13574
123456
13576
123456
13578
123456
13580
123456
13582
123456
13584
123456
13586
123456
13588
123456
13590
123456
13592
123456
13594
123456
13596
123456
13598
123456
13600
123456
13602
123456
13604
123456
13606
123456
13608
123456
13610
123456
13612
123456
13614
123456
13616
123456
13618
123456
13620
123456
13622
123456
13624
123456
13626
123456
13628
123456
13630
123456
13632
123456
13634
123456
13636
123456
13638
123456
13640
123456
13642
123456
13644
123456
13646
123456
13648
123456
13650
123456
13652
123456
13654
123456
13656
123456
13658
123456
13660
123456
13662
123456
13664
123456
13666
123456
13668
123456
13670
123456
13672
123456
13674
123456
13676
123456
13678
123456
13680
123456
13682
123456
13684
123456
13686
123456
13688
123456
13690
123456
13692
123456
13694
123456
13696
123456
13698
123456
13700
123456
13702
123456
13704
123456
13706
123456
13708
123456
13710
123456
13712
123456
13714
123456
13716
123456
13718
123456
13720
123456
13722
123456
13724
123456
13726
123456
13728
123456
13730
123456
13732
123456
13734
123456
13736
123456
13738
123456
13740
123456
13742
123456
13744
123456
13746
123456
13748
123456
13750
123456
13752
123456
13754
123456
13756
123456
13758
123456
13760
123456
13762
123456
13764
123456
13766
123456
13768
123456
13770
123456
13772
123456
13774
123456
13776
123456
13778
123456
13780
123456
13782
123456
13784
123456
13786
123456
13788
123456
13790
123456
13792
123456
13794
123456
13796
123456
13798
123456
13800
123456
13802
123456
13804
123456
13806
123456
13808
123456
13810
123456
13812
123456
13814
123456
13816
123456
13818
123456
13820
123456
13822
123456
13824
123456
13826
123456
13828
123456
13830
123456
13832
123456
13834
123456
13836
123456
13838
123456
13840
123456
13842
123456
13844
123456
13846
123456
13848
123456
13850
123456
13852
123456
13854
123456
13856
123456
13858
123456
13860
123456
13862
123456
13864
123456
13866
123456
13868
123456
13870
123456
13872
123456
13874
123456
13876
123456
13878
123456
13880
123456
13882
123456
13884
123456
13886
123456
13888
123456
13890
123456
13892
123456
13894
123456
13896
123456
13898
123456
13900
123456
13902
123456
13904
123456
13906
123456
13908
123456
13910
123456
13912
123456
13914
123456
13916
123456
13918
123456
13920
123456
13922
123456
13924
123456
13926
123456
13928
123456
13930
123456
13932
123456
13934
123456
13936
123456
13938
123456
13940
123456
13942
123456
13944
123456
13946
123456
13948
123456
13950
123456
13952
123456
13954
123456
13956
123456
13958
123456
13960
123456
13962
123456
13964
123456
13966
123456
13968
123456
13970
123456
13972
123456
13974
123456
13976
123456
13978
123456
13980
123456
13982
123456
13984
123456
13986
123456
13988
123456
13990
123456
13992
123456
13994
123456
13996
123456
13998
123456
14000
123456
14002
123456
14004
123456
14006
123456
14008
123456
14010
123456
14012
123456
14014
123456
14016
123456
14018
123456
14020
123456
14022
123456
14024
123456
14026
123456
14028
123456
14030
123456
14032
123456
14034
123456
14036
123456
14038
123456
14040
123456
14042
123456
14044
123456
14046
123456
14048
123456
14050
123456
14052
123456
14054
123456
14056
123456
14058
123456
14060
123456
14062
123456
14064
123456
14066
123456
14068
123456
14070
123456
14072
123456
14074
123456
14076
123456
14078
123456
14080
123456
14082
123456
14084
123456
14086
123456
14088
123456
14090
123456
14092
123456
14094
123456
14096
123456
14098
123456
14100
123456
14102
123456
14104
123456
14106
123456
14108
123456
14110
123456
14112
123456
14114
123456
14116
123456
14118
123456
14120
123456
14122
123456
14124
123456
14126
123456
14128
123456
14130
123456
14132
123456
14134
123456
14136
123456
14138
123456
14140
123456
14142
123456
14144
123456
14146
123456
14148
123456
14150
123456
14152
123456
14154
123456
14156
123456
14158
123456
14160
123456
14162
123456
14164
123456
14166
123456
14168
123456
14170
123456
14172
123456
14174
123456
14176
123456
14178
123456
14180
123456
14182
123456
14184
123456
14186
123456
14188
123456
14190
123456
14192
123456
14194
123456
14196
123456
14198
123456
14200
123456
14202
123456
14204
123456
14206
123456
14208
123456
14210
123456
14212
123456
14214
123456
14216
123456
14218
123456
14220
123456
14222
123456
14224
123456
14226
123456
14228
123456
14230
123456
14232
123456
14234
123456
14236
123456
14238
123456
14240
123456
14242
123456
14244
123456
14246
123456
14248
123456
14250
123456
14252
123456
14254
123456
14256
123456
14258
123456
14260
123456
14262
123456
14264
123456
14266
123456
14268
123456
14270
123456
14272
123456
14274
123456
14276
123456
14278
123456
14280
123456
14282
123456
14284
123456
14286
123456
14288
123456
14290
123456
14292
123456
14294
123456
14296
123456
14298
123456
14300
123456
14302
123456
14304
123456
14306
123456
14308
123456
14310
123456
14312
123456
14314
123456
14316
123456
14318
123456
14320
123456
14322
123456
14324
123456
14326
123456
14328
123456
14330
123456
14332
123456
14334
123456
14336
123456
14338
123456
14340
123456
14342
123456
14344
123456
14346
123456
14348
123456
14350
123456
14352
123456
14354
123456
14356
123456
14358
123456
14360
123456
14362
123456
14364
123456
14366
123456
14368
123456
14370
123456
14372
123456
14374
123456
14376
123456
14378
123456
14380
123456
14382
123456
14384
123456
14386
123456
14388
123456
14390
123456
14392
123456
14394
123456
14396
123456
14398
123456
14400
123456
14402
123456
14404
123456
14406
123456
14408
123456
14410
123456
14412
123456
14414
123456
14416
123456
14418
123456
14420
123456
14422
123456
14424
123456
14426
123456
14428
123456
14430
123456
14432
123456
14434
123456
14436
123456
14438
123456
14440
123456
14442
123456
14444
123456
14446
123456
14448
123456
14450
123456
14452
123456
14454
123456
14456
123456
14458
123456
14460
123456
14462
123456
14464
123456
14466
123456
14468
123456
14470
123456
14472
123456
14474
123456
14476
123456
14478
123456
14480
123456
14482
123456
14484
123456
14486
123456
14488
123456
14490
123456
14492
123456
14494
123456
14496
123456
14498
123456
14500
123456
14502
123456
14504
123456
14506
123456
14508
123456
14510
123456
14512
123456
14514
123456
14516
123456
14518
123456
14520
123456
14522
123456
14524
123456
14526
123456
14528
123456
14530
123456
14532
123456
14534
123456
14536
123456
14538
123456
14540
123456
14542
123456
14544
123456
14546
123456
14548
123456
14550
123456
14552
123456
14554
123456
14556
123456
14558
123456
14560
123456
14562
123456
14564
123456
14566
123456
14568
123456
14570
123456
14572
123456
14574
123456
14576
123456
14578
123456
14580
123456
14582
123456
14584
123456
14586
123456
14588
123456
14590
123456
14592
123456
14594
123456
14596
123456
14598
123456
14600
123456
14602
123456
14604
123456
14606
123456
14608
123456
14610
123456
14612
123456
14614
123456
14616
123456
14618
123456
14620
123456
14622
123456
14624
123456
14626
123456
14628
123456
14630
123456
14632
123456
14634
123456
14636
123456
14638
123456
14640
123456
14642
123456
14644
123456
14646
123456
14648
123456
14650
123456
14652
123456
14654
123456
14656
123456
14658
123456
14660
123456
14662
123456
14664
123456
14666
123456
14668
123456
14670
123456
14672
123456
14674
123456
14676
123456
14678
123456
14680
123456
14682
123456
14684
123456
14686
123456
14688
123456
14690
123456
14692
123456
14694
123456
14696
123456
14698
123456
14700
123456
14702
123456
14704
123456
14706
123456
14708
123456
14710
123456
14712
123456
14714
123456
14716
123456
14718
123456
14720
123456
14722
123456
14724
123456
14726
123456
14728
123456
14730
123456
14732
123456
14734
123456
14736
123456
14738
123456
14740
123456
14742
123456
14744
123456
14746
123456
14748
123456
14750
123456
14752
123456
14754
123456
14756
123456
14758
123456
14760
123456
14762
123456
14764
123456
14766
123456
14768
123456
14770
123456
14772
123456
14774
123456
14776
123456
14778
123456
14780
123456
14782
123456
14784
123456
14786
123456
14788
123456
14790
123456
14792
123456
14794
123456
14796
123456
14798
123456
14800
123456
14802
123456
14804
123456
14806
123456
14808
123456
14810
123456
14812
123456
14814
123456
14816
123456
14818
123456
14820
123456
14822
123456
14824
123456
14826
123456
14828
123456
14830
123456
14832
123456
14834
123456
14836
123456
14838
123456
14840
123456
14842
123456
14844
123456
14846
123456
14848
123456
14850
123456
14852
123456
14854
123456
14856
123456
14858
123456
14860
123456
14862
123456
14864
123456
14866
123456
14868
123456
14870
123456
14872
123456
14874
123456
14876
123456
14878
123456
14880
123456
14882
123456
14884
123456
14886
123456
14888
123456
14890
123456
14892
123456
14894
123456
14896
123456
14898
123456
14900
123456
14902
123456
14904
123456
14906
123456
14908
123456
14910
123456
14912
123456
14914
123456
14916
123456
14918
123456
14920
123456
14922
123456
14924
123456
14926
123456
14928
123456
14930
123456
14932
123456
14934
123456
14936
123456
14938
123456
14940
123456
14942
123456
14944
123456
14946
123456
14948
123456
14950
123456
14952
123456
14954
123456
14956
123456
14958
123456
14960
123456
14962
123456
14964
123456
14966
123456
14968
123456
14970
123456
14972
123456
14974
123456
14976
123456
14978
123456
14980
123456
14982
123456
14984
123456
14986
123456
14988
123456
14990
123456
14992
123456
14994
123456
14996
123456
14998
123456
15000
123456
15002
123456
15004
123456
15006
123456
15008
123456
15010
123456
15012
123456
15014
123456
15016
123456
15018
123456
15020
123456
15022
123456
15024
123456
15026
123456
15028
123456
15030
123456
15032
123456
15034
123456
15036
123456
15038
123456
15040
123456
15042
123456
15044
123456
15046
123456
15048
123456
15050
123456
15052
123456
15054
123456
15056
123456
15058
123456
15060
123456
15062
123456
15064
123456
15066
123456
15068
123456
15070
123456
15072
123456
15074
123456
15076
123456
15078
123456
15080
123456
15082
123456
15084
123456
15086
123456
15088
123456
15090
123456
15092
123456
15094
123456
15096
123456
15098
123456
15100
123456
15102
123456
15104
123456
15106
123456
15108
123456
15110
123456
15112
123456
15114
123456
15116
123456
15118
123456
15120
123456
15122
123456
15124
123456
15126
123456
15128
123456
15130
123456
15132
123456
15134
123456
15136
123456
15138
123456
15140
123456
15142
123456
15144
123456
15146
123456
15148
123456
15150
123456
15152
123456
15154
123456
15156
123456
15158
123456
15160
123456
15162
123456
15164
123456
15166
123456
15168
123456
15170
123456
15172
123456
15174
123456
15176
123456
15178
123456
15180
123456
15182
123456
15184
123456
15186
123456
15188
123456
15190
123456
15192
123456
15194
123456
15196
123456
15198
123456
15200
123456
15202
123456
15204
123456
15206
123456
15208
123456
15210
123456
15212
123456
15214
123456
15216
123456
15218
123456
15220
123456
15222
123456
15224
123456
15226
123456
15228
123456
15230
123456
15232
123456
15234
123456
15236
123456
15238
123456
15240
123456
15242
123456
15244
123456
15246
123456
15248
123456
15250
123456
15252
123456
15254
123456
15256
123456
15258
123456
15260
123456
15262
123456
15264
123456
15266
123456
15268
123456
15270
123456
15272
123456
15274
123456
15276
123456
15278
123456
15280
123456
15282
123456
15284
123456
15286
123456
15288
123456
15290
123456
15292
123456
15294
123456
15296
123456
15298
123456
15300
123456
15302
123456
15304
123456
15306
123456
15308
123456
15310
123456
15312
123456
15314
123456
15316
123456
15318
123456
15320
123456
15322
123456
15324
123456
15326
123456
15328
123456
15330
123456
15332
123456
15334
123456
15336
123456
15338
123456
15340
123456
15342
123456
15344
123456
15346
123456
15348
123456
15350
123456
15352
123456
15354
123456
15356
123456
15358
123456
15360
123456
15362
123456
15364
123456
15366
123456
15368
123456
15370
123456
15372
123456
15374
123456
15376
123456
15378
123456
15380
123456
15382
123456
15384
123456
15386
123456
15388
123456
15390
123456
15392
123456
15394
123456
15396
123456
15398
123456
15400
123456
15402
123456
15404
123456
15406
123456
15408
123456
15410
123456
15412
123456
15414
123456
15416
123456
15418
123456
15420
123456
15422
123456
15424
123456
15426
123456
15428
123456
15430
123456
15432
123456
15434
123456
15436
123456
15438
123456
15440
123456
15442
123456
15444
123456
15446
123456
15448
123456
15450
123456
15452
123456
15454
123456
15456
123456
15458
123456
15460
123456
15462
123456
15464
123456
15466
123456
15468
123456
15470
123456
15472
123456
15474
123456
15476
123456
15478
123456
15480
123456
15482
123456
15484
123456
15486
123456
15488
123456
15490
123456
15492
123456
15494
123456
15496
123456
15498
123456
15500
123456
15502
123456
15504
123456
15506
123456
15508
123456
15510
123456
15512
123456
15514
123456
15516
123456
15518
123456
15520
123456
15522
123456
15524
123456
15526
123456
15528
123456
15530
123456
15532
123456
15534
123456
15536
123456
15538
123456
15540
123456
15542
123456
15544
123456
15546
123456
15548
123456
15550
123456
15552
123456
15554
123456
15556
123456
15558
123456
15560
123456
15562
123456
15564
123456
15566
123456
15568
123456
15570
123456
15572
123456
15574
123456
15576
123456
15578
123456
15580
123456
15582
123456
15584
123456
15586
123456
15588
123456
15590
123456
15592
123456
15594
123456
15596
123456
15598
123456
15600
123456
15602
123456
15604
123456
15606
123456
15608
123456
15610
123456
15612
123456
15614
123456
15616
123456
15618
123456
15620
123456
15622
123456
15624
123456
15626
123456
15628
123456
15630
123456
15632
123456
15634
123456
15636
123456
15638
123456
15640
123456
15642
123456
15644
123456
15646
123456
15648
123456
15650
123456
15652
123456
15654
123456
15656
123456
15658
123456
15660
123456
15662
123456
15664
123456
15666
123456
15668
123456
15670
123456
15672
123456
15674
123456
15676
123456
15678
123456
15680
123456
15682
123456
15684
123456
15686
123456
15688
123456
15690
123456
15692
123456
15694
123456
15696
123456
15698
123456
15700
123456
15702
123456
15704
123456
15706
123456
15708
123456
15710
123456
15712
123456
15714
123456
15716
123456
15718
123456
15720
123456
15722
123456
15724
123456
15726
123456
15728
123456
15730
123456
15732
123456
15734
123456
15736
123456
15738
123456
15740
123456
15742
123456
15744
123456
15746
123456
15748
123456
15750
123456
15752
123456
15754
123456
15756
123456
15758
123456
15760
123456
15762
123456
15764
123456
15766
123456
15768
123456
15770
123456
15772
123456
15774
123456
15776
123456
15778
123456
15780
123456
15782
123456
15784
123456
15786
123456
15788
123456
15790
123456
15792
123456
15794
123456
15796
123456
15798
123456
15800
123456
15802
123456
15804
123456
15806
123456
15808
123456
15810
123456
15812
123456
15814
123456
15816
123456
15818
123456
15820
123456
15822
123456
15824
123456
15826
123456
15828
123456
15830
123456
15832
123456
15834
123456
15836
123456
15838
123456
15840
123456
15842
123456
15844
123456
15846
123456
15848
123456
15850
123456
15852
123456
15854
123456
15856
123456
15858
123456
15860
123456
15862
123456
15864
123456
15866
123456
15868
123456
15870
123456
15872
123456
15874
123456
15876
123456
15878
123456
15880
123456
15882
123456
15884
123456
15886
123456
15888
123456
15890
123456
15892
123456
15894
123456
15896
123456
15898
123456
15900
123456
15902
123456
15904
123456
15906
123456
15908
123456
15910
123456
15912
123456
15914
123456
15916
123456
15918
123456
15920
123456
15922
123456
15924
123456
15926
123456
15928
123456
15930
123456
15932
123456
15934
123456
15936
123456
15938
123456
15940
123456
15942
123456
15944
123456
15946
123456
15948
123456
15950
123456
15952
123456
15954
123456
15956
123456
15958
123456
15960
123456
15962
123456
15964
123456
15966
123456
15968
123456
15970
123456
15972
123456
15974
123456
15976
123456
15978
123456
15980
123456
15982
123456
15984
123456
15986
123456
15988
123456
15990
123456
15992
123456
15994
123456
15996
123456
15998
123456
16000
123456
16002
123456
16004
123456
16006
123456
16008
123456
16010
123456
16012
123456
16014
123456
16016
123456
16018
123456
16020
123456
16022
123456
16024
123456
16026
123456
16028
123456
16030
123456
16032
123456
16034
123456
16036
123456
16038
123456
16040
123456
16042
123456
16044
123456
16046
123456
16048
123456
16050
123456
16052
123456
16054
123456
16056
123456
16058
123456
16060
123456
16062
123456
16064
123456
16066
123456
16068
123456
16070
123456
16072
123456
16074
123456
16076
123456
16078
123456
16080
123456
16082
123456
16084
123456
16086
123456
16088
123456
16090
123456
16092
123456
16094
123456
16096
123456
16098
123456
16100
123456
16102
123456
16104
123456
16106
123456
16108
123456
16110
123456
16112
123456
16114
123456
16116
123456
16118
123456
16120
123456
16122
123456
16124
123456
16126
123456
16128
123456
16130
123456
16132
123456
16134
123456
16136
123456
16138
123456
16140
123456
16142
123456
16144
123456
16146
123456
16148
123456
16150
123456
16152
123456
16154
123456
16156
123456
16158
123456
16160
123456
16162
123456
16164
123456
16166
123456
16168
123456
16170
123456
16172
123456
16174
123456
16176
123456
16178
123456
16180
123456
16182
123456
16184
123456
16186
123456
16188
123456
16190
123456
16192
123456
16194
123456
16196
123456
16198
123456
16200
123456
16202
123456
16204
123456
16206
123456
16208
123456
16210
123456
16212
123456
16214
123456
16216
123456
16218
123456
16220
123456
16222
123456
16224
123456
16226
123456
16228
123456
16230
123456
16232
123456
16234
123456
16236
123456
16238
123456
16240
123456
16242
123456
16244
123456
16246
123456
16248
123456
16250
123456
16252
123456
16254
123456
16256
123456
16258
123456
16260
123456
16262
123456
16264
123456
16266
123456
16268
123456
16270
123456
16272
123456
16274
123456
16276
123456
16278
123456
16280
123456
16282
123456
16284
123456
16286
123456
16288
123456
16290
123456
16292
123456
16294
123456
16296
123456
16298
123456
16300
123456
16302
123456
16304
123456
16306
123456
16308
123456
16310
123456
16312
123456
16314
123456
16316
123456
16318
123456
16320
123456
16322
123456
16324
123456
16326
123456
16328
123456
16330
123456
16332
123456
16334
123456
16336
123456
16338
123456
16340
123456
16342
123456
16344
123456
16346
123456
16348
123456
16350
123456
16352
123456
16354
123456
16356
123456
16358
123456
16360
123456
16362
123456
16364
123456
16366
123456
16368
123456
16370
123456
16372
123456
16374
123456
16376
123456
16378
123456
16380
123456
16382
123456
16384
123456
16386
123456
16388
123456
16390
123456
16392
123456
16394
123456
16396
123456
16398
123456
16400
123456
16402
123456
16404
123456
16406
123456
16408
123456
16410
123456
16412
123456
16414
123456
16416
123456
16418
123456
16420
123456
16422
123456
16424
123456
16426
123456
16428
123456
16430
123456
16432
123456
16434
123456
16436
123456
16438
123456
16440
123456
16442
123456
16444
123456
16446
123456
16448
123456
16450
123456
16452
123456
16454
123456
16456
123456
16458
123456
16460
123456
16462
123456
16464
123456
16466
123456
16468
123456
16470
123456
16472
123456
16474
123456
16476
123456
16478
123456
16480
123456
16482
123456
16484
123456
16486
123456
16488
123456
16490
123456
16492
123456
16494
123456
16496
123456
16498
123456
16500
123456
16502
123456
16504
123456
16506
123456
16508
123456
16510
123456
16512
123456
16514
123456
16516
123456
16518
123456
16520
123456
16522
123456
16524
123456
16526
123456
16528
123456
16530
123456
16532
123456
16534
123456
16536
123456
16538
123456
16540
123456
16542
123456
16544
123456
16546
123456
16548
123456
16550
123456
16552
123456
16554
123456
16556
123456
16558
123456
16560
123456
16562
123456
16564
123456
16566
123456
16568
123456
16570
123456
16572
123456
16574
123456
16576
123456
16578
123456
16580
123456
16582
123456
16584
123456
16586
123456
16588
123456
16590
123456
16592
123456
16594
123456
16596
123456
16598
123456
16600
123456
16602
123456
16604
123456
16606
123456
16608
123456
16610
123456
16612
123456
16614
123456
16616
123456
16618
123456
16620
123456
16622
123456
16624
123456
16626
123456
16628
123456
16630
123456
16632
123456
16634
123456
16636
123456
16638
123456
16640
123456
16642
123456
16644
123456
16646
123456
16648
123456
16650
123456
16652
123456
16654
123456
16656
123456
16658
123456
16660
123456
16662
123456
16664
123456
16666
123456
16668
123456
16670
123456
16672
123456
16674
123456
16676
123456
16678
123456
16680
123456
16682
123456
16684
123456
16686
123456
16688
123456
16690
123456
16692
123456
16694
123456
16696
123456
16698
123456
16700
123456
16702
123456
16704
123456
16706
123456
16708
123456
16710
123456
16712
123456
16714
123456
16716
123456
16718
123456
16720
123456
16722
123456
16724
123456
16726
123456
16728
123456
16730
123456
16732
123456
16734
123456
16736
123456
16738
123456
16740
123456
16742
123456
16744
123456
16746
123456
16748
123456
16750
123456
16752
123456
16754
123456
16756
123456
16758
123456
16760
123456
16762
123456
16764
123456
16766
123456
16768
123456
16770
123456
16772
123456
16774
123456
16776
123456
16778
123456
16780
123456
16782
123456
16784
123456
16786
123456
16788
123456
16790
123456
16792
123456
16794
123456
16796
123456
16798
123456
16800
123456
16802
123456
16804
123456
16806
123456
16808
123456
16810
123456
16812
123456
16814
123456
16816
123456
16818
123456
16820
123456
16822
123456
16824
123456
16826
123456
16828
123456
16830
123456
16832
123456
16834
123456
16836
123456
16838
123456
16840
123456
16842
123456
16844
123456
16846
123456
16848
123456
16850
123456
16852
123456
16854
123456
16856
123456
16858
123456
16860
123456
16862
123456
16864
123456
16866
123456
16868
123456
16870
123456
16872
123456
16874
123456
16876
123456
16878
123456
16880
123456
16882
123456
16884
123456
16886
123456
16888
123456
16890
123456
16892
123456
16894
123456
16896
123456
16898
123456
16900
123456
16902
123456
16904
123456
16906
123456
16908
123456
16910
123456
16912
123456
16914
123456
16916
123456
16918
123456
16920
123456
16922
123456
16924
123456
16926
123456
16928
123456
16930
123456
16932
123456
16934
123456
16936
123456
16938
123456
16940
123456
16942
123456
16944
123456
16946
123456
16948
123456
16950
123456
16952
123456
16954
123456
16956
123456
16958
123456
16960
123456
16962
123456
16964
123456
16966
123456
16968
123456
16970
123456
16972
123456
16974
123456
16976
123456
16978
123456
16980
123456
16982
123456
16984
123456
16986
123456
16988
123456
16990
123456
16992
123456
16994
123456
16996
123456
16998
123456
17000
123456
17002
123456
17004
123456
17006
123456
17008
123456
17010
123456
17012
123456
17014
123456
17016
123456
17018
123456
17020
123456
17022
123456
17024
123456
17026
123456
17028
123456
17030
123456
17032
123456
17034
123456
17036
123456
17038
123456
17040
123456
17042
123456
17044
123456
17046
123456
17048
123456
17050
123456
17052
123456
17054
123456
17056
123456
17058
123456
17060
123456
17062
123456
17064
123456
17066
123456
17068
123456
17070
123456
17072
123456
17074
123456
17076
123456
17078
123456
17080
123456
17082
123456
17084
123456
17086
123456
17088
123456
17090
123456
17092
123456
17094
123456
17096
123456
17098
123456
17100
123456
17102
123456
17104
123456
17106
123456
17108
123456
17110
123456
17112
123456
17114
123456
17116
123456
17118
123456
17120
123456
17122
123456
17124
123456
17126
123456
17128
123456
17130
123456
17132
123456
17134
123456
17136
123456
17138
123456
17140
123456
17142
123456
17144
123456
17146
123456
17148
123456
17150
123456
17152
123456
17154
123456
17156
123456
17158
123456
17160
123456
17162
123456
17164
123456
17166
123456
17168
123456
17170
123456
17172
123456
17174
123456
17176
123456
17178
123456
17180
123456
17182
123456
17184
123456
17186
123456
17188
123456
17190
123456
17192
123456
17194
123456
17196
123456
17198
123456
17200
123456
17202
123456
17204
123456
17206
123456
17208
123456
17210
123456
17212
123456
17214
123456
17216
123456
17218
123456
17220
123456
17222
123456
17224
123456
17226
123456
17228
123456
17230
123456
17232
123456
17234
123456
17236
123456
17238
123456
17240
123456
17242
123456
17244
123456
17246
123456
17248
123456
17250
123456
17252
123456
17254
123456
17256
123456
17258
123456
17260
123456
17262
123456
17264
123456
17266
123456
17268
123456
17270
123456
17272
123456
17274
123456
17276
123456
17278
123456
17280
123456
17282
123456
17284
123456
17286
123456
17288
123456
17290
123456
17292
123456
17294
123456
17296
123456
17298
123456
17300
123456
17302
123456
17304
123456
17306
123456
17308
123456
17310
123456
17312
123456
17314
123456
17316
123456
17318
123456
17320
123456
17322
123456
17324
123456
17326
123456
17328
123456
17330
123456
17332
123456
17334
123456
17336
123456
17338
123456
17340
123456
17342
123456
17344
123456
17346
123456
17348
123456
17350
123456
17352
123456
17354
123456
17356
123456
17358
123456
17360
123456
17362
123456
17364
123456
17366
123456
17368
123456
17370
123456
17372
123456
17374
123456
17376
123456
17378
123456
17380
123456
17382
123456
17384
123456
17386
123456
17388
123456
17390
123456
17392
123456
17394
123456
17396
123456
17398
123456
17400
123456
17402
123456
17404
123456
17406
123456
17408
123456
17410
123456
17412
123456
17414
123456
17416
123456
17418
123456
17420
123456
17422
123456
17424
123456
17426
123456
17428
123456
17430
123456
17432
123456
17434
123456
17436
123456
17438
123456
17440
123456
17442
123456
17444
123456
17446
123456
17448
123456
17450
123456
17452
123456
17454
123456
17456
123456
17458
123456
17460
123456
17462
123456
17464
123456
17466
123456
17468
123456
17470
123456
17472
123456
17474
123456
17476
123456
17478
123456
17480
123456
17482
123456
17484
123456
17486
123456
17488
123456
17490
123456
17492
123456
17494
123456
17496
123456
17498
123456
17500
123456
17502
123456
17504
123456
17506
123456
17508
123456
17510
123456
17512
123456
17514
123456
17516
123456
17518
123456
17520
123456
17522
123456
17524
123456
17526
123456
17528
123456
17530
123456
17532
123456
17534
123456
17536
123456
17538
123456
17540
123456
17542
123456
17544
123456
17546
123456
17548
123456
17550
123456
17552
123456
17554
123456
17556
123456
17558
123456
17560
123456
17562
123456
17564
123456
17566
123456
17568
123456
17570
123456
17572
123456
17574
123456
17576
123456
17578
123456
17580
123456
17582
123456
17584
123456
17586
123456
17588
123456
17590
123456
17592
123456
17594
123456
17596
123456
17598
123456
17600
123456
17602
123456
17604
123456
17606
123456
17608
123456
17610
123456
17612
123456
17614
123456
17616
123456
17618
123456
17620
123456
17622
123456
17624
123456
17626
123456
17628
123456
17630
123456
17632
123456
17634
123456
17636
123456
17638
123456
17640
123456
17642
123456
17644
123456
17646
123456
17648
123456
17650
123456
17652
123456
17654
123456
17656
123456
17658
123456
17660
123456
17662
123456
17664
123456
17666
123456
17668
123456
17670
123456
17672
123456
17674
123456
17676
123456
17678
123456
17680
123456
17682
123456
17684
123456
17686
123456
17688
123456
17690
123456
17692
123456
17694
123456
17696
123456
17698
123456
17700
123456
17702
123456
17704
123456
17706
123456
17708
123456
17710
123456
17712
123456
17714
123456
17716
123456
17718
123456
17720
123456
17722
123456
17724
123456
17726
123456
17728
123456
17730
123456
17732
123456
17734
123456
17736
123456
17738
123456
17740
123456
17742
123456
17744
123456
17746
123456
17748
123456
17750
123456
17752
123456
17754
123456
17756
123456
17758
123456
17760
123456
17762
123456
17764
123456
17766
123456
17768
123456
17770
123456
17772
123456
17774
123456
17776
123456
17778
123456
17780
123456
17782
123456
17784
123456
17786
123456
17788
123456
17790
123456
17792
123456
17794
123456
17796
123456
17798
123456
17800
123456
17802
123456
17804
123456
17806
123456
17808
123456
17810
123456
17812
123456
17814
123456
17816
123456
17818
123456
17820
123456
17822
123456
17824
123456
17826
123456
17828
123456
17830
123456
17832
123456
17834
123456
17836
123456
17838
123456
17840
123456
17842
123456
17844
123456
17846
123456
17848
123456
17850
123456
17852
123456
17854
123456
17856
123456
17858
123456
17860
123456
17862
123456
17864
123456
17866
123456
17868
123456
17870
123456
17872
123456
17874
123456
17876
123456
17878
123456
17880
123456
17882
123456
17884
123456
17886
123456
17888
123456
17890
123456
17892
123456
17894
123456
17896
123456
17898
123456
17900
123456
17902
123456
17904
123456
17906
123456
17908
123456
17910
123456
17912
123456
17914
123456
17916
123456
17918
123456
17920
123456
17922
123456
17924
123456
17926
123456
17928
123456
17930
123456
17932
123456
17934
123456
17936
123456
17938
123456
17940
123456
17942
123456
17944
123456
17946
123456
17948
123456
17950
123456
17952
123456
17954
123456
17956
123456
17958
123456
17960
123456
17962
123456
17964
123456
17966
123456
17968
123456
17970
123456
17972
123456
17974
123456
17976
123456
17978
123456
17980
123456
17982
123456
17984
123456
17986
123456
17988
123456
17990
123456
17992
123456
17994
123456
17996
123456
17998
123456
18000
123456
18002
123456
18004
123456
18006
123456
18008
123456
18010
123456
18012
123456
18014
123456
18016
123456
18018
123456
18020
123456
18022
123456
18024
123456
18026
123456
18028
123456
18030
123456
18032
123456
18034
123456
18036
123456
18038
123456
18040
123456
18042
123456
18044
123456
18046
123456
18048
123456
18050
123456
18052
123456
18054
123456
18056
123456
18058
123456
18060
123456
18062
123456
18064
123456
18066
123456
18068
123456
18070
123456
18072
123456
18074
123456
18076
123456
18078
123456
18080
123456
18082
123456
18084
123456
18086
123456
18088
123456
18090
123456
18092
123456
18094
123456
18096
123456
18098
123456
18100
123456
18102
123456
18104
123456
18106
123456
18108
123456
18110
123456
18112
123456
18114
123456
18116
123456
18118
123456
18120
123456
18122
123456
18124
123456
18126
123456
18128
123456
18130
123456
18132
123456
18134
123456
18136
123456
18138
123456
18140
123456
18142
123456
18144
123456
18146
123456
18148
123456
18150
123456
18152
123456
18154
123456
18156
123456
18158
123456
18160
123456
18162
123456
18164
123456
18166
123456
18168
123456
18170
123456
18172
123456
18174
123456
18176
123456
18178
123456
18180
123456
18182
123456
18184
123456
18186
123456
18188
123456
18190
123456
18192
123456
18194
123456
18196
123456
18198
123456
18200
123456
18202
123456
18204
123456
18206
123456
18208
123456
18210
123456
18212
123456
18214
123456
18216
123456
18218
123456
18220
123456
18222
123456
18224
123456
18226
123456
18228
123456
18230
123456
18232
123456
18234
123456
18236
123456
18238
123456
18240
123456
18242
123456
18244
123456
18246
123456
18248
123456
18250
123456
18252
123456
18254
123456
18256
123456
18258
123456
18260
123456
18262
123456
18264
123456
18266
123456
18268
123456
18270
123456
18272
123456
18274
123456
18276
123456
18278
123456
18280
123456
18282
123456
18284
123456
18286
123456
18288
123456
18290
123456
18292
123456
18294
123456
18296
123456
18298
123456
18300
123456
18302
123456
18304
123456
18306
123456
18308
123456
18310
123456
18312
123456
18314
123456
18316
123456
18318
123456
18320
123456
18322
123456
18324
123456
18326
123456
18328
123456
18330
123456
18332
123456
18334
123456
18336
123456
18338
123456
18340
123456
18342
123456
18344
123456
18346
123456
18348
123456
18350
123456
18352
123456
18354
123456
18356
123456
18358
123456
18360
123456
18362
123456
18364
123456
18366
123456
18368
123456
18370
123456
18372
123456
18374
123456
18376
123456
18378
123456
18380
123456
18382
123456
18384
123456
18386
123456
18388
123456
18390
123456
18392
123456
18394
123456
18396
123456
18398
123456
18400
123456
18402
123456
18404
123456
18406
123456
18408
123456
18410
123456
18412
123456
18414
123456
18416
123456
18418
123456
18420
123456
18422
123456
18424
123456
18426
123456
18428
123456
18430
123456
18432
123456
18434
123456
18436
123456
18438
123456
18440
123456
18442
123456
18444
123456
18446
123456
18448
123456
18450
123456
18452
123456
18454
123456
18456
123456
18458
123456
18460
123456
18462
123456
18464
123456
18466
123456
18468
123456
18470
123456
18472
123456
18474
123456
18476
123456
18478
123456
18480
123456
18482
123456
18484
123456
18486
123456
18488
123456
18490
123456
18492
123456
18494
123456
18496
123456
18498
123456
18500
123456
18502
123456
18504
123456
18506
123456
18508
123456
18510
123456
18512
123456
18514
123456
18516
123456
18518
123456
18520
123456
18522
123456
18524
123456
18526
123456
18528
123456
18530
123456
18532
123456
18534
123456
18536
123456
18538
123456
18540
123456
18542
123456
18544
123456
18546
123456
18548
123456
18550
123456
18552
123456
18554
123456
18556
123456
18558
123456
18560
123456
18562
123456
18564
123456
18566
123456
18568
123456
18570
123456
18572
123456
18574
123456
18576
123456
18578
123456
18580
123456
18582
123456
18584
123456
18586
123456
18588
123456
18590
123456
18592
123456
18594
123456
18596
123456
18598
123456
18600
123456
18602
123456
18604
123456
18606
123456
18608
123456
18610
123456
18612
123456
18614
123456
18616
123456
18618
123456
18620
123456
18622
123456
18624
123456
18626
123456
18628
123456
18630
123456
18632
123456
18634
123456
18636
123456
18638
123456
18640
123456
18642
123456
18644
123456
18646
123456
18648
123456
18650
123456
18652
123456
18654
123456
18656
123456
18658
123456
18660
123456
18662
123456
18664
123456
18666
123456
18668
123456
18670
123456
18672
123456
18674
123456
18676
123456
18678
123456
18680
123456
18682
123456
18684
123456
18686
123456
18688
123456
18690
123456
18692
123456
18694
123456
18696
123456
18698
123456
18700
123456
18702
123456
18704
123456
18706
123456
18708
123456
18710
123456
18712
123456
18714
123456
18716
123456
18718
123456
18720
123456
18722
123456
18724
123456
18726
123456
18728
123456
18730
123456
18732
123456
18734
123456
18736
123456
18738
123456
18740
123456
18742
123456
18744
123456
18746
123456
18748
123456
18750
123456
18752
123456
18754
123456
18756
123456
18758
123456
18760
123456
18762
123456
18764
123456
18766
123456
18768
123456
18770
123456
18772
123456
18774
123456
18776
123456
18778
123456
18780
123456
18782
123456
18784
123456
18786
123456
18788
123456
18790
123456
18792
123456
18794
123456
18796
123456
18798
123456
18800
123456
18802
123456
18804
123456
18806
123456
18808
123456
18810
123456
18812
123456
18814
123456
18816
123456
18818
123456
18820
123456
18822
123456
18824
123456
18826
123456
18828
123456
18830
123456
18832
123456
18834
123456
18836
123456
18838
123456
18840
123456
18842
123456
18844
123456
18846
123456
18848
123456
18850
123456
18852
123456
18854
123456
18856
123456
18858
123456
18860
123456
18862
123456
18864
123456
18866
123456
18868
123456
18870
123456
18872
123456
18874
123456
18876
123456
18878
123456
18880
123456
18882
123456
18884
123456
18886
123456
18888
123456
18890
123456
18892
123456
18894
123456
18896
123456
18898
123456
18900
123456
18902
123456
18904
123456
18906
123456
18908
123456
18910
123456
18912
123456
18914
123456
18916
123456
18918
123456
18920
123456
18922
123456
18924
123456
18926
123456
18928
123456
18930
123456
18932
123456
18934
123456
18936
123456
18938
123456
18940
123456
18942
123456
18944
123456
18946
123456
18948
123456
18950
123456
18952
123456
18954
123456
18956
123456
18958
123456
18960
123456
18962
123456
18964
123456
18966
123456
18968
123456
18970
123456
18972
123456
18974
123456
18976
123456
18978
123456
18980
123456
18982
123456
18984
123456
18986
123456
18988
123456
18990
123456
18992
123456
18994
123456
18996
123456
18998
123456
19000
123456
19002
123456
19004
123456
19006
123456
19008
123456
19010
123456
19012
123456
19014
123456
19016
123456
19018
123456
19020
123456
19022
123456
19024
123456
19026
123456
19028
123456
19030
123456
19032
123456
19034
123456
19036
123456
19038
123456
19040
123456
19042
123456
19044
123456
19046
123456
19048
123456
19050
123456
19052
123456
19054
123456
19056
123456
19058
123456
19060
123456
19062
123456
19064
123456
19066
123456
19068
123456
19070
123456
19072
123456
19074
123456
19076
123456
19078
123456
19080
123456
19082
123456
19084
123456
19086
123456
19088
123456
19090
123456
19092
123456
19094
123456
19096
123456
19098
123456
19100
123456
19102
123456
19104
123456
19106
123456
19108
123456
19110
123456
19112
123456
19114
123456
19116
123456
19118
123456
19120
123456
19122
123456
19124
123456
19126
123456
19128
123456
19130
123456
19132
123456
19134
123456
19136
123456
19138
123456
19140
123456
19142
123456
19144
123456
19146
123456
19148
123456
19150
123456
19152
123456
19154
123456
19156
123456
19158
123456
19160
123456
19162
123456
19164
123456
19166
123456
19168
123456
19170
123456
19172
123456
19174
123456
19176
123456
19178
123456
19180
123456
19182
123456
19184
123456
19186
123456
19188
123456
19190
123456
19192
123456
19194
123456
19196
123456
19198
123456
19200
123456
19202
123456
19204
123456
19206
123456
19208
123456
19210
123456
19212
123456
19214
123456
19216
123456
19218
123456
19220
123456
19222
123456
19224
123456
19226
123456
19228
123456
19230
123456
19232
123456
19234
123456
19236
123456
19238
123456
19240
123456
19242
123456
19244
123456
19246
123456
19248
123456
19250
123456
19252
123456
19254
123456
19256
123456
19258
123456
19260
123456
19262
123456
19264
123456
19266
123456
19268
123456
19270
123456
19272
123456
19274
123456
19276
123456
19278
123456
19280
123456
19282
123456
19284
123456
19286
123456
19288
123456
19290
123456
19292
123456
19294
123456
19296
123456
19298
123456
19300
123456
19302
123456
19304
123456
19306
123456
19308
123456
19310
123456
19312
123456
19314
123456
19316
123456
19318
123456
19320
123456
19322
123456
19324
123456
19326
123456
19328
123456
19330
123456
19332
123456
19334
123456
19336
123456
19338
123456
19340
123456
19342
123456
19344
123456
19346
123456
19348
123456
19350
123456
19352
123456
19354
123456
19356
123456
19358
123456
19360
123456
19362
123456
19364
123456
19366
123456
19368
123456
19370
123456
19372
123456
19374
123456
19376
123456
19378
123456
19380
123456
19382
123456
19384
123456
19386
123456
19388
123456
19390
123456
19392
123456
19394
123456
19396
123456
19398
123456
19400
123456
19402
123456
19404
123456
19406
123456
19408
123456
19410
123456
19412
123456
19414
123456
19416
123456
19418
123456
19420
123456
19422
123456
19424
123456
19426
123456
19428
123456
19430
123456
19432
123456
19434
123456
19436
123456
19438
123456
19440
123456
19442
123456
19444
123456
19446
123456
19448
123456
19450
123456
19452
123456
19454
123456
19456
123456
19458
123456
19460
123456
19462
123456
19464
123456
19466
123456
19468
123456
19470
123456
19472
123456
19474
123456
19476
123456
19478
123456
19480
123456
19482
123456
19484
123456
19486
123456
19488
123456
19490
123456
19492
123456
19494
123456
19496
123456
19498
123456
19500
123456
19502
123456
19504
123456
19506
123456
19508
123456
19510
123456
19512
123456
19514
123456
19516
123456
19518
123456
19520
123456
19522
123456
19524
123456
19526
123456
19528
123456
19530
123456
19532
123456
19534
123456
19536
123456
19538
123456
19540
123456
19542
123456
19544
123456
19546
123456
19548
123456
19550
123456
19552
123456
19554
123456
19556
123456
19558
123456
19560
123456
19562
123456
19564
123456
19566
123456
19568
123456
19570
123456
19572
123456
19574
123456
19576
123456
19578
123456
19580
123456
19582
123456
19584
123456
19586
123456
19588
123456
19590
123456
19592
123456
19594
123456
19596
123456
19598
123456
19600
123456
19602
123456
19604
123456
19606
123456
19608
123456
19610
123456
19612
123456
19614
123456
19616
123456
19618
123456
19620
123456
19622
123456
19624
123456
19626
123456
19628
123456
19630
123456
19632
123456
19634
123456
19636
123456
19638
123456
19640
123456
19642
123456
19644
123456
19646
123456
19648
123456
19650
123456
19652
123456
19654
123456
19656
123456
19658
123456
19660
123456
19662
123456
19664
123456
19666
123456
19668
123456
19670
123456
19672
123456
19674
123456
19676
123456
19678
123456
19680
123456
19682
123456
19684
123456
19686
123456
19688
123456
19690
123456
19692
123456
19694
123456
19696
123456
19698
123456
19700
123456
19702
123456
19704
123456
19706
123456
19708
123456
19710
123456
19712
123456
19714
123456
19716
123456
19718
123456
19720
123456
19722
123456
19724
123456
19726
123456
19728
123456
19730
123456
19732
123456
19734
123456
19736
123456
19738
123456
19740
123456
19742
123456
19744
123456
19746
123456
19748
123456
19750
123456
19752
123456
19754
123456
19756
123456
19758
123456
19760
123456
19762
123456
19764
123456
19766
123456
19768
123456
19770
123456
19772
123456
19774
123456
19776
123456
19778
123456
19780
123456
19782
123456
19784
123456
19786
123456
19788
123456
19790
123456
19792
123456
19794
123456
19796
123456
19798
123456
19800
123456
19802
123456
19804
123456
19806
123456
19808
123456
19810
123456
19812
123456
19814
123456
19816
123456
19818
123456
19820
123456
19822
123456
19824
123456
19826
123456
19828
123456
19830
123456
19832
123456
19834
123456
19836
123456
19838
123456
19840
123456
19842
123456
19844
123456
19846
123456
19848
123456
19850
123456
19852
123456
19854
123456
19856
123456
19858
123456
19860
123456
19862
123456
19864
123456
19866
123456
19868
123456
19870
123456
19872
123456
19874
123456
19876
123456
19878
123456
19880
123456
19882
123456
19884
123456
19886
123456
19888
123456
19890
123456
19892
123456
19894
123456
19896
123456
19898
123456
19900
123456
19902
123456
19904
123456
19906
123456
19908
123456
19910
123456
19912
123456
19914
123456
19916
123456
19918
123456
19920
123456
19922
123456
19924
123456
19926
123456
19928
123456
19930
123456
19932
123456
19934
123456
19936
123456
19938
123456
19940
123456
19942
123456
19944
123456
19946
123456
19948
123456
19950
123456
19952
123456
19954
123456
19956
123456
19958
123456
19960
123456
19962
123456
19964
123456
19966
123456
19968
123456
19970
123456
19972
123456
19974
123456
19976
123456
19978
123456
19980
123456
19982
123456
19984
123456
19986
123456
19988
123456
19990
123456
19992
123456
19994
123456
19996
123456
19998
123456
20000
123456
20002
123456
20004
123456
20006
123456
20008
123456
20010
123456
20012
123456
20014
123456
20016
123456
20018
123456
20020
123456
20022
123456
20024
123456
20026
123456
20028
123456
20030
123456
20032
123456
20034
123456
20036
123456
20038
123456
20040
123456
20042
123456
20044
123456
20046
123456
20048
123456
20050
123456
20052
123456
20054
123456
20056
123456
20058
123456
20060
123456
20062
123456
20064
123456
20066
123456
20068
123456
20070
123456
20072
123456
20074
123456
20076
123456
20078
123456
20080
123456
20082
123456
20084
123456
20086
123456
20088
123456
20090
123456
20092
123456
20094
123456
20096
123456
20098
123456
20100
123456
20102
123456
20104
123456
20106
123456
20108
123456
20110
123456
20112
123456
20114
123456
20116
123456
20118
123456
20120
123456
20122
123456
20124
123456
20126
123456
20128
123456
20130
123456
20132
123456
20134
123456
20136
123456
20138
123456
20140
123456
20142
123456
20144
123456
20146
123456
20148
123456
20150
123456
20152
123456
20154
123456
20156
123456
20158
123456
20160
123456
20162
123456
20164
123456
20166
123456
20168
123456
20170
123456
20172
123456
20174
123456
20176
123456
20178
123456
20180
123456
20182
123456
20184
123456
20186
123456
20188
123456
20190
123456
20192
123456
20194
123456
20196
123456
20198
123456
20200
123456
20202
123456
20204
123456
20206
123456
20208
123456
20210
123456
20212
123456
20214
123456
20216
123456
20218
123456
20220
123456
20222
123456
20224
123456
20226
123456
20228
123456
20230
123456
20232
123456
20234
123456
20236
123456
20238
123456
20240
123456
20242
123456
20244
123456
20246
123456
20248
123456
20250
123456
20252
123456
20254
123456
20256
123456
20258
123456
20260
123456
20262
123456
20264
123456
20266
123456
20268
123456
20270
123456
20272
123456
20274
123456
20276
123456
20278
123456
20280
123456
20282
123456
20284
123456
20286
123456
20288
123456
20290
123456
20292
123456
20294
123456
20296
123456
20298
123456
20300
123456
20302
123456
20304
123456
20306
123456
20308
123456
20310
123456
20312
123456
20314
123456
20316
123456
20318
123456
20320
123456
20322
123456
20324
123456
20326
123456
20328
123456
20330
123456
20332
123456
20334
123456
20336
123456
20338
123456
20340
123456
20342
123456
20344
123456
20346
123456
20348
123456
20350
123456
20352
123456
20354
123456
20356
123456
20358
123456
20360
123456
20362
123456
20364
123456
20366
123456
20368
123456
20370
123456
20372
123456
20374
123456
20376
123456
20378
123456
20380
123456
20382
123456
20384
123456
20386
123456
20388
123456
20390
123456
20392
123456
20394
123456
20396
123456
20398
123456
20400
123456
20402
123456
20404
123456
20406
123456
20408
123456
20410
123456
20412
123456
20414
123456
20416
123456
20418
123456
20420
123456
20422
123456
20424
123456
20426
123456
20428
123456
20430
123456
20432
123456
20434
123456
20436
123456
20438
123456
20440
123456
20442
123456
20444
123456
20446
123456
20448
123456
20450
123456
20452
123456
20454
123456
20456
123456
20458
123456
20460
123456
20462
123456
20464
123456
20466
123456
20468
123456
20470
123456
20472
123456
20474
123456
20476
123456
20478
123456
20480
123456
20482
123456
20484
123456
20486
123456
20488
123456
20490
123456
20492
123456
20494
123456
20496
123456
20498
123456
20500
123456
20502
123456
20504
123456
20506
123456
20508
123456
20510
123456
20512
123456
20514
123456
20516
123456
20518
123456
20520
123456
20522
123456
20524
123456
20526
123456
20528
123456
20530
123456
20532
123456
20534
123456
20536
123456
20538
123456
20540
123456
20542
123456
20544
123456
20546
123456
20548
123456
20550
123456
20552
123456
20554
123456
20556
123456
20558
123456
20560
123456
20562
123456
20564
123456
20566
123456
20568
123456
20570
123456
20572
123456
20574
123456
20576
123456
20578
123456
20580
123456
20582
123456
20584
123456
20586
123456
20588
123456
20590
123456
20592
123456
20594
123456
20596
123456
20598
123456
20600
123456
20602
123456
20604
123456
20606
123456
20608
123456
20610
123456
20612
123456
20614
123456
20616
123456
20618
123456
20620
123456
20622
123456
20624
123456
20626
123456
20628
123456
20630
123456
20632
123456
20634
123456
20636
123456
20638
123456
20640
123456
20642
123456
20644
123456
20646
123456
20648
123456
20650
123456
20652
123456
20654
123456
20656
123456
20658
123456
20660
123456
20662
123456
20664
123456
20666
123456
20668
123456
20670
123456
20672
123456
20674
123456
20676
123456
20678
123456
20680
123456
20682
123456
20684
123456
20686
123456
20688
123456
20690
123456
20692
123456
20694
123456
20696
123456
20698
123456
20700
123456
20702
123456
20704
123456
20706
123456
20708
123456
20710
123456
20712
123456
20714
123456
20716
123456
20718
123456
20720
123456
20722
123456
20724
123456
20726
123456
20728
123456
20730
123456
20732
123456
20734
123456
20736
123456
20738
123456
20740
123456
20742
123456
20744
123456
20746
123456
20748
123456
20750
123456
20752
123456
20754
123456
20756
123456
20758
123456
20760
123456
20762
123456
20764
123456
20766
123456
20768
123456
20770
123456
20772
123456
20774
123456
20776
123456
20778
123456
20780
123456
20782
123456
20784
123456
20786
123456
20788
123456
20790
123456
20792
123456
20794
123456
20796
123456
20798
123456
20800
123456
20802
123456
20804
123456
20806
123456
20808
123456
20810
123456
20812
123456
20814
123456
20816
123456
20818
123456
20820
123456
20822
123456
20824
123456
20826
123456
20828
123456
20830
123456
20832
123456
20834
123456
20836
123456
20838
123456
20840
123456
20842
123456
20844
123456
20846
123456
20848
123456
20850
123456
20852
123456
20854
123456
20856
123456
20858
123456
20860
123456
20862
123456
20864
123456
20866
123456
20868
123456
20870
123456
20872
123456
20874
123456
20876
123456
20878
123456
20880
123456
20882
123456
20884
123456
20886
123456
20888
123456
20890
123456
20892
123456
20894
123456
20896
123456
20898
123456
20900
123456
20902
123456
20904
123456
20906
123456
20908
123456
20910
123456
20912
123456
20914
123456
20916
123456
20918
123456
20920
123456
20922
123456
20924
123456
20926
123456
20928
123456
20930
123456
20932
123456
20934
123456
20936
123456
20938
123456
20940
123456
20942
123456
20944
123456
20946
123456
20948
123456
20950
123456
20952
123456
20954
123456
20956
123456
20958
123456
20960
123456
20962
123456
20964
123456
20966
123456
20968
123456
20970
123456
20972
123456
20974
123456
20976
123456
20978
123456
20980
123456
20982
123456
20984
123456
20986
123456
20988
123456
20990
123456
20992
123456
20994
123456
20996
123456
20998
123456
21000
123456
21002
123456
21004
123456
21006
123456
21008
123456
21010
123456
21012
123456
21014
123456
21016
123456
21018
123456
21020
123456
21022
123456
21024
123456
21026
123456
21028
123456
21030
123456
21032
123456
21034
123456
21036
123456
21038
123456
21040
123456
21042
123456
21044
123456
21046
123456
21048
123456
21050
123456
21052
123456
21054
123456
21056
123456
21058
123456
21060
123456
21062
123456
21064
123456
21066
123456
21068
123456
21070
123456
21072
123456
21074
123456
21076
123456
21078
123456
21080
123456
21082
123456
21084
123456
21086
123456
21088
123456
21090
123456
21092
123456
21094
123456
21096
123456
21098
123456
21100
123456
21102
123456
21104
123456
21106
123456
21108
123456
21110
123456
21112
123456
21114
123456
21116
123456
21118
123456
21120
123456
21122
123456
21124
123456
21126
123456
21128
123456
21130
123456
21132
123456
21134
123456
21136
123456
21138
123456
21140
123456
21142
123456
21144
123456
21146
123456
21148
123456
21150
123456
21152
123456
21154
123456
21156
123456
21158
123456
21160
123456
21162
123456
21164
123456
21166
123456
21168
123456
21170
123456
21172
123456
21174
123456
21176
123456
21178
123456
21180
123456
21182
123456
21184
123456
21186
123456
21188
123456
21190
123456
21192
123456
21194
123456
21196
123456
21198
123456
21200
123456
21202
123456
21204
123456
21206
123456
21208
123456
21210
123456
21212
123456
21214
123456
21216
123456
21218
123456
21220
123456
21222
123456
21224
123456
21226
123456
21228
123456
21230
123456
21232
123456
21234
123456
21236
123456
21238
123456
21240
123456
21242
123456
21244
123456
21246
123456
21248
123456
21250
123456
21252
123456
21254
123456
21256
123456
21258
123456
21260
123456
21262
123456
21264
123456
21266
123456
21268
123456
21270
123456
21272
123456
21274
123456
21276
123456
21278
123456
21280
123456
21282
123456
21284
123456
21286
123456
21288
123456
21290
123456
21292
123456
21294
123456
21296
123456
21298
123456
21300
123456
21302
123456
21304
123456
21306
123456
21308
123456
21310
123456
21312
123456
21314
123456
21316
123456
21318
123456
21320
123456
21322
123456
21324
123456
21326
123456
21328
123456
21330
123456
21332
123456
21334
123456
21336
123456
21338
123456
21340
123456
21342
123456
21344
123456
21346
123456
21348
123456
21350
123456
21352
123456
21354
123456
21356
123456
21358
123456
21360
123456
21362
123456
21364
123456
21366
123456
21368
123456
21370
123456
21372
123456
21374
123456
21376
123456
21378
123456
21380
123456
21382
123456
21384
123456
21386
123456
21388
123456
21390
123456
21392
123456
21394
123456
21396
123456
21398
123456
21400
123456
21402
123456
21404
123456
21406
123456
21408
123456
21410
123456
21412
123456
21414
123456
21416
123456
21418
123456
21420
123456
21422
123456
21424
123456
21426
123456
21428
123456
21430
123456
21432
123456
21434
123456
21436
123456
21438
123456
21440
123456
21442
123456
21444
123456
21446
123456
21448
123456
21450
123456
21452
123456
21454
123456
21456
123456
21458
123456
21460
123456
21462
123456
21464
123456
21466
123456
21468
123456
21470
123456
21472
123456
21474
123456
21476
123456
21478
123456
21480
123456
21482
123456
21484
123456
21486
123456
21488
123456
21490
123456
21492
123456
21494
123456
21496
123456
21498
123456
21500
123456
21502
123456
21504
123456
21506
123456
21508
123456
21510
123456
21512
123456
21514
123456
21516
123456
21518
123456
21520
123456
21522
123456
21524
123456
21526
123456
21528
123456
21530
123456
21532
123456
21534
123456
21536
123456
21538
123456
21540
123456
21542
123456
21544
123456
21546
123456
21548
123456
21550
123456
21552
123456
21554
123456
21556
123456
21558
123456
21560
123456
21562
123456
21564
123456
21566
123456
21568
123456
21570
123456
21572
123456
21574
123456
21576
123456
21578
123456
21580
123456
21582
123456
21584
123456
21586
123456
21588
123456
21590
123456
21592
123456
21594
123456
21596
123456
21598
123456
21600
123456
21602
123456
21604
123456
21606
123456
21608
123456
21610
123456
21612
123456
21614
123456
21616
123456
21618
123456
21620
123456
21622
123456
21624
123456
21626
123456
21628
123456
21630
123456
21632
123456
21634
123456
21636
123456
21638
123456
21640
123456
21642
123456
21644
123456
21646
123456
21648
123456
21650
123456
21652
123456
21654
123456
21656
123456
21658
123456
21660
123456
21662
123456
21664
123456
21666
123456
21668
123456
21670
123456
21672
123456
21674
123456
21676
123456
21678
123456
21680
123456
21682
123456
21684
123456
21686
123456
21688
123456
21690
123456
21692
123456
21694
123456
21696
123456
21698
123456
21700
123456
21702
123456
21704
123456
21706
123456
21708
123456
21710
123456
21712
123456
21714
123456
21716
123456
21718
123456
21720
123456
21722
123456
21724
123456
21726
123456
21728
123456
21730
123456
21732
123456
21734
123456
21736
123456
21738
123456
21740
123456
21742
123456
21744
123456
21746
123456
21748
123456
21750
123456
21752
123456
21754
123456
21756
123456
21758
123456
21760
123456
21762
123456
21764
123456
21766
123456
21768
123456
21770
123456
21772
123456
21774
123456
21776
123456
21778
123456
21780
123456
21782
123456
21784
123456
21786
123456
21788
123456
21790
123456
21792
123456
21794
123456
21796
123456
21798
123456
21800
123456
21802
123456
21804
123456
21806
123456
21808
123456
21810
123456
21812
123456
21814
123456
21816
123456
21818
123456
21820
123456
21822
123456
21824
123456
21826
123456
21828
123456
21830
123456
21832
123456
21834
123456
21836
123456
21838
123456
21840
123456
21842
123456
21844
123456
21846
123456
21848
123456
21850
123456
21852
123456
21854
123456
21856
123456
21858
123456
21860
123456
21862
123456
21864
123456
21866
123456
21868
123456
21870
123456
21872
123456
21874
123456
21876
123456
21878
123456
21880
123456
21882
123456
21884
123456
21886
123456
21888
123456
21890
123456
21892
123456
21894
123456
21896
123456
21898
123456
21900
123456
21902
123456
21904
123456
21906
123456
21908
123456
21910
123456
21912
123456
21914
123456
21916
123456
21918
123456
21920
123456
21922
123456
21924
123456
21926
123456
21928
123456
21930
123456
21932
123456
21934
123456
21936
123456
21938
123456
21940
123456
21942
123456
21944
123456
21946
123456
21948
123456
21950
123456
21952
123456
21954
123456
21956
123456
21958
123456
21960
123456
21962
123456
21964
123456
21966
123456
21968
123456
21970
123456
21972
123456
21974
123456
21976
123456
21978
123456
21980
123456
21982
123456
21984
123456
21986
123456
21988
123456
21990
123456
21992
123456
21994
123456
21996
123456
21998
123456
22000
123456
22002
123456
22004
123456
22006
123456
22008
123456
22010
123456
22012
123456
22014
123456
22016
123456
22018
123456
22020
123456
22022
123456
22024
123456
22026
123456
22028
123456
22030
123456
22032
123456
22034
123456
22036
123456
22038
123456
22040
123456
22042
123456
22044
123456
22046
123456
22048
123456
22050
123456
22052
123456
22054
123456
22056
123456
22058
123456
22060
123456
22062
123456
22064
123456
22066
123456
22068
123456
22070
123456
22072
123456
22074
123456
22076
123456
22078
123456
22080
123456
22082
123456
22084
123456
22086
123456
22088
123456
22090
123456
22092
123456
22094
123456
22096
123456
22098
123456
22100
123456
22102
123456
22104
123456
22106
123456
22108
123456
22110
123456
22112
123456
22114
123456
22116
123456
22118
123456
22120
123456
22122
123456
22124
123456
22126
123456
22128
123456
22130
123456
22132
123456
22134
123456
22136
123456
22138
123456
22140
123456
22142
123456
22144
123456
22146
123456
22148
123456
22150
123456
22152
123456
22154
123456
22156
123456
22158
123456
22160
123456
22162
123456
22164
123456
22166
123456
22168
123456
22170
123456
22172
123456
22174
123456
22176
123456
22178
123456
22180
123456
22182
123456
22184
123456
22186
123456
22188
123456
22190
123456
22192
123456
22194
123456
22196
123456
22198
123456
22200
123456
22202
123456
22204
123456
22206
123456
22208
123456
22210
123456
22212
123456
22214
123456
22216
123456
22218
123456
22220
123456
22222
123456
22224
123456
22226
123456
22228
123456
22230
123456
22232
123456
22234
123456
22236
123456
22238
123456
22240
123456
22242
123456
22244
123456
22246
123456
22248
123456
22250
123456
22252
123456
22254
123456
22256
123456
22258
123456
22260
123456
22262
123456
22264
123456
22266
123456
22268
123456
22270
123456
22272
123456
22274
123456
22276
123456
22278
123456
22280
123456
22282
123456
22284
123456
22286
123456
22288
123456
22290
123456
22292
123456
22294
123456
22296
123456
22298
123456
22300
123456
22302
123456
22304
123456
22306
123456
22308
123456
22310
123456
22312
123456
22314
123456
22316
123456
22318
123456
22320
123456
22322
123456
22324
123456
22326
123456
22328
123456
22330
123456
22332
123456
22334
123456
22336
123456
22338
123456
22340
123456
22342
123456
22344
123456
22346
123456
22348
123456
22350
123456
22352
123456
22354
123456
22356
123456
22358
123456
22360
123456
22362
123456
22364
123456
22366
123456
22368
123456
22370
123456
22372
123456
22374
123456
22376
123456
22378
123456
22380
123456
22382
123456
22384
123456
22386
123456
22388
123456
22390
123456
22392
123456
22394
123456
22396
123456
22398
123456
22400
123456
22402
123456
22404
123456
22406
123456
22408
123456
22410
123456
22412
123456
22414
123456
22416
123456
22418
123456
22420
123456
22422
123456
22424
123456
22426
123456
22428
123456
22430
123456
22432
123456
22434
123456
22436
123456
22438
123456
22440
123456
22442
123456
22444
123456
22446
123456
22448
123456
22450
123456
22452
123456
22454
123456
22456
123456
22458
123456
22460
123456
22462
123456
22464
123456
22466
123456
22468
123456
22470
123456
22472
123456
22474
123456
22476
123456
22478
123456
22480
123456
22482
123456
22484
123456
22486
123456
22488
123456
22490
123456
22492
123456
22494
123456
22496
123456
22498
123456
22500
123456
22502
123456
22504
123456
22506
123456
22508
123456
22510
123456
22512
123456
22514
123456
22516
123456
22518
123456
22520
123456
22522
123456
22524
123456
22526
123456
22528
123456
22530
123456
22532
123456
22534
123456
22536
123456
22538
123456
22540
123456
22542
123456
22544
123456
22546
123456
22548
123456
22550
123456
22552
123456
22554
123456
22556
123456
22558
123456
22560
123456
22562
123456
22564
123456
22566
123456
22568
123456
22570
123456
22572
123456
22574
123456
22576
123456
22578
123456
22580
123456
22582
123456
22584
123456
22586
123456
22588
123456
22590
123456
22592
123456
22594
123456
22596
123456
22598
123456
22600
123456
22602
123456
22604
123456
22606
123456
22608
123456
22610
123456
22612
123456
22614
123456
22616
123456
22618
123456
22620
123456
22622
123456
22624
123456
22626
123456
22628
123456
22630
123456
22632
123456
22634
123456
22636
123456
22638
123456
22640
123456
22642
123456
22644
123456
22646
123456
22648
123456
22650
123456
22652
123456
22654
123456
22656
123456
22658
123456
22660
123456
22662
123456
22664
123456
22666
123456
22668
123456
22670
123456
22672
123456
22674
123456
22676
123456
22678
123456
22680
123456
22682
123456
22684
123456
22686
123456
22688
123456
22690
123456
22692
123456
22694
123456
22696
123456
22698
123456
22700
123456
22702
123456
22704
123456
22706
123456
22708
123456
22710
123456
22712
123456
22714
123456
22716
123456
22718
123456
22720
123456
22722
123456
22724
123456
22726
123456
22728
123456
22730
123456
22732
123456
22734
123456
22736
123456
22738
123456
22740
123456
22742
123456
22744
123456
22746
123456
22748
123456
22750
123456
22752
123456
22754
123456
22756
123456
22758
123456
22760
123456
22762
123456
22764
123456
22766
123456
22768
123456
22770
123456
22772
123456
22774
123456
22776
123456
22778
123456
22780
123456
22782
123456
22784
123456
22786
123456
22788
123456
22790
123456
22792
123456
22794
123456
22796
123456
22798
123456
22800
123456
22802
123456
22804
123456
22806
123456
22808
123456
22810
123456
22812
123456
22814
123456
22816
123456
22818
123456
22820
123456
22822
123456
22824
123456
22826
123456
22828
123456
22830
123456
22832
123456
22834
123456
22836
123456
22838
123456
22840
123456
22842
123456
22844
123456
22846
123456
22848
123456
22850
123456
22852
123456
22854
123456
22856
123456
22858
123456
22860
123456
22862
123456
22864
123456
22866
123456
22868
123456
22870
123456
22872
123456
22874
123456
22876
123456
22878
123456
22880
123456
22882
123456
22884
123456
22886
123456
22888
123456
22890
123456
22892
123456
22894
123456
22896
123456
22898
123456
22900
123456
22902
123456
22904
123456
22906
123456
22908
123456
22910
123456
22912
123456
22914
123456
22916
123456
22918
123456
22920
123456
22922
123456
22924
123456
22926
123456
22928
123456
22930
123456
22932
123456
22934
123456
22936
123456
22938
123456
22940
123456
22942
123456
22944
123456
22946
123456
22948
123456
22950
123456
22952
123456
22954
123456
22956
123456
22958
123456
22960
123456
22962
123456
22964
123456
22966
123456
22968
123456
22970
123456
22972
123456
22974
123456
22976
123456
22978
123456
22980
123456
22982
123456
22984
123456
22986
123456
22988
123456
22990
123456
22992
123456
22994
123456
22996
123456
22998
123456
23000
123456
23002
123456
23004
123456
23006
123456
23008
123456
23010
123456
23012
123456
23014
123456
23016
123456
23018
123456
23020
123456
23022
123456
23024
123456
23026
123456
23028
123456
23030
123456
23032
123456
23034
123456
23036
123456
23038
123456
23040
123456
23042
123456
23044
123456
23046
123456
23048
123456
23050
123456
23052
123456
23054
123456
23056
123456
23058
123456
23060
123456
23062
123456
23064
123456
23066
123456
23068
123456
23070
123456
23072
123456
23074
123456
23076
123456
23078
123456
23080
123456
23082
123456
23084
123456
23086
123456
23088
123456
23090
123456
23092
123456
23094
123456
23096
123456
23098
123456
23100
123456
23102
123456
23104
123456
23106
123456
23108
123456
23110
123456
23112
123456
23114
123456
23116
123456
23118
123456
23120
123456
23122
123456
23124
123456
23126
123456
23128
123456
23130
123456
23132
123456
23134
123456
23136
123456
23138
123456
23140
123456
23142
123456
23144
123456
23146
123456
23148
123456
23150
123456
23152
123456
23154
123456
23156
123456
23158
123456
23160
123456
23162
123456
23164
123456
23166
123456
23168
123456
23170
123456
23172
123456
23174
123456
23176
123456
23178
123456
23180
123456
23182
123456
23184
123456
23186
123456
23188
123456
23190
123456
23192
123456
23194
123456
23196
123456
23198
123456
23200
123456
23202
123456
23204
123456
23206
123456
23208
123456
23210
123456
23212
123456
23214
123456
23216
123456
23218
123456
23220
123456
23222
123456
23224
123456
23226
123456
23228
123456
23230
123456
23232
123456
23234
123456
23236
123456
23238
123456
23240
123456
23242
123456
23244
123456
23246
123456
23248
123456
23250
123456
23252
123456
23254
123456
23256
123456
23258
123456
23260
123456
23262
123456
23264
123456
23266
123456
23268
123456
23270
123456
23272
123456
23274
123456
23276
123456
23278
123456
23280
123456
23282
123456
23284
123456
23286
123456
23288
123456
23290
123456
23292
123456
23294
123456
23296
123456
23298
123456
23300
123456
23302
123456
23304
123456
23306
123456
23308
123456
23310
123456
23312
123456
23314
123456
23316
123456
23318
123456
23320
123456
23322
123456
23324
123456
23326
123456
23328
123456
23330
123456
23332
123456
23334
123456
23336
123456
23338
123456
23340
123456
23342
123456
23344
123456
23346
123456
23348
123456
23350
123456
23352
123456
23354
123456
23356
123456
23358
123456
23360
123456
23362
123456
23364
123456
23366
123456
23368
123456
23370
123456
23372
123456
23374
123456
23376
123456
23378
123456
23380
123456
23382
123456
23384
123456
23386
123456
23388
123456
23390
123456
23392
123456
23394
123456
23396
123456
23398
123456
23400
123456
23402
123456
23404
123456
23406
123456
23408
123456
23410
123456
23412
123456
23414
123456
23416
123456
23418
123456
23420
123456
23422
123456
23424
123456
23426
123456
23428
123456
23430
123456
23432
123456
23434
123456
23436
123456
23438
123456
23440
123456
23442
123456
23444
123456
23446
123456
23448
123456
23450
123456
23452
123456
23454
123456
23456
123456
23458
123456
23460
123456
23462
123456
23464
123456
23466
123456
23468
123456
23470
123456
23472
123456
23474
123456
23476
123456
23478
123456
23480
123456
23482
123456
23484
123456
23486
123456
23488
123456
23490
123456
23492
123456
23494
123456
23496
123456
23498
123456
23500
123456
23502
123456
23504
123456
23506
123456
23508
123456
23510
123456
23512
123456
23514
123456
23516
123456
23518
123456
23520
123456
23522
123456
23524
123456
23526
123456
23528
123456
23530
123456
23532
123456
23534
123456
23536
123456
23538
123456
23540
123456
23542
123456
23544
123456
23546
123456
23548
123456
23550
123456
23552
123456
23554
123456
23556
123456
23558
123456
23560
123456
23562
123456
23564
123456
23566
123456
23568
123456
23570
123456
23572
123456
23574
123456
23576
123456
23578
123456
23580
123456
23582
123456
23584
123456
23586
123456
23588
123456
23590
123456
23592
123456
23594
123456
23596
123456
23598
123456
23600
123456
23602
123456
23604
123456
23606
123456
23608
123456
23610
123456
23612
123456
23614
123456
23616
123456
23618
123456
23620
123456
23622
123456
23624
123456
23626
123456
23628
123456
23630
123456
23632
123456
23634
123456
23636
123456
23638
123456
23640
123456
23642
123456
23644
123456
23646
123456
23648
123456
23650
123456
23652
123456
23654
123456
23656
123456
23658
123456
23660
123456
23662
123456
23664
123456
23666
123456
23668
123456
23670
123456
23672
123456
23674
123456
23676
123456
23678
123456
23680
123456
23682
123456
23684
123456
23686
123456
23688
123456
23690
123456
23692
123456
23694
123456
23696
123456
23698
123456
23700
123456
23702
123456
23704
123456
23706
123456
23708
123456
23710
123456
23712
123456
23714
123456
23716
123456
23718
123456
23720
123456
23722
123456
23724
123456
23726
123456
23728
123456
23730
123456
23732
123456
23734
123456
23736
123456
23738
123456
23740
123456
23742
123456
23744
123456
23746
123456
23748
123456
23750
123456
23752
123456
23754
123456
23756
123456
23758
123456
23760
123456
23762
123456
23764
123456
23766
123456
23768
123456
23770
123456
23772
123456
23774
123456
23776
123456
23778
123456
23780
123456
23782
123456
23784
123456
23786
123456
23788
123456
23790
123456
23792
123456
23794
123456
23796
123456
23798
123456
23800
123456
23802
123456
23804
123456
23806
123456
23808
123456
23810
123456
23812
123456
23814
123456
23816
123456
23818
123456
23820
123456
23822
123456
23824
123456
23826
123456
23828
123456
23830
123456
23832
123456
23834
123456
23836
123456
23838
123456
23840
123456
23842
123456
23844
123456
23846
123456
23848
123456
23850
123456
23852
123456
23854
123456
23856
123456
23858
123456
23860
123456
23862
123456
23864
123456
23866
123456
23868
123456
23870
123456
23872
123456
23874
123456
23876
123456
23878
123456
23880
123456
23882
123456
23884
123456
23886
123456
23888
123456
23890
123456
23892
123456
23894
123456
23896
123456
23898
123456
23900
123456
23902
123456
23904
123456
23906
123456
23908
123456
23910
123456
23912
123456
23914
123456
23916
123456
23918
123456
23920
123456
23922
123456
23924
123456
23926
123456
23928
123456
23930
123456
23932
123456
23934
123456
23936
123456
23938
123456
23940
123456
23942
123456
23944
123456
23946
123456
23948
123456
23950
123456
23952
123456
23954
123456
23956
123456
23958
123456
23960
123456
23962
123456
23964
123456
23966
123456
23968
123456
23970
123456
23972
123456
23974
123456
23976
123456
23978
123456
23980
123456
23982
123456
23984
123456
23986
123456
23988
123456
23990
123456
23992
123456
23994
123456
23996
123456
23998
123456
24000
123456
24002
123456
24004
123456
24006
123456
24008
123456
24010
123456
24012
123456
24014
123456
24016
123456
24018
123456
24020
123456
24022
123456
24024
123456
24026
123456
24028
123456
24030
123456
24032
123456
24034
123456
24036
123456
24038
123456
24040
123456
24042
123456
24044
123456
24046
123456
24048
123456
24050
123456
24052
123456
24054
123456
24056
123456
24058
123456
24060
123456
24062
123456
24064
123456
24066
123456
24068
123456
24070
123456
24072
123456
24074
123456
24076
123456
24078
123456
24080
123456
24082
123456
24084
123456
24086
123456
24088
123456
24090
123456
24092
123456
24094
123456
24096
123456
24098
123456
24100
123456
24102
123456
24104
123456
24106
123456
24108
123456
24110
123456
24112
123456
24114
123456
24116
123456
24118
123456
24120
123456
24122
123456
24124
123456
24126
123456
24128
123456
24130
123456
24132
123456
24134
123456
24136
123456
24138
123456
24140
123456
24142
123456
24144
123456
24146
123456
24148
123456
24150
123456
24152
123456
24154
123456
24156
123456
24158
123456
24160
123456
24162
123456
24164
123456
24166
123456
24168
123456
24170
123456
24172
123456
24174
123456
24176
123456
24178
123456
24180
123456
24182
123456
24184
123456
24186
123456
24188
123456
24190
123456
24192
123456
24194
123456
24196
123456
24198
123456
24200
123456
24202
123456
24204
123456
24206
123456
24208
123456
24210
123456
24212
123456
24214
123456
24216
123456
24218
123456
24220
123456
24222
123456
24224
123456
24226
123456
24228
123456
24230
123456
24232
123456
24234
123456
24236
123456
24238
123456
24240
123456
24242
123456
24244
123456
24246
123456
24248
123456
24250
123456
24252
123456
24254
123456
24256
123456
24258
123456
24260
123456
24262
123456
24264
123456
24266
123456
24268
123456
24270
123456
24272
123456
24274
123456
24276
123456
24278
123456
24280
123456
24282
123456
24284
123456
24286
123456
24288
123456
24290
123456
24292
123456
24294
123456
24296
123456
24298
123456
24300
123456
24302
123456
24304
123456
24306
123456
24308
123456
24310
123456
24312
123456
24314
123456
24316
123456
24318
123456
24320
123456
24322
123456
24324
123456
24326
123456
24328
123456
24330
123456
24332
123456
24334
123456
24336
123456
24338
123456
24340
123456
24342
123456
24344
123456
24346
123456
24348
123456
24350
123456
24352
123456
24354
123456
24356
123456
24358
123456
24360
123456
24362
123456
24364
123456
24366
123456
24368
123456
24370
123456
24372
123456
24374
123456
24376
123456
24378
123456
24380
123456
24382
123456
24384
123456
24386
123456
24388
123456
24390
123456
24392
123456
24394
123456
24396
123456
24398
123456
24400
123456
24402
123456
24404
123456
24406
123456
24408
123456
24410
123456
24412
123456
24414
123456
24416
123456
24418
123456
24420
123456
24422
123456
24424
123456
24426
123456
24428
123456
24430
123456
24432
123456
24434
123456
24436
123456
24438
123456
24440
123456
24442
123456
24444
123456
24446
123456
24448
123456
24450
123456
24452
123456
24454
123456
24456
123456
24458
123456
24460
123456
24462
123456
24464
123456
24466
123456
24468
123456
24470
123456
24472
123456
24474
123456
24476
123456
24478
123456
24480
123456
24482
123456
24484
123456
24486
123456
24488
123456
24490
123456
24492
123456
24494
123456
24496
123456
24498
123456
24500
123456
24502
123456
24504
123456
24506
123456
24508
123456
24510
123456
24512
123456
24514
123456
24516
123456
24518
123456
24520
123456
24522
123456
24524
123456
24526
123456
24528
123456
24530
123456
24532
123456
24534
123456
24536
123456
24538
123456
24540
123456
24542
123456
24544
123456
24546
123456
24548
123456
24550
123456
24552
123456
24554
123456
24556
123456
24558
123456
24560
123456
24562
123456
24564
123456
24566
123456
24568
123456
24570
123456
24572
123456
24574
123456
24576
123456
24578
123456
24580
123456
24582
123456
24584
123456
24586
123456
24588
123456
24590
123456
24592
123456
24594
123456
24596
123456
24598
123456
24600
123456
24602
123456
24604
123456
24606
123456
24608
123456
24610
123456
24612
123456
24614
123456
24616
123456
24618
123456
24620
123456
24622
123456
24624
123456
24626
123456
24628
123456
24630
123456
24632
123456
24634
123456
24636
123456
24638
123456
24640
123456
24642
123456
24644
123456
24646
123456
24648
123456
24650
123456
24652
123456
24654
123456
24656
123456
24658
123456
24660
123456
24662
123456
24664
123456
24666
123456
24668
123456
24670
123456
24672
123456
24674
123456
24676
123456
24678
123456
24680
123456
24682
123456
24684
123456
24686
123456
24688
123456
24690
123456
24692
123456
24694
123456
24696
123456
24698
123456
24700
123456
24702
123456
24704
123456
24706
123456
24708
123456
24710
123456
24712
123456
24714
123456
24716
123456
24718
123456
24720
123456
24722
123456
24724
123456
24726
123456
24728
123456
24730
123456
24732
123456
24734
123456
24736
123456
24738
123456
24740
123456
24742
123456
24744
123456
24746
123456
24748
123456
24750
123456
24752
123456
24754
123456
24756
123456
24758
123456
24760
123456
24762
123456
24764
123456
24766
123456
24768
123456
24770
123456
24772
123456
24774
123456
24776
123456
24778
123456
24780
123456
24782
123456
24784
123456
24786
123456
24788
123456
24790
123456
24792
123456
24794
123456
24796
123456
24798
123456
24800
123456
24802
123456
24804
123456
24806
123456
24808
123456
24810
123456
24812
123456
24814
123456
24816
123456
24818
123456
24820
123456
24822
123456
24824
123456
24826
123456
24828
123456
24830
123456
24832
123456
24834
123456
24836
123456
24838
123456
24840
123456
24842
123456
24844
123456
24846
123456
24848
123456
24850
123456
24852
123456
24854
123456
24856
123456
24858
123456
24860
123456
24862
123456
24864
123456
24866
123456
24868
123456
24870
123456
24872
123456
24874
123456
24876
123456
24878
123456
24880
123456
24882
123456
24884
123456
24886
123456
24888
123456
24890
123456
24892
123456
24894
123456
24896
123456
24898
123456
24900
123456
24902
123456
24904
123456
24906
123456
24908
123456
24910
123456
24912
123456
24914
123456
24916
123456
24918
123456
24920
123456
24922
123456
24924
123456
24926
123456
24928
123456
24930
123456
24932
123456
24934
123456
24936
123456
24938
123456
24940
123456
24942
123456
24944
123456
24946
123456
24948
123456
24950
123456
24952
123456
24954
123456
24956
123456
24958
123456
24960
123456
24962
123456
24964
123456
24966
123456
24968
123456
24970
123456
24972
123456
24974
123456
24976
123456
24978
123456
24980
123456
24982
123456
24984
123456
24986
123456
24988
123456
24990
123456
24992
123456
24994
123456
24996
123456
24998
123456
25000
123456
25002
123456
25004
123456
25006
123456
25008
123456
25010
123456
25012
123456
25014
123456
25016
123456
25018
123456
25020
123456
25022
123456
25024
123456
25026
123456
25028
123456
25030
123456
25032
123456
25034
123456
25036
123456
25038
123456
25040
123456
25042
123456
25044
123456
25046
123456
25048
123456
25050
123456
25052
123456
25054
123456
25056
123456
25058
123456
25060
123456
25062
123456
25064
123456
25066
123456
25068
123456
25070
123456
25072
123456
25074
123456
25076
123456
25078
123456
25080
123456
25082
123456
25084
123456
25086
123456
25088
123456
25090
123456
25092
123456
25094
123456
25096
123456
25098
123456
25100
123456
25102
123456
25104
123456
25106
123456
25108
123456
25110
123456
25112
123456
25114
123456
25116
123456
25118
123456
25120
123456
25122
123456
25124
123456
25126
123456
25128
123456
25130
123456
25132
123456
25134
123456
25136
123456
25138
123456
25140
123456
25142
123456
25144
123456
25146
123456
25148
123456
25150
123456
25152
123456
25154
123456
25156
123456
25158
123456
25160
123456
25162
123456
25164
123456
25166
123456
25168
123456
25170
123456
25172
123456
25174
123456
25176
123456
25178
123456
25180
123456
25182
123456
25184
123456
25186
123456
25188
123456
25190
123456
25192
123456
25194
123456
25196
123456
25198
123456
25200
123456
25202
123456
25204
123456
25206
123456
25208
123456
25210
123456
25212
123456
25214
123456
25216
123456
25218
123456
25220
123456
25222
123456
25224
123456
25226
123456
25228
123456
25230
123456
25232
123456
25234
123456
25236
123456
25238
123456
25240
123456
25242
123456
25244
123456
25246
123456
25248
123456
25250
123456
25252
123456
25254
123456
25256
123456
25258
123456
25260
123456
25262
123456
25264
123456
25266
123456
25268
123456
25270
123456
25272
123456
25274
123456
25276
123456
25278
123456
25280
123456
25282
123456
25284
123456
25286
123456
25288
123456
25290
123456
25292
123456
25294
123456
25296
123456
25298
123456
25300
123456
25302
123456
25304
123456
25306
123456
25308
123456
25310
123456
25312
123456
25314
123456
25316
123456
25318
123456
25320
123456
25322
123456
25324
123456
25326
123456
25328
123456
25330
123456
25332
123456
25334
123456
25336
123456
25338
123456
25340
123456
25342
123456
25344
123456
25346
123456
25348
123456
25350
123456
25352
123456
25354
123456
25356
123456
25358
123456
25360
123456
25362
123456
25364
123456
25366
123456
25368
123456
25370
123456
25372
123456
25374
123456
25376
123456
25378
123456
25380
123456
25382
123456
25384
123456
25386
123456
25388
123456
25390
123456
25392
123456
25394
123456
25396
123456
25398
123456
25400
123456
25402
123456
25404
123456
25406
123456
25408
123456
25410
123456
25412
123456
25414
123456
25416
123456
25418
123456
25420
123456
25422
123456
25424
123456
25426
123456
25428
123456
25430
123456
25432
123456
25434
123456
25436
123456
25438
123456
25440
123456
25442
123456
25444
123456
25446
123456
25448
123456
25450
123456
25452
123456
25454
123456
25456
123456
25458
123456
25460
123456
25462
123456
25464
123456
25466
123456
25468
123456
25470
123456
25472
123456
25474
123456
25476
123456
25478
123456
25480
123456
25482
123456
25484
123456
25486
123456
25488
123456
25490
123456
25492
123456
25494
123456
25496
123456
25498
123456
25500
123456
25502
123456
25504
123456
25506
123456
25508
123456
25510
123456
25512
123456
25514
123456
25516
123456
25518
123456
25520
123456
25522
123456
25524
123456
25526
123456
25528
123456
25530
123456
25532
123456
25534
123456
25536
123456
25538
123456
25540
123456
25542
123456
25544
123456
25546
123456
25548
123456
25550
123456
25552
123456
25554
123456
25556
123456
25558
123456
25560
123456
25562
123456
25564
123456
25566
123456
25568
123456
25570
123456
25572
123456
25574
123456
25576
123456
25578
123456
25580
123456
25582
123456
25584
123456
25586
123456
25588
123456
25590
123456
25592
123456
25594
123456
25596
123456
25598
123456
25600
123456
25602
123456
25604
123456
25606
123456
25608
123456
25610
123456
25612
123456
25614
123456
25616
123456
25618
123456
25620
123456
25622
123456
25624
123456
25626
123456
25628
123456
25630
123456
25632
123456
25634
123456
25636
123456
25638
123456
25640
123456
25642
123456
25644
123456
25646
123456
25648
123456
25650
123456
25652
123456
25654
123456
25656
123456
25658
123456
25660
123456
25662
123456
25664
123456
25666
123456
25668
123456
25670
123456
25672
123456
25674
123456
25676
123456
25678
123456
25680
123456
25682
123456
25684
123456
25686
123456
25688
123456
25690
123456
25692
123456
25694
123456
25696
123456
25698
123456
25700
123456
25702
123456
25704
123456
25706
123456
25708
123456
25710
123456
25712
123456
25714
123456
25716
123456
25718
123456
25720
123456
25722
123456
25724
123456
25726
123456
25728
123456
25730
123456
25732
123456
25734
123456
25736
123456
25738
123456
25740
123456
25742
123456
25744
123456
25746
123456
25748
123456
25750
123456
25752
123456
25754
123456
25756
123456
25758
123456
25760
123456
25762
123456
25764
123456
25766
123456
25768
123456
25770
123456
25772
123456
25774
123456
25776
123456
25778
123456
25780
123456
25782
123456
25784
123456
25786
123456
25788
123456
25790
123456
25792
123456
25794
123456
25796
123456
25798
123456
25800
123456
25802
123456
25804
123456
25806
123456
25808
123456
25810
123456
25812
123456
25814
123456
25816
123456
25818
123456
25820
123456
25822
123456
25824
123456
25826
123456
25828
123456
25830
123456
25832
123456
25834
123456
25836
123456
25838
123456
25840
123456
25842
123456
25844
123456
25846
123456
25848
123456
25850
123456
25852
123456
25854
123456
25856
123456
25858
123456
25860
123456
25862
123456
25864
123456
25866
123456
25868
123456
25870
123456
25872
123456
25874
123456
25876
123456
25878
123456
25880
123456
25882
123456
25884
123456
25886
123456
25888
123456
25890
123456
25892
123456
25894
123456
25896
123456
25898
123456
25900
123456
25902
123456
25904
123456
25906
123456
25908
123456
25910
123456
25912
123456
25914
123456
25916
123456
25918
123456
25920
123456
25922
123456
25924
123456
25926
123456
25928
123456
25930
123456
25932
123456
25934
123456
25936
123456
25938
123456
25940
123456
25942
123456
25944
123456
25946
123456
25948
123456
25950
123456
25952
123456
25954
123456
25956
123456
25958
123456
25960
123456
25962
123456
25964
123456
25966
123456
25968
123456
25970
123456
25972
123456
25974
123456
25976
123456
25978
123456
25980
123456
25982
123456
25984
123456
25986
123456
25988
123456
25990
123456
25992
123456
25994
123456
25996
123456
25998
123456
26000
123456
26002
123456
26004
123456
26006
123456
26008
123456
26010
123456
26012
123456
26014
123456
26016
123456
26018
123456
26020
123456
26022
123456
26024
123456
26026
123456
26028
123456
26030
123456
26032
123456
26034
123456
26036
123456
26038
123456
26040
123456
26042
123456
26044
123456
26046
123456
26048
123456
26050
123456
26052
123456
26054
123456
26056
123456
26058
123456
26060
123456
26062
123456
26064
123456
26066
123456
26068
123456
26070
123456
26072
123456
26074
123456
26076
123456
26078
123456
26080
123456
26082
123456
26084
123456
26086
123456
26088
123456
26090
123456
26092
123456
26094
123456
26096
123456
26098
123456
26100
123456
26102
123456
26104
123456
26106
123456
26108
123456
26110
123456
26112
123456
26114
123456
26116
123456
26118
123456
26120
123456
26122
123456
26124
123456
26126
123456
26128
123456
26130
123456
26132
123456
26134
123456
26136
123456
26138
123456
26140
123456
26142
123456
26144
123456
26146
123456
26148
123456
26150
123456
26152
123456
26154
123456
26156
123456
26158
123456
26160
123456
26162
123456
26164
123456
26166
123456
26168
123456
26170
123456
26172
123456
26174
123456
26176
123456
26178
123456
26180
123456
26182
123456
26184
123456
26186
123456
26188
123456
26190
123456
26192
123456
26194
123456
26196
123456
26198
123456
26200
123456
26202
123456
26204
123456
26206
123456
26208
123456
26210
123456
26212
123456
26214
123456
26216
123456
26218
123456
26220
123456
26222
123456
26224
123456
26226
123456
26228
123456
26230
123456
26232
123456
26234
123456
26236
123456
26238
123456
26240
123456
26242
123456
26244
123456
26246
123456
26248
123456
26250
123456
26252
123456
26254
123456
26256
123456
26258
123456
26260
123456
26262
123456
26264
123456
26266
123456
26268
123456
26270
123456
26272
123456
26274
123456
26276
123456
26278
123456
26280
123456
26282
123456
26284
123456
26286
123456
26288
123456
26290
123456
26292
123456
26294
123456
26296
123456
26298
123456
26300
123456
26302
123456
26304
123456
26306
123456
26308
123456
26310
123456
26312
123456
26314
123456
26316
123456
26318
123456
26320
123456
26322
123456
26324
123456
26326
123456
26328
123456
26330
123456
26332
123456
26334
123456
26336
123456
26338
123456
26340
123456
26342
123456
26344
123456
26346
123456
26348
123456
26350
123456
26352
123456
26354
123456
26356
123456
26358
123456
26360
123456
26362
123456
26364
123456
26366
123456
26368
123456
26370
123456
26372
123456
26374
123456
26376
123456
26378
123456
26380
123456
26382
123456
26384
123456
26386
123456
26388
123456
26390
123456
26392
123456
26394
123456
26396
123456
26398
123456
26400
123456
26402
123456
26404
123456
26406
123456
26408
123456
26410
123456
26412
123456
26414
123456
26416
123456
26418
123456
26420
123456
26422
123456
26424
123456
26426
123456
26428
123456
26430
123456
26432
123456
26434
123456
26436
123456
26438
123456
26440
123456
26442
123456
26444
123456
26446
123456
26448
123456
26450
123456
26452
123456
26454
123456
26456
123456
26458
123456
26460
123456
26462
123456
26464
123456
26466
123456
26468
123456
26470
123456
26472
123456
26474
123456
26476
123456
26478
123456
26480
123456
26482
123456
26484
123456
26486
123456
26488
123456
26490
123456
26492
123456
26494
123456
26496
123456
26498
123456
26500
123456
26502
123456
26504
123456
26506
123456
26508
123456
26510
123456
26512
123456
26514
123456
26516
123456
26518
123456
26520
123456
26522
123456
26524
123456
26526
123456
26528
123456
26530
123456
26532
123456
26534
123456
26536
123456
26538
123456
26540
123456
26542
123456
26544
123456
26546
123456
26548
123456
26550
123456
26552
123456
26554
123456
26556
123456
26558
123456
26560
123456
26562
123456
26564
123456
26566
123456
26568
123456
26570
123456
26572
123456
26574
123456
26576
123456
26578
123456
26580
123456
26582
123456
26584
123456
26586
123456
26588
123456
26590
123456
26592
123456
26594
123456
26596
123456
26598
123456
26600
123456
26602
123456
26604
123456
26606
123456
26608
123456
26610
123456
26612
123456
26614
123456
26616
123456
26618
123456
26620
123456
26622
123456
26624
123456
26626
123456
26628
123456
26630
123456
26632
123456
26634
123456
26636
123456
26638
123456
26640
123456
26642
123456
26644
123456
26646
123456
26648
123456
26650
123456
26652
123456
26654
123456
26656
123456
26658
123456
26660
123456
26662
123456
26664
123456
26666
123456
26668
123456
26670
123456
26672
123456
26674
123456
26676
123456
26678
123456
26680
123456
26682
123456
26684
123456
26686
123456
26688
123456
26690
123456
26692
123456
26694
123456
26696
123456
26698
123456
26700
123456
26702
123456
26704
123456
26706
123456
26708
123456
26710
123456
26712
123456
26714
123456
26716
123456
26718
123456
26720
123456
26722
123456
26724
123456
26726
123456
26728
123456
26730
123456
26732
123456
26734
123456
26736
123456
26738
123456
26740
123456
26742
123456
26744
123456
26746
123456
26748
123456
26750
123456
26752
123456
26754
123456
26756
123456
26758
123456
26760
123456
26762
123456
26764
123456
26766
123456
26768
123456
26770
123456
26772
123456
26774
123456
26776
123456
26778
123456
26780
123456
26782
123456
26784
123456
26786
123456
26788
123456
26790
123456
26792
123456
26794
123456
26796
123456
26798
123456
26800
123456
26802
123456
26804
123456
26806
123456
26808
123456
26810
123456
26812
123456
26814
123456
26816
123456
26818
123456
26820
123456
26822
123456
26824
123456
26826
123456
26828
123456
26830
123456
26832
123456
26834
123456
26836
123456
26838
123456
26840
123456
26842
123456
26844
123456
26846
123456
26848
123456
26850
123456
26852
123456
26854
123456
26856
123456
26858
123456
26860
123456
26862
123456
26864
123456
26866
123456
26868
123456
26870
123456
26872
123456
26874
123456
26876
123456
26878
123456
26880
123456
26882
123456
26884
123456
26886
123456
26888
123456
26890
123456
26892
123456
26894
123456
26896
123456
26898
123456
26900
123456
26902
123456
26904
123456
26906
123456
26908
123456
26910
123456
26912
123456
26914
123456
26916
123456
26918
123456
26920
123456
26922
123456
26924
123456
26926
123456
26928
123456
26930
123456
26932
123456
26934
123456
26936
123456
26938
123456
26940
123456
26942
123456
26944
123456
26946
123456
26948
123456
26950
123456
26952
123456
26954
123456
26956
123456
26958
123456
26960
123456
26962
123456
26964
123456
26966
123456
26968
123456
26970
123456
26972
123456
26974
123456
26976
123456
26978
123456
26980
123456
26982
123456
26984
123456
26986
123456
26988
123456
26990
123456
26992
123456
26994
123456
26996
123456
26998
123456
27000
123456
27002
123456
27004
123456
27006
123456
27008
123456
27010
123456
27012
123456
27014
123456
27016
123456
27018
123456
27020
123456
27022
123456
27024
123456
27026
123456
27028
123456
27030
123456
27032
123456
27034
123456
27036
123456
27038
123456
27040
123456
27042
123456
27044
123456
27046
123456
27048
123456
27050
123456
27052
123456
27054
123456
27056
123456
27058
123456
27060
123456
27062
123456
27064
123456
27066
123456
27068
123456
27070
123456
27072
123456
27074
123456
27076
123456
27078
123456
27080
123456
27082
123456
27084
123456
27086
123456
27088
123456
27090
123456
27092
123456
27094
123456
27096
123456
27098
123456
27100
123456
27102
123456
27104
123456
27106
123456
27108
123456
27110
123456
27112
123456
27114
123456
27116
123456
27118
123456
27120
123456
27122
123456
27124
123456
27126
123456
27128
123456
27130
123456
27132
123456
27134
123456
27136
123456
27138
123456
27140
123456
27142
123456
27144
123456
27146
123456
27148
123456
27150
123456
27152
123456
27154
123456
27156
123456
27158
123456
27160
123456
27162
123456
27164
123456
27166
123456
27168
123456
27170
123456
27172
123456
27174
123456
27176
123456
27178
123456
27180
123456
27182
123456
27184
123456
27186
123456
27188
123456
27190
123456
27192
123456
27194
123456
27196
123456
27198
123456
27200
123456
27202
123456
27204
123456
27206
123456
27208
123456
27210
123456
27212
123456
27214
123456
27216
123456
27218
123456
27220
123456
27222
123456
27224
123456
27226
123456
27228
123456
27230
123456
27232
123456
27234
123456
27236
123456
27238
123456
27240
123456
27242
123456
27244
123456
27246
123456
27248
123456
27250
123456
27252
123456
27254
123456
27256
123456
27258
123456
27260
123456
27262
123456
27264
123456
27266
123456
27268
123456
27270
123456
27272
123456
27274
123456
27276
123456
27278
123456
27280
123456
27282
123456
27284
123456
27286
123456
27288
123456
27290
123456
27292
123456
27294
123456
27296
123456
27298
123456
27300
123456
27302
123456
27304
123456
27306
123456
27308
123456
27310
123456
27312
123456
27314
123456
27316
123456
27318
123456
27320
123456
27322
123456
27324
123456
27326
123456
27328
123456
27330
123456
27332
123456
27334
123456
27336
123456
27338
123456
27340
123456
27342
123456
27344
123456
27346
123456
27348
123456
27350
123456
27352
123456
27354
123456
27356
123456
27358
123456
27360
123456
27362
123456
27364
123456
27366
123456
27368
123456
27370
123456
27372
123456
27374
123456
27376
123456
27378
123456
27380
123456
27382
123456
27384
123456
27386
123456
27388
123456
27390
123456
27392
123456
27394
123456
27396
123456
27398
123456
27400
123456
27402
123456
27404
123456
27406
123456
27408
123456
27410
123456
27412
123456
27414
123456
27416
123456
27418
123456
27420
123456
27422
123456
27424
123456
27426
123456
27428
123456
27430
123456
27432
123456
27434
123456
27436
123456
27438
123456
27440
123456
27442
123456
27444
123456
27446
123456
27448
123456
27450
123456
27452
123456
27454
123456
27456
123456
27458
123456
27460
123456
27462
123456
27464
123456
27466
123456
27468
123456
27470
123456
27472
123456
27474
123456
27476
123456
27478
123456
27480
123456
27482
123456
27484
123456
27486
123456
27488
123456
27490
123456
27492
123456
27494
123456
27496
123456
27498
123456
27500
123456
27502
123456
27504
123456
27506
123456
27508
123456
27510
123456
27512
123456
27514
123456
27516
123456
27518
123456
27520
123456
27522
123456
27524
123456
27526
123456
27528
123456
27530
123456
27532
123456
27534
123456
27536
123456
27538
123456
27540
123456
27542
123456
27544
123456
27546
123456
27548
123456
27550
123456
27552
123456
27554
123456
27556
123456
27558
123456
27560
123456
27562
123456
27564
123456
27566
123456
27568
123456
27570
123456
27572
123456
27574
123456
27576
123456
27578
123456
27580
123456
27582
123456
27584
123456
27586
123456
27588
123456
27590
123456
27592
123456
27594
123456
27596
123456
27598
123456
27600
123456
27602
123456
27604
123456
27606
123456
27608
123456
27610
123456
27612
123456
27614
123456
27616
123456
27618
123456
27620
123456
27622
123456
27624
123456
27626
123456
27628
123456
27630
123456
27632
123456
27634
123456
27636
123456
27638
123456
27640
123456
27642
123456
27644
123456
27646
123456
27648
123456
27650
123456
27652
123456
27654
123456
27656
123456
27658
123456
27660
123456
27662
123456
27664
123456
27666
123456
27668
123456
27670
123456
27672
123456
27674
123456
27676
123456
27678
123456
27680
123456
27682
123456
27684
123456
27686
123456
27688
123456
27690
123456
27692
123456
27694
123456
27696
123456
27698
123456
27700
123456
27702
123456
27704
123456
27706
123456
27708
123456
27710
123456
27712
123456
27714
123456
27716
123456
27718
123456
27720
123456
27722
123456
27724
123456
27726
123456
27728
123456
27730
123456
27732
123456
27734
123456
27736
123456
27738
123456
27740
123456
27742
123456
27744
123456
27746
123456
27748
123456
27750
123456
27752
123456
27754
123456
27756
123456
27758
123456
27760
123456
27762
123456
27764
123456
27766
123456
27768
123456
27770
123456
27772
123456
27774
123456
27776
123456
27778
123456
27780
123456
27782
123456
27784
123456
27786
123456
27788
123456
27790
123456
27792
123456
27794
123456
27796
123456
27798
123456
27800
123456
27802
123456
27804
123456
27806
123456
27808
123456
27810
123456
27812
123456
27814
123456
27816
123456
27818
123456
27820
123456
27822
123456
27824
123456
27826
123456
27828
123456
27830
123456
27832
123456
27834
123456
27836
123456
27838
123456
27840
123456
27842
123456
27844
123456
27846
123456
27848
123456
27850
123456
27852
123456
27854
123456
27856
123456
27858
123456
27860
123456
27862
123456
27864
123456
27866
123456
27868
123456
27870
123456
27872
123456
27874
123456
27876
123456
27878
123456
27880
123456
27882
123456
27884
123456
27886
123456
27888
123456
27890
123456
27892
123456
27894
123456
27896
123456
27898
123456
27900
123456
27902
123456
27904
123456
27906
123456
27908
123456
27910
123456
27912
123456
27914
123456
27916
123456
27918
123456
27920
123456
27922
123456
27924
123456
27926
123456
27928
123456
27930
123456
27932
123456
27934
123456
27936
123456
27938
123456
27940
123456
27942
123456
27944
123456
27946
123456
27948
123456
27950
123456
27952
123456
27954
123456
27956
123456
27958
123456
27960
123456
27962
123456
27964
123456
27966
123456
27968
123456
27970
123456
27972
123456
27974
123456
27976
123456
27978
123456
27980
123456
27982
123456
27984
123456
27986
123456
27988
123456
27990
123456
27992
123456
27994
123456
27996
123456
27998
123456
28000
123456
28002
123456
28004
123456
28006
123456
28008
123456
28010
123456
28012
123456
28014
123456
28016
123456
28018
123456
28020
123456
28022
123456
28024
123456
28026
123456
28028
123456
28030
123456
28032
123456
28034
123456
28036
123456
28038
123456
28040
123456
28042
123456
28044
123456
28046
123456
28048
123456
28050
123456
28052
123456
28054
123456
28056
123456
28058
123456
28060
123456
28062
123456
28064
123456
28066
123456
28068
123456
28070
123456
28072
123456
28074
123456
28076
123456
28078
123456
28080
123456
28082
123456
28084
123456
28086
123456
28088
123456
28090
123456
28092
123456
28094
123456
28096
123456
28098
123456
28100
123456
28102
123456
28104
123456
28106
123456
28108
123456
28110
123456
28112
123456
28114
123456
28116
123456
28118
123456
28120
123456
28122
123456
28124
123456
28126
123456
28128
123456
28130
123456
28132
123456
28134
123456
28136
123456
28138
123456
28140
123456
28142
123456
28144
123456
28146
123456
28148
123456
28150
123456
28152
123456
28154
123456
28156
123456
28158
123456
28160
123456
28162
123456
28164
123456
28166
123456
28168
123456
28170
123456
28172
123456
28174
123456
28176
123456
28178
123456
28180
123456
28182
123456
28184
123456
28186
123456
28188
123456
28190
123456
28192
123456
28194
123456
28196
123456
28198
123456
28200
123456
28202
123456
28204
123456
28206
123456
28208
123456
28210
123456
28212
123456
28214
123456
28216
123456
28218
123456
28220
123456
28222
123456
28224
123456
28226
123456
28228
123456
28230
123456
28232
123456
28234
123456
28236
123456
28238
123456
28240
123456
28242
123456
28244
123456
28246
123456
28248
123456
28250
123456
28252
123456
28254
123456
28256
123456
28258
123456
28260
123456
28262
123456
28264
123456
28266
123456
28268
123456
28270
123456
28272
123456
28274
123456
28276
123456
28278
123456
28280
123456
28282
123456
28284
123456
28286
123456
28288
123456
28290
123456
28292
123456
28294
123456
28296
123456
28298
123456
28300
123456
28302
123456
28304
123456
28306
123456
28308
123456
28310
123456
28312
123456
28314
123456
28316
123456
28318
123456
28320
123456
28322
123456
28324
123456
28326
123456
28328
123456
28330
123456
28332
123456
28334
123456
28336
123456
28338
123456
28340
123456
28342
123456
28344
123456
28346
123456
28348
123456
28350
123456
28352
123456
28354
123456
28356
123456
28358
123456
28360
123456
28362
123456
28364
123456
28366
123456
28368
123456
28370
123456
28372
123456
28374
123456
28376
123456
28378
123456
28380
123456
28382
123456
28384
123456
28386
123456
28388
123456
28390
123456
28392
123456
28394
123456
28396
123456
28398
123456
28400
123456
28402
123456
28404
123456
28406
123456
28408
123456
28410
123456
28412
123456
28414
123456
28416
123456
28418
123456
28420
123456
28422
123456
28424
123456
28426
123456
28428
123456
28430
123456
28432
123456
28434
123456
28436
123456
28438
123456
28440
123456
28442
123456
28444
123456
28446
123456
28448
123456
28450
123456
28452
123456
28454
123456
28456
123456
28458
123456
28460
123456
28462
123456
28464
123456
28466
123456
28468
123456
28470
123456
28472
123456
28474
123456
28476
123456
28478
123456
28480
123456
28482
123456
28484
123456
28486
123456
28488
123456
28490
123456
28492
123456
28494
123456
28496
123456
28498
123456
28500
123456
28502
123456
28504
123456
28506
123456
28508
123456
28510
123456
28512
123456
28514
123456
28516
123456
28518
123456
28520
123456
28522
123456
28524
123456
28526
123456
28528
123456
28530
123456
28532
123456
28534
123456
28536
123456
28538
123456
28540
123456
28542
123456
28544
123456
28546
123456
28548
123456
28550
123456
28552
123456
28554
123456
28556
123456
28558
123456
28560
123456
28562
123456
28564
123456
28566
123456
28568
123456
28570
123456
28572
123456
28574
123456
28576
123456
28578
123456
28580
123456
28582
123456
28584
123456
28586
123456
28588
123456
28590
123456
28592
123456
28594
123456
28596
123456
28598
123456
28600
123456
28602
123456
28604
123456
28606
123456
28608
123456
28610
123456
28612
123456
28614
123456
28616
123456
28618
123456
28620
123456
28622
123456
28624
123456
28626
123456
28628
123456
28630
123456
28632
123456
28634
123456
28636
123456
28638
123456
28640
123456
28642
123456
28644
123456
28646
123456
28648
123456
28650
123456
28652
123456
28654
123456
28656
123456
28658
123456
28660
123456
28662
123456
28664
123456
28666
123456
28668
123456
28670
123456
28672
123456
28674
123456
28676
123456
28678
123456
28680
123456
28682
123456
28684
123456
28686
123456
28688
123456
28690
123456
28692
123456
28694
123456
28696
123456
28698
123456
28700
123456
28702
123456
28704
123456
28706
123456
28708
123456
28710
123456
28712
123456
28714
123456
28716
123456
28718
123456
28720
123456
28722
123456
28724
123456
28726
123456
28728
123456
28730
123456
28732
123456
28734
123456
28736
123456
28738
123456
28740
123456
28742
123456
28744
123456
28746
123456
28748
123456
28750
123456
28752
123456
28754
123456
28756
123456
28758
123456
28760
123456
28762
123456
28764
123456
28766
123456
28768
123456
28770
123456
28772
123456
28774
123456
28776
123456
28778
123456
28780
123456
28782
123456
28784
123456
28786
123456
28788
123456
28790
123456
28792
123456
28794
123456
28796
123456
28798
123456
28800
123456
28802
123456
28804
123456
28806
123456
28808
123456
28810
123456
28812
123456
28814
123456
28816
123456
28818
123456
28820
123456
28822
123456
28824
123456
28826
123456
28828
123456
28830
123456
28832
123456
28834
123456
28836
123456
28838
123456
28840
123456
28842
123456
28844
123456
28846
123456
28848
123456
28850
123456
28852
123456
28854
123456
28856
123456
28858
123456
28860
123456
28862
123456
28864
123456
28866
123456
28868
123456
28870
123456
28872
123456
28874
123456
28876
123456
28878
123456
28880
123456
28882
123456
28884
123456
28886
123456
28888
123456
28890
123456
28892
123456
28894
123456
28896
123456
28898
123456
28900
123456
28902
123456
28904
123456
28906
123456
28908
123456
28910
123456
28912
123456
28914
123456
28916
123456
28918
123456
28920
123456
28922
123456
28924
123456
28926
123456
28928
123456
28930
123456
28932
123456
28934
123456
28936
123456
28938
123456
28940
123456
28942
123456
28944
123456
28946
123456
28948
123456
28950
123456
28952
123456
28954
123456
28956
123456
28958
123456
28960
123456
28962
123456
28964
123456
28966
123456
28968
123456
28970
123456
28972
123456
28974
123456
28976
123456
28978
123456
28980
123456
28982
123456
28984
123456
28986
123456
28988
123456
28990
123456
28992
123456
28994
123456
28996
123456
28998
123456
29000
123456
29002
123456
29004
123456
29006
123456
29008
123456
29010
123456
29012
123456
29014
123456
29016
123456
29018
123456
29020
123456
29022
123456
29024
123456
29026
123456
29028
123456
29030
123456
29032
123456
29034
123456
29036
123456
29038
123456
29040
123456
29042
123456
29044
123456
29046
123456
29048
123456
29050
123456
29052
123456
29054
123456
29056
123456
29058
123456
29060
123456
29062
123456
29064
123456
29066
123456
29068
123456
29070
123456
29072
123456
29074
123456
29076
123456
29078
123456
29080
123456
29082
123456
29084
123456
29086
123456
29088
123456
29090
123456
29092
123456
29094
123456
29096
123456
29098
123456
29100
123456
29102
123456
29104
123456
29106
123456
29108
123456
29110
123456
29112
123456
29114
123456
29116
123456
29118
123456
29120
123456
29122
123456
29124
123456
29126
123456
29128
123456
29130
123456
29132
123456
29134
123456
29136
123456
29138
123456
29140
123456
29142
123456
29144
123456
29146
123456
29148
123456
29150
123456
29152
123456
29154
123456
29156
123456
29158
123456
29160
123456
29162
123456
29164
123456
29166
123456
29168
123456
29170
123456
29172
123456
29174
123456
29176
123456
29178
123456
29180
123456
29182
123456
29184
123456
29186
123456
29188
123456
29190
123456
29192
123456
29194
123456
29196
123456
29198
123456
29200
123456
29202
123456
29204
123456
29206
123456
29208
123456
29210
123456
29212
123456
29214
123456
29216
123456
29218
123456
29220
123456
29222
123456
29224
123456
29226
123456
29228
123456
29230
123456
29232
123456
29234
123456
29236
123456
29238
123456
29240
123456
29242
123456
29244
123456
29246
123456
29248
123456
29250
123456
29252
123456
29254
123456
29256
123456
29258
123456
29260
123456
29262
123456
29264
123456
29266
123456
29268
123456
29270
123456
29272
123456
29274
123456
29276
123456
29278
123456
29280
123456
29282
123456
29284
123456
29286
123456
29288
123456
29290
123456
29292
123456
29294
123456
29296
123456
29298
123456
29300
123456
29302
123456
29304
123456
29306
123456
29308
123456
29310
123456
29312
123456
29314
123456
29316
123456
29318
123456
29320
123456
29322
123456
29324
123456
29326
123456
29328
123456
29330
123456
29332
123456
29334
123456
29336
123456
29338
123456
29340
123456
29342
123456
29344
123456
29346
123456
29348
123456
29350
123456
29352
123456
29354
123456
29356
123456
29358
123456
29360
123456
29362
123456
29364
123456
29366
123456
29368
123456
29370
123456
29372
123456
29374
123456
29376
123456
29378
123456
29380
123456
29382
123456
29384
123456
29386
123456
29388
123456
29390
123456
29392
123456
29394
123456
29396
123456
29398
123456
29400
123456
29402
123456
29404
123456
29406
123456
29408
123456
29410
123456
29412
123456
29414
123456
29416
123456
29418
123456
29420
123456
29422
123456
29424
123456
29426
123456
29428
123456
29430
123456
29432
123456
29434
123456
29436
123456
29438
123456
29440
123456
29442
123456
29444
123456
29446
123456
29448
123456
29450
123456
29452
123456
29454
123456
29456
123456
29458
123456
29460
123456
29462
123456
29464
123456
29466
123456
29468
123456
29470
123456
29472
123456
29474
123456
29476
123456
29478
123456
29480
123456
29482
123456
29484
123456
29486
123456
29488
123456
29490
123456
29492
123456
29494
123456
29496
123456
29498
123456
29500
123456
29502
123456
29504
123456
29506
123456
29508
123456
29510
123456
29512
123456
29514
123456
29516
123456
29518
123456
29520
123456
29522
123456
29524
123456
29526
123456
29528
123456
29530
123456
29532
123456
29534
123456
29536
123456
29538
123456
29540
123456
29542
123456
29544
123456
29546
123456
29548
123456
29550
123456
29552
123456
29554
123456
29556
123456
29558
123456
29560
123456
29562
123456
29564
123456
29566
123456
29568
123456
29570
123456
29572
123456
29574
123456
29576
123456
29578
123456
29580
123456
29582
123456
29584
123456
29586
123456
29588
123456
29590
123456
29592
123456
29594
123456
29596
123456
29598
123456
29600
123456
29602
123456
29604
123456
29606
123456
29608
123456
29610
123456
29612
123456
29614
123456
29616
123456
29618
123456
29620
123456
29622
123456
29624
123456
29626
123456
29628
123456
29630
123456
29632
123456
29634
123456
29636
123456
29638
123456
29640
123456
29642
123456
29644
123456
29646
123456
29648
123456
29650
123456
29652
123456
29654
123456
29656
123456
29658
123456
29660
123456
29662
123456
29664
123456
29666
123456
29668
123456
29670
123456
29672
123456
29674
123456
29676
123456
29678
123456
29680
123456
29682
123456
29684
123456
29686
123456
29688
123456
29690
123456
29692
123456
29694
123456
29696
123456
29698
123456
29700
123456
29702
123456
29704
123456
29706
123456
29708
123456
29710
123456
29712
123456
29714
123456
29716
123456
29718
123456
29720
123456
29722
123456
29724
123456
29726
123456
29728
123456
29730
123456
29732
123456
29734
123456
29736
123456
29738
123456
29740
123456
29742
123456
29744
123456
29746
123456
29748
123456
29750
123456
29752
123456
29754
123456
29756
123456
29758
123456
29760
123456
29762
123456
29764
123456
29766
123456
29768
123456
29770
123456
29772
123456
29774
123456
29776
123456
29778
123456
29780
123456
29782
123456
29784
123456
29786
123456
29788
123456
29790
123456
29792
123456
29794
123456
29796
123456
29798
123456
29800
123456
29802
123456
29804
123456
29806
123456
29808
123456
29810
123456
29812
123456
29814
123456
29816
123456
29818
123456
29820
123456
29822
123456
29824
123456
29826
123456
29828
123456
29830
123456
29832
123456
29834
123456
29836
123456
29838
123456
29840
123456
29842
123456
29844
123456
29846
123456
29848
123456
29850
123456
29852
123456
29854
123456
29856
123456
29858
123456
29860
123456
29862
123456
29864
123456
29866
123456
29868
123456
29870
123456
29872
123456
29874
123456
29876
123456
29878
123456
29880
123456
29882
123456
29884
123456
29886
123456
29888
123456
29890
123456
29892
123456
29894
123456
29896
123456
29898
123456
29900
123456
29902
123456
29904
123456
29906
123456
29908
123456
29910
123456
29912
123456
29914
123456
29916
123456
29918
123456
29920
123456
29922
123456
29924
123456
29926
123456
29928
123456
29930
123456
29932
123456
29934
123456
29936
123456
29938
123456
29940
123456
29942
123456
29944
123456
29946
123456
29948
123456
29950
123456
29952
123456
29954
123456
29956
123456
29958
123456
29960
123456
29962
123456
29964
123456
29966
123456
29968
123456
29970
123456
29972
123456
29974
123456
29976
123456
29978
123456
29980
123456
29982
123456
29984
123456
29986
123456
29988
123456
29990
123456
29992
123456
29994
123456
29996
123456
29998
123456
30000
123456
30002
123456
30004
123456
30006
123456
30008
123456
30010
123456
30012
123456
30014
123456
30016
123456
30018
123456
30020
123456
30022
123456
30024
123456
30026
123456
30028
123456
30030
123456
30032
123456
30034
123456
30036
123456
30038
123456
30040
123456
30042
123456
30044
123456
30046
123456
30048
123456
30050
123456
30052
123456
30054
123456
30056
123456
30058
123456
30060
123456
30062
123456
30064
123456
30066
123456
30068
123456
30070
123456
30072
123456
30074
123456
30076
123456
30078
123456
30080
123456
30082
123456
30084
123456
30086
123456
30088
123456
30090
123456
30092
123456
30094
123456
30096
123456
30098
123456
30100
123456
30102
123456
30104
123456
30106
123456
30108
123456
30110
123456
30112
123456
30114
123456
30116
123456
30118
123456
30120
123456
30122
123456
30124
123456
30126
123456
30128
123456
30130
123456
30132
123456
30134
123456
30136
123456
30138
123456
30140
123456
30142
123456
30144
123456
30146
123456
30148
123456
30150
123456
30152
123456
30154
123456
30156
123456
30158
123456
30160
123456
30162
123456
30164
123456
30166
123456
30168
123456
30170
123456
30172
123456
30174
123456
30176
123456
30178
123456
30180
123456
30182
123456
30184
123456
30186
123456
30188
123456
30190
123456
30192
123456
30194
123456
30196
123456
30198
123456
30200
123456
30202
123456
30204
123456
30206
123456
30208
123456
30210
123456
30212
123456
30214
123456
30216
123456
30218
123456
30220
123456
30222
123456
30224
123456
30226
123456
30228
123456
30230
123456
30232
123456
30234
123456
30236
123456
30238
123456
30240
123456
30242
123456
30244
123456
30246
123456
30248
123456
30250
123456
30252
123456
30254
123456
30256
123456
30258
123456
30260
123456
30262
123456
30264
123456
30266
123456
30268
123456
30270
123456
30272
123456
30274
123456
30276
123456
30278
123456
30280
123456
30282
123456
30284
123456
30286
123456
30288
123456
30290
123456
30292
123456
30294
123456
30296
123456
30298
123456
30300
123456
30302
123456
30304
123456
30306
123456
30308
123456
30310
123456
30312
123456
30314
123456
30316
123456
30318
123456
30320
123456
30322
123456
30324
123456
30326
123456
30328
123456
30330
123456
30332
123456
30334
123456
30336
123456
30338
123456
30340
123456
30342
123456
30344
123456
30346
123456
30348
123456
30350
123456
30352
123456
30354
123456
30356
123456
30358
123456
30360
123456
30362
123456
30364
123456
30366
123456
30368
123456
30370
123456
30372
123456
30374
123456
30376
123456
30378
123456
30380
123456
30382
123456
30384
123456
30386
123456
30388
123456
30390
123456
30392
123456
30394
123456
30396
123456
30398
123456
30400
123456
30402
123456
30404
123456
30406
123456
30408
123456
30410
123456
30412
123456
30414
123456
30416
123456
30418
123456
30420
123456
30422
123456
30424
123456
30426
123456
30428
123456
30430
123456
30432
123456
30434
123456
30436
123456
30438
123456
30440
123456
30442
123456
30444
123456
30446
123456
30448
123456
30450
123456
30452
123456
30454
123456
30456
123456
30458
123456
30460
123456
30462
123456
30464
123456
30466
123456
30468
123456
30470
123456
30472
123456
30474
123456
30476
123456
30478
123456
30480
123456
30482
123456
30484
123456
30486
123456
30488
123456
30490
123456
30492
123456
30494
123456
30496
123456
30498
123456
30500
123456
30502
123456
30504
123456
30506
123456
30508
123456
30510
123456
30512
123456
30514
123456
30516
123456
30518
123456
30520
123456
30522
123456
30524
123456
30526
123456
30528
123456
30530
123456
30532
123456
30534
123456
30536
123456
30538
123456
30540
123456
30542
123456
30544
123456
30546
123456
30548
123456
30550
123456
30552
123456
30554
123456
30556
123456
30558
123456
30560
123456
30562
123456
30564
123456
30566
123456
30568
123456
30570
123456
30572
123456
30574
123456
30576
123456
30578
123456
30580
123456
30582
123456
30584
123456
30586
123456
30588
123456
30590
123456
30592
123456
30594
123456
30596
123456
30598
123456
30600
123456
30602
123456
30604
123456
30606
123456
30608
123456
30610
123456
30612
123456
30614
123456
30616
123456
30618
123456
30620
123456
30622
123456
30624
123456
30626
123456
30628
123456
30630
123456
30632
123456
30634
123456
30636
123456
30638
123456
30640
123456
30642
123456
30644
123456
30646
123456
30648
123456
30650
123456
30652
123456
30654
123456
30656
123456
30658
123456
30660
123456
30662
123456
30664
123456
30666
123456
30668
123456
30670
123456
30672
123456
30674
123456
30676
123456
30678
123456
30680
123456
30682
123456
30684
123456
30686
123456
30688
123456
30690
123456
30692
123456
30694
123456
30696
123456
30698
123456
30700
123456
30702
123456
30704
123456
30706
123456
30708
123456
30710
123456
30712
123456
30714
123456
30716
123456
30718
123456
30720
123456
30722
123456
30724
123456
30726
123456
30728
123456
30730
123456
30732
123456
30734
123456
30736
123456
30738
123456
30740
123456
30742
123456
30744
123456
30746
123456
30748
123456
30750
123456
30752
123456
30754
123456
30756
123456
30758
123456
30760
123456
30762
123456
30764
123456
30766
123456
30768
123456
30770
123456
30772
123456
30774
123456
30776
123456
30778
123456
30780
123456
30782
123456
30784
123456
30786
123456
30788
123456
30790
123456
30792
123456
30794
123456
30796
123456
30798
123456
30800
123456
30802
123456
30804
123456
30806
123456
30808
123456
30810
123456
30812
123456
30814
123456
30816
123456
30818
123456
30820
123456
30822
123456
30824
123456
30826
123456
30828
123456
30830
123456
30832
123456
30834
123456
30836
123456
30838
123456
30840
123456
30842
123456
30844
123456
30846
123456
30848
123456
30850
123456
30852
123456
30854
123456
30856
123456
30858
123456
30860
123456
30862
123456
30864
123456
30866
123456
30868
123456
30870
123456
30872
123456
30874
123456
30876
123456
30878
123456
30880
123456
30882
123456
30884
123456
30886
123456
30888
123456
30890
123456
30892
123456
30894
123456
30896
123456
30898
123456
30900
123456
30902
123456
30904
123456
30906
123456
30908
123456
30910
123456
30912
123456
30914
123456
30916
123456
30918
123456
30920
123456
30922
123456
30924
123456
30926
123456
30928
123456
30930
123456
30932
123456
30934
123456
30936
123456
30938
123456
30940
123456
30942
123456
30944
123456
30946
123456
30948
123456
30950
123456
30952
123456
30954
123456
30956
123456
30958
123456
30960
123456
30962
123456
30964
123456
30966
123456
30968
123456
30970
123456
30972
123456
30974
123456
30976
123456
30978
123456
30980
123456
30982
123456
30984
123456
30986
123456
30988
123456
30990
123456
30992
123456
30994
123456
30996
123456
30998
123456
31000
123456
31002
123456
31004
123456
31006
123456
31008
123456
31010
123456
31012
123456
31014
123456
31016
123456
31018
123456
31020
123456
31022
123456
31024
123456
31026
123456
31028
123456
31030
123456
31032
123456
31034
123456
31036
123456
31038
123456
31040
123456
31042
123456
31044
123456
31046
123456
31048
123456
31050
123456
31052
123456
31054
123456
31056
123456
31058
123456
31060
123456
31062
123456
31064
123456
31066
123456
31068
123456
31070
123456
31072
123456
31074
123456
31076
123456
31078
123456
31080
123456
31082
123456
31084
123456
31086
123456
31088
123456
31090
123456
31092
123456
31094
123456
31096
123456
31098
123456
31100
123456
31102
123456
31104
123456
31106
123456
31108
123456
31110
123456
31112
123456
31114
123456
31116
123456
31118
123456
31120
123456
31122
123456
31124
123456
31126
123456
31128
123456
31130
123456
31132
123456
31134
123456
31136
123456
31138
123456
31140
123456
31142
123456
31144
123456
31146
123456
31148
123456
31150
123456
31152
123456
31154
123456
31156
123456
31158
123456
31160
123456
31162
123456
31164
123456
31166
123456
31168
123456
31170
123456
31172
123456
31174
123456
31176
123456
31178
123456
31180
123456
31182
123456
31184
123456
31186
123456
31188
123456
31190
123456
31192
123456
31194
123456
31196
123456
31198
123456
31200
123456
31202
123456
31204
123456
31206
123456
31208
123456
31210
123456
31212
123456
31214
123456
31216
123456
31218
123456
31220
123456
31222
123456
31224
123456
31226
123456
31228
123456
31230
123456
31232
123456
31234
123456
31236
123456
31238
123456
31240
123456
31242
123456
31244
123456
31246
123456
31248
123456
31250
123456
31252
123456
31254
123456
31256
123456
31258
123456
31260
123456
31262
123456
31264
123456
31266
123456
31268
123456
31270
123456
31272
123456
31274
123456
31276
123456
31278
123456
31280
123456
31282
123456
31284
123456
31286
123456
31288
123456
31290
123456
31292
123456
31294
123456
31296
123456
31298
123456
31300
123456
31302
123456
31304
123456
31306
123456
31308
123456
31310
123456
31312
123456
31314
123456
31316
123456
31318
123456
31320
123456
31322
123456
31324
123456
31326
123456
31328
123456
31330
123456
31332
123456
31334
123456
31336
123456
31338
123456
31340
123456
31342
123456
31344
123456
31346
123456
31348
123456
31350
123456
31352
123456
31354
123456
31356
123456
31358
123456
31360
123456
31362
123456
31364
123456
31366
123456
31368
123456
31370
123456
31372
123456
31374
123456
31376
123456
31378
123456
31380
123456
31382
123456
31384
123456
31386
123456
31388
123456
31390
123456
31392
123456
31394
123456
31396
123456
31398
123456
31400
123456
31402
123456
31404
123456
31406
123456
31408
123456
31410
123456
31412
123456
31414
123456
31416
123456
31418
123456
31420
123456
31422
123456
31424
123456
31426
123456
31428
123456
31430
123456
31432
123456
31434
123456
31436
123456
31438
123456
31440
123456
31442
123456
31444
123456
31446
123456
31448
123456
31450
123456
31452
123456
31454
123456
31456
123456
31458
123456
31460
123456
31462
123456
31464
123456
31466
123456
31468
123456
31470
123456
31472
123456
31474
123456
31476
123456
31478
123456
31480
123456
31482
123456
31484
123456
31486
123456
31488
123456
31490
123456
31492
123456
31494
123456
31496
123456
31498
123456
31500
123456
31502
123456
31504
123456
31506
123456
31508
123456
31510
123456
31512
123456
31514
123456
31516
123456
31518
123456
31520
123456
31522
123456
31524
123456
31526
123456
31528
123456
31530
123456
31532
123456
31534
123456
31536
123456
31538
123456
31540
123456
31542
123456
31544
123456
31546
123456
31548
123456
31550
123456
31552
123456
31554
123456
31556
123456
31558
123456
31560
123456
31562
123456
31564
123456
31566
123456
31568
123456
31570
123456
31572
123456
31574
123456
31576
123456
31578
123456
31580
123456
31582
123456
31584
123456
31586
123456
31588
123456
31590
123456
31592
123456
31594
123456
31596
123456
31598
123456
31600
123456
31602
123456
31604
123456
31606
123456
31608
123456
31610
123456
31612
123456
31614
123456
31616
123456
31618
123456
31620
123456
31622
123456
31624
123456
31626
123456
31628
123456
31630
123456
31632
123456
31634
123456
31636
123456
31638
123456
31640
123456
31642
123456
31644
123456
31646
123456
31648
123456
31650
123456
31652
123456
31654
123456
31656
123456
31658
123456
31660
123456
31662
123456
31664
123456
31666
123456
31668
123456
31670
123456
31672
123456
31674
123456
31676
123456
31678
123456
31680
123456
31682
123456
31684
123456
31686
123456
31688
123456
31690
123456
31692
123456
31694
123456
31696
123456
31698
123456
31700
123456
31702
123456
31704
123456
31706
123456
31708
123456
31710
123456
31712
123456
31714
123456
31716
123456
31718
123456
31720
123456
31722
123456
31724
123456
31726
123456
31728
123456
31730
123456
31732
123456
31734
123456
31736
123456
31738
123456
31740
123456
31742
123456
31744
123456
31746
123456
31748
123456
31750
123456
31752
123456
31754
123456
31756
123456
31758
123456
31760
123456
31762
123456
31764
123456
31766
123456
31768
123456
31770
123456
31772
123456
31774
123456
31776
123456
31778
123456
31780
123456
31782
123456
31784
123456
31786
123456
31788
123456
31790
123456
31792
123456
31794
123456
31796
123456
31798
123456
31800
123456
31802
123456
31804
123456
31806
123456
31808
123456
31810
123456
31812
123456
31814
123456
31816
123456
31818
123456
31820
123456
31822
123456
31824
123456
31826
123456
31828
123456
31830
123456
31832
123456
31834
123456
31836
123456
31838
123456
31840
123456
31842
123456
31844
123456
31846
123456
31848
123456
31850
123456
31852
123456
31854
123456
31856
123456
31858
123456
31860
123456
31862
123456
31864
123456
31866
123456
31868
123456
31870
123456
31872
123456
31874
123456
31876
123456
31878
123456
31880
123456
31882
123456
31884
123456
31886
123456
31888
123456
31890
123456
31892
123456
31894
123456
31896
123456
31898
123456
31900
123456
31902
123456
31904
123456
31906
123456
31908
123456
31910
123456
31912
123456
31914
123456
31916
123456
31918
123456
31920
123456
31922
123456
31924
123456
31926
123456
31928
123456
31930
123456
31932
123456
31934
123456
31936
123456
31938
123456
31940
123456
31942
123456
31944
123456
31946
123456
31948
123456
31950
123456
31952
123456
31954
123456
31956
123456
31958
123456
31960
123456
31962
123456
31964
123456
31966
123456
31968
123456
31970
123456
31972
123456
31974
123456
31976
123456
31978
123456
31980
123456
31982
123456
31984
123456
31986
123456
31988
123456
31990
123456
31992
123456
31994
123456
31996
123456
31998
123456
32000
123456
32002
123456
32004
123456
32006
123456
32008
123456
32010
123456
32012
123456
32014
123456
32016
123456
32018
123456
32020
123456
32022
123456
32024
123456
32026
123456
32028
123456
32030
123456
32032
123456
32034
123456
32036
123456
32038
123456
32040
123456
32042
123456
32044
123456
32046
123456
32048
123456
32050
123456
32052
123456
32054
123456
32056
123456
32058
123456
32060
123456
32062
123456
32064
123456
32066
123456
32068
123456
32070
123456
32072
123456
32074
123456
32076
123456
32078
123456
32080
123456
32082
123456
32084
123456
32086
123456
32088
123456
32090
123456
32092
123456
32094
123456
32096
123456
32098
123456
32100
123456
32102
123456
32104
123456
32106
123456
32108
123456
32110
123456
32112
123456
32114
123456
32116
123456
32118
123456
32120
123456
32122
123456
32124
123456
32126
123456
32128
123456
32130
123456
32132
123456
32134
123456
32136
123456
32138
123456
32140
123456
32142
123456
32144
123456
32146
123456
32148
123456
32150
123456
32152
123456
32154
123456
32156
123456
32158
123456
32160
123456
32162
123456
32164
123456
32166
123456
32168
123456
32170
123456
32172
123456
32174
123456
32176
123456
32178
123456
32180
123456
32182
123456
32184
123456
32186
123456
32188
123456
32190
123456
32192
123456
32194
123456
32196
123456
32198
123456
32200
123456
32202
123456
32204
123456
32206
123456
32208
123456
32210
123456
32212
123456
32214
123456
32216
123456
32218
123456
32220
123456
32222
123456
32224
123456
32226
123456
32228
123456
32230
123456
32232
123456
32234
123456
32236
123456
32238
123456
32240
123456
32242
123456
32244
123456
32246
123456
32248
123456
32250
123456
32252
123456
32254
123456
32256
123456
32258
123456
32260
123456
32262
123456
32264
123456
32266
123456
32268
123456
32270
123456
32272
123456
32274
123456
32276
123456
32278
123456
32280
123456
32282
123456
32284
123456
32286
123456
32288
123456
32290
123456
32292
123456
32294
123456
32296
123456
32298
123456
32300
123456
32302
123456
32304
123456
32306
123456
32308
123456
32310
123456
32312
123456
32314
123456
32316
123456
32318
123456
32320
123456
32322
123456
32324
123456
32326
123456
32328
123456
32330
123456
32332
123456
32334
123456
32336
123456
32338
123456
32340
123456
32342
123456
32344
123456
32346
123456
32348
123456
32350
123456
32352
123456
32354
123456
32356
123456
32358
123456
32360
123456
32362
123456
32364
123456
32366
123456
32368
123456
32370
123456
32372
123456
32374
123456
32376
123456
32378
123456
32380
123456
32382
123456
32384
123456
32386
123456
32388
123456
32390
123456
32392
123456
32394
123456
32396
123456
32398
123456
32400
123456
32402
123456
32404
123456
32406
123456
32408
123456
32410
123456
32412
123456
32414
123456
32416
123456
32418
123456
32420
123456
32422
123456
32424
123456
32426
123456
32428
123456
32430
123456
32432
123456
32434
123456
32436
123456
32438
123456
32440
123456
32442
123456
32444
123456
32446
123456
32448
123456
32450
123456
32452
123456
32454
123456
32456
123456
32458
123456
32460
123456
32462
123456
32464
123456
32466
123456
32468
123456
32470
123456
32472
123456
32474
123456
32476
123456
32478
123456
32480
123456
32482
123456
32484
123456
32486
123456
32488
123456
32490
123456
32492
123456
32494
123456
32496
123456
32498
123456
32500
123456
32502
123456
32504
123456
32506
123456
32508
123456
32510
123456
32512
123456
32514
123456
32516
123456
32518
123456
32520
123456
32522
123456
32524
123456
32526
123456
32528
123456
32530
123456
32532
123456
32534
123456
32536
123456
32538
123456
32540
123456
32542
123456
32544
123456
32546
123456
32548
123456
32550
123456
32552
123456
32554
123456
32556
123456
32558
123456
32560
123456
32562
123456
32564
123456
32566
123456
32568
123456
32570
123456
32572
123456
32574
123456
32576
123456
32578
123456
32580
123456
32582
123456
32584
123456
32586
123456
32588
123456
32590
123456
32592
123456
32594
123456
32596
123456
32598
123456
32600
123456
32602
123456
32604
123456
32606
123456
32608
123456
32610
123456
32612
123456
32614
123456
32616
123456
32618
123456
32620
123456
32622
123456
32624
123456
32626
123456
32628
123456
32630
123456
32632
123456
32634
123456
32636
123456
32638
123456
32640
123456
32642
123456
32644
123456
32646
123456
32648
123456
32650
123456
32652
123456
32654
123456
32656
123456
32658
123456
32660
123456
32662
123456
32664
123456
32666
123456
32668
123456
32670
123456
32672
123456
32674
123456
32676
123456
32678
123456
32680
123456
32682
123456
32684
123456
32686
123456
32688
123456
32690
123456
32692
123456
32694
123456
32696
123456
32698
123456
32700
123456
32702
123456
32704
123456
32706
123456
32708
123456
32710
123456
32712
123456
32714
123456
32716
123456
32718
123456
32720
123456
32722
123456
32724
123456
32726
123456
32728
123456
32730
123456
32732
123456
32734
123456
32736
123456
32738
123456
32740
123456
32742
123456
32744
123456
32746
123456
32748
123456
32750
123456
32752
123456
32754
123456
32756
123456
32758
123456
32760
123456
32762
123456
32764
123456
32766
123456
32768
123456
32770
123456
32772
123456
32774
123456
32776
123456
32778
123456
32780
123456
32782
123456
32784
123456
32786
123456
32788
123456
32790
123456
32792
123456
32794
123456
32796
123456
32798
123456
32800
123456
32802
123456
32804
123456
32806
123456
32808
123456
32810
123456
32812
123456
32814
123456
32816
123456
32818
123456
32820
123456
32822
123456
32824
123456
32826
123456
32828
123456
32830
123456
32832
123456
32834
123456
32836
123456
32838
123456
32840
123456
32842
123456
32844
123456
32846
123456
32848
123456
32850
123456
32852
123456
32854
123456
32856
123456
32858
123456
32860
123456
32862
123456
32864
123456
32866
123456
32868
123456
32870
123456
32872
123456
32874
123456
32876
123456
32878
123456
32880
123456
32882
123456
32884
123456
32886
123456
32888
123456
32890
123456
32892
123456
32894
123456
32896
123456
32898
123456
32900
123456
32902
123456
32904
123456
32906
123456
32908
123456
32910
123456
32912
123456
32914
123456
32916
123456
32918
123456
32920
123456
32922
123456
32924
123456
32926
123456
32928
123456
32930
123456
32932
123456
32934
123456
32936
123456
32938
123456
32940
123456
32942
123456
32944
123456
32946
123456
32948
123456
32950
123456
32952
123456
32954
123456
32956
123456
32958
123456
32960
123456
32962
123456
32964
123456
32966
123456
32968
123456
32970
123456
32972
123456
32974
123456
32976
123456
32978
123456
32980
123456
32982
123456
32984
123456
32986
123456
32988
123456
32990
123456
32992
123456
32994
123456
32996
123456
32998
123456
33000
123456
33002
123456
33004
123456
33006
123456
33008
123456
33010
123456
33012
123456
33014
123456
33016
123456
33018
123456
33020
123456
33022
123456
33024
123456
33026
123456
33028
123456
33030
123456
33032
123456
33034
123456
33036
123456
33038
123456
33040
123456
33042
123456
33044
123456
33046
123456
33048
123456
33050
123456
33052
123456
33054
123456
33056
123456
33058
123456
33060
123456
33062
123456
33064
123456
33066
123456
33068
123456
33070
123456
33072
123456
33074
123456
33076
123456
33078
123456
33080
123456
33082
123456
33084
123456
33086
123456
33088
123456
33090
123456
33092
123456
33094
123456
33096
123456
33098
123456
33100
123456
33102
123456
33104
123456
33106
123456
33108
123456
33110
123456
33112
123456
33114
123456
33116
123456
33118
123456
33120
123456
33122
123456
33124
123456
33126
123456
33128
123456
33130
123456
33132
123456
33134
123456
33136
123456
33138
123456
33140
123456
33142
123456
33144
123456
33146
123456
33148
123456
33150
123456
33152
123456
33154
123456
33156
123456
33158
123456
33160
123456
33162
123456
33164
123456
33166
123456
33168
123456
33170
123456
33172
123456
33174
123456
33176
123456
33178
123456
33180
123456
33182
123456
33184
123456
33186
123456
33188
123456
33190
123456
33192
123456
33194
123456
33196
123456
33198
123456
33200
123456
33202
123456
33204
123456
33206
123456
33208
123456
33210
123456
33212
123456
33214
123456
33216
123456
33218
123456
33220
123456
33222
123456
33224
123456
33226
123456
33228
123456
33230
123456
33232
123456
33234
123456
33236
123456
33238
123456
33240
123456
33242
123456
33244
123456
33246
123456
33248
123456
33250
123456
33252
123456
33254
123456
33256
123456
33258
123456
33260
123456
33262
123456
33264
123456
33266
123456
33268
123456
33270
123456
33272
123456
33274
123456
33276
123456
33278
123456
33280
123456
33282
123456
33284
123456
33286
123456
33288
123456
33290
123456
33292
123456
33294
123456
33296
123456
33298
123456
33300
123456
33302
123456
33304
123456
33306
123456
33308
123456
33310
123456
33312
123456
33314
123456
33316
123456
33318
123456
33320
123456
33322
123456
33324
123456
33326
123456
33328
123456
33330
123456
33332
123456
33334
123456
33336
123456
33338
123456
33340
123456
33342
123456
33344
123456
33346
123456
33348
123456
33350
123456
33352
123456
33354
123456
33356
123456
33358
123456
33360
123456
33362
123456
33364
123456
33366
123456
33368
123456
33370
123456
33372
123456
33374
123456
33376
123456
33378
123456
33380
123456
33382
123456
33384
123456
33386
123456
33388
123456
33390
123456
33392
123456
33394
123456
33396
123456
33398
123456
33400
123456
33402
123456
33404
123456
33406
123456
33408
123456
33410
123456
33412
123456
33414
123456
33416
123456
33418
123456
33420
123456
33422
123456
33424
123456
33426
123456
33428
123456
33430
123456
33432
123456
33434
123456
33436
123456
33438
123456
33440
123456
33442
123456
33444
123456
33446
123456
33448
123456
33450
123456
33452
123456
33454
123456
33456
123456
33458
123456
33460
123456
33462
123456
33464
123456
33466
123456
33468
123456
33470
123456
33472
123456
33474
123456
33476
123456
33478
123456
33480
123456
33482
123456
33484
123456
33486
123456
33488
123456
33490
123456
33492
123456
33494
123456
33496
123456
33498
123456
33500
123456
33502
123456
33504
123456
33506
123456
33508
123456
33510
123456
33512
123456
33514
123456
33516
123456
33518
123456
33520
123456
33522
123456
33524
123456
33526
123456
33528
123456
33530
123456
33532
123456
33534
123456
33536
123456
33538
123456
33540
123456
33542
123456
33544
123456
33546
123456
33548
123456
33550
123456
33552
123456
33554
123456
33556
123456
33558
123456
33560
123456
33562
123456
33564
123456
33566
123456
33568
123456
33570
123456
33572
123456
33574
123456
33576
123456
33578
123456
33580
123456
33582
123456
33584
123456
33586
123456
33588
123456
33590
123456
33592
123456
33594
123456
33596
123456
33598
123456
33600
123456
33602
123456
33604
123456
33606
123456
33608
123456
33610
123456
33612
123456
33614
123456
33616
123456
33618
123456
33620
123456
33622
123456
33624
123456
33626
123456
33628
123456
33630
123456
33632
123456
33634
123456
33636
123456
33638
123456
33640
123456
33642
123456
33644
123456
33646
123456
33648
123456
33650
123456
33652
123456
33654
123456
33656
123456
33658
123456
33660
123456
33662
123456
33664
123456
33666
123456
33668
123456
33670
123456
33672
123456
33674
123456
33676
123456
33678
123456
33680
123456
33682
123456
33684
123456
33686
123456
33688
123456
33690
123456
33692
123456
33694
123456
33696
123456
33698
123456
33700
123456
33702
123456
33704
123456
33706
123456
33708
123456
33710
123456
33712
123456
33714
123456
33716
123456
33718
123456
33720
123456
33722
123456
33724
123456
33726
123456
33728
123456
33730
123456
33732
123456
33734
123456
33736
123456
33738
123456
33740
123456
33742
123456
33744
123456
33746
123456
33748
123456
33750
123456
33752
123456
33754
123456
33756
123456
33758
123456
33760
123456
33762
123456
33764
123456
33766
123456
33768
123456
33770
123456
33772
123456
33774
123456
33776
123456
33778
123456
33780
123456
33782
123456
33784
123456
33786
123456
33788
123456
33790
123456
33792
123456
33794
123456
33796
123456
33798
123456
33800
123456
33802
123456
33804
123456
33806
123456
33808
123456
33810
123456
33812
123456
33814
123456
33816
123456
33818
123456
33820
123456
33822
123456
33824
123456
33826
123456
33828
123456
33830
123456
33832
123456
33834
123456
33836
123456
33838
123456
33840
123456
33842
123456
33844
123456
33846
123456
33848
123456
33850
123456
33852
123456
33854
123456
33856
123456
33858
123456
33860
123456
33862
123456
33864
123456
33866
123456
33868
123456
33870
123456
33872
123456
33874
123456
33876
123456
33878
123456
33880
123456
33882
123456
33884
123456
33886
123456
33888
123456
33890
123456
33892
123456
33894
123456
33896
123456
33898
123456
33900
123456
33902
123456
33904
123456
33906
123456
33908
123456
33910
123456
33912
123456
33914
123456
33916
123456
33918
123456
33920
123456
33922
123456
33924
123456
33926
123456
33928
123456
33930
123456
33932
123456
33934
123456
33936
123456
33938
123456
33940
123456
33942
123456
33944
123456
33946
123456
33948
123456
33950
123456
33952
123456
33954
123456
33956
123456
33958
123456
33960
123456
33962
123456
33964
123456
33966
123456
33968
123456
33970
123456
33972
123456
33974
123456
33976
123456
33978
123456
33980
123456
33982
123456
33984
123456
33986
123456
33988
123456
33990
123456
33992
123456
33994
123456
33996
123456
33998
123456
34000
123456
34002
123456
34004
123456
34006
123456
34008
123456
34010
123456
34012
123456
34014
123456
34016
123456
34018
123456
34020
123456
34022
123456
34024
123456
34026
123456
34028
123456
34030
123456
34032
123456
34034
123456
34036
123456
34038
123456
34040
123456
34042
123456
34044
123456
34046
123456
34048
123456
34050
123456
34052
123456
34054
123456
34056
123456
34058
123456
34060
123456
34062
123456
34064
123456
34066
123456
34068
123456
34070
123456
34072
123456
34074
123456
34076
123456
34078
123456
34080
123456
34082
123456
34084
123456
34086
123456
34088
123456
34090
123456
34092
123456
34094
123456
34096
123456
34098
123456
34100
123456
34102
123456
34104
123456
34106
123456
34108
123456
34110
123456
34112
123456
34114
123456
34116
123456
34118
123456
34120
123456
34122
123456
34124
123456
34126
123456
34128
123456
34130
123456
34132
123456
34134
123456
34136
123456
34138
123456
34140
123456
34142
123456
34144
123456
34146
123456
34148
123456
34150
123456
34152
123456
34154
123456
34156
123456
34158
123456
34160
123456
34162
123456
34164
123456
34166
123456
34168
123456
34170
123456
34172
123456
34174
123456
34176
123456
34178
123456
34180
123456
34182
123456
34184
123456
34186
123456
34188
123456
34190
123456
34192
123456
34194
123456
34196
123456
34198
123456
34200
123456
34202
123456
34204
123456
34206
123456
34208
123456
34210
123456
34212
123456
34214
123456
34216
123456
34218
123456
34220
123456
34222
123456
34224
123456
34226
123456
34228
123456
34230
123456
34232
123456
34234
123456
34236
123456
34238
123456
34240
123456
34242
123456
34244
123456
34246
123456
34248
123456
34250
123456
34252
123456
34254
123456
34256
123456
34258
123456
34260
123456
34262
123456
34264
123456
34266
123456
34268
123456
34270
123456
34272
123456
34274
123456
34276
123456
34278
123456
34280
123456
34282
123456
34284
123456
34286
123456
34288
123456
34290
123456
34292
123456
34294
123456
34296
123456
34298
123456
34300
123456
34302
123456
34304
123456
34306
123456
34308
123456
34310
123456
34312
123456
34314
123456
34316
123456
34318
123456
34320
123456
34322
123456
34324
123456
34326
123456
34328
123456
34330
123456
34332
123456
34334
123456
34336
123456
34338
123456
34340
123456
34342
123456
34344
123456
34346
123456
34348
123456
34350
123456
34352
123456
34354
123456
34356
123456
34358
123456
34360
123456
34362
123456
34364
123456
34366
123456
34368
123456
34370
123456
34372
123456
34374
123456
34376
123456
34378
123456
34380
123456
34382
123456
34384
123456
34386
123456
34388
123456
34390
123456
34392
123456
34394
123456
34396
123456
34398
123456
34400
123456
34402
123456
34404
123456
34406
123456
34408
123456
34410
123456
34412
123456
34414
123456
34416
123456
34418
123456
34420
123456
34422
123456
34424
123456
34426
123456
34428
123456
34430
123456
34432
123456
34434
123456
34436
123456
34438
123456
34440
123456
34442
123456
34444
123456
34446
123456
34448
123456
34450
123456
34452
123456
34454
123456
34456
123456
34458
123456
34460
123456
34462
123456
34464
123456
34466
123456
34468
123456
34470
123456
34472
123456
34474
123456
34476
123456
34478
123456
34480
123456
34482
123456
34484
123456
34486
123456
34488
123456
34490
123456
34492
123456
34494
123456
34496
123456
34498
123456
34500
123456
34502
123456
34504
123456
34506
123456
34508
123456
34510
123456
34512
123456
34514
123456
34516
123456
34518
123456
34520
123456
34522
123456
34524
123456
34526
123456
34528
123456
34530
123456
34532
123456
34534
123456
34536
123456
34538
123456
34540
123456
34542
123456
34544
123456
34546
123456
34548
123456
34550
123456
34552
123456
34554
123456
34556
123456
34558
123456
34560
123456
34562
123456
34564
123456
34566
123456
34568
123456
34570
123456
34572
123456
34574
123456
34576
123456
34578
123456
34580
123456
34582
123456
34584
123456
34586
123456
34588
123456
34590
123456
34592
123456
34594
123456
34596
123456
34598
123456
34600
123456
34602
123456
34604
123456
34606
123456
34608
123456
34610
123456
34612
123456
34614
123456
34616
123456
34618
123456
34620
123456
34622
123456
34624
123456
34626
123456
34628
123456
34630
123456
34632
123456
34634
123456
34636
123456
34638
123456
34640
123456
34642
123456
34644
123456
34646
123456
34648
123456
34650
123456
34652
123456
34654
123456
34656
123456
34658
123456
34660
123456
34662
123456
34664
123456
34666
123456
34668
123456
34670
123456
34672
123456
34674
123456
34676
123456
34678
123456
34680
123456
34682
123456
34684
123456
34686
123456
34688
123456
34690
123456
34692
123456
34694
123456
34696
123456
34698
123456
34700
123456
34702
123456
34704
123456
34706
123456
34708
123456
34710
123456
34712
123456
34714
123456
34716
123456
34718
123456
34720
123456
34722
123456
34724
123456
34726
123456
34728
123456
34730
123456
34732
123456
34734
123456
34736
123456
34738
123456
34740
123456
34742
123456
34744
123456
34746
123456
34748
123456
34750
123456
34752
123456
34754
123456
34756
123456
34758
123456
34760
123456
34762
123456
34764
123456
34766
123456
34768
123456
34770
123456
34772
123456
34774
123456
34776
123456
34778
123456
34780
123456
34782
123456
34784
123456
34786
123456
34788
123456
34790
123456
34792
123456
34794
123456
34796
123456
34798
123456
34800
123456
34802
123456
34804
123456
34806
123456
34808
123456
34810
123456
34812
123456
34814
123456
34816
123456
34818
123456
34820
123456
34822
123456
34824
123456
34826
123456
34828
123456
34830
123456
34832
123456
34834
123456
34836
123456
34838
123456
34840
123456
34842
123456
34844
123456
34846
123456
34848
123456
34850
123456
34852
123456
34854
123456
34856
123456
34858
123456
34860
123456
34862
123456
34864
123456
34866
123456
34868
123456
34870
123456
34872
123456
34874
123456
34876
123456
34878
123456
34880
123456
34882
123456
34884
123456
34886
123456
34888
123456
34890
123456
34892
123456
34894
123456
34896
123456
34898
123456
34900
123456
34902
123456
34904
123456
34906
123456
34908
123456
34910
123456
34912
123456
34914
123456
34916
123456
34918
123456
34920
123456
34922
123456
34924
123456
34926
123456
34928
123456
34930
123456
34932
123456
34934
123456
34936
123456
34938
123456
34940
123456
34942
123456
34944
123456
34946
123456
34948
123456
34950
123456
34952
123456
34954
123456
34956
123456
34958
123456
34960
123456
34962
123456
34964
123456
34966
123456
34968
123456
34970
123456
34972
123456
34974
123456
34976
123456
34978
123456
34980
123456
34982
123456
34984
123456
34986
123456
34988
123456
34990
123456
34992
123456
34994
123456
34996
123456
34998
123456
35000
123456
35002
123456
35004
123456
35006
123456
35008
123456
35010
123456
35012
123456
35014
123456
35016
123456
35018
123456
35020
123456
35022
123456
35024
123456
35026
123456
35028
123456
35030
123456
35032
123456
35034
123456
35036
123456
35038
123456
35040
123456
35042
123456
35044
123456
35046
123456
35048
123456
35050
123456
35052
123456
35054
123456
35056
123456
35058
123456
35060
123456
35062
123456
35064
123456
35066
123456
35068
123456
35070
123456
35072
123456
35074
123456
35076
123456
35078
123456
35080
123456
35082
123456
35084
123456
35086
123456
35088
123456
35090
123456
35092
123456
35094
123456
35096
123456
35098
123456
35100
123456
35102
123456
35104
123456
35106
123456
35108
123456
35110
123456
35112
123456
35114
123456
35116
123456
35118
123456
35120
123456
35122
123456
35124
123456
35126
123456
35128
123456
35130
123456
35132
123456
35134
123456
35136
123456
35138
123456
35140
123456
35142
123456
35144
123456
35146
123456
35148
123456
35150
123456
35152
123456
35154
123456
35156
123456
35158
123456
35160
123456
35162
123456
35164
123456
35166
123456
35168
123456
35170
123456
35172
123456
35174
123456
35176
123456
35178
123456
35180
123456
35182
123456
35184
123456
35186
123456
35188
123456
35190
123456
35192
123456
35194
123456
35196
123456
35198
123456
35200
123456
35202
123456
35204
123456
35206
123456
35208
123456
35210
123456
35212
123456
35214
123456
35216
123456
35218
123456
35220
123456
35222
123456
35224
123456
35226
123456
35228
123456
35230
123456
35232
123456
35234
123456
35236
123456
35238
123456
35240
123456
35242
123456
35244
123456
35246
123456
35248
123456
35250
123456
35252
123456
35254
123456
35256
123456
35258
123456
35260
123456
35262
123456
35264
123456
35266
123456
35268
123456
35270
123456
35272
123456
35274
123456
35276
123456
35278
123456
35280
123456
35282
123456
35284
123456
35286
123456
35288
123456
35290
123456
35292
123456
35294
123456
35296
123456
35298
123456
35300
123456
35302
123456
35304
123456
35306
123456
35308
123456
35310
123456
35312
123456
35314
123456
35316
123456
35318
123456
35320
123456
35322
123456
35324
123456
35326
123456
35328
123456
35330
123456
35332
123456
35334
123456
35336
123456
35338
123456
35340
123456
35342
123456
35344
123456
35346
123456
35348
123456
35350
123456
35352
123456
35354
123456
35356
123456
35358
123456
35360
123456
35362
123456
35364
123456
35366
123456
35368
123456
35370
123456
35372
123456
35374
123456
35376
123456
35378
123456
35380
123456
35382
123456
35384
123456
35386
123456
35388
123456
35390
123456
35392
123456
35394
123456
35396
123456
35398
123456
35400
123456
35402
123456
35404
123456
35406
123456
35408
123456
35410
123456
35412
123456
35414
123456
35416
123456
35418
123456
35420
123456
35422
123456
35424
123456
35426
123456
35428
123456
35430
123456
35432
123456
35434
123456
35436
123456
35438
123456
35440
123456
35442
123456
35444
123456
35446
123456
35448
123456
35450
123456
35452
123456
35454
123456
35456
123456
35458
123456
35460
123456
35462
123456
35464
123456
35466
123456
35468
123456
35470
123456
35472
123456
35474
123456
35476
123456
35478
123456
35480
123456
35482
123456
35484
123456
35486
123456
35488
123456
35490
123456
35492
123456
35494
123456
35496
123456
35498
123456
35500
123456
35502
123456
35504
123456
35506
123456
35508
123456
35510
123456
35512
123456
35514
123456
35516
123456
35518
123456
35520
123456
35522
123456
35524
123456
35526
123456
35528
123456
35530
123456
35532
123456
35534
123456
35536
123456
35538
123456
35540
123456
35542
123456
35544
123456
35546
123456
35548
123456
35550
123456
35552
123456
35554
123456
35556
123456
35558
123456
35560
123456
35562
123456
35564
123456
35566
123456
35568
123456
35570
123456
35572
123456
35574
123456
35576
123456
35578
123456
35580
123456
35582
123456
35584
123456
35586
123456
35588
123456
35590
123456
35592
123456
35594
123456
35596
123456
35598
123456
35600
123456
35602
123456
35604
123456
35606
123456
35608
123456
35610
123456
35612
123456
35614
123456
35616
123456
35618
123456
35620
123456
35622
123456
35624
123456
35626
123456
35628
123456
35630
123456
35632
123456
35634
123456
35636
123456
35638
123456
35640
123456
35642
123456
35644
123456
35646
123456
35648
123456
35650
123456
35652
123456
35654
123456
35656
123456
35658
123456
35660
123456
35662
123456
35664
123456
35666
123456
35668
123456
35670
123456
35672
123456
35674
123456
35676
123456
35678
123456
35680
123456
35682
123456
35684
123456
35686
123456
35688
123456
35690
123456
35692
123456
35694
123456
35696
123456
35698
123456
35700
123456
35702
123456
35704
123456
35706
123456
35708
123456
35710
123456
35712
123456
35714
123456
35716
123456
35718
123456
35720
123456
35722
123456
35724
123456
35726
123456
35728
123456
35730
123456
35732
123456
35734
123456
35736
123456
35738
123456
35740
123456
35742
123456
35744
123456
35746
123456
35748
123456
35750
123456
35752
123456
35754
123456
35756
123456
35758
123456
35760
123456
35762
123456
35764
123456
35766
123456
35768
123456
35770
123456
35772
123456
35774
123456
35776
123456
35778
123456
35780
123456
35782
123456
35784
123456
35786
123456
35788
123456
35790
123456
35792
123456
35794
123456
35796
123456
35798
123456
35800
123456
35802
123456
35804
123456
35806
123456
35808
123456
35810
123456
35812
123456
35814
123456
35816
123456
35818
123456
35820
123456
35822
123456
35824
123456
35826
123456
35828
123456
35830
123456
35832
123456
35834
123456
35836
123456
35838
123456
35840
123456
35842
123456
35844
123456
35846
123456
35848
123456
35850
123456
35852
123456
35854
123456
35856
123456
35858
123456
35860
123456
35862
123456
35864
123456
35866
123456
35868
123456
35870
123456
35872
123456
35874
123456
35876
123456
35878
123456
35880
123456
35882
123456
35884
123456
35886
123456
35888
123456
35890
123456
35892
123456
35894
123456
35896
123456
35898
123456
35900
123456
35902
123456
35904
123456
35906
123456
35908
123456
35910
123456
35912
123456
35914
123456
35916
123456
35918
123456
35920
123456
35922
123456
35924
123456
35926
123456
35928
123456
35930
123456
35932
123456
35934
123456
35936
123456
35938
123456
35940
123456
35942
123456
35944
123456
35946
123456
35948
123456
35950
123456
35952
123456
35954
123456
35956
123456
35958
123456
35960
123456
35962
123456
35964
123456
35966
123456
35968
123456
35970
123456
35972
123456
35974
123456
35976
123456
35978
123456
35980
123456
35982
123456
35984
123456
35986
123456
35988
123456
35990
123456
35992
123456
35994
123456
35996
123456
35998
123456
36000
123456
36002
123456
36004
123456
36006
123456
36008
123456
36010
123456
36012
123456
36014
123456
36016
123456
36018
123456
36020
123456
36022
123456
36024
123456
36026
123456
36028
123456
36030
123456
36032
123456
36034
123456
36036
123456
36038
123456
36040
123456
36042
123456
36044
123456
36046
123456
36048
123456
36050
123456
36052
123456
36054
123456
36056
123456
36058
123456
36060
123456
36062
123456
36064
123456
36066
123456
36068
123456
36070
123456
36072
123456
36074
123456
36076
123456
36078
123456
36080
123456
36082
123456
36084
123456
36086
123456
36088
123456
36090
123456
36092
123456
36094
123456
36096
123456
36098
123456
36100
123456
36102
123456
36104
123456
36106
123456
36108
123456
36110
123456
36112
123456
36114
123456
36116
123456
36118
123456
36120
123456
36122
123456
36124
123456
36126
123456
36128
123456
36130
123456
36132
123456
36134
123456
36136
123456
36138
123456
36140
123456
36142
123456
36144
123456
36146
123456
36148
123456
36150
123456
36152
123456
36154
123456
36156
123456
36158
123456
36160
123456
36162
123456
36164
123456
36166
123456
36168
123456
36170
123456
36172
123456
36174
123456
36176
123456
36178
123456
36180
123456
36182
123456
36184
123456
36186
123456
36188
123456
36190
123456
36192
123456
36194
123456
36196
123456
36198
123456
36200
123456
36202
123456
36204
123456
36206
123456
36208
123456
36210
123456
36212
123456
36214
123456
36216
123456
36218
123456
36220
123456
36222
123456
36224
123456
36226
123456
36228
123456
36230
123456
36232
123456
36234
123456
36236
123456
36238
123456
36240
123456
36242
123456
36244
123456
36246
123456
36248
123456
36250
123456
36252
123456
36254
123456
36256
123456
36258
123456
36260
123456
36262
123456
36264
123456
36266
123456
36268
123456
36270
123456
36272
123456
36274
123456
36276
123456
36278
123456
36280
123456
36282
123456
36284
123456
36286
123456
36288
123456
36290
123456
36292
123456
36294
123456
36296
123456
36298
123456
36300
123456
36302
123456
36304
123456
36306
123456
36308
123456
36310
123456
36312
123456
36314
123456
36316
123456
36318
123456
36320
123456
36322
123456
36324
123456
36326
123456
36328
123456
36330
123456
36332
123456
36334
123456
36336
123456
36338
123456
36340
123456
36342
123456
36344
123456
36346
123456
36348
123456
36350
123456
36352
123456
36354
123456
36356
123456
36358
123456
36360
123456
36362
123456
36364
123456
36366
123456
36368
123456
36370
123456
36372
123456
36374
123456
36376
123456
36378
123456
36380
123456
36382
123456
36384
123456
36386
123456
36388
123456
36390
123456
36392
123456
36394
123456
36396
123456
36398
123456
36400
123456
36402
123456
36404
123456
36406
123456
36408
123456
36410
123456
36412
123456
36414
123456
36416
123456
36418
123456
36420
123456
36422
123456
36424
123456
36426
123456
36428
123456
36430
123456
36432
123456
36434
123456
36436
123456
36438
123456
36440
123456
36442
123456
36444
123456
36446
123456
36448
123456
36450
123456
36452
123456
36454
123456
36456
123456
36458
123456
36460
123456
36462
123456
36464
123456
36466
123456
36468
123456
36470
123456
36472
123456
36474
123456
36476
123456
36478
123456
36480
123456
36482
123456
36484
123456
36486
123456
36488
123456
36490
123456
36492
123456
36494
123456
36496
123456
36498
123456
36500
123456
36502
123456
36504
123456
36506
123456
36508
123456
36510
123456
36512
123456
36514
123456
36516
123456
36518
123456
36520
123456
36522
123456
36524
123456
36526
123456
36528
123456
36530
123456
36532
123456
36534
123456
36536
123456
36538
123456
36540
123456
36542
123456
36544
123456
36546
123456
36548
123456
36550
123456
36552
123456
36554
123456
36556
123456
36558
123456
36560
123456
36562
123456
36564
123456
36566
123456
36568
123456
36570
123456
36572
123456
36574
123456
36576
123456
36578
123456
36580
123456
36582
123456
36584
123456
36586
123456
36588
123456
36590
123456
36592
123456
36594
123456
36596
123456
36598
123456
36600
123456
36602
123456
36604
123456
36606
123456
36608
123456
36610
123456
36612
123456
36614
123456
36616
123456
36618
123456
36620
123456
36622
123456
36624
123456
36626
123456
36628
123456
36630
123456
36632
123456
36634
123456
36636
123456
36638
123456
36640
123456
36642
123456
36644
123456
36646
123456
36648
123456
36650
123456
36652
123456
36654
123456
36656
123456
36658
123456
36660
123456
36662
123456
36664
123456
36666
123456
36668
123456
36670
123456
36672
123456
36674
123456
36676
123456
36678
123456
36680
123456
36682
123456
36684
123456
36686
123456
36688
123456
36690
123456
36692
123456
36694
123456
36696
123456
36698
123456
36700
123456
36702
123456
36704
123456
36706
123456
36708
123456
36710
123456
36712
123456
36714
123456
36716
123456
36718
123456
36720
123456
36722
123456
36724
123456
36726
123456
36728
123456
36730
123456
36732
123456
36734
123456
36736
123456
36738
123456
36740
123456
36742
123456
36744
123456
36746
123456
36748
123456
36750
123456
36752
123456
36754
123456
36756
123456
36758
123456
36760
123456
36762
123456
36764
123456
36766
123456
36768
123456
36770
123456
36772
123456
36774
123456
36776
123456
36778
123456
36780
123456
36782
123456
36784
123456
36786
123456
36788
123456
36790
123456
36792
123456
36794
123456
36796
123456
36798
123456
36800
123456
36802
123456
36804
123456
36806
123456
36808
123456
36810
123456
36812
123456
36814
123456
36816
123456
36818
123456
36820
123456
36822
123456
36824
123456
36826
123456
36828
123456
36830
123456
36832
123456
36834
123456
36836
123456
36838
123456
36840
123456
36842
123456
36844
123456
36846
123456
36848
123456
36850
123456
36852
123456
36854
123456
36856
123456
36858
123456
36860
123456
36862
123456
36864
123456
36866
123456
36868
123456
36870
123456
36872
123456
36874
123456
36876
123456
36878
123456
36880
123456
36882
123456
36884
123456
36886
123456
36888
123456
36890
123456
36892
123456
36894
123456
36896
123456
36898
123456
36900
123456
36902
123456
36904
123456
36906
123456
36908
123456
36910
123456
36912
123456
36914
123456
36916
123456
36918
123456
36920
123456
36922
123456
36924
123456
36926
123456
36928
123456
36930
123456
36932
123456
36934
123456
36936
123456
36938
123456
36940
123456
36942
123456
36944
123456
36946
123456
36948
123456
36950
123456
36952
123456
36954
123456
36956
123456
36958
123456
36960
123456
36962
123456
36964
123456
36966
123456
36968
123456
36970
123456
36972
123456
36974
123456
36976
123456
36978
123456
36980
123456
36982
123456
36984
123456
36986
123456
36988
123456
36990
123456
36992
123456
36994
123456
36996
123456
36998
123456
37000
123456
37002
123456
37004
123456
37006
123456
37008
123456
37010
123456
37012
123456
37014
123456
37016
123456
37018
123456
37020
123456
37022
123456
37024
123456
37026
123456
37028
123456
37030
123456
37032
123456
37034
123456
37036
123456
37038
123456
37040
123456
37042
123456
37044
123456
37046
123456
37048
123456
37050
123456
37052
123456
37054
123456
37056
123456
37058
123456
37060
123456
37062
123456
37064
123456
37066
123456
37068
123456
37070
123456
37072
123456
37074
123456
37076
123456
37078
123456
37080
123456
37082
123456
37084
123456
37086
123456
37088
123456
37090
123456
37092
123456
37094
123456
37096
123456
37098
123456
37100
123456
37102
123456
37104
123456
37106
123456
37108
123456
37110
123456
37112
123456
37114
123456
37116
123456
37118
123456
37120
123456
37122
123456
37124
123456
37126
123456
37128
123456
37130
123456
37132
123456
37134
123456
37136
123456
37138
123456
37140
123456
37142
123456
37144
123456
37146
123456
37148
123456
37150
123456
37152
123456
37154
123456
37156
123456
37158
123456
37160
123456
37162
123456
37164
123456
37166
123456
37168
123456
37170
123456
37172
123456
37174
123456
37176
123456
37178
123456
37180
123456
37182
123456
37184
123456
37186
123456
37188
123456
37190
123456
37192
123456
37194
123456
37196
123456
37198
123456
37200
123456
37202
123456
37204
123456
37206
123456
37208
123456
37210
123456
37212
123456
37214
123456
37216
123456
37218
123456
37220
123456
37222
123456
37224
123456
37226
123456
37228
123456
37230
123456
37232
123456
37234
123456
37236
123456
37238
123456
37240
123456
37242
123456
37244
123456
37246
123456
37248
123456
37250
123456
37252
123456
37254
123456
37256
123456
37258
123456
37260
123456
37262
123456
37264
123456
37266
123456
37268
123456
37270
123456
37272
123456
37274
123456
37276
123456
37278
123456
37280
123456
37282
123456
37284
123456
37286
123456
37288
123456
37290
123456
37292
123456
37294
123456
37296
123456
37298
123456
37300
123456
37302
123456
37304
123456
37306
123456
37308
123456
37310
123456
37312
123456
37314
123456
37316
123456
37318
123456
37320
123456
37322
123456
37324
123456
37326
123456
37328
123456
37330
123456
37332
123456
37334
123456
37336
123456
37338
123456
37340
123456
37342
123456
37344
123456
37346
123456
37348
123456
37350
123456
37352
123456
37354
123456
37356
123456
37358
123456
37360
123456
37362
123456
37364
123456
37366
123456
37368
123456
37370
123456
37372
123456
37374
123456
37376
123456
37378
123456
37380
123456
37382
123456
37384
123456
37386
123456
37388
123456
37390
123456
37392
123456
37394
123456
37396
123456
37398
123456
37400
123456
37402
123456
37404
123456
37406
123456
37408
123456
37410
123456
37412
123456
37414
123456
37416
123456
37418
123456
37420
123456
37422
123456
37424
123456
37426
123456
37428
123456
37430
123456
37432
123456
37434
123456
37436
123456
37438
123456
37440
123456
37442
123456
37444
123456
37446
123456
37448
123456
37450
123456
37452
123456
37454
123456
37456
123456
37458
123456
37460
123456
37462
123456
37464
123456
37466
123456
37468
123456
37470
123456
37472
123456
37474
123456
37476
123456
37478
123456
37480
123456
37482
123456
37484
123456
37486
123456
37488
123456
37490
123456
37492
123456
37494
123456
37496
123456
37498
123456
37500
123456
37502
123456
37504
123456
37506
123456
37508
123456
37510
123456
37512
123456
37514
123456
37516
123456
37518
123456
37520
123456
37522
123456
37524
123456
37526
123456
37528
123456
37530
123456
37532
123456
37534
123456
37536
123456
37538
123456
37540
123456
37542
123456
37544
123456
37546
123456
37548
123456
37550
123456
37552
123456
37554
123456
37556
123456
37558
123456
37560
123456
37562
123456
37564
123456
37566
123456
37568
123456
37570
123456
37572
123456
37574
123456
37576
123456
37578
123456
37580
123456
37582
123456
37584
123456
37586
123456
37588
123456
37590
123456
37592
123456
37594
123456
37596
123456
37598
123456
37600
123456
37602
123456
37604
123456
37606
123456
37608
123456
37610
123456
37612
123456
37614
123456
37616
123456
37618
123456
37620
123456
37622
123456
37624
123456
37626
123456
37628
123456
37630
123456
37632
123456
37634
123456
37636
123456
37638
123456
37640
123456
37642
123456
37644
123456
37646
123456
37648
123456
37650
123456
37652
123456
37654
123456
37656
123456
37658
123456
37660
123456
37662
123456
37664
123456
37666
123456
37668
123456
37670
123456
37672
123456
37674
123456
37676
123456
37678
123456
37680
123456
37682
123456
37684
123456
37686
123456
37688
123456
37690
123456
37692
123456
37694
123456
37696
123456
37698
123456
37700
123456
37702
123456
37704
123456
37706
123456
37708
123456
37710
123456
37712
123456
37714
123456
37716
123456
37718
123456
37720
123456
37722
123456
37724
123456
37726
123456
37728
123456
37730
123456
37732
123456
37734
123456
37736
123456
37738
123456
37740
123456
37742
123456
37744
123456
37746
123456
37748
123456
37750
123456
37752
123456
37754
123456
37756
123456
37758
123456
37760
123456
37762
123456
37764
123456
37766
123456
37768
123456
37770
123456
37772
123456
37774
123456
37776
123456
37778
123456
37780
123456
37782
123456
37784
123456
37786
123456
37788
123456
37790
123456
37792
123456
37794
123456
37796
123456
37798
123456
37800
123456
37802
123456
37804
123456
37806
123456
37808
123456
37810
123456
37812
123456
37814
123456
37816
123456
37818
123456
37820
123456
37822
123456
37824
123456
37826
123456
37828
123456
37830
123456
37832
123456
37834
123456
37836
123456
37838
123456
37840
123456
37842
123456
37844
123456
37846
123456
37848
123456
37850
123456
37852
123456
37854
123456
37856
123456
37858
123456
37860
123456
37862
123456
37864
123456
37866
123456
37868
123456
37870
123456
37872
123456
37874
123456
37876
123456
37878
123456
37880
123456
37882
123456
37884
123456
37886
123456
37888
123456
37890
123456
37892
123456
37894
123456
37896
123456
37898
123456
37900
123456
37902
123456
37904
123456
37906
123456
37908
123456
37910
123456
37912
123456
37914
123456
37916
123456
37918
123456
37920
123456
37922
123456
37924
123456
37926
123456
37928
123456
37930
123456
37932
123456
37934
123456
37936
123456
37938
123456
37940
123456
37942
123456
37944
123456
37946
123456
37948
123456
37950
123456
37952
123456
37954
123456
37956
123456
37958
123456
37960
123456
37962
123456
37964
123456
37966
123456
37968
123456
37970
123456
37972
123456
37974
123456
37976
123456
37978
123456
37980
123456
37982
123456
37984
123456
37986
123456
37988
123456
37990
123456
37992
123456
37994
123456
37996
123456
37998
123456
38000
123456
38002
123456
38004
123456
38006
123456
38008
123456
38010
123456
38012
123456
38014
123456
38016
123456
38018
123456
38020
123456
38022
123456
38024
123456
38026
123456
38028
123456
38030
123456
38032
123456
38034
123456
38036
123456
38038
123456
38040
123456
38042
123456
38044
123456
38046
123456
38048
123456
38050
123456
38052
123456
38054
123456
38056
123456
38058
123456
38060
123456
38062
123456
38064
123456
38066
123456
38068
123456
38070
123456
38072
123456
38074
123456
38076
123456
38078
123456
38080
123456
38082
123456
38084
123456
38086
123456
38088
123456
38090
123456
38092
123456
38094
123456
38096
123456
38098
123456
38100
123456
38102
123456
38104
123456
38106
123456
38108
123456
38110
123456
38112
123456
38114
123456
38116
123456
38118
123456
38120
123456
38122
123456
38124
123456
38126
123456
38128
123456
38130
123456
38132
123456
38134
123456
38136
123456
38138
123456
38140
123456
38142
123456
38144
123456
38146
123456
38148
123456
38150
123456
38152
123456
38154
123456
38156
123456
38158
123456
38160
123456
38162
123456
38164
123456
38166
123456
38168
123456
38170
123456
38172
123456
38174
123456
38176
123456
38178
123456
38180
123456
38182
123456
38184
123456
38186
123456
38188
123456
38190
123456
38192
123456
38194
123456
38196
123456
38198
123456
38200
123456
38202
123456
38204
123456
38206
123456
38208
123456
38210
123456
38212
123456
38214
123456
38216
123456
38218
123456
38220
123456
38222
123456
38224
123456
38226
123456
38228
123456
38230
123456
38232
123456
38234
123456
38236
123456
38238
123456
38240
123456
38242
123456
38244
123456
38246
123456
38248
123456
38250
123456
38252
123456
38254
123456
38256
123456
38258
123456
38260
123456
38262
123456
38264
123456
38266
123456
38268
123456
38270
123456
38272
123456
38274
123456
38276
123456
38278
123456
38280
123456
38282
123456
38284
123456
38286
123456
38288
123456
38290
123456
38292
123456
38294
123456
38296
123456
38298
123456
38300
123456
38302
123456
38304
123456
38306
123456
38308
123456
38310
123456
38312
123456
38314
123456
38316
123456
38318
123456
38320
123456
38322
123456
38324
123456
38326
123456
38328
123456
38330
123456
38332
123456
38334
123456
38336
123456
38338
123456
38340
123456
38342
123456
38344
123456
38346
123456
38348
123456
38350
123456
38352
123456
38354
123456
38356
123456
38358
123456
38360
123456
38362
123456
38364
123456
38366
123456
38368
123456
38370
123456
38372
123456
38374
123456
38376
123456
38378
123456
38380
123456
38382
123456
38384
123456
38386
123456
38388
123456
38390
123456
38392
123456
38394
123456
38396
123456
38398
123456
38400
123456
38402
123456
38404
123456
38406
123456
38408
123456
38410
123456
38412
123456
38414
123456
38416
123456
38418
123456
38420
123456
38422
123456
38424
123456
38426
123456
38428
123456
38430
123456
38432
123456
38434
123456
38436
123456
38438
123456
38440
123456
38442
123456
38444
123456
38446
123456
38448
123456
38450
123456
38452
123456
38454
123456
38456
123456
38458
123456
38460
123456
38462
123456
38464
123456
38466
123456
38468
123456
38470
123456
38472
123456
38474
123456
38476
123456
38478
123456
38480
123456
38482
123456
38484
123456
38486
123456
38488
123456
38490
123456
38492
123456
38494
123456
38496
123456
38498
123456
38500
123456
38502
123456
38504
123456
38506
123456
38508
123456
38510
123456
38512
123456
38514
123456
38516
123456
38518
123456
38520
123456
38522
123456
38524
123456
38526
123456
38528
123456
38530
123456
38532
123456
38534
123456
38536
123456
38538
123456
38540
123456
38542
123456
38544
123456
38546
123456
38548
123456
38550
123456
38552
123456
38554
123456
38556
123456
38558
123456
38560
123456
38562
123456
38564
123456
38566
123456
38568
123456
38570
123456
38572
123456
38574
123456
38576
123456
38578
123456
38580
123456
38582
123456
38584
123456
38586
123456
38588
123456
38590
123456
38592
123456
38594
123456
38596
123456
38598
123456
38600
123456
38602
123456
38604
123456
38606
123456
38608
123456
38610
123456
38612
123456
38614
123456
38616
123456
38618
123456
38620
123456
38622
123456
38624
123456
38626
123456
38628
123456
38630
123456
38632
123456
38634
123456
38636
123456
38638
123456
38640
123456
38642
123456
38644
123456
38646
123456
38648
123456
38650
123456
38652
123456
38654
123456
38656
123456
38658
123456
38660
123456
38662
123456
38664
123456
38666
123456
38668
123456
38670
123456
38672
123456
38674
123456
38676
123456
38678
123456
38680
123456
38682
123456
38684
123456
38686
123456
38688
123456
38690
123456
38692
123456
38694
123456
38696
123456
38698
123456
38700
123456
38702
123456
38704
123456
38706
123456
38708
123456
38710
123456
38712
123456
38714
123456
38716
123456
38718
123456
38720
123456
38722
123456
38724
123456
38726
123456
38728
123456
38730
123456
38732
123456
38734
123456
38736
123456
38738
123456
38740
123456
38742
123456
38744
123456
38746
123456
38748
123456
38750
123456
38752
123456
38754
123456
38756
123456
38758
123456
38760
123456
38762
123456
38764
123456
38766
123456
38768
123456
38770
123456
38772
123456
38774
123456
38776
123456
38778
123456
38780
123456
38782
123456
38784
123456
38786
123456
38788
123456
38790
123456
38792
123456
38794
123456
38796
123456
38798
123456
38800
123456
38802
123456
38804
123456
38806
123456
38808
123456
38810
123456
38812
123456
38814
123456
38816
123456
38818
123456
38820
123456
38822
123456
38824
123456
38826
123456
38828
123456
38830
123456
38832
123456
38834
123456
38836
123456
38838
123456
38840
123456
38842
123456
38844
123456
38846
123456
38848
123456
38850
123456
38852
123456
38854
123456
38856
123456
38858
123456
38860
123456
38862
123456
38864
123456
38866
123456
38868
123456
38870
123456
38872
123456
38874
123456
38876
123456
38878
123456
38880
123456
38882
123456
38884
123456
38886
123456
38888
123456
38890
123456
38892
123456
38894
123456
38896
123456
38898
123456
38900
123456
38902
123456
38904
123456
38906
123456
38908
123456
38910
123456
38912
123456
38914
123456
38916
123456
38918
123456
38920
123456
38922
123456
38924
123456
38926
123456
38928
123456
38930
123456
38932
123456
38934
123456
38936
123456
38938
123456
38940
123456
38942
123456
38944
123456
38946
123456
38948
123456
38950
123456
38952
123456
38954
123456
38956
123456
38958
123456
38960
123456
38962
123456
38964
123456
38966
123456
38968
123456
38970
123456
38972
123456
38974
123456
38976
123456
38978
123456
38980
123456
38982
123456
38984
123456
38986
123456
38988
123456
38990
123456
38992
123456
38994
123456
38996
123456
38998
123456
39000
123456
39002
123456
39004
123456
39006
123456
39008
123456
39010
123456
39012
123456
39014
123456
39016
123456
39018
123456
39020
123456
39022
123456
39024
123456
39026
123456
39028
123456
39030
123456
39032
123456
39034
123456
39036
123456
39038
123456
39040
123456
39042
123456
39044
123456
39046
123456
39048
123456
39050
123456
39052
123456
39054
123456
39056
123456
39058
123456
39060
123456
39062
123456
39064
123456
39066
123456
39068
123456
39070
123456
39072
123456
39074
123456
39076
123456
39078
123456
39080
123456
39082
123456
39084
123456
39086
123456
39088
123456
39090
123456
39092
123456
39094
123456
39096
123456
39098
123456
39100
123456
39102
123456
39104
123456
39106
123456
39108
123456
39110
123456
39112
123456
39114
123456
39116
123456
39118
123456
39120
123456
39122
123456
39124
123456
39126
123456
39128
123456
39130
123456
39132
123456
39134
123456
39136
123456
39138
123456
39140
123456
39142
123456
39144
123456
39146
123456
39148
123456
39150
123456
39152
123456
39154
123456
39156
123456
39158
123456
39160
123456
39162
123456
39164
123456
39166
123456
39168
123456
39170
123456
39172
123456
39174
123456
39176
123456
39178
123456
39180
123456
39182
123456
39184
123456
39186
123456
39188
123456
39190
123456
39192
123456
39194
123456
39196
123456
39198
123456
39200
123456
39202
123456
39204
123456
39206
123456
39208
123456
39210
123456
39212
123456
39214
123456
39216
123456
39218
123456
39220
123456
39222
123456
39224
123456
39226
123456
39228
123456
39230
123456
39232
123456
39234
123456
39236
123456
39238
123456
39240
123456
39242
123456
39244
123456
39246
123456
39248
123456
39250
123456
39252
123456
39254
123456
39256
123456
39258
123456
39260
123456
39262
123456
39264
123456
39266
123456
39268
123456
39270
123456
39272
123456
39274
123456
39276
123456
39278
123456
39280
123456
39282
123456
39284
123456
39286
123456
39288
123456
39290
123456
39292
123456
39294
123456
39296
123456
39298
123456
39300
123456
39302
123456
39304
123456
39306
123456
39308
123456
39310
123456
39312
123456
39314
123456
39316
123456
39318
123456
39320
123456
39322
123456
39324
123456
39326
123456
39328
123456
39330
123456
39332
123456
39334
123456
39336
123456
39338
123456
39340
123456
39342
123456
39344
123456
39346
123456
39348
123456
39350
123456
39352
123456
39354
123456
39356
123456
39358
123456
39360
123456
39362
123456
39364
123456
39366
123456
39368
123456
39370
123456
39372
123456
39374
123456
39376
123456
39378
123456
39380
123456
39382
123456
39384
123456
39386
123456
39388
123456
39390
123456
39392
123456
39394
123456
39396
123456
39398
123456
39400
123456
39402
123456
39404
123456
39406
123456
39408
123456
39410
123456
39412
123456
39414
123456
39416
123456
39418
123456
39420
123456
39422
123456
39424
123456
39426
123456
39428
123456
39430
123456
39432
123456
39434
123456
39436
123456
39438
123456
39440
123456
39442
123456
39444
123456
39446
123456
39448
123456
39450
123456
39452
123456
39454
123456
39456
123456
39458
123456
39460
123456
39462
123456
39464
123456
39466
123456
39468
123456
39470
123456
39472
123456
39474
123456
39476
123456
39478
123456
39480
123456
39482
123456
39484
123456
39486
123456
39488
123456
39490
123456
39492
123456
39494
123456
39496
123456
39498
123456
39500
123456
39502
123456
39504
123456
39506
123456
39508
123456
39510
123456
39512
123456
39514
123456
39516
123456
39518
123456
39520
123456
39522
123456
39524
123456
39526
123456
39528
123456
39530
123456
39532
123456
39534
123456
39536
123456
39538
123456
39540
123456
39542
123456
39544
123456
39546
123456
39548
123456
39550
123456
39552
123456
39554
123456
39556
123456
39558
123456
39560
123456
39562
123456
39564
123456
39566
123456
39568
123456
39570
123456
39572
123456
39574
123456
39576
123456
39578
123456
39580
123456
39582
123456
39584
123456
39586
123456
39588
123456
39590
123456
39592
123456
39594
123456
39596
123456
39598
123456
39600
123456
39602
123456
39604
123456
39606
123456
39608
123456
39610
123456
39612
123456
39614
123456
39616
123456
39618
123456
39620
123456
39622
123456
39624
123456
39626
123456
39628
123456
39630
123456
39632
123456
39634
123456
39636
123456
39638
123456
39640
123456
39642
123456
39644
123456
39646
123456
39648
123456
39650
123456
39652
123456
39654
123456
39656
123456
39658
123456
39660
123456
39662
123456
39664
123456
39666
123456
39668
123456
39670
123456
39672
123456
39674
123456
39676
123456
39678
123456
39680
123456
39682
123456
39684
123456
39686
123456
39688
123456
39690
123456
39692
123456
39694
123456
39696
123456
39698
123456
39700
123456
39702
123456
39704
123456
39706
123456
39708
123456
39710
123456
39712
123456
39714
123456
39716
123456
39718
123456
39720
123456
39722
123456
39724
123456
39726
123456
39728
123456
39730
123456
39732
123456
39734
123456
39736
123456
39738
123456
39740
123456
39742
123456
39744
123456
39746
123456
39748
123456
39750
123456
39752
123456
39754
123456
39756
123456
39758
123456
39760
123456
39762
123456
39764
123456
39766
123456
39768
123456
39770
123456
39772
123456
39774
123456
39776
123456
39778
123456
39780
123456
39782
123456
39784
123456
39786
123456
39788
123456
39790
123456
39792
123456
39794
123456
39796
123456
39798
123456
39800
123456
39802
123456
39804
123456
39806
123456
39808
123456
39810
123456
39812
123456
39814
123456
39816
123456
39818
123456
39820
123456
39822
123456
39824
123456
39826
123456
39828
123456
39830
123456
39832
123456
39834
123456
39836
123456
39838
123456
39840
123456
39842
123456
39844
123456
39846
123456
39848
123456
39850
123456
39852
123456
39854
123456
39856
123456
39858
123456
39860
123456
39862
123456
39864
123456
39866
123456
39868
123456
39870
123456
39872
123456
39874
123456
39876
123456
39878
123456
39880
123456
39882
123456
39884
123456
39886
123456
39888
123456
39890
123456
39892
123456
39894
123456
39896
123456
39898
123456
39900
123456
39902
123456
39904
123456
39906
123456
39908
123456
39910
123456
39912
123456
39914
123456
39916
123456
39918
123456
39920
123456
39922
123456
39924
123456
39926
123456
39928
123456
39930
123456
39932
123456
39934
123456
39936
123456
39938
123456
39940
123456
39942
123456
39944
123456
39946
123456
39948
123456
39950
123456
39952
123456
39954
123456
39956
123456
39958
123456
39960
123456
39962
123456
39964
123456
39966
123456
39968
123456
39970
123456
39972
123456
39974
123456
39976
123456
39978
123456
39980
123456
39982
123456
39984
123456
39986
123456
39988
123456
39990
123456
39992
123456
39994
123456
39996
123456
39998
123456
40000
123456
40002
123456
40004
123456
40006
123456
40008
123456
40010
123456
40012
123456
40014
123456
40016
123456
40018
123456
40020
123456
40022
123456
40024
123456
40026
123456
40028
123456
40030
123456
40032
123456
40034
123456
40036
123456
40038
123456
40040
123456
40042
123456
40044
123456
40046
123456
40048
123456
40050
123456
40052
123456
40054
123456
40056
123456
40058
123456
40060
123456
40062
123456
40064
123456
40066
123456
40068
123456
40070
123456
40072
123456
40074
123456
40076
123456
40078
123456
40080
123456
40082
123456
40084
123456
40086
123456
40088
123456
40090
123456
40092
123456
40094
123456
40096
123456
40098
123456
40100
123456
40102
123456
40104
123456
40106
123456
40108
123456
40110
123456
40112
123456
40114
123456
40116
123456
40118
123456
40120
123456
40122
123456
40124
123456
40126
123456
40128
123456
40130
123456
40132
123456
40134
123456
40136
123456
40138
123456
40140
123456
40142
123456
40144
123456
40146
123456
40148
123456
40150
123456
40152
123456
40154
123456
40156
123456
40158
123456
40160
123456
40162
123456
40164
123456
40166
123456
40168
123456
40170
123456
40172
123456
40174
123456
40176
123456
40178
123456
40180
123456
40182
123456
40184
123456
40186
123456
40188
123456
40190
123456
40192
123456
40194
123456
40196
123456
40198
123456
40200
123456
40202
123456
40204
123456
40206
123456
40208
123456
40210
123456
40212
123456
40214
123456
40216
123456
40218
123456
40220
123456
40222
123456
40224
123456
40226
123456
40228
123456
40230
123456
40232
123456
40234
123456
40236
123456
40238
123456
40240
123456
40242
123456
40244
123456
40246
123456
40248
123456
40250
123456
40252
123456
40254
123456
40256
123456
40258
123456
40260
123456
40262
123456
40264
123456
40266
123456
40268
123456
40270
123456
40272
123456
40274
123456
40276
123456
40278
123456
40280
123456
40282
123456
40284
123456
40286
123456
40288
123456
40290
123456
40292
123456
40294
123456
40296
123456
40298
123456
40300
123456
40302
123456
40304
123456
40306
123456
40308
123456
40310
123456
40312
123456
40314
123456
40316
123456
40318
123456
40320
123456
40322
123456
40324
123456
40326
123456
40328
123456
40330
123456
40332
123456
40334
123456
40336
123456
40338
123456
40340
123456
40342
123456
40344
123456
40346
123456
40348
123456
40350
123456
40352
123456
40354
123456
40356
123456
40358
123456
40360
123456
40362
123456
40364
123456
40366
123456
40368
123456
40370
123456
40372
123456
40374
123456
40376
123456
40378
123456
40380
123456
40382
123456
40384
123456
40386
123456
40388
123456
40390
123456
40392
123456
40394
123456
40396
123456
40398
123456
40400
123456
40402
123456
40404
123456
40406
123456
40408
123456
40410
123456
40412
123456
40414
123456
40416
123456
40418
123456
40420
123456
40422
123456
40424
123456
40426
123456
40428
123456
40430
123456
40432
123456
40434
123456
40436
123456
40438
123456
40440
123456
40442
123456
40444
123456
40446
123456
40448
123456
40450
123456
40452
123456
40454
123456
40456
123456
40458
123456
40460
123456
40462
123456
40464
123456
40466
123456
40468
123456
40470
123456
40472
123456
40474
123456
40476
123456
40478
123456
40480
123456
40482
123456
40484
123456
40486
123456
40488
123456
40490
123456
40492
123456
40494
123456
40496
123456
40498
123456
40500
123456
40502
123456
40504
123456
40506
123456
40508
123456
40510
123456
40512
123456
40514
123456
40516
123456
40518
123456
40520
123456
40522
123456
40524
123456
40526
123456
40528
123456
40530
123456
40532
123456
40534
123456
40536
123456
40538
123456
40540
123456
40542
123456
40544
123456
40546
123456
40548
123456
40550
123456
40552
123456
40554
123456
40556
123456
40558
123456
40560
123456
40562
123456
40564
123456
40566
123456
40568
123456
40570
123456
40572
123456
40574
123456
40576
123456
40578
123456
40580
123456
40582
123456
40584
123456
40586
123456
40588
123456
40590
123456
40592
123456
40594
123456
40596
123456
40598
123456
40600
123456
40602
123456
40604
123456
40606
123456
40608
123456
40610
123456
40612
123456
40614
123456
40616
123456
40618
123456
40620
123456
40622
123456
40624
123456
40626
123456
40628
123456
40630
123456
40632
123456
40634
123456
40636
123456
40638
123456
40640
123456
40642
123456
40644
123456
40646
123456
40648
123456
40650
123456
40652
123456
40654
123456
40656
123456
40658
123456
40660
123456
40662
123456
40664
123456
40666
123456
40668
123456
40670
123456
40672
123456
40674
123456
40676
123456
40678
123456
40680
123456
40682
123456
40684
123456
40686
123456
40688
123456
40690
123456
40692
123456
40694
123456
40696
123456
40698
123456
40700
123456
40702
123456
40704
123456
40706
123456
40708
123456
40710
123456
40712
123456
40714
123456
40716
123456
40718
123456
40720
123456
40722
123456
40724
123456
40726
123456
40728
123456
40730
123456
40732
123456
40734
123456
40736
123456
40738
123456
40740
123456
40742
123456
40744
123456
40746
123456
40748
123456
40750
123456
40752
123456
40754
123456
40756
123456
40758
123456
40760
123456
40762
123456
40764
123456
40766
123456
40768
123456
40770
123456
40772
123456
40774
123456
40776
123456
40778
123456
40780
123456
40782
123456
40784
123456
40786
123456
40788
123456
40790
123456
40792
123456
40794
123456
40796
123456
40798
123456
40800
123456
40802
123456
40804
123456
40806
123456
40808
123456
40810
123456
40812
123456
40814
123456
40816
123456
40818
123456
40820
123456
40822
123456
40824
123456
40826
123456
40828
123456
40830
123456
40832
123456
40834
123456
40836
123456
40838
123456
40840
123456
40842
123456
40844
123456
40846
123456
40848
123456
40850
123456
40852
123456
40854
123456
40856
123456
40858
123456
40860
123456
40862
123456
40864
123456
40866
123456
40868
123456
40870
123456
40872
123456
40874
123456
40876
123456
40878
123456
40880
123456
40882
123456
40884
123456
40886
123456
40888
123456
40890
123456
40892
123456
40894
123456
40896
123456
40898
123456
40900
123456
40902
123456
40904
123456
40906
123456
40908
123456
40910
123456
40912
123456
40914
123456
40916
123456
40918
123456
40920
123456
40922
123456
40924
123456
40926
123456
40928
123456
40930
123456
40932
123456
40934
123456
40936
123456
40938
123456
40940
123456
40942
123456
40944
123456
40946
123456
40948
123456
40950
123456
40952
123456
40954
123456
40956
123456
40958
123456
40960
123456
40962
123456
40964
123456
40966
123456
40968
123456
40970
123456
40972
123456
40974
123456
40976
123456
40978
123456
40980
123456
40982
123456
40984
123456
40986
123456
40988
123456
40990
123456
40992
123456
40994
123456
40996
123456
40998
123456
41000
123456
41002
123456
41004
123456
41006
123456
41008
123456
41010
123456
41012
123456
41014
123456
41016
123456
41018
123456
41020
123456
41022
123456
41024
123456
41026
123456
41028
123456
41030
123456
41032
123456
41034
123456
41036
123456
41038
123456
41040
123456
41042
123456
41044
123456
41046
123456
41048
123456
41050
123456
41052
123456
41054
123456
41056
123456
41058
123456
41060
123456
41062
123456
41064
123456
41066
123456
41068
123456
41070
123456
41072
123456
41074
123456
41076
123456
41078
123456
41080
123456
41082
123456
41084
123456
41086
123456
41088
123456
41090
123456
41092
123456
41094
123456
41096
123456
41098
123456
41100
123456
41102
123456
41104
123456
41106
123456
41108
123456
41110
123456
41112
123456
41114
123456
41116
123456
41118
123456
41120
123456
41122
123456
41124
123456
41126
123456
41128
123456
41130
123456
41132
123456
41134
123456
41136
123456
41138
123456
41140
123456
41142
123456
41144
123456
41146
123456
41148
123456
41150
123456
41152
123456
41154
123456
41156
123456
41158
123456
41160
123456
41162
123456
41164
123456
41166
123456
41168
123456
41170
123456
41172
123456
41174
123456
41176
123456
41178
123456
41180
123456
41182
123456
41184
123456
41186
123456
41188
123456
41190
123456
41192
123456
41194
123456
41196
123456
41198
123456
41200
123456
41202
123456
41204
123456
41206
123456
41208
123456
41210
123456
41212
123456
41214
123456
41216
123456
41218
123456
41220
123456
41222
123456
41224
123456
41226
123456
41228
123456
41230
123456
41232
123456
41234
123456
41236
123456
41238
123456
41240
123456
41242
123456
41244
123456
41246
123456
41248
123456
41250
123456
41252
123456
41254
123456
41256
123456
41258
123456
41260
123456
41262
123456
41264
123456
41266
123456
41268
123456
41270
123456
41272
123456
41274
123456
41276
123456
41278
123456
41280
123456
41282
123456
41284
123456
41286
123456
41288
123456
41290
123456
41292
123456
41294
123456
41296
123456
41298
123456
41300
123456
41302
123456
41304
123456
41306
123456
41308
123456
41310
123456
41312
123456
41314
123456
41316
123456
41318
123456
41320
123456
41322
123456
41324
123456
41326
123456
41328
123456
41330
123456
41332
123456
41334
123456
41336
123456
41338
123456
41340
123456
41342
123456
41344
123456
41346
123456
41348
123456
41350
123456
41352
123456
41354
123456
41356
123456
41358
123456
41360
123456
41362
123456
41364
123456
41366
123456
41368
123456
41370
123456
41372
123456
41374
123456
41376
123456
41378
123456
41380
123456
41382
123456
41384
123456
41386
123456
41388
123456
41390
123456
41392
123456
41394
123456
41396
123456
41398
123456
41400
123456
41402
123456
41404
123456
41406
123456
41408
123456
41410
123456
41412
123456
41414
123456
41416
123456
41418
123456
41420
123456
41422
123456
41424
123456
41426
123456
41428
123456
41430
123456
41432
123456
41434
123456
41436
123456
41438
123456
41440
123456
41442
123456
41444
123456
41446
123456
41448
123456
41450
123456
41452
123456
41454
123456
41456
123456
41458
123456
41460
123456
41462
123456
41464
123456
41466
123456
41468
123456
41470
123456
41472
123456
41474
123456
41476
123456
41478
123456
41480
123456
41482
123456
41484
123456
41486
123456
41488
123456
41490
123456
41492
123456
41494
123456
41496
123456
41498
123456
41500
123456
41502
123456
41504
123456
41506
123456
41508
123456
41510
123456
41512
123456
41514
123456
41516
123456
41518
123456
41520
123456
41522
123456
41524
123456
41526
123456
41528
123456
41530
123456
41532
123456
41534
123456
41536
123456
41538
123456
41540
123456
41542
123456
41544
123456
41546
123456
41548
123456
41550
123456
41552
123456
41554
123456
41556
123456
41558
123456
41560
123456
41562
123456
41564
123456
41566
123456
41568
123456
41570
123456
41572
123456
41574
123456
41576
123456
41578
123456
41580
123456
41582
123456
41584
123456
41586
123456
41588
123456
41590
123456
41592
123456
41594
123456
41596
123456
41598
123456
41600
123456
41602
123456
41604
123456
41606
123456
41608
123456
41610
123456
41612
123456
41614
123456
41616
123456
41618
123456
41620
123456
41622
123456
41624
123456
41626
123456
41628
123456
41630
123456
41632
123456
41634
123456
41636
123456
41638
123456
41640
123456
41642
123456
41644
123456
41646
123456
41648
123456
41650
123456
41652
123456
41654
123456
41656
123456
41658
123456
41660
123456
41662
123456
41664
123456
41666
123456
41668
123456
41670
123456
41672
123456
41674
123456
41676
123456
41678
123456
41680
123456
41682
123456
41684
123456
41686
123456
41688
123456
41690
123456
41692
123456
41694
123456
41696
123456
41698
123456
41700
123456
41702
123456
41704
123456
41706
123456
41708
123456
41710
123456
41712
123456
41714
123456
41716
123456
41718
123456
41720
123456
41722
123456
41724
123456
41726
123456
41728
123456
41730
123456
41732
123456
41734
123456
41736
123456
41738
123456
41740
123456
41742
123456
41744
123456
41746
123456
41748
123456
41750
123456
41752
123456
41754
123456
41756
123456
41758
123456
41760
123456
41762
123456
41764
123456
41766
123456
41768
123456
41770
123456
41772
123456
41774
123456
41776
123456
41778
123456
41780
123456
41782
123456
41784
123456
41786
123456
41788
123456
41790
123456
41792
123456
41794
123456
41796
123456
41798
123456
41800
123456
41802
123456
41804
123456
41806
123456
41808
123456
41810
123456
41812
123456
41814
123456
41816
123456
41818
123456
41820
123456
41822
123456
41824
123456
41826
123456
41828
123456
41830
123456
41832
123456
41834
123456
41836
123456
41838
123456
41840
123456
41842
123456
41844
123456
41846
123456
41848
123456
41850
123456
41852
123456
41854
123456
41856
123456
41858
123456
41860
123456
41862
123456
41864
123456
41866
123456
41868
123456
41870
123456
41872
123456
41874
123456
41876
123456
41878
123456
41880
123456
41882
123456
41884
123456
41886
123456
41888
123456
41890
123456
41892
123456
41894
123456
41896
123456
41898
123456
41900
123456
41902
123456
41904
123456
41906
123456
41908
123456
41910
123456
41912
123456
41914
123456
41916
123456
41918
123456
41920
123456
41922
123456
41924
123456
41926
123456
41928
123456
41930
123456
41932
123456
41934
123456
41936
123456
41938
123456
41940
123456
41942
123456
41944
123456
41946
123456
41948
123456
41950
123456
41952
123456
41954
123456
41956
123456
41958
123456
41960
123456
41962
123456
41964
123456
41966
123456
41968
123456
41970
123456
41972
123456
41974
123456
41976
123456
41978
123456
41980
123456
41982
123456
41984
123456
41986
123456
41988
123456
41990
123456
41992
123456
41994
123456
41996
123456
41998
123456
42000
123456
42002
123456
42004
123456
42006
123456
42008
123456
42010
123456
42012
123456
42014
123456
42016
123456
42018
123456
42020
123456
42022
123456
42024
123456
42026
123456
42028
123456
42030
123456
42032
123456
42034
123456
42036
123456
42038
123456
42040
123456
42042
123456
42044
123456
42046
123456
42048
123456
42050
123456
42052
123456
42054
123456
42056
123456
42058
123456
42060
123456
42062
123456
42064
123456
42066
123456
42068
123456
42070
123456
42072
123456
42074
123456
42076
123456
42078
123456
42080
123456
42082
123456
42084
123456
42086
123456
42088
123456
42090
123456
42092
123456
42094
123456
42096
123456
42098
123456
42100
123456
42102
123456
42104
123456
42106
123456
42108
123456
42110
123456
42112
123456
42114
123456
42116
123456
42118
123456
42120
123456
42122
123456
42124
123456
42126
123456
42128
123456
42130
123456
42132
123456
42134
123456
42136
123456
42138
123456
42140
123456
42142
123456
42144
123456
42146
123456
42148
123456
42150
123456
42152
123456
42154
123456
42156
123456
42158
123456
42160
123456
42162
123456
42164
123456
42166
123456
42168
123456
42170
123456
42172
123456
42174
123456
42176
123456
42178
123456
42180
123456
42182
123456
42184
123456
42186
123456
42188
123456
42190
123456
42192
123456
42194
123456
42196
123456
42198
123456
42200
123456
42202
123456
42204
123456
42206
123456
42208
123456
42210
123456
42212
123456
42214
123456
42216
123456
42218
123456
42220
123456
42222
123456
42224
123456
42226
123456
42228
123456
42230
123456
42232
123456
42234
123456
42236
123456
42238
123456
42240
123456
42242
123456
42244
123456
42246
123456
42248
123456
42250
123456
42252
123456
42254
123456
42256
123456
42258
123456
42260
123456
42262
123456
42264
123456
42266
123456
42268
123456
42270
123456
42272
123456
42274
123456
42276
123456
42278
123456
42280
123456
42282
123456
42284
123456
42286
123456
42288
123456
42290
123456
42292
123456
42294
123456
42296
123456
42298
123456
42300
123456
42302
123456
42304
123456
42306
123456
42308
123456
42310
123456
42312
123456
42314
123456
42316
123456
42318
123456
42320
123456
42322
123456
42324
123456
42326
123456
42328
123456
42330
123456
42332
123456
42334
123456
42336
123456
42338
123456
42340
123456
42342
123456
42344
123456
42346
123456
42348
123456
42350
123456
42352
123456
42354
123456
42356
123456
42358
123456
42360
123456
42362
123456
42364
123456
42366
123456
42368
123456
42370
123456
42372
123456
42374
123456
42376
123456
42378
123456
42380
123456
42382
123456
42384
123456
42386
123456
42388
123456
42390
123456
42392
123456
42394
123456
42396
123456
42398
123456
42400
123456
42402
123456
42404
123456
42406
123456
42408
123456
42410
123456
42412
123456
42414
123456
42416
123456
42418
123456
42420
123456
42422
123456
42424
123456
42426
123456
42428
123456
42430
123456
42432
123456
42434
123456
42436
123456
42438
123456
42440
123456
42442
123456
42444
123456
42446
123456
42448
123456
42450
123456
42452
123456
42454
123456
42456
123456
42458
123456
42460
123456
42462
123456
42464
123456
42466
123456
42468
123456
42470
123456
42472
123456
42474
123456
42476
123456
42478
123456
42480
123456
42482
123456
42484
123456
42486
123456
42488
123456
42490
123456
42492
123456
42494
123456
42496
123456
42498
123456
42500
123456
42502
123456
42504
123456
42506
123456
42508
123456
42510
123456
42512
123456
42514
123456
42516
123456
42518
123456
42520
123456
42522
123456
42524
123456
42526
123456
42528
123456
42530
123456
42532
123456
42534
123456
42536
123456
42538
123456
42540
123456
42542
123456
42544
123456
42546
123456
42548
123456
42550
123456
42552
123456
42554
123456
42556
123456
42558
123456
42560
123456
42562
123456
42564
123456
42566
123456
42568
123456
42570
123456
42572
123456
42574
123456
42576
123456
42578
123456
42580
123456
42582
123456
42584
123456
42586
123456
42588
123456
42590
123456
42592
123456
42594
123456
42596
123456
42598
123456
42600
123456
42602
123456
42604
123456
42606
123456
42608
123456
42610
123456
42612
123456
42614
123456
42616
123456
42618
123456
42620
123456
42622
123456
42624
123456
42626
123456
42628
123456
42630
123456
42632
123456
42634
123456
42636
123456
42638
123456
42640
123456
42642
123456
42644
123456
42646
123456
42648
123456
42650
123456
42652
123456
42654
123456
42656
123456
42658
123456
42660
123456
42662
123456
42664
123456
42666
123456
42668
123456
42670
123456
42672
123456
42674
123456
42676
123456
42678
123456
42680
123456
42682
123456
42684
123456
42686
123456
42688
123456
42690
123456
42692
123456
42694
123456
42696
123456
42698
123456
42700
123456
42702
123456
42704
123456
42706
123456
42708
123456
42710
123456
42712
123456
42714
123456
42716
123456
42718
123456
42720
123456
42722
123456
42724
123456
42726
123456
42728
123456
42730
123456
42732
123456
42734
123456
42736
123456
42738
123456
42740
123456
42742
123456
42744
123456
42746
123456
42748
123456
42750
123456
42752
123456
42754
123456
42756
123456
42758
123456
42760
123456
42762
123456
42764
123456
42766
123456
42768
123456
42770
123456
42772
123456
42774
123456
42776
123456
42778
123456
42780
123456
42782
123456
42784
123456
42786
123456
42788
123456
42790
123456
42792
123456
42794
123456
42796
123456
42798
123456
42800
123456
42802
123456
42804
123456
42806
123456
42808
123456
42810
123456
42812
123456
42814
123456
42816
123456
42818
123456
42820
123456
42822
123456
42824
123456
42826
123456
42828
123456
42830
123456
42832
123456
42834
123456
42836
123456
42838
123456
42840
123456
42842
123456
42844
123456
42846
123456
42848
123456
42850
123456
42852
123456
42854
123456
42856
123456
42858
123456
42860
123456
42862
123456
42864
123456
42866
123456
42868
123456
42870
123456
42872
123456
42874
123456
42876
123456
42878
123456
42880
123456
42882
123456
42884
123456
42886
123456
42888
123456
42890
123456
42892
123456
42894
123456
42896
123456
42898
123456
42900
123456
42902
123456
42904
123456
42906
123456
42908
123456
42910
123456
42912
123456
42914
123456
42916
123456
42918
123456
42920
123456
42922
123456
42924
123456
42926
123456
42928
123456
42930
123456
42932
123456
42934
123456
42936
123456
42938
123456
42940
123456
42942
123456
42944
123456
42946
123456
42948
123456
42950
123456
42952
123456
42954
123456
42956
123456
42958
123456
42960
123456
42962
123456
42964
123456
42966
123456
42968
123456
42970
123456
42972
123456
42974
123456
42976
123456
42978
123456
42980
123456
42982
123456
42984
123456
42986
123456
42988
123456
42990
123456
42992
123456
42994
123456
42996
123456
42998
123456
43000
123456
43002
123456
43004
123456
43006
123456
43008
123456
43010
123456
43012
123456
43014
123456
43016
123456
43018
123456
43020
123456
43022
123456
43024
123456
43026
123456
43028
123456
43030
123456
43032
123456
43034
123456
43036
123456
43038
123456
43040
123456
43042
123456
43044
123456
43046
123456
43048
123456
43050
123456
43052
123456
43054
123456
43056
123456
43058
123456
43060
123456
43062
123456
43064
123456
43066
123456
43068
123456
43070
123456
43072
123456
43074
123456
43076
123456
43078
123456
43080
123456
43082
123456
43084
123456
43086
123456
43088
123456
43090
123456
43092
123456
43094
123456
43096
123456
43098
123456
43100
123456
43102
123456
43104
123456
43106
123456
43108
123456
43110
123456
43112
123456
43114
123456
43116
123456
43118
123456
43120
123456
43122
123456
43124
123456
43126
123456
43128
123456
43130
123456
43132
123456
43134
123456
43136
123456
43138
123456
43140
123456
43142
123456
43144
123456
43146
123456
43148
123456
43150
123456
43152
123456
43154
123456
43156
123456
43158
123456
43160
123456
43162
123456
43164
123456
43166
123456
43168
123456
43170
123456
43172
123456
43174
123456
43176
123456
43178
123456
43180
123456
43182
123456
43184
123456
43186
123456
43188
123456
43190
123456
43192
123456
43194
123456
43196
123456
43198
123456
43200
123456
43202
123456
43204
123456
43206
123456
43208
123456
43210
123456
43212
123456
43214
123456
43216
123456
43218
123456
43220
123456
43222
123456
43224
123456
43226
123456
43228
123456
43230
123456
43232
123456
43234
123456
43236
123456
43238
123456
43240
123456
43242
123456
43244
123456
43246
123456
43248
123456
43250
123456
43252
123456
43254
123456
43256
123456
43258
123456
43260
123456
43262
123456
43264
123456
43266
123456
43268
123456
43270
123456
43272
123456
43274
123456
43276
123456
43278
123456
43280
123456
43282
123456
43284
123456
43286
123456
43288
123456
43290
123456
43292
123456
43294
123456
43296
123456
43298
123456
43300
123456
43302
123456
43304
123456
43306
123456
43308
123456
43310
123456
43312
123456
43314
123456
43316
123456
43318
123456
43320
123456
43322
123456
43324
123456
43326
123456
43328
123456
43330
123456
43332
123456
43334
123456
43336
123456
43338
123456
43340
123456
43342
123456
43344
123456
43346
123456
43348
123456
43350
123456
43352
123456
43354
123456
43356
123456
43358
123456
43360
123456
43362
123456
43364
123456
43366
123456
43368
123456
43370
123456
43372
123456
43374
123456
43376
123456
43378
123456
43380
123456
43382
123456
43384
123456
43386
123456
43388
123456
43390
123456
43392
123456
43394
123456
43396
123456
43398
123456
43400
123456
43402
123456
43404
123456
43406
123456
43408
123456
43410
123456
43412
123456
43414
123456
43416
123456
43418
123456
43420
123456
43422
123456
43424
123456
43426
123456
43428
123456
43430
123456
43432
123456
43434
123456
43436
123456
43438
123456
43440
123456
43442
123456
43444
123456
43446
123456
43448
123456
43450
123456
43452
123456
43454
123456
43456
123456
43458
123456
43460
123456
43462
123456
43464
123456
43466
123456
43468
123456
43470
123456
43472
123456
43474
123456
43476
123456
43478
123456
43480
123456
43482
123456
43484
123456
43486
123456
43488
123456
43490
123456
43492
123456
43494
123456
43496
123456
43498
123456
43500
123456
43502
123456
43504
123456
43506
123456
43508
123456
43510
123456
43512
123456
43514
123456
43516
123456
43518
123456
43520
123456
43522
123456
43524
123456
43526
123456
43528
123456
43530
123456
43532
123456
43534
123456
43536
123456
43538
123456
43540
123456
43542
123456
43544
123456
43546
123456
43548
123456
43550
123456
43552
123456
43554
123456
43556
123456
43558
123456
43560
123456
43562
123456
43564
123456
43566
123456
43568
123456
43570
123456
43572
123456
43574
123456
43576
123456
43578
123456
43580
123456
43582
123456
43584
123456
43586
123456
43588
123456
43590
123456
43592
123456
43594
123456
43596
123456
43598
123456
43600
123456
43602
123456
43604
123456
43606
123456
43608
123456
43610
123456
43612
123456
43614
123456
43616
123456
43618
123456
43620
123456
43622
123456
43624
123456
43626
123456
43628
123456
43630
123456
43632
123456
43634
123456
43636
123456
43638
123456
43640
123456
43642
123456
43644
123456
43646
123456
43648
123456
43650
123456
43652
123456
43654
123456
43656
123456
43658
123456
43660
123456
43662
123456
43664
123456
43666
123456
43668
123456
43670
123456
43672
123456
43674
123456
43676
123456
43678
123456
43680
123456
43682
123456
43684
123456
43686
123456
43688
123456
43690
123456
43692
123456
43694
123456
43696
123456
43698
123456
43700
123456
43702
123456
43704
123456
43706
123456
43708
123456
43710
123456
43712
123456
43714
123456
43716
123456
43718
123456
43720
123456
43722
123456
43724
123456
43726
123456
43728
123456
43730
123456
43732
123456
43734
123456
43736
123456
43738
123456
43740
123456
43742
123456
43744
123456
43746
123456
43748
123456
43750
123456
43752
123456
43754
123456
43756
123456
43758
123456
43760
123456
43762
123456
43764
123456
43766
123456
43768
123456
43770
123456
43772
123456
43774
123456
43776
123456
43778
123456
43780
123456
43782
123456
43784
123456
43786
123456
43788
123456
43790
123456
43792
123456
43794
123456
43796
123456
43798
123456
43800
123456
43802
123456
43804
123456
43806
123456
43808
123456
43810
123456
43812
123456
43814
123456
43816
123456
43818
123456
43820
123456
43822
123456
43824
123456
43826
123456
43828
123456
43830
123456
43832
123456
43834
123456
43836
123456
43838
123456
43840
123456
43842
123456
43844
123456
43846
123456
43848
123456
43850
123456
43852
123456
43854
123456
43856
123456
43858
123456
43860
123456
43862
123456
43864
123456
43866
123456
43868
123456
43870
123456
43872
123456
43874
123456
43876
123456
43878
123456
43880
123456
43882
123456
43884
123456
43886
123456
43888
123456
43890
123456
43892
123456
43894
123456
43896
123456
43898
123456
43900
123456
43902
123456
43904
123456
43906
123456
43908
123456
43910
123456
43912
123456
43914
123456
43916
123456
43918
123456
43920
123456
43922
123456
43924
123456
43926
123456
43928
123456
43930
123456
43932
123456
43934
123456
43936
123456
43938
123456
43940
123456
43942
123456
43944
123456
43946
123456
43948
123456
43950
123456
43952
123456
43954
123456
43956
123456
43958
123456
43960
123456
43962
123456
43964
123456
43966
123456
43968
123456
43970
123456
43972
123456
43974
123456
43976
123456
43978
123456
43980
123456
43982
123456
43984
123456
43986
123456
43988
123456
43990
123456
43992
123456
43994
123456
43996
123456
43998
123456
44000
123456
44002
123456
44004
123456
44006
123456
44008
123456
44010
123456
44012
123456
44014
123456
44016
123456
44018
123456
44020
123456
44022
123456
44024
123456
44026
123456
44028
123456
44030
123456
44032
123456
44034
123456
44036
123456
44038
123456
44040
123456
44042
123456
44044
123456
44046
123456
44048
123456
44050
123456
44052
123456
44054
123456
44056
123456
44058
123456
44060
123456
44062
123456
44064
123456
44066
123456
44068
123456
44070
123456
44072
123456
44074
123456
44076
123456
44078
123456
44080
123456
44082
123456
44084
123456
44086
123456
44088
123456
44090
123456
44092
123456
44094
123456
44096
123456
44098
123456
44100
123456
44102
123456
44104
123456
44106
123456
44108
123456
44110
123456
44112
123456
44114
123456
44116
123456
44118
123456
44120
123456
44122
123456
44124
123456
44126
123456
44128
123456
44130
123456
44132
123456
44134
123456
44136
123456
44138
123456
44140
123456
44142
123456
44144
123456
44146
123456
44148
123456
44150
123456
44152
123456
44154
123456
44156
123456
44158
123456
44160
123456
44162
123456
44164
123456
44166
123456
44168
123456
44170
123456
44172
123456
44174
123456
44176
123456
44178
123456
44180
123456
44182
123456
44184
123456
44186
123456
44188
123456
44190
123456
44192
123456
44194
123456
44196
123456
44198
123456
44200
123456
44202
123456
44204
123456
44206
123456
44208
123456
44210
123456
44212
123456
44214
123456
44216
123456
44218
123456
44220
123456
44222
123456
44224
123456
44226
123456
44228
123456
44230
123456
44232
123456
44234
123456
44236
123456
44238
123456
44240
123456
44242
123456
44244
123456
44246
123456
44248
123456
44250
123456
44252
123456
44254
123456
44256
123456
44258
123456
44260
123456
44262
123456
44264
123456
44266
123456
44268
123456
44270
123456
44272
123456
44274
123456
44276
123456
44278
123456
44280
123456
44282
123456
44284
123456
44286
123456
44288
123456
44290
123456
44292
123456
44294
123456
44296
123456
44298
123456
44300
123456
44302
123456
44304
123456
44306
123456
44308
123456
44310
123456
44312
123456
44314
123456
44316
123456
44318
123456
44320
123456
44322
123456
44324
123456
44326
123456
44328
123456
44330
123456
44332
123456
44334
123456
44336
123456
44338
123456
44340
123456
44342
123456
44344
123456
44346
123456
44348
123456
44350
123456
44352
123456
44354
123456
44356
123456
44358
123456
44360
123456
44362
123456
44364
123456
44366
123456
44368
123456
44370
123456
44372
123456
44374
123456
44376
123456
44378
123456
44380
123456
44382
123456
44384
123456
44386
123456
44388
123456
44390
123456
44392
123456
44394
123456
44396
123456
44398
123456
44400
123456
44402
123456
44404
123456
44406
123456
44408
123456
44410
123456
44412
123456
44414
123456
44416
123456
44418
123456
44420
123456
44422
123456
44424
123456
44426
123456
44428
123456
44430
123456
44432
123456
44434
123456
44436
123456
44438
123456
44440
123456
44442
123456
44444
123456
44446
123456
44448
123456
44450
123456
44452
123456
44454
123456
44456
123456
44458
123456
44460
123456
44462
123456
44464
123456
44466
123456
44468
123456
44470
123456
44472
123456
44474
123456
44476
123456
44478
123456
44480
123456
44482
123456
44484
123456
44486
123456
44488
123456
44490
123456
44492
123456
44494
123456
44496
123456
44498
123456
44500
123456
44502
123456
44504
123456
44506
123456
44508
123456
44510
123456
44512
123456
44514
123456
44516
123456
44518
123456
44520
123456
44522
123456
44524
123456
44526
123456
44528
123456
44530
123456
44532
123456
44534
123456
44536
123456
44538
123456
44540
123456
44542
123456
44544
123456
44546
123456
44548
123456
44550
123456
44552
123456
44554
123456
44556
123456
44558
123456
44560
123456
44562
123456
44564
123456
44566
123456
44568
123456
44570
123456
44572
123456
44574
123456
44576
123456
44578
123456
44580
123456
44582
123456
44584
123456
44586
123456
44588
123456
44590
123456
44592
123456
44594
123456
44596
123456
44598
123456
44600
123456
44602
123456
44604
123456
44606
123456
44608
123456
44610
123456
44612
123456
44614
123456
44616
123456
44618
123456
44620
123456
44622
123456
44624
123456
44626
123456
44628
123456
44630
123456
44632
123456
44634
123456
44636
123456
44638
123456
44640
123456
44642
123456
44644
123456
44646
123456
44648
123456
44650
123456
44652
123456
44654
123456
44656
123456
44658
123456
44660
123456
44662
123456
44664
123456
44666
123456
44668
123456
44670
123456
44672
123456
44674
123456
44676
123456
44678
123456
44680
123456
44682
123456
44684
123456
44686
123456
44688
123456
44690
123456
44692
123456
44694
123456
44696
123456
44698
123456
44700
123456
44702
123456
44704
123456
44706
123456
44708
123456
44710
123456
44712
123456
44714
123456
44716
123456
44718
123456
44720
123456
44722
123456
44724
123456
44726
123456
44728
123456
44730
123456
44732
123456
44734
123456
44736
123456
44738
123456
44740
123456
44742
123456
44744
123456
44746
123456
44748
123456
44750
123456
44752
123456
44754
123456
44756
123456
44758
123456
44760
123456
44762
123456
44764
123456
44766
123456
44768
123456
44770
123456
44772
123456
44774
123456
44776
123456
44778
123456
44780
123456
44782
123456
44784
123456
44786
123456
44788
123456
44790
123456
44792
123456
44794
123456
44796
123456
44798
123456
44800
123456
44802
123456
44804
123456
44806
123456
44808
123456
44810
123456
44812
123456
44814
123456
44816
123456
44818
123456
44820
123456
44822
123456
44824
123456
44826
123456
44828
123456
44830
123456
44832
123456
44834
123456
44836
123456
44838
123456
44840
123456
44842
123456
44844
123456
44846
123456
44848
123456
44850
123456
44852
123456
44854
123456
44856
123456
44858
123456
44860
123456
44862
123456
44864
123456
44866
123456
44868
123456
44870
123456
44872
123456
44874
123456
44876
123456
44878
123456
44880
123456
44882
123456
44884
123456
44886
123456
44888
123456
44890
123456
44892
123456
44894
123456
44896
123456
44898
123456
44900
123456
44902
123456
44904
123456
44906
123456
44908
123456
44910
123456
44912
123456
44914
123456
44916
123456
44918
123456
44920
123456
44922
123456
44924
123456
44926
123456
44928
123456
44930
123456
44932
123456
44934
123456
44936
123456
44938
123456
44940
123456
44942
123456
44944
123456
44946
123456
44948
123456
44950
123456
44952
123456
44954
123456
44956
123456
44958
123456
44960
123456
44962
123456
44964
123456
44966
123456
44968
123456
44970
123456
44972
123456
44974
123456
44976
123456
44978
123456
44980
123456
44982
123456
44984
123456
44986
123456
44988
123456
44990
123456
44992
123456
44994
123456
44996
123456
44998
123456
45000
123456
45002
123456
45004
123456
45006
123456
45008
123456
45010
123456
45012
123456
45014
123456
45016
123456
45018
123456
45020
123456
45022
123456
45024
123456
45026
123456
45028
123456
45030
123456
45032
123456
45034
123456
45036
123456
45038
123456
45040
123456
45042
123456
45044
123456
45046
123456
45048
123456
45050
123456
45052
123456
45054
123456
45056
123456
45058
123456
45060
123456
45062
123456
45064
123456
45066
123456
45068
123456
45070
123456
45072
123456
45074
123456
45076
123456
45078
123456
45080
123456
45082
123456
45084
123456
45086
123456
45088
123456
45090
123456
45092
123456
45094
123456
45096
123456
45098
123456
45100
123456
45102
123456
45104
123456
45106
123456
45108
123456
45110
123456
45112
123456
45114
123456
45116
123456
45118
123456
45120
123456
45122
123456
45124
123456
45126
123456
45128
123456
45130
123456
45132
123456
45134
123456
45136
123456
45138
123456
45140
123456
45142
123456
45144
123456
45146
123456
45148
123456
45150
123456
45152
123456
45154
123456
45156
123456
45158
123456
45160
123456
45162
123456
45164
123456
45166
123456
45168
123456
45170
123456
45172
123456
45174
123456
45176
123456
45178
123456
45180
123456
45182
123456
45184
123456
45186
123456
45188
123456
45190
123456
45192
123456
45194
123456
45196
123456
45198
123456
45200
123456
45202
123456
45204
123456
45206
123456
45208
123456
45210
123456
45212
123456
45214
123456
45216
123456
45218
123456
45220
123456
45222
123456
45224
123456
45226
123456
45228
123456
45230
123456
45232
123456
45234
123456
45236
123456
45238
123456
45240
123456
45242
123456
45244
123456
45246
123456
45248
123456
45250
123456
45252
123456
45254
123456
45256
123456
45258
123456
45260
123456
45262
123456
45264
123456
45266
123456
45268
123456
45270
123456
45272
123456
45274
123456
45276
123456
45278
123456
45280
123456
45282
123456
45284
123456
45286
123456
45288
123456
45290
123456
45292
123456
45294
123456
45296
123456
45298
123456
45300
123456
45302
123456
45304
123456
45306
123456
45308
123456
45310
123456
45312
123456
45314
123456
45316
123456
45318
123456
45320
123456
45322
123456
45324
123456
45326
123456
45328
123456
45330
123456
45332
123456
45334
123456
45336
123456
45338
123456
45340
123456
45342
123456
45344
123456
45346
123456
45348
123456
45350
123456
45352
123456
45354
123456
45356
123456
45358
123456
45360
123456
45362
123456
45364
123456
45366
123456
45368
123456
45370
123456
45372
123456
45374
123456
45376
123456
45378
123456
45380
123456
45382
123456
45384
123456
45386
123456
45388
123456
45390
123456
45392
123456
45394
123456
45396
123456
45398
123456
45400
123456
45402
123456
45404
123456
45406
123456
45408
123456
45410
123456
45412
123456
45414
123456
45416
123456
45418
123456
45420
123456
45422
123456
45424
123456
45426
123456
45428
123456
45430
123456
45432
123456
45434
123456
45436
123456
45438
123456
45440
123456
45442
123456
45444
123456
45446
123456
45448
123456
45450
123456
45452
123456
45454
123456
45456
123456
45458
123456
45460
123456
45462
123456
45464
123456
45466
123456
45468
123456
45470
123456
45472
123456
45474
123456
45476
123456
45478
123456
45480
123456
45482
123456
45484
123456
45486
123456
45488
123456
45490
123456
45492
123456
45494
123456
45496
123456
45498
123456
45500
123456
45502
123456
45504
123456
45506
123456
45508
123456
45510
123456
45512
123456
45514
123456
45516
123456
45518
123456
45520
123456
45522
123456
45524
123456
45526
123456
45528
123456
45530
123456
45532
123456
45534
123456
45536
123456
45538
123456
45540
123456
45542
123456
45544
123456
45546
123456
45548
123456
45550
123456
45552
123456
45554
123456
45556
123456
45558
123456
45560
123456
45562
123456
45564
123456
45566
123456
45568
123456
45570
123456
45572
123456
45574
123456
45576
123456
45578
123456
45580
123456
45582
123456
45584
123456
45586
123456
45588
123456
45590
123456
45592
123456
45594
123456
45596
123456
45598
123456
45600
123456
45602
123456
45604
123456
45606
123456
45608
123456
45610
123456
45612
123456
45614
123456
45616
123456
45618
123456
45620
123456
45622
123456
45624
123456
45626
123456
45628
123456
45630
123456
45632
123456
45634
123456
45636
123456
45638
123456
45640
123456
45642
123456
45644
123456
45646
123456
45648
123456
45650
123456
45652
123456
45654
123456
45656
123456
45658
123456
45660
123456
45662
123456
45664
123456
45666
123456
45668
123456
45670
123456
45672
123456
45674
123456
45676
123456
45678
123456
45680
123456
45682
123456
45684
123456
45686
123456
45688
123456
45690
123456
45692
123456
45694
123456
45696
123456
45698
123456
45700
123456
45702
123456
45704
123456
45706
123456
45708
123456
45710
123456
45712
123456
45714
123456
45716
123456
45718
123456
45720
123456
45722
123456
45724
123456
45726
123456
45728
123456
45730
123456
45732
123456
45734
123456
45736
123456
45738
123456
45740
123456
45742
123456
45744
123456
45746
123456
45748
123456
45750
123456
45752
123456
45754
123456
45756
123456
45758
123456
45760
123456
45762
123456
45764
123456
45766
123456
45768
123456
45770
123456
45772
123456
45774
123456
45776
123456
45778
123456
45780
123456
45782
123456
45784
123456
45786
123456
45788
123456
45790
123456
45792
123456
45794
123456
45796
123456
45798
123456
45800
123456
45802
123456
45804
123456
45806
123456
45808
123456
45810
123456
45812
123456
45814
123456
45816
123456
45818
123456
45820
123456
45822
123456
45824
123456
45826
123456
45828
123456
45830
123456
45832
123456
45834
123456
45836
123456
45838
123456
45840
123456
45842
123456
45844
123456
45846
123456
45848
123456
45850
123456
45852
123456
45854
123456
45856
123456
45858
123456
45860
123456
45862
123456
45864
123456
45866
123456
45868
123456
45870
123456
45872
123456
45874
123456
45876
123456
45878
123456
45880
123456
45882
123456
45884
123456
45886
123456
45888
123456
45890
123456
45892
123456
45894
123456
45896
123456
45898
123456
45900
123456
45902
123456
45904
123456
45906
123456
45908
123456
45910
123456
45912
123456
45914
123456
45916
123456
45918
123456
45920
123456
45922
123456
45924
123456
45926
123456
45928
123456
45930
123456
45932
123456
45934
123456
45936
123456
45938
123456
45940
123456
45942
123456
45944
123456
45946
123456
45948
123456
45950
123456
45952
123456
45954
123456
45956
123456
45958
123456
45960
123456
45962
123456
45964
123456
45966
123456
45968
123456
45970
123456
45972
123456
45974
123456
45976
123456
45978
123456
45980
123456
45982
123456
45984
123456
45986
123456
45988
123456
45990
123456
45992
123456
45994
123456
45996
123456
45998
123456
46000
123456
46002
123456
46004
123456
46006
123456
46008
123456
46010
123456
46012
123456
46014
123456
46016
123456
46018
123456
46020
123456
46022
123456
46024
123456
46026
123456
46028
123456
46030
123456
46032
123456
46034
123456
46036
123456
46038
123456
46040
123456
46042
123456
46044
123456
46046
123456
46048
123456
46050
123456
46052
123456
46054
123456
46056
123456
46058
123456
46060
123456
46062
123456
46064
123456
46066
123456
46068
123456
46070
123456
46072
123456
46074
123456
46076
123456
46078
123456
46080
123456
46082
123456
46084
123456
46086
123456
46088
123456
46090
123456
46092
123456
46094
123456
46096
123456
46098
123456
46100
123456
46102
123456
46104
123456
46106
123456
46108
123456
46110
123456
46112
123456
46114
123456
46116
123456
46118
123456
46120
123456
46122
123456
46124
123456
46126
123456
46128
123456
46130
123456
46132
123456
46134
123456
46136
123456
46138
123456
46140
123456
46142
123456
46144
123456
46146
123456
46148
123456
46150
123456
46152
123456
46154
123456
46156
123456
46158
123456
46160
123456
46162
123456
46164
123456
46166
123456
46168
123456
46170
123456
46172
123456
46174
123456
46176
123456
46178
123456
46180
123456
46182
123456
46184
123456
46186
123456
46188
123456
46190
123456
46192
123456
46194
123456
46196
123456
46198
123456
46200
123456
46202
123456
46204
123456
46206
123456
46208
123456
46210
123456
46212
123456
46214
123456
46216
123456
46218
123456
46220
123456
46222
123456
46224
123456
46226
123456
46228
123456
46230
123456
46232
123456
46234
123456
46236
123456
46238
123456
46240
123456
46242
123456
46244
123456
46246
123456
46248
123456
46250
123456
46252
123456
46254
123456
46256
123456
46258
123456
46260
123456
46262
123456
46264
123456
46266
123456
46268
123456
46270
123456
46272
123456
46274
123456
46276
123456
46278
123456
46280
123456
46282
123456
46284
123456
46286
123456
46288
123456
46290
123456
46292
123456
46294
123456
46296
123456
46298
123456
46300
123456
46302
123456
46304
123456
46306
123456
46308
123456
46310
123456
46312
123456
46314
123456
46316
123456
46318
123456
46320
123456
46322
123456
46324
123456
46326
123456
46328
123456
46330
123456
46332
123456
46334
123456
46336
123456
46338
123456
46340
123456
46342
123456
46344
123456
46346
123456
46348
123456
46350
123456
46352
123456
46354
123456
46356
123456
46358
123456
46360
123456
46362
123456
46364
123456
46366
123456
46368
123456
46370
123456
46372
123456
46374
123456
46376
123456
46378
123456
46380
123456
46382
123456
46384
123456
46386
123456
46388
123456
46390
123456
46392
123456
46394
123456
46396
123456
46398
123456
46400
123456
46402
123456
46404
123456
46406
123456
46408
123456
46410
123456
46412
123456
46414
123456
46416
123456
46418
123456
46420
123456
46422
123456
46424
123456
46426
123456
46428
123456
46430
123456
46432
123456
46434
123456
46436
123456
46438
123456
46440
123456
46442
123456
46444
123456
46446
123456
46448
123456
46450
123456
46452
123456
46454
123456
46456
123456
46458
123456
46460
123456
46462
123456
46464
123456
46466
123456
46468
123456
46470
123456
46472
123456
46474
123456
46476
123456
46478
123456
46480
123456
46482
123456
46484
123456
46486
123456
46488
123456
46490
123456
46492
123456
46494
123456
46496
123456
46498
123456
46500
123456
46502
123456
46504
123456
46506
123456
46508
123456
46510
123456
46512
123456
46514
123456
46516
123456
46518
123456
46520
123456
46522
123456
46524
123456
46526
123456
46528
123456
46530
123456
46532
123456
46534
123456
46536
123456
46538
123456
46540
123456
46542
123456
46544
123456
46546
123456
46548
123456
46550
123456
46552
123456
46554
123456
46556
123456
46558
123456
46560
123456
46562
123456
46564
123456
46566
123456
46568
123456
46570
123456
46572
123456
46574
123456
46576
123456
46578
123456
46580
123456
46582
123456
46584
123456
46586
123456
46588
123456
46590
123456
46592
123456
46594
123456
46596
123456
46598
123456
46600
123456
46602
123456
46604
123456
46606
123456
46608
123456
46610
123456
46612
123456
46614
123456
46616
123456
46618
123456
46620
123456
46622
123456
46624
123456
46626
123456
46628
123456
46630
123456
46632
123456
46634
123456
46636
123456
46638
123456
46640
123456
46642
123456
46644
123456
46646
123456
46648
123456
46650
123456
46652
123456
46654
123456
46656
123456
46658
123456
46660
123456
46662
123456
46664
123456
46666
123456
46668
123456
46670
123456
46672
123456
46674
123456
46676
123456
46678
123456
46680
123456
46682
123456
46684
123456
46686
123456
46688
123456
46690
123456
46692
123456
46694
123456
46696
123456
46698
123456
46700
123456
46702
123456
46704
123456
46706
123456
46708
123456
46710
123456
46712
123456
46714
123456
46716
123456
46718
123456
46720
123456
46722
123456
46724
123456
46726
123456
46728
123456
46730
123456
46732
123456
46734
123456
46736
123456
46738
123456
46740
123456
46742
123456
46744
123456
46746
123456
46748
123456
46750
123456
46752
123456
46754
123456
46756
123456
46758
123456
46760
123456
46762
123456
46764
123456
46766
123456
46768
123456
46770
123456
46772
123456
46774
123456
46776
123456
46778
123456
46780
123456
46782
123456
46784
123456
46786
123456
46788
123456
46790
123456
46792
123456
46794
123456
46796
123456
46798
123456
46800
123456
46802
123456
46804
123456
46806
123456
46808
123456
46810
123456
46812
123456
46814
123456
46816
123456
46818
123456
46820
123456
46822
123456
46824
123456
46826
123456
46828
123456
46830
123456
46832
123456
46834
123456
46836
123456
46838
123456
46840
123456
46842
123456
46844
123456
46846
123456
46848
123456
46850
123456
46852
123456
46854
123456
46856
123456
46858
123456
46860
123456
46862
123456
46864
123456
46866
123456
46868
123456
46870
123456
46872
123456
46874
123456
46876
123456
46878
123456
46880
123456
46882
123456
46884
123456
46886
123456
46888
123456
46890
123456
46892
123456
46894
123456
46896
123456
46898
123456
46900
123456
46902
123456
46904
123456
46906
123456
46908
123456
46910
123456
46912
123456
46914
123456
46916
123456
46918
123456
46920
123456
46922
123456
46924
123456
46926
123456
46928
123456
46930
123456
46932
123456
46934
123456
46936
123456
46938
123456
46940
123456
46942
123456
46944
123456
46946
123456
46948
123456
46950
123456
46952
123456
46954
123456
46956
123456
46958
123456
46960
123456
46962
123456
46964
123456
46966
123456
46968
123456
46970
123456
46972
123456
46974
123456
46976
123456
46978
123456
46980
123456
46982
123456
46984
123456
46986
123456
46988
123456
46990
123456
46992
123456
46994
123456
46996
123456
46998
123456
47000
123456
47002
123456
47004
123456
47006
123456
47008
123456
47010
123456
47012
123456
47014
123456
47016
123456
47018
123456
47020
123456
47022
123456
47024
123456
47026
123456
47028
123456
47030
123456
47032
123456
47034
123456
47036
123456
47038
123456
47040
123456
47042
123456
47044
123456
47046
123456
47048
123456
47050
123456
47052
123456
47054
123456
47056
123456
47058
123456
47060
123456
47062
123456
47064
123456
47066
123456
47068
123456
47070
123456
47072
123456
47074
123456
47076
123456
47078
123456
47080
123456
47082
123456
47084
123456
47086
123456
47088
123456
47090
123456
47092
123456
47094
123456
47096
123456
47098
123456
47100
123456
47102
123456
47104
123456
47106
123456
47108
123456
47110
123456
47112
123456
47114
123456
47116
123456
47118
123456
47120
123456
47122
123456
47124
123456
47126
123456
47128
123456
47130
123456
47132
123456
47134
123456
47136
123456
47138
123456
47140
123456
47142
123456
47144
123456
47146
123456
47148
123456
47150
123456
47152
123456
47154
123456
47156
123456
47158
123456
47160
123456
47162
123456
47164
123456
47166
123456
47168
123456
47170
123456
47172
123456
47174
123456
47176
123456
47178
123456
47180
123456
47182
123456
47184
123456
47186
123456
47188
123456
47190
123456
47192
123456
47194
123456
47196
123456
47198
123456
47200
123456
47202
123456
47204
123456
47206
123456
47208
123456
47210
123456
47212
123456
47214
123456
47216
123456
47218
123456
47220
123456
47222
123456
47224
123456
47226
123456
47228
123456
47230
123456
47232
123456
47234
123456
47236
123456
47238
123456
47240
123456
47242
123456
47244
123456
47246
123456
47248
123456
47250
123456
47252
123456
47254
123456
47256
123456
47258
123456
47260
123456
47262
123456
47264
123456
47266
123456
47268
123456
47270
123456
47272
123456
47274
123456
47276
123456
47278
123456
47280
123456
47282
123456
47284
123456
47286
123456
47288
123456
47290
123456
47292
123456
47294
123456
47296
123456
47298
123456
47300
123456
47302
123456
47304
123456
47306
123456
47308
123456
47310
123456
47312
123456
47314
123456
47316
123456
47318
123456
47320
123456
47322
123456
47324
123456
47326
123456
47328
123456
47330
123456
47332
123456
47334
123456
47336
123456
47338
123456
47340
123456
47342
123456
47344
123456
47346
123456
47348
123456
47350
123456
47352
123456
47354
123456
47356
123456
47358
123456
47360
123456
47362
123456
47364
123456
47366
123456
47368
123456
47370
123456
47372
123456
47374
123456
47376
123456
47378
123456
47380
123456
47382
123456
47384
123456
47386
123456
47388
123456
47390
123456
47392
123456
47394
123456
47396
123456
47398
123456
47400
123456
47402
123456
47404
123456
47406
123456
47408
123456
47410
123456
47412
123456
47414
123456
47416
123456
47418
123456
47420
123456
47422
123456
47424
123456
47426
123456
47428
123456
47430
123456
47432
123456
47434
123456
47436
123456
47438
123456
47440
123456
47442
123456
47444
123456
47446
123456
47448
123456
47450
123456
47452
123456
47454
123456
47456
123456
47458
123456
47460
123456
47462
123456
47464
123456
47466
123456
47468
123456
47470
123456
47472
123456
47474
123456
47476
123456
47478
123456
47480
123456
47482
123456
47484
123456
47486
123456
47488
123456
47490
123456
47492
123456
47494
123456
47496
123456
47498
123456
47500
123456
47502
123456
47504
123456
47506
123456
47508
123456
47510
123456
47512
123456
47514
123456
47516
123456
47518
123456
47520
123456
47522
123456
47524
123456
47526
123456
47528
123456
47530
123456
47532
123456
47534
123456
47536
123456
47538
123456
47540
123456
47542
123456
47544
123456
47546
123456
47548
123456
47550
123456
47552
123456
47554
123456
47556
123456
47558
123456
47560
123456
47562
123456
47564
123456
47566
123456
47568
123456
47570
123456
47572
123456
47574
123456
47576
123456
47578
123456
47580
123456
47582
123456
47584
123456
47586
123456
47588
123456
47590
123456
47592
123456
47594
123456
47596
123456
47598
123456
47600
123456
47602
123456
47604
123456
47606
123456
47608
123456
47610
123456
47612
123456
47614
123456
47616
123456
47618
123456
47620
123456
47622
123456
47624
123456
47626
123456
47628
123456
47630
123456
47632
123456
47634
123456
47636
123456
47638
123456
47640
123456
47642
123456
47644
123456
47646
123456
47648
123456
47650
123456
47652
123456
47654
123456
47656
123456
47658
123456
47660
123456
47662
123456
47664
123456
47666
123456
47668
123456
47670
123456
47672
123456
47674
123456
47676
123456
47678
123456
47680
123456
47682
123456
47684
123456
47686
123456
47688
123456
47690
123456
47692
123456
47694
123456
47696
123456
47698
123456
47700
123456
47702
123456
47704
123456
47706
123456
47708
123456
47710
123456
47712
123456
47714
123456
47716
123456
47718
123456
47720
123456
47722
123456
47724
123456
47726
123456
47728
123456
47730
123456
47732
123456
47734
123456
47736
123456
47738
123456
47740
123456
47742
123456
47744
123456
47746
123456
47748
123456
47750
123456
47752
123456
47754
123456
47756
123456
47758
123456
47760
123456
47762
123456
47764
123456
47766
123456
47768
123456
47770
123456
47772
123456
47774
123456
47776
123456
47778
123456
47780
123456
47782
123456
47784
123456
47786
123456
47788
123456
47790
123456
47792
123456
47794
123456
47796
123456
47798
123456
47800
123456
47802
123456
47804
123456
47806
123456
47808
123456
47810
123456
47812
123456
47814
123456
47816
123456
47818
123456
47820
123456
47822
123456
47824
123456
47826
123456
47828
123456
47830
123456
47832
123456
47834
123456
47836
123456
47838
123456
47840
123456
47842
123456
47844
123456
47846
123456
47848
123456
47850
123456
47852
123456
47854
123456
47856
123456
47858
123456
47860
123456
47862
123456
47864
123456
47866
123456
47868
123456
47870
123456
47872
123456
47874
123456
47876
123456
47878
123456
47880
123456
47882
123456
47884
123456
47886
123456
47888
123456
47890
123456
47892
123456
47894
123456
47896
123456
47898
123456
47900
123456
47902
123456
47904
123456
47906
123456
47908
123456
47910
123456
47912
123456
47914
123456
47916
123456
47918
123456
47920
123456
47922
123456
47924
123456
47926
123456
47928
123456
47930
123456
47932
123456
47934
123456
47936
123456
47938
123456
47940
123456
47942
123456
47944
123456
47946
123456
47948
123456
47950
123456
47952
123456
47954
123456
47956
123456
47958
123456
47960
123456
47962
123456
47964
123456
47966
123456
47968
123456
47970
123456
47972
123456
47974
123456
47976
123456
47978
123456
47980
123456
47982
123456
47984
123456
47986
123456
47988
123456
47990
123456
47992
123456
47994
123456
47996
123456
47998
123456
48000
123456
48002
123456
48004
123456
48006
123456
48008
123456
48010
123456
48012
123456
48014
123456
48016
123456
48018
123456
48020
123456
48022
123456
48024
123456
48026
123456
48028
123456
48030
123456
48032
123456
48034
123456
48036
123456
48038
123456
48040
123456
48042
123456
48044
123456
48046
123456
48048
123456
48050
123456
48052
123456
48054
123456
48056
123456
48058
123456
48060
123456
48062
123456
48064
123456
48066
123456
48068
123456
48070
123456
48072
123456
48074
123456
48076
123456
48078
123456
48080
123456
48082
123456
48084
123456
48086
123456
48088
123456
48090
123456
48092
123456
48094
123456
48096
123456
48098
123456
48100
123456
48102
123456
48104
123456
48106
123456
48108
123456
48110
123456
48112
123456
48114
123456
48116
123456
48118
123456
48120
123456
48122
123456
48124
123456
48126
123456
48128
123456
48130
123456
48132
123456
48134
123456
48136
123456
48138
123456
48140
123456
48142
123456
48144
123456
48146
123456
48148
123456
48150
123456
48152
123456
48154
123456
48156
123456
48158
123456
48160
123456
48162
123456
48164
123456
48166
123456
48168
123456
48170
123456
48172
123456
48174
123456
48176
123456
48178
123456
48180
123456
48182
123456
48184
123456
48186
123456
48188
123456
48190
123456
48192
123456
48194
123456
48196
123456
48198
123456
48200
123456
48202
123456
48204
123456
48206
123456
48208
123456
48210
123456
48212
123456
48214
123456
48216
123456
48218
123456
48220
123456
48222
123456
48224
123456
48226
123456
48228
123456
48230
123456
48232
123456
48234
123456
48236
123456
48238
123456
48240
123456
48242
123456
48244
123456
48246
123456
48248
123456
48250
123456
48252
123456
48254
123456
48256
123456
48258
123456
48260
123456
48262
123456
48264
123456
48266
123456
48268
123456
48270
123456
48272
123456
48274
123456
48276
123456
48278
123456
48280
123456
48282
123456
48284
123456
48286
123456
48288
123456
48290
123456
48292
123456
48294
123456
48296
123456
48298
123456
48300
123456
48302
123456
48304
123456
48306
123456
48308
123456
48310
123456
48312
123456
48314
123456
48316
123456
48318
123456
48320
123456
48322
123456
48324
123456
48326
123456
48328
123456
48330
123456
48332
123456
48334
123456
48336
123456
48338
123456
48340
123456
48342
123456
48344
123456
48346
123456
48348
123456
48350
123456
48352
123456
48354
123456
48356
123456
48358
123456
48360
123456
48362
123456
48364
123456
48366
123456
48368
123456
48370
123456
48372
123456
48374
123456
48376
123456
48378
123456
48380
123456
48382
123456
48384
123456
48386
123456
48388
123456
48390
123456
48392
123456
48394
123456
48396
123456
48398
123456
48400
123456
48402
123456
48404
123456
48406
123456
48408
123456
48410
123456
48412
123456
48414
123456
48416
123456
48418
123456
48420
123456
48422
123456
48424
123456
48426
123456
48428
123456
48430
123456
48432
123456
48434
123456
48436
123456
48438
123456
48440
123456
48442
123456
48444
123456
48446
123456
48448
123456
48450
123456
48452
123456
48454
123456
48456
123456
48458
123456
48460
123456
48462
123456
48464
123456
48466
123456
48468
123456
48470
123456
48472
123456
48474
123456
48476
123456
48478
123456
48480
123456
48482
123456
48484
123456
48486
123456
48488
123456
48490
123456
48492
123456
48494
123456
48496
123456
48498
123456
48500
123456
48502
123456
48504
123456
48506
123456
48508
123456
48510
123456
48512
123456
48514
123456
48516
123456
48518
123456
48520
123456
48522
123456
48524
123456
48526
123456
48528
123456
48530
123456
48532
123456
48534
123456
48536
123456
48538
123456
48540
123456
48542
123456
48544
123456
48546
123456
48548
123456
48550
123456
48552
123456
48554
123456
48556
123456
48558
123456
48560
123456
48562
123456
48564
123456
48566
123456
48568
123456
48570
123456
48572
123456
48574
123456
48576
123456
48578
123456
48580
123456
48582
123456
48584
123456
48586
123456
48588
123456
48590
123456
48592
123456
48594
123456
48596
123456
48598
123456
48600
123456
48602
123456
48604
123456
48606
123456
48608
123456
48610
123456
48612
123456
48614
123456
48616
123456
48618
123456
48620
123456
48622
123456
48624
123456
48626
123456
48628
123456
48630
123456
48632
123456
48634
123456
48636
123456
48638
123456
48640
123456
48642
123456
48644
123456
48646
123456
48648
123456
48650
123456
48652
123456
48654
123456
48656
123456
48658
123456
48660
123456
48662
123456
48664
123456
48666
123456
48668
123456
48670
123456
48672
123456
48674
123456
48676
123456
48678
123456
48680
123456
48682
123456
48684
123456
48686
123456
48688
123456
48690
123456
48692
123456
48694
123456
48696
123456
48698
123456
48700
123456
48702
123456
48704
123456
48706
123456
48708
123456
48710
123456
48712
123456
48714
123456
48716
123456
48718
123456
48720
123456
48722
123456
48724
123456
48726
123456
48728
123456
48730
123456
48732
123456
48734
123456
48736
123456
48738
123456
48740
123456
48742
123456
48744
123456
48746
123456
48748
123456
48750
123456
48752
123456
48754
123456
48756
123456
48758
123456
48760
123456
48762
123456
48764
123456
48766
123456
48768
123456
48770
123456
48772
123456
48774
123456
48776
123456
48778
123456
48780
123456
48782
123456
48784
123456
48786
123456
48788
123456
48790
123456
48792
123456
48794
123456
48796
123456
48798
123456
48800
123456
48802
123456
48804
123456
48806
123456
48808
123456
48810
123456
48812
123456
48814
123456
48816
123456
48818
123456
48820
123456
48822
123456
48824
123456
48826
123456
48828
123456
48830
123456
48832
123456
48834
123456
48836
123456
48838
123456
48840
123456
48842
123456
48844
123456
48846
123456
48848
123456
48850
123456
48852
123456
48854
123456
48856
123456
48858
123456
48860
123456
48862
123456
48864
123456
48866
123456
48868
123456
48870
123456
48872
123456
48874
123456
48876
123456
48878
123456
48880
123456
48882
123456
48884
123456
48886
123456
48888
123456
48890
123456
48892
123456
48894
123456
48896
123456
48898
123456
48900
123456
48902
123456
48904
123456
48906
123456
48908
123456
48910
123456
48912
123456
48914
123456
48916
123456
48918
123456
48920
123456
48922
123456
48924
123456
48926
123456
48928
123456
48930
123456
48932
123456
48934
123456
48936
123456
48938
123456
48940
123456
48942
123456
48944
123456
48946
123456
48948
123456
48950
123456
48952
123456
48954
123456
48956
123456
48958
123456
48960
123456
48962
123456
48964
123456
48966
123456
48968
123456
48970
123456
48972
123456
48974
123456
48976
123456
48978
123456
48980
123456
48982
123456
48984
123456
48986
123456
48988
123456
48990
123456
48992
123456
48994
123456
48996
123456
48998
123456
49000
123456
49002
123456
49004
123456
49006
123456
49008
123456
49010
123456
49012
123456
49014
123456
49016
123456
49018
123456
49020
123456
49022
123456
49024
123456
49026
123456
49028
123456
49030
123456
49032
123456
49034
123456
49036
123456
49038
123456
49040
123456
49042
123456
49044
123456
49046
123456
49048
123456
49050
123456
49052
123456
49054
123456
49056
123456
49058
123456
49060
123456
49062
123456
49064
123456
49066
123456
49068
123456
49070
123456
49072
123456
49074
123456
49076
123456
49078
123456
49080
123456
49082
123456
49084
123456
49086
123456
49088
123456
49090
123456
49092
123456
49094
123456
49096
123456
49098
123456
49100
123456
49102
123456
49104
123456
49106
123456
49108
123456
49110
123456
49112
123456
49114
123456
49116
123456
49118
123456
49120
123456
49122
123456
49124
123456
49126
123456
49128
123456
49130
123456
49132
123456
49134
123456
49136
123456
49138
123456
49140
123456
49142
123456
49144
123456
49146
123456
49148
123456
49150
123456
49152
123456
49154
123456
49156
123456
49158
123456
49160
123456
49162
123456
49164
123456
49166
123456
49168
123456
49170
123456
49172
123456
49174
123456
49176
123456
49178
123456
49180
123456
49182
123456
49184
123456
49186
123456
49188
123456
49190
123456
49192
123456
49194
123456
49196
123456
49198
123456
49200
123456
49202
123456
49204
123456
49206
123456
49208
123456
49210
123456
49212
123456
49214
123456
49216
123456
49218
123456
49220
123456
49222
123456
49224
123456
49226
123456
49228
123456
49230
123456
49232
123456
49234
123456
49236
123456
49238
123456
49240
123456
49242
123456
49244
123456
49246
123456
49248
123456
49250
123456
49252
123456
49254
123456
49256
123456
49258
123456
49260
123456
49262
123456
49264
123456
49266
123456
49268
123456
49270
123456
49272
123456
49274
123456
49276
123456
49278
123456
49280
123456
49282
123456
49284
123456
49286
123456
49288
123456
49290
123456
49292
123456
49294
123456
49296
123456
49298
123456
49300
123456
49302
123456
49304
123456
49306
123456
49308
123456
49310
123456
49312
123456
49314
123456
49316
123456
49318
123456
49320
123456
49322
123456
49324
123456
49326
123456
49328
123456
49330
123456
49332
123456
49334
123456
49336
123456
49338
123456
49340
123456
49342
123456
49344
123456
49346
123456
49348
123456
49350
123456
49352
123456
49354
123456
49356
123456
49358
123456
49360
123456
49362
123456
49364
123456
49366
123456
49368
123456
49370
123456
49372
123456
49374
123456
49376
123456
49378
123456
49380
123456
49382
123456
49384
123456
49386
123456
49388
123456
49390
123456
49392
123456
49394
123456
49396
123456
49398
123456
49400
123456
49402
123456
49404
123456
49406
123456
49408
123456
49410
123456
49412
123456
49414
123456
49416
123456
49418
123456
49420
123456
49422
123456
49424
123456
49426
123456
49428
123456
49430
123456
49432
123456
49434
123456
49436
123456
49438
123456
49440
123456
49442
123456
49444
123456
49446
123456
49448
123456
49450
123456
49452
123456
49454
123456
49456
123456
49458
123456
49460
123456
49462
123456
49464
123456
49466
123456
49468
123456
49470
123456
49472
123456
49474
123456
49476
123456
49478
123456
49480
123456
49482
123456
49484
123456
49486
123456
49488
123456
49490
123456
49492
123456
49494
123456
49496
123456
49498
123456
49500
123456
49502
123456
49504
123456
49506
123456
49508
123456
49510
123456
49512
123456
49514
123456
49516
123456
49518
123456
49520
123456
49522
123456
49524
123456
49526
123456
49528
123456
49530
123456
49532
123456
49534
123456
49536
123456
49538
123456
49540
123456
49542
123456
49544
123456
49546
123456
49548
123456
49550
123456
49552
123456
49554
123456
49556
123456
49558
123456
49560
123456
49562
123456
49564
123456
49566
123456
49568
123456
49570
123456
49572
123456
49574
123456
49576
123456
49578
123456
49580
123456
49582
123456
49584
123456
49586
123456
49588
123456
49590
123456
49592
123456
49594
123456
49596
123456
49598
123456
49600
123456
49602
123456
49604
123456
49606
123456
49608
123456
49610
123456
49612
123456
49614
123456
49616
123456
49618
123456
49620
123456
49622
123456
49624
123456
49626
123456
49628
123456
49630
123456
49632
123456
49634
123456
49636
123456
49638
123456
49640
123456
49642
123456
49644
123456
49646
123456
49648
123456
49650
123456
49652
123456
49654
123456
49656
123456
49658
123456
49660
123456
49662
123456
49664
123456
49666
123456
49668
123456
49670
123456
49672
123456
49674
123456
49676
123456
49678
123456
49680
123456
49682
123456
49684
123456
49686
123456
49688
123456
49690
123456
49692
123456
49694
123456
49696
123456
49698
123456
49700
123456
49702
123456
49704
123456
49706
123456
49708
123456
49710
123456
49712
123456
49714
123456
49716
123456
49718
123456
49720
123456
49722
123456
49724
123456
49726
123456
49728
123456
49730
123456
49732
123456
49734
123456
49736
123456
49738
123456
49740
123456
49742
123456
49744
123456
49746
123456
49748
123456
49750
123456
49752
123456
49754
123456
49756
123456
49758
123456
49760
123456
49762
123456
49764
123456
49766
123456
49768
123456
49770
123456
49772
123456
49774
123456
49776
123456
49778
123456
49780
123456
49782
123456
49784
123456
49786
123456
49788
123456
49790
123456
49792
123456
49794
123456
49796
123456
49798
123456
49800
123456
49802
123456
49804
123456
49806
123456
49808
123456
49810
123456
49812
123456
49814
123456
49816
123456
49818
123456
49820
123456
49822
123456
49824
123456
49826
123456
49828
123456
49830
123456
49832
123456
49834
123456
49836
123456
49838
123456
49840
123456
49842
123456
49844
123456
49846
123456
49848
123456
49850
123456
49852
123456
49854
123456
49856
123456
49858
123456
49860
123456
49862
123456
49864
123456
49866
123456
49868
123456
49870
123456
49872
123456
49874
123456
49876
123456
49878
123456
49880
123456
49882
123456
49884
123456
49886
123456
49888
123456
49890
123456
49892
123456
49894
123456
49896
123456
49898
123456
49900
123456
49902
123456
49904
123456
49906
123456
49908
123456
49910
123456
49912
123456
49914
123456
49916
123456
49918
123456
49920
123456
49922
123456
49924
123456
49926
123456
49928
123456
49930
123456
49932
123456
49934
123456
49936
123456
49938
123456
49940
123456
49942
123456
49944
123456
49946
123456
49948
123456
49950
123456
49952
123456
49954
123456
49956
123456
49958
123456
49960
123456
49962
123456
49964
123456
49966
123456
49968
123456
49970
123456
49972
123456
49974
123456
49976
123456
49978
123456
49980
123456
49982
123456
49984
123456
49986
123456
49988
123456
49990
123456
49992
123456
49994
123456
49996
123456
49998
123456
50000
123456
50002
123456
50004
123456
50006
123456
50008
123456
50010
123456
50012
123456
50014
123456
50016
123456
50018
123456
50020
123456
50022
123456
50024
123456
50026
123456
50028
123456
50030
123456
50032
123456
50034
123456
50036
123456
50038
123456
50040
123456
50042
123456
50044
123456
50046
123456
50048
123456
50050
123456
50052
123456
50054
123456
50056
123456
50058
123456
50060
123456
50062
123456
50064
123456
50066
123456
50068
123456
50070
123456
50072
123456
50074
123456
50076
123456
50078
123456
50080
123456
50082
123456
50084
123456
50086
123456
50088
123456
50090
123456
50092
123456
50094
123456
50096
123456
50098
123456
50100
123456
50102
123456
50104
123456
50106
123456
50108
123456
50110
123456
50112
123456
50114
123456
50116
123456
50118
123456
50120
123456
50122
123456
50124
123456
50126
123456
50128
123456
50130
123456
50132
123456
50134
123456
50136
123456
50138
123456
50140
123456
50142
123456
50144
123456
50146
123456
50148
123456
50150
123456
50152
123456
50154
123456
50156
123456
50158
123456
50160
123456
50162
123456
50164
123456
50166
123456
50168
123456
50170
123456
50172
123456
50174
123456
50176
123456
50178
123456
50180
123456
50182
123456
50184
123456
50186
123456
50188
123456
50190
123456
50192
123456
50194
123456
50196
123456
50198
123456
50200
123456
50202
123456
50204
123456
50206
123456
50208
123456
50210
123456
50212
123456
50214
123456
50216
123456
50218
123456
50220
123456
50222
123456
50224
123456
50226
123456
50228
123456
50230
123456
50232
123456
50234
123456
50236
123456
50238
123456
50240
123456
50242
123456
50244
123456
50246
123456
50248
123456
50250
123456
50252
123456
50254
123456
50256
123456
50258
123456
50260
123456
50262
123456
50264
123456
50266
123456
50268
123456
50270
123456
50272
123456
50274
123456
50276
123456
50278
123456
50280
123456
50282
123456
50284
123456
50286
123456
50288
123456
50290
123456
50292
123456
50294
123456
50296
123456
50298
123456
50300
123456
50302
123456
50304
123456
50306
123456
50308
123456
50310
123456
50312
123456
50314
123456
50316
123456
50318
123456
50320
123456
50322
123456
50324
123456
50326
123456
50328
123456
50330
123456
50332
123456
50334
123456
50336
123456
50338
123456
50340
123456
50342
123456
50344
123456
50346
123456
50348
123456
50350
123456
50352
123456
50354
123456
50356
123456
50358
123456
50360
123456
50362
123456
50364
123456
50366
123456
50368
123456
50370
123456
50372
123456
50374
123456
50376
123456
50378
123456
50380
123456
50382
123456
50384
123456
50386
123456
50388
123456
50390
123456
50392
123456
50394
123456
50396
123456
50398
123456
50400
123456
50402
123456
50404
123456
50406
123456
50408
123456
50410
123456
50412
123456
50414
123456
50416
123456
50418
123456
50420
123456
50422
123456
50424
123456
50426
123456
50428
123456
50430
123456
50432
123456
50434
123456
50436
123456
50438
123456
50440
123456
50442
123456
50444
123456
50446
123456
50448
123456
50450
123456
50452
123456
50454
123456
50456
123456
50458
123456
50460
123456
50462
123456
50464
123456
50466
123456
50468
123456
50470
123456
50472
123456
50474
123456
50476
123456
50478
123456
50480
123456
50482
123456
50484
123456
50486
123456
50488
123456
50490
123456
50492
123456
50494
123456
50496
123456
50498
123456
50500
123456
50502
123456
50504
123456
50506
123456
50508
123456
50510
123456
50512
123456
50514
123456
50516
123456
50518
123456
50520
123456
50522
123456
50524
123456
50526
123456
50528
123456
50530
123456
50532
123456
50534
123456
50536
123456
50538
123456
50540
123456
50542
123456
50544
123456
50546
123456
50548
123456
50550
123456
50552
123456
50554
123456
50556
123456
50558
123456
50560
123456
50562
123456
50564
123456
50566
123456
50568
123456
50570
123456
50572
123456
50574
123456
50576
123456
50578
123456
50580
123456
50582
123456
50584
123456
50586
123456
50588
123456
50590
123456
50592
123456
50594
123456
50596
123456
50598
123456
50600
123456
50602
123456
50604
123456
50606
123456
50608
123456
50610
123456
50612
123456
50614
123456
50616
123456
50618
123456
50620
123456
50622
123456
50624
123456
50626
123456
50628
123456
50630
123456
50632
123456
50634
123456
50636
123456
50638
123456
50640
123456
50642
123456
50644
123456
50646
123456
50648
123456
50650
123456
50652
123456
50654
123456
50656
123456
50658
123456
50660
123456
50662
123456
50664
123456
50666
123456
50668
123456
50670
123456
50672
123456
50674
123456
50676
123456
50678
123456
50680
123456
50682
123456
50684
123456
50686
123456
50688
123456
50690
123456
50692
123456
50694
123456
50696
123456
50698
123456
50700
123456
50702
123456
50704
123456
50706
123456
50708
123456
50710
123456
50712
123456
50714
123456
50716
123456
50718
123456
50720
123456
50722
123456
50724
123456
50726
123456
50728
123456
50730
123456
50732
123456
50734
123456
50736
123456
50738
123456
50740
123456
50742
123456
50744
123456
50746
123456
50748
123456
50750
123456
50752
123456
50754
123456
50756
123456
50758
123456
50760
123456
50762
123456
50764
123456
50766
123456
50768
123456
50770
123456
50772
123456
50774
123456
50776
123456
50778
123456
50780
123456
50782
123456
50784
123456
50786
123456
50788
123456
50790
123456
50792
123456
50794
123456
50796
123456
50798
123456
50800
123456
50802
123456
50804
123456
50806
123456
50808
123456
50810
123456
50812
123456
50814
123456
50816
123456
50818
123456
50820
123456
50822
123456
50824
123456
50826
123456
50828
123456
50830
123456
50832
123456
50834
123456
50836
123456
50838
123456
50840
123456
50842
123456
50844
123456
50846
123456
50848
123456
50850
123456
50852
123456
50854
123456
50856
123456
50858
123456
50860
123456
50862
123456
50864
123456
50866
123456
50868
123456
50870
123456
50872
123456
50874
123456
50876
123456
50878
123456
50880
123456
50882
123456
50884
123456
50886
123456
50888
123456
50890
123456
50892
123456
50894
123456
50896
123456
50898
123456
50900
123456
50902
123456
50904
123456
50906
123456
50908
123456
50910
123456
50912
123456
50914
123456
50916
123456
50918
123456
50920
123456
50922
123456
50924
123456
50926
123456
50928
123456
50930
123456
50932
123456
50934
123456
50936
123456
50938
123456
50940
123456
50942
123456
50944
123456
50946
123456
50948
123456
50950
123456
50952
123456
50954
123456
50956
123456
50958
123456
50960
123456
50962
123456
50964
123456
50966
123456
50968
123456
50970
123456
50972
123456
50974
123456
50976
123456
50978
123456
50980
123456
50982
123456
50984
123456
50986
123456
50988
123456
50990
123456
50992
123456
50994
123456
50996
123456
50998
123456
51000
123456
51002
123456
51004
123456
51006
123456
51008
123456
51010
123456
51012
123456
51014
123456
51016
123456
51018
123456
51020
123456
51022
123456
51024
123456
51026
123456
51028
123456
51030
123456
51032
123456
51034
123456
51036
123456
51038
123456
51040
123456
51042
123456
51044
123456
51046
123456
51048
123456
51050
123456
51052
123456
51054
123456
51056
123456
51058
123456
51060
123456
51062
123456
51064
123456
51066
123456
51068
123456
51070
123456
51072
123456
51074
123456
51076
123456
51078
123456
51080
123456
51082
123456
51084
123456
51086
123456
51088
123456
51090
123456
51092
123456
51094
123456
51096
123456
51098
123456
51100
123456
51102
123456
51104
123456
51106
123456
51108
123456
51110
123456
51112
123456
51114
123456
51116
123456
51118
123456
51120
123456
51122
123456
51124
123456
51126
123456
51128
123456
51130
123456
51132
123456
51134
123456
51136
123456
51138
123456
51140
123456
51142
123456
51144
123456
51146
123456
51148
123456
51150
123456
51152
123456
51154
123456
51156
123456
51158
123456
51160
123456
51162
123456
51164
123456
51166
123456
51168
123456
51170
123456
51172
123456
51174
123456
51176
123456
51178
123456
51180
123456
51182
123456
51184
123456
51186
123456
51188
123456
51190
123456
51192
123456
51194
123456
51196
123456
51198
123456
51200
123456
51202
123456
51204
123456
51206
123456
51208
123456
51210
123456
51212
123456
51214
123456
51216
123456
51218
123456
51220
123456
51222
123456
51224
123456
51226
123456
51228
123456
51230
123456
51232
123456
51234
123456
51236
123456
51238
123456
51240
123456
51242
123456
51244
123456
51246
123456
51248
123456
51250
123456
51252
123456
51254
123456
51256
123456
51258
123456
51260
123456
51262
123456
51264
123456
51266
123456
51268
123456
51270
123456
51272
123456
51274
123456
51276
123456
51278
123456
51280
123456
51282
123456
51284
123456
51286
123456
51288
123456
51290
123456
51292
123456
51294
123456
51296
123456
51298
123456
51300
123456
51302
123456
51304
123456
51306
123456
51308
123456
51310
123456
51312
123456
51314
123456
51316
123456
51318
123456
51320
123456
51322
123456
51324
123456
51326
123456
51328
123456
51330
123456
51332
123456
51334
123456
51336
123456
51338
123456
51340
123456
51342
123456
51344
123456
51346
123456
51348
123456
51350
123456
51352
123456
51354
123456
51356
123456
51358
123456
51360
123456
51362
123456
51364
123456
51366
123456
51368
123456
51370
123456
51372
123456
51374
123456
51376
123456
51378
123456
51380
123456
51382
123456
51384
123456
51386
123456
51388
123456
51390
123456
51392
123456
51394
123456
51396
123456
51398
123456
51400
123456
51402
123456
51404
123456
51406
123456
51408
123456
51410
123456
51412
123456
51414
123456
51416
123456
51418
123456
51420
123456
51422
123456
51424
123456
51426
123456
51428
123456
51430
123456
51432
123456
51434
123456
51436
123456
51438
123456
51440
123456
51442
123456
51444
123456
51446
123456
51448
123456
51450
123456
51452
123456
51454
123456
51456
123456
51458
123456
51460
123456
51462
123456
51464
123456
51466
123456
51468
123456
51470
123456
51472
123456
51474
123456
51476
123456
51478
123456
51480
123456
51482
123456
51484
123456
51486
123456
51488
123456
51490
123456
51492
123456
51494
123456
51496
123456
51498
123456
51500
123456
51502
123456
51504
123456
51506
123456
51508
123456
51510
123456
51512
123456
51514
123456
51516
123456
51518
123456
51520
123456
51522
123456
51524
123456
51526
123456
51528
123456
51530
123456
51532
123456
51534
123456
51536
123456
51538
123456
51540
123456
51542
123456
51544
123456
51546
123456
51548
123456
51550
123456
51552
123456
51554
123456
51556
123456
51558
123456
51560
123456
51562
123456
51564
123456
51566
123456
51568
123456
51570
123456
51572
123456
51574
123456
51576
123456
51578
123456
51580
123456
51582
123456
51584
123456
51586
123456
51588
123456
51590
123456
51592
123456
51594
123456
51596
123456
51598
123456
51600
123456
51602
123456
51604
123456
51606
123456
51608
123456
51610
123456
51612
123456
51614
123456
51616
123456
51618
123456
51620
123456
51622
123456
51624
123456
51626
123456
51628
123456
51630
123456
51632
123456
51634
123456
51636
123456
51638
123456
51640
123456
51642
123456
51644
123456
51646
123456
51648
123456
51650
123456
51652
123456
51654
123456
51656
123456
51658
123456
51660
123456
51662
123456
51664
123456
51666
123456
51668
123456
51670
123456
51672
123456
51674
123456
51676
123456
51678
123456
51680
123456
51682
123456
51684
123456
51686
123456
51688
123456
51690
123456
51692
123456
51694
123456
51696
123456
51698
123456
51700
123456
51702
123456
51704
123456
51706
123456
51708
123456
51710
123456
51712
123456
51714
123456
51716
123456
51718
123456
51720
123456
51722
123456
51724
123456
51726
123456
51728
123456
51730
123456
51732
123456
51734
123456
51736
123456
51738
123456
51740
123456
51742
123456
51744
123456
51746
123456
51748
123456
51750
123456
51752
123456
51754
123456
51756
123456
51758
123456
51760
123456
51762
123456
51764
123456
51766
123456
51768
123456
51770
123456
51772
123456
51774
123456
51776
123456
51778
123456
51780
123456
51782
123456
51784
123456
51786
123456
51788
123456
51790
123456
51792
123456
51794
123456
51796
123456
51798
123456
51800
123456
51802
123456
51804
123456
51806
123456
51808
123456
51810
123456
51812
123456
51814
123456
51816
123456
51818
123456
51820
123456
51822
123456
51824
123456
51826
123456
51828
123456
51830
123456
51832
123456
51834
123456
51836
123456
51838
123456
51840
123456
51842
123456
51844
123456
51846
123456
51848
123456
51850
123456
51852
123456
51854
123456
51856
123456
51858
123456
51860
123456
51862
123456
51864
123456
51866
123456
51868
123456
51870
123456
51872
123456
51874
123456
51876
123456
51878
123456
51880
123456
51882
123456
51884
123456
51886
123456
51888
123456
51890
123456
51892
123456
51894
123456
51896
123456
51898
123456
51900
123456
51902
123456
51904
123456
51906
123456
51908
123456
51910
123456
51912
123456
51914
123456
51916
123456
51918
123456
51920
123456
51922
123456
51924
123456
51926
123456
51928
123456
51930
123456
51932
123456
51934
123456
51936
123456
51938
123456
51940
123456
51942
123456
51944
123456
51946
123456
51948
123456
51950
123456
51952
123456
51954
123456
51956
123456
51958
123456
51960
123456
51962
123456
51964
123456
51966
123456
51968
123456
51970
123456
51972
123456
51974
123456
51976
123456
51978
123456
51980
123456
51982
123456
51984
123456
51986
123456
51988
123456
51990
123456
51992
123456
51994
123456
51996
123456
51998
123456
52000
123456
52002
123456
52004
123456
52006
123456
52008
123456
52010
123456
52012
123456
52014
123456
52016
123456
52018
123456
52020
123456
52022
123456
52024
123456
52026
123456
52028
123456
52030
123456
52032
123456
52034
123456
52036
123456
52038
123456
52040
123456
52042
123456
52044
123456
52046
123456
52048
123456
52050
123456
52052
123456
52054
123456
52056
123456
52058
123456
52060
123456
52062
123456
52064
123456
52066
123456
52068
123456
52070
123456
52072
123456
52074
123456
52076
123456
52078
123456
52080
123456
52082
123456
52084
123456
52086
123456
52088
123456
52090
123456
52092
123456
52094
123456
52096
123456
52098
123456
52100
123456
52102
123456
52104
123456
52106
123456
52108
123456
52110
123456
52112
123456
52114
123456
52116
123456
52118
123456
52120
123456
52122
123456
52124
123456
52126
123456
52128
123456
52130
123456
52132
123456
52134
123456
52136
123456
52138
123456
52140
123456
52142
123456
52144
123456
52146
123456
52148
123456
52150
123456
52152
123456
52154
123456
52156
123456
52158
123456
52160
123456
52162
123456
52164
123456
52166
123456
52168
123456
52170
123456
52172
123456
52174
123456
52176
123456
52178
123456
52180
123456
52182
123456
52184
123456
52186
123456
52188
123456
52190
123456
52192
123456
52194
123456
52196
123456
52198
123456
52200
123456
52202
123456
52204
123456
52206
123456
52208
123456
52210
123456
52212
123456
52214
123456
52216
123456
52218
123456
52220
123456
52222
123456
52224
123456
52226
123456
52228
123456
52230
123456
52232
123456
52234
123456
52236
123456
52238
123456
52240
123456
52242
123456
52244
123456
52246
123456
52248
123456
52250
123456
52252
123456
52254
123456
52256
123456
52258
123456
52260
123456
52262
123456
52264
123456
52266
123456
52268
123456
52270
123456
52272
123456
52274
123456
52276
123456
52278
123456
52280
123456
52282
123456
52284
123456
52286
123456
52288
123456
52290
123456
52292
123456
52294
123456
52296
123456
52298
123456
52300
123456
52302
123456
52304
123456
52306
123456
52308
123456
52310
123456
52312
123456
52314
123456
52316
123456
52318
123456
52320
123456
52322
123456
52324
123456
52326
123456
52328
123456
52330
123456
52332
123456
52334
123456
52336
123456
52338
123456
52340
123456
52342
123456
52344
123456
52346
123456
52348
123456
52350
123456
52352
123456
52354
123456
52356
123456
52358
123456
52360
123456
52362
123456
52364
123456
52366
123456
52368
123456
52370
123456
52372
123456
52374
123456
52376
123456
52378
123456
52380
123456
52382
123456
52384
123456
52386
123456
52388
123456
52390
123456
52392
123456
52394
123456
52396
123456
52398
123456
52400
123456
52402
123456
52404
123456
52406
123456
52408
123456
52410
123456
52412
123456
52414
123456
52416
123456
52418
123456
52420
123456
52422
123456
52424
123456
52426
123456
52428
123456
52430
123456
52432
123456
52434
123456
52436
123456
52438
123456
52440
123456
52442
123456
52444
123456
52446
123456
52448
123456
52450
123456
52452
123456
52454
123456
52456
123456
52458
123456
52460
123456
52462
123456
52464
123456
52466
123456
52468
123456
52470
123456
52472
123456
52474
123456
52476
123456
52478
123456
52480
123456
52482
123456
52484
123456
52486
123456
52488
123456
52490
123456
52492
123456
52494
123456
52496
123456
52498
123456
52500
123456
52502
123456
52504
123456
52506
123456
52508
123456
52510
123456
52512
123456
52514
123456
52516
123456
52518
123456
52520
123456
52522
123456
52524
123456
52526
123456
52528
123456
52530
123456
52532
123456
52534
123456
52536
123456
52538
123456
52540
123456
52542
123456
52544
123456
52546
123456
52548
123456
52550
123456
52552
123456
52554
123456
52556
123456
52558
123456
52560
123456
52562
123456
52564
123456
52566
123456
52568
123456
52570
123456
52572
123456
52574
123456
52576
123456
52578
123456
52580
123456
52582
123456
52584
123456
52586
123456
52588
123456
52590
123456
52592
123456
52594
123456
52596
123456
52598
123456
52600
123456
52602
123456
52604
123456
52606
123456
52608
123456
52610
123456
52612
123456
52614
123456
52616
123456
52618
123456
52620
123456
52622
123456
52624
123456
52626
123456
52628
123456
52630
123456
52632
123456
52634
123456
52636
123456
52638
123456
52640
123456
52642
123456
52644
123456
52646
123456
52648
123456
52650
123456
52652
123456
52654
123456
52656
123456
52658
123456
52660
123456
52662
123456
52664
123456
52666
123456
52668
123456
52670
123456
52672
123456
52674
123456
52676
123456
52678
123456
52680
123456
52682
123456
52684
123456
52686
123456
52688
123456
52690
123456
52692
123456
52694
123456
52696
123456
52698
123456
52700
123456
52702
123456
52704
123456
52706
123456
52708
123456
52710
123456
52712
123456
52714
123456
52716
123456
52718
123456
52720
123456
52722
123456
52724
123456
52726
123456
52728
123456
52730
123456
52732
123456
52734
123456
52736
123456
52738
123456
52740
123456
52742
123456
52744
123456
52746
123456
52748
123456
52750
123456
52752
123456
52754
123456
52756
123456
52758
123456
52760
123456
52762
123456
52764
123456
52766
123456
52768
123456
52770
123456
52772
123456
52774
123456
52776
123456
52778
123456
52780
123456
52782
123456
52784
123456
52786
123456
52788
123456
52790
123456
52792
123456
52794
123456
52796
123456
52798
123456
52800
123456
52802
123456
52804
123456
52806
123456
52808
123456
52810
123456
52812
123456
52814
123456
52816
123456
52818
123456
52820
123456
52822
123456
52824
123456
52826
123456
52828
123456
52830
123456
52832
123456
52834
123456
52836
123456
52838
123456
52840
123456
52842
123456
52844
123456
52846
123456
52848
123456
52850
123456
52852
123456
52854
123456
52856
123456
52858
123456
52860
123456
52862
123456
52864
123456
52866
123456
52868
123456
52870
123456
52872
123456
52874
123456
52876
123456
52878
123456
52880
123456
52882
123456
52884
123456
52886
123456
52888
123456
52890
123456
52892
123456
52894
123456
52896
123456
52898
123456
52900
123456
52902
123456
52904
123456
52906
123456
52908
123456
52910
123456
52912
123456
52914
123456
52916
123456
52918
123456
52920
123456
52922
123456
52924
123456
52926
123456
52928
123456
52930
123456
52932
123456
52934
123456
52936
123456
52938
123456
52940
123456
52942
123456
52944
123456
52946
123456
52948
123456
52950
123456
52952
123456
52954
123456
52956
123456
52958
123456
52960
123456
52962
123456
52964
123456
52966
123456
52968
123456
52970
123456
52972
123456
52974
123456
52976
123456
52978
123456
52980
123456
52982
123456
52984
123456
52986
123456
52988
123456
52990
123456
52992
123456
52994
123456
52996
123456
52998
123456
53000
123456
53002
123456
53004
123456
53006
123456
53008
123456
53010
123456
53012
123456
53014
123456
53016
123456
53018
123456
53020
123456
53022
123456
53024
123456
53026
123456
53028
123456
53030
123456
53032
123456
53034
123456
53036
123456
53038
123456
53040
123456
53042
123456
53044
123456
53046
123456
53048
123456
53050
123456
53052
123456
53054
123456
53056
123456
53058
123456
53060
123456
53062
123456
53064
123456
53066
123456
53068
123456
53070
123456
53072
123456
53074
123456
53076
123456
53078
123456
53080
123456
53082
123456
53084
123456
53086
123456
53088
123456
53090
123456
53092
123456
53094
123456
53096
123456
53098
123456
53100
123456
53102
123456
53104
123456
53106
123456
53108
123456
53110
123456
53112
123456
53114
123456
53116
123456
53118
123456
53120
123456
53122
123456
53124
123456
53126
123456
53128
123456
53130
123456
53132
123456
53134
123456
53136
123456
53138
123456
53140
123456
53142
123456
53144
123456
53146
123456
53148
123456
53150
123456
53152
123456
53154
123456
53156
123456
53158
123456
53160
123456
53162
123456
53164
123456
53166
123456
53168
123456
53170
123456
53172
123456
53174
123456
53176
123456
53178
123456
53180
123456
53182
123456
53184
123456
53186
123456
53188
123456
53190
123456
53192
123456
53194
123456
53196
123456
53198
123456
53200
123456
53202
123456
53204
123456
53206
123456
53208
123456
53210
123456
53212
123456
53214
123456
53216
123456
53218
123456
53220
123456
53222
123456
53224
123456
53226
123456
53228
123456
53230
123456
53232
123456
53234
123456
53236
123456
53238
123456
53240
123456
53242
123456
53244
123456
53246
123456
53248
123456
53250
123456
53252
123456
53254
123456
53256
123456
53258
123456
53260
123456
53262
123456
53264
123456
53266
123456
53268
123456
53270
123456
53272
123456
53274
123456
53276
123456
53278
123456
53280
123456
53282
123456
53284
123456
53286
123456
53288
123456
53290
123456
53292
123456
53294
123456
53296
123456
53298
123456
53300
123456
53302
123456
53304
123456
53306
123456
53308
123456
53310
123456
53312
123456
53314
123456
53316
123456
53318
123456
53320
123456
53322
123456
53324
123456
53326
123456
53328
123456
53330
123456
53332
123456
53334
123456
53336
123456
53338
123456
53340
123456
53342
123456
53344
123456
53346
123456
53348
123456
53350
123456
53352
123456
53354
123456
53356
123456
53358
123456
53360
123456
53362
123456
53364
123456
53366
123456
53368
123456
53370
123456
53372
123456
53374
123456
53376
123456
53378
123456
53380
123456
53382
123456
53384
123456
53386
123456
53388
123456
53390
123456
53392
123456
53394
123456
53396
123456
53398
123456
53400
123456
53402
123456
53404
123456
53406
123456
53408
123456
53410
123456
53412
123456
53414
123456
53416
123456
53418
123456
53420
123456
53422
123456
53424
123456
53426
123456
53428
123456
53430
123456
53432
123456
53434
123456
53436
123456
53438
123456
53440
123456
53442
123456
53444
123456
53446
123456
53448
123456
53450
123456
53452
123456
53454
123456
53456
123456
53458
123456
53460
123456
53462
123456
53464
123456
53466
123456
53468
123456
53470
123456
53472
123456
53474
123456
53476
123456
53478
123456
53480
123456
53482
123456
53484
123456
53486
123456
53488
123456
53490
123456
53492
123456
53494
123456
53496
123456
53498
123456
53500
123456
53502
123456
53504
123456
53506
123456
53508
123456
53510
123456
53512
123456
53514
123456
53516
123456
53518
123456
53520
123456
53522
123456
53524
123456
53526
123456
53528
123456
53530
123456
53532
123456
53534
123456
53536
123456
53538
123456
53540
123456
53542
123456
53544
123456
53546
123456
53548
123456
53550
123456
53552
123456
53554
123456
53556
123456
53558
123456
53560
123456
53562
123456
53564
123456
53566
123456
53568
123456
53570
123456
53572
123456
53574
123456
53576
123456
53578
123456
53580
123456
53582
123456
53584
123456
53586
123456
53588
123456
53590
123456
53592
123456
53594
123456
53596
123456
53598
123456
53600
123456
53602
123456
53604
123456
53606
123456
53608
123456
53610
123456
53612
123456
53614
123456
53616
123456
53618
123456
53620
123456
53622
123456
53624
123456
53626
123456
53628
123456
53630
123456
53632
123456
53634
123456
53636
123456
53638
123456
53640
123456
53642
123456
53644
123456
53646
123456
53648
123456
53650
123456
53652
123456
53654
123456
53656
123456
53658
123456
53660
123456
53662
123456
53664
123456
53666
123456
53668
123456
53670
123456
53672
123456
53674
123456
53676
123456
53678
123456
53680
123456
53682
123456
53684
123456
53686
123456
53688
123456
53690
123456
53692
123456
53694
123456
53696
123456
53698
123456
53700
123456
53702
123456
53704
123456
53706
123456
53708
123456
53710
123456
53712
123456
53714
123456
53716
123456
53718
123456
53720
123456
53722
123456
53724
123456
53726
123456
53728
123456
53730
123456
53732
123456
53734
123456
53736
123456
53738
123456
53740
123456
53742
123456
53744
123456
53746
123456
53748
123456
53750
123456
53752
123456
53754
123456
53756
123456
53758
123456
53760
123456
53762
123456
53764
123456
53766
123456
53768
123456
53770
123456
53772
123456
53774
123456
53776
123456
53778
123456
53780
123456
53782
123456
53784
123456
53786
123456
53788
123456
53790
123456
53792
123456
53794
123456
53796
123456
53798
123456
53800
123456
53802
123456
53804
123456
53806
123456
53808
123456
53810
123456
53812
123456
53814
123456
53816
123456
53818
123456
53820
123456
53822
123456
53824
123456
53826
123456
53828
123456
53830
123456
53832
123456
53834
123456
53836
123456
53838
123456
53840
123456
53842
123456
53844
123456
53846
123456
53848
123456
53850
123456
53852
123456
53854
123456
53856
123456
53858
123456
53860
123456
53862
123456
53864
123456
53866
123456
53868
123456
53870
123456
53872
123456
53874
123456
53876
123456
53878
123456
53880
123456
53882
123456
53884
123456
53886
123456
53888
123456
53890
123456
53892
123456
53894
123456
53896
123456
53898
123456
53900
123456
53902
123456
53904
123456
53906
123456
53908
123456
53910
123456
53912
123456
53914
123456
53916
123456
53918
123456
53920
123456
53922
123456
53924
123456
53926
123456
53928
123456
53930
123456
53932
123456
53934
123456
53936
123456
53938
123456
53940
123456
53942
123456
53944
123456
53946
123456
53948
123456
53950
123456
53952
123456
53954
123456
53956
123456
53958
123456
53960
123456
53962
123456
53964
123456
53966
123456
53968
123456
53970
123456
53972
123456
53974
123456
53976
123456
53978
123456
53980
123456
53982
123456
53984
123456
53986
123456
53988
123456
53990
123456
53992
123456
53994
123456
53996
123456
53998
123456
54000
123456
54002
123456
54004
123456
54006
123456
54008
123456
54010
123456
54012
123456
54014
123456
54016
123456
54018
123456
54020
123456
54022
123456
54024
123456
54026
123456
54028
123456
54030
123456
54032
123456
54034
123456
54036
123456
54038
123456
54040
123456
54042
123456
54044
123456
54046
123456
54048
123456
54050
123456
54052
123456
54054
123456
54056
123456
54058
123456
54060
123456
54062
123456
54064
123456
54066
123456
54068
123456
54070
123456
54072
123456
54074
123456
54076
123456
54078
123456
54080
123456
54082
123456
54084
123456
54086
123456
54088
123456
54090
123456
54092
123456
54094
123456
54096
123456
54098
123456
54100
123456
54102
123456
54104
123456
54106
123456
54108
123456
54110
123456
54112
123456
54114
123456
54116
123456
54118
123456
54120
123456
54122
123456
54124
123456
54126
123456
54128
123456
54130
123456
54132
123456
54134
123456
54136
123456
54138
123456
54140
123456
54142
123456
54144
123456
54146
123456
54148
123456
54150
123456
54152
123456
54154
123456
54156
123456
54158
123456
54160
123456
54162
123456
54164
123456
54166
123456
54168
123456
54170
123456
54172
123456
54174
123456
54176
123456
54178
123456
54180
123456
54182
123456
54184
123456
54186
123456
54188
123456
54190
123456
54192
123456
54194
123456
54196
123456
54198
123456
54200
123456
54202
123456
54204
123456
54206
123456
54208
123456
54210
123456
54212
123456
54214
123456
54216
123456
54218
123456
54220
123456
54222
123456
54224
123456
54226
123456
54228
123456
54230
123456
54232
123456
54234
123456
54236
123456
54238
123456
54240
123456
54242
123456
54244
123456
54246
123456
54248
123456
54250
123456
54252
123456
54254
123456
54256
123456
54258
123456
54260
123456
54262
123456
54264
123456
54266
123456
54268
123456
54270
123456
54272
123456
54274
123456
54276
123456
54278
123456
54280
123456
54282
123456
54284
123456
54286
123456
54288
123456
54290
123456
54292
123456
54294
123456
54296
123456
54298
123456
54300
123456
54302
123456
54304
123456
54306
123456
54308
123456
54310
123456
54312
123456
54314
123456
54316
123456
54318
123456
54320
123456
54322
123456
54324
123456
54326
123456
54328
123456
54330
123456
54332
123456
54334
123456
54336
123456
54338
123456
54340
123456
54342
123456
54344
123456
54346
123456
54348
123456
54350
123456
54352
123456
54354
123456
54356
123456
54358
123456
54360
123456
54362
123456
54364
123456
54366
123456
54368
123456
54370
123456
54372
123456
54374
123456
54376
123456
54378
123456
54380
123456
54382
123456
54384
123456
54386
123456
54388
123456
54390
123456
54392
123456
54394
123456
54396
123456
54398
123456
54400
123456
54402
123456
54404
123456
54406
123456
54408
123456
54410
123456
54412
123456
54414
123456
54416
123456
54418
123456
54420
123456
54422
123456
54424
123456
54426
123456
54428
123456
54430
123456
54432
123456
54434
123456
54436
123456
54438
123456
54440
123456
54442
123456
54444
123456
54446
123456
54448
123456
54450
123456
54452
123456
54454
123456
54456
123456
54458
123456
54460
123456
54462
123456
54464
123456
54466
123456
54468
123456
54470
123456
54472
123456
54474
123456
54476
123456
54478
123456
54480
123456
54482
123456
54484
123456
54486
123456
54488
123456
54490
123456
54492
123456
54494
123456
54496
123456
54498
123456
54500
123456
54502
123456
54504
123456
54506
123456
54508
123456
54510
123456
54512
123456
54514
123456
54516
123456
54518
123456
54520
123456
54522
123456
54524
123456
54526
123456
54528
123456
54530
123456
54532
123456
54534
123456
54536
123456
54538
123456
54540
123456
54542
123456
54544
123456
54546
123456
54548
123456
54550
123456
54552
123456
54554
123456
54556
123456
54558
123456
54560
123456
54562
123456
54564
123456
54566
123456
54568
123456
54570
123456
54572
123456
54574
123456
54576
123456
54578
123456
54580
123456
54582
123456
54584
123456
54586
123456
54588
123456
54590
123456
54592
123456
54594
123456
54596
123456
54598
123456
54600
123456
54602
123456
54604
123456
54606
123456
54608
123456
54610
123456
54612
123456
54614
123456
54616
123456
54618
123456
54620
123456
54622
123456
54624
123456
54626
123456
54628
123456
54630
123456
54632
123456
54634
123456
54636
123456
54638
123456
54640
123456
54642
123456
54644
123456
54646
123456
54648
123456
54650
123456
54652
123456
54654
123456
54656
123456
54658
123456
54660
123456
54662
123456
54664
123456
54666
123456
54668
123456
54670
123456
54672
123456
54674
123456
54676
123456
54678
123456
54680
123456
54682
123456
54684
123456
54686
123456
54688
123456
54690
123456
54692
123456
54694
123456
54696
123456
54698
123456
54700
123456
54702
123456
54704
123456
54706
123456
54708
123456
54710
123456
54712
123456
54714
123456
54716
123456
54718
123456
54720
123456
54722
123456
54724
123456
54726
123456
54728
123456
54730
123456
54732
123456
54734
123456
54736
123456
54738
123456
54740
123456
54742
123456
54744
123456
54746
123456
54748
123456
54750
123456
54752
123456
54754
123456
54756
123456
54758
123456
54760
123456
54762
123456
54764
123456
54766
123456
54768
123456
54770
123456
54772
123456
54774
123456
54776
123456
54778
123456
54780
123456
54782
123456
54784
123456
54786
123456
54788
123456
54790
123456
54792
123456
54794
123456
54796
123456
54798
123456
54800
123456
54802
123456
54804
123456
54806
123456
54808
123456
54810
123456
54812
123456
54814
123456
54816
123456
54818
123456
54820
123456
54822
123456
54824
123456
54826
123456
54828
123456
54830
123456
54832
123456
54834
123456
54836
123456
54838
123456
54840
123456
54842
123456
54844
123456
54846
123456
54848
123456
54850
123456
54852
123456
54854
123456
54856
123456
54858
123456
54860
123456
54862
123456
54864
123456
54866
123456
54868
123456
54870
123456
54872
123456
54874
123456
54876
123456
54878
123456
54880
123456
54882
123456
54884
123456
54886
123456
54888
123456
54890
123456
54892
123456
54894
123456
54896
123456
54898
123456
54900
123456
54902
123456
54904
123456
54906
123456
54908
123456
54910
123456
54912
123456
54914
123456
54916
123456
54918
123456
54920
123456
54922
123456
54924
123456
54926
123456
54928
123456
54930
123456
54932
123456
54934
123456
54936
123456
54938
123456
54940
123456
54942
123456
54944
123456
54946
123456
54948
123456
54950
123456
54952
123456
54954
123456
54956
123456
54958
123456
54960
123456
54962
123456
54964
123456
54966
123456
54968
123456
54970
123456
54972
123456
54974
123456
54976
123456
54978
123456
54980
123456
54982
123456
54984
123456
54986
123456
54988
123456
54990
123456
54992
123456
54994
123456
54996
123456
54998
123456
55000
123456
55002
123456
55004
123456
55006
123456
55008
123456
55010
123456
55012
123456
55014
123456
55016
123456
55018
123456
55020
123456
55022
123456
55024
123456
55026
123456
55028
123456
55030
123456
55032
123456
55034
123456
55036
123456
55038
123456
55040
123456
55042
123456
55044
123456
55046
123456
55048
123456
55050
123456
55052
123456
55054
123456
55056
123456
55058
123456
55060
123456
55062
123456
55064
123456
55066
123456
55068
123456
55070
123456
55072
123456
55074
123456
55076
123456
55078
123456
55080
123456
55082
123456
55084
123456
55086
123456
55088
123456
55090
123456
55092
123456
55094
123456
55096
123456
55098
123456
55100
123456
55102
123456
55104
123456
55106
123456
55108
123456
55110
123456
55112
123456
55114
123456
55116
123456
55118
123456
55120
123456
55122
123456
55124
123456
55126
123456
55128
123456
55130
123456
55132
123456
55134
123456
55136
123456
55138
123456
55140
123456
55142
123456
55144
123456
55146
123456
55148
123456
55150
123456
55152
123456
55154
123456
55156
123456
55158
123456
55160
123456
55162
123456
55164
123456
55166
123456
55168
123456
55170
123456
55172
123456
55174
123456
55176
123456
55178
123456
55180
123456
55182
123456
55184
123456
55186
123456
55188
123456
55190
123456
55192
123456
55194
123456
55196
123456
55198
123456
55200
123456
55202
123456
55204
123456
55206
123456
55208
123456
55210
123456
55212
123456
55214
123456
55216
123456
55218
123456
55220
123456
55222
123456
55224
123456
55226
123456
55228
123456
55230
123456
55232
123456
55234
123456
55236
123456
55238
123456
55240
123456
55242
123456
55244
123456
55246
123456
55248
123456
55250
123456
55252
123456
55254
123456
55256
123456
55258
123456
55260
123456
55262
123456
55264
123456
55266
123456
55268
123456
55270
123456
55272
123456
55274
123456
55276
123456
55278
123456
55280
123456
55282
123456
55284
123456
55286
123456
55288
123456
55290
123456
55292
123456
55294
123456
55296
123456
55298
123456
55300
123456
55302
123456
55304
123456
55306
123456
55308
123456
55310
123456
55312
123456
55314
123456
55316
123456
55318
123456
55320
123456
55322
123456
55324
123456
55326
123456
55328
123456
55330
123456
55332
123456
55334
123456
55336
123456
55338
123456
55340
123456
55342
123456
55344
123456
55346
123456
55348
123456
55350
123456
55352
123456
55354
123456
55356
123456
55358
123456
55360
123456
55362
123456
55364
123456
55366
123456
55368
123456
55370
123456
55372
123456
55374
123456
55376
123456
55378
123456
55380
123456
55382
123456
55384
123456
55386
123456
55388
123456
55390
123456
55392
123456
55394
123456
55396
123456
55398
123456
55400
123456
55402
123456
55404
123456
55406
123456
55408
123456
55410
123456
55412
123456
55414
123456
55416
123456
55418
123456
55420
123456
55422
123456
55424
123456
55426
123456
55428
123456
55430
123456
55432
123456
55434
123456
55436
123456
55438
123456
55440
123456
55442
123456
55444
123456
55446
123456
55448
123456
55450
123456
55452
123456
55454
123456
55456
123456
55458
123456
55460
123456
55462
123456
55464
123456
55466
123456
55468
123456
55470
123456
55472
123456
55474
123456
55476
123456
55478
123456
55480
123456
55482
123456
55484
123456
55486
123456
55488
123456
55490
123456
55492
123456
55494
123456
55496
123456
55498
123456
55500
123456
55502
123456
55504
123456
55506
123456
55508
123456
55510
123456
55512
123456
55514
123456
55516
123456
55518
123456
55520
123456
55522
123456
55524
123456
55526
123456
55528
123456
55530
123456
55532
123456
55534
123456
55536
123456
55538
123456
55540
123456
55542
123456
55544
123456
55546
123456
55548
123456
55550
123456
55552
123456
55554
123456
55556
123456
55558
123456
55560
123456
55562
123456
55564
123456
55566
123456
55568
123456
55570
123456
55572
123456
55574
123456
55576
123456
55578
123456
55580
123456
55582
123456
55584
123456
55586
123456
55588
123456
55590
123456
55592
123456
55594
123456
55596
123456
55598
123456
55600
123456
55602
123456
55604
123456
55606
123456
55608
123456
55610
123456
55612
123456
55614
123456
55616
123456
55618
123456
55620
123456
55622
123456
55624
123456
55626
123456
55628
123456
55630
123456
55632
123456
55634
123456
55636
123456
55638
123456
55640
123456
55642
123456
55644
123456
55646
123456
55648
123456
55650
123456
55652
123456
55654
123456
55656
123456
55658
123456
55660
123456
55662
123456
55664
123456
55666
123456
55668
123456
55670
123456
55672
123456
55674
123456
55676
123456
55678
123456
55680
123456
55682
123456
55684
123456
55686
123456
55688
123456
55690
123456
55692
123456
55694
123456
55696
123456
55698
123456
55700
123456
55702
123456
55704
123456
55706
123456
55708
123456
55710
123456
55712
123456
55714
123456
55716
123456
55718
123456
55720
123456
55722
123456
55724
123456
55726
123456
55728
123456
55730
123456
55732
123456
55734
123456
55736
123456
55738
123456
55740
123456
55742
123456
55744
123456
55746
123456
55748
123456
55750
123456
55752
123456
55754
123456
55756
123456
55758
123456
55760
123456
55762
123456
55764
123456
55766
123456
55768
123456
55770
123456
55772
123456
55774
123456
55776
123456
55778
123456
55780
123456
55782
123456
55784
123456
55786
123456
55788
123456
55790
123456
55792
123456
55794
123456
55796
123456
55798
123456
55800
123456
55802
123456
55804
123456
55806
123456
55808
123456
55810
123456
55812
123456
55814
123456
55816
123456
55818
123456
55820
123456
55822
123456
55824
123456
55826
123456
55828
123456
55830
123456
55832
123456
55834
123456
55836
123456
55838
123456
55840
123456
55842
123456
55844
123456
55846
123456
55848
123456
55850
123456
55852
123456
55854
123456
55856
123456
55858
123456
55860
123456
55862
123456
55864
123456
55866
123456
55868
123456
55870
123456
55872
123456
55874
123456
55876
123456
55878
123456
55880
123456
55882
123456
55884
123456
55886
123456
55888
123456
55890
123456
55892
123456
55894
123456
55896
123456
55898
123456
55900
123456
55902
123456
55904
123456
55906
123456
55908
123456
55910
123456
55912
123456
55914
123456
55916
123456
55918
123456
55920
123456
55922
123456
55924
123456
55926
123456
55928
123456
55930
123456
55932
123456
55934
123456
55936
123456
55938
123456
55940
123456
55942
123456
55944
123456
55946
123456
55948
123456
55950
123456
55952
123456
55954
123456
55956
123456
55958
123456
55960
123456
55962
123456
55964
123456
55966
123456
55968
123456
55970
123456
55972
123456
55974
123456
55976
123456
55978
123456
55980
123456
55982
123456
55984
123456
55986
123456
55988
123456
55990
123456
55992
123456
55994
123456
55996
123456
55998
123456
56000
123456
56002
123456
56004
123456
56006
123456
56008
123456
56010
123456
56012
123456
56014
123456
56016
123456
56018
123456
56020
123456
56022
123456
56024
123456
56026
123456
56028
123456
56030
123456
56032
123456
56034
123456
56036
123456
56038
123456
56040
123456
56042
123456
56044
123456
56046
123456
56048
123456
56050
123456
56052
123456
56054
123456
56056
123456
56058
123456
56060
123456
56062
123456
56064
123456
56066
123456
56068
123456
56070
123456
56072
123456
56074
123456
56076
123456
56078
123456
56080
123456
56082
123456
56084
123456
56086
123456
56088
123456
56090
123456
56092
123456
56094
123456
56096
123456
56098
123456
56100
123456
56102
123456
56104
123456
56106
123456
56108
123456
56110
123456
56112
123456
56114
123456
56116
123456
56118
123456
56120
123456
56122
123456
56124
123456
56126
123456
56128
123456
56130
123456
56132
123456
56134
123456
56136
123456
56138
123456
56140
123456
56142
123456
56144
123456
56146
123456
56148
123456
56150
123456
56152
123456
56154
123456
56156
123456
56158
123456
56160
123456
56162
123456
56164
123456
56166
123456
56168
123456
56170
123456
56172
123456
56174
123456
56176
123456
56178
123456
56180
123456
56182
123456
56184
123456
56186
123456
56188
123456
56190
123456
56192
123456
56194
123456
56196
123456
56198
123456
56200
123456
56202
123456
56204
123456
56206
123456
56208
123456
56210
123456
56212
123456
56214
123456
56216
123456
56218
123456
56220
123456
56222
123456
56224
123456
56226
123456
56228
123456
56230
123456
56232
123456
56234
123456
56236
123456
56238
123456
56240
123456
56242
123456
56244
123456
56246
123456
56248
123456
56250
123456
56252
123456
56254
123456
56256
123456
56258
123456
56260
123456
56262
123456
56264
123456
56266
123456
56268
123456
56270
123456
56272
123456
56274
123456
56276
123456
56278
123456
56280
123456
56282
123456
56284
123456
56286
123456
56288
123456
56290
123456
56292
123456
56294
123456
56296
123456
56298
123456
56300
123456
56302
123456
56304
123456
56306
123456
56308
123456
56310
123456
56312
123456
56314
123456
56316
123456
56318
123456
56320
123456
56322
123456
56324
123456
56326
123456
56328
123456
56330
123456
56332
123456
56334
123456
56336
123456
56338
123456
56340
123456
56342
123456
56344
123456
56346
123456
56348
123456
56350
123456
56352
123456
56354
123456
56356
123456
56358
123456
56360
123456
56362
123456
56364
123456
56366
123456
56368
123456
56370
123456
56372
123456
56374
123456
56376
123456
56378
123456
56380
123456
56382
123456
56384
123456
56386
123456
56388
123456
56390
123456
56392
123456
56394
123456
56396
123456
56398
123456
56400
123456
56402
123456
56404
123456
56406
123456
56408
123456
56410
123456
56412
123456
56414
123456
56416
123456
56418
123456
56420
123456
56422
123456
56424
123456
56426
123456
56428
123456
56430
123456
56432
123456
56434
123456
56436
123456
56438
123456
56440
123456
56442
123456
56444
123456
56446
123456
56448
123456
56450
123456
56452
123456
56454
123456
56456
123456
56458
123456
56460
123456
56462
123456
56464
123456
56466
123456
56468
123456
56470
123456
56472
123456
56474
123456
56476
123456
56478
123456
56480
123456
56482
123456
56484
123456
56486
123456
56488
123456
56490
123456
56492
123456
56494
123456
56496
123456
56498
123456
56500
123456
56502
123456
56504
123456
56506
123456
56508
123456
56510
123456
56512
123456
56514
123456
56516
123456
56518
123456
56520
123456
56522
123456
56524
123456
56526
123456
56528
123456
56530
123456
56532
123456
56534
123456
56536
123456
56538
123456
56540
123456
56542
123456
56544
123456
56546
123456
56548
123456
56550
123456
56552
123456
56554
123456
56556
123456
56558
123456
56560
123456
56562
123456
56564
123456
56566
123456
56568
123456
56570
123456
56572
123456
56574
123456
56576
123456
56578
123456
56580
123456
56582
123456
56584
123456
56586
123456
56588
123456
56590
123456
56592
123456
56594
123456
56596
123456
56598
123456
56600
123456
56602
123456
56604
123456
56606
123456
56608
123456
56610
123456
56612
123456
56614
123456
56616
123456
56618
123456
56620
123456
56622
123456
56624
123456
56626
123456
56628
123456
56630
123456
56632
123456
56634
123456
56636
123456
56638
123456
56640
123456
56642
123456
56644
123456
56646
123456
56648
123456
56650
123456
56652
123456
56654
123456
56656
123456
56658
123456
56660
123456
56662
123456
56664
123456
56666
123456
56668
123456
56670
123456
56672
123456
56674
123456
56676
123456
56678
123456
56680
123456
56682
123456
56684
123456
56686
123456
56688
123456
56690
123456
56692
123456
56694
123456
56696
123456
56698
123456
56700
123456
56702
123456
56704
123456
56706
123456
56708
123456
56710
123456
56712
123456
56714
123456
56716
123456
56718
123456
56720
123456
56722
123456
56724
123456
56726
123456
56728
123456
56730
123456
56732
123456
56734
123456
56736
123456
56738
123456
56740
123456
56742
123456
56744
123456
56746
123456
56748
123456
56750
123456
56752
123456
56754
123456
56756
123456
56758
123456
56760
123456
56762
123456
56764
123456
56766
123456
56768
123456
56770
123456
56772
123456
56774
123456
56776
123456
56778
123456
56780
123456
56782
123456
56784
123456
56786
123456
56788
123456
56790
123456
56792
123456
56794
123456
56796
123456
56798
123456
56800
123456
56802
123456
56804
123456
56806
123456
56808
123456
56810
123456
56812
123456
56814
123456
56816
123456
56818
123456
56820
123456
56822
123456
56824
123456
56826
123456
56828
123456
56830
123456
56832
123456
56834
123456
56836
123456
56838
123456
56840
123456
56842
123456
56844
123456
56846
123456
56848
123456
56850
123456
56852
123456
56854
123456
56856
123456
56858
123456
56860
123456
56862
123456
56864
123456
56866
123456
56868
123456
56870
123456
56872
123456
56874
123456
56876
123456
56878
123456
56880
123456
56882
123456
56884
123456
56886
123456
56888
123456
56890
123456
56892
123456
56894
123456
56896
123456
56898
123456
56900
123456
56902
123456
56904
123456
56906
123456
56908
123456
56910
123456
56912
123456
56914
123456
56916
123456
56918
123456
56920
123456
56922
123456
56924
123456
56926
123456
56928
123456
56930
123456
56932
123456
56934
123456
56936
123456
56938
123456
56940
123456
56942
123456
56944
123456
56946
123456
56948
123456
56950
123456
56952
123456
56954
123456
56956
123456
56958
123456
56960
123456
56962
123456
56964
123456
56966
123456
56968
123456
56970
123456
56972
123456
56974
123456
56976
123456
56978
123456
56980
123456
56982
123456
56984
123456
56986
123456
56988
123456
56990
123456
56992
123456
56994
123456
56996
123456
56998
123456
57000
123456
57002
123456
57004
123456
57006
123456
57008
123456
57010
123456
57012
123456
57014
123456
57016
123456
57018
123456
57020
123456
57022
123456
57024
123456
57026
123456
57028
123456
57030
123456
57032
123456
57034
123456
57036
123456
57038
123456
57040
123456
57042
123456
57044
123456
57046
123456
57048
123456
57050
123456
57052
123456
57054
123456
57056
123456
57058
123456
57060
123456
57062
123456
57064
123456
57066
123456
57068
123456
57070
123456
57072
123456
57074
123456
57076
123456
57078
123456
57080
123456
57082
123456
57084
123456
57086
123456
57088
123456
57090
123456
57092
123456
57094
123456
57096
123456
57098
123456
57100
123456
57102
123456
57104
123456
57106
123456
57108
123456
57110
123456
57112
123456
57114
123456
57116
123456
57118
123456
57120
123456
57122
123456
57124
123456
57126
123456
57128
123456
57130
123456
57132
123456
57134
123456
57136
123456
57138
123456
57140
123456
57142
123456
57144
123456
57146
123456
57148
123456
57150
123456
57152
123456
57154
123456
57156
123456
57158
123456
57160
123456
57162
123456
57164
123456
57166
123456
57168
123456
57170
123456
57172
123456
57174
123456
57176
123456
57178
123456
57180
123456
57182
123456
57184
123456
57186
123456
57188
123456
57190
123456
57192
123456
57194
123456
57196
123456
57198
123456
57200
123456
57202
123456
57204
123456
57206
123456
57208
123456
57210
123456
57212
123456
57214
123456
57216
123456
57218
123456
57220
123456
57222
123456
57224
123456
57226
123456
57228
123456
57230
123456
57232
123456
57234
123456
57236
123456
57238
123456
57240
123456
57242
123456
57244
123456
57246
123456
57248
123456
57250
123456
57252
123456
57254
123456
57256
123456
57258
123456
57260
123456
57262
123456
57264
123456
57266
123456
57268
123456
57270
123456
57272
123456
57274
123456
57276
123456
57278
123456
57280
123456
57282
123456
57284
123456
57286
123456
57288
123456
57290
123456
57292
123456
57294
123456
57296
123456
57298
123456
57300
123456
57302
123456
57304
123456
57306
123456
57308
123456
57310
123456
57312
123456
57314
123456
57316
123456
57318
123456
57320
123456
57322
123456
57324
123456
57326
123456
57328
123456
57330
123456
57332
123456
57334
123456
57336
123456
57338
123456
57340
123456
57342
123456
57344
123456
57346
123456
57348
123456
57350
123456
57352
123456
57354
123456
57356
123456
57358
123456
57360
123456
57362
123456
57364
123456
57366
123456
57368
123456
57370
123456
57372
123456
57374
123456
57376
123456
57378
123456
57380
123456
57382
123456
57384
123456
57386
123456
57388
123456
57390
123456
57392
123456
57394
123456
57396
123456
57398
123456
57400
123456
57402
123456
57404
123456
57406
123456
57408
123456
57410
123456
57412
123456
57414
123456
57416
123456
57418
123456
57420
123456
57422
123456
57424
123456
57426
123456
57428
123456
57430
123456
57432
123456
57434
123456
57436
123456
57438
123456
57440
123456
57442
123456
57444
123456
57446
123456
57448
123456
57450
123456
57452
123456
57454
123456
57456
123456
57458
123456
57460
123456
57462
123456
57464
123456
57466
123456
57468
123456
57470
123456
57472
123456
57474
123456
57476
123456
57478
123456
57480
123456
57482
123456
57484
123456
57486
123456
57488
123456
57490
123456
57492
123456
57494
123456
57496
123456
57498
123456
57500
123456
57502
123456
57504
123456
57506
123456
57508
123456
57510
123456
57512
123456
57514
123456
57516
123456
57518
123456
57520
123456
57522
123456
57524
123456
57526
123456
57528
123456
57530
123456
57532
123456
57534
123456
57536
123456
57538
123456
57540
123456
57542
123456
57544
123456
57546
123456
57548
123456
57550
123456
57552
123456
57554
123456
57556
123456
57558
123456
57560
123456
57562
123456
57564
123456
57566
123456
57568
123456
57570
123456
57572
123456
57574
123456
57576
123456
57578
123456
57580
123456
57582
123456
57584
123456
57586
123456
57588
123456
57590
123456
57592
123456
57594
123456
57596
123456
57598
123456
57600
123456
57602
123456
57604
123456
57606
123456
57608
123456
57610
123456
57612
123456
57614
123456
57616
123456
57618
123456
57620
123456
57622
123456
57624
123456
57626
123456
57628
123456
57630
123456
57632
123456
57634
123456
57636
123456
57638
123456
57640
123456
57642
123456
57644
123456
57646
123456
57648
123456
57650
123456
57652
123456
57654
123456
57656
123456
57658
123456
57660
123456
57662
123456
57664
123456
57666
123456
57668
123456
57670
123456
57672
123456
57674
123456
57676
123456
57678
123456
57680
123456
57682
123456
57684
123456
57686
123456
57688
123456
57690
123456
57692
123456
57694
123456
57696
123456
57698
123456
57700
123456
57702
123456
57704
123456
57706
123456
57708
123456
57710
123456
57712
123456
57714
123456
57716
123456
57718
123456
57720
123456
57722
123456
57724
123456
57726
123456
57728
123456
57730
123456
57732
123456
57734
123456
57736
123456
57738
123456
57740
123456
57742
123456
57744
123456
57746
123456
57748
123456
57750
123456
57752
123456
57754
123456
57756
123456
57758
123456
57760
123456
57762
123456
57764
123456
57766
123456
57768
123456
57770
123456
57772
123456
57774
123456
57776
123456
57778
123456
57780
123456
57782
123456
57784
123456
57786
123456
57788
123456
57790
123456
57792
123456
57794
123456
57796
123456
57798
123456
57800
123456
57802
123456
57804
123456
57806
123456
57808
123456
57810
123456
57812
123456
57814
123456
57816
123456
57818
123456
57820
123456
57822
123456
57824
123456
57826
123456
57828
123456
57830
123456
57832
123456
57834
123456
57836
123456
57838
123456
57840
123456
57842
123456
57844
123456
57846
123456
57848
123456
57850
123456
57852
123456
57854
123456
57856
123456
57858
123456
57860
123456
57862
123456
57864
123456
57866
123456
57868
123456
57870
123456
57872
123456
57874
123456
57876
123456
57878
123456
57880
123456
57882
123456
57884
123456
57886
123456
57888
123456
57890
123456
57892
123456
57894
123456
57896
123456
57898
123456
57900
123456
57902
123456
57904
123456
57906
123456
57908
123456
57910
123456
57912
123456
57914
123456
57916
123456
57918
123456
57920
123456
57922
123456
57924
123456
57926
123456
57928
123456
57930
123456
57932
123456
57934
123456
57936
123456
57938
123456
57940
123456
57942
123456
57944
123456
57946
123456
57948
123456
57950
123456
57952
123456
57954
123456
57956
123456
57958
123456
57960
123456
57962
123456
57964
123456
57966
123456
57968
123456
57970
123456
57972
123456
57974
123456
57976
123456
57978
123456
57980
123456
57982
123456
57984
123456
57986
123456
57988
123456
57990
123456
57992
123456
57994
123456
57996
123456
57998
123456
58000
123456
58002
123456
58004
123456
58006
123456
58008
123456
58010
123456
58012
123456
58014
123456
58016
123456
58018
123456
58020
123456
58022
123456
58024
123456
58026
123456
58028
123456
58030
123456
58032
123456
58034
123456
58036
123456
58038
123456
58040
123456
58042
123456
58044
123456
58046
123456
58048
123456
58050
123456
58052
123456
58054
123456
58056
123456
58058
123456
58060
123456
58062
123456
58064
123456
58066
123456
58068
123456
58070
123456
58072
123456
58074
123456
58076
123456
58078
123456
58080
123456
58082
123456
58084
123456
58086
123456
58088
123456
58090
123456
58092
123456
58094
123456
58096
123456
58098
123456
58100
123456
58102
123456
58104
123456
58106
123456
58108
123456
58110
123456
58112
123456
58114
123456
58116
123456
58118
123456
58120
123456
58122
123456
58124
123456
58126
123456
58128
123456
58130
123456
58132
123456
58134
123456
58136
123456
58138
123456
58140
123456
58142
123456
58144
123456
58146
123456
58148
123456
58150
123456
58152
123456
58154
123456
58156
123456
58158
123456
58160
123456
58162
123456
58164
123456
58166
123456
58168
123456
58170
123456
58172
123456
58174
123456
58176
123456
58178
123456
58180
123456
58182
123456
58184
123456
58186
123456
58188
123456
58190
123456
58192
123456
58194
123456
58196
123456
58198
123456
58200
123456
58202
123456
58204
123456
58206
123456
58208
123456
58210
123456
58212
123456
58214
123456
58216
123456
58218
123456
58220
123456
58222
123456
58224
123456
58226
123456
58228
123456
58230
123456
58232
123456
58234
123456
58236
123456
58238
123456
58240
123456
58242
123456
58244
123456
58246
123456
58248
123456
58250
123456
58252
123456
58254
123456
58256
123456
58258
123456
58260
123456
58262
123456
58264
123456
58266
123456
58268
123456
58270
123456
58272
123456
58274
123456
58276
123456
58278
123456
58280
123456
58282
123456
58284
123456
58286
123456
58288
123456
58290
123456
58292
123456
58294
123456
58296
123456
58298
123456
58300
123456
58302
123456
58304
123456
58306
123456
58308
123456
58310
123456
58312
123456
58314
123456
58316
123456
58318
123456
58320
123456
58322
123456
58324
123456
58326
123456
58328
123456
58330
123456
58332
123456
58334
123456
58336
123456
58338
123456
58340
123456
58342
123456
58344
123456
58346
123456
58348
123456
58350
123456
58352
123456
58354
123456
58356
123456
58358
123456
58360
123456
58362
123456
58364
123456
58366
123456
58368
123456
58370
123456
58372
123456
58374
123456
58376
123456
58378
123456
58380
123456
58382
123456
58384
123456
58386
123456
58388
123456
58390
123456
58392
123456
58394
123456
58396
123456
58398
123456
58400
123456
58402
123456
58404
123456
58406
123456
58408
123456
58410
123456
58412
123456
58414
123456
58416
123456
58418
123456
58420
123456
58422
123456
58424
123456
58426
123456
58428
123456
58430
123456
58432
123456
58434
123456
58436
123456
58438
123456
58440
123456
58442
123456
58444
123456
58446
123456
58448
123456
58450
123456
58452
123456
58454
123456
58456
123456
58458
123456
58460
123456
58462
123456
58464
123456
58466
123456
58468
123456
58470
123456
58472
123456
58474
123456
58476
123456
58478
123456
58480
123456
58482
123456
58484
123456
58486
123456
58488
123456
58490
123456
58492
123456
58494
123456
58496
123456
58498
123456
58500
123456
58502
123456
58504
123456
58506
123456
58508
123456
58510
123456
58512
123456
58514
123456
58516
123456
58518
123456
58520
123456
58522
123456
58524
123456
58526
123456
58528
123456
58530
123456
58532
123456
58534
123456
58536
123456
58538
123456
58540
123456
58542
123456
58544
123456
58546
123456
58548
123456
58550
123456
58552
123456
58554
123456
58556
123456
58558
123456
58560
123456
58562
123456
58564
123456
58566
123456
58568
123456
58570
123456
58572
123456
58574
123456
58576
123456
58578
123456
58580
123456
58582
123456
58584
123456
58586
123456
58588
123456
58590
123456
58592
123456
58594
123456
58596
123456
58598
123456
58600
123456
58602
123456
58604
123456
58606
123456
58608
123456
58610
123456
58612
123456
58614
123456
58616
123456
58618
123456
58620
123456
58622
123456
58624
123456
58626
123456
58628
123456
58630
123456
58632
123456
58634
123456
58636
123456
58638
123456
58640
123456
58642
123456
58644
123456
58646
123456
58648
123456
58650
123456
58652
123456
58654
123456
58656
123456
58658
123456
58660
123456
58662
123456
58664
123456
58666
123456
58668
123456
58670
123456
58672
123456
58674
123456
58676
123456
58678
123456
58680
123456
58682
123456
58684
123456
58686
123456
58688
123456
58690
123456
58692
123456
58694
123456
58696
123456
58698
123456
58700
123456
58702
123456
58704
123456
58706
123456
58708
123456
58710
123456
58712
123456
58714
123456
58716
123456
58718
123456
58720
123456
58722
123456
58724
123456
58726
123456
58728
123456
58730
123456
58732
123456
58734
123456
58736
123456
58738
123456
58740
123456
58742
123456
58744
123456
58746
123456
58748
123456
58750
123456
58752
123456
58754
123456
58756
123456
58758
123456
58760
123456
58762
123456
58764
123456
58766
123456
58768
123456
58770
123456
58772
123456
58774
123456
58776
123456
58778
123456
58780
123456
58782
123456
58784
123456
58786
123456
58788
123456
58790
123456
58792
123456
58794
123456
58796
123456
58798
123456
58800
123456
58802
123456
58804
123456
58806
123456
58808
123456
58810
123456
58812
123456
58814
123456
58816
123456
58818
123456
58820
123456
58822
123456
58824
123456
58826
123456
58828
123456
58830
123456
58832
123456
58834
123456
58836
123456
58838
123456
58840
123456
58842
123456
58844
123456
58846
123456
58848
123456
58850
123456
58852
123456
58854
123456
58856
123456
58858
123456
58860
123456
58862
123456
58864
123456
58866
123456
58868
123456
58870
123456
58872
123456
58874
123456
58876
123456
58878
123456
58880
123456
58882
123456
58884
123456
58886
123456
58888
123456
58890
123456
58892
123456
58894
123456
58896
123456
58898
123456
58900
123456
58902
123456
58904
123456
58906
123456
58908
123456
58910
123456
58912
123456
58914
123456
58916
123456
58918
123456
58920
123456
58922
123456
58924
123456
58926
123456
58928
123456
58930
123456
58932
123456
58934
123456
58936
123456
58938
123456
58940
123456
58942
123456
58944
123456
58946
123456
58948
123456
58950
123456
58952
123456
58954
123456
58956
123456
58958
123456
58960
123456
58962
123456
58964
123456
58966
123456
58968
123456
58970
123456
58972
123456
58974
123456
58976
123456
58978
123456
58980
123456
58982
123456
58984
123456
58986
123456
58988
123456
58990
123456
58992
123456
58994
123456
58996
123456
58998
123456
59000
123456
59002
123456
59004
123456
59006
123456
59008
123456
59010
123456
59012
123456
59014
123456
59016
123456
59018
123456
59020
123456
59022
123456
59024
123456
59026
123456
59028
123456
59030
123456
59032
123456
59034
123456
59036
123456
59038
123456
59040
123456
59042
123456
59044
123456
59046
123456
59048
123456
59050
123456
59052
123456
59054
123456
59056
123456
59058
123456
59060
123456
59062
123456
59064
123456
59066
123456
59068
123456
59070
123456
59072
123456
59074
123456
59076
123456
59078
123456
59080
123456
59082
123456
59084
123456
59086
123456
59088
123456
59090
123456
59092
123456
59094
123456
59096
123456
59098
123456
59100
123456
59102
123456
59104
123456
59106
123456
59108
123456
59110
123456
59112
123456
59114
123456
59116
123456
59118
123456
59120
123456
59122
123456
59124
123456
59126
123456
59128
123456
59130
123456
59132
123456
59134
123456
59136
123456
59138
123456
59140
123456
59142
123456
59144
123456
59146
123456
59148
123456
59150
123456
59152
123456
59154
123456
59156
123456
59158
123456
59160
123456
59162
123456
59164
123456
59166
123456
59168
123456
59170
123456
59172
123456
59174
123456
59176
123456
59178
123456
59180
123456
59182
123456
59184
123456
59186
123456
59188
123456
59190
123456
59192
123456
59194
123456
59196
123456
59198
123456
59200
123456
59202
123456
59204
123456
59206
123456
59208
123456
59210
123456
59212
123456
59214
123456
59216
123456
59218
123456
59220
123456
59222
123456
59224
123456
59226
123456
59228
123456
59230
123456
59232
123456
59234
123456
59236
123456
59238
123456
59240
123456
59242
123456
59244
123456
59246
123456
59248
123456
59250
123456
59252
123456
59254
123456
59256
123456
59258
123456
59260
123456
59262
123456
59264
123456
59266
123456
59268
123456
59270
123456
59272
123456
59274
123456
59276
123456
59278
123456
59280
123456
59282
123456
59284
123456
59286
123456
59288
123456
59290
123456
59292
123456
59294
123456
59296
123456
59298
123456
59300
123456
59302
123456
59304
123456
59306
123456
59308
123456
59310
123456
59312
123456
59314
123456
59316
123456
59318
123456
59320
123456
59322
123456
59324
123456
59326
123456
59328
123456
59330
123456
59332
123456
59334
123456
59336
123456
59338
123456
59340
123456
59342
123456
59344
123456
59346
123456
59348
123456
59350
123456
59352
123456
59354
123456
59356
123456
59358
123456
59360
123456
59362
123456
59364
123456
59366
123456
59368
123456
59370
123456
59372
123456
59374
123456
59376
123456
59378
123456
59380
123456
59382
123456
59384
123456
59386
123456
59388
123456
59390
123456
59392
123456
59394
123456
59396
123456
59398
123456
59400
123456
59402
123456
59404
123456
59406
123456
59408
123456
59410
123456
59412
123456
59414
123456
59416
123456
59418
123456
59420
123456
59422
123456
59424
123456
59426
123456
59428
123456
59430
123456
59432
123456
59434
123456
59436
123456
59438
123456
59440
123456
59442
123456
59444
123456
59446
123456
59448
123456
59450
123456
59452
123456
59454
123456
59456
123456
59458
123456
59460
123456
59462
123456
59464
123456
59466
123456
59468
123456
59470
123456
59472
123456
59474
123456
59476
123456
59478
123456
59480
123456
59482
123456
59484
123456
59486
123456
59488
123456
59490
123456
59492
123456
59494
123456
59496
123456
59498
123456
59500
123456
59502
123456
59504
123456
59506
123456
59508
123456
59510
123456
59512
123456
59514
123456
59516
123456
59518
123456
59520
123456
59522
123456
59524
123456
59526
123456
59528
123456
59530
123456
59532
123456
59534
123456
59536
123456
59538
123456
59540
123456
59542
123456
59544
123456
59546
123456
59548
123456
59550
123456
59552
123456
59554
123456
59556
123456
59558
123456
59560
123456
59562
123456
59564
123456
59566
123456
59568
123456
59570
123456
59572
123456
59574
123456
59576
123456
59578
123456
59580
123456
59582
123456
59584
123456
59586
123456
59588
123456
59590
123456
59592
123456
59594
123456
59596
123456
59598
123456
59600
123456
59602
123456
59604
123456
59606
123456
59608
123456
59610
123456
59612
123456
59614
123456
59616
123456
59618
123456
59620
123456
59622
123456
59624
123456
59626
123456
59628
123456
59630
123456
59632
123456
59634
123456
59636
123456
59638
123456
59640
123456
59642
123456
59644
123456
59646
123456
59648
123456
59650
123456
59652
123456
59654
123456
59656
123456
59658
123456
59660
123456
59662
123456
59664
123456
59666
123456
59668
123456
59670
123456
59672
123456
59674
123456
59676
123456
59678
123456
59680
123456
59682
123456
59684
123456
59686
123456
59688
123456
59690
123456
59692
123456
59694
123456
59696
123456
59698
123456
59700
123456
59702
123456
59704
123456
59706
123456
59708
123456
59710
123456
59712
123456
59714
123456
59716
123456
59718
123456
59720
123456
59722
123456
59724
123456
59726
123456
59728
123456
59730
123456
59732
123456
59734
123456
59736
123456
59738
123456
59740
123456
59742
123456
59744
123456
59746
123456
59748
123456
59750
123456
59752
123456
59754
123456
59756
123456
59758
123456
59760
123456
59762
123456
59764
123456
59766
123456
59768
123456
59770
123456
59772
123456
59774
123456
59776
123456
59778
123456
59780
123456
59782
123456
59784
123456
59786
123456
59788
123456
59790
123456
59792
123456
59794
123456
59796
123456
59798
123456
59800
123456
59802
123456
59804
123456
59806
123456
59808
123456
59810
123456
59812
123456
59814
123456
59816
123456
59818
123456
59820
123456
59822
123456
59824
123456
59826
123456
59828
123456
59830
123456
59832
123456
59834
123456
59836
123456
59838
123456
59840
123456
59842
123456
59844
123456
59846
123456
59848
123456
59850
123456
59852
123456
59854
123456
59856
123456
59858
123456
59860
123456
59862
123456
59864
123456
59866
123456
59868
123456
59870
123456
59872
123456
59874
123456
59876
123456
59878
123456
59880
123456
59882
123456
59884
123456
59886
123456
59888
123456
59890
123456
59892
123456
59894
123456
59896
123456
59898
123456
59900
123456
59902
123456
59904
123456
59906
123456
59908
123456
59910
123456
59912
123456
59914
123456
59916
123456
59918
123456
59920
123456
59922
123456
59924
123456
59926
123456
59928
123456
59930
123456
59932
123456
59934
123456
59936
123456
59938
123456
59940
123456
59942
123456
59944
123456
59946
123456
59948
123456
59950
123456
59952
123456
59954
123456
59956
123456
59958
123456
59960
123456
59962
123456
59964
123456
59966
123456
59968
123456
59970
123456
59972
123456
59974
123456
59976
123456
59978
123456
59980
123456
59982
123456
59984
123456
59986
123456
59988
123456
59990
123456
59992
123456
59994
123456
59996
123456
59998
123456
60000
123456
60002
123456
60004
123456
60006
123456
60008
123456
60010
123456
60012
123456
60014
123456
60016
123456
60018
123456
60020
123456
60022
123456
60024
123456
60026
123456
60028
123456
60030
123456
60032
123456
60034
123456
60036
123456
60038
123456
60040
123456
60042
123456
60044
123456
60046
123456
60048
123456
60050
123456
60052
123456
60054
123456
60056
123456
60058
123456
60060
123456
60062
123456
60064
123456
60066
123456
60068
123456
60070
123456
60072
123456
60074
123456
60076
123456
60078
123456
60080
123456
60082
123456
60084
123456
60086
123456
60088
123456
60090
123456
60092
123456
60094
123456
60096
123456
60098
123456
60100
123456
60102
123456
60104
123456
60106
123456
60108
123456
60110
123456
60112
123456
60114
123456
60116
123456
60118
123456
60120
123456
60122
123456
60124
123456
60126
123456
60128
123456
60130
123456
60132
123456
60134
123456
60136
123456
60138
123456
60140
123456
60142
123456
60144
123456
60146
123456
60148
123456
60150
123456
60152
123456
60154
123456
60156
123456
60158
123456
60160
123456
60162
123456
60164
123456
60166
123456
60168
123456
60170
123456
60172
123456
60174
123456
60176
123456
60178
123456
60180
123456
60182
123456
60184
123456
60186
123456
60188
123456
60190
123456
60192
123456
60194
123456
60196
123456
60198
123456
60200
123456
60202
123456
60204
123456
60206
123456
60208
123456
60210
123456
60212
123456
60214
123456
60216
123456
60218
123456
60220
123456
60222
123456
60224
123456
60226
123456
60228
123456
60230
123456
60232
123456
60234
123456
60236
123456
60238
123456
60240
123456
60242
123456
60244
123456
60246
123456
60248
123456
60250
123456
60252
123456
60254
123456
60256
123456
60258
123456
60260
123456
60262
123456
60264
123456
60266
123456
60268
123456
60270
123456
60272
123456
60274
123456
60276
123456
60278
123456
60280
123456
60282
123456
60284
123456
60286
123456
60288
123456
60290
123456
60292
123456
60294
123456
60296
123456
60298
123456
60300
123456
60302
123456
60304
123456
60306
123456
60308
123456
60310
123456
60312
123456
60314
123456
60316
123456
60318
123456
60320
123456
60322
123456
60324
123456
60326
123456
60328
123456
60330
123456
60332
123456
60334
123456
60336
123456
60338
123456
60340
123456
60342
123456
60344
123456
60346
123456
60348
123456
60350
123456
60352
123456
60354
123456
60356
123456
60358
123456
60360
123456
60362
123456
60364
123456
60366
123456
60368
123456
60370
123456
60372
123456
60374
123456
60376
123456
60378
123456
60380
123456
60382
123456
60384
123456
60386
123456
60388
123456
60390
123456
60392
123456
60394
123456
60396
123456
60398
123456
60400
123456
60402
123456
60404
123456
60406
123456
60408
123456
60410
123456
60412
123456
60414
123456
60416
123456
60418
123456
60420
123456
60422
123456
60424
123456
60426
123456
60428
123456
60430
123456
60432
123456
60434
123456
60436
123456
60438
123456
60440
123456
60442
123456
60444
123456
60446
123456
60448
123456
60450
123456
60452
123456
60454
123456
60456
123456
60458
123456
60460
123456
60462
123456
60464
123456
60466
123456
60468
123456
60470
123456
60472
123456
60474
123456
60476
123456
60478
123456
60480
123456
60482
123456
60484
123456
60486
123456
60488
123456
60490
123456
60492
123456
60494
123456
60496
123456
60498
123456
60500
123456
60502
123456
60504
123456
60506
123456
60508
123456
60510
123456
60512
123456
60514
123456
60516
123456
60518
123456
60520
123456
60522
123456
60524
123456
60526
123456
60528
123456
60530
123456
60532
123456
60534
123456
60536
123456
60538
123456
60540
123456
60542
123456
60544
123456
60546
123456
60548
123456
60550
123456
60552
123456
60554
123456
60556
123456
60558
123456
60560
123456
60562
123456
60564
123456
60566
123456
60568
123456
60570
123456
60572
123456
60574
123456
60576
123456
60578
123456
60580
123456
60582
123456
60584
123456
60586
123456
60588
123456
60590
123456
60592
123456
60594
123456
60596
123456
60598
123456
60600
123456
60602
123456
60604
123456
60606
123456
60608
123456
60610
123456
60612
123456
60614
123456
60616
123456
60618
123456
60620
123456
60622
123456
60624
123456
60626
123456
60628
123456
60630
123456
60632
123456
60634
123456
60636
123456
60638
123456
60640
123456
60642
123456
60644
123456
60646
123456
60648
123456
60650
123456
60652
123456
60654
123456
60656
123456
60658
123456
60660
123456
60662
123456
60664
123456
60666
123456
60668
123456
60670
123456
60672
123456
60674
123456
60676
123456
60678
123456
60680
123456
60682
123456
60684
123456
60686
123456
60688
123456
60690
123456
60692
123456
60694
123456
60696
123456
60698
123456
60700
123456
60702
123456
60704
123456
60706
123456
60708
123456
60710
123456
60712
123456
60714
123456
60716
123456
60718
123456
60720
123456
60722
123456
60724
123456
60726
123456
60728
123456
60730
123456
60732
123456
60734
123456
60736
123456
60738
123456
60740
123456
60742
123456
60744
123456
60746
123456
60748
123456
60750
123456
60752
123456
60754
123456
60756
123456
60758
123456
60760
123456
60762
123456
60764
123456
60766
123456
60768
123456
60770
123456
60772
123456
60774
123456
60776
123456
60778
123456
60780
123456
60782
123456
60784
123456
60786
123456
60788
123456
60790
123456
60792
123456
60794
123456
60796
123456
60798
123456
60800
123456
60802
123456
60804
123456
60806
123456
60808
123456
60810
123456
60812
123456
60814
123456
60816
123456
60818
123456
60820
123456
60822
123456
60824
123456
60826
123456
60828
123456
60830
123456
60832
123456
60834
123456
60836
123456
60838
123456
60840
123456
60842
123456
60844
123456
60846
123456
60848
123456
60850
123456
60852
123456
60854
123456
60856
123456
60858
123456
60860
123456
60862
123456
60864
123456
60866
123456
60868
123456
60870
123456
60872
123456
60874
123456
60876
123456
60878
123456
60880
123456
60882
123456
60884
123456
60886
123456
60888
123456
60890
123456
60892
123456
60894
123456
60896
123456
60898
123456
60900
123456
60902
123456
60904
123456
60906
123456
60908
123456
60910
123456
60912
123456
60914
123456
60916
123456
60918
123456
60920
123456
60922
123456
60924
123456
60926
123456
60928
123456
60930
123456
60932
123456
60934
123456
60936
123456
60938
123456
60940
123456
60942
123456
60944
123456
60946
123456
60948
123456
60950
123456
60952
123456
60954
123456
60956
123456
60958
123456
60960
123456
60962
123456
60964
123456
60966
123456
60968
123456
60970
123456
60972
123456
60974
123456
60976
123456
60978
123456
60980
123456
60982
123456
60984
123456
60986
123456
60988
123456
60990
123456
60992
123456
60994
123456
60996
123456
60998
123456
61000
123456
61002
123456
61004
123456
61006
123456
61008
123456
61010
123456
61012
123456
61014
123456
61016
123456
61018
123456
61020
123456
61022
123456
61024
123456
61026
123456
61028
123456
61030
123456
61032
123456
61034
123456
61036
123456
61038
123456
61040
123456
61042
123456
61044
123456
61046
123456
61048
123456
61050
123456
61052
123456
61054
123456
61056
123456
61058
123456
61060
123456
61062
123456
61064
123456
61066
123456
61068
123456
61070
123456
61072
123456
61074
123456
61076
123456
61078
123456
61080
123456
61082
123456
61084
123456
61086
123456
61088
123456
61090
123456
61092
123456
61094
123456
61096
123456
61098
123456
61100
123456
61102
123456
61104
123456
61106
123456
61108
123456
61110
123456
61112
123456
61114
123456
61116
123456
61118
123456
61120
123456
61122
123456
61124
123456
61126
123456
61128
123456
61130
123456
61132
123456
61134
123456
61136
123456
61138
123456
61140
123456
61142
123456
61144
123456
61146
123456
61148
123456
61150
123456
61152
123456
61154
123456
61156
123456
61158
123456
61160
123456
61162
123456
61164
123456
61166
123456
61168
123456
61170
123456
61172
123456
61174
123456
61176
123456
61178
123456
61180
123456
61182
123456
61184
123456
61186
123456
61188
123456
61190
123456
61192
123456
61194
123456
61196
123456
61198
123456
61200
123456
61202
123456
61204
123456
61206
123456
61208
123456
61210
123456
61212
123456
61214
123456
61216
123456
61218
123456
61220
123456
61222
123456
61224
123456
61226
123456
61228
123456
61230
123456
61232
123456
61234
123456
61236
123456
61238
123456
61240
123456
61242
123456
61244
123456
61246
123456
61248
123456
61250
123456
61252
123456
61254
123456
61256
123456
61258
123456
61260
123456
61262
123456
61264
123456
61266
123456
61268
123456
61270
123456
61272
123456
61274
123456
61276
123456
61278
123456
61280
123456
61282
123456
61284
123456
61286
123456
61288
123456
61290
123456
61292
123456
61294
123456
61296
123456
61298
123456
61300
123456
61302
123456
61304
123456
61306
123456
61308
123456
61310
123456
61312
123456
61314
123456
61316
123456
61318
123456
61320
123456
61322
123456
61324
123456
61326
123456
61328
123456
61330
123456
61332
123456
61334
123456
61336
123456
61338
123456
61340
123456
61342
123456
61344
123456
61346
123456
61348
123456
61350
123456
61352
123456
61354
123456
61356
123456
61358
123456
61360
123456
61362
123456
61364
123456
61366
123456
61368
123456
61370
123456
61372
123456
61374
123456
61376
123456
61378
123456
61380
123456
61382
123456
61384
123456
61386
123456
61388
123456
61390
123456
61392
123456
61394
123456
61396
123456
61398
123456
61400
123456
61402
123456
61404
123456
61406
123456
61408
123456
61410
123456
61412
123456
61414
123456
61416
123456
61418
123456
61420
123456
61422
123456
61424
123456
61426
123456
61428
123456
61430
123456
61432
123456
61434
123456
61436
123456
61438
123456
61440
123456
61442
123456
61444
123456
61446
123456
61448
123456
61450
123456
61452
123456
61454
123456
61456
123456
61458
123456
61460
123456
61462
123456
61464
123456
61466
123456
61468
123456
61470
123456
61472
123456
61474
123456
61476
123456
61478
123456
61480
123456
61482
123456
61484
123456
61486
123456
61488
123456
61490
123456
61492
123456
61494
123456
61496
123456
61498
123456
61500
123456
61502
123456
61504
123456
61506
123456
61508
123456
61510
123456
61512
123456
61514
123456
61516
123456
61518
123456
61520
123456
61522
123456
61524
123456
61526
123456
61528
123456
61530
123456
61532
123456
61534
123456
61536
123456
61538
123456
61540
123456
61542
123456
61544
123456
61546
123456
61548
123456
61550
123456
61552
123456
61554
123456
61556
123456
61558
123456
61560
123456
61562
123456
61564
123456
61566
123456
61568
123456
61570
123456
61572
123456
61574
123456
61576
123456
61578
123456
61580
123456
61582
123456
61584
123456
61586
123456
61588
123456
61590
123456
61592
123456
61594
123456
61596
123456
61598
123456
61600
123456
61602
123456
61604
123456
61606
123456
61608
123456
61610
123456
61612
123456
61614
123456
61616
123456
61618
123456
61620
123456
61622
123456
61624
123456
61626
123456
61628
123456
61630
123456
61632
123456
61634
123456
61636
123456
61638
123456
61640
123456
61642
123456
61644
123456
61646
123456
61648
123456
61650
123456
61652
123456
61654
123456
61656
123456
61658
123456
61660
123456
61662
123456
61664
123456
61666
123456
61668
123456
61670
123456
61672
123456
61674
123456
61676
123456
61678
123456
61680
123456
61682
123456
61684
123456
61686
123456
61688
123456
61690
123456
61692
123456
61694
123456
61696
123456
61698
123456
61700
123456
61702
123456
61704
123456
61706
123456
61708
123456
61710
123456
61712
123456
61714
123456
61716
123456
61718
123456
61720
123456
61722
123456
61724
123456
61726
123456
61728
123456
61730
123456
61732
123456
61734
123456
61736
123456
61738
123456
61740
123456
61742
123456
61744
123456
61746
123456
61748
123456
61750
123456
61752
123456
61754
123456
61756
123456
61758
123456
61760
123456
61762
123456
61764
123456
61766
123456
61768
123456
61770
123456
61772
123456
61774
123456
61776
123456
61778
123456
61780
123456
61782
123456
61784
123456
61786
123456
61788
123456
61790
123456
61792
123456
61794
123456
61796
123456
61798
123456
61800
123456
61802
123456
61804
123456
61806
123456
61808
123456
61810
123456
61812
123456
61814
123456
61816
123456
61818
123456
61820
123456
61822
123456
61824
123456
61826
123456
61828
123456
61830
123456
61832
123456
61834
123456
61836
123456
61838
123456
61840
123456
61842
123456
61844
123456
61846
123456
61848
123456
61850
123456
61852
123456
61854
123456
61856
123456
61858
123456
61860
123456
61862
123456
61864
123456
61866
123456
61868
123456
61870
123456
61872
123456
61874
123456
61876
123456
61878
123456
61880
123456
61882
123456
61884
123456
61886
123456
61888
123456
61890
123456
61892
123456
61894
123456
61896
123456
61898
123456
61900
123456
61902
123456
61904
123456
61906
123456
61908
123456
61910
123456
61912
123456
61914
123456
61916
123456
61918
123456
61920
123456
61922
123456
61924
123456
61926
123456
61928
123456
61930
123456
61932
123456
61934
123456
61936
123456
61938
123456
61940
123456
61942
123456
61944
123456
61946
123456
61948
123456
61950
123456
61952
123456
61954
123456
61956
123456
61958
123456
61960
123456
61962
123456
61964
123456
61966
123456
61968
123456
61970
123456
61972
123456
61974
123456
61976
123456
61978
123456
61980
123456
61982
123456
61984
123456
61986
123456
61988
123456
61990
123456
61992
123456
61994
123456
61996
123456
61998
123456
62000
123456
62002
123456
62004
123456
62006
123456
62008
123456
62010
123456
62012
123456
62014
123456
62016
123456
62018
123456
62020
123456
62022
123456
62024
123456
62026
123456
62028
123456
62030
123456
62032
123456
62034
123456
62036
123456
62038
123456
62040
123456
62042
123456
62044
123456
62046
123456
62048
123456
62050
123456
62052
123456
62054
123456
62056
123456
62058
123456
62060
123456
62062
123456
62064
123456
62066
123456
62068
123456
62070
123456
62072
123456
62074
123456
62076
123456
62078
123456
62080
123456
62082
123456
62084
123456
62086
123456
62088
123456
62090
123456
62092
123456
62094
123456
62096
123456
62098
123456
62100
123456
62102
123456
62104
123456
62106
123456
62108
123456
62110
123456
62112
123456
62114
123456
62116
123456
62118
123456
62120
123456
62122
123456
62124
123456
62126
123456
62128
123456
62130
123456
62132
123456
62134
123456
62136
123456
62138
123456
62140
123456
62142
123456
62144
123456
62146
123456
62148
123456
62150
123456
62152
123456
62154
123456
62156
123456
62158
123456
62160
123456
62162
123456
62164
123456
62166
123456
62168
123456
62170
123456
62172
123456
62174
123456
62176
123456
62178
123456
62180
123456
62182
123456
62184
123456
62186
123456
62188
123456
62190
123456
62192
123456
62194
123456
62196
123456
62198
123456
62200
123456
62202
123456
62204
123456
62206
123456
62208
123456
62210
123456
62212
123456
62214
123456
62216
123456
62218
123456
62220
123456
62222
123456
62224
123456
62226
123456
62228
123456
62230
123456
62232
123456
62234
123456
62236
123456
62238
123456
62240
123456
62242
123456
62244
123456
62246
123456
62248
123456
62250
123456
62252
123456
62254
123456
62256
123456
62258
123456
62260
123456
62262
123456
62264
123456
62266
123456
62268
123456
62270
123456
62272
123456
62274
123456
62276
123456
62278
123456
62280
123456
62282
123456
62284
123456
62286
123456
62288
123456
62290
123456
62292
123456
62294
123456
62296
123456
62298
123456
62300
123456
62302
123456
62304
123456
62306
123456
62308
123456
62310
123456
62312
123456
62314
123456
62316
123456
62318
123456
62320
123456
62322
123456
62324
123456
62326
123456
62328
123456
62330
123456
62332
123456
62334
123456
62336
123456
62338
123456
62340
123456
62342
123456
62344
123456
62346
123456
62348
123456
62350
123456
62352
123456
62354
123456
62356
123456
62358
123456
62360
123456
62362
123456
62364
123456
62366
123456
62368
123456
62370
123456
62372
123456
62374
123456
62376
123456
62378
123456
62380
123456
62382
123456
62384
123456
62386
123456
62388
123456
62390
123456
62392
123456
62394
123456
62396
123456
62398
123456
62400
123456
62402
123456
62404
123456
62406
123456
62408
123456
62410
123456
62412
123456
62414
123456
62416
123456
62418
123456
62420
123456
62422
123456
62424
123456
62426
123456
62428
123456
62430
123456
62432
123456
62434
123456
62436
123456
62438
123456
62440
123456
62442
123456
62444
123456
62446
123456
62448
123456
62450
123456
62452
123456
62454
123456
62456
123456
62458
123456
62460
123456
62462
123456
62464
123456
62466
123456
62468
123456
62470
123456
62472
123456
62474
123456
62476
123456
62478
123456
62480
123456
62482
123456
62484
123456
62486
123456
62488
123456
62490
123456
62492
123456
62494
123456
62496
123456
62498
123456
62500
123456
62502
123456
62504
123456
62506
123456
62508
123456
62510
123456
62512
123456
62514
123456
62516
123456
62518
123456
62520
123456
62522
123456
62524
123456
62526
123456
62528
123456
62530
123456
62532
123456
62534
123456
62536
123456
62538
123456
62540
123456
62542
123456
62544
123456
62546
123456
62548
123456
62550
123456
62552
123456
62554
123456
62556
123456
62558
123456
62560
123456
62562
123456
62564
123456
62566
123456
62568
123456
62570
123456
62572
123456
62574
123456
62576
123456
62578
123456
62580
123456
62582
123456
62584
123456
62586
123456
62588
123456
62590
123456
62592
123456
62594
123456
62596
123456
62598
123456
62600
123456
62602
123456
62604
123456
62606
123456
62608
123456
62610
123456
62612
123456
62614
123456
62616
123456
62618
123456
62620
123456
62622
123456
62624
123456
62626
123456
62628
123456
62630
123456
62632
123456
62634
123456
62636
123456
62638
123456
62640
123456
62642
123456
62644
123456
62646
123456
62648
123456
62650
123456
62652
123456
62654
123456
62656
123456
62658
123456
62660
123456
62662
123456
62664
123456
62666
123456
62668
123456
62670
123456
62672
123456
62674
123456
62676
123456
62678
123456
62680
123456
62682
123456
62684
123456
62686
123456
62688
123456
62690
123456
62692
123456
62694
123456
62696
123456
62698
123456
62700
123456
62702
123456
62704
123456
62706
123456
62708
123456
62710
123456
62712
123456
62714
123456
62716
123456
62718
123456
62720
123456
62722
123456
62724
123456
62726
123456
62728
123456
62730
123456
62732
123456
62734
123456
62736
123456
62738
123456
62740
123456
62742
123456
62744
123456
62746
123456
62748
123456
62750
123456
62752
123456
62754
123456
62756
123456
62758
123456
62760
123456
62762
123456
62764
123456
62766
123456
62768
123456
62770
123456
62772
123456
62774
123456
62776
123456
62778
123456
62780
123456
62782
123456
62784
123456
62786
123456
62788
123456
62790
123456
62792
123456
62794
123456
62796
123456
62798
123456
62800
123456
62802
123456
62804
123456
62806
123456
62808
123456
62810
123456
62812
123456
62814
123456
62816
123456
62818
123456
62820
123456
62822
123456
62824
123456
62826
123456
62828
123456
62830
123456
62832
123456
62834
123456
62836
123456
62838
123456
62840
123456
62842
123456
62844
123456
62846
123456
62848
123456
62850
123456
62852
123456
62854
123456
62856
123456
62858
123456
62860
123456
62862
123456
62864
123456
62866
123456
62868
123456
62870
123456
62872
123456
62874
123456
62876
123456
62878
123456
62880
123456
62882
123456
62884
123456
62886
123456
62888
123456
62890
123456
62892
123456
62894
123456
62896
123456
62898
123456
62900
123456
62902
123456
62904
123456
62906
123456
62908
123456
62910
123456
62912
123456
62914
123456
62916
123456
62918
123456
62920
123456
62922
123456
62924
123456
62926
123456
62928
123456
62930
123456
62932
123456
62934
123456
62936
123456
62938
123456
62940
123456
62942
123456
62944
123456
62946
123456
62948
123456
62950
123456
62952
123456
62954
123456
62956
123456
62958
123456
62960
123456
62962
123456
62964
123456
62966
123456
62968
123456
62970
123456
62972
123456
62974
123456
62976
123456
62978
123456
62980
123456
62982
123456
62984
123456
62986
123456
62988
123456
62990
123456
62992
123456
62994
123456
62996
123456
62998
123456
63000
123456
63002
123456
63004
123456
63006
123456
63008
123456
63010
123456
63012
123456
63014
123456
63016
123456
63018
123456
63020
123456
63022
123456
63024
123456
63026
123456
63028
123456
63030
123456
63032
123456
63034
123456
63036
123456
63038
123456
63040
123456
63042
123456
63044
123456
63046
123456
63048
123456
63050
123456
63052
123456
63054
123456
63056
123456
63058
123456
63060
123456
63062
123456
63064
123456
63066
123456
63068
123456
63070
123456
63072
123456
63074
123456
63076
123456
63078
123456
63080
123456
63082
123456
63084
123456
63086
123456
63088
123456
63090
123456
63092
123456
63094
123456
63096
123456
63098
123456
63100
123456
63102
123456
63104
123456
63106
123456
63108
123456
63110
123456
63112
123456
63114
123456
63116
123456
63118
123456
63120
123456
63122
123456
63124
123456
63126
123456
63128
123456
63130
123456
63132
123456
63134
123456
63136
123456
63138
123456
63140
123456
63142
123456
63144
123456
63146
123456
63148
123456
63150
123456
63152
123456
63154
123456
63156
123456
63158
123456
63160
123456
63162
123456
63164
123456
63166
123456
63168
123456
63170
123456
63172
123456
63174
123456
63176
123456
63178
123456
63180
123456
63182
123456
63184
123456
63186
123456
63188
123456
63190
123456
63192
123456
63194
123456
63196
123456
63198
123456
63200
123456
63202
123456
63204
123456
63206
123456
63208
123456
63210
123456
63212
123456
63214
123456
63216
123456
63218
123456
63220
123456
63222
123456
63224
123456
63226
123456
63228
123456
63230
123456
63232
123456
63234
123456
63236
123456
63238
123456
63240
123456
63242
123456
63244
123456
63246
123456
63248
123456
63250
123456
63252
123456
63254
123456
63256
123456
63258
123456
63260
123456
63262
123456
63264
123456
63266
123456
63268
123456
63270
123456
63272
123456
63274
123456
63276
123456
63278
123456
63280
123456
63282
123456
63284
123456
63286
123456
63288
123456
63290
123456
63292
123456
63294
123456
63296
123456
63298
123456
63300
123456
63302
123456
63304
123456
63306
123456
63308
123456
63310
123456
63312
123456
63314
123456
63316
123456
63318
123456
63320
123456
63322
123456
63324
123456
63326
123456
63328
123456
63330
123456
63332
123456
63334
123456
63336
123456
63338
123456
63340
123456
63342
123456
63344
123456
63346
123456
63348
123456
63350
123456
63352
123456
63354
123456
63356
123456
63358
123456
63360
123456
63362
123456
63364
123456
63366
123456
63368
123456
63370
123456
63372
123456
63374
123456
63376
123456
63378
123456
63380
123456
63382
123456
63384
123456
63386
123456
63388
123456
63390
123456
63392
123456
63394
123456
63396
123456
63398
123456
63400
123456
63402
123456
63404
123456
63406
123456
63408
123456
63410
123456
63412
123456
63414
123456
63416
123456
63418
123456
63420
123456
63422
123456
63424
123456
63426
123456
63428
123456
63430
123456
63432
123456
63434
123456
63436
123456
63438
123456
63440
123456
63442
123456
63444
123456
63446
123456
63448
123456
63450
123456
63452
123456
63454
123456
63456
123456
63458
123456
63460
123456
63462
123456
63464
123456
63466
123456
63468
123456
63470
123456
63472
123456
63474
123456
63476
123456
63478
123456
63480
123456
63482
123456
63484
123456
63486
123456
63488
123456
63490
123456
63492
123456
63494
123456
63496
123456
63498
123456
63500
123456
63502
123456
63504
123456
63506
123456
63508
123456
63510
123456
63512
123456
63514
123456
63516
123456
63518
123456
63520
123456
63522
123456
63524
123456
63526
123456
63528
123456
63530
123456
63532
123456
63534
123456
63536
123456
63538
123456
63540
123456
63542
123456
63544
123456
63546
123456
63548
123456
63550
123456
63552
123456
63554
123456
63556
123456
63558
123456
63560
123456
63562
123456
63564
123456
63566
123456
63568
123456
63570
123456
63572
123456
63574
123456
63576
123456
63578
123456
63580
123456
63582
123456
63584
123456
63586
123456
63588
123456
63590
123456
63592
123456
63594
123456
63596
123456
63598
123456
63600
123456
63602
123456
63604
123456
63606
123456
63608
123456
63610
123456
63612
123456
63614
123456
63616
123456
63618
123456
63620
123456
63622
123456
63624
123456
63626
123456
63628
123456
63630
123456
63632
123456
63634
123456
63636
123456
63638
123456
63640
123456
63642
123456
63644
123456
63646
123456
63648
123456
63650
123456
63652
123456
63654
123456
63656
123456
63658
123456
63660
123456
63662
123456
63664
123456
63666
123456
63668
123456
63670
123456
63672
123456
63674
123456
63676
123456
63678
123456
63680
123456
63682
123456
63684
123456
63686
123456
63688
123456
63690
123456
63692
123456
63694
123456
63696
123456
63698
123456
63700
123456
63702
123456
63704
123456
63706
123456
63708
123456
63710
123456
63712
123456
63714
123456
63716
123456
63718
123456
63720
123456
63722
123456
63724
123456
63726
123456
63728
123456
63730
123456
63732
123456
63734
123456
63736
123456
63738
123456
63740
123456
63742
123456
63744
123456
63746
123456
63748
123456
63750
123456
63752
123456
63754
123456
63756
123456
63758
123456
63760
123456
63762
123456
63764
123456
63766
123456
63768
123456
63770
123456
63772
123456
63774
123456
63776
123456
63778
123456
63780
123456
63782
123456
63784
123456
63786
123456
63788
123456
63790
123456
63792
123456
63794
123456
63796
123456
63798
123456
63800
123456
63802
123456
63804
123456
63806
123456
63808
123456
63810
123456
63812
123456
63814
123456
63816
123456
63818
123456
63820
123456
63822
123456
63824
123456
63826
123456
63828
123456
63830
123456
63832
123456
63834
123456
63836
123456
63838
123456
63840
123456
63842
123456
63844
123456
63846
123456
63848
123456
63850
123456
63852
123456
63854
123456
63856
123456
63858
123456
63860
123456
63862
123456
63864
123456
63866
123456
63868
123456
63870
123456
63872
123456
63874
123456
63876
123456
63878
123456
63880
123456
63882
123456
63884
123456
63886
123456
63888
123456
63890
123456
63892
123456
63894
123456
63896
123456
63898
123456
63900
123456
63902
123456
63904
123456
63906
123456
63908
123456
63910
123456
63912
123456
63914
123456
63916
123456
63918
123456
63920
123456
63922
123456
63924
123456
63926
123456
63928
123456
63930
123456
63932
123456
63934
123456
63936
123456
63938
123456
63940
123456
63942
123456
63944
123456
63946
123456
63948
123456
63950
123456
63952
123456
63954
123456
63956
123456
63958
123456
63960
123456
63962
123456
63964
123456
63966
123456
63968
123456
63970
123456
63972
123456
63974
123456
63976
123456
63978
123456
63980
123456
63982
123456
63984
123456
63986
123456
63988
123456
63990
123456
63992
123456
63994
123456
63996
123456
63998
123456
64000
123456
64002
123456
64004
123456
64006
123456
64008
123456
64010
123456
64012
123456
64014
123456
64016
123456
64018
123456
64020
123456
64022
123456
64024
123456
64026
123456
64028
123456
64030
123456
64032
123456
64034
123456
64036
123456
64038
123456
64040
123456
64042
123456
64044
123456
64046
123456
64048
123456
64050
123456
64052
123456
64054
123456
64056
123456
64058
123456
64060
123456
64062
123456
64064
123456
64066
123456
64068
123456
64070
123456
64072
123456
64074
123456
64076
123456
64078
123456
64080
123456
64082
123456
64084
123456
64086
123456
64088
123456
64090
123456
64092
123456
64094
123456
64096
123456
64098
123456
64100
123456
64102
123456
64104
123456
64106
123456
64108
123456
64110
123456
64112
123456
64114
123456
64116
123456
64118
123456
64120
123456
64122
123456
64124
123456
64126
123456
64128
123456
64130
123456
64132
123456
64134
123456
64136
123456
64138
123456
64140
123456
64142
123456
64144
123456
64146
123456
64148
123456
64150
123456
64152
123456
64154
123456
64156
123456
64158
123456
64160
123456
64162
123456
64164
123456
64166
123456
64168
123456
64170
123456
64172
123456
64174
123456
64176
123456
64178
123456
64180
123456
64182
123456
64184
123456
64186
123456
64188
123456
64190
123456
64192
123456
64194
123456
64196
123456
64198
123456
64200
123456
64202
123456
64204
123456
64206
123456
64208
123456
64210
123456
64212
123456
64214
123456
64216
123456
64218
123456
64220
123456
64222
123456
64224
123456
64226
123456
64228
123456
64230
123456
64232
123456
64234
123456
64236
123456
64238
123456
64240
123456
64242
123456
64244
123456
64246
123456
64248
123456
64250
123456
64252
123456
64254
123456
64256
123456
64258
123456
64260
123456
64262
123456
64264
123456
64266
123456
64268
123456
64270
123456
64272
123456
64274
123456
64276
123456
64278
123456
64280
123456
64282
123456
64284
123456
64286
123456
64288
123456
64290
123456
64292
123456
64294
123456
64296
123456
64298
123456
64300
123456
64302
123456
64304
123456
64306
123456
64308
123456
64310
123456
64312
123456
64314
123456
64316
123456
64318
123456
64320
123456
64322
123456
64324
123456
64326
123456
64328
123456
64330
123456
64332
123456
64334
123456
64336
123456
64338
123456
64340
123456
64342
123456
64344
123456
64346
123456
64348
123456
64350
123456
64352
123456
64354
123456
64356
123456
64358
123456
64360
123456
64362
123456
64364
123456
64366
123456
64368
123456
64370
123456
64372
123456
64374
123456
64376
123456
64378
123456
64380
123456
64382
123456
64384
123456
64386
123456
64388
123456
64390
123456
64392
123456
64394
123456
64396
123456
64398
123456
64400
123456
64402
123456
64404
123456
64406
123456
64408
123456
64410
123456
64412
123456
64414
123456
64416
123456
64418
123456
64420
123456
64422
123456
64424
123456
64426
123456
64428
123456
64430
123456
64432
123456
64434
123456
64436
123456
64438
123456
64440
123456
64442
123456
64444
123456
64446
123456
64448
123456
64450
123456
64452
123456
64454
123456
64456
123456
64458
123456
64460
123456
64462
123456
64464
123456
64466
123456
64468
123456
64470
123456
64472
123456
64474
123456
64476
123456
64478
123456
64480
123456
64482
123456
64484
123456
64486
123456
64488
123456
64490
123456
64492
123456
64494
123456
64496
123456
64498
123456
64500
123456
64502
123456
64504
123456
64506
123456
64508
123456
64510
123456
64512
123456
64514
123456
64516
123456
64518
123456
64520
123456
64522
123456
64524
123456
64526
123456
64528
123456
64530
123456
64532
123456
64534
123456
64536
123456
64538
123456
64540
123456
64542
123456
64544
123456
64546
123456
64548
123456
64550
123456
64552
123456
64554
123456
64556
123456
64558
123456
64560
123456
64562
123456
64564
123456
64566
123456
64568
123456
64570
123456
64572
123456
64574
123456
64576
123456
64578
123456
64580
123456
64582
123456
64584
123456
64586
123456
64588
123456
64590
123456
64592
123456
64594
123456
64596
123456
64598
123456
64600
123456
64602
123456
64604
123456
64606
123456
64608
123456
64610
123456
64612
123456
64614
123456
64616
123456
64618
123456
64620
123456
64622
123456
64624
123456
64626
123456
64628
123456
64630
123456
64632
123456
64634
123456
64636
123456
64638
123456
64640
123456
64642
123456
64644
123456
64646
123456
64648
123456
64650
123456
64652
123456
64654
123456
64656
123456
64658
123456
64660
123456
64662
123456
64664
123456
64666
123456
64668
123456
64670
123456
64672
123456
64674
123456
64676
123456
64678
123456
64680
123456
64682
123456
64684
123456
64686
123456
64688
123456
64690
123456
64692
123456
64694
123456
64696
123456
64698
123456
64700
123456
64702
123456
64704
123456
64706
123456
64708
123456
64710
123456
64712
123456
64714
123456
64716
123456
64718
123456
64720
123456
64722
123456
64724
123456
64726
123456
64728
123456
64730
123456
64732
123456
64734
123456
64736
123456
64738
123456
64740
123456
64742
123456
64744
123456
64746
123456
64748
123456
64750
123456
64752
123456
64754
123456
64756
123456
64758
123456
64760
123456
64762
123456
64764
123456
64766
123456
64768
123456
64770
123456
64772
123456
64774
123456
64776
123456
64778
123456
64780
123456
64782
123456
64784
123456
64786
123456
64788
123456
64790
123456
64792
123456
64794
123456
64796
123456
64798
123456
64800
123456
64802
123456
64804
123456
64806
123456
64808
123456
64810
123456
64812
123456
64814
123456
64816
123456
64818
123456
64820
123456
64822
123456
64824
123456
64826
123456
64828
123456
64830
123456
64832
123456
64834
123456
64836
123456
64838
123456
64840
123456
64842
123456
64844
123456
64846
123456
64848
123456
64850
123456
64852
123456
64854
123456
64856
123456
64858
123456
64860
123456
64862
123456
64864
123456
64866
123456
64868
123456
64870
123456
64872
123456
64874
123456
64876
123456
64878
123456
64880
123456
64882
123456
64884
123456
64886
123456
64888
123456
64890
123456
64892
123456
64894
123456
64896
123456
64898
123456
64900
123456
64902
123456
64904
123456
64906
123456
64908
123456
64910
123456
64912
123456
64914
123456
64916
123456
64918
123456
64920
123456
64922
123456
64924
123456
64926
123456
64928
123456
64930
123456
64932
123456
64934
123456
64936
123456
64938
123456
64940
123456
64942
123456
64944
123456
64946
123456
64948
123456
64950
123456
64952
123456
64954
123456
64956
123456
64958
123456
64960
123456
64962
123456
64964
123456
64966
123456
64968
123456
64970
123456
64972
123456
64974
123456
64976
123456
64978
123456
64980
123456
64982
123456
64984
123456
64986
123456
64988
123456
64990
123456
64992
123456
64994
123456
64996
123456
64998
123456
65000
123456
65002
123456
65004
123456
65006
123456
65008
123456
65010
123456
65012
123456
65014
123456
65016
123456
65018
123456
65020
123456
65022
123456
65024
123456
65026
123456
65028
123456
65030
123456
65032
123456
65034
123456
65036
123456
65038
123456
65040
123456
65042
123456
65044
123456
65046
123456
65048
123456
65050
123456
65052
123456
65054
123456
65056
123456
65058
123456
65060
123456
65062
123456
65064
123456
65066
123456
65068
123456
65070
123456
65072
123456
65074
123456
65076
123456
65078
123456
65080
123456
65082
123456
65084
123456
65086
123456
65088
123456
65090
123456
65092
123456
65094
123456
65096
123456
65098
123456
65100
123456
65102
123456
65104
123456
65106
123456
65108
123456
65110
123456
65112
123456
65114
123456
65116
123456
65118
123456
65120
123456
65122
123456
65124
123456
65126
123456
65128
123456
65130
123456
65132
123456
65134
123456
65136
123456
65138
123456
65140
123456
65142
123456
65144
123456
65146
123456
65148
123456
65150
123456
65152
123456
65154
123456
65156
123456
65158
123456
65160
123456
65162
123456
65164
123456
65166
123456
65168
123456
65170
123456
65172
123456
65174
123456
65176
123456
65178
123456
65180
123456
65182
123456
65184
123456
65186
123456
65188
123456
65190
123456
65192
123456
65194
123456
65196
123456
65198
123456
65200
123456
65202
123456
65204
123456
65206
123456
65208
123456
65210
123456
65212
123456
65214
123456
65216
123456
65218
123456
65220
123456
65222
123456
65224
123456
65226
123456
65228
123456
65230
123456
65232
123456
65234
123456
65236
123456
65238
123456
65240
123456
65242
123456
65244
123456
65246
123456
65248
123456
65250
123456
65252
123456
65254
123456
65256
123456
65258
123456
65260
123456
65262
123456
65264
123456
65266
123456
65268
123456
65270
123456
65272
123456
65274
123456
65276
123456
65278
123456
65280
123456
65282
123456
65284
123456
65286
123456
65288
123456
65290
123456
65292
123456
65294
123456
65296
123456
65298
123456
65300
123456
65302
123456
65304
123456
65306
123456
65308
123456
65310
123456
65312
123456
65314
123456
65316
123456
65318
123456
65320
123456
65322
123456
65324
123456
65326
123456
65328
123456
65330
123456
65332
123456
65334
123456
65336
123456
65338
123456
65340
123456
65342
123456
65344
123456
65346
123456
65348
123456
65350
123456
65352
123456
65354
123456
65356
123456
65358
123456
65360
123456
65362
123456
65364
123456
65366
123456
65368
123456
65370
123456
65372
123456
65374
123456
65376
123456
65378
123456
65380
123456
65382
123456
65384
123456
65386
123456
65388
123456
65390
123456
65392
123456
65394
123456
65396
123456
65398
123456
65400
123456
65402
123456
65404
123456
65406
123456
65408
123456
65410
123456
65412
123456
65414
123456
65416
123456
65418
123456
65420
123456
65422
123456
65424
123456
65426
123456
65428
123456
65430
123456
65432
123456
65434
123456
65436
123456
65438
123456
65440
123456
65442
123456
65444
123456
65446
123456
65448
123456
65450
123456
65452
123456
65454
123456
65456
123456
65458
123456
65460
123456
65462
123456
65464
123456
65466
123456
65468
123456
65470
123456
65472
123456
65474
123456
65476
123456
65478
123456
65480
123456
65482
123456
65484
123456
65486
123456
65488
123456
65490
123456
65492
123456
65494
123456
65496
123456
65498
123456
65500
123456
65502
123456
65504
123456
65506
123456
65508
123456
65510
123456
65512
123456
65514
123456
65516
123456
65518
123456
65520
123456
65522
123456
65524
123456
65526
123456
65528
123456
65530
123456
65532
123456
65534
123456
65536
123456
65538
123456
65540
123456
65542
123456
65544
123456
65546
123456
65548
123456
65550
123456
65552
123456
65554
123456
65556
123456
65558
123456
65560
123456
65562
123456
65564
123456
65566
123456
65568
123456
65570
123456
65572
123456
65574
123456
65576
123456
65578
123456
65580
123456
65582
123456
65584
123456
65586
123456
65588
123456
65590
123456
65592
123456
65594
123456
65596
123456
65598
123456
65600
123456
65602
123456
65604
123456
65606
123456
65608
123456
65610
123456
65612
123456
65614
123456
65616
123456
65618
123456
65620
123456
65622
123456
65624
123456
65626
123456
65628
123456
65630
123456
65632
123456
65634
123456
65636
123456
65638
123456
65640
123456
65642
123456
65644
123456
65646
123456
65648
123456
65650
123456
65652
123456
65654
123456
65656
123456
65658
123456
65660
123456
65662
123456
65664
123456
65666
123456
65668
123456
65670
123456
65672
123456
65674
123456
65676
123456
65678
123456
65680
123456
65682
123456
65684
123456
65686
123456
65688
123456
65690
123456
65692
123456
65694
123456
65696
123456
65698
123456
65700
123456
65702
123456
65704
123456
65706
123456
65708
123456
65710
123456
65712
123456
65714
123456
65716
123456
65718
123456
65720
123456
65722
123456
65724
123456
65726
123456
65728
123456
65730
123456
65732
123456
65734
123456
65736
123456
65738
123456
65740
123456
65742
123456
65744
123456
65746
123456
65748
123456
65750
123456
65752
123456
65754
123456
65756
123456
65758
123456
65760
123456
65762
123456
65764
123456
65766
123456
65768
123456
65770
123456
65772
123456
65774
123456
65776
123456
65778
123456
65780
123456
65782
123456
65784
123456
65786
123456
65788
123456
65790
123456
65792
123456
65794
123456
65796
123456
65798
123456
65800
123456
65802
123456
65804
123456
65806
123456
65808
123456
65810
123456
65812
123456
65814
123456
65816
123456
65818
123456
65820
123456
65822
123456
65824
123456
65826
123456
65828
123456
65830
123456
65832
123456
65834
123456
65836
123456
65838
123456
65840
123456
65842
123456
65844
123456
65846
123456
65848
123456
65850
123456
65852
123456
65854
123456
65856
123456
65858
123456
65860
123456
65862
123456
65864
123456
65866
123456
65868
123456
65870
123456
65872
123456
65874
123456
65876
123456
65878
123456
65880
123456
65882
123456
65884
123456
65886
123456
65888
123456
65890
123456
65892
123456
65894
123456
65896
123456
65898
123456
65900
123456
65902
123456
65904
123456
65906
123456
65908
123456
65910
123456
65912
123456
65914
123456
65916
123456
65918
123456
65920
123456
65922
123456
65924
123456
65926
123456
65928
123456
65930
123456
65932
123456
65934
123456
65936
123456
65938
123456
65940
123456
65942
123456
65944
123456
65946
123456
65948
123456
65950
123456
65952
123456
65954
123456
65956
123456
65958
123456
65960
123456
65962
123456
65964
123456
65966
123456
65968
123456
65970
123456
65972
123456
65974
123456
65976
123456
65978
123456
65980
123456
65982
123456
65984
123456
65986
123456
65988
123456
65990
123456
65992
123456
65994
123456
65996
123456
65998
123456
66000
123456
66002
123456
66004
123456
66006
123456
66008
123456
66010
123456
66012
123456
66014
123456
66016
123456
66018
123456
66020
123456
66022
123456
66024
123456
66026
123456
66028
123456
66030
123456
66032
123456
66034
123456
66036
123456
66038
123456
66040
123456
66042
123456
66044
123456
66046
123456
66048
123456
66050
123456
66052
123456
66054
123456
66056
123456
66058
123456
66060
123456
66062
123456
66064
123456
66066
123456
66068
123456
66070
123456
66072
123456
66074
123456
66076
123456
66078
123456
66080
123456
66082
123456
66084
123456
66086
123456
66088
123456
66090
123456
66092
123456
66094
123456
66096
123456
66098
123456
66100
123456
66102
123456
66104
123456
66106
123456
66108
123456
66110
123456
66112
123456
66114
123456
66116
123456
66118
123456
66120
123456
66122
123456
66124
123456
66126
123456
66128
123456
66130
123456
66132
123456
66134
123456
66136
123456
66138
123456
66140
123456
66142
123456
66144
123456
66146
123456
66148
123456
66150
123456
66152
123456
66154
123456
66156
123456
66158
123456
66160
123456
66162
123456
66164
123456
66166
123456
66168
123456
66170
123456
66172
123456
66174
123456
66176
123456
66178
123456
66180
123456
66182
123456
66184
123456
66186
123456
66188
123456
66190
123456
66192
123456
66194
123456
66196
123456
66198
123456
66200
123456
66202
123456
66204
123456
66206
123456
66208
123456
66210
123456
66212
123456
66214
123456
66216
123456
66218
123456
66220
123456
66222
123456
66224
123456
66226
123456
66228
123456
66230
123456
66232
123456
66234
123456
66236
123456
66238
123456
66240
123456
66242
123456
66244
123456
66246
123456
66248
123456
66250
123456
66252
123456
66254
123456
66256
123456
66258
123456
66260
123456
66262
123456
66264
123456
66266
123456
66268
123456
66270
123456
66272
123456
66274
123456
66276
123456
66278
123456
66280
123456
66282
123456
66284
123456
66286
123456
66288
123456
66290
123456
66292
123456
66294
123456
66296
123456
66298
123456
66300
123456
66302
123456
66304
123456
66306
123456
66308
123456
66310
123456
66312
123456
66314
123456
66316
123456
66318
123456
66320
123456
66322
123456
66324
123456
66326
123456
66328
123456
66330
123456
66332
123456
66334
123456
66336
123456
66338
123456
66340
123456
66342
123456
66344
123456
66346
123456
66348
123456
66350
123456
66352
123456
66354
123456
66356
123456
66358
123456
66360
123456
66362
123456
66364
123456
66366
123456
66368
123456
66370
123456
66372
123456
66374
123456
66376
123456
66378
123456
66380
123456
66382
123456
66384
123456
66386
123456
66388
123456
66390
123456
66392
123456
66394
123456
66396
123456
66398
123456
66400
123456
66402
123456
66404
123456
66406
123456
66408
123456
66410
123456
66412
123456
66414
123456
66416
123456
66418
123456
66420
123456
66422
123456
66424
123456
66426
123456
66428
123456
66430
123456
66432
123456
66434
123456
66436
123456
66438
123456
66440
123456
66442
123456
66444
123456
66446
123456
66448
123456
66450
123456
66452
123456
66454
123456
66456
123456
66458
123456
66460
123456
66462
123456
66464
123456
66466
123456
66468
123456
66470
123456
66472
123456
66474
123456
66476
123456
66478
123456
66480
123456
66482
123456
66484
123456
66486
123456
66488
123456
66490
123456
66492
123456
66494
123456
66496
123456
66498
123456
66500
123456
66502
123456
66504
123456
66506
123456
66508
123456
66510
123456
66512
123456
66514
123456
66516
123456
66518
123456
66520
123456
66522
123456
66524
123456
66526
123456
66528
123456
66530
123456
66532
123456
66534
123456
66536
123456
66538
123456
66540
123456
66542
123456
66544
123456
66546
123456
66548
123456
66550
123456
66552
123456
66554
123456
66556
123456
66558
123456
66560
123456
66562
123456
66564
123456
66566
123456
66568
123456
66570
123456
66572
123456
66574
123456
66576
123456
66578
123456
66580
123456
66582
123456
66584
123456
66586
123456
66588
123456
66590
123456
66592
123456
66594
123456
66596
123456
66598
123456
66600
123456
66602
123456
66604
123456
66606
123456
66608
123456
66610
123456
66612
123456
66614
123456
66616
123456
66618
123456
66620
123456
66622
123456
66624
123456
66626
123456
66628
123456
66630
123456
66632
123456
66634
123456
66636
123456
66638
123456
66640
123456
66642
123456
66644
123456
66646
123456
66648
123456
66650
123456
66652
123456
66654
123456
66656
123456
66658
123456
66660
123456
66662
123456
66664
123456
66666
123456
66668
123456
66670
123456
66672
123456
66674
123456
66676
123456
66678
123456
66680
123456
66682
123456
66684
123456
66686
123456
66688
123456
66690
123456
66692
123456
66694
123456
66696
123456
66698
123456
66700
123456
66702
123456
66704
123456
66706
123456
66708
123456
66710
123456
66712
123456
66714
123456
66716
123456
66718
123456
66720
123456
66722
123456
66724
123456
66726
123456
66728
123456
66730
123456
66732
123456
66734
123456
66736
123456
66738
123456
66740
123456
66742
123456
66744
123456
66746
123456
66748
123456
66750
123456
66752
123456
66754
123456
66756
123456
66758
123456
66760
123456
66762
123456
66764
123456
66766
123456
66768
123456
66770
123456
66772
123456
66774
123456
66776
123456
66778
123456
66780
123456
66782
123456
66784
123456
66786
123456
66788
123456
66790
123456
66792
123456
66794
123456
66796
123456
66798
123456
66800
123456
66802
123456
66804
123456
66806
123456
66808
123456
66810
123456
66812
123456
66814
123456
66816
123456
66818
123456
66820
123456
66822
123456
66824
123456
66826
123456
66828
123456
66830
123456
66832
123456
66834
123456
66836
123456
66838
123456
66840
123456
66842
123456
66844
123456
66846
123456
66848
123456
66850
123456
66852
123456
66854
123456
66856
123456
66858
123456
66860
123456
66862
123456
66864
123456
66866
123456
66868
123456
66870
123456
66872
123456
66874
123456
66876
123456
66878
123456
66880
123456
66882
123456
66884
123456
66886
123456
66888
123456
66890
123456
66892
123456
66894
123456
66896
123456
66898
123456
66900
123456
66902
123456
66904
123456
66906
123456
66908
123456
66910
123456
66912
123456
66914
123456
66916
123456
66918
123456
66920
123456
66922
123456
66924
123456
66926
123456
66928
123456
66930
123456
66932
123456
66934
123456
66936
123456
66938
123456
66940
123456
66942
123456
66944
123456
66946
123456
66948
123456
66950
123456
66952
123456
66954
123456
66956
123456
66958
123456
66960
123456
66962
123456
66964
123456
66966
123456
66968
123456
66970
123456
66972
123456
66974
123456
66976
123456
66978
123456
66980
123456
66982
123456
66984
123456
66986
123456
66988
123456
66990
123456
66992
123456
66994
123456
66996
123456
66998
123456
67000
123456
67002
123456
67004
123456
67006
123456
67008
123456
67010
123456
67012
123456
67014
123456
67016
123456
67018
123456
67020
123456
67022
123456
67024
123456
67026
123456
67028
123456
67030
123456
67032
123456
67034
123456
67036
123456
67038
123456
67040
123456
67042
123456
67044
123456
67046
123456
67048
123456
67050
123456
67052
123456
67054
123456
67056
123456
67058
123456
67060
123456
67062
123456
67064
123456
67066
123456
67068
123456
67070
123456
67072
123456
67074
123456
67076
123456
67078
123456
67080
123456
67082
123456
67084
123456
67086
123456
67088
123456
67090
123456
67092
123456
67094
123456
67096
123456
67098
123456
67100
123456
67102
123456
67104
123456
67106
123456
67108
123456
67110
123456
67112
123456
67114
123456
67116
123456
67118
123456
67120
123456
67122
123456
67124
123456
67126
123456
67128
123456
67130
123456
67132
123456
67134
123456
67136
123456
67138
123456
67140
123456
67142
123456
67144
123456
67146
123456
67148
123456
67150
123456
67152
123456
67154
123456
67156
123456
67158
123456
67160
123456
67162
123456
67164
123456
67166
123456
67168
123456
67170
123456
67172
123456
67174
123456
67176
123456
67178
123456
67180
123456
67182
123456
67184
123456
67186
123456
67188
123456
67190
123456
67192
123456
67194
123456
67196
123456
67198
123456
67200
123456
67202
123456
67204
123456
67206
123456
67208
123456
67210
123456
67212
123456
67214
123456
67216
123456
67218
123456
67220
123456
67222
123456
67224
123456
67226
123456
67228
123456
67230
123456
67232
123456
67234
123456
67236
123456
67238
123456
67240
123456
67242
123456
67244
123456
67246
123456
67248
123456
67250
123456
67252
123456
67254
123456
67256
123456
67258
123456
67260
123456
67262
123456
67264
123456
67266
123456
67268
123456
67270
123456
67272
123456
67274
123456
67276
123456
67278
123456
67280
123456
67282
123456
67284
123456
67286
123456
67288
123456
67290
123456
67292
123456
67294
123456
67296
123456
67298
123456
67300
123456
67302
123456
67304
123456
67306
123456
67308
123456
67310
123456
67312
123456
67314
123456
67316
123456
67318
123456
67320
123456
67322
123456
67324
123456
67326
123456
67328
123456
67330
123456
67332
123456
67334
123456
67336
123456
67338
123456
67340
123456
67342
123456
67344
123456
67346
123456
67348
123456
67350
123456
67352
123456
67354
123456
67356
123456
67358
123456
67360
123456
67362
123456
67364
123456
67366
123456
67368
123456
67370
123456
67372
123456
67374
123456
67376
123456
67378
123456
67380
123456
67382
123456
67384
123456
67386
123456
67388
123456
67390
123456
67392
123456
67394
123456
67396
123456
67398
123456
67400
123456
67402
123456
67404
123456
67406
123456
67408
123456
67410
123456
67412
123456
67414
123456
67416
123456
67418
123456
67420
123456
67422
123456
67424
123456
67426
123456
67428
123456
67430
123456
67432
123456
67434
123456
67436
123456
67438
123456
67440
123456
67442
123456
67444
123456
67446
123456
67448
123456
67450
123456
67452
123456
67454
123456
67456
123456
67458
123456
67460
123456
67462
123456
67464
123456
67466
123456
67468
123456
67470
123456
67472
123456
67474
123456
67476
123456
67478
123456
67480
123456
67482
123456
67484
123456
67486
123456
67488
123456
67490
123456
67492
123456
67494
123456
67496
123456
67498
123456
67500
123456
67502
123456
67504
123456
67506
123456
67508
123456
67510
123456
67512
123456
67514
123456
67516
123456
67518
123456
67520
123456
67522
123456
67524
123456
67526
123456
67528
123456
67530
123456
67532
123456
67534
123456
67536
123456
67538
123456
67540
123456
67542
123456
67544
123456
67546
123456
67548
123456
67550
123456
67552
123456
67554
123456
67556
123456
67558
123456
67560
123456
67562
123456
67564
123456
67566
123456
67568
123456
67570
123456
67572
123456
67574
123456
67576
123456
67578
123456
67580
123456
67582
123456
67584
123456
67586
123456
67588
123456
67590
123456
67592
123456
67594
123456
67596
123456
67598
123456
67600
123456
67602
123456
67604
123456
67606
123456
67608
123456
67610
123456
67612
123456
67614
123456
67616
123456
67618
123456
67620
123456
67622
123456
67624
123456
67626
123456
67628
123456
67630
123456
67632
123456
67634
123456
67636
123456
67638
123456
67640
123456
67642
123456
67644
123456
67646
123456
67648
123456
67650
123456
67652
123456
67654
123456
67656
123456
67658
123456
67660
123456
67662
123456
67664
123456
67666
123456
67668
123456
67670
123456
67672
123456
67674
123456
67676
123456
67678
123456
67680
123456
67682
123456
67684
123456
67686
123456
67688
123456
67690
123456
67692
123456
67694
123456
67696
123456
67698
123456
67700
123456
67702
123456
67704
123456
67706
123456
67708
123456
67710
123456
67712
123456
67714
123456
67716
123456
67718
123456
67720
123456
67722
123456
67724
123456
67726
123456
67728
123456
67730
123456
67732
123456
67734
123456
67736
123456
67738
123456
67740
123456
67742
123456
67744
123456
67746
123456
67748
123456
67750
123456
67752
123456
67754
123456
67756
123456
67758
123456
67760
123456
67762
123456
67764
123456
67766
123456
67768
123456
67770
123456
67772
123456
67774
123456
67776
123456
67778
123456
67780
123456
67782
123456
67784
123456
67786
123456
67788
123456
67790
123456
67792
123456
67794
123456
67796
123456
67798
123456
67800
123456
67802
123456
67804
123456
67806
123456
67808
123456
67810
123456
67812
123456
67814
123456
67816
123456
67818
123456
67820
123456
67822
123456
67824
123456
67826
123456
67828
123456
67830
123456
67832
123456
67834
123456
67836
123456
67838
123456
67840
123456
67842
123456
67844
123456
67846
123456
67848
123456
67850
123456
67852
123456
67854
123456
67856
123456
67858
123456
67860
123456
67862
123456
67864
123456
67866
123456
67868
123456
67870
123456
67872
123456
67874
123456
67876
123456
67878
123456
67880
123456
67882
123456
67884
123456
67886
123456
67888
123456
67890
123456
67892
123456
67894
123456
67896
123456
67898
123456
67900
123456
67902
123456
67904
123456
67906
123456
67908
123456
67910
123456
67912
123456
67914
123456
67916
123456
67918
123456
67920
123456
67922
123456
67924
123456
67926
123456
67928
123456
67930
123456
67932
123456
67934
123456
67936
123456
67938
123456
67940
123456
67942
123456
67944
123456
67946
123456
67948
123456
67950
123456
67952
123456
67954
123456
67956
123456
67958
123456
67960
123456
67962
123456
67964
123456
67966
123456
67968
123456
67970
123456
67972
123456
67974
123456
67976
123456
67978
123456
67980
123456
67982
123456
67984
123456
67986
123456
67988
123456
67990
123456
67992
123456
67994
123456
67996
123456
67998
123456
68000
123456
68002
123456
68004
123456
68006
123456
68008
123456
68010
123456
68012
123456
68014
123456
68016
123456
68018
123456
68020
123456
68022
123456
68024
123456
68026
123456
68028
123456
68030
123456
68032
123456
68034
123456
68036
123456
68038
123456
68040
123456
68042
123456
68044
123456
68046
123456
68048
123456
68050
123456
68052
123456
68054
123456
68056
123456
68058
123456
68060
123456
68062
123456
68064
123456
68066
123456
68068
123456
68070
123456
68072
123456
68074
123456
68076
123456
68078
123456
68080
123456
68082
123456
68084
123456
68086
123456
68088
123456
68090
123456
68092
123456
68094
123456
68096
123456
68098
123456
68100
123456
68102
123456
68104
123456
68106
123456
68108
123456
68110
123456
68112
123456
68114
123456
68116
123456
68118
123456
68120
123456
68122
123456
68124
123456
68126
123456
68128
123456
68130
123456
68132
123456
68134
123456
68136
123456
68138
123456
68140
123456
68142
123456
68144
123456
68146
123456
68148
123456
68150
123456
68152
123456
68154
123456
68156
123456
68158
123456
68160
123456
68162
123456
68164
123456
68166
123456
68168
123456
68170
123456
68172
123456
68174
123456
68176
123456
68178
123456
68180
123456
68182
123456
68184
123456
68186
123456
68188
123456
68190
123456
68192
123456
68194
123456
68196
123456
68198
123456
68200
123456
68202
123456
68204
123456
68206
123456
68208
123456
68210
123456
68212
123456
68214
123456
68216
123456
68218
123456
68220
123456
68222
123456
68224
123456
68226
123456
68228
123456
68230
123456
68232
123456
68234
123456
68236
123456
68238
123456
68240
123456
68242
123456
68244
123456
68246
123456
68248
123456
68250
123456
68252
123456
68254
123456
68256
123456
68258
123456
68260
123456
68262
123456
68264
123456
68266
123456
68268
123456
68270
123456
68272
123456
68274
123456
68276
123456
68278
123456
68280
123456
68282
123456
68284
123456
68286
123456
68288
123456
68290
123456
68292
123456
68294
123456
68296
123456
68298
123456
68300
123456
68302
123456
68304
123456
68306
123456
68308
123456
68310
123456
68312
123456
68314
123456
68316
123456
68318
123456
68320
123456
68322
123456
68324
123456
68326
123456
68328
123456
68330
123456
68332
123456
68334
123456
68336
123456
68338
123456
68340
123456
68342
123456
68344
123456
68346
123456
68348
123456
68350
123456
68352
123456
68354
123456
68356
123456
68358
123456
68360
123456
68362
123456
68364
123456
68366
123456
68368
123456
68370
123456
68372
123456
68374
123456
68376
123456
68378
123456
68380
123456
68382
123456
68384
123456
68386
123456
68388
123456
68390
123456
68392
123456
68394
123456
68396
123456
68398
123456
68400
123456
68402
123456
68404
123456
68406
123456
68408
123456
68410
123456
68412
123456
68414
123456
68416
123456
68418
123456
68420
123456
68422
123456
68424
123456
68426
123456
68428
123456
68430
123456
68432
123456
68434
123456
68436
123456
68438
123456
68440
123456
68442
123456
68444
123456
68446
123456
68448
123456
68450
123456
68452
123456
68454
123456
68456
123456
68458
123456
68460
123456
68462
123456
68464
123456
68466
123456
68468
123456
68470
123456
68472
123456
68474
123456
68476
123456
68478
123456
68480
123456
68482
123456
68484
123456
68486
123456
68488
123456
68490
123456
68492
123456
68494
123456
68496
123456
68498
123456
68500
123456
68502
123456
68504
123456
68506
123456
68508
123456
68510
123456
68512
123456
68514
123456
68516
123456
68518
123456
68520
123456
68522
123456
68524
123456
68526
123456
68528
123456
68530
123456
68532
123456
68534
123456
68536
123456
68538
123456
68540
123456
68542
123456
68544
123456
68546
123456
68548
123456
68550
123456
68552
123456
68554
123456
68556
123456
68558
123456
68560
123456
68562
123456
68564
123456
68566
123456
68568
123456
68570
123456
68572
123456
68574
123456
68576
123456
68578
123456
68580
123456
68582
123456
68584
123456
68586
123456
68588
123456
68590
123456
68592
123456
68594
123456
68596
123456
68598
123456
68600
123456
68602
123456
68604
123456
68606
123456
68608
123456
68610
123456
68612
123456
68614
123456
68616
123456
68618
123456
68620
123456
68622
123456
68624
123456
68626
123456
68628
123456
68630
123456
68632
123456
68634
123456
68636
123456
68638
123456
68640
123456
68642
123456
68644
123456
68646
123456
68648
123456
68650
123456
68652
123456
68654
123456
68656
123456
68658
123456
68660
123456
68662
123456
68664
123456
68666
123456
68668
123456
68670
123456
68672
123456
68674
123456
68676
123456
68678
123456
68680
123456
68682
123456
68684
123456
68686
123456
68688
123456
68690
123456
68692
123456
68694
123456
68696
123456
68698
123456
68700
123456
68702
123456
68704
123456
68706
123456
68708
123456
68710
123456
68712
123456
68714
123456
68716
123456
68718
123456
68720
123456
68722
123456
68724
123456
68726
123456
68728
123456
68730
123456
68732
123456
68734
123456
68736
123456
68738
123456
68740
123456
68742
123456
68744
123456
68746
123456
68748
123456
68750
123456
68752
123456
68754
123456
68756
123456
68758
123456
68760
123456
68762
123456
68764
123456
68766
123456
68768
123456
68770
123456
68772
123456
68774
123456
68776
123456
68778
123456
68780
123456
68782
123456
68784
123456
68786
123456
68788
123456
68790
123456
68792
123456
68794
123456
68796
123456
68798
123456
68800
123456
68802
123456
68804
123456
68806
123456
68808
123456
68810
123456
68812
123456
68814
123456
68816
123456
68818
123456
68820
123456
68822
123456
68824
123456
68826
123456
68828
123456
68830
123456
68832
123456
68834
123456
68836
123456
68838
123456
68840
123456
68842
123456
68844
123456
68846
123456
68848
123456
68850
123456
68852
123456
68854
123456
68856
123456
68858
123456
68860
123456
68862
123456
68864
123456
68866
123456
68868
123456
68870
123456
68872
123456
68874
123456
68876
123456
68878
123456
68880
123456
68882
123456
68884
123456
68886
123456
68888
123456
68890
123456
68892
123456
68894
123456
68896
123456
68898
123456
68900
123456
68902
123456
68904
123456
68906
123456
68908
123456
68910
123456
68912
123456
68914
123456
68916
123456
68918
123456
68920
123456
68922
123456
68924
123456
68926
123456
68928
123456
68930
123456
68932
123456
68934
123456
68936
123456
68938
123456
68940
123456
68942
123456
68944
123456
68946
123456
68948
123456
68950
123456
68952
123456
68954
123456
68956
123456
68958
123456
68960
123456
68962
123456
68964
123456
68966
123456
68968
123456
68970
123456
68972
123456
68974
123456
68976
123456
68978
123456
68980
123456
68982
123456
68984
123456
68986
123456
68988
123456
68990
123456
68992
123456
68994
123456
68996
123456
68998
123456
69000
123456
69002
123456
69004
123456
69006
123456
69008
123456
69010
123456
69012
123456
69014
123456
69016
123456
69018
123456
69020
123456
69022
123456
69024
123456
69026
123456
69028
123456
69030
123456
69032
123456
69034
123456
69036
123456
69038
123456
69040
123456
69042
123456
69044
123456
69046
123456
69048
123456
69050
123456
69052
123456
69054
123456
69056
123456
69058
123456
69060
123456
69062
123456
69064
123456
69066
123456
69068
123456
69070
123456
69072
123456
69074
123456
69076
123456
69078
123456
69080
123456
69082
123456
69084
123456
69086
123456
69088
123456
69090
123456
69092
123456
69094
123456
69096
123456
69098
123456
69100
123456
69102
123456
69104
123456
69106
123456
69108
123456
69110
123456
69112
123456
69114
123456
69116
123456
69118
123456
69120
123456
69122
123456
69124
123456
69126
123456
69128
123456
69130
123456
69132
123456
69134
123456
69136
123456
69138
123456
69140
123456
69142
123456
69144
123456
69146
123456
69148
123456
69150
123456
69152
123456
69154
123456
69156
123456
69158
123456
69160
123456
69162
123456
69164
123456
69166
123456
69168
123456
69170
123456
69172
123456
69174
123456
69176
123456
69178
123456
69180
123456
69182
123456
69184
123456
69186
123456
69188
123456
69190
123456
69192
123456
69194
123456
69196
123456
69198
123456
69200
123456
69202
123456
69204
123456
69206
123456
69208
123456
69210
123456
69212
123456
69214
123456
69216
123456
69218
123456
69220
123456
69222
123456
69224
123456
69226
123456
69228
123456
69230
123456
69232
123456
69234
123456
69236
123456
69238
123456
69240
123456
69242
123456
69244
123456
69246
123456
69248
123456
69250
123456
69252
123456
69254
123456
69256
123456
69258
123456
69260
123456
69262
123456
69264
123456
69266
123456
69268
123456
69270
123456
69272
123456
69274
123456
69276
123456
69278
123456
69280
123456
69282
123456
69284
123456
69286
123456
69288
123456
69290
123456
69292
123456
69294
123456
69296
123456
69298
123456
69300
123456
69302
123456
69304
123456
69306
123456
69308
123456
69310
123456
69312
123456
69314
123456
69316
123456
69318
123456
69320
123456
69322
123456
69324
123456
69326
123456
69328
123456
69330
123456
69332
123456
69334
123456
69336
123456
69338
123456
69340
123456
69342
123456
69344
123456
69346
123456
69348
123456
69350
123456
69352
123456
69354
123456
69356
123456
69358
123456
69360
123456
69362
123456
69364
123456
69366
123456
69368
123456
69370
123456
69372
123456
69374
123456
69376
123456
69378
123456
69380
123456
69382
123456
69384
123456
69386
123456
69388
123456
69390
123456
69392
123456
69394
123456
69396
123456
69398
123456
69400
123456
69402
123456
69404
123456
69406
123456
69408
123456
69410
123456
69412
123456
69414
123456
69416
123456
69418
123456
69420
123456
69422
123456
69424
123456
69426
123456
69428
123456
69430
123456
69432
123456
69434
123456
69436
123456
69438
123456
69440
123456
69442
123456
69444
123456
69446
123456
69448
123456
69450
123456
69452
123456
69454
123456
69456
123456
69458
123456
69460
123456
69462
123456
69464
123456
69466
123456
69468
123456
69470
123456
69472
123456
69474
123456
69476
123456
69478
123456
69480
123456
69482
123456
69484
123456
69486
123456
69488
123456
69490
123456
69492
123456
69494
123456
69496
123456
69498
123456
69500
123456
69502
123456
69504
123456
69506
123456
69508
123456
69510
123456
69512
123456
69514
123456
69516
123456
69518
123456
69520
123456
69522
123456
69524
123456
69526
123456
69528
123456
69530
123456
69532
123456
69534
123456
69536
123456
69538
123456
69540
123456
69542
123456
69544
123456
69546
123456
69548
123456
69550
123456
69552
123456
69554
123456
69556
123456
69558
123456
69560
123456
69562
123456
69564
123456
69566
123456
69568
123456
69570
123456
69572
123456
69574
123456
69576
123456
69578
123456
69580
123456
69582
123456
69584
123456
69586
123456
69588
123456
69590
123456
69592
123456
69594
123456
69596
123456
69598
123456
69600
123456
69602
123456
69604
123456
69606
123456
69608
123456
69610
123456
69612
123456
69614
123456
69616
123456
69618
123456
69620
123456
69622
123456
69624
123456
69626
123456
69628
123456
69630
123456
69632
123456
69634
123456
69636
123456
69638
123456
69640
123456
69642
123456
69644
123456
69646
123456
69648
123456
69650
123456
69652
123456
69654
123456
69656
123456
69658
123456
69660
123456
69662
123456
69664
123456
69666
123456
69668
123456
69670
123456
69672
123456
69674
123456
69676
123456
69678
123456
69680
123456
69682
123456
69684
123456
69686
123456
69688
123456
69690
123456
69692
123456
69694
123456
69696
123456
69698
123456
69700
123456
69702
123456
69704
123456
69706
123456
69708
123456
69710
123456
69712
123456
69714
123456
69716
123456
69718
123456
69720
123456
69722
123456
69724
123456
69726
123456
69728
123456
69730
123456
69732
123456
69734
123456
69736
123456
69738
123456
69740
123456
69742
123456
69744
123456
69746
123456
69748
123456
69750
123456
69752
123456
69754
123456
69756
123456
69758
123456
69760
123456
69762
123456
69764
123456
69766
123456
69768
123456
69770
123456
69772
123456
69774
123456
69776
123456
69778
123456
69780
123456
69782
123456
69784
123456
69786
123456
69788
123456
69790
123456
69792
123456
69794
123456
69796
123456
69798
123456
69800
123456
69802
123456
69804
123456
69806
123456
69808
123456
69810
123456
69812
123456
69814
123456
69816
123456
69818
123456
69820
123456
69822
123456
69824
123456
69826
123456
69828
123456
69830
123456
69832
123456
69834
123456
69836
123456
69838
123456
69840
123456
69842
123456
69844
123456
69846
123456
69848
123456
69850
123456
69852
123456
69854
123456
69856
123456
69858
123456
69860
123456
69862
123456
69864
123456
69866
123456
69868
123456
69870
123456
69872
123456
69874
123456
69876
123456
69878
123456
69880
123456
69882
123456
69884
123456
69886
123456
69888
123456
69890
123456
69892
123456
69894
123456
69896
123456
69898
123456
69900
123456
69902
123456
69904
123456
69906
123456
69908
123456
69910
123456
69912
123456
69914
123456
69916
123456
69918
123456
69920
123456
69922
123456
69924
123456
69926
123456
69928
123456
69930
123456
69932
123456
69934
123456
69936
123456
69938
123456
69940
123456
69942
123456
69944
123456
69946
123456
69948
123456
69950
123456
69952
123456
69954
123456
69956
123456
69958
123456
69960
123456
69962
123456
69964
123456
69966
123456
69968
123456
69970
123456
69972
123456
69974
123456
69976
123456
69978
123456
69980
123456
69982
123456
69984
123456
69986
123456
69988
123456
69990
123456
69992
123456
69994
123456
69996
123456
69998
123456
70000
123456
70002
123456
70004
123456
70006
123456
70008
123456
70010
123456
70012
123456
70014
123456
70016
123456
70018
123456
70020
123456
70022
123456
70024
123456
70026
123456
70028
123456
70030
123456
70032
123456
70034
123456
70036
123456
70038
123456
70040
123456
70042
123456
70044
123456
70046
123456
70048
123456
70050
123456
70052
123456
70054
123456
70056
123456
70058
123456
70060
123456
70062
123456
70064
123456
70066
123456
70068
123456
70070
123456
70072
123456
70074
123456
70076
123456
70078
123456
70080
123456
70082
123456
70084
123456
70086
123456
70088
123456
70090
123456
70092
123456
70094
123456
70096
123456
70098
123456
70100
123456
70102
123456
70104
123456
70106
123456
70108
123456
70110
123456
70112
123456
70114
123456
70116
123456
70118
123456
70120
123456
70122
123456
70124
123456
70126
123456
70128
123456
70130
123456
70132
123456
70134
123456
70136
123456
70138
123456
70140
123456
70142
123456
70144
123456
70146
123456
70148
123456
70150
123456
70152
123456
70154
123456
70156
123456
70158
123456
70160
123456
70162
123456
70164
123456
70166
123456
70168
123456
70170
123456
70172
123456
70174
123456
70176
123456
70178
123456
70180
123456
70182
123456
70184
123456
70186
123456
70188
123456
70190
123456
70192
123456
70194
123456
70196
123456
70198
123456
70200
123456
70202
123456
70204
123456
70206
123456
70208
123456
70210
123456
70212
123456
70214
123456
70216
123456
70218
123456
70220
123456
70222
123456
70224
123456
70226
123456
70228
123456
70230
123456
70232
123456
70234
123456
70236
123456
70238
123456
70240
123456
70242
123456
70244
123456
70246
123456
70248
123456
70250
123456
70252
123456
70254
123456
70256
123456
70258
123456
70260
123456
70262
123456
70264
123456
70266
123456
70268
123456
70270
123456
70272
123456
70274
123456
70276
123456
70278
123456
70280
123456
70282
123456
70284
123456
70286
123456
70288
123456
70290
123456
70292
123456
70294
123456
70296
123456
70298
123456
70300
123456
70302
123456
70304
123456
70306
123456
70308
123456
70310
123456
70312
123456
70314
123456
70316
123456
70318
123456
70320
123456
70322
123456
70324
123456
70326
123456
70328
123456
70330
123456
70332
123456
70334
123456
70336
123456
70338
123456
70340
123456
70342
123456
70344
123456
70346
123456
70348
123456
70350
123456
70352
123456
70354
123456
70356
123456
70358
123456
70360
123456
70362
123456
70364
123456
70366
123456
70368
123456
70370
123456
70372
123456
70374
123456
70376
123456
70378
123456
70380
123456
70382
123456
70384
123456
70386
123456
70388
123456
70390
123456
70392
123456
70394
123456
70396
123456
70398
123456
70400
123456
70402
123456
70404
123456
70406
123456
70408
123456
70410
123456
70412
123456
70414
123456
70416
123456
70418
123456
70420
123456
70422
123456
70424
123456
70426
123456
70428
123456
70430
123456
70432
123456
70434
123456
70436
123456
70438
123456
70440
123456
70442
123456
70444
123456
70446
123456
70448
123456
70450
123456
70452
123456
70454
123456
70456
123456
70458
123456
70460
123456
70462
123456
70464
123456
70466
123456
70468
123456
70470
123456
70472
123456
70474
123456
70476
123456
70478
123456
70480
123456
70482
123456
70484
123456
70486
123456
70488
123456
70490
123456
70492
123456
70494
123456
70496
123456
70498
123456
70500
123456
70502
123456
70504
123456
70506
123456
70508
123456
70510
123456
70512
123456
70514
123456
70516
123456
70518
123456
70520
123456
70522
123456
70524
123456
70526
123456
70528
123456
70530
123456
70532
123456
70534
123456
70536
123456
70538
123456
70540
123456
70542
123456
70544
123456
70546
123456
70548
123456
70550
123456
70552
123456
70554
123456
70556
123456
70558
123456
70560
123456
70562
123456
70564
123456
70566
123456
70568
123456
70570
123456
70572
123456
70574
123456
70576
123456
70578
123456
70580
123456
70582
123456
70584
123456
70586
123456
70588
123456
70590
123456
70592
123456
70594
123456
70596
123456
70598
123456
70600
123456
70602
123456
70604
123456
70606
123456
70608
123456
70610
123456
70612
123456
70614
123456
70616
123456
70618
123456
70620
123456
70622
123456
70624
123456
70626
123456
70628
123456
70630
123456
70632
123456
70634
123456
70636
123456
70638
123456
70640
123456
70642
123456
70644
123456
70646
123456
70648
123456
70650
123456
70652
123456
70654
123456
70656
123456
70658
123456
70660
123456
70662
123456
70664
123456
70666
123456
70668
123456
70670
123456
70672
123456
70674
123456
70676
123456
70678
123456
70680
123456
70682
123456
70684
123456
70686
123456
70688
123456
70690
123456
70692
123456
70694
123456
70696
123456
70698
123456
70700
123456
70702
123456
70704
123456
70706
123456
70708
123456
70710
123456
70712
123456
70714
123456
70716
123456
70718
123456
70720
123456
70722
123456
70724
123456
70726
123456
70728
123456
70730
123456
70732
123456
70734
123456
70736
123456
70738
123456
70740
123456
70742
123456
70744
123456
70746
123456
70748
123456
70750
123456
70752
123456
70754
123456
70756
123456
70758
123456
70760
123456
70762
123456
70764
123456
70766
123456
70768
123456
70770
123456
70772
123456
70774
123456
70776
123456
70778
123456
70780
123456
70782
123456
70784
123456
70786
123456
70788
123456
70790
123456
70792
123456
70794
123456
70796
123456
70798
123456
70800
123456
70802
123456
70804
123456
70806
123456
70808
123456
70810
123456
70812
123456
70814
123456
70816
123456
70818
123456
70820
123456
70822
123456
70824
123456
70826
123456
70828
123456
70830
123456
70832
123456
70834
123456
70836
123456
70838
123456
70840
123456
70842
123456
70844
123456
70846
123456
70848
123456
70850
123456
70852
123456
70854
123456
70856
123456
70858
123456
70860
123456
70862
123456
70864
123456
70866
123456
70868
123456
70870
123456
70872
123456
70874
123456
70876
123456
70878
123456
70880
123456
70882
123456
70884
123456
70886
123456
70888
123456
70890
123456
70892
123456
70894
123456
70896
123456
70898
123456
70900
123456
70902
123456
70904
123456
70906
123456
70908
123456
70910
123456
70912
123456
70914
123456
70916
123456
70918
123456
70920
123456
70922
123456
70924
123456
70926
123456
70928
123456
70930
123456
70932
123456
70934
123456
70936
123456
70938
123456
70940
123456
70942
123456
70944
123456
70946
123456
70948
123456
70950
123456
70952
123456
70954
123456
70956
123456
70958
123456
70960
123456
70962
123456
70964
123456
70966
123456
70968
123456
70970
123456
70972
123456
70974
123456
70976
123456
70978
123456
70980
123456
70982
123456
70984
123456
70986
123456
70988
123456
70990
123456
70992
123456
70994
123456
70996
123456
70998
123456
71000
123456
71002
123456
71004
123456
71006
123456
71008
123456
71010
123456
71012
123456
71014
123456
71016
123456
71018
123456
71020
123456
71022
123456
71024
123456
71026
123456
71028
123456
71030
123456
71032
123456
71034
123456
71036
123456
71038
123456
71040
123456
71042
123456
71044
123456
71046
123456
71048
123456
71050
123456
71052
123456
71054
123456
71056
123456
71058
123456
71060
123456
71062
123456
71064
123456
71066
123456
71068
123456
71070
123456
71072
123456
71074
123456
71076
123456
71078
123456
71080
123456
71082
123456
71084
123456
71086
123456
71088
123456
71090
123456
71092
123456
71094
123456
71096
123456
71098
123456
71100
123456
71102
123456
71104
123456
71106
123456
71108
123456
71110
123456
71112
123456
71114
123456
71116
123456
71118
123456
71120
123456
71122
123456
71124
123456
71126
123456
71128
123456
71130
123456
71132
123456
71134
123456
71136
123456
71138
123456
71140
123456
71142
123456
71144
123456
71146
123456
71148
123456
71150
123456
71152
123456
71154
123456
71156
123456
71158
123456
71160
123456
71162
123456
71164
123456
71166
123456
71168
123456
71170
123456
71172
123456
71174
123456
71176
123456
71178
123456
71180
123456
71182
123456
71184
123456
71186
123456
71188
123456
71190
123456
71192
123456
71194
123456
71196
123456
71198
123456
71200
123456
71202
123456
71204
123456
71206
123456
71208
123456
71210
123456
71212
123456
71214
123456
71216
123456
71218
123456
71220
123456
71222
123456
71224
123456
71226
123456
71228
123456
71230
123456
71232
123456
71234
123456
71236
123456
71238
123456
71240
123456
71242
123456
71244
123456
71246
123456
71248
123456
71250
123456
71252
123456
71254
123456
71256
123456
71258
123456
71260
123456
71262
123456
71264
123456
71266
123456
71268
123456
71270
123456
71272
123456
71274
123456
71276
123456
71278
123456
71280
123456
71282
123456
71284
123456
71286
123456
71288
123456
71290
123456
71292
123456
71294
123456
71296
123456
71298
123456
71300
123456
71302
123456
71304
123456
71306
123456
71308
123456
71310
123456
71312
123456
71314
123456
71316
123456
71318
123456
71320
123456
71322
123456
71324
123456
71326
123456
71328
123456
71330
123456
71332
123456
71334
123456
71336
123456
71338
123456
71340
123456
71342
123456
71344
123456
71346
123456
71348
123456
71350
123456
71352
123456
71354
123456
71356
123456
71358
123456
71360
123456
71362
123456
71364
123456
71366
123456
71368
123456
71370
123456
71372
123456
71374
123456
71376
123456
71378
123456
71380
123456
71382
123456
71384
123456
71386
123456
71388
123456
71390
123456
71392
123456
71394
123456
71396
123456
71398
123456
71400
123456
71402
123456
71404
123456
71406
123456
71408
123456
71410
123456
71412
123456
71414
123456
71416
123456
71418
123456
71420
123456
71422
123456
71424
123456
71426
123456
71428
123456
71430
123456
71432
123456
71434
123456
71436
123456
71438
123456
71440
123456
71442
123456
71444
123456
71446
123456
71448
123456
71450
123456
71452
123456
71454
123456
71456
123456
71458
123456
71460
123456
71462
123456
71464
123456
71466
123456
71468
123456
71470
123456
71472
123456
71474
123456
71476
123456
71478
123456
71480
123456
71482
123456
71484
123456
71486
123456
71488
123456
71490
123456
71492
123456
71494
123456
71496
123456
71498
123456
71500
123456
71502
123456
71504
123456
71506
123456
71508
123456
71510
123456
71512
123456
71514
123456
71516
123456
71518
123456
71520
123456
71522
123456
71524
123456
71526
123456
71528
123456
71530
123456
71532
123456
71534
123456
71536
123456
71538
123456
71540
123456
71542
123456
71544
123456
71546
123456
71548
123456
71550
123456
71552
123456
71554
123456
71556
123456
71558
123456
71560
123456
71562
123456
71564
123456
71566
123456
71568
123456
71570
123456
71572
123456
71574
123456
71576
123456
71578
123456
71580
123456
71582
123456
71584
123456
71586
123456
71588
123456
71590
123456
71592
123456
71594
123456
71596
123456
71598
123456
71600
123456
71602
123456
71604
123456
71606
123456
71608
123456
71610
123456
71612
123456
71614
123456
71616
123456
71618
123456
71620
123456
71622
123456
71624
123456
71626
123456
71628
123456
71630
123456
71632
123456
71634
123456
71636
123456
71638
123456
71640
123456
71642
123456
71644
123456
71646
123456
71648
123456
71650
123456
71652
123456
71654
123456
71656
123456
71658
123456
71660
123456
71662
123456
71664
123456
71666
123456
71668
123456
71670
123456
71672
123456
71674
123456
71676
123456
71678
123456
71680
123456
71682
123456
71684
123456
71686
123456
71688
123456
71690
123456
71692
123456
71694
123456
71696
123456
71698
123456
71700
123456
71702
123456
71704
123456
71706
123456
71708
123456
71710
123456
71712
123456
71714
123456
71716
123456
71718
123456
71720
123456
71722
123456
71724
123456
71726
123456
71728
123456
71730
123456
71732
123456
71734
123456
71736
123456
71738
123456
71740
123456
71742
123456
71744
123456
71746
123456
71748
123456
71750
123456
71752
123456
71754
123456
71756
123456
71758
123456
71760
123456
71762
123456
71764
123456
71766
123456
71768
123456
71770
123456
71772
123456
71774
123456
71776
123456
71778
123456
71780
123456
71782
123456
71784
123456
71786
123456
71788
123456
71790
123456
71792
123456
71794
123456
71796
123456
71798
123456
71800
123456
71802
123456
71804
123456
71806
123456
71808
123456
71810
123456
71812
123456
71814
123456
71816
123456
71818
123456
71820
123456
71822
123456
71824
123456
71826
123456
71828
123456
71830
123456
71832
123456
71834
123456
71836
123456
71838
123456
71840
123456
71842
123456
71844
123456
71846
123456
71848
123456
71850
123456
71852
123456
71854
123456
71856
123456
71858
123456
71860
123456
71862
123456
71864
123456
71866
123456
71868
123456
71870
123456
71872
123456
71874
123456
71876
123456
71878
123456
71880
123456
71882
123456
71884
123456
71886
123456
71888
123456
71890
123456
71892
123456
71894
123456
71896
123456
71898
123456
71900
123456
71902
123456
71904
123456
71906
123456
71908
123456
71910
123456
71912
123456
71914
123456
71916
123456
71918
123456
71920
123456
71922
123456
71924
123456
71926
123456
71928
123456
71930
123456
71932
123456
71934
123456
71936
123456
71938
123456
71940
123456
71942
123456
71944
123456
71946
123456
71948
123456
71950
123456
71952
123456
71954
123456
71956
123456
71958
123456
71960
123456
71962
123456
71964
123456
71966
123456
71968
123456
71970
123456
71972
123456
71974
123456
71976
123456
71978
123456
71980
123456
71982
123456
71984
123456
71986
123456
71988
123456
71990
123456
71992
123456
71994
123456
71996
123456
71998
123456
72000
123456
72002
123456
72004
123456
72006
123456
72008
123456
72010
123456
72012
123456
72014
123456
72016
123456
72018
123456
72020
123456
72022
123456
72024
123456
72026
123456
72028
123456
72030
123456
72032
123456
72034
123456
72036
123456
72038
123456
72040
123456
72042
123456
72044
123456
72046
123456
72048
123456
72050
123456
72052
123456
72054
123456
72056
123456
72058
123456
72060
123456
72062
123456
72064
123456
72066
123456
72068
123456
72070
123456
72072
123456
72074
123456
72076
123456
72078
123456
72080
123456
72082
123456
72084
123456
72086
123456
72088
123456
72090
123456
72092
123456
72094
123456
72096
123456
72098
123456
72100
123456
72102
123456
72104
123456
72106
123456
72108
123456
72110
123456
72112
123456
72114
123456
72116
123456
72118
123456
72120
123456
72122
123456
72124
123456
72126
123456
72128
123456
72130
123456
72132
123456
72134
123456
72136
123456
72138
123456
72140
123456
72142
123456
72144
123456
72146
123456
72148
123456
72150
123456
72152
123456
72154
123456
72156
123456
72158
123456
72160
123456
72162
123456
72164
123456
72166
123456
72168
123456
72170
123456
72172
123456
72174
123456
72176
123456
72178
123456
72180
123456
72182
123456
72184
123456
72186
123456
72188
123456
72190
123456
72192
123456
72194
123456
72196
123456
72198
123456
72200
123456
72202
123456
72204
123456
72206
123456
72208
123456
72210
123456
72212
123456
72214
123456
72216
123456
72218
123456
72220
123456
72222
123456
72224
123456
72226
123456
72228
123456
72230
123456
72232
123456
72234
123456
72236
123456
72238
123456
72240
123456
72242
123456
72244
123456
72246
123456
72248
123456
72250
123456
72252
123456
72254
123456
72256
123456
72258
123456
72260
123456
72262
123456
72264
123456
72266
123456
72268
123456
72270
123456
72272
123456
72274
123456
72276
123456
72278
123456
72280
123456
72282
123456
72284
123456
72286
123456
72288
123456
72290
123456
72292
123456
72294
123456
72296
123456
72298
123456
72300
123456
72302
123456
72304
123456
72306
123456
72308
123456
72310
123456
72312
123456
72314
123456
72316
123456
72318
123456
72320
123456
72322
123456
72324
123456
72326
123456
72328
123456
72330
123456
72332
123456
72334
123456
72336
123456
72338
123456
72340
123456
72342
123456
72344
123456
72346
123456
72348
123456
72350
123456
72352
123456
72354
123456
72356
123456
72358
123456
72360
123456
72362
123456
72364
123456
72366
123456
72368
123456
72370
123456
72372
123456
72374
123456
72376
123456
72378
123456
72380
123456
72382
123456
72384
123456
72386
123456
72388
123456
72390
123456
72392
123456
72394
123456
72396
123456
72398
123456
72400
123456
72402
123456
72404
123456
72406
123456
72408
123456
72410
123456
72412
123456
72414
123456
72416
123456
72418
123456
72420
123456
72422
123456
72424
123456
72426
123456
72428
123456
72430
123456
72432
123456
72434
123456
72436
123456
72438
123456
72440
123456
72442
123456
72444
123456
72446
123456
72448
123456
72450
123456
72452
123456
72454
123456
72456
123456
72458
123456
72460
123456
72462
123456
72464
123456
72466
123456
72468
123456
72470
123456
72472
123456
72474
123456
72476
123456
72478
123456
72480
123456
72482
123456
72484
123456
72486
123456
72488
123456
72490
123456
72492
123456
72494
123456
72496
123456
72498
123456
72500
123456
72502
123456
72504
123456
72506
123456
72508
123456
72510
123456
72512
123456
72514
123456
72516
123456
72518
123456
72520
123456
72522
123456
72524
123456
72526
123456
72528
123456
72530
123456
72532
123456
72534
123456
72536
123456
72538
123456
72540
123456
72542
123456
72544
123456
72546
123456
72548
123456
72550
123456
72552
123456
72554
123456
72556
123456
72558
123456
72560
123456
72562
123456
72564
123456
72566
123456
72568
123456
72570
123456
72572
123456
72574
123456
72576
123456
72578
123456
72580
123456
72582
123456
72584
123456
72586
123456
72588
123456
72590
123456
72592
123456
72594
123456
72596
123456
72598
123456
72600
123456
72602
123456
72604
123456
72606
123456
72608
123456
72610
123456
72612
123456
72614
123456
72616
123456
72618
123456
72620
123456
72622
123456
72624
123456
72626
123456
72628
123456
72630
123456
72632
123456
72634
123456
72636
123456
72638
123456
72640
123456
72642
123456
72644
123456
72646
123456
72648
123456
72650
123456
72652
123456
72654
123456
72656
123456
72658
123456
72660
123456
72662
123456
72664
123456
72666
123456
72668
123456
72670
123456
72672
123456
72674
123456
72676
123456
72678
123456
72680
123456
72682
123456
72684
123456
72686
123456
72688
123456
72690
123456
72692
123456
72694
123456
72696
123456
72698
123456
72700
123456
72702
123456
72704
123456
72706
123456
72708
123456
72710
123456
72712
123456
72714
123456
72716
123456
72718
123456
72720
123456
72722
123456
72724
123456
72726
123456
72728
123456
72730
123456
72732
123456
72734
123456
72736
123456
72738
123456
72740
123456
72742
123456
72744
123456
72746
123456
72748
123456
72750
123456
72752
123456
72754
123456
72756
123456
72758
123456
72760
123456
72762
123456
72764
123456
72766
123456
72768
123456
72770
123456
72772
123456
72774
123456
72776
123456
72778
123456
72780
123456
72782
123456
72784
123456
72786
123456
72788
123456
72790
123456
72792
123456
72794
123456
72796
123456
72798
123456
72800
123456
72802
123456
72804
123456
72806
123456
72808
123456
72810
123456
72812
123456
72814
123456
72816
123456
72818
123456
72820
123456
72822
123456
72824
123456
72826
123456
72828
123456
72830
123456
72832
123456
72834
123456
72836
123456
72838
123456
72840
123456
72842
123456
72844
123456
72846
123456
72848
123456
72850
123456
72852
123456
72854
123456
72856
123456
72858
123456
72860
123456
72862
123456
72864
123456
72866
123456
72868
123456
72870
123456
72872
123456
72874
123456
72876
123456
72878
123456
72880
123456
72882
123456
72884
123456
72886
123456
72888
123456
72890
123456
72892
123456
72894
123456
72896
123456
72898
123456
72900
123456
72902
123456
72904
123456
72906
123456
72908
123456
72910
123456
72912
123456
72914
123456
72916
123456
72918
123456
72920
123456
72922
123456
72924
123456
72926
123456
72928
123456
72930
123456
72932
123456
72934
123456
72936
123456
72938
123456
72940
123456
72942
123456
72944
123456
72946
123456
72948
123456
72950
123456
72952
123456
72954
123456
72956
123456
72958
123456
72960
123456
72962
123456
72964
123456
72966
123456
72968
123456
72970
123456
72972
123456
72974
123456
72976
123456
72978
123456
72980
123456
72982
123456
72984
123456
72986
123456
72988
123456
72990
123456
72992
123456
72994
123456
72996
123456
72998
123456
73000
123456
73002
123456
73004
123456
73006
123456
73008
123456
73010
123456
73012
123456
73014
123456
73016
123456
73018
123456
73020
123456
73022
123456
73024
123456
73026
123456
73028
123456
73030
123456
73032
123456
73034
123456
73036
123456
73038
123456
73040
123456
73042
123456
73044
123456
73046
123456
73048
123456
73050
123456
73052
123456
73054
123456
73056
123456
73058
123456
73060
123456
73062
123456
73064
123456
73066
123456
73068
123456
73070
123456
73072
123456
73074
123456
73076
123456
73078
123456
73080
123456
73082
123456
73084
123456
73086
123456
73088
123456
73090
123456
73092
123456
73094
123456
73096
123456
73098
123456
73100
123456
73102
123456
73104
123456
73106
123456
73108
123456
73110
123456
73112
123456
73114
123456
73116
123456
73118
123456
73120
123456
73122
123456
73124
123456
73126
123456
73128
123456
73130
123456
73132
123456
73134
123456
73136
123456
73138
123456
73140
123456
73142
123456
73144
123456
73146
123456
73148
123456
73150
123456
73152
123456
73154
123456
73156
123456
73158
123456
73160
123456
73162
123456
73164
123456
73166
123456
73168
123456
73170
123456
73172
123456
73174
123456
73176
123456
73178
123456
73180
123456
73182
123456
73184
123456
73186
123456
73188
123456
73190
123456
73192
123456
73194
123456
73196
123456
73198
123456
73200
123456
73202
123456
73204
123456
73206
123456
73208
123456
73210
123456
73212
123456
73214
123456
73216
123456
73218
123456
73220
123456
73222
123456
73224
123456
73226
123456
73228
123456
73230
123456
73232
123456
73234
123456
73236
123456
73238
123456
73240
123456
73242
123456
73244
123456
73246
123456
73248
123456
73250
123456
73252
123456
73254
123456
73256
123456
73258
123456
73260
123456
73262
123456
73264
123456
73266
123456
73268
123456
73270
123456
73272
123456
73274
123456
73276
123456
73278
123456
73280
123456
73282
123456
73284
123456
73286
123456
73288
123456
73290
123456
73292
123456
73294
123456
73296
123456
73298
123456
73300
123456
73302
123456
73304
123456
73306
123456
73308
123456
73310
123456
73312
123456
73314
123456
73316
123456
73318
123456
73320
123456
73322
123456
73324
123456
73326
123456
73328
123456
73330
123456
73332
123456
73334
123456
73336
123456
73338
123456
73340
123456
73342
123456
73344
123456
73346
123456
73348
123456
73350
123456
73352
123456
73354
123456
73356
123456
73358
123456
73360
123456
73362
123456
73364
123456
73366
123456
73368
123456
73370
123456
73372
123456
73374
123456
73376
123456
73378
123456
73380
123456
73382
123456
73384
123456
73386
123456
73388
123456
73390
123456
73392
123456
73394
123456
73396
123456
73398
123456
73400
123456
73402
123456
73404
123456
73406
123456
73408
123456
73410
123456
73412
123456
73414
123456
73416
123456
73418
123456
73420
123456
73422
123456
73424
123456
73426
123456
73428
123456
73430
123456
73432
123456
73434
123456
73436
123456
73438
123456
73440
123456
73442
123456
73444
123456
73446
123456
73448
123456
73450
123456
73452
123456
73454
123456
73456
123456
73458
123456
73460
123456
73462
123456
73464
123456
73466
123456
73468
123456
73470
123456
73472
123456
73474
123456
73476
123456
73478
123456
73480
123456
73482
123456
73484
123456
73486
123456
73488
123456
73490
123456
73492
123456
73494
123456
73496
123456
73498
123456
73500
123456
73502
123456
73504
123456
73506
123456
73508
123456
73510
123456
73512
123456
73514
123456
73516
123456
73518
123456
73520
123456
73522
123456
73524
123456
73526
123456
73528
123456
73530
123456
73532
123456
73534
123456
73536
123456
73538
123456
73540
123456
73542
123456
73544
123456
73546
123456
73548
123456
73550
123456
73552
123456
73554
123456
73556
123456
73558
123456
73560
123456
73562
123456
73564
123456
73566
123456
73568
123456
73570
123456
73572
123456
73574
123456
73576
123456
73578
123456
73580
123456
73582
123456
73584
123456
73586
123456
73588
123456
73590
123456
73592
123456
73594
123456
73596
123456
73598
123456
73600
123456
73602
123456
73604
123456
73606
123456
73608
123456
73610
123456
73612
123456
73614
123456
73616
123456
73618
123456
73620
123456
73622
123456
73624
123456
73626
123456
73628
123456
73630
123456
73632
123456
73634
123456
73636
123456
73638
123456
73640
123456
73642
123456
73644
123456
73646
123456
73648
123456
73650
123456
73652
123456
73654
123456
73656
123456
73658
123456
73660
123456
73662
123456
73664
123456
73666
123456
73668
123456
73670
123456
73672
123456
73674
123456
73676
123456
73678
123456
73680
123456
73682
123456
73684
123456
73686
123456
73688
123456
73690
123456
73692
123456
73694
123456
73696
123456
73698
123456
73700
123456
73702
123456
73704
123456
73706
123456
73708
123456
73710
123456
73712
123456
73714
123456
73716
123456
73718
123456
73720
123456
73722
123456
73724
123456
73726
123456
73728
123456
73730
123456
73732
123456
73734
123456
73736
123456
73738
123456
73740
123456
73742
123456
73744
123456
73746
123456
73748
123456
73750
123456
73752
123456
73754
123456
73756
123456
73758
123456
73760
123456
73762
123456
73764
123456
73766
123456
73768
123456
73770
123456
73772
123456
73774
123456
73776
123456
73778
123456
73780
123456
73782
123456
73784
123456
73786
123456
73788
123456
73790
123456
73792
123456
73794
123456
73796
123456
73798
123456
73800
123456
73802
123456
73804
123456
73806
123456
73808
123456
73810
123456
73812
123456
73814
123456
73816
123456
73818
123456
73820
123456
73822
123456
73824
123456
73826
123456
73828
123456
73830
123456
73832
123456
73834
123456
73836
123456
73838
123456
73840
123456
73842
123456
73844
123456
73846
123456
73848
123456
73850
123456
73852
123456
73854
123456
73856
123456
73858
123456
73860
123456
73862
123456
73864
123456
73866
123456
73868
123456
73870
123456
73872
123456
73874
123456
73876
123456
73878
123456
73880
123456
73882
123456
73884
123456
73886
123456
73888
123456
73890
123456
73892
123456
73894
123456
73896
123456
73898
123456
73900
123456
73902
123456
73904
123456
73906
123456
73908
123456
73910
123456
73912
123456
73914
123456
73916
123456
73918
123456
73920
123456
73922
123456
73924
123456
73926
123456
73928
123456
73930
123456
73932
123456
73934
123456
73936
123456
73938
123456
73940
123456
73942
123456
73944
123456
73946
123456
73948
123456
73950
123456
73952
123456
73954
123456
73956
123456
73958
123456
73960
123456
73962
123456
73964
123456
73966
123456
73968
123456
73970
123456
73972
123456
73974
123456
73976
123456
73978
123456
73980
123456
73982
123456
73984
123456
73986
123456
73988
123456
73990
123456
73992
123456
73994
123456
73996
123456
73998
123456
74000
123456
74002
123456
74004
123456
74006
123456
74008
123456
74010
123456
74012
123456
74014
123456
74016
123456
74018
123456
74020
123456
74022
123456
74024
123456
74026
123456
74028
123456
74030
123456
74032
123456
74034
123456
74036
123456
74038
123456
74040
123456
74042
123456
74044
123456
74046
123456
74048
123456
74050
123456
74052
123456
74054
123456
74056
123456
74058
123456
74060
123456
74062
123456
74064
123456
74066
123456
74068
123456
74070
123456
74072
123456
74074
123456
74076
123456
74078
123456
74080
123456
74082
123456
74084
123456
74086
123456
74088
123456
74090
123456
74092
123456
74094
123456
74096
123456
74098
123456
74100
123456
74102
123456
74104
123456
74106
123456
74108
123456
74110
123456
74112
123456
74114
123456
74116
123456
74118
123456
74120
123456
74122
123456
74124
123456
74126
123456
74128
123456
74130
123456
74132
123456
74134
123456
74136
123456
74138
123456
74140
123456
74142
123456
74144
123456
74146
123456
74148
123456
74150
123456
74152
123456
74154
123456
74156
123456
74158
123456
74160
123456
74162
123456
74164
123456
74166
123456
74168
123456
74170
123456
74172
123456
74174
123456
74176
123456
74178
123456
74180
123456
74182
123456
74184
123456
74186
123456
74188
123456
74190
123456
74192
123456
74194
123456
74196
123456
74198
123456
74200
123456
74202
123456
74204
123456
74206
123456
74208
123456
74210
123456
74212
123456
74214
123456
74216
123456
74218
123456
74220
123456
74222
123456
74224
123456
74226
123456
74228
123456
74230
123456
74232
123456
74234
123456
74236
123456
74238
123456
74240
123456
74242
123456
74244
123456
74246
123456
74248
123456
74250
123456
74252
123456
74254
123456
74256
123456
74258
123456
74260
123456
74262
123456
74264
123456
74266
123456
74268
123456
74270
123456
74272
123456
74274
123456
74276
123456
74278
123456
74280
123456
74282
123456
74284
123456
74286
123456
74288
123456
74290
123456
74292
123456
74294
123456
74296
123456
74298
123456
74300
123456
74302
123456
74304
123456
74306
123456
74308
123456
74310
123456
74312
123456
74314
123456
74316
123456
74318
123456
74320
123456
74322
123456
74324
123456
74326
123456
74328
123456
74330
123456
74332
123456
74334
123456
74336
123456
74338
123456
74340
123456
74342
123456
74344
123456
74346
123456
74348
123456
74350
123456
74352
123456
74354
123456
74356
123456
74358
123456
74360
123456
74362
123456
74364
123456
74366
123456
74368
123456
74370
123456
74372
123456
74374
123456
74376
123456
74378
123456
74380
123456
74382
123456
74384
123456
74386
123456
74388
123456
74390
123456
74392
123456
74394
123456
74396
123456
74398
123456
74400
123456
74402
123456
74404
123456
74406
123456
74408
123456
74410
123456
74412
123456
74414
123456
74416
123456
74418
123456
74420
123456
74422
123456
74424
123456
74426
123456
74428
123456
74430
123456
74432
123456
74434
123456
74436
123456
74438
123456
74440
123456
74442
123456
74444
123456
74446
123456
74448
123456
74450
123456
74452
123456
74454
123456
74456
123456
74458
123456
74460
123456
74462
123456
74464
123456
74466
123456
74468
123456
74470
123456
74472
123456
74474
123456
74476
123456
74478
123456
74480
123456
74482
123456
74484
123456
74486
123456
74488
123456
74490
123456
74492
123456
74494
123456
74496
123456
74498
123456
74500
123456
74502
123456
74504
123456
74506
123456
74508
123456
74510
123456
74512
123456
74514
123456
74516
123456
74518
123456
74520
123456
74522
123456
74524
123456
74526
123456
74528
123456
74530
123456
74532
123456
74534
123456
74536
123456
74538
123456
74540
123456
74542
123456
74544
123456
74546
123456
74548
123456
74550
123456
74552
123456
74554
123456
74556
123456
74558
123456
74560
123456
74562
123456
74564
123456
74566
123456
74568
123456
74570
123456
74572
123456
74574
123456
74576
123456
74578
123456
74580
123456
74582
123456
74584
123456
74586
123456
74588
123456
74590
123456
74592
123456
74594
123456
74596
123456
74598
123456
74600
123456
74602
123456
74604
123456
74606
123456
74608
123456
74610
123456
74612
123456
74614
123456
74616
123456
74618
123456
74620
123456
74622
123456
74624
123456
74626
123456
74628
123456
74630
123456
74632
123456
74634
123456
74636
123456
74638
123456
74640
123456
74642
123456
74644
123456
74646
123456
74648
123456
74650
123456
74652
123456
74654
123456
74656
123456
74658
123456
74660
123456
74662
123456
74664
123456
74666
123456
74668
123456
74670
123456
74672
123456
74674
123456
74676
123456
74678
123456
74680
123456
74682
123456
74684
123456
74686
123456
74688
123456
74690
123456
74692
123456
74694
123456
74696
123456
74698
123456
74700
123456
74702
123456
74704
123456
74706
123456
74708
123456
74710
123456
74712
123456
74714
123456
74716
123456
74718
123456
74720
123456
74722
123456
74724
123456
74726
123456
74728
123456
74730
123456
74732
123456
74734
123456
74736
123456
74738
123456
74740
123456
74742
123456
74744
123456
74746
123456
74748
123456
74750
123456
74752
123456
74754
123456
74756
123456
74758
123456
74760
123456
74762
123456
74764
123456
74766
123456
74768
123456
74770
123456
74772
123456
74774
123456
74776
123456
74778
123456
74780
123456
74782
123456
74784
123456
74786
123456
74788
123456
74790
123456
74792
123456
74794
123456
74796
123456
74798
123456
74800
123456
74802
123456
74804
123456
74806
123456
74808
123456
74810
123456
74812
123456
74814
123456
74816
123456
74818
123456
74820
123456
74822
123456
74824
123456
74826
123456
74828
123456
74830
123456
74832
123456
74834
123456
74836
123456
74838
123456
74840
123456
74842
123456
74844
123456
74846
123456
74848
123456
74850
123456
74852
123456
74854
123456
74856
123456
74858
123456
74860
123456
74862
123456
74864
123456
74866
123456
74868
123456
74870
123456
74872
123456
74874
123456
74876
123456
74878
123456
74880
123456
74882
123456
74884
123456
74886
123456
74888
123456
74890
123456
74892
123456
74894
123456
74896
123456
74898
123456
74900
123456
74902
123456
74904
123456
74906
123456
74908
123456
74910
123456
74912
123456
74914
123456
74916
123456
74918
123456
74920
123456
74922
123456
74924
123456
74926
123456
74928
123456
74930
123456
74932
123456
74934
123456
74936
123456
74938
123456
74940
123456
74942
123456
74944
123456
74946
123456
74948
123456
74950
123456
74952
123456
74954
123456
74956
123456
74958
123456
74960
123456
74962
123456
74964
123456
74966
123456
74968
123456
74970
123456
74972
123456
74974
123456
74976
123456
74978
123456
74980
123456
74982
123456
74984
123456
74986
123456
74988
123456
74990
123456
74992
123456
74994
123456
74996
123456
74998
123456
75000
123456
75002
123456
75004
123456
75006
123456
75008
123456
75010
123456
75012
123456
75014
123456
75016
123456
75018
123456
75020
123456
75022
123456
75024
123456
75026
123456
75028
123456
75030
123456
75032
123456
75034
123456
75036
123456
75038
123456
75040
123456
75042
123456
75044
123456
75046
123456
75048
123456
75050
123456
75052
123456
75054
123456
75056
123456
75058
123456
75060
123456
75062
123456
75064
123456
75066
123456
75068
123456
75070
123456
75072
123456
75074
123456
75076
123456
75078
123456
75080
123456
75082
123456
75084
123456
75086
123456
75088
123456
75090
123456
75092
123456
75094
123456
75096
123456
75098
123456
75100
123456
75102
123456
75104
123456
75106
123456
75108
123456
75110
123456
75112
123456
75114
123456
75116
123456
75118
123456
75120
123456
75122
123456
75124
123456
75126
123456
75128
123456
75130
123456
75132
123456
75134
123456
75136
123456
75138
123456
75140
123456
75142
123456
75144
123456
75146
123456
75148
123456
75150
123456
75152
123456
75154
123456
75156
123456
75158
123456
75160
123456
75162
123456
75164
123456
75166
123456
75168
123456
75170
123456
75172
123456
75174
123456
75176
123456
75178
123456
75180
123456
75182
123456
75184
123456
75186
123456
75188
123456
75190
123456
75192
123456
75194
123456
75196
123456
75198
123456
75200
123456
75202
123456
75204
123456
75206
123456
75208
123456
75210
123456
75212
123456
75214
123456
75216
123456
75218
123456
75220
123456
75222
123456
75224
123456
75226
123456
75228
123456
75230
123456
75232
123456
75234
123456
75236
123456
75238
123456
75240
123456
75242
123456
75244
123456
75246
123456
75248
123456
75250
123456
75252
123456
75254
123456
75256
123456
75258
123456
75260
123456
75262
123456
75264
123456
75266
123456
75268
123456
75270
123456
75272
123456
75274
123456
75276
123456
75278
123456
75280
123456
75282
123456
75284
123456
75286
123456
75288
123456
75290
123456
75292
123456
75294
123456
75296
123456
75298
123456
75300
123456
75302
123456
75304
123456
75306
123456
75308
123456
75310
123456
75312
123456
75314
123456
75316
123456
75318
123456
75320
123456
75322
123456
75324
123456
75326
123456
75328
123456
75330
123456
75332
123456
75334
123456
75336
123456
75338
123456
75340
123456
75342
123456
75344
123456
75346
123456
75348
123456
75350
123456
75352
123456
75354
123456
75356
123456
75358
123456
75360
123456
75362
123456
75364
123456
75366
123456
75368
123456
75370
123456
75372
123456
75374
123456
75376
123456
75378
123456
75380
123456
75382
123456
75384
123456
75386
123456
75388
123456
75390
123456
75392
123456
75394
123456
75396
123456
75398
123456
75400
123456
75402
123456
75404
123456
75406
123456
75408
123456
75410
123456
75412
123456
75414
123456
75416
123456
75418
123456
75420
123456
75422
123456
75424
123456
75426
123456
75428
123456
75430
123456
75432
123456
75434
123456
75436
123456
75438
123456
75440
123456
75442
123456
75444
123456
75446
123456
75448
123456
75450
123456
75452
123456
75454
123456
75456
123456
75458
123456
75460
123456
75462
123456
75464
123456
75466
123456
75468
123456
75470
123456
75472
123456
75474
123456
75476
123456
75478
123456
75480
123456
75482
123456
75484
123456
75486
123456
75488
123456
75490
123456
75492
123456
75494
123456
75496
123456
75498
123456
75500
123456
75502
123456
75504
123456
75506
123456
75508
123456
75510
123456
75512
123456
75514
123456
75516
123456
75518
123456
75520
123456
75522
123456
75524
123456
75526
123456
75528
123456
75530
123456
75532
123456
75534
123456
75536
123456
75538
123456
75540
123456
75542
123456
75544
123456
75546
123456
75548
123456
75550
123456
75552
123456
75554
123456
75556
123456
75558
123456
75560
123456
75562
123456
75564
123456
75566
123456
75568
123456
75570
123456
75572
123456
75574
123456
75576
123456
75578
123456
75580
123456
75582
123456
75584
123456
75586
123456
75588
123456
75590
123456
75592
123456
75594
123456
75596
123456
75598
123456
75600
123456
75602
123456
75604
123456
75606
123456
75608
123456
75610
123456
75612
123456
75614
123456
75616
123456
75618
123456
75620
123456
75622
123456
75624
123456
75626
123456
75628
123456
75630
123456
75632
123456
75634
123456
75636
123456
75638
123456
75640
123456
75642
123456
75644
123456
75646
123456
75648
123456
75650
123456
75652
123456
75654
123456
75656
123456
75658
123456
75660
123456
75662
123456
75664
123456
75666
123456
75668
123456
75670
123456
75672
123456
75674
123456
75676
123456
75678
123456
75680
123456
75682
123456
75684
123456
75686
123456
75688
123456
75690
123456
75692
123456
75694
123456
75696
123456
75698
123456
75700
123456
75702
123456
75704
123456
75706
123456
75708
123456
75710
123456
75712
123456
75714
123456
75716
123456
75718
123456
75720
123456
75722
123456
75724
123456
75726
123456
75728
123456
75730
123456
75732
123456
75734
123456
75736
123456
75738
123456
75740
123456
75742
123456
75744
123456
75746
123456
75748
123456
75750
123456
75752
123456
75754
123456
75756
123456
75758
123456
75760
123456
75762
123456
75764
123456
75766
123456
75768
123456
75770
123456
75772
123456
75774
123456
75776
123456
75778
123456
75780
123456
75782
123456
75784
123456
75786
123456
75788
123456
75790
123456
75792
123456
75794
123456
75796
123456
75798
123456
75800
123456
75802
123456
75804
123456
75806
123456
75808
123456
75810
123456
75812
123456
75814
123456
75816
123456
75818
123456
75820
123456
75822
123456
75824
123456
75826
123456
75828
123456
75830
123456
75832
123456
75834
123456
75836
123456
75838
123456
75840
123456
75842
123456
75844
123456
75846
123456
75848
123456
75850
123456
75852
123456
75854
123456
75856
123456
75858
123456
75860
123456
75862
123456
75864
123456
75866
123456
75868
123456
75870
123456
75872
123456
75874
123456
75876
123456
75878
123456
75880
123456
75882
123456
75884
123456
75886
123456
75888
123456
75890
123456
75892
123456
75894
123456
75896
123456
75898
123456
75900
123456
75902
123456
75904
123456
75906
123456
75908
123456
75910
123456
75912
123456
75914
123456
75916
123456
75918
123456
75920
123456
75922
123456
75924
123456
75926
123456
75928
123456
75930
123456
75932
123456
75934
123456
75936
123456
75938
123456
75940
123456
75942
123456
75944
123456
75946
123456
75948
123456
75950
123456
75952
123456
75954
123456
75956
123456
75958
123456
75960
123456
75962
123456
75964
123456
75966
123456
75968
123456
75970
123456
75972
123456
75974
123456
75976
123456
75978
123456
75980
123456
75982
123456
75984
123456
75986
123456
75988
123456
75990
123456
75992
123456
75994
123456
75996
123456
75998
123456
76000
123456
76002
123456
76004
123456
76006
123456
76008
123456
76010
123456
76012
123456
76014
123456
76016
123456
76018
123456
76020
123456
76022
123456
76024
123456
76026
123456
76028
123456
76030
123456
76032
123456
76034
123456
76036
123456
76038
123456
76040
123456
76042
123456
76044
123456
76046
123456
76048
123456
76050
123456
76052
123456
76054
123456
76056
123456
76058
123456
76060
123456
76062
123456
76064
123456
76066
123456
76068
123456
76070
123456
76072
123456
76074
123456
76076
123456
76078
123456
76080
123456
76082
123456
76084
123456
76086
123456
76088
123456
76090
123456
76092
123456
76094
123456
76096
123456
76098
123456
76100
123456
76102
123456
76104
123456
76106
123456
76108
123456
76110
123456
76112
123456
76114
123456
76116
123456
76118
123456
76120
123456
76122
123456
76124
123456
76126
123456
76128
123456
76130
123456
76132
123456
76134
123456
76136
123456
76138
123456
76140
123456
76142
123456
76144
123456
76146
123456
76148
123456
76150
123456
76152
123456
76154
123456
76156
123456
76158
123456
76160
123456
76162
123456
76164
123456
76166
123456
76168
123456
76170
123456
76172
123456
76174
123456
76176
123456
76178
123456
76180
123456
76182
123456
76184
123456
76186
123456
76188
123456
76190
123456
76192
123456
76194
123456
76196
123456
76198
123456
76200
123456
76202
123456
76204
123456
76206
123456
76208
123456
76210
123456
76212
123456
76214
123456
76216
123456
76218
123456
76220
123456
76222
123456
76224
123456
76226
123456
76228
123456
76230
123456
76232
123456
76234
123456
76236
123456
76238
123456
76240
123456
76242
123456
76244
123456
76246
123456
76248
123456
76250
123456
76252
123456
76254
123456
76256
123456
76258
123456
76260
123456
76262
123456
76264
123456
76266
123456
76268
123456
76270
123456
76272
123456
76274
123456
76276
123456
76278
123456
76280
123456
76282
123456
76284
123456
76286
123456
76288
123456
76290
123456
76292
123456
76294
123456
76296
123456
76298
123456
76300
123456
76302
123456
76304
123456
76306
123456
76308
123456
76310
123456
76312
123456
76314
123456
76316
123456
76318
123456
76320
123456
76322
123456
76324
123456
76326
123456
76328
123456
76330
123456
76332
123456
76334
123456
76336
123456
76338
123456
76340
123456
76342
123456
76344
123456
76346
123456
76348
123456
76350
123456
76352
123456
76354
123456
76356
123456
76358
123456
76360
123456
76362
123456
76364
123456
76366
123456
76368
123456
76370
123456
76372
123456
76374
123456
76376
123456
76378
123456
76380
123456
76382
123456
76384
123456
76386
123456
76388
123456
76390
123456
76392
123456
76394
123456
76396
123456
76398
123456
76400
123456
76402
123456
76404
123456
76406
123456
76408
123456
76410
123456
76412
123456
76414
123456
76416
123456
76418
123456
76420
123456
76422
123456
76424
123456
76426
123456
76428
123456
76430
123456
76432
123456
76434
123456
76436
123456
76438
123456
76440
123456
76442
123456
76444
123456
76446
123456
76448
123456
76450
123456
76452
123456
76454
123456
76456
123456
76458
123456
76460
123456
76462
123456
76464
123456
76466
123456
76468
123456
76470
123456
76472
123456
76474
123456
76476
123456
76478
123456
76480
123456
76482
123456
76484
123456
76486
123456
76488
123456
76490
123456
76492
123456
76494
123456
76496
123456
76498
123456
76500
123456
76502
123456
76504
123456
76506
123456
76508
123456
76510
123456
76512
123456
76514
123456
76516
123456
76518
123456
76520
123456
76522
123456
76524
123456
76526
123456
76528
123456
76530
123456
76532
123456
76534
123456
76536
123456
76538
123456
76540
123456
76542
123456
76544
123456
76546
123456
76548
123456
76550
123456
76552
123456
76554
123456
76556
123456
76558
123456
76560
123456
76562
123456
76564
123456
76566
123456
76568
123456
76570
123456
76572
123456
76574
123456
76576
123456
76578
123456
76580
123456
76582
123456
76584
123456
76586
123456
76588
123456
76590
123456
76592
123456
76594
123456
76596
123456
76598
123456
76600
123456
76602
123456
76604
123456
76606
123456
76608
123456
76610
123456
76612
123456
76614
123456
76616
123456
76618
123456
76620
123456
76622
123456
76624
123456
76626
123456
76628
123456
76630
123456
76632
123456
76634
123456
76636
123456
76638
123456
76640
123456
76642
123456
76644
123456
76646
123456
76648
123456
76650
123456
76652
123456
76654
123456
76656
123456
76658
123456
76660
123456
76662
123456
76664
123456
76666
123456
76668
123456
76670
123456
76672
123456
76674
123456
76676
123456
76678
123456
76680
123456
76682
123456
76684
123456
76686
123456
76688
123456
76690
123456
76692
123456
76694
123456
76696
123456
76698
123456
76700
123456
76702
123456
76704
123456
76706
123456
76708
123456
76710
123456
76712
123456
76714
123456
76716
123456
76718
123456
76720
123456
76722
123456
76724
123456
76726
123456
76728
123456
76730
123456
76732
123456
76734
123456
76736
123456
76738
123456
76740
123456
76742
123456
76744
123456
76746
123456
76748
123456
76750
123456
76752
123456
76754
123456
76756
123456
76758
123456
76760
123456
76762
123456
76764
123456
76766
123456
76768
123456
76770
123456
76772
123456
76774
123456
76776
123456
76778
123456
76780
123456
76782
123456
76784
123456
76786
123456
76788
123456
76790
123456
76792
123456
76794
123456
76796
123456
76798
123456
76800
123456
76802
123456
76804
123456
76806
123456
76808
123456
76810
123456
76812
123456
76814
123456
76816
123456
76818
123456
76820
123456
76822
123456
76824
123456
76826
123456
76828
123456
76830
123456
76832
123456
76834
123456
76836
123456
76838
123456
76840
123456
76842
123456
76844
123456
76846
123456
76848
123456
76850
123456
76852
123456
76854
123456
76856
123456
76858
123456
76860
123456
76862
123456
76864
123456
76866
123456
76868
123456
76870
123456
76872
123456
76874
123456
76876
123456
76878
123456
76880
123456
76882
123456
76884
123456
76886
123456
76888
123456
76890
123456
76892
123456
76894
123456
76896
123456
76898
123456
76900
123456
76902
123456
76904
123456
76906
123456
76908
123456
76910
123456
76912
123456
76914
123456
76916
123456
76918
123456
76920
123456
76922
123456
76924
123456
76926
123456
76928
123456
76930
123456
76932
123456
76934
123456
76936
123456
76938
123456
76940
123456
76942
123456
76944
123456
76946
123456
76948
123456
76950
123456
76952
123456
76954
123456
76956
123456
76958
123456
76960
123456
76962
123456
76964
123456
76966
123456
76968
123456
76970
123456
76972
123456
76974
123456
76976
123456
76978
123456
76980
123456
76982
123456
76984
123456
76986
123456
76988
123456
76990
123456
76992
123456
76994
123456
76996
123456
76998
123456
77000
123456
77002
123456
77004
123456
77006
123456
77008
123456
77010
123456
77012
123456
77014
123456
77016
123456
77018
123456
77020
123456
77022
123456
77024
123456
77026
123456
77028
123456
77030
123456
77032
123456
77034
123456
77036
123456
77038
123456
77040
123456
77042
123456
77044
123456
77046
123456
77048
123456
77050
123456
77052
123456
77054
123456
77056
123456
77058
123456
77060
123456
77062
123456
77064
123456
77066
123456
77068
123456
77070
123456
77072
123456
77074
123456
77076
123456
77078
123456
77080
123456
77082
123456
77084
123456
77086
123456
77088
123456
77090
123456
77092
123456
77094
123456
77096
123456
77098
123456
77100
123456
77102
123456
77104
123456
77106
123456
77108
123456
77110
123456
77112
123456
77114
123456
77116
123456
77118
123456
77120
123456
77122
123456
77124
123456
77126
123456
77128
123456
77130
123456
77132
123456
77134
123456
77136
123456
77138
123456
77140
123456
77142
123456
77144
123456
77146
123456
77148
123456
77150
123456
77152
123456
77154
123456
77156
123456
77158
123456
77160
123456
77162
123456
77164
123456
77166
123456
77168
123456
77170
123456
77172
123456
77174
123456
77176
123456
77178
123456
77180
123456
77182
123456
77184
123456
77186
123456
77188
123456
77190
123456
77192
123456
77194
123456
77196
123456
77198
123456
77200
123456
77202
123456
77204
123456
77206
123456
77208
123456
77210
123456
77212
123456
77214
123456
77216
123456
77218
123456
77220
123456
77222
123456
77224
123456
77226
123456
77228
123456
77230
123456
77232
123456
77234
123456
77236
123456
77238
123456
77240
123456
77242
123456
77244
123456
77246
123456
77248
123456
77250
123456
77252
123456
77254
123456
77256
123456
77258
123456
77260
123456
77262
123456
77264
123456
77266
123456
77268
123456
77270
123456
77272
123456
77274
123456
77276
123456
77278
123456
77280
123456
77282
123456
77284
123456
77286
123456
77288
123456
77290
123456
77292
123456
77294
123456
77296
123456
77298
123456
77300
123456
77302
123456
77304
123456
77306
123456
77308
123456
77310
123456
77312
123456
77314
123456
77316
123456
77318
123456
77320
123456
77322
123456
77324
123456
77326
123456
77328
123456
77330
123456
77332
123456
77334
123456
77336
123456
77338
123456
77340
123456
77342
123456
77344
123456
77346
123456
77348
123456
77350
123456
77352
123456
77354
123456
77356
123456
77358
123456
77360
123456
77362
123456
77364
123456
77366
123456
77368
123456
77370
123456
77372
123456
77374
123456
77376
123456
77378
123456
77380
123456
77382
123456
77384
123456
77386
123456
77388
123456
77390
123456
77392
123456
77394
123456
77396
123456
77398
123456
77400
123456
77402
123456
77404
123456
77406
123456
77408
123456
77410
123456
77412
123456
77414
123456
77416
123456
77418
123456
77420
123456
77422
123456
77424
123456
77426
123456
77428
123456
77430
123456
77432
123456
77434
123456
77436
123456
77438
123456
77440
123456
77442
123456
77444
123456
77446
123456
77448
123456
77450
123456
77452
123456
77454
123456
77456
123456
77458
123456
77460
123456
77462
123456
77464
123456
77466
123456
77468
123456
77470
123456
77472
123456
77474
123456
77476
123456
77478
123456
77480
123456
77482
123456
77484
123456
77486
123456
77488
123456
77490
123456
77492
123456
77494
123456
77496
123456
77498
123456
77500
123456
77502
123456
77504
123456
77506
123456
77508
123456
77510
123456
77512
123456
77514
123456
77516
123456
77518
123456
77520
123456
77522
123456
77524
123456
77526
123456
77528
123456
77530
123456
77532
123456
77534
123456
77536
123456
77538
123456
77540
123456
77542
123456
77544
123456
77546
123456
77548
123456
77550
123456
77552
123456
77554
123456
77556
123456
77558
123456
77560
123456
77562
123456
77564
123456
77566
123456
77568
123456
77570
123456
77572
123456
77574
123456
77576
123456
77578
123456
77580
123456
77582
123456
77584
123456
77586
123456
77588
123456
77590
123456
77592
123456
77594
123456
77596
123456
77598
123456
77600
123456
77602
123456
77604
123456
77606
123456
77608
123456
77610
123456
77612
123456
77614
123456
77616
123456
77618
123456
77620
123456
77622
123456
77624
123456
77626
123456
77628
123456
77630
123456
77632
123456
77634
123456
77636
123456
77638
123456
77640
123456
77642
123456
77644
123456
77646
123456
77648
123456
77650
123456
77652
123456
77654
123456
77656
123456
77658
123456
77660
123456
77662
123456
77664
123456
77666
123456
77668
123456
77670
123456
77672
123456
77674
123456
77676
123456
77678
123456
77680
123456
77682
123456
77684
123456
77686
123456
77688
123456
77690
123456
77692
123456
77694
123456
77696
123456
77698
123456
77700
123456
77702
123456
77704
123456
77706
123456
77708
123456
77710
123456
77712
123456
77714
123456
77716
123456
77718
123456
77720
123456
77722
123456
77724
123456
77726
123456
77728
123456
77730
123456
77732
123456
77734
123456
77736
123456
77738
123456
77740
123456
77742
123456
77744
123456
77746
123456
77748
123456
77750
123456
77752
123456
77754
123456
77756
123456
77758
123456
77760
123456
77762
123456
77764
123456
77766
123456
77768
123456
77770
123456
77772
123456
77774
123456
77776
123456
77778
123456
77780
123456
77782
123456
77784
123456
77786
123456
77788
123456
77790
123456
77792
123456
77794
123456
77796
123456
77798
123456
77800
123456
77802
123456
77804
123456
77806
123456
77808
123456
77810
123456
77812
123456
77814
123456
77816
123456
77818
123456
77820
123456
77822
123456
77824
123456
77826
123456
77828
123456
77830
123456
77832
123456
77834
123456
77836
123456
77838
123456
77840
123456
77842
123456
77844
123456
77846
123456
77848
123456
77850
123456
77852
123456
77854
123456
77856
123456
77858
123456
77860
123456
77862
123456
77864
123456
77866
123456
77868
123456
77870
123456
77872
123456
77874
123456
77876
123456
77878
123456
77880
123456
77882
123456
77884
123456
77886
123456
77888
123456
77890
123456
77892
123456
77894
123456
77896
123456
77898
123456
77900
123456
77902
123456
77904
123456
77906
123456
77908
123456
77910
123456
77912
123456
77914
123456
77916
123456
77918
123456
77920
123456
77922
123456
77924
123456
77926
123456
77928
123456
77930
123456
77932
123456
77934
123456
77936
123456
77938
123456
77940
123456
77942
123456
77944
123456
77946
123456
77948
123456
77950
123456
77952
123456
77954
123456
77956
123456
77958
123456
77960
123456
77962
123456
77964
123456
77966
123456
77968
123456
77970
123456
77972
123456
77974
123456
77976
123456
77978
123456
77980
123456
77982
123456
77984
123456
77986
123456
77988
123456
77990
123456
77992
123456
77994
123456
77996
123456
77998
123456
78000
123456
78002
123456
78004
123456
78006
123456
78008
123456
78010
123456
78012
123456
78014
123456
78016
123456
78018
123456
78020
123456
78022
123456
78024
123456
78026
123456
78028
123456
78030
123456
78032
123456
78034
123456
78036
123456
78038
123456
78040
123456
78042
123456
78044
123456
78046
123456
78048
123456
78050
123456
78052
123456
78054
123456
78056
123456
78058
123456
78060
123456
78062
123456
78064
123456
78066
123456
78068
123456
78070
123456
78072
123456
78074
123456
78076
123456
78078
123456
78080
123456
78082
123456
78084
123456
78086
123456
78088
123456
78090
123456
78092
123456
78094
123456
78096
123456
78098
123456
78100
123456
78102
123456
78104
123456
78106
123456
78108
123456
78110
123456
78112
123456
78114
123456
78116
123456
78118
123456
78120
123456
78122
123456
78124
123456
78126
123456
78128
123456
78130
123456
78132
123456
78134
123456
78136
123456
78138
123456
78140
123456
78142
123456
78144
123456
78146
123456
78148
123456
78150
123456
78152
123456
78154
123456
78156
123456
78158
123456
78160
123456
78162
123456
78164
123456
78166
123456
78168
123456
78170
123456
78172
123456
78174
123456
78176
123456
78178
123456
78180
123456
78182
123456
78184
123456
78186
123456
78188
123456
78190
123456
78192
123456
78194
123456
78196
123456
78198
123456
78200
123456
78202
123456
78204
123456
78206
123456
78208
123456
78210
123456
78212
123456
78214
123456
78216
123456
78218
123456
78220
123456
78222
123456
78224
123456
78226
123456
78228
123456
78230
123456
78232
123456
78234
123456
78236
123456
78238
123456
78240
123456
78242
123456
78244
123456
78246
123456
78248
123456
78250
123456
78252
123456
78254
123456
78256
123456
78258
123456
78260
123456
78262
123456
78264
123456
78266
123456
78268
123456
78270
123456
78272
123456
78274
123456
78276
123456
78278
123456
78280
123456
78282
123456
78284
123456
78286
123456
78288
123456
78290
123456
78292
123456
78294
123456
78296
123456
78298
123456
78300
123456
78302
123456
78304
123456
78306
123456
78308
123456
78310
123456
78312
123456
78314
123456
78316
123456
78318
123456
78320
123456
78322
123456
78324
123456
78326
123456
78328
123456
78330
123456
78332
123456
78334
123456
78336
123456
78338
123456
78340
123456
78342
123456
78344
123456
78346
123456
78348
123456
78350
123456
78352
123456
78354
123456
78356
123456
78358
123456
78360
123456
78362
123456
78364
123456
78366
123456
78368
123456
78370
123456
78372
123456
78374
123456
78376
123456
78378
123456
78380
123456
78382
123456
78384
123456
78386
123456
78388
123456
78390
123456
78392
123456
78394
123456
78396
123456
78398
123456
78400
123456
78402
123456
78404
123456
78406
123456
78408
123456
78410
123456
78412
123456
78414
123456
78416
123456
78418
123456
78420
123456
78422
123456
78424
123456
78426
123456
78428
123456
78430
123456
78432
123456
78434
123456
78436
123456
78438
123456
78440
123456
78442
123456
78444
123456
78446
123456
78448
123456
78450
123456
78452
123456
78454
123456
78456
123456
78458
123456
78460
123456
78462
123456
78464
123456
78466
123456
78468
123456
78470
123456
78472
123456
78474
123456
78476
123456
78478
123456
78480
123456
78482
123456
78484
123456
78486
123456
78488
123456
78490
123456
78492
123456
78494
123456
78496
123456
78498
123456
78500
123456
78502
123456
78504
123456
78506
123456
78508
123456
78510
123456
78512
123456
78514
123456
78516
123456
78518
123456
78520
123456
78522
123456
78524
123456
78526
123456
78528
123456
78530
123456
78532
123456
78534
123456
78536
123456
78538
123456
78540
123456
78542
123456
78544
123456
78546
123456
78548
123456
78550
123456
78552
123456
78554
123456
78556
123456
78558
123456
78560
123456
78562
123456
78564
123456
78566
123456
78568
123456
78570
123456
78572
123456
78574
123456
78576
123456
78578
123456
78580
123456
78582
123456
78584
123456
78586
123456
78588
123456
78590
123456
78592
123456
78594
123456
78596
123456
78598
123456
78600
123456
78602
123456
78604
123456
78606
123456
78608
123456
78610
123456
78612
123456
78614
123456
78616
123456
78618
123456
78620
123456
78622
123456
78624
123456
78626
123456
78628
123456
78630
123456
78632
123456
78634
123456
78636
123456
78638
123456
78640
123456
78642
123456
78644
123456
78646
123456
78648
123456
78650
123456
78652
123456
78654
123456
78656
123456
78658
123456
78660
123456
78662
123456
78664
123456
78666
123456
78668
123456
78670
123456
78672
123456
78674
123456
78676
123456
78678
123456
78680
123456
78682
123456
78684
123456
78686
123456
78688
123456
78690
123456
78692
123456
78694
123456
78696
123456
78698
123456
78700
123456
78702
123456
78704
123456
78706
123456
78708
123456
78710
123456
78712
123456
78714
123456
78716
123456
78718
123456
78720
123456
78722
123456
78724
123456
78726
123456
78728
123456
78730
123456
78732
123456
78734
123456
78736
123456
78738
123456
78740
123456
78742
123456
78744
123456
78746
123456
78748
123456
78750
123456
78752
123456
78754
123456
78756
123456
78758
123456
78760
123456
78762
123456
78764
123456
78766
123456
78768
123456
78770
123456
78772
123456
78774
123456
78776
123456
78778
123456
78780
123456
78782
123456
78784
123456
78786
123456
78788
123456
78790
123456
78792
123456
78794
123456
78796
123456
78798
123456
78800
123456
78802
123456
78804
123456
78806
123456
78808
123456
78810
123456
78812
123456
78814
123456
78816
123456
78818
123456
78820
123456
78822
123456
78824
123456
78826
123456
78828
123456
78830
123456
78832
123456
78834
123456
78836
123456
78838
123456
78840
123456
78842
123456
78844
123456
78846
123456
78848
123456
78850
123456
78852
123456
78854
123456
78856
123456
78858
123456
78860
123456
78862
123456
78864
123456
78866
123456
78868
123456
78870
123456
78872
123456
78874
123456
78876
123456
78878
123456
78880
123456
78882
123456
78884
123456
78886
123456
78888
123456
78890
123456
78892
123456
78894
123456
78896
123456
78898
123456
78900
123456
78902
123456
78904
123456
78906
123456
78908
123456
78910
123456
78912
123456
78914
123456
78916
123456
78918
123456
78920
123456
78922
123456
78924
123456
78926
123456
78928
123456
78930
123456
78932
123456
78934
123456
78936
123456
78938
123456
78940
123456
78942
123456
78944
123456
78946
123456
78948
123456
78950
123456
78952
123456
78954
123456
78956
123456
78958
123456
78960
123456
78962
123456
78964
123456
78966
123456
78968
123456
78970
123456
78972
123456
78974
123456
78976
123456
78978
123456
78980
123456
78982
123456
78984
123456
78986
123456
78988
123456
78990
123456
78992
123456
78994
123456
78996
123456
78998
123456
79000
123456
79002
123456
79004
123456
79006
123456
79008
123456
79010
123456
79012
123456
79014
123456
79016
123456
79018
123456
79020
123456
79022
123456
79024
123456
79026
123456
79028
123456
79030
123456
79032
123456
79034
123456
79036
123456
79038
123456
79040
123456
79042
123456
79044
123456
79046
123456
79048
123456
79050
123456
79052
123456
79054
123456
79056
123456
79058
123456
79060
123456
79062
123456
79064
123456
79066
123456
79068
123456
79070
123456
79072
123456
79074
123456
79076
123456
79078
123456
79080
123456
79082
123456
79084
123456
79086
123456
79088
123456
79090
123456
79092
123456
79094
123456
79096
123456
79098
123456
79100
123456
79102
123456
79104
123456
79106
123456
79108
123456
79110
123456
79112
123456
79114
123456
79116
123456
79118
123456
79120
123456
79122
123456
79124
123456
79126
123456
79128
123456
79130
123456
79132
123456
79134
123456
79136
123456
79138
123456
79140
123456
79142
123456
79144
123456
79146
123456
79148
123456
79150
123456
79152
123456
79154
123456
79156
123456
79158
123456
79160
123456
79162
123456
79164
123456
79166
123456
79168
123456
79170
123456
79172
123456
79174
123456
79176
123456
79178
123456
79180
123456
79182
123456
79184
123456
79186
123456
79188
123456
79190
123456
79192
123456
79194
123456
79196
123456
79198
123456
79200
123456
79202
123456
79204
123456
79206
123456
79208
123456
79210
123456
79212
123456
79214
123456
79216
123456
79218
123456
79220
123456
79222
123456
79224
123456
79226
123456
79228
123456
79230
123456
79232
123456
79234
123456
79236
123456
79238
123456
79240
123456
79242
123456
79244
123456
79246
123456
79248
123456
79250
123456
79252
123456
79254
123456
79256
123456
79258
123456
79260
123456
79262
123456
79264
123456
79266
123456
79268
123456
79270
123456
79272
123456
79274
123456
79276
123456
79278
123456
79280
123456
79282
123456
79284
123456
79286
123456
79288
123456
79290
123456
79292
123456
79294
123456
79296
123456
79298
123456
79300
123456
79302
123456
79304
123456
79306
123456
79308
123456
79310
123456
79312
123456
79314
123456
79316
123456
79318
123456
79320
123456
79322
123456
79324
123456
79326
123456
79328
123456
79330
123456
79332
123456
79334
123456
79336
123456
79338
123456
79340
123456
79342
123456
79344
123456
79346
123456
79348
123456
79350
123456
79352
123456
79354
123456
79356
123456
79358
123456
79360
123456
79362
123456
79364
123456
79366
123456
79368
123456
79370
123456
79372
123456
79374
123456
79376
123456
79378
123456
79380
123456
79382
123456
79384
123456
79386
123456
79388
123456
79390
123456
79392
123456
79394
123456
79396
123456
79398
123456
79400
123456
79402
123456
79404
123456
79406
123456
79408
123456
79410
123456
79412
123456
79414
123456
79416
123456
79418
123456
79420
123456
79422
123456
79424
123456
79426
123456
79428
123456
79430
123456
79432
123456
79434
123456
79436
123456
79438
123456
79440
123456
79442
123456
79444
123456
79446
123456
79448
123456
79450
123456
79452
123456
79454
123456
79456
123456
79458
123456
79460
123456
79462
123456
79464
123456
79466
123456
79468
123456
79470
123456
79472
123456
79474
123456
79476
123456
79478
123456
79480
123456
79482
123456
79484
123456
79486
123456
79488
123456
79490
123456
79492
123456
79494
123456
79496
123456
79498
123456
79500
123456
79502
123456
79504
123456
79506
123456
79508
123456
79510
123456
79512
123456
79514
123456
79516
123456
79518
123456
79520
123456
79522
123456
79524
123456
79526
123456
79528
123456
79530
123456
79532
123456
79534
123456
79536
123456
79538
123456
79540
123456
79542
123456
79544
123456
79546
123456
79548
123456
79550
123456
79552
123456
79554
123456
79556
123456
79558
123456
79560
123456
79562
123456
79564
123456
79566
123456
79568
123456
79570
123456
79572
123456
79574
123456
79576
123456
79578
123456
79580
123456
79582
123456
79584
123456
79586
123456
79588
123456
79590
123456
79592
123456
79594
123456
79596
123456
79598
123456
79600
123456
79602
123456
79604
123456
79606
123456
79608
123456
79610
123456
79612
123456
79614
123456
79616
123456
79618
123456
79620
123456
79622
123456
79624
123456
79626
123456
79628
123456
79630
123456
79632
123456
79634
123456
79636
123456
79638
123456
79640
123456
79642
123456
79644
123456
79646
123456
79648
123456
79650
123456
79652
123456
79654
123456
79656
123456
79658
123456
79660
123456
79662
123456
79664
123456
79666
123456
79668
123456
79670
123456
79672
123456
79674
123456
79676
123456
79678
123456
79680
123456
79682
123456
79684
123456
79686
123456
79688
123456
79690
123456
79692
123456
79694
123456
79696
123456
79698
123456
79700
123456
79702
123456
79704
123456
79706
123456
79708
123456
79710
123456
79712
123456
79714
123456
79716
123456
79718
123456
79720
123456
79722
123456
79724
123456
79726
123456
79728
123456
79730
123456
79732
123456
79734
123456
79736
123456
79738
123456
79740
123456
79742
123456
79744
123456
79746
123456
79748
123456
79750
123456
79752
123456
79754
123456
79756
123456
79758
123456
79760
123456
79762
123456
79764
123456
79766
123456
79768
123456
79770
123456
79772
123456
79774
123456
79776
123456
79778
123456
79780
123456
79782
123456
79784
123456
79786
123456
79788
123456
79790
123456
79792
123456
79794
123456
79796
123456
79798
123456
79800
123456
79802
123456
79804
123456
79806
123456
79808
123456
79810
123456
79812
123456
79814
123456
79816
123456
79818
123456
79820
123456
79822
123456
79824
123456
79826
123456
79828
123456
79830
123456
79832
123456
79834
123456
79836
123456
79838
123456
79840
123456
79842
123456
79844
123456
79846
123456
79848
123456
79850
123456
79852
123456
79854
123456
79856
123456
79858
123456
79860
123456
79862
123456
79864
123456
79866
123456
79868
123456
79870
123456
79872
123456
79874
123456
79876
123456
79878
123456
79880
123456
79882
123456
79884
123456
79886
123456
79888
123456
79890
123456
79892
123456
79894
123456
79896
123456
79898
123456
79900
123456
79902
123456
79904
123456
79906
123456
79908
123456
79910
123456
79912
123456
79914
123456
79916
123456
79918
123456
79920
123456
79922
123456
79924
123456
79926
123456
79928
123456
79930
123456
79932
123456
79934
123456
79936
123456
79938
123456
79940
123456
79942
123456
79944
123456
79946
123456
79948
123456
79950
123456
79952
123456
79954
123456
79956
123456
79958
123456
79960
123456
79962
123456
79964
123456
79966
123456
79968
123456
79970
123456
79972
123456
79974
123456
79976
123456
79978
123456
79980
123456
79982
123456
79984
123456
79986
123456
79988
123456
79990
123456
79992
123456
79994
123456
79996
123456
79998
123456
80000
123456
80002
123456
80004
123456
80006
123456
80008
123456
80010
123456
80012
123456
80014
123456
80016
123456
80018
123456
80020
123456
80022
123456
80024
123456
80026
123456
80028
123456
80030
123456
80032
123456
80034
123456
80036
123456
80038
123456
80040
123456
80042
123456
80044
123456
80046
123456
80048
123456
80050
123456
80052
123456
80054
123456
80056
123456
80058
123456
80060
123456
80062
123456
80064
123456
80066
123456
80068
123456
80070
123456
80072
123456
80074
123456
80076
123456
80078
123456
80080
123456
80082
123456
80084
123456
80086
123456
80088
123456
80090
123456
80092
123456
80094
123456
80096
123456
80098
123456
80100
123456
80102
123456
80104
123456
80106
123456
80108
123456
80110
123456
80112
123456
80114
123456
80116
123456
80118
123456
80120
123456
80122
123456
80124
123456
80126
123456
80128
123456
80130
123456
80132
123456
80134
123456
80136
123456
80138
123456
80140
123456
80142
123456
80144
123456
80146
123456
80148
123456
80150
123456
80152
123456
80154
123456
80156
123456
80158
123456
80160
123456
80162
123456
80164
123456
80166
123456
80168
123456
80170
123456
80172
123456
80174
123456
80176
123456
80178
123456
80180
123456
80182
123456
80184
123456
80186
123456
80188
123456
80190
123456
80192
123456
80194
123456
80196
123456
80198
123456
80200
123456
80202
123456
80204
123456
80206
123456
80208
123456
80210
123456
80212
123456
80214
123456
80216
123456
80218
123456
80220
123456
80222
123456
80224
123456
80226
123456
80228
123456
80230
123456
80232
123456
80234
123456
80236
123456
80238
123456
80240
123456
80242
123456
80244
123456
80246
123456
80248
123456
80250
123456
80252
123456
80254
123456
80256
123456
80258
123456
80260
123456
80262
123456
80264
123456
80266
123456
80268
123456
80270
123456
80272
123456
80274
123456
80276
123456
80278
123456
80280
123456
80282
123456
80284
123456
80286
123456
80288
123456
80290
123456
80292
123456
80294
123456
80296
123456
80298
123456
80300
123456
80302
123456
80304
123456
80306
123456
80308
123456
80310
123456
80312
123456
80314
123456
80316
123456
80318
123456
80320
123456
80322
123456
80324
123456
80326
123456
80328
123456
80330
123456
80332
123456
80334
123456
80336
123456
80338
123456
80340
123456
80342
123456
80344
123456
80346
123456
80348
123456
80350
123456
80352
123456
80354
123456
80356
123456
80358
123456
80360
123456
80362
123456
80364
123456
80366
123456
80368
123456
80370
123456
80372
123456
80374
123456
80376
123456
80378
123456
80380
123456
80382
123456
80384
123456
80386
123456
80388
123456
80390
123456
80392
123456
80394
123456
80396
123456
80398
123456
80400
123456
80402
123456
80404
123456
80406
123456
80408
123456
80410
123456
80412
123456
80414
123456
80416
123456
80418
123456
80420
123456
80422
123456
80424
123456
80426
123456
80428
123456
80430
123456
80432
123456
80434
123456
80436
123456
80438
123456
80440
123456
80442
123456
80444
123456
80446
123456
80448
123456
80450
123456
80452
123456
80454
123456
80456
123456
80458
123456
80460
123456
80462
123456
80464
123456
80466
123456
80468
123456
80470
123456
80472
123456
80474
123456
80476
123456
80478
123456
80480
123456
80482
123456
80484
123456
80486
123456
80488
123456
80490
123456
80492
123456
80494
123456
80496
123456
80498
123456
80500
123456
80502
123456
80504
123456
80506
123456
80508
123456
80510
123456
80512
123456
80514
123456
80516
123456
80518
123456
80520
123456
80522
123456
80524
123456
80526
123456
80528
123456
80530
123456
80532
123456
80534
123456
80536
123456
80538
123456
80540
123456
80542
123456
80544
123456
80546
123456
80548
123456
80550
123456
80552
123456
80554
123456
80556
123456
80558
123456
80560
123456
80562
123456
80564
123456
80566
123456
80568
123456
80570
123456
80572
123456
80574
123456
80576
123456
80578
123456
80580
123456
80582
123456
80584
123456
80586
123456
80588
123456
80590
123456
80592
123456
80594
123456
80596
123456
80598
123456
80600
123456
80602
123456
80604
123456
80606
123456
80608
123456
80610
123456
80612
123456
80614
123456
80616
123456
80618
123456
80620
123456
80622
123456
80624
123456
80626
123456
80628
123456
80630
123456
80632
123456
80634
123456
80636
123456
80638
123456
80640
123456
80642
123456
80644
123456
80646
123456
80648
123456
80650
123456
80652
123456
80654
123456
80656
123456
80658
123456
80660
123456
80662
123456
80664
123456
80666
123456
80668
123456
80670
123456
80672
123456
80674
123456
80676
123456
80678
123456
80680
123456
80682
123456
80684
123456
80686
123456
80688
123456
80690
123456
80692
123456
80694
123456
80696
123456
80698
123456
80700
123456
80702
123456
80704
123456
80706
123456
80708
123456
80710
123456
80712
123456
80714
123456
80716
123456
80718
123456
80720
123456
80722
123456
80724
123456
80726
123456
80728
123456
80730
123456
80732
123456
80734
123456
80736
123456
80738
123456
80740
123456
80742
123456
80744
123456
80746
123456
80748
123456
80750
123456
80752
123456
80754
123456
80756
123456
80758
123456
80760
123456
80762
123456
80764
123456
80766
123456
80768
123456
80770
123456
80772
123456
80774
123456
80776
123456
80778
123456
80780
123456
80782
123456
80784
123456
80786
123456
80788
123456
80790
123456
80792
123456
80794
123456
80796
123456
80798
123456
80800
123456
80802
123456
80804
123456
80806
123456
80808
123456
80810
123456
80812
123456
80814
123456
80816
123456
80818
123456
80820
123456
80822
123456
80824
123456
80826
123456
80828
123456
80830
123456
80832
123456
80834
123456
80836
123456
80838
123456
80840
123456
80842
123456
80844
123456
80846
123456
80848
123456
80850
123456
80852
123456
80854
123456
80856
123456
80858
123456
80860
123456
80862
123456
80864
123456
80866
123456
80868
123456
80870
123456
80872
123456
80874
123456
80876
123456
80878
123456
80880
123456
80882
123456
80884
123456
80886
123456
80888
123456
80890
123456
80892
123456
80894
123456
80896
123456
80898
123456
80900
123456
80902
123456
80904
123456
80906
123456
80908
123456
80910
123456
80912
123456
80914
123456
80916
123456
80918
123456
80920
123456
80922
123456
80924
123456
80926
123456
80928
123456
80930
123456
80932
123456
80934
123456
80936
123456
80938
123456
80940
123456
80942
123456
80944
123456
80946
123456
80948
123456
80950
123456
80952
123456
80954
123456
80956
123456
80958
123456
80960
123456
80962
123456
80964
123456
80966
123456
80968
123456
80970
123456
80972
123456
80974
123456
80976
123456
80978
123456
80980
123456
80982
123456
80984
123456
80986
123456
80988
123456
80990
123456
80992
123456
80994
123456
80996
123456
80998
123456
81000
123456
81002
123456
81004
123456
81006
123456
81008
123456
81010
123456
81012
123456
81014
123456
81016
123456
81018
123456
81020
123456
81022
123456
81024
123456
81026
123456
81028
123456
81030
123456
81032
123456
81034
123456
81036
123456
81038
123456
81040
123456
81042
123456
81044
123456
81046
123456
81048
123456
81050
123456
81052
123456
81054
123456
81056
123456
81058
123456
81060
123456
81062
123456
81064
123456
81066
123456
81068
123456
81070
123456
81072
123456
81074
123456
81076
123456
81078
123456
81080
123456
81082
123456
81084
123456
81086
123456
81088
123456
81090
123456
81092
123456
81094
123456
81096
123456
81098
123456
81100
123456
81102
123456
81104
123456
81106
123456
81108
123456
81110
123456
81112
123456
81114
123456
81116
123456
81118
123456
81120
123456
81122
123456
81124
123456
81126
123456
81128
123456
81130
123456
81132
123456
81134
123456
81136
123456
81138
123456
81140
123456
81142
123456
81144
123456
81146
123456
81148
123456
81150
123456
81152
123456
81154
123456
81156
123456
81158
123456
81160
123456
81162
123456
81164
123456
81166
123456
81168
123456
81170
123456
81172
123456
81174
123456
81176
123456
81178
123456
81180
123456
81182
123456
81184
123456
81186
123456
81188
123456
81190
123456
81192
123456
81194
123456
81196
123456
81198
123456
81200
123456
81202
123456
81204
123456
81206
123456
81208
123456
81210
123456
81212
123456
81214
123456
81216
123456
81218
123456
81220
123456
81222
123456
81224
123456
81226
123456
81228
123456
81230
123456
81232
123456
81234
123456
81236
123456
81238
123456
81240
123456
81242
123456
81244
123456
81246
123456
81248
123456
81250
123456
81252
123456
81254
123456
81256
123456
81258
123456
81260
123456
81262
123456
81264
123456
81266
123456
81268
123456
81270
123456
81272
123456
81274
123456
81276
123456
81278
123456
81280
123456
81282
123456
81284
123456
81286
123456
81288
123456
81290
123456
81292
123456
81294
123456
81296
123456
81298
123456
81300
123456
81302
123456
81304
123456
81306
123456
81308
123456
81310
123456
81312
123456
81314
123456
81316
123456
81318
123456
81320
123456
81322
123456
81324
123456
81326
123456
81328
123456
81330
123456
81332
123456
81334
123456
81336
123456
81338
123456
81340
123456
81342
123456
81344
123456
81346
123456
81348
123456
81350
123456
81352
123456
81354
123456
81356
123456
81358
123456
81360
123456
81362
123456
81364
123456
81366
123456
81368
123456
81370
123456
81372
123456
81374
123456
81376
123456
81378
123456
81380
123456
81382
123456
81384
123456
81386
123456
81388
123456
81390
123456
81392
123456
81394
123456
81396
123456
81398
123456
81400
123456
81402
123456
81404
123456
81406
123456
81408
123456
81410
123456
81412
123456
81414
123456
81416
123456
81418
123456
81420
123456
81422
123456
81424
123456
81426
123456
81428
123456
81430
123456
81432
123456
81434
123456
81436
123456
81438
123456
81440
123456
81442
123456
81444
123456
81446
123456
81448
123456
81450
123456
81452
123456
81454
123456
81456
123456
81458
123456
81460
123456
81462
123456
81464
123456
81466
123456
81468
123456
81470
123456
81472
123456
81474
123456
81476
123456
81478
123456
81480
123456
81482
123456
81484
123456
81486
123456
81488
123456
81490
123456
81492
123456
81494
123456
81496
123456
81498
123456
81500
123456
81502
123456
81504
123456
81506
123456
81508
123456
81510
123456
81512
123456
81514
123456
81516
123456
81518
123456
81520
123456
81522
123456
81524
123456
81526
123456
81528
123456
81530
123456
81532
123456
81534
123456
81536
123456
81538
123456
81540
123456
81542
123456
81544
123456
81546
123456
81548
123456
81550
123456
81552
123456
81554
123456
81556
123456
81558
123456
81560
123456
81562
123456
81564
123456
81566
123456
81568
123456
81570
123456
81572
123456
81574
123456
81576
123456
81578
123456
81580
123456
81582
123456
81584
123456
81586
123456
81588
123456
81590
123456
81592
123456
81594
123456
81596
123456
81598
123456
81600
123456
81602
123456
81604
123456
81606
123456
81608
123456
81610
123456
81612
123456
81614
123456
81616
123456
81618
123456
81620
123456
81622
123456
81624
123456
81626
123456
81628
123456
81630
123456
81632
123456
81634
123456
81636
123456
81638
123456
81640
123456
81642
123456
81644
123456
81646
123456
81648
123456
81650
123456
81652
123456
81654
123456
81656
123456
81658
123456
81660
123456
81662
123456
81664
123456
81666
123456
81668
123456
81670
123456
81672
123456
81674
123456
81676
123456
81678
123456
81680
123456
81682
123456
81684
123456
81686
123456
81688
123456
81690
123456
81692
123456
81694
123456
81696
123456
81698
123456
81700
123456
81702
123456
81704
123456
81706
123456
81708
123456
81710
123456
81712
123456
81714
123456
81716
123456
81718
123456
81720
123456
81722
123456
81724
123456
81726
123456
81728
123456
81730
123456
81732
123456
81734
123456
81736
123456
81738
123456
81740
123456
81742
123456
81744
123456
81746
123456
81748
123456
81750
123456
81752
123456
81754
123456
81756
123456
81758
123456
81760
123456
81762
123456
81764
123456
81766
123456
81768
123456
81770
123456
81772
123456
81774
123456
81776
123456
81778
123456
81780
123456
81782
123456
81784
123456
81786
123456
81788
123456
81790
123456
81792
123456
81794
123456
81796
123456
81798
123456
81800
123456
81802
123456
81804
123456
81806
123456
81808
123456
81810
123456
81812
123456
81814
123456
81816
123456
81818
123456
81820
123456
81822
123456
81824
123456
81826
123456
81828
123456
81830
123456
81832
123456
81834
123456
81836
123456
81838
123456
81840
123456
81842
123456
81844
123456
81846
123456
81848
123456
81850
123456
81852
123456
81854
123456
81856
123456
81858
123456
81860
123456
81862
123456
81864
123456
81866
123456
81868
123456
81870
123456
81872
123456
81874
123456
81876
123456
81878
123456
81880
123456
81882
123456
81884
123456
81886
123456
81888
123456
81890
123456
81892
123456
81894
123456
81896
123456
81898
123456
81900
123456
81902
123456
81904
123456
81906
123456
81908
123456
81910
123456
81912
123456
81914
123456
81916
123456
81918
123456
81920
123456
81922
123456
81924
123456
81926
123456
81928
123456
81930
123456
81932
123456
81934
123456
81936
123456
81938
123456
81940
123456
81942
123456
81944
123456
81946
123456
81948
123456
81950
123456
81952
123456
81954
123456
81956
123456
81958
123456
81960
123456
81962
123456
81964
123456
81966
123456
81968
123456
81970
123456
81972
123456
81974
123456
81976
123456
81978
123456
81980
123456
81982
123456
81984
123456
81986
123456
81988
123456
81990
123456
81992
123456
81994
123456
81996
123456
81998
123456
82000
123456
82002
123456
82004
123456
82006
123456
82008
123456
82010
123456
82012
123456
82014
123456
82016
123456
82018
123456
82020
123456
82022
123456
82024
123456
82026
123456
82028
123456
82030
123456
82032
123456
82034
123456
82036
123456
82038
123456
82040
123456
82042
123456
82044
123456
82046
123456
82048
123456
82050
123456
82052
123456
82054
123456
82056
123456
82058
123456
82060
123456
82062
123456
82064
123456
82066
123456
82068
123456
82070
123456
82072
123456
82074
123456
82076
123456
82078
123456
82080
123456
82082
123456
82084
123456
82086
123456
82088
123456
82090
123456
82092
123456
82094
123456
82096
123456
82098
123456
82100
123456
82102
123456
82104
123456
82106
123456
82108
123456
82110
123456
82112
123456
82114
123456
82116
123456
82118
123456
82120
123456
82122
123456
82124
123456
82126
123456
82128
123456
82130
123456
82132
123456
82134
123456
82136
123456
82138
123456
82140
123456
82142
123456
82144
123456
82146
123456
82148
123456
82150
123456
82152
123456
82154
123456
82156
123456
82158
123456
82160
123456
82162
123456
82164
123456
82166
123456
82168
123456
82170
123456
82172
123456
82174
123456
82176
123456
82178
123456
82180
123456
82182
123456
82184
123456
82186
123456
82188
123456
82190
123456
82192
123456
82194
123456
82196
123456
82198
123456
82200
123456
82202
123456
82204
123456
82206
123456
82208
123456
82210
123456
82212
123456
82214
123456
82216
123456
82218
123456
82220
123456
82222
123456
82224
123456
82226
123456
82228
123456
82230
123456
82232
123456
82234
123456
82236
123456
82238
123456
82240
123456
82242
123456
82244
123456
82246
123456
82248
123456
82250
123456
82252
123456
82254
123456
82256
123456
82258
123456
82260
123456
82262
123456
82264
123456
82266
123456
82268
123456
82270
123456
82272
123456
82274
123456
82276
123456
82278
123456
82280
123456
82282
123456
82284
123456
82286
123456
82288
123456
82290
123456
82292
123456
82294
123456
82296
123456
82298
123456
82300
123456
82302
123456
82304
123456
82306
123456
82308
123456
82310
123456
82312
123456
82314
123456
82316
123456
82318
123456
82320
123456
82322
123456
82324
123456
82326
123456
82328
123456
82330
123456
82332
123456
82334
123456
82336
123456
82338
123456
82340
123456
82342
123456
82344
123456
82346
123456
82348
123456
82350
123456
82352
123456
82354
123456
82356
123456
82358
123456
82360
123456
82362
123456
82364
123456
82366
123456
82368
123456
82370
123456
82372
123456
82374
123456
82376
123456
82378
123456
82380
123456
82382
123456
82384
123456
82386
123456
82388
123456
82390
123456
82392
123456
82394
123456
82396
123456
82398
123456
82400
123456
82402
123456
82404
123456
82406
123456
82408
123456
82410
123456
82412
123456
82414
123456
82416
123456
82418
123456
82420
123456
82422
123456
82424
123456
82426
123456
82428
123456
82430
123456
82432
123456
82434
123456
82436
123456
82438
123456
82440
123456
82442
123456
82444
123456
82446
123456
82448
123456
82450
123456
82452
123456
82454
123456
82456
123456
82458
123456
82460
123456
82462
123456
82464
123456
82466
123456
82468
123456
82470
123456
82472
123456
82474
123456
82476
123456
82478
123456
82480
123456
82482
123456
82484
123456
82486
123456
82488
123456
82490
123456
82492
123456
82494
123456
82496
123456
82498
123456
82500
123456
82502
123456
82504
123456
82506
123456
82508
123456
82510
123456
82512
123456
82514
123456
82516
123456
82518
123456
82520
123456
82522
123456
82524
123456
82526
123456
82528
123456
82530
123456
82532
123456
82534
123456
82536
123456
82538
123456
82540
123456
82542
123456
82544
123456
82546
123456
82548
123456
82550
123456
82552
123456
82554
123456
82556
123456
82558
123456
82560
123456
82562
123456
82564
123456
82566
123456
82568
123456
82570
123456
82572
123456
82574
123456
82576
123456
82578
123456
82580
123456
82582
123456
82584
123456
82586
123456
82588
123456
82590
123456
82592
123456
82594
123456
82596
123456
82598
123456
82600
123456
82602
123456
82604
123456
82606
123456
82608
123456
82610
123456
82612
123456
82614
123456
82616
123456
82618
123456
82620
123456
82622
123456
82624
123456
82626
123456
82628
123456
82630
123456
82632
123456
82634
123456
82636
123456
82638
123456
82640
123456
82642
123456
82644
123456
82646
123456
82648
123456
82650
123456
82652
123456
82654
123456
82656
123456
82658
123456
82660
123456
82662
123456
82664
123456
82666
123456
82668
123456
82670
123456
82672
123456
82674
123456
82676
123456
82678
123456
82680
123456
82682
123456
82684
123456
82686
123456
82688
123456
82690
123456
82692
123456
82694
123456
82696
123456
82698
123456
82700
123456
82702
123456
82704
123456
82706
123456
82708
123456
82710
123456
82712
123456
82714
123456
82716
123456
82718
123456
82720
123456
82722
123456
82724
123456
82726
123456
82728
123456
82730
123456
82732
123456
82734
123456
82736
123456
82738
123456
82740
123456
82742
123456
82744
123456
82746
123456
82748
123456
82750
123456
82752
123456
82754
123456
82756
123456
82758
123456
82760
123456
82762
123456
82764
123456
82766
123456
82768
123456
82770
123456
82772
123456
82774
123456
82776
123456
82778
123456
82780
123456
82782
123456
82784
123456
82786
123456
82788
123456
82790
123456
82792
123456
82794
123456
82796
123456
82798
123456
82800
123456
82802
123456
82804
123456
82806
123456
82808
123456
82810
123456
82812
123456
82814
123456
82816
123456
82818
123456
82820
123456
82822
123456
82824
123456
82826
123456
82828
123456
82830
123456
82832
123456
82834
123456
82836
123456
82838
123456
82840
123456
82842
123456
82844
123456
82846
123456
82848
123456
82850
123456
82852
123456
82854
123456
82856
123456
82858
123456
82860
123456
82862
123456
82864
123456
82866
123456
82868
123456
82870
123456
82872
123456
82874
123456
82876
123456
82878
123456
82880
123456
82882
123456
82884
123456
82886
123456
82888
123456
82890
123456
82892
123456
82894
123456
82896
123456
82898
123456
82900
123456
82902
123456
82904
123456
82906
123456
82908
123456
82910
123456
82912
123456
82914
123456
82916
123456
82918
123456
82920
123456
82922
123456
82924
123456
82926
123456
82928
123456
82930
123456
82932
123456
82934
123456
82936
123456
82938
123456
82940
123456
82942
123456
82944
123456
82946
123456
82948
123456
82950
123456
82952
123456
82954
123456
82956
123456
82958
123456
82960
123456
82962
123456
82964
123456
82966
123456
82968
123456
82970
123456
82972
123456
82974
123456
82976
123456
82978
123456
82980
123456
82982
123456
82984
123456
82986
123456
82988
123456
82990
123456
82992
123456
82994
123456
82996
123456
82998
123456
83000
123456
83002
123456
83004
123456
83006
123456
83008
123456
83010
123456
83012
123456
83014
123456
83016
123456
83018
123456
83020
123456
83022
123456
83024
123456
83026
123456
83028
123456
83030
123456
83032
123456
83034
123456
83036
123456
83038
123456
83040
123456
83042
123456
83044
123456
83046
123456
83048
123456
83050
123456
83052
123456
83054
123456
83056
123456
83058
123456
83060
123456
83062
123456
83064
123456
83066
123456
83068
123456
83070
123456
83072
123456
83074
123456
83076
123456
83078
123456
83080
123456
83082
123456
83084
123456
83086
123456
83088
123456
83090
123456
83092
123456
83094
123456
83096
123456
83098
123456
83100
123456
83102
123456
83104
123456
83106
123456
83108
123456
83110
123456
83112
123456
83114
123456
83116
123456
83118
123456
83120
123456
83122
123456
83124
123456
83126
123456
83128
123456
83130
123456
83132
123456
83134
123456
83136
123456
83138
123456
83140
123456
83142
123456
83144
123456
83146
123456
83148
123456
83150
123456
83152
123456
83154
123456
83156
123456
83158
123456
83160
123456
83162
123456
83164
123456
83166
123456
83168
123456
83170
123456
83172
123456
83174
123456
83176
123456
83178
123456
83180
123456
83182
123456
83184
123456
83186
123456
83188
123456
83190
123456
83192
123456
83194
123456
83196
123456
83198
123456
83200
123456
83202
123456
83204
123456
83206
123456
83208
123456
83210
123456
83212
123456
83214
123456
83216
123456
83218
123456
83220
123456
83222
123456
83224
123456
83226
123456
83228
123456
83230
123456
83232
123456
83234
123456
83236
123456
83238
123456
83240
123456
83242
123456
83244
123456
83246
123456
83248
123456
83250
123456
83252
123456
83254
123456
83256
123456
83258
123456
83260
123456
83262
123456
83264
123456
83266
123456
83268
123456
83270
123456
83272
123456
83274
123456
83276
123456
83278
123456
83280
123456
83282
123456
83284
123456
83286
123456
83288
123456
83290
123456
83292
123456
83294
123456
83296
123456
83298
123456
83300
123456
83302
123456
83304
123456
83306
123456
83308
123456
83310
123456
83312
123456
83314
123456
83316
123456
83318
123456
83320
123456
83322
123456
83324
123456
83326
123456
83328
123456
83330
123456
83332
123456
83334
123456
83336
123456
83338
123456
83340
123456
83342
123456
83344
123456
83346
123456
83348
123456
83350
123456
83352
123456
83354
123456
83356
123456
83358
123456
83360
123456
83362
123456
83364
123456
83366
123456
83368
123456
83370
123456
83372
123456
83374
123456
83376
123456
83378
123456
83380
123456
83382
123456
83384
123456
83386
123456
83388
123456
83390
123456
83392
123456
83394
123456
83396
123456
83398
123456
83400
123456
83402
123456
83404
123456
83406
123456
83408
123456
83410
123456
83412
123456
83414
123456
83416
123456
83418
123456
83420
123456
83422
123456
83424
123456
83426
123456
83428
123456
83430
123456
83432
123456
83434
123456
83436
123456
83438
123456
83440
123456
83442
123456
83444
123456
83446
123456
83448
123456
83450
123456
83452
123456
83454
123456
83456
123456
83458
123456
83460
123456
83462
123456
83464
123456
83466
123456
83468
123456
83470
123456
83472
123456
83474
123456
83476
123456
83478
123456
83480
123456
83482
123456
83484
123456
83486
123456
83488
123456
83490
123456
83492
123456
83494
123456
83496
123456
83498
123456
83500
123456
83502
123456
83504
123456
83506
123456
83508
123456
83510
123456
83512
123456
83514
123456
83516
123456
83518
123456
83520
123456
83522
123456
83524
123456
83526
123456
83528
123456
83530
123456
83532
123456
83534
123456
83536
123456
83538
123456
83540
123456
83542
123456
83544
123456
83546
123456
83548
123456
83550
123456
83552
123456
83554
123456
83556
123456
83558
123456
83560
123456
83562
123456
83564
123456
83566
123456
83568
123456
83570
123456
83572
123456
83574
123456
83576
123456
83578
123456
83580
123456
83582
123456
83584
123456
83586
123456
83588
123456
83590
123456
83592
123456
83594
123456
83596
123456
83598
123456
83600
123456
83602
123456
83604
123456
83606
123456
83608
123456
83610
123456
83612
123456
83614
123456
83616
123456
83618
123456
83620
123456
83622
123456
83624
123456
83626
123456
83628
123456
83630
123456
83632
123456
83634
123456
83636
123456
83638
123456
83640
123456
83642
123456
83644
123456
83646
123456
83648
123456
83650
123456
83652
123456
83654
123456
83656
123456
83658
123456
83660
123456
83662
123456
83664
123456
83666
123456
83668
123456
83670
123456
83672
123456
83674
123456
83676
123456
83678
123456
83680
123456
83682
123456
83684
123456
83686
123456
83688
123456
83690
123456
83692
123456
83694
123456
83696
123456
83698
123456
83700
123456
83702
123456
83704
123456
83706
123456
83708
123456
83710
123456
83712
123456
83714
123456
83716
123456
83718
123456
83720
123456
83722
123456
83724
123456
83726
123456
83728
123456
83730
123456
83732
123456
83734
123456
83736
123456
83738
123456
83740
123456
83742
123456
83744
123456
83746
123456
83748
123456
83750
123456
83752
123456
83754
123456
83756
123456
83758
123456
83760
123456
83762
123456
83764
123456
83766
123456
83768
123456
83770
123456
83772
123456
83774
123456
83776
123456
83778
123456
83780
123456
83782
123456
83784
123456
83786
123456
83788
123456
83790
123456
83792
123456
83794
123456
83796
123456
83798
123456
83800
123456
83802
123456
83804
123456
83806
123456
83808
123456
83810
123456
83812
123456
83814
123456
83816
123456
83818
123456
83820
123456
83822
123456
83824
123456
83826
123456
83828
123456
83830
123456
83832
123456
83834
123456
83836
123456
83838
123456
83840
123456
83842
123456
83844
123456
83846
123456
83848
123456
83850
123456
83852
123456
83854
123456
83856
123456
83858
123456
83860
123456
83862
123456
83864
123456
83866
123456
83868
123456
83870
123456
83872
123456
83874
123456
83876
123456
83878
123456
83880
123456
83882
123456
83884
123456
83886
123456
83888
123456
83890
123456
83892
123456
83894
123456
83896
123456
83898
123456
83900
123456
83902
123456
83904
123456
83906
123456
83908
123456
83910
123456
83912
123456
83914
123456
83916
123456
83918
123456
83920
123456
83922
123456
83924
123456
83926
123456
83928
123456
83930
123456
83932
123456
83934
123456
83936
123456
83938
123456
83940
123456
83942
123456
83944
123456
83946
123456
83948
123456
83950
123456
83952
123456
83954
123456
83956
123456
83958
123456
83960
123456
83962
123456
83964
123456
83966
123456
83968
123456
83970
123456
83972
123456
83974
123456
83976
123456
83978
123456
83980
123456
83982
123456
83984
123456
83986
123456
83988
123456
83990
123456
83992
123456
83994
123456
83996
123456
83998
123456
84000
123456
84002
123456
84004
123456
84006
123456
84008
123456
84010
123456
84012
123456
84014
123456
84016
123456
84018
123456
84020
123456
84022
123456
84024
123456
84026
123456
84028
123456
84030
123456
84032
123456
84034
123456
84036
123456
84038
123456
84040
123456
84042
123456
84044
123456
84046
123456
84048
123456
84050
123456
84052
123456
84054
123456
84056
123456
84058
123456
84060
123456
84062
123456
84064
123456
84066
123456
84068
123456
84070
123456
84072
123456
84074
123456
84076
123456
84078
123456
84080
123456
84082
123456
84084
123456
84086
123456
84088
123456
84090
123456
84092
123456
84094
123456
84096
123456
84098
123456
84100
123456
84102
123456
84104
123456
84106
123456
84108
123456
84110
123456
84112
123456
84114
123456
84116
123456
84118
123456
84120
123456
84122
123456
84124
123456
84126
123456
84128
123456
84130
123456
84132
123456
84134
123456
84136
123456
84138
123456
84140
123456
84142
123456
84144
123456
84146
123456
84148
123456
84150
123456
84152
123456
84154
123456
84156
123456
84158
123456
84160
123456
84162
123456
84164
123456
84166
123456
84168
123456
84170
123456
84172
123456
84174
123456
84176
123456
84178
123456
84180
123456
84182
123456
84184
123456
84186
123456
84188
123456
84190
123456
84192
123456
84194
123456
84196
123456
84198
123456
84200
123456
84202
123456
84204
123456
84206
123456
84208
123456
84210
123456
84212
123456
84214
123456
84216
123456
84218
123456
84220
123456
84222
123456
84224
123456
84226
123456
84228
123456
84230
123456
84232
123456
84234
123456
84236
123456
84238
123456
84240
123456
84242
123456
84244
123456
84246
123456
84248
123456
84250
123456
84252
123456
84254
123456
84256
123456
84258
123456
84260
123456
84262
123456
84264
123456
84266
123456
84268
123456
84270
123456
84272
123456
84274
123456
84276
123456
84278
123456
84280
123456
84282
123456
84284
123456
84286
123456
84288
123456
84290
123456
84292
123456
84294
123456
84296
123456
84298
123456
84300
123456
84302
123456
84304
123456
84306
123456
84308
123456
84310
123456
84312
123456
84314
123456
84316
123456
84318
123456
84320
123456
84322
123456
84324
123456
84326
123456
84328
123456
84330
123456
84332
123456
84334
123456
84336
123456
84338
123456
84340
123456
84342
123456
84344
123456
84346
123456
84348
123456
84350
123456
84352
123456
84354
123456
84356
123456
84358
123456
84360
123456
84362
123456
84364
123456
84366
123456
84368
123456
84370
123456
84372
123456
84374
123456
84376
123456
84378
123456
84380
123456
84382
123456
84384
123456
84386
123456
84388
123456
84390
123456
84392
123456
84394
123456
84396
123456
84398
123456
84400
123456
84402
123456
84404
123456
84406
123456
84408
123456
84410
123456
84412
123456
84414
123456
84416
123456
84418
123456
84420
123456
84422
123456
84424
123456
84426
123456
84428
123456
84430
123456
84432
123456
84434
123456
84436
123456
84438
123456
84440
123456
84442
123456
84444
123456
84446
123456
84448
123456
84450
123456
84452
123456
84454
123456
84456
123456
84458
123456
84460
123456
84462
123456
84464
123456
84466
123456
84468
123456
84470
123456
84472
123456
84474
123456
84476
123456
84478
123456
84480
123456
84482
123456
84484
123456
84486
123456
84488
123456
84490
123456
84492
123456
84494
123456
84496
123456
84498
123456
84500
123456
84502
123456
84504
123456
84506
123456
84508
123456
84510
123456
84512
123456
84514
123456
84516
123456
84518
123456
84520
123456
84522
123456
84524
123456
84526
123456
84528
123456
84530
123456
84532
123456
84534
123456
84536
123456
84538
123456
84540
123456
84542
123456
84544
123456
84546
123456
84548
123456
84550
123456
84552
123456
84554
123456
84556
123456
84558
123456
84560
123456
84562
123456
84564
123456
84566
123456
84568
123456
84570
123456
84572
123456
84574
123456
84576
123456
84578
123456
84580
123456
84582
123456
84584
123456
84586
123456
84588
123456
84590
123456
84592
123456
84594
123456
84596
123456
84598
123456
84600
123456
84602
123456
84604
123456
84606
123456
84608
123456
84610
123456
84612
123456
84614
123456
84616
123456
84618
123456
84620
123456
84622
123456
84624
123456
84626
123456
84628
123456
84630
123456
84632
123456
84634
123456
84636
123456
84638
123456
84640
123456
84642
123456
84644
123456
84646
123456
84648
123456
84650
123456
84652
123456
84654
123456
84656
123456
84658
123456
84660
123456
84662
123456
84664
123456
84666
123456
84668
123456
84670
123456
84672
123456
84674
123456
84676
123456
84678
123456
84680
123456
84682
123456
84684
123456
84686
123456
84688
123456
84690
123456
84692
123456
84694
123456
84696
123456
84698
123456
84700
123456
84702
123456
84704
123456
84706
123456
84708
123456
84710
123456
84712
123456
84714
123456
84716
123456
84718
123456
84720
123456
84722
123456
84724
123456
84726
123456
84728
123456
84730
123456
84732
123456
84734
123456
84736
123456
84738
123456
84740
123456
84742
123456
84744
123456
84746
123456
84748
123456
84750
123456
84752
123456
84754
123456
84756
123456
84758
123456
84760
123456
84762
123456
84764
123456
84766
123456
84768
123456
84770
123456
84772
123456
84774
123456
84776
123456
84778
123456
84780
123456
84782
123456
84784
123456
84786
123456
84788
123456
84790
123456
84792
123456
84794
123456
84796
123456
84798
123456
84800
123456
84802
123456
84804
123456
84806
123456
84808
123456
84810
123456
84812
123456
84814
123456
84816
123456
84818
123456
84820
123456
84822
123456
84824
123456
84826
123456
84828
123456
84830
123456
84832
123456
84834
123456
84836
123456
84838
123456
84840
123456
84842
123456
84844
123456
84846
123456
84848
123456
84850
123456
84852
123456
84854
123456
84856
123456
84858
123456
84860
123456
84862
123456
84864
123456
84866
123456
84868
123456
84870
123456
84872
123456
84874
123456
84876
123456
84878
123456
84880
123456
84882
123456
84884
123456
84886
123456
84888
123456
84890
123456
84892
123456
84894
123456
84896
123456
84898
123456
84900
123456
84902
123456
84904
123456
84906
123456
84908
123456
84910
123456
84912
123456
84914
123456
84916
123456
84918
123456
84920
123456
84922
123456
84924
123456
84926
123456
84928
123456
84930
123456
84932
123456
84934
123456
84936
123456
84938
123456
84940
123456
84942
123456
84944
123456
84946
123456
84948
123456
84950
123456
84952
123456
84954
123456
84956
123456
84958
123456
84960
123456
84962
123456
84964
123456
84966
123456
84968
123456
84970
123456
84972
123456
84974
123456
84976
123456
84978
123456
84980
123456
84982
123456
84984
123456
84986
123456
84988
123456
84990
123456
84992
123456
84994
123456
84996
123456
84998
123456
85000
123456
85002
123456
85004
123456
85006
123456
85008
123456
85010
123456
85012
123456
85014
123456
85016
123456
85018
123456
85020
123456
85022
123456
85024
123456
85026
123456
85028
123456
85030
123456
85032
123456
85034
123456
85036
123456
85038
123456
85040
123456
85042
123456
85044
123456
85046
123456
85048
123456
85050
123456
85052
123456
85054
123456
85056
123456
85058
123456
85060
123456
85062
123456
85064
123456
85066
123456
85068
123456
85070
123456
85072
123456
85074
123456
85076
123456
85078
123456
85080
123456
85082
123456
85084
123456
85086
123456
85088
123456
85090
123456
85092
123456
85094
123456
85096
123456
85098
123456
85100
123456
85102
123456
85104
123456
85106
123456
85108
123456
85110
123456
85112
123456
85114
123456
85116
123456
85118
123456
85120
123456
85122
123456
85124
123456
85126
123456
85128
123456
85130
123456
85132
123456
85134
123456
85136
123456
85138
123456
85140
123456
85142
123456
85144
123456
85146
123456
85148
123456
85150
123456
85152
123456
85154
123456
85156
123456
85158
123456
85160
123456
85162
123456
85164
123456
85166
123456
85168
123456
85170
123456
85172
123456
85174
123456
85176
123456
85178
123456
85180
123456
85182
123456
85184
123456
85186
123456
85188
123456
85190
123456
85192
123456
85194
123456
85196
123456
85198
123456
85200
123456
85202
123456
85204
123456
85206
123456
85208
123456
85210
123456
85212
123456
85214
123456
85216
123456
85218
123456
85220
123456
85222
123456
85224
123456
85226
123456
85228
123456
85230
123456
85232
123456
85234
123456
85236
123456
85238
123456
85240
123456
85242
123456
85244
123456
85246
123456
85248
123456
85250
123456
85252
123456
85254
123456
85256
123456
85258
123456
85260
123456
85262
123456
85264
123456
85266
123456
85268
123456
85270
123456
85272
123456
85274
123456
85276
123456
85278
123456
85280
123456
85282
123456
85284
123456
85286
123456
85288
123456
85290
123456
85292
123456
85294
123456
85296
123456
85298
123456
85300
123456
85302
123456
85304
123456
85306
123456
85308
123456
85310
123456
85312
123456
85314
123456
85316
123456
85318
123456
85320
123456
85322
123456
85324
123456
85326
123456
85328
123456
85330
123456
85332
123456
85334
123456
85336
123456
85338
123456
85340
123456
85342
123456
85344
123456
85346
123456
85348
123456
85350
123456
85352
123456
85354
123456
85356
123456
85358
123456
85360
123456
85362
123456
85364
123456
85366
123456
85368
123456
85370
123456
85372
123456
85374
123456
85376
123456
85378
123456
85380
123456
85382
123456
85384
123456
85386
123456
85388
123456
85390
123456
85392
123456
85394
123456
85396
123456
85398
123456
85400
123456
85402
123456
85404
123456
85406
123456
85408
123456
85410
123456
85412
123456
85414
123456
85416
123456
85418
123456
85420
123456
85422
123456
85424
123456
85426
123456
85428
123456
85430
123456
85432
123456
85434
123456
85436
123456
85438
123456
85440
123456
85442
123456
85444
123456
85446
123456
85448
123456
85450
123456
85452
123456
85454
123456
85456
123456
85458
123456
85460
123456
85462
123456
85464
123456
85466
123456
85468
123456
85470
123456
85472
123456
85474
123456
85476
123456
85478
123456
85480
123456
85482
123456
85484
123456
85486
123456
85488
123456
85490
123456
85492
123456
85494
123456
85496
123456
85498
123456
85500
123456
85502
123456
85504
123456
85506
123456
85508
123456
85510
123456
85512
123456
85514
123456
85516
123456
85518
123456
85520
123456
85522
123456
85524
123456
85526
123456
85528
123456
85530
123456
85532
123456
85534
123456
85536
123456
85538
123456
85540
123456
85542
123456
85544
123456
85546
123456
85548
123456
85550
123456
85552
123456
85554
123456
85556
123456
85558
123456
85560
123456
85562
123456
85564
123456
85566
123456
85568
123456
85570
123456
85572
123456
85574
123456
85576
123456
85578
123456
85580
123456
85582
123456
85584
123456
85586
123456
85588
123456
85590
123456
85592
123456
85594
123456
85596
123456
85598
123456
85600
123456
85602
123456
85604
123456
85606
123456
85608
123456
85610
123456
85612
123456
85614
123456
85616
123456
85618
123456
85620
123456
85622
123456
85624
123456
85626
123456
85628
123456
85630
123456
85632
123456
85634
123456
85636
123456
85638
123456
85640
123456
85642
123456
85644
123456
85646
123456
85648
123456
85650
123456
85652
123456
85654
123456
85656
123456
85658
123456
85660
123456
85662
123456
85664
123456
85666
123456
85668
123456
85670
123456
85672
123456
85674
123456
85676
123456
85678
123456
85680
123456
85682
123456
85684
123456
85686
123456
85688
123456
85690
123456
85692
123456
85694
123456
85696
123456
85698
123456
85700
123456
85702
123456
85704
123456
85706
123456
85708
123456
85710
123456
85712
123456
85714
123456
85716
123456
85718
123456
85720
123456
85722
123456
85724
123456
85726
123456
85728
123456
85730
123456
85732
123456
85734
123456
85736
123456
85738
123456
85740
123456
85742
123456
85744
123456
85746
123456
85748
123456
85750
123456
85752
123456
85754
123456
85756
123456
85758
123456
85760
123456
85762
123456
85764
123456
85766
123456
85768
123456
85770
123456
85772
123456
85774
123456
85776
123456
85778
123456
85780
123456
85782
123456
85784
123456
85786
123456
85788
123456
85790
123456
85792
123456
85794
123456
85796
123456
85798
123456
85800
123456
85802
123456
85804
123456
85806
123456
85808
123456
85810
123456
85812
123456
85814
123456
85816
123456
85818
123456
85820
123456
85822
123456
85824
123456
85826
123456
85828
123456
85830
123456
85832
123456
85834
123456
85836
123456
85838
123456
85840
123456
85842
123456
85844
123456
85846
123456
85848
123456
85850
123456
85852
123456
85854
123456
85856
123456
85858
123456
85860
123456
85862
123456
85864
123456
85866
123456
85868
123456
85870
123456
85872
123456
85874
123456
85876
123456
85878
123456
85880
123456
85882
123456
85884
123456
85886
123456
85888
123456
85890
123456
85892
123456
85894
123456
85896
123456
85898
123456
85900
123456
85902
123456
85904
123456
85906
123456
85908
123456
85910
123456
85912
123456
85914
123456
85916
123456
85918
123456
85920
123456
85922
123456
85924
123456
85926
123456
85928
123456
85930
123456
85932
123456
85934
123456
85936
123456
85938
123456
85940
123456
85942
123456
85944
123456
85946
123456
85948
123456
85950
123456
85952
123456
85954
123456
85956
123456
85958
123456
85960
123456
85962
123456
85964
123456
85966
123456
85968
123456
85970
123456
85972
123456
85974
123456
85976
123456
85978
123456
85980
123456
85982
123456
85984
123456
85986
123456
85988
123456
85990
123456
85992
123456
85994
123456
85996
123456
85998
123456
86000
123456
86002
123456
86004
123456
86006
123456
86008
123456
86010
123456
86012
123456
86014
123456
86016
123456
86018
123456
86020
123456
86022
123456
86024
123456
86026
123456
86028
123456
86030
123456
86032
123456
86034
123456
86036
123456
86038
123456
86040
123456
86042
123456
86044
123456
86046
123456
86048
123456
86050
123456
86052
123456
86054
123456
86056
123456
86058
123456
86060
123456
86062
123456
86064
123456
86066
123456
86068
123456
86070
123456
86072
123456
86074
123456
86076
123456
86078
123456
86080
123456
86082
123456
86084
123456
86086
123456
86088
123456
86090
123456
86092
123456
86094
123456
86096
123456
86098
123456
86100
123456
86102
123456
86104
123456
86106
123456
86108
123456
86110
123456
86112
123456
86114
123456
86116
123456
86118
123456
86120
123456
86122
123456
86124
123456
86126
123456
86128
123456
86130
123456
86132
123456
86134
123456
86136
123456
86138
123456
86140
123456
86142
123456
86144
123456
86146
123456
86148
123456
86150
123456
86152
123456
86154
123456
86156
123456
86158
123456
86160
123456
86162
123456
86164
123456
86166
123456
86168
123456
86170
123456
86172
123456
86174
123456
86176
123456
86178
123456
86180
123456
86182
123456
86184
123456
86186
123456
86188
123456
86190
123456
86192
123456
86194
123456
86196
123456
86198
123456
86200
123456
86202
123456
86204
123456
86206
123456
86208
123456
86210
123456
86212
123456
86214
123456
86216
123456
86218
123456
86220
123456
86222
123456
86224
123456
86226
123456
86228
123456
86230
123456
86232
123456
86234
123456
86236
123456
86238
123456
86240
123456
86242
123456
86244
123456
86246
123456
86248
123456
86250
123456
86252
123456
86254
123456
86256
123456
86258
123456
86260
123456
86262
123456
86264
123456
86266
123456
86268
123456
86270
123456
86272
123456
86274
123456
86276
123456
86278
123456
86280
123456
86282
123456
86284
123456
86286
123456
86288
123456
86290
123456
86292
123456
86294
123456
86296
123456
86298
123456
86300
123456
86302
123456
86304
123456
86306
123456
86308
123456
86310
123456
86312
123456
86314
123456
86316
123456
86318
123456
86320
123456
86322
123456
86324
123456
86326
123456
86328
123456
86330
123456
86332
123456
86334
123456
86336
123456
86338
123456
86340
123456
86342
123456
86344
123456
86346
123456
86348
123456
86350
123456
86352
123456
86354
123456
86356
123456
86358
123456
86360
123456
86362
123456
86364
123456
86366
123456
86368
123456
86370
123456
86372
123456
86374
123456
86376
123456
86378
123456
86380
123456
86382
123456
86384
123456
86386
123456
86388
123456
86390
123456
86392
123456
86394
123456
86396
123456
86398
123456
86400
123456
86402
123456
86404
123456
86406
123456
86408
123456
86410
123456
86412
123456
86414
123456
86416
123456
86418
123456
86420
123456
86422
123456
86424
123456
86426
123456
86428
123456
86430
123456
86432
123456
86434
123456
86436
123456
86438
123456
86440
123456
86442
123456
86444
123456
86446
123456
86448
123456
86450
123456
86452
123456
86454
123456
86456
123456
86458
123456
86460
123456
86462
123456
86464
123456
86466
123456
86468
123456
86470
123456
86472
123456
86474
123456
86476
123456
86478
123456
86480
123456
86482
123456
86484
123456
86486
123456
86488
123456
86490
123456
86492
123456
86494
123456
86496
123456
86498
123456
86500
123456
86502
123456
86504
123456
86506
123456
86508
123456
86510
123456
86512
123456
86514
123456
86516
123456
86518
123456
86520
123456
86522
123456
86524
123456
86526
123456
86528
123456
86530
123456
86532
123456
86534
123456
86536
123456
86538
123456
86540
123456
86542
123456
86544
123456
86546
123456
86548
123456
86550
123456
86552
123456
86554
123456
86556
123456
86558
123456
86560
123456
86562
123456
86564
123456
86566
123456
86568
123456
86570
123456
86572
123456
86574
123456
86576
123456
86578
123456
86580
123456
86582
123456
86584
123456
86586
123456
86588
123456
86590
123456
86592
123456
86594
123456
86596
123456
86598
123456
86600
123456
86602
123456
86604
123456
86606
123456
86608
123456
86610
123456
86612
123456
86614
123456
86616
123456
86618
123456
86620
123456
86622
123456
86624
123456
86626
123456
86628
123456
86630
123456
86632
123456
86634
123456
86636
123456
86638
123456
86640
123456
86642
123456
86644
123456
86646
123456
86648
123456
86650
123456
86652
123456
86654
123456
86656
123456
86658
123456
86660
123456
86662
123456
86664
123456
86666
123456
86668
123456
86670
123456
86672
123456
86674
123456
86676
123456
86678
123456
86680
123456
86682
123456
86684
123456
86686
123456
86688
123456
86690
123456
86692
123456
86694
123456
86696
123456
86698
123456
86700
123456
86702
123456
86704
123456
86706
123456
86708
123456
86710
123456
86712
123456
86714
123456
86716
123456
86718
123456
86720
123456
86722
123456
86724
123456
86726
123456
86728
123456
86730
123456
86732
123456
86734
123456
86736
123456
86738
123456
86740
123456
86742
123456
86744
123456
86746
123456
86748
123456
86750
123456
86752
123456
86754
123456
86756
123456
86758
123456
86760
123456
86762
123456
86764
123456
86766
123456
86768
123456
86770
123456
86772
123456
86774
123456
86776
123456
86778
123456
86780
123456
86782
123456
86784
123456
86786
123456
86788
123456
86790
123456
86792
123456
86794
123456
86796
123456
86798
123456
86800
123456
86802
123456
86804
123456
86806
123456
86808
123456
86810
123456
86812
123456
86814
123456
86816
123456
86818
123456
86820
123456
86822
123456
86824
123456
86826
123456
86828
123456
86830
123456
86832
123456
86834
123456
86836
123456
86838
123456
86840
123456
86842
123456
86844
123456
86846
123456
86848
123456
86850
123456
86852
123456
86854
123456
86856
123456
86858
123456
86860
123456
86862
123456
86864
123456
86866
123456
86868
123456
86870
123456
86872
123456
86874
123456
86876
123456
86878
123456
86880
123456
86882
123456
86884
123456
86886
123456
86888
123456
86890
123456
86892
123456
86894
123456
86896
123456
86898
123456
86900
123456
86902
123456
86904
123456
86906
123456
86908
123456
86910
123456
86912
123456
86914
123456
86916
123456
86918
123456
86920
123456
86922
123456
86924
123456
86926
123456
86928
123456
86930
123456
86932
123456
86934
123456
86936
123456
86938
123456
86940
123456
86942
123456
86944
123456
86946
123456
86948
123456
86950
123456
86952
123456
86954
123456
86956
123456
86958
123456
86960
123456
86962
123456
86964
123456
86966
123456
86968
123456
86970
123456
86972
123456
86974
123456
86976
123456
86978
123456
86980
123456
86982
123456
86984
123456
86986
123456
86988
123456
86990
123456
86992
123456
86994
123456
86996
123456
86998
123456
87000
123456
87002
123456
87004
123456
87006
123456
87008
123456
87010
123456
87012
123456
87014
123456
87016
123456
87018
123456
87020
123456
87022
123456
87024
123456
87026
123456
87028
123456
87030
123456
87032
123456
87034
123456
87036
123456
87038
123456
87040
123456
87042
123456
87044
123456
87046
123456
87048
123456
87050
123456
87052
123456
87054
123456
87056
123456
87058
123456
87060
123456
87062
123456
87064
123456
87066
123456
87068
123456
87070
123456
87072
123456
87074
123456
87076
123456
87078
123456
87080
123456
87082
123456
87084
123456
87086
123456
87088
123456
87090
123456
87092
123456
87094
123456
87096
123456
87098
123456
87100
123456
87102
123456
87104
123456
87106
123456
87108
123456
87110
123456
87112
123456
87114
123456
87116
123456
87118
123456
87120
123456
87122
123456
87124
123456
87126
123456
87128
123456
87130
123456
87132
123456
87134
123456
87136
123456
87138
123456
87140
123456
87142
123456
87144
123456
87146
123456
87148
123456
87150
123456
87152
123456
87154
123456
87156
123456
87158
123456
87160
123456
87162
123456
87164
123456
87166
123456
87168
123456
87170
123456
87172
123456
87174
123456
87176
123456
87178
123456
87180
123456
87182
123456
87184
123456
87186
123456
87188
123456
87190
123456
87192
123456
87194
123456
87196
123456
87198
123456
87200
123456
87202
123456
87204
123456
87206
123456
87208
123456
87210
123456
87212
123456
87214
123456
87216
123456
87218
123456
87220
123456
87222
123456
87224
123456
87226
123456
87228
123456
87230
123456
87232
123456
87234
123456
87236
123456
87238
123456
87240
123456
87242
123456
87244
123456
87246
123456
87248
123456
87250
123456
87252
123456
87254
123456
87256
123456
87258
123456
87260
123456
87262
123456
87264
123456
87266
123456
87268
123456
87270
123456
87272
123456
87274
123456
87276
123456
87278
123456
87280
123456
87282
123456
87284
123456
87286
123456
87288
123456
87290
123456
87292
123456
87294
123456
87296
123456
87298
123456
87300
123456
87302
123456
87304
123456
87306
123456
87308
123456
87310
123456
87312
123456
87314
123456
87316
123456
87318
123456
87320
123456
87322
123456
87324
123456
87326
123456
87328
123456
87330
123456
87332
123456
87334
123456
87336
123456
87338
123456
87340
123456
87342
123456
87344
123456
87346
123456
87348
123456
87350
123456
87352
123456
87354
123456
87356
123456
87358
123456
87360
123456
87362
123456
87364
123456
87366
123456
87368
123456
87370
123456
87372
123456
87374
123456
87376
123456
87378
123456
87380
123456
87382
123456
87384
123456
87386
123456
87388
123456
87390
123456
87392
123456
87394
123456
87396
123456
87398
123456
87400
123456
87402
123456
87404
123456
87406
123456
87408
123456
87410
123456
87412
123456
87414
123456
87416
123456
87418
123456
87420
123456
87422
123456
87424
123456
87426
123456
87428
123456
87430
123456
87432
123456
87434
123456
87436
123456
87438
123456
87440
123456
87442
123456
87444
123456
87446
123456
87448
123456
87450
123456
87452
123456
87454
123456
87456
123456
87458
123456
87460
123456
87462
123456
87464
123456
87466
123456
87468
123456
87470
123456
87472
123456
87474
123456
87476
123456
87478
123456
87480
123456
87482
123456
87484
123456
87486
123456
87488
123456
87490
123456
87492
123456
87494
123456
87496
123456
87498
123456
87500
123456
87502
123456
87504
123456
87506
123456
87508
123456
87510
123456
87512
123456
87514
123456
87516
123456
87518
123456
87520
123456
87522
123456
87524
123456
87526
123456
87528
123456
87530
123456
87532
123456
87534
123456
87536
123456
87538
123456
87540
123456
87542
123456
87544
123456
87546
123456
87548
123456
87550
123456
87552
123456
87554
123456
87556
123456
87558
123456
87560
123456
87562
123456
87564
123456
87566
123456
87568
123456
87570
123456
87572
123456
87574
123456
87576
123456
87578
123456
87580
123456
87582
123456
87584
123456
87586
123456
87588
123456
87590
123456
87592
123456
87594
123456
87596
123456
87598
123456
87600
123456
87602
123456
87604
123456
87606
123456
87608
123456
87610
123456
87612
123456
87614
123456
87616
123456
87618
123456
87620
123456
87622
123456
87624
123456
87626
123456
87628
123456
87630
123456
87632
123456
87634
123456
87636
123456
87638
123456
87640
123456
87642
123456
87644
123456
87646
123456
87648
123456
87650
123456
87652
123456
87654
123456
87656
123456
87658
123456
87660
123456
87662
123456
87664
123456
87666
123456
87668
123456
87670
123456
87672
123456
87674
123456
87676
123456
87678
123456
87680
123456
87682
123456
87684
123456
87686
123456
87688
123456
87690
123456
87692
123456
87694
123456
87696
123456
87698
123456
87700
123456
87702
123456
87704
123456
87706
123456
87708
123456
87710
123456
87712
123456
87714
123456
87716
123456
87718
123456
87720
123456
87722
123456
87724
123456
87726
123456
87728
123456
87730
123456
87732
123456
87734
123456
87736
123456
87738
123456
87740
123456
87742
123456
87744
123456
87746
123456
87748
123456
87750
123456
87752
123456
87754
123456
87756
123456
87758
123456
87760
123456
87762
123456
87764
123456
87766
123456
87768
123456
87770
123456
87772
123456
87774
123456
87776
123456
87778
123456
87780
123456
87782
123456
87784
123456
87786
123456
87788
123456
87790
123456
87792
123456
87794
123456
87796
123456
87798
123456
87800
123456
87802
123456
87804
123456
87806
123456
87808
123456
87810
123456
87812
123456
87814
123456
87816
123456
87818
123456
87820
123456
87822
123456
87824
123456
87826
123456
87828
123456
87830
123456
87832
123456
87834
123456
87836
123456
87838
123456
87840
123456
87842
123456
87844
123456
87846
123456
87848
123456
87850
123456
87852
123456
87854
123456
87856
123456
87858
123456
87860
123456
87862
123456
87864
123456
87866
123456
87868
123456
87870
123456
87872
123456
87874
123456
87876
123456
87878
123456
87880
123456
87882
123456
87884
123456
87886
123456
87888
123456
87890
123456
87892
123456
87894
123456
87896
123456
87898
123456
87900
123456
87902
123456
87904
123456
87906
123456
87908
123456
87910
123456
87912
123456
87914
123456
87916
123456
87918
123456
87920
123456
87922
123456
87924
123456
87926
123456
87928
123456
87930
123456
87932
123456
87934
123456
87936
123456
87938
123456
87940
123456
87942
123456
87944
123456
87946
123456
87948
123456
87950
123456
87952
123456
87954
123456
87956
123456
87958
123456
87960
123456
87962
123456
87964
123456
87966
123456
87968
123456
87970
123456
87972
123456
87974
123456
87976
123456
87978
123456
87980
123456
87982
123456
87984
123456
87986
123456
87988
123456
87990
123456
87992
123456
87994
123456
87996
123456
87998
123456
88000
123456
88002
123456
88004
123456
88006
123456
88008
123456
88010
123456
88012
123456
88014
123456
88016
123456
88018
123456
88020
123456
88022
123456
88024
123456
88026
123456
88028
123456
88030
123456
88032
123456
88034
123456
88036
123456
88038
123456
88040
123456
88042
123456
88044
123456
88046
123456
88048
123456
88050
123456
88052
123456
88054
123456
88056
123456
88058
123456
88060
123456
88062
123456
88064
123456
88066
123456
88068
123456
88070
123456
88072
123456
88074
123456
88076
123456
88078
123456
88080
123456
88082
123456
88084
123456
88086
123456
88088
123456
88090
123456
88092
123456
88094
123456
88096
123456
88098
123456
88100
123456
88102
123456
88104
123456
88106
123456
88108
123456
88110
123456
88112
123456
88114
123456
88116
123456
88118
123456
88120
123456
88122
123456
88124
123456
88126
123456
88128
123456
88130
123456
88132
123456
88134
123456
88136
123456
88138
123456
88140
123456
88142
123456
88144
123456
88146
123456
88148
123456
88150
123456
88152
123456
88154
123456
88156
123456
88158
123456
88160
123456
88162
123456
88164
123456
88166
123456
88168
123456
88170
123456
88172
123456
88174
123456
88176
123456
88178
123456
88180
123456
88182
123456
88184
123456
88186
123456
88188
123456
88190
123456
88192
123456
88194
123456
88196
123456
88198
123456
88200
123456
88202
123456
88204
123456
88206
123456
88208
123456
88210
123456
88212
123456
88214
123456
88216
123456
88218
123456
88220
123456
88222
123456
88224
123456
88226
123456
88228
123456
88230
123456
88232
123456
88234
123456
88236
123456
88238
123456
88240
123456
88242
123456
88244
123456
88246
123456
88248
123456
88250
123456
88252
123456
88254
123456
88256
123456
88258
123456
88260
123456
88262
123456
88264
123456
88266
123456
88268
123456
88270
123456
88272
123456
88274
123456
88276
123456
88278
123456
88280
123456
88282
123456
88284
123456
88286
123456
88288
123456
88290
123456
88292
123456
88294
123456
88296
123456
88298
123456
88300
123456
88302
123456
88304
123456
88306
123456
88308
123456
88310
123456
88312
123456
88314
123456
88316
123456
88318
123456
88320
123456
88322
123456
88324
123456
88326
123456
88328
123456
88330
123456
88332
123456
88334
123456
88336
123456
88338
123456
88340
123456
88342
123456
88344
123456
88346
123456
88348
123456
88350
123456
88352
123456
88354
123456
88356
123456
88358
123456
88360
123456
88362
123456
88364
123456
88366
123456
88368
123456
88370
123456
88372
123456
88374
123456
88376
123456
88378
123456
88380
123456
88382
123456
88384
123456
88386
123456
88388
123456
88390
123456
88392
123456
88394
123456
88396
123456
88398
123456
88400
123456
88402
123456
88404
123456
88406
123456
88408
123456
88410
123456
88412
123456
88414
123456
88416
123456
88418
123456
88420
123456
88422
123456
88424
123456
88426
123456
88428
123456
88430
123456
88432
123456
88434
123456
88436
123456
88438
123456
88440
123456
88442
123456
88444
123456
88446
123456
88448
123456
88450
123456
88452
123456
88454
123456
88456
123456
88458
123456
88460
123456
88462
123456
88464
123456
88466
123456
88468
123456
88470
123456
88472
123456
88474
123456
88476
123456
88478
123456
88480
123456
88482
123456
88484
123456
88486
123456
88488
123456
88490
123456
88492
123456
88494
123456
88496
123456
88498
123456
88500
123456
88502
123456
88504
123456
88506
123456
88508
123456
88510
123456
88512
123456
88514
123456
88516
123456
88518
123456
88520
123456
88522
123456
88524
123456
88526
123456
88528
123456
88530
123456
88532
123456
88534
123456
88536
123456
88538
123456
88540
123456
88542
123456
88544
123456
88546
123456
88548
123456
88550
123456
88552
123456
88554
123456
88556
123456
88558
123456
88560
123456
88562
123456
88564
123456
88566
123456
88568
123456
88570
123456
88572
123456
88574
123456
88576
123456
88578
123456
88580
123456
88582
123456
88584
123456
88586
123456
88588
123456
88590
123456
88592
123456
88594
123456
88596
123456
88598
123456
88600
123456
88602
123456
88604
123456
88606
123456
88608
123456
88610
123456
88612
123456
88614
123456
88616
123456
88618
123456
88620
123456
88622
123456
88624
123456
88626
123456
88628
123456
88630
123456
88632
123456
88634
123456
88636
123456
88638
123456
88640
123456
88642
123456
88644
123456
88646
123456
88648
123456
88650
123456
88652
123456
88654
123456
88656
123456
88658
123456
88660
123456
88662
123456
88664
123456
88666
123456
88668
123456
88670
123456
88672
123456
88674
123456
88676
123456
88678
123456
88680
123456
88682
123456
88684
123456
88686
123456
88688
123456
88690
123456
88692
123456
88694
123456
88696
123456
88698
123456
88700
123456
88702
123456
88704
123456
88706
123456
88708
123456
88710
123456
88712
123456
88714
123456
88716
123456
88718
123456
88720
123456
88722
123456
88724
123456
88726
123456
88728
123456
88730
123456
88732
123456
88734
123456
88736
123456
88738
123456
88740
123456
88742
123456
88744
123456
88746
123456
88748
123456
88750
123456
88752
123456
88754
123456
88756
123456
88758
123456
88760
123456
88762
123456
88764
123456
88766
123456
88768
123456
88770
123456
88772
123456
88774
123456
88776
123456
88778
123456
88780
123456
88782
123456
88784
123456
88786
123456
88788
123456
88790
123456
88792
123456
88794
123456
88796
123456
88798
123456
88800
123456
88802
123456
88804
123456
88806
123456
88808
123456
88810
123456
88812
123456
88814
123456
88816
123456
88818
123456
88820
123456
88822
123456
88824
123456
88826
123456
88828
123456
88830
123456
88832
123456
88834
123456
88836
123456
88838
123456
88840
123456
88842
123456
88844
123456
88846
123456
88848
123456
88850
123456
88852
123456
88854
123456
88856
123456
88858
123456
88860
123456
88862
123456
88864
123456
88866
123456
88868
123456
88870
123456
88872
123456
88874
123456
88876
123456
88878
123456
88880
123456
88882
123456
88884
123456
88886
123456
88888
123456
88890
123456
88892
123456
88894
123456
88896
123456
88898
123456
88900
123456
88902
123456
88904
123456
88906
123456
88908
123456
88910
123456
88912
123456
88914
123456
88916
123456
88918
123456
88920
123456
88922
123456
88924
123456
88926
123456
88928
123456
88930
123456
88932
123456
88934
123456
88936
123456
88938
123456
88940
123456
88942
123456
88944
123456
88946
123456
88948
123456
88950
123456
88952
123456
88954
123456
88956
123456
88958
123456
88960
123456
88962
123456
88964
123456
88966
123456
88968
123456
88970
123456
88972
123456
88974
123456
88976
123456
88978
123456
88980
123456
88982
123456
88984
123456
88986
123456
88988
123456
88990
123456
88992
123456
88994
123456
88996
123456
88998
123456
89000
123456
89002
123456
89004
123456
89006
123456
89008
123456
89010
123456
89012
123456
89014
123456
89016
123456
89018
123456
89020
123456
89022
123456
89024
123456
89026
123456
89028
123456
89030
123456
89032
123456
89034
123456
89036
123456
89038
123456
89040
123456
89042
123456
89044
123456
89046
123456
89048
123456
89050
123456
89052
123456
89054
123456
89056
123456
89058
123456
89060
123456
89062
123456
89064
123456
89066
123456
89068
123456
89070
123456
89072
123456
89074
123456
89076
123456
89078
123456
89080
123456
89082
123456
89084
123456
89086
123456
89088
123456
89090
123456
89092
123456
89094
123456
89096
123456
89098
123456
89100
123456
89102
123456
89104
123456
89106
123456
89108
123456
89110
123456
89112
123456
89114
123456
89116
123456
89118
123456
89120
123456
89122
123456
89124
123456
89126
123456
89128
123456
89130
123456
89132
123456
89134
123456
89136
123456
89138
123456
89140
123456
89142
123456
89144
123456
89146
123456
89148
123456
89150
123456
89152
123456
89154
123456
89156
123456
89158
123456
89160
123456
89162
123456
89164
123456
89166
123456
89168
123456
89170
123456
89172
123456
89174
123456
89176
123456
89178
123456
89180
123456
89182
123456
89184
123456
89186
123456
89188
123456
89190
123456
89192
123456
89194
123456
89196
123456
89198
123456
89200
123456
89202
123456
89204
123456
89206
123456
89208
123456
89210
123456
89212
123456
89214
123456
89216
123456
89218
123456
89220
123456
89222
123456
89224
123456
89226
123456
89228
123456
89230
123456
89232
123456
89234
123456
89236
123456
89238
123456
89240
123456
89242
123456
89244
123456
89246
123456
89248
123456
89250
123456
89252
123456
89254
123456
89256
123456
89258
123456
89260
123456
89262
123456
89264
123456
89266
123456
89268
123456
89270
123456
89272
123456
89274
123456
89276
123456
89278
123456
89280
123456
89282
123456
89284
123456
89286
123456
89288
123456
89290
123456
89292
123456
89294
123456
89296
123456
89298
123456
89300
123456
89302
123456
89304
123456
89306
123456
89308
123456
89310
123456
89312
123456
89314
123456
89316
123456
89318
123456
89320
123456
89322
123456
89324
123456
89326
123456
89328
123456
89330
123456
89332
123456
89334
123456
89336
123456
89338
123456
89340
123456
89342
123456
89344
123456
89346
123456
89348
123456
89350
123456
89352
123456
89354
123456
89356
123456
89358
123456
89360
123456
89362
123456
89364
123456
89366
123456
89368
123456
89370
123456
89372
123456
89374
123456
89376
123456
89378
123456
89380
123456
89382
123456
89384
123456
89386
123456
89388
123456
89390
123456
89392
123456
89394
123456
89396
123456
89398
123456
89400
123456
89402
123456
89404
123456
89406
123456
89408
123456
89410
123456
89412
123456
89414
123456
89416
123456
89418
123456
89420
123456
89422
123456
89424
123456
89426
123456
89428
123456
89430
123456
89432
123456
89434
123456
89436
123456
89438
123456
89440
123456
89442
123456
89444
123456
89446
123456
89448
123456
89450
123456
89452
123456
89454
123456
89456
123456
89458
123456
89460
123456
89462
123456
89464
123456
89466
123456
89468
123456
89470
123456
89472
123456
89474
123456
89476
123456
89478
123456
89480
123456
89482
123456
89484
123456
89486
123456
89488
123456
89490
123456
89492
123456
89494
123456
89496
123456
89498
123456
89500
123456
89502
123456
89504
123456
89506
123456
89508
123456
89510
123456
89512
123456
89514
123456
89516
123456
89518
123456
89520
123456
89522
123456
89524
123456
89526
123456
89528
123456
89530
123456
89532
123456
89534
123456
89536
123456
89538
123456
89540
123456
89542
123456
89544
123456
89546
123456
89548
123456
89550
123456
89552
123456
89554
123456
89556
123456
89558
123456
89560
123456
89562
123456
89564
123456
89566
123456
89568
123456
89570
123456
89572
123456
89574
123456
89576
123456
89578
123456
89580
123456
89582
123456
89584
123456
89586
123456
89588
123456
89590
123456
89592
123456
89594
123456
89596
123456
89598
123456
89600
123456
89602
123456
89604
123456
89606
123456
89608
123456
89610
123456
89612
123456
89614
123456
89616
123456
89618
123456
89620
123456
89622
123456
89624
123456
89626
123456
89628
123456
89630
123456
89632
123456
89634
123456
89636
123456
89638
123456
89640
123456
89642
123456
89644
123456
89646
123456
89648
123456
89650
123456
89652
123456
89654
123456
89656
123456
89658
123456
89660
123456
89662
123456
89664
123456
89666
123456
89668
123456
89670
123456
89672
123456
89674
123456
89676
123456
89678
123456
89680
123456
89682
123456
89684
123456
89686
123456
89688
123456
89690
123456
89692
123456
89694
123456
89696
123456
89698
123456
89700
123456
89702
123456
89704
123456
89706
123456
89708
123456
89710
123456
89712
123456
89714
123456
89716
123456
89718
123456
89720
123456
89722
123456
89724
123456
89726
123456
89728
123456
89730
123456
89732
123456
89734
123456
89736
123456
89738
123456
89740
123456
89742
123456
89744
123456
89746
123456
89748
123456
89750
123456
89752
123456
89754
123456
89756
123456
89758
123456
89760
123456
89762
123456
89764
123456
89766
123456
89768
123456
89770
123456
89772
123456
89774
123456
89776
123456
89778
123456
89780
123456
89782
123456
89784
123456
89786
123456
89788
123456
89790
123456
89792
123456
89794
123456
89796
123456
89798
123456
89800
123456
89802
123456
89804
123456
89806
123456
89808
123456
89810
123456
89812
123456
89814
123456
89816
123456
89818
123456
89820
123456
89822
123456
89824
123456
89826
123456
89828
123456
89830
123456
89832
123456
89834
123456
89836
123456
89838
123456
89840
123456
89842
123456
89844
123456
89846
123456
89848
123456
89850
123456
89852
123456
89854
123456
89856
123456
89858
123456
89860
123456
89862
123456
89864
123456
89866
123456
89868
123456
89870
123456
89872
123456
89874
123456
89876
123456
89878
123456
89880
123456
89882
123456
89884
123456
89886
123456
89888
123456
89890
123456
89892
123456
89894
123456
89896
123456
89898
123456
89900
123456
89902
123456
89904
123456
89906
123456
89908
123456
89910
123456
89912
123456
89914
123456
89916
123456
89918
123456
89920
123456
89922
123456
89924
123456
89926
123456
89928
123456
89930
123456
89932
123456
89934
123456
89936
123456
89938
123456
89940
123456
89942
123456
89944
123456
89946
123456
89948
123456
89950
123456
89952
123456
89954
123456
89956
123456
89958
123456
89960
123456
89962
123456
89964
123456
89966
123456
89968
123456
89970
123456
89972
123456
89974
123456
89976
123456
89978
123456
89980
123456
89982
123456
89984
123456
89986
123456
89988
123456
89990
123456
89992
123456
89994
123456
89996
123456
89998
123456
90000
123456
90002
123456
90004
123456
90006
123456
90008
123456
90010
123456
90012
123456
90014
123456
90016
123456
90018
123456
90020
123456
90022
123456
90024
123456
90026
123456
90028
123456
90030
123456
90032
123456
90034
123456
90036
123456
90038
123456
90040
123456
90042
123456
90044
123456
90046
123456
90048
123456
90050
123456
90052
123456
90054
123456
90056
123456
90058
123456
90060
123456
90062
123456
90064
123456
90066
123456
90068
123456
90070
123456
90072
123456
90074
123456
90076
123456
90078
123456
90080
123456
90082
123456
90084
123456
90086
123456
90088
123456
90090
123456
90092
123456
90094
123456
90096
123456
90098
123456
90100
123456
90102
123456
90104
123456
90106
123456
90108
123456
90110
123456
90112
123456
90114
123456
90116
123456
90118
123456
90120
123456
90122
123456
90124
123456
90126
123456
90128
123456
90130
123456
90132
123456
90134
123456
90136
123456
90138
123456
90140
123456
90142
123456
90144
123456
90146
123456
90148
123456
90150
123456
90152
123456
90154
123456
90156
123456
90158
123456
90160
123456
90162
123456
90164
123456
90166
123456
90168
123456
90170
123456
90172
123456
90174
123456
90176
123456
90178
123456
90180
123456
90182
123456
90184
123456
90186
123456
90188
123456
90190
123456
90192
123456
90194
123456
90196
123456
90198
123456
90200
123456
90202
123456
90204
123456
90206
123456
90208
123456
90210
123456
90212
123456
90214
123456
90216
123456
90218
123456
90220
123456
90222
123456
90224
123456
90226
123456
90228
123456
90230
123456
90232
123456
90234
123456
90236
123456
90238
123456
90240
123456
90242
123456
90244
123456
90246
123456
90248
123456
90250
123456
90252
123456
90254
123456
90256
123456
90258
123456
90260
123456
90262
123456
90264
123456
90266
123456
90268
123456
90270
123456
90272
123456
90274
123456
90276
123456
90278
123456
90280
123456
90282
123456
90284
123456
90286
123456
90288
123456
90290
123456
90292
123456
90294
123456
90296
123456
90298
123456
90300
123456
90302
123456
90304
123456
90306
123456
90308
123456
90310
123456
90312
123456
90314
123456
90316
123456
90318
123456
90320
123456
90322
123456
90324
123456
90326
123456
90328
123456
90330
123456
90332
123456
90334
123456
90336
123456
90338
123456
90340
123456
90342
123456
90344
123456
90346
123456
90348
123456
90350
123456
90352
123456
90354
123456
90356
123456
90358
123456
90360
123456
90362
123456
90364
123456
90366
123456
90368
123456
90370
123456
90372
123456
90374
123456
90376
123456
90378
123456
90380
123456
90382
123456
90384
123456
90386
123456
90388
123456
90390
123456
90392
123456
90394
123456
90396
123456
90398
123456
90400
123456
90402
123456
90404
123456
90406
123456
90408
123456
90410
123456
90412
123456
90414
123456
90416
123456
90418
123456
90420
123456
90422
123456
90424
123456
90426
123456
90428
123456
90430
123456
90432
123456
90434
123456
90436
123456
90438
123456
90440
123456
90442
123456
90444
123456
90446
123456
90448
123456
90450
123456
90452
123456
90454
123456
90456
123456
90458
123456
90460
123456
90462
123456
90464
123456
90466
123456
90468
123456
90470
123456
90472
123456
90474
123456
90476
123456
90478
123456
90480
123456
90482
123456
90484
123456
90486
123456
90488
123456
90490
123456
90492
123456
90494
123456
90496
123456
90498
123456
90500
123456
90502
123456
90504
123456
90506
123456
90508
123456
90510
123456
90512
123456
90514
123456
90516
123456
90518
123456
90520
123456
90522
123456
90524
123456
90526
123456
90528
123456
90530
123456
90532
123456
90534
123456
90536
123456
90538
123456
90540
123456
90542
123456
90544
123456
90546
123456
90548
123456
90550
123456
90552
123456
90554
123456
90556
123456
90558
123456
90560
123456
90562
123456
90564
123456
90566
123456
90568
123456
90570
123456
90572
123456
90574
123456
90576
123456
90578
123456
90580
123456
90582
123456
90584
123456
90586
123456
90588
123456
90590
123456
90592
123456
90594
123456
90596
123456
90598
123456
90600
123456
90602
123456
90604
123456
90606
123456
90608
123456
90610
123456
90612
123456
90614
123456
90616
123456
90618
123456
90620
123456
90622
123456
90624
123456
90626
123456
90628
123456
90630
123456
90632
123456
90634
123456
90636
123456
90638
123456
90640
123456
90642
123456
90644
123456
90646
123456
90648
123456
90650
123456
90652
123456
90654
123456
90656
123456
90658
123456
90660
123456
90662
123456
90664
123456
90666
123456
90668
123456
90670
123456
90672
123456
90674
123456
90676
123456
90678
123456
90680
123456
90682
123456
90684
123456
90686
123456
90688
123456
90690
123456
90692
123456
90694
123456
90696
123456
90698
123456
90700
123456
90702
123456
90704
123456
90706
123456
90708
123456
90710
123456
90712
123456
90714
123456
90716
123456
90718
123456
90720
123456
90722
123456
90724
123456
90726
123456
90728
123456
90730
123456
90732
123456
90734
123456
90736
123456
90738
123456
90740
123456
90742
123456
90744
123456
90746
123456
90748
123456
90750
123456
90752
123456
90754
123456
90756
123456
90758
123456
90760
123456
90762
123456
90764
123456
90766
123456
90768
123456
90770
123456
90772
123456
90774
123456
90776
123456
90778
123456
90780
123456
90782
123456
90784
123456
90786
123456
90788
123456
90790
123456
90792
123456
90794
123456
90796
123456
90798
123456
90800
123456
90802
123456
90804
123456
90806
123456
90808
123456
90810
123456
90812
123456
90814
123456
90816
123456
90818
123456
90820
123456
90822
123456
90824
123456
90826
123456
90828
123456
90830
123456
90832
123456
90834
123456
90836
123456
90838
123456
90840
123456
90842
123456
90844
123456
90846
123456
90848
123456
90850
123456
90852
123456
90854
123456
90856
123456
90858
123456
90860
123456
90862
123456
90864
123456
90866
123456
90868
123456
90870
123456
90872
123456
90874
123456
90876
123456
90878
123456
90880
123456
90882
123456
90884
123456
90886
123456
90888
123456
90890
123456
90892
123456
90894
123456
90896
123456
90898
123456
90900
123456
90902
123456
90904
123456
90906
123456
90908
123456
90910
123456
90912
123456
90914
123456
90916
123456
90918
123456
90920
123456
90922
123456
90924
123456
90926
123456
90928
123456
90930
123456
90932
123456
90934
123456
90936
123456
90938
123456
90940
123456
90942
123456
90944
123456
90946
123456
90948
123456
90950
123456
90952
123456
90954
123456
90956
123456
90958
123456
90960
123456
90962
123456
90964
123456
90966
123456
90968
123456
90970
123456
90972
123456
90974
123456
90976
123456
90978
123456
90980
123456
90982
123456
90984
123456
90986
123456
90988
123456
90990
123456
90992
123456
90994
123456
90996
123456
90998
123456
91000
123456
91002
123456
91004
123456
91006
123456
91008
123456
91010
123456
91012
123456
91014
123456
91016
123456
91018
123456
91020
123456
91022
123456
91024
123456
91026
123456
91028
123456
91030
123456
91032
123456
91034
123456
91036
123456
91038
123456
91040
123456
91042
123456
91044
123456
91046
123456
91048
123456
91050
123456
91052
123456
91054
123456
91056
123456
91058
123456
91060
123456
91062
123456
91064
123456
91066
123456
91068
123456
91070
123456
91072
123456
91074
123456
91076
123456
91078
123456
91080
123456
91082
123456
91084
123456
91086
123456
91088
123456
91090
123456
91092
123456
91094
123456
91096
123456
91098
123456
91100
123456
91102
123456
91104
123456
91106
123456
91108
123456
91110
123456
91112
123456
91114
123456
91116
123456
91118
123456
91120
123456
91122
123456
91124
123456
91126
123456
91128
123456
91130
123456
91132
123456
91134
123456
91136
123456
91138
123456
91140
123456
91142
123456
91144
123456
91146
123456
91148
123456
91150
123456
91152
123456
91154
123456
91156
123456
91158
123456
91160
123456
91162
123456
91164
123456
91166
123456
91168
123456
91170
123456
91172
123456
91174
123456
91176
123456
91178
123456
91180
123456
91182
123456
91184
123456
91186
123456
91188
123456
91190
123456
91192
123456
91194
123456
91196
123456
91198
123456
91200
123456
91202
123456
91204
123456
91206
123456
91208
123456
91210
123456
91212
123456
91214
123456
91216
123456
91218
123456
91220
123456
91222
123456
91224
123456
91226
123456
91228
123456
91230
123456
91232
123456
91234
123456
91236
123456
91238
123456
91240
123456
91242
123456
91244
123456
91246
123456
91248
123456
91250
123456
91252
123456
91254
123456
91256
123456
91258
123456
91260
123456
91262
123456
91264
123456
91266
123456
91268
123456
91270
123456
91272
123456
91274
123456
91276
123456
91278
123456
91280
123456
91282
123456
91284
123456
91286
123456
91288
123456
91290
123456
91292
123456
91294
123456
91296
123456
91298
123456
91300
123456
91302
123456
91304
123456
91306
123456
91308
123456
91310
123456
91312
123456
91314
123456
91316
123456
91318
123456
91320
123456
91322
123456
91324
123456
91326
123456
91328
123456
91330
123456
91332
123456
91334
123456
91336
123456
91338
123456
91340
123456
91342
123456
91344
123456
91346
123456
91348
123456
91350
123456
91352
123456
91354
123456
91356
123456
91358
123456
91360
123456
91362
123456
91364
123456
91366
123456
91368
123456
91370
123456
91372
123456
91374
123456
91376
123456
91378
123456
91380
123456
91382
123456
91384
123456
91386
123456
91388
123456
91390
123456
91392
123456
91394
123456
91396
123456
91398
123456
91400
123456
91402
123456
91404
123456
91406
123456
91408
123456
91410
123456
91412
123456
91414
123456
91416
123456
91418
123456
91420
123456
91422
123456
91424
123456
91426
123456
91428
123456
91430
123456
91432
123456
91434
123456
91436
123456
91438
123456
91440
123456
91442
123456
91444
123456
91446
123456
91448
123456
91450
123456
91452
123456
91454
123456
91456
123456
91458
123456
91460
123456
91462
123456
91464
123456
91466
123456
91468
123456
91470
123456
91472
123456
91474
123456
91476
123456
91478
123456
91480
123456
91482
123456
91484
123456
91486
123456
91488
123456
91490
123456
91492
123456
91494
123456
91496
123456
91498
123456
91500
123456
91502
123456
91504
123456
91506
123456
91508
123456
91510
123456
91512
123456
91514
123456
91516
123456
91518
123456
91520
123456
91522
123456
91524
123456
91526
123456
91528
123456
91530
123456
91532
123456
91534
123456
91536
123456
91538
123456
91540
123456
91542
123456
91544
123456
91546
123456
91548
123456
91550
123456
91552
123456
91554
123456
91556
123456
91558
123456
91560
123456
91562
123456
91564
123456
91566
123456
91568
123456
91570
123456
91572
123456
91574
123456
91576
123456
91578
123456
91580
123456
91582
123456
91584
123456
91586
123456
91588
123456
91590
123456
91592
123456
91594
123456
91596
123456
91598
123456
91600
123456
91602
123456
91604
123456
91606
123456
91608
123456
91610
123456
91612
123456
91614
123456
91616
123456
91618
123456
91620
123456
91622
123456
91624
123456
91626
123456
91628
123456
91630
123456
91632
123456
91634
123456
91636
123456
91638
123456
91640
123456
91642
123456
91644
123456
91646
123456
91648
123456
91650
123456
91652
123456
91654
123456
91656
123456
91658
123456
91660
123456
91662
123456
91664
123456
91666
123456
91668
123456
91670
123456
91672
123456
91674
123456
91676
123456
91678
123456
91680
123456
91682
123456
91684
123456
91686
123456
91688
123456
91690
123456
91692
123456
91694
123456
91696
123456
91698
123456
91700
123456
91702
123456
91704
123456
91706
123456
91708
123456
91710
123456
91712
123456
91714
123456
91716
123456
91718
123456
91720
123456
91722
123456
91724
123456
91726
123456
91728
123456
91730
123456
91732
123456
91734
123456
91736
123456
91738
123456
91740
123456
91742
123456
91744
123456
91746
123456
91748
123456
91750
123456
91752
123456
91754
123456
91756
123456
91758
123456
91760
123456
91762
123456
91764
123456
91766
123456
91768
123456
91770
123456
91772
123456
91774
123456
91776
123456
91778
123456
91780
123456
91782
123456
91784
123456
91786
123456
91788
123456
91790
123456
91792
123456
91794
123456
91796
123456
91798
123456
91800
123456
91802
123456
91804
123456
91806
123456
91808
123456
91810
123456
91812
123456
91814
123456
91816
123456
91818
123456
91820
123456
91822
123456
91824
123456
91826
123456
91828
123456
91830
123456
91832
123456
91834
123456
91836
123456
91838
123456
91840
123456
91842
123456
91844
123456
91846
123456
91848
123456
91850
123456
91852
123456
91854
123456
91856
123456
91858
123456
91860
123456
91862
123456
91864
123456
91866
123456
91868
123456
91870
123456
91872
123456
91874
123456
91876
123456
91878
123456
91880
123456
91882
123456
91884
123456
91886
123456
91888
123456
91890
123456
91892
123456
91894
123456
91896
123456
91898
123456
91900
123456
91902
123456
91904
123456
91906
123456
91908
123456
91910
123456
91912
123456
91914
123456
91916
123456
91918
123456
91920
123456
91922
123456
91924
123456
91926
123456
91928
123456
91930
123456
91932
123456
91934
123456
91936
123456
91938
123456
91940
123456
91942
123456
91944
123456
91946
123456
91948
123456
91950
123456
91952
123456
91954
123456
91956
123456
91958
123456
91960
123456
91962
123456
91964
123456
91966
123456
91968
123456
91970
123456
91972
123456
91974
123456
91976
123456
91978
123456
91980
123456
91982
123456
91984
123456
91986
123456
91988
123456
91990
123456
91992
123456
91994
123456
91996
123456
91998
123456
92000
123456
92002
123456
92004
123456
92006
123456
92008
123456
92010
123456
92012
123456
92014
123456
92016
123456
92018
123456
92020
123456
92022
123456
92024
123456
92026
123456
92028
123456
92030
123456
92032
123456
92034
123456
92036
123456
92038
123456
92040
123456
92042
123456
92044
123456
92046
123456
92048
123456
92050
123456
92052
123456
92054
123456
92056
123456
92058
123456
92060
123456
92062
123456
92064
123456
92066
123456
92068
123456
92070
123456
92072
123456
92074
123456
92076
123456
92078
123456
92080
123456
92082
123456
92084
123456
92086
123456
92088
123456
92090
123456
92092
123456
92094
123456
92096
123456
92098
123456
92100
123456
92102
123456
92104
123456
92106
123456
92108
123456
92110
123456
92112
123456
92114
123456
92116
123456
92118
123456
92120
123456
92122
123456
92124
123456
92126
123456
92128
123456
92130
123456
92132
123456
92134
123456
92136
123456
92138
123456
92140
123456
92142
123456
92144
123456
92146
123456
92148
123456
92150
123456
92152
123456
92154
123456
92156
123456
92158
123456
92160
123456
92162
123456
92164
123456
92166
123456
92168
123456
92170
123456
92172
123456
92174
123456
92176
123456
92178
123456
92180
123456
92182
123456
92184
123456
92186
123456
92188
123456
92190
123456
92192
123456
92194
123456
92196
123456
92198
123456
92200
123456
92202
123456
92204
123456
92206
123456
92208
123456
92210
123456
92212
123456
92214
123456
92216
123456
92218
123456
92220
123456
92222
123456
92224
123456
92226
123456
92228
123456
92230
123456
92232
123456
92234
123456
92236
123456
92238
123456
92240
123456
92242
123456
92244
123456
92246
123456
92248
123456
92250
123456
92252
123456
92254
123456
92256
123456
92258
123456
92260
123456
92262
123456
92264
123456
92266
123456
92268
123456
92270
123456
92272
123456
92274
123456
92276
123456
92278
123456
92280
123456
92282
123456
92284
123456
92286
123456
92288
123456
92290
123456
92292
123456
92294
123456
92296
123456
92298
123456
92300
123456
92302
123456
92304
123456
92306
123456
92308
123456
92310
123456
92312
123456
92314
123456
92316
123456
92318
123456
92320
123456
92322
123456
92324
123456
92326
123456
92328
123456
92330
123456
92332
123456
92334
123456
92336
123456
92338
123456
92340
123456
92342
123456
92344
123456
92346
123456
92348
123456
92350
123456
92352
123456
92354
123456
92356
123456
92358
123456
92360
123456
92362
123456
92364
123456
92366
123456
92368
123456
92370
123456
92372
123456
92374
123456
92376
123456
92378
123456
92380
123456
92382
123456
92384
123456
92386
123456
92388
123456
92390
123456
92392
123456
92394
123456
92396
123456
92398
123456
92400
123456
92402
123456
92404
123456
92406
123456
92408
123456
92410
123456
92412
123456
92414
123456
92416
123456
92418
123456
92420
123456
92422
123456
92424
123456
92426
123456
92428
123456
92430
123456
92432
123456
92434
123456
92436
123456
92438
123456
92440
123456
92442
123456
92444
123456
92446
123456
92448
123456
92450
123456
92452
123456
92454
123456
92456
123456
92458
123456
92460
123456
92462
123456
92464
123456
92466
123456
92468
123456
92470
123456
92472
123456
92474
123456
92476
123456
92478
123456
92480
123456
92482
123456
92484
123456
92486
123456
92488
123456
92490
123456
92492
123456
92494
123456
92496
123456
92498
123456
92500
123456
92502
123456
92504
123456
92506
123456
92508
123456
92510
123456
92512
123456
92514
123456
92516
123456
92518
123456
92520
123456
92522
123456
92524
123456
92526
123456
92528
123456
92530
123456
92532
123456
92534
123456
92536
123456
92538
123456
92540
123456
92542
123456
92544
123456
92546
123456
92548
123456
92550
123456
92552
123456
92554
123456
92556
123456
92558
123456
92560
123456
92562
123456
92564
123456
92566
123456
92568
123456
92570
123456
92572
123456
92574
123456
92576
123456
92578
123456
92580
123456
92582
123456
92584
123456
92586
123456
92588
123456
92590
123456
92592
123456
92594
123456
92596
123456
92598
123456
92600
123456
92602
123456
92604
123456
92606
123456
92608
123456
92610
123456
92612
123456
92614
123456
92616
123456
92618
123456
92620
123456
92622
123456
92624
123456
92626
123456
92628
123456
92630
123456
92632
123456
92634
123456
92636
123456
92638
123456
92640
123456
92642
123456
92644
123456
92646
123456
92648
123456
92650
123456
92652
123456
92654
123456
92656
123456
92658
123456
92660
123456
92662
123456
92664
123456
92666
123456
92668
123456
92670
123456
92672
123456
92674
123456
92676
123456
92678
123456
92680
123456
92682
123456
92684
123456
92686
123456
92688
123456
92690
123456
92692
123456
92694
123456
92696
123456
92698
123456
92700
123456
92702
123456
92704
123456
92706
123456
92708
123456
92710
123456
92712
123456
92714
123456
92716
123456
92718
123456
92720
123456
92722
123456
92724
123456
92726
123456
92728
123456
92730
123456
92732
123456
92734
123456
92736
123456
92738
123456
92740
123456
92742
123456
92744
123456
92746
123456
92748
123456
92750
123456
92752
123456
92754
123456
92756
123456
92758
123456
92760
123456
92762
123456
92764
123456
92766
123456
92768
123456
92770
123456
92772
123456
92774
123456
92776
123456
92778
123456
92780
123456
92782
123456
92784
123456
92786
123456
92788
123456
92790
123456
92792
123456
92794
123456
92796
123456
92798
123456
92800
123456
92802
123456
92804
123456
92806
123456
92808
123456
92810
123456
92812
123456
92814
123456
92816
123456
92818
123456
92820
123456
92822
123456
92824
123456
92826
123456
92828
123456
92830
123456
92832
123456
92834
123456
92836
123456
92838
123456
92840
123456
92842
123456
92844
123456
92846
123456
92848
123456
92850
123456
92852
123456
92854
123456
92856
123456
92858
123456
92860
123456
92862
123456
92864
123456
92866
123456
92868
123456
92870
123456
92872
123456
92874
123456
92876
123456
92878
123456
92880
123456
92882
123456
92884
123456
92886
123456
92888
123456
92890
123456
92892
123456
92894
123456
92896
123456
92898
123456
92900
123456
92902
123456
92904
123456
92906
123456
92908
123456
92910
123456
92912
123456
92914
123456
92916
123456
92918
123456
92920
123456
92922
123456
92924
123456
92926
123456
92928
123456
92930
123456
92932
123456
92934
123456
92936
123456
92938
123456
92940
123456
92942
123456
92944
123456
92946
123456
92948
123456
92950
123456
92952
123456
92954
123456
92956
123456
92958
123456
92960
123456
92962
123456
92964
123456
92966
123456
92968
123456
92970
123456
92972
123456
92974
123456
92976
123456
92978
123456
92980
123456
92982
123456
92984
123456
92986
123456
92988
123456
92990
123456
92992
123456
92994
123456
92996
123456
92998
123456
93000
123456
93002
123456
93004
123456
93006
123456
93008
123456
93010
123456
93012
123456
93014
123456
93016
123456
93018
123456
93020
123456
93022
123456
93024
123456
93026
123456
93028
123456
93030
123456
93032
123456
93034
123456
93036
123456
93038
123456
93040
123456
93042
123456
93044
123456
93046
123456
93048
123456
93050
123456
93052
123456
93054
123456
93056
123456
93058
123456
93060
123456
93062
123456
93064
123456
93066
123456
93068
123456
93070
123456
93072
123456
93074
123456
93076
123456
93078
123456
93080
123456
93082
123456
93084
123456
93086
123456
93088
123456
93090
123456
93092
123456
93094
123456
93096
123456
93098
123456
93100
123456
93102
123456
93104
123456
93106
123456
93108
123456
93110
123456
93112
123456
93114
123456
93116
123456
93118
123456
93120
123456
93122
123456
93124
123456
93126
123456
93128
123456
93130
123456
93132
123456
93134
123456
93136
123456
93138
123456
93140
123456
93142
123456
93144
123456
93146
123456
93148
123456
93150
123456
93152
123456
93154
123456
93156
123456
93158
123456
93160
123456
93162
123456
93164
123456
93166
123456
93168
123456
93170
123456
93172
123456
93174
123456
93176
123456
93178
123456
93180
123456
93182
123456
93184
123456
93186
123456
93188
123456
93190
123456
93192
123456
93194
123456
93196
123456
93198
123456
93200
123456
93202
123456
93204
123456
93206
123456
93208
123456
93210
123456
93212
123456
93214
123456
93216
123456
93218
123456
93220
123456
93222
123456
93224
123456
93226
123456
93228
123456
93230
123456
93232
123456
93234
123456
93236
123456
93238
123456
93240
123456
93242
123456
93244
123456
93246
123456
93248
123456
93250
123456
93252
123456
93254
123456
93256
123456
93258
123456
93260
123456
93262
123456
93264
123456
93266
123456
93268
123456
93270
123456
93272
123456
93274
123456
93276
123456
93278
123456
93280
123456
93282
123456
93284
123456
93286
123456
93288
123456
93290
123456
93292
123456
93294
123456
93296
123456
93298
123456
93300
123456
93302
123456
93304
123456
93306
123456
93308
123456
93310
123456
93312
123456
93314
123456
93316
123456
93318
123456
93320
123456
93322
123456
93324
123456
93326
123456
93328
123456
93330
123456
93332
123456
93334
123456
93336
123456
93338
123456
93340
123456
93342
123456
93344
123456
93346
123456
93348
123456
93350
123456
93352
123456
93354
123456
93356
123456
93358
123456
93360
123456
93362
123456
93364
123456
93366
123456
93368
123456
93370
123456
93372
123456
93374
123456
93376
123456
93378
123456
93380
123456
93382
123456
93384
123456
93386
123456
93388
123456
93390
123456
93392
123456
93394
123456
93396
123456
93398
123456
93400
123456
93402
123456
93404
123456
93406
123456
93408
123456
93410
123456
93412
123456
93414
123456
93416
123456
93418
123456
93420
123456
93422
123456
93424
123456
93426
123456
93428
123456
93430
123456
93432
123456
93434
123456
93436
123456
93438
123456
93440
123456
93442
123456
93444
123456
93446
123456
93448
123456
93450
123456
93452
123456
93454
123456
93456
123456
93458
123456
93460
123456
93462
123456
93464
123456
93466
123456
93468
123456
93470
123456
93472
123456
93474
123456
93476
123456
93478
123456
93480
123456
93482
123456
93484
123456
93486
123456
93488
123456
93490
123456
93492
123456
93494
123456
93496
123456
93498
123456
93500
123456
93502
123456
93504
123456
93506
123456
93508
123456
93510
123456
93512
123456
93514
123456
93516
123456
93518
123456
93520
123456
93522
123456
93524
123456
93526
123456
93528
123456
93530
123456
93532
123456
93534
123456
93536
123456
93538
123456
93540
123456
93542
123456
93544
123456
93546
123456
93548
123456
93550
123456
93552
123456
93554
123456
93556
123456
93558
123456
93560
123456
93562
123456
93564
123456
93566
123456
93568
123456
93570
123456
93572
123456
93574
123456
93576
123456
93578
123456
93580
123456
93582
123456
93584
123456
93586
123456
93588
123456
93590
123456
93592
123456
93594
123456
93596
123456
93598
123456
93600
123456
93602
123456
93604
123456
93606
123456
93608
123456
93610
123456
93612
123456
93614
123456
93616
123456
93618
123456
93620
123456
93622
123456
93624
123456
93626
123456
93628
123456
93630
123456
93632
123456
93634
123456
93636
123456
93638
123456
93640
123456
93642
123456
93644
123456
93646
123456
93648
123456
93650
123456
93652
123456
93654
123456
93656
123456
93658
123456
93660
123456
93662
123456
93664
123456
93666
123456
93668
123456
93670
123456
93672
123456
93674
123456
93676
123456
93678
123456
93680
123456
93682
123456
93684
123456
93686
123456
93688
123456
93690
123456
93692
123456
93694
123456
93696
123456
93698
123456
93700
123456
93702
123456
93704
123456
93706
123456
93708
123456
93710
123456
93712
123456
93714
123456
93716
123456
93718
123456
93720
123456
93722
123456
93724
123456
93726
123456
93728
123456
93730
123456
93732
123456
93734
123456
93736
123456
93738
123456
93740
123456
93742
123456
93744
123456
93746
123456
93748
123456
93750
123456
93752
123456
93754
123456
93756
123456
93758
123456
93760
123456
93762
123456
93764
123456
93766
123456
93768
123456
93770
123456
93772
123456
93774
123456
93776
123456
93778
123456
93780
123456
93782
123456
93784
123456
93786
123456
93788
123456
93790
123456
93792
123456
93794
123456
93796
123456
93798
123456
93800
123456
93802
123456
93804
123456
93806
123456
93808
123456
93810
123456
93812
123456
93814
123456
93816
123456
93818
123456
93820
123456
93822
123456
93824
123456
93826
123456
93828
123456
93830
123456
93832
123456
93834
123456
93836
123456
93838
123456
93840
123456
93842
123456
93844
123456
93846
123456
93848
123456
93850
123456
93852
123456
93854
123456
93856
123456
93858
123456
93860
123456
93862
123456
93864
123456
93866
123456
93868
123456
93870
123456
93872
123456
93874
123456
93876
123456
93878
123456
93880
123456
93882
123456
93884
123456
93886
123456
93888
123456
93890
123456
93892
123456
93894
123456
93896
123456
93898
123456
93900
123456
93902
123456
93904
123456
93906
123456
93908
123456
93910
123456
93912
123456
93914
123456
93916
123456
93918
123456
93920
123456
93922
123456
93924
123456
93926
123456
93928
123456
93930
123456
93932
123456
93934
123456
93936
123456
93938
123456
93940
123456
93942
123456
93944
123456
93946
123456
93948
123456
93950
123456
93952
123456
93954
123456
93956
123456
93958
123456
93960
123456
93962
123456
93964
123456
93966
123456
93968
123456
93970
123456
93972
123456
93974
123456
93976
123456
93978
123456
93980
123456
93982
123456
93984
123456
93986
123456
93988
123456
93990
123456
93992
123456
93994
123456
93996
123456
93998
123456
94000
123456
94002
123456
94004
123456
94006
123456
94008
123456
94010
123456
94012
123456
94014
123456
94016
123456
94018
123456
94020
123456
94022
123456
94024
123456
94026
123456
94028
123456
94030
123456
94032
123456
94034
123456
94036
123456
94038
123456
94040
123456
94042
123456
94044
123456
94046
123456
94048
123456
94050
123456
94052
123456
94054
123456
94056
123456
94058
123456
94060
123456
94062
123456
94064
123456
94066
123456
94068
123456
94070
123456
94072
123456
94074
123456
94076
123456
94078
123456
94080
123456
94082
123456
94084
123456
94086
123456
94088
123456
94090
123456
94092
123456
94094
123456
94096
123456
94098
123456
94100
123456
94102
123456
94104
123456
94106
123456
94108
123456
94110
123456
94112
123456
94114
123456
94116
123456
94118
123456
94120
123456
94122
123456
94124
123456
94126
123456
94128
123456
94130
123456
94132
123456
94134
123456
94136
123456
94138
123456
94140
123456
94142
123456
94144
123456
94146
123456
94148
123456
94150
123456
94152
123456
94154
123456
94156
123456
94158
123456
94160
123456
94162
123456
94164
123456
94166
123456
94168
123456
94170
123456
94172
123456
94174
123456
94176
123456
94178
123456
94180
123456
94182
123456
94184
123456
94186
123456
94188
123456
94190
123456
94192
123456
94194
123456
94196
123456
94198
123456
94200
123456
94202
123456
94204
123456
94206
123456
94208
123456
94210
123456
94212
123456
94214
123456
94216
123456
94218
123456
94220
123456
94222
123456
94224
123456
94226
123456
94228
123456
94230
123456
94232
123456
94234
123456
94236
123456
94238
123456
94240
123456
94242
123456
94244
123456
94246
123456
94248
123456
94250
123456
94252
123456
94254
123456
94256
123456
94258
123456
94260
123456
94262
123456
94264
123456
94266
123456
94268
123456
94270
123456
94272
123456
94274
123456
94276
123456
94278
123456
94280
123456
94282
123456
94284
123456
94286
123456
94288
123456
94290
123456
94292
123456
94294
123456
94296
123456
94298
123456
94300
123456
94302
123456
94304
123456
94306
123456
94308
123456
94310
123456
94312
123456
94314
123456
94316
123456
94318
123456
94320
123456
94322
123456
94324
123456
94326
123456
94328
123456
94330
123456
94332
123456
94334
123456
94336
123456
94338
123456
94340
123456
94342
123456
94344
123456
94346
123456
94348
123456
94350
123456
94352
123456
94354
123456
94356
123456
94358
123456
94360
123456
94362
123456
94364
123456
94366
123456
94368
123456
94370
123456
94372
123456
94374
123456
94376
123456
94378
123456
94380
123456
94382
123456
94384
123456
94386
123456
94388
123456
94390
123456
94392
123456
94394
123456
94396
123456
94398
123456
94400
123456
94402
123456
94404
123456
94406
123456
94408
123456
94410
123456
94412
123456
94414
123456
94416
123456
94418
123456
94420
123456
94422
123456
94424
123456
94426
123456
94428
123456
94430
123456
94432
123456
94434
123456
94436
123456
94438
123456
94440
123456
94442
123456
94444
123456
94446
123456
94448
123456
94450
123456
94452
123456
94454
123456
94456
123456
94458
123456
94460
123456
94462
123456
94464
123456
94466
123456
94468
123456
94470
123456
94472
123456
94474
123456
94476
123456
94478
123456
94480
123456
94482
123456
94484
123456
94486
123456
94488
123456
94490
123456
94492
123456
94494
123456
94496
123456
94498
123456
94500
123456
94502
123456
94504
123456
94506
123456
94508
123456
94510
123456
94512
123456
94514
123456
94516
123456
94518
123456
94520
123456
94522
123456
94524
123456
94526
123456
94528
123456
94530
123456
94532
123456
94534
123456
94536
123456
94538
123456
94540
123456
94542
123456
94544
123456
94546
123456
94548
123456
94550
123456
94552
123456
94554
123456
94556
123456
94558
123456
94560
123456
94562
123456
94564
123456
94566
123456
94568
123456
94570
123456
94572
123456
94574
123456
94576
123456
94578
123456
94580
123456
94582
123456
94584
123456
94586
123456
94588
123456
94590
123456
94592
123456
94594
123456
94596
123456
94598
123456
94600
123456
94602
123456
94604
123456
94606
123456
94608
123456
94610
123456
94612
123456
94614
123456
94616
123456
94618
123456
94620
123456
94622
123456
94624
123456
94626
123456
94628
123456
94630
123456
94632
123456
94634
123456
94636
123456
94638
123456
94640
123456
94642
123456
94644
123456
94646
123456
94648
123456
94650
123456
94652
123456
94654
123456
94656
123456
94658
123456
94660
123456
94662
123456
94664
123456
94666
123456
94668
123456
94670
123456
94672
123456
94674
123456
94676
123456
94678
123456
94680
123456
94682
123456
94684
123456
94686
123456
94688
123456
94690
123456
94692
123456
94694
123456
94696
123456
94698
123456
94700
123456
94702
123456
94704
123456
94706
123456
94708
123456
94710
123456
94712
123456
94714
123456
94716
123456
94718
123456
94720
123456
94722
123456
94724
123456
94726
123456
94728
123456
94730
123456
94732
123456
94734
123456
94736
123456
94738
123456
94740
123456
94742
123456
94744
123456
94746
123456
94748
123456
94750
123456
94752
123456
94754
123456
94756
123456
94758
123456
94760
123456
94762
123456
94764
123456
94766
123456
94768
123456
94770
123456
94772
123456
94774
123456
94776
123456
94778
123456
94780
123456
94782
123456
94784
123456
94786
123456
94788
123456
94790
123456
94792
123456
94794
123456
94796
123456
94798
123456
94800
123456
94802
123456
94804
123456
94806
123456
94808
123456
94810
123456
94812
123456
94814
123456
94816
123456
94818
123456
94820
123456
94822
123456
94824
123456
94826
123456
94828
123456
94830
123456
94832
123456
94834
123456
94836
123456
94838
123456
94840
123456
94842
123456
94844
123456
94846
123456
94848
123456
94850
123456
94852
123456
94854
123456
94856
123456
94858
123456
94860
123456
94862
123456
94864
123456
94866
123456
94868
123456
94870
123456
94872
123456
94874
123456
94876
123456
94878
123456
94880
123456
94882
123456
94884
123456
94886
123456
94888
123456
94890
123456
94892
123456
94894
123456
94896
123456
94898
123456
94900
123456
94902
123456
94904
123456
94906
123456
94908
123456
94910
123456
94912
123456
94914
123456
94916
123456
94918
123456
94920
123456
94922
123456
94924
123456
94926
123456
94928
123456
94930
123456
94932
123456
94934
123456
94936
123456
94938
123456
94940
123456
94942
123456
94944
123456
94946
123456
94948
123456
94950
123456
94952
123456
94954
123456
94956
123456
94958
123456
94960
123456
94962
123456
94964
123456
94966
123456
94968
123456
94970
123456
94972
123456
94974
123456
94976
123456
94978
123456
94980
123456
94982
123456
94984
123456
94986
123456
94988
123456
94990
123456
94992
123456
94994
123456
94996
123456
94998
123456
95000
123456
95002
123456
95004
123456
95006
123456
95008
123456
95010
123456
95012
123456
95014
123456
95016
123456
95018
123456
95020
123456
95022
123456
95024
123456
95026
123456
95028
123456
95030
123456
95032
123456
95034
123456
95036
123456
95038
123456
95040
123456
95042
123456
95044
123456
95046
123456
95048
123456
95050
123456
95052
123456
95054
123456
95056
123456
95058
123456
95060
123456
95062
123456
95064
123456
95066
123456
95068
123456
95070
123456
95072
123456
95074
123456
95076
123456
95078
123456
95080
123456
95082
123456
95084
123456
95086
123456
95088
123456
95090
123456
95092
123456
95094
123456
95096
123456
95098
123456
95100
123456
95102
123456
95104
123456
95106
123456
95108
123456
95110
123456
95112
123456
95114
123456
95116
123456
95118
123456
95120
123456
95122
123456
95124
123456
95126
123456
95128
123456
95130
123456
95132
123456
95134
123456
95136
123456
95138
123456
95140
123456
95142
123456
95144
123456
95146
123456
95148
123456
95150
123456
95152
123456
95154
123456
95156
123456
95158
123456
95160
123456
95162
123456
95164
123456
95166
123456
95168
123456
95170
123456
95172
123456
95174
123456
95176
123456
95178
123456
95180
123456
95182
123456
95184
123456
95186
123456
95188
123456
95190
123456
95192
123456
95194
123456
95196
123456
95198
123456
95200
123456
95202
123456
95204
123456
95206
123456
95208
123456
95210
123456
95212
123456
95214
123456
95216
123456
95218
123456
95220
123456
95222
123456
95224
123456
95226
123456
95228
123456
95230
123456
95232
123456
95234
123456
95236
123456
95238
123456
95240
123456
95242
123456
95244
123456
95246
123456
95248
123456
95250
123456
95252
123456
95254
123456
95256
123456
95258
123456
95260
123456
95262
123456
95264
123456
95266
123456
95268
123456
95270
123456
95272
123456
95274
123456
95276
123456
95278
123456
95280
123456
95282
123456
95284
123456
95286
123456
95288
123456
95290
123456
95292
123456
95294
123456
95296
123456
95298
123456
95300
123456
95302
123456
95304
123456
95306
123456
95308
123456
95310
123456
95312
123456
95314
123456
95316
123456
95318
123456
95320
123456
95322
123456
95324
123456
95326
123456
95328
123456
95330
123456
95332
123456
95334
123456
95336
123456
95338
123456
95340
123456
95342
123456
95344
123456
95346
123456
95348
123456
95350
123456
95352
123456
95354
123456
95356
123456
95358
123456
95360
123456
95362
123456
95364
123456
95366
123456
95368
123456
95370
123456
95372
123456
95374
123456
95376
123456
95378
123456
95380
123456
95382
123456
95384
123456
95386
123456
95388
123456
95390
123456
95392
123456
95394
123456
95396
123456
95398
123456
95400
123456
95402
123456
95404
123456
95406
123456
95408
123456
95410
123456
95412
123456
95414
123456
95416
123456
95418
123456
95420
123456
95422
123456
95424
123456
95426
123456
95428
123456
95430
123456
95432
123456
95434
123456
95436
123456
95438
123456
95440
123456
95442
123456
95444
123456
95446
123456
95448
123456
95450
123456
95452
123456
95454
123456
95456
123456
95458
123456
95460
123456
95462
123456
95464
123456
95466
123456
95468
123456
95470
123456
95472
123456
95474
123456
95476
123456
95478
123456
95480
123456
95482
123456
95484
123456
95486
123456
95488
123456
95490
123456
95492
123456
95494
123456
95496
123456
95498
123456
95500
123456
95502
123456
95504
123456
95506
123456
95508
123456
95510
123456
95512
123456
95514
123456
95516
123456
95518
123456
95520
123456
95522
123456
95524
123456
95526
123456
95528
123456
95530
123456
95532
123456
95534
123456
95536
123456
95538
123456
95540
123456
95542
123456
95544
123456
95546
123456
95548
123456
95550
123456
95552
123456
95554
123456
95556
123456
95558
123456
95560
123456
95562
123456
95564
123456
95566
123456
95568
123456
95570
123456
95572
123456
95574
123456
95576
123456
95578
123456
95580
123456
95582
123456
95584
123456
95586
123456
95588
123456
95590
123456
95592
123456
95594
123456
95596
123456
95598
123456
95600
123456
95602
123456
95604
123456
95606
123456
95608
123456
95610
123456
95612
123456
95614
123456
95616
123456
95618
123456
95620
123456
95622
123456
95624
123456
95626
123456
95628
123456
95630
123456
95632
123456
95634
123456
95636
123456
95638
123456
95640
123456
95642
123456
95644
123456
95646
123456
95648
123456
95650
123456
95652
123456
95654
123456
95656
123456
95658
123456
95660
123456
95662
123456
95664
123456
95666
123456
95668
123456
95670
123456
95672
123456
95674
123456
95676
123456
95678
123456
95680
123456
95682
123456
95684
123456
95686
123456
95688
123456
95690
123456
95692
123456
95694
123456
95696
123456
95698
123456
95700
123456
95702
123456
95704
123456
95706
123456
95708
123456
95710
123456
95712
123456
95714
123456
95716
123456
95718
123456
95720
123456
95722
123456
95724
123456
95726
123456
95728
123456
95730
123456
95732
123456
95734
123456
95736
123456
95738
123456
95740
123456
95742
123456
95744
123456
95746
123456
95748
123456
95750
123456
95752
123456
95754
123456
95756
123456
95758
123456
95760
123456
95762
123456
95764
123456
95766
123456
95768
123456
95770
123456
95772
123456
95774
123456
95776
123456
95778
123456
95780
123456
95782
123456
95784
123456
95786
123456
95788
123456
95790
123456
95792
123456
95794
123456
95796
123456
95798
123456
95800
123456
95802
123456
95804
123456
95806
123456
95808
123456
95810
123456
95812
123456
95814
123456
95816
123456
95818
123456
95820
123456
95822
123456
95824
123456
95826
123456
95828
123456
95830
123456
95832
123456
95834
123456
95836
123456
95838
123456
95840
123456
95842
123456
95844
123456
95846
123456
95848
123456
95850
123456
95852
123456
95854
123456
95856
123456
95858
123456
95860
123456
95862
123456
95864
123456
95866
123456
95868
123456
95870
123456
95872
123456
95874
123456
95876
123456
95878
123456
95880
123456
95882
123456
95884
123456
95886
123456
95888
123456
95890
123456
95892
123456
95894
123456
95896
123456
95898
123456
95900
123456
95902
123456
95904
123456
95906
123456
95908
123456
95910
123456
95912
123456
95914
123456
95916
123456
95918
123456
95920
123456
95922
123456
95924
123456
95926
123456
95928
123456
95930
123456
95932
123456
95934
123456
95936
123456
95938
123456
95940
123456
95942
123456
95944
123456
95946
123456
95948
123456
95950
123456
95952
123456
95954
123456
95956
123456
95958
123456
95960
123456
95962
123456
95964
123456
95966
123456
95968
123456
95970
123456
95972
123456
95974
123456
95976
123456
95978
123456
95980
123456
95982
123456
95984
123456
95986
123456
95988
123456
95990
123456
95992
123456
95994
123456
95996
123456
95998
123456
96000
123456
96002
123456
96004
123456
96006
123456
96008
123456
96010
123456
96012
123456
96014
123456
96016
123456
96018
123456
96020
123456
96022
123456
96024
123456
96026
123456
96028
123456
96030
123456
96032
123456
96034
123456
96036
123456
96038
123456
96040
123456
96042
123456
96044
123456
96046
123456
96048
123456
96050
123456
96052
123456
96054
123456
96056
123456
96058
123456
96060
123456
96062
123456
96064
123456
96066
123456
96068
123456
96070
123456
96072
123456
96074
123456
96076
123456
96078
123456
96080
123456
96082
123456
96084
123456
96086
123456
96088
123456
96090
123456
96092
123456
96094
123456
96096
123456
96098
123456
96100
123456
96102
123456
96104
123456
96106
123456
96108
123456
96110
123456
96112
123456
96114
123456
96116
123456
96118
123456
96120
123456
96122
123456
96124
123456
96126
123456
96128
123456
96130
123456
96132
123456
96134
123456
96136
123456
96138
123456
96140
123456
96142
123456
96144
123456
96146
123456
96148
123456
96150
123456
96152
123456
96154
123456
96156
123456
96158
123456
96160
123456
96162
123456
96164
123456
96166
123456
96168
123456
96170
123456
96172
123456
96174
123456
96176
123456
96178
123456
96180
123456
96182
123456
96184
123456
96186
123456
96188
123456
96190
123456
96192
123456
96194
123456
96196
123456
96198
123456
96200
123456
96202
123456
96204
123456
96206
123456
96208
123456
96210
123456
96212
123456
96214
123456
96216
123456
96218
123456
96220
123456
96222
123456
96224
123456
96226
123456
96228
123456
96230
123456
96232
123456
96234
123456
96236
123456
96238
123456
96240
123456
96242
123456
96244
123456
96246
123456
96248
123456
96250
123456
96252
123456
96254
123456
96256
123456
96258
123456
96260
123456
96262
123456
96264
123456
96266
123456
96268
123456
96270
123456
96272
123456
96274
123456
96276
123456
96278
123456
96280
123456
96282
123456
96284
123456
96286
123456
96288
123456
96290
123456
96292
123456
96294
123456
96296
123456
96298
123456
96300
123456
96302
123456
96304
123456
96306
123456
96308
123456
96310
123456
96312
123456
96314
123456
96316
123456
96318
123456
96320
123456
96322
123456
96324
123456
96326
123456
96328
123456
96330
123456
96332
123456
96334
123456
96336
123456
96338
123456
96340
123456
96342
123456
96344
123456
96346
123456
96348
123456
96350
123456
96352
123456
96354
123456
96356
123456
96358
123456
96360
123456
96362
123456
96364
123456
96366
123456
96368
123456
96370
123456
96372
123456
96374
123456
96376
123456
96378
123456
96380
123456
96382
123456
96384
123456
96386
123456
96388
123456
96390
123456
96392
123456
96394
123456
96396
123456
96398
123456
96400
123456
96402
123456
96404
123456
96406
123456
96408
123456
96410
123456
96412
123456
96414
123456
96416
123456
96418
123456
96420
123456
96422
123456
96424
123456
96426
123456
96428
123456
96430
123456
96432
123456
96434
123456
96436
123456
96438
123456
96440
123456
96442
123456
96444
123456
96446
123456
96448
123456
96450
123456
96452
123456
96454
123456
96456
123456
96458
123456
96460
123456
96462
123456
96464
123456
96466
123456
96468
123456
96470
123456
96472
123456
96474
123456
96476
123456
96478
123456
96480
123456
96482
123456
96484
123456
96486
123456
96488
123456
96490
123456
96492
123456
96494
123456
96496
123456
96498
123456
96500
123456
96502
123456
96504
123456
96506
123456
96508
123456
96510
123456
96512
123456
96514
123456
96516
123456
96518
123456
96520
123456
96522
123456
96524
123456
96526
123456
96528
123456
96530
123456
96532
123456
96534
123456
96536
123456
96538
123456
96540
123456
96542
123456
96544
123456
96546
123456
96548
123456
96550
123456
96552
123456
96554
123456
96556
123456
96558
123456
96560
123456
96562
123456
96564
123456
96566
123456
96568
123456
96570
123456
96572
123456
96574
123456
96576
123456
96578
123456
96580
123456
96582
123456
96584
123456
96586
123456
96588
123456
96590
123456
96592
123456
96594
123456
96596
123456
96598
123456
96600
123456
96602
123456
96604
123456
96606
123456
96608
123456
96610
123456
96612
123456
96614
123456
96616
123456
96618
123456
96620
123456
96622
123456
96624
123456
96626
123456
96628
123456
96630
123456
96632
123456
96634
123456
96636
123456
96638
123456
96640
123456
96642
123456
96644
123456
96646
123456
96648
123456
96650
123456
96652
123456
96654
123456
96656
123456
96658
123456
96660
123456
96662
123456
96664
123456
96666
123456
96668
123456
96670
123456
96672
123456
96674
123456
96676
123456
96678
123456
96680
123456
96682
123456
96684
123456
96686
123456
96688
123456
96690
123456
96692
123456
96694
123456
96696
123456
96698
123456
96700
123456
96702
123456
96704
123456
96706
123456
96708
123456
96710
123456
96712
123456
96714
123456
96716
123456
96718
123456
96720
123456
96722
123456
96724
123456
96726
123456
96728
123456
96730
123456
96732
123456
96734
123456
96736
123456
96738
123456
96740
123456
96742
123456
96744
123456
96746
123456
96748
123456
96750
123456
96752
123456
96754
123456
96756
123456
96758
123456
96760
123456
96762
123456
96764
123456
96766
123456
96768
123456
96770
123456
96772
123456
96774
123456
96776
123456
96778
123456
96780
123456
96782
123456
96784
123456
96786
123456
96788
123456
96790
123456
96792
123456
96794
123456
96796
123456
96798
123456
96800
123456
96802
123456
96804
123456
96806
123456
96808
123456
96810
123456
96812
123456
96814
123456
96816
123456
96818
123456
96820
123456
96822
123456
96824
123456
96826
123456
96828
123456
96830
123456
96832
123456
96834
123456
96836
123456
96838
123456
96840
123456
96842
123456
96844
123456
96846
123456
96848
123456
96850
123456
96852
123456
96854
123456
96856
123456
96858
123456
96860
123456
96862
123456
96864
123456
96866
123456
96868
123456
96870
123456
96872
123456
96874
123456
96876
123456
96878
123456
96880
123456
96882
123456
96884
123456
96886
123456
96888
123456
96890
123456
96892
123456
96894
123456
96896
123456
96898
123456
96900
123456
96902
123456
96904
123456
96906
123456
96908
123456
96910
123456
96912
123456
96914
123456
96916
123456
96918
123456
96920
123456
96922
123456
96924
123456
96926
123456
96928
123456
96930
123456
96932
123456
96934
123456
96936
123456
96938
123456
96940
123456
96942
123456
96944
123456
96946
123456
96948
123456
96950
123456
96952
123456
96954
123456
96956
123456
96958
123456
96960
123456
96962
123456
96964
123456
96966
123456
96968
123456
96970
123456
96972
123456
96974
123456
96976
123456
96978
123456
96980
123456
96982
123456
96984
123456
96986
123456
96988
123456
96990
123456
96992
123456
96994
123456
96996
123456
96998
123456
97000
123456
97002
123456
97004
123456
97006
123456
97008
123456
97010
123456
97012
123456
97014
123456
97016
123456
97018
123456
97020
123456
97022
123456
97024
123456
97026
123456
97028
123456
97030
123456
97032
123456
97034
123456
97036
123456
97038
123456
97040
123456
97042
123456
97044
123456
97046
123456
97048
123456
97050
123456
97052
123456
97054
123456
97056
123456
97058
123456
97060
123456
97062
123456
97064
123456
97066
123456
97068
123456
97070
123456
97072
123456
97074
123456
97076
123456
97078
123456
97080
123456
97082
123456
97084
123456
97086
123456
97088
123456
97090
123456
97092
123456
97094
123456
97096
123456
97098
123456
97100
123456
97102
123456
97104
123456
97106
123456
97108
123456
97110
123456
97112
123456
97114
123456
97116
123456
97118
123456
97120
123456
97122
123456
97124
123456
97126
123456
97128
123456
97130
123456
97132
123456
97134
123456
97136
123456
97138
123456
97140
123456
97142
123456
97144
123456
97146
123456
97148
123456
97150
123456
97152
123456
97154
123456
97156
123456
97158
123456
97160
123456
97162
123456
97164
123456
97166
123456
97168
123456
97170
123456
97172
123456
97174
123456
97176
123456
97178
123456
97180
123456
97182
123456
97184
123456
97186
123456
97188
123456
97190
123456
97192
123456
97194
123456
97196
123456
97198
123456
97200
123456
97202
123456
97204
123456
97206
123456
97208
123456
97210
123456
97212
123456
97214
123456
97216
123456
97218
123456
97220
123456
97222
123456
97224
123456
97226
123456
97228
123456
97230
123456
97232
123456
97234
123456
97236
123456
97238
123456
97240
123456
97242
123456
97244
123456
97246
123456
97248
123456
97250
123456
97252
123456
97254
123456
97256
123456
97258
123456
97260
123456
97262
123456
97264
123456
97266
123456
97268
123456
97270
123456
97272
123456
97274
123456
97276
123456
97278
123456
97280
123456
97282
123456
97284
123456
97286
123456
97288
123456
97290
123456
97292
123456
97294
123456
97296
123456
97298
123456
97300
123456
97302
123456
97304
123456
97306
123456
97308
123456
97310
123456
97312
123456
97314
123456
97316
123456
97318
123456
97320
123456
97322
123456
97324
123456
97326
123456
97328
123456
97330
123456
97332
123456
97334
123456
97336
123456
97338
123456
97340
123456
97342
123456
97344
123456
97346
123456
97348
123456
97350
123456
97352
123456
97354
123456
97356
123456
97358
123456
97360
123456
97362
123456
97364
123456
97366
123456
97368
123456
97370
123456
97372
123456
97374
123456
97376
123456
97378
123456
97380
123456
97382
123456
97384
123456
97386
123456
97388
123456
97390
123456
97392
123456
97394
123456
97396
123456
97398
123456
97400
123456
97402
123456
97404
123456
97406
123456
97408
123456
97410
123456
97412
123456
97414
123456
97416
123456
97418
123456
97420
123456
97422
123456
97424
123456
97426
123456
97428
123456
97430
123456
97432
123456
97434
123456
97436
123456
97438
123456
97440
123456
97442
123456
97444
123456
97446
123456
97448
123456
97450
123456
97452
123456
97454
123456
97456
123456
97458
123456
97460
123456
97462
123456
97464
123456
97466
123456
97468
123456
97470
123456
97472
123456
97474
123456
97476
123456
97478
123456
97480
123456
97482
123456
97484
123456
97486
123456
97488
123456
97490
123456
97492
123456
97494
123456
97496
123456
97498
123456
97500
123456
97502
123456
97504
123456
97506
123456
97508
123456
97510
123456
97512
123456
97514
123456
97516
123456
97518
123456
97520
123456
97522
123456
97524
123456
97526
123456
97528
123456
97530
123456
97532
123456
97534
123456
97536
123456
97538
123456
97540
123456
97542
123456
97544
123456
97546
123456
97548
123456
97550
123456
97552
123456
97554
123456
97556
123456
97558
123456
97560
123456
97562
123456
97564
123456
97566
123456
97568
123456
97570
123456
97572
123456
97574
123456
97576
123456
97578
123456
97580
123456
97582
123456
97584
123456
97586
123456
97588
123456
97590
123456
97592
123456
97594
123456
97596
123456
97598
123456
97600
123456
97602
123456
97604
123456
97606
123456
97608
123456
97610
123456
97612
123456
97614
123456
97616
123456
97618
123456
97620
123456
97622
123456
97624
123456
97626
123456
97628
123456
97630
123456
97632
123456
97634
123456
97636
123456
97638
123456
97640
123456
97642
123456
97644
123456
97646
123456
97648
123456
97650
123456
97652
123456
97654
123456
97656
123456
97658
123456
97660
123456
97662
123456
97664
123456
97666
123456
97668
123456
97670
123456
97672
123456
97674
123456
97676
123456
97678
123456
97680
123456
97682
123456
97684
123456
97686
123456
97688
123456
97690
123456
97692
123456
97694
123456
97696
123456
97698
123456
97700
123456
97702
123456
97704
123456
97706
123456
97708
123456
97710
123456
97712
123456
97714
123456
97716
123456
97718
123456
97720
123456
97722
123456
97724
123456
97726
123456
97728
123456
97730
123456
97732
123456
97734
123456
97736
123456
97738
123456
97740
123456
97742
123456
97744
123456
97746
123456
97748
123456
97750
123456
97752
123456
97754
123456
97756
123456
97758
123456
97760
123456
97762
123456
97764
123456
97766
123456
97768
123456
97770
123456
97772
123456
97774
123456
97776
123456
97778
123456
97780
123456
97782
123456
97784
123456
97786
123456
97788
123456
97790
123456
97792
123456
97794
123456
97796
123456
97798
123456
97800
123456
97802
123456
97804
123456
97806
123456
97808
123456
97810
123456
97812
123456
97814
123456
97816
123456
97818
123456
97820
123456
97822
123456
97824
123456
97826
123456
97828
123456
97830
123456
97832
123456
97834
123456
97836
123456
97838
123456
97840
123456
97842
123456
97844
123456
97846
123456
97848
123456
97850
123456
97852
123456
97854
123456
97856
123456
97858
123456
97860
123456
97862
123456
97864
123456
97866
123456
97868
123456
97870
123456
97872
123456
97874
123456
97876
123456
97878
123456
97880
123456
97882
123456
97884
123456
97886
123456
97888
123456
97890
123456
97892
123456
97894
123456
97896
123456
97898
123456
97900
123456
97902
123456
97904
123456
97906
123456
97908
123456
97910
123456
97912
123456
97914
123456
97916
123456
97918
123456
97920
123456
97922
123456
97924
123456
97926
123456
97928
123456
97930
123456
97932
123456
97934
123456
97936
123456
97938
123456
97940
123456
97942
123456
97944
123456
97946
123456
97948
123456
97950
123456
97952
123456
97954
123456
97956
123456
97958
123456
97960
123456
97962
123456
97964
123456
97966
123456
97968
123456
97970
123456
97972
123456
97974
123456
97976
123456
97978
123456
97980
123456
97982
123456
97984
123456
97986
123456
97988
123456
97990
123456
97992
123456
97994
123456
97996
123456
97998
123456
98000
123456
98002
123456
98004
123456
98006
123456
98008
123456
98010
123456
98012
123456
98014
123456
98016
123456
98018
123456
98020
123456
98022
123456
98024
123456
98026
123456
98028
123456
98030
123456
98032
123456
98034
123456
98036
123456
98038
123456
98040
123456
98042
123456
98044
123456
98046
123456
98048
123456
98050
123456
98052
123456
98054
123456
98056
123456
98058
123456
98060
123456
98062
123456
98064
123456
98066
123456
98068
123456
98070
123456
98072
123456
98074
123456
98076
123456
98078
123456
98080
123456
98082
123456
98084
123456
98086
123456
98088
123456
98090
123456
98092
123456
98094
123456
98096
123456
98098
123456
98100
123456
98102
123456
98104
123456
98106
123456
98108
123456
98110
123456
98112
123456
98114
123456
98116
123456
98118
123456
98120
123456
98122
123456
98124
123456
98126
123456
98128
123456
98130
123456
98132
123456
98134
123456
98136
123456
98138
123456
98140
123456
98142
123456
98144
123456
98146
123456
98148
123456
98150
123456
98152
123456
98154
123456
98156
123456
98158
123456
98160
123456
98162
123456
98164
123456
98166
123456
98168
123456
98170
123456
98172
123456
98174
123456
98176
123456
98178
123456
98180
123456
98182
123456
98184
123456
98186
123456
98188
123456
98190
123456
98192
123456
98194
123456
98196
123456
98198
123456
98200
123456
98202
123456
98204
123456
98206
123456
98208
123456
98210
123456
98212
123456
98214
123456
98216
123456
98218
123456
98220
123456
98222
123456
98224
123456
98226
123456
98228
123456
98230
123456
98232
123456
98234
123456
98236
123456
98238
123456
98240
123456
98242
123456
98244
123456
98246
123456
98248
123456
98250
123456
98252
123456
98254
123456
98256
123456
98258
123456
98260
123456
98262
123456
98264
123456
98266
123456
98268
123456
98270
123456
98272
123456
98274
123456
98276
123456
98278
123456
98280
123456
98282
123456
98284
123456
98286
123456
98288
123456
98290
123456
98292
123456
98294
123456
98296
123456
98298
123456
98300
123456
98302
123456
98304
123456
98306
123456
98308
123456
98310
123456
98312
123456
98314
123456
98316
123456
98318
123456
98320
123456
98322
123456
98324
123456
98326
123456
98328
123456
98330
123456
98332
123456
98334
123456
98336
123456
98338
123456
98340
123456
98342
123456
98344
123456
98346
123456
98348
123456
98350
123456
98352
123456
98354
123456
98356
123456
98358
123456
98360
123456
98362
123456
98364
123456
98366
123456
98368
123456
98370
123456
98372
123456
98374
123456
98376
123456
98378
123456
98380
123456
98382
123456
98384
123456
98386
123456
98388
123456
98390
123456
98392
123456
98394
123456
98396
123456
98398
123456
98400
123456
98402
123456
98404
123456
98406
123456
98408
123456
98410
123456
98412
123456
98414
123456
98416
123456
98418
123456
98420
123456
98422
123456
98424
123456
98426
123456
98428
123456
98430
123456
98432
123456
98434
123456
98436
123456
98438
123456
98440
123456
98442
123456
98444
123456
98446
123456
98448
123456
98450
123456
98452
123456
98454
123456
98456
123456
98458
123456
98460
123456
98462
123456
98464
123456
98466
123456
98468
123456
98470
123456
98472
123456
98474
123456
98476
123456
98478
123456
98480
123456
98482
123456
98484
123456
98486
123456
98488
123456
98490
123456
98492
123456
98494
123456
98496
123456
98498
123456
98500
123456
98502
123456
98504
123456
98506
123456
98508
123456
98510
123456
98512
123456
98514
123456
98516
123456
98518
123456
98520
123456
98522
123456
98524
123456
98526
123456
98528
123456
98530
123456
98532
123456
98534
123456
98536
123456
98538
123456
98540
123456
98542
123456
98544
123456
98546
123456
98548
123456
98550
123456
98552
123456
98554
123456
98556
123456
98558
123456
98560
123456
98562
123456
98564
123456
98566
123456
98568
123456
98570
123456
98572
123456
98574
123456
98576
123456
98578
123456
98580
123456
98582
123456
98584
123456
98586
123456
98588
123456
98590
123456
98592
123456
98594
123456
98596
123456
98598
123456
98600
123456
98602
123456
98604
123456
98606
123456
98608
123456
98610
123456
98612
123456
98614
123456
98616
123456
98618
123456
98620
123456
98622
123456
98624
123456
98626
123456
98628
123456
98630
123456
98632
123456
98634
123456
98636
123456
98638
123456
98640
123456
98642
123456
98644
123456
98646
123456
98648
123456
98650
123456
98652
123456
98654
123456
98656
123456
98658
123456
98660
123456
98662
123456
98664
123456
98666
123456
98668
123456
98670
123456
98672
123456
98674
123456
98676
123456
98678
123456
98680
123456
98682
123456
98684
123456
98686
123456
98688
123456
98690
123456
98692
123456
98694
123456
98696
123456
98698
123456
98700
123456
98702
123456
98704
123456
98706
123456
98708
123456
98710
123456
98712
123456
98714
123456
98716
123456
98718
123456
98720
123456
98722
123456
98724
123456
98726
123456
98728
123456
98730
123456
98732
123456
98734
123456
98736
123456
98738
123456
98740
123456
98742
123456
98744
123456
98746
123456
98748
123456
98750
123456
98752
123456
98754
123456
98756
123456
98758
123456
98760
123456
98762
123456
98764
123456
98766
123456
98768
123456
98770
123456
98772
123456
98774
123456
98776
123456
98778
123456
98780
123456
98782
123456
98784
123456
98786
123456
98788
123456
98790
123456
98792
123456
98794
123456
98796
123456
98798
123456
98800
123456
98802
123456
98804
123456
98806
123456
98808
123456
98810
123456
98812
123456
98814
123456
98816
123456
98818
123456
98820
123456
98822
123456
98824
123456
98826
123456
98828
123456
98830
123456
98832
123456
98834
123456
98836
123456
98838
123456
98840
123456
98842
123456
98844
123456
98846
123456
98848
123456
98850
123456
98852
123456
98854
123456
98856
123456
98858
123456
98860
123456
98862
123456
98864
123456
98866
123456
98868
123456
98870
123456
98872
123456
98874
123456
98876
123456
98878
123456
98880
123456
98882
123456
98884
123456
98886
123456
98888
123456
98890
123456
98892
123456
98894
123456
98896
123456
98898
123456
98900
123456
98902
123456
98904
123456
98906
123456
98908
123456
98910
123456
98912
123456
98914
123456
98916
123456
98918
123456
98920
123456
98922
123456
98924
123456
98926
123456
98928
123456
98930
123456
98932
123456
98934
123456
98936
123456
98938
123456
98940
123456
98942
123456
98944
123456
98946
123456
98948
123456
98950
123456
98952
123456
98954
123456
98956
123456
98958
123456
98960
123456
98962
123456
98964
123456
98966
123456
98968
123456
98970
123456
98972
123456
98974
123456
98976
123456
98978
123456
98980
123456
98982
123456
98984
123456
98986
123456
98988
123456
98990
123456
98992
123456
98994
123456
98996
123456
98998
123456
99000
123456
99002
123456
99004
123456
99006
123456
99008
123456
99010
123456
99012
123456
99014
123456
99016
123456
99018
123456
99020
123456
99022
123456
99024
123456
99026
123456
99028
123456
99030
123456
99032
123456
99034
123456
99036
123456
99038
123456
99040
123456
99042
123456
99044
123456
99046
123456
99048
123456
99050
123456
99052
123456
99054
123456
99056
123456
99058
123456
99060
123456
99062
123456
99064
123456
99066
123456
99068
123456
99070
123456
99072
123456
99074
123456
99076
123456
99078
123456
99080
123456
99082
123456
99084
123456
99086
123456
99088
123456
99090
123456
99092
123456
99094
123456
99096
123456
99098
123456
99100
123456
99102
123456
99104
123456
99106
123456
99108
123456
99110
123456
99112
123456
99114
123456
99116
123456
99118
123456
99120
123456
99122
123456
99124
123456
99126
123456
99128
123456
99130
123456
99132
123456
99134
123456
99136
123456
99138
123456
99140
123456
99142
123456
99144
123456
99146
123456
99148
123456
99150
123456
99152
123456
99154
123456
99156
123456
99158
123456
99160
123456
99162
123456
99164
123456
99166
123456
99168
123456
99170
123456
99172
123456
99174
123456
99176
123456
99178
123456
99180
123456
99182
123456
99184
123456
99186
123456
99188
123456
99190
123456
99192
123456
99194
123456
99196
123456
99198
123456
99200
123456
99202
123456
99204
123456
99206
123456
99208
123456
99210
123456
99212
123456
99214
123456
99216
123456
99218
123456
99220
123456
99222
123456
99224
123456
99226
123456
99228
123456
99230
123456
99232
123456
99234
123456
99236
123456
99238
123456
99240
123456
99242
123456
99244
123456
99246
123456
99248
123456
99250
123456
99252
123456
99254
123456
99256
123456
99258
123456
99260
123456
99262
123456
99264
123456
99266
123456
99268
123456
99270
123456
99272
123456
99274
123456
99276
123456
99278
123456
99280
123456
99282
123456
99284
123456
99286
123456
99288
123456
99290
123456
99292
123456
99294
123456
99296
123456
99298
123456
99300
123456
99302
123456
99304
123456
99306
123456
99308
123456
99310
123456
99312
123456
99314
123456
99316
123456
99318
123456
99320
123456
99322
123456
99324
123456
99326
123456
99328
123456
99330
123456
99332
123456
99334
123456
99336
123456
99338
123456
99340
123456
99342
123456
99344
123456
99346
123456
99348
123456
99350
123456
99352
123456
99354
123456
99356
123456
99358
123456
99360
123456
99362
123456
99364
123456
99366
123456
99368
123456
99370
123456
99372
123456
99374
123456
99376
123456
99378
123456
99380
123456
99382
123456
99384
123456
99386
123456
99388
123456
99390
123456
99392
123456
99394
123456
99396
123456
99398
123456
99400
123456
99402
123456
99404
123456
99406
123456
99408
123456
99410
123456
99412
123456
99414
123456
99416
123456
99418
123456
99420
123456
99422
123456
99424
123456
99426
123456
99428
123456
99430
123456
99432
123456
99434
123456
99436
123456
99438
123456
99440
123456
99442
123456
99444
123456
99446
123456
99448
123456
99450
123456
99452
123456
99454
123456
99456
123456
99458
123456
99460
123456
99462
123456
99464
123456
99466
123456
99468
123456
99470
123456
99472
123456
99474
123456
99476
123456
99478
123456
99480
123456
99482
123456
99484
123456
99486
123456
99488
123456
99490
123456
99492
123456
99494
123456
99496
123456
99498
123456
99500
123456
99502
123456
99504
123456
99506
123456
99508
123456
99510
123456
99512
123456
99514
123456
99516
123456
99518
123456
99520
123456
99522
123456
99524
123456
99526
123456
99528
123456
99530
123456
99532
123456
99534
123456
99536
123456
99538
123456
99540
123456
99542
123456
99544
123456
99546
123456
99548
123456
99550
123456
99552
123456
99554
123456
99556
123456
99558
123456
99560
123456
99562
123456
99564
123456
99566
123456
99568
123456
99570
123456
99572
123456
99574
123456
99576
123456
99578
123456
99580
123456
99582
123456
99584
123456
99586
123456
99588
123456
99590
123456
99592
123456
99594
123456
99596
123456
99598
123456
99600
123456
99602
123456
99604
123456
99606
123456
99608
123456
99610
123456
99612
123456
99614
123456
99616
123456
99618
123456
99620
123456
99622
123456
99624
123456
99626
123456
99628
123456
99630
123456
99632
123456
99634
123456
99636
123456
99638
123456
99640
123456
99642
123456
99644
123456
99646
123456
99648
123456
99650
123456
99652
123456
99654
123456
99656
123456
99658
123456
99660
123456
99662
123456
99664
123456
99666
123456
99668
123456
99670
123456
99672
123456
99674
123456
99676
123456
99678
123456
99680
123456
99682
123456
99684
123456
99686
123456
99688
123456
99690
123456
99692
123456
99694
123456
99696
123456
99698
123456
99700
123456
99702
123456
99704
123456
99706
123456
99708
123456
99710
123456
99712
123456
99714
123456
99716
123456
99718
123456
99720
123456
99722
123456
99724
123456
99726
123456
99728
123456
99730
123456
99732
123456
99734
123456
99736
123456
99738
123456
99740
123456
99742
123456
99744
123456
99746
123456
99748
123456
99750
123456
99752
123456
99754
123456
99756
123456
99758
123456
99760
123456
99762
123456
99764
123456
99766
123456
99768
123456
99770
123456
99772
123456
99774
123456
99776
123456
99778
123456
99780
123456
99782
123456
99784
123456
99786
123456
99788
123456
99790
123456
99792
123456
99794
123456
99796
123456
99798
123456
99800
123456
99802
123456
99804
123456
99806
123456
99808
123456
99810
123456
99812
123456
99814
123456
99816
123456
99818
123456
99820
123456
99822
123456
99824
123456
99826
123456
99828
123456
99830
123456
99832
123456
99834
123456
99836
123456
99838
123456
99840
123456
99842
123456
99844
123456
99846
123456
99848
123456
99850
123456
99852
123456
99854
123456
99856
123456
99858
123456
99860
123456
99862
123456
99864
123456
99866
123456
99868
123456
99870
123456
99872
123456
99874
123456
99876
123456
99878
123456
99880
123456
99882
123456
99884
123456
99886
123456
99888
123456
99890
123456
99892
123456
99894
123456
99896
123456
99898
123456
99900
123456
99902
123456
99904
123456
99906
123456
99908
123456
99910
123456
99912
123456
99914
123456
99916
123456
99918
123456
99920
123456
99922
123456
99924
123456
99926
123456
99928
123456
99930
123456
99932
123456
99934
123456
99936
123456
99938
123456
99940
123456
99942
123456
99944
123456
99946
123456
99948
123456
99950
123456
99952
123456
99954
123456
99956
123456
99958
123456
99960
123456
99962
123456
99964
123456
99966
123456
99968
123456
99970
123456
99972
123456
99974
123456
99976
123456
99978
123456
99980
123456
99982
123456
99984
123456
99986
123456
99988
123456
99990
123456
99992
123456
99994
123456
99996
123456
99998
123456
