0
123456789
2
123456789
4
123456789
6
123456789
8
123456789
10
123456789
12
123456789
14
123456789
16
123456789
18
123456789
20
123456789
22
123456789
24
123456789
26
123456789
28
123456789
30
123456789
32
123456789
34
123456789
36
123456789
38
123456789
40
123456789
42
123456789
44
123456789
46
123456789
48
123456789
50
123456789
52
123456789
54
123456789
56
123456789
58
123456789
60
123456789
62
123456789
64
123456789
66
123456789
68
123456789
70
123456789
72
123456789
74
123456789
76
123456789
78
123456789
80
123456789
82
123456789
84
123456789
86
123456789
88
123456789
90
123456789
92
123456789
94
123456789
96
123456789
98
123456789
100
123456789
102
123456789
104
123456789
106
123456789
108
123456789
110
123456789
112
123456789
114
123456789
116
123456789
118
123456789
120
123456789
122
123456789
124
123456789
126
123456789
128
123456789
130
123456789
132
123456789
134
123456789
136
123456789
138
123456789
140
123456789
142
123456789
144
123456789
146
123456789
148
123456789
150
123456789
152
123456789
154
123456789
156
123456789
158
123456789
160
123456789
162
123456789
164
123456789
166
123456789
168
123456789
170
123456789
172
123456789
174
123456789
176
123456789
178
123456789
180
123456789
182
123456789
184
123456789
186
123456789
188
123456789
190
123456789
192
123456789
194
123456789
196
123456789
198
123456789
200
123456789
202
123456789
204
123456789
206
123456789
208
123456789
210
123456789
212
123456789
214
123456789
216
123456789
218
123456789
220
123456789
222
123456789
224
123456789
226
123456789
228
123456789
230
123456789
232
123456789
234
123456789
236
123456789
238
123456789
240
123456789
242
123456789
244
123456789
246
123456789
248
123456789
250
123456789
252
123456789
254
123456789
256
123456789
258
123456789
260
123456789
262
123456789
264
123456789
266
123456789
268
123456789
270
123456789
272
123456789
274
123456789
276
123456789
278
123456789
280
123456789
282
123456789
284
123456789
286
123456789
288
123456789
290
123456789
292
123456789
294
123456789
296
123456789
298
123456789
300
123456789
302
123456789
304
123456789
306
123456789
308
123456789
310
123456789
312
123456789
314
123456789
316
123456789
318
123456789
320
123456789
322
123456789
324
123456789
326
123456789
328
123456789
330
123456789
332
123456789
334
123456789
336
123456789
338
123456789
340
123456789
342
123456789
344
123456789
346
123456789
348
123456789
350
123456789
352
123456789
354
123456789
356
123456789
358
123456789
360
123456789
362
123456789
364
123456789
366
123456789
368
123456789
370
123456789
372
123456789
374
123456789
376
123456789
378
123456789
380
123456789
382
123456789
384
123456789
386
123456789
388
123456789
390
123456789
392
123456789
394
123456789
396
123456789
398
123456789
400
123456789
402
123456789
404
123456789
406
123456789
408
123456789
410
123456789
412
123456789
414
123456789
416
123456789
418
123456789
420
123456789
422
123456789
424
123456789
426
123456789
428
123456789
430
123456789
432
123456789
434
123456789
436
123456789
438
123456789
440
123456789
442
123456789
444
123456789
446
123456789
448
123456789
450
123456789
452
123456789
454
123456789
456
123456789
458
123456789
460
123456789
462
123456789
464
123456789
466
123456789
468
123456789
470
123456789
472
123456789
474
123456789
476
123456789
478
123456789
480
123456789
482
123456789
484
123456789
486
123456789
488
123456789
490
123456789
492
123456789
494
123456789
496
123456789
498
123456789
500
123456789
502
123456789
504
123456789
506
123456789
508
123456789
510
123456789
512
123456789
514
123456789
516
123456789
518
123456789
520
123456789
522
123456789
524
123456789
526
123456789
528
123456789
530
123456789
532
123456789
534
123456789
536
123456789
538
123456789
540
123456789
542
123456789
544
123456789
546
123456789
548
123456789
550
123456789
552
123456789
554
123456789
556
123456789
558
123456789
560
123456789
562
123456789
564
123456789
566
123456789
568
123456789
570
123456789
572
123456789
574
123456789
576
123456789
578
123456789
580
123456789
582
123456789
584
123456789
586
123456789
588
123456789
590
123456789
592
123456789
594
123456789
596
123456789
598
123456789
600
123456789
602
123456789
604
123456789
606
123456789
608
123456789
610
123456789
612
123456789
614
123456789
616
123456789
618
123456789
620
123456789
622
123456789
624
123456789
626
123456789
628
123456789
630
123456789
632
123456789
634
123456789
636
123456789
638
123456789
640
123456789
642
123456789
644
123456789
646
123456789
648
123456789
650
123456789
652
123456789
654
123456789
656
123456789
658
123456789
660
123456789
662
123456789
664
123456789
666
123456789
668
123456789
670
123456789
672
123456789
674
123456789
676
123456789
678
123456789
680
123456789
682
123456789
684
123456789
686
123456789
688
123456789
690
123456789
692
123456789
694
123456789
696
123456789
698
123456789
700
123456789
702
123456789
704
123456789
706
123456789
708
123456789
710
123456789
712
123456789
714
123456789
716
123456789
718
123456789
720
123456789
722
123456789
724
123456789
726
123456789
728
123456789
730
123456789
732
123456789
734
123456789
736
123456789
738
123456789
740
123456789
742
123456789
744
123456789
746
123456789
748
123456789
750
123456789
752
123456789
754
123456789
756
123456789
758
123456789
760
123456789
762
123456789
764
123456789
766
123456789
768
123456789
770
123456789
772
123456789
774
123456789
776
123456789
778
123456789
780
123456789
782
123456789
784
123456789
786
123456789
788
123456789
790
123456789
792
123456789
794
123456789
796
123456789
798
123456789
800
123456789
802
123456789
804
123456789
806
123456789
808
123456789
810
123456789
812
123456789
814
123456789
816
123456789
818
123456789
820
123456789
822
123456789
824
123456789
826
123456789
828
123456789
830
123456789
832
123456789
834
123456789
836
123456789
838
123456789
840
123456789
842
123456789
844
123456789
846
123456789
848
123456789
850
123456789
852
123456789
854
123456789
856
123456789
858
123456789
860
123456789
862
123456789
864
123456789
866
123456789
868
123456789
870
123456789
872
123456789
874
123456789
876
123456789
878
123456789
880
123456789
882
123456789
884
123456789
886
123456789
888
123456789
890
123456789
892
123456789
894
123456789
896
123456789
898
123456789
900
123456789
902
123456789
904
123456789
906
123456789
908
123456789
910
123456789
912
123456789
914
123456789
916
123456789
918
123456789
920
123456789
922
123456789
924
123456789
926
123456789
928
123456789
930
123456789
932
123456789
934
123456789
936
123456789
938
123456789
940
123456789
942
123456789
944
123456789
946
123456789
948
123456789
950
123456789
952
123456789
954
123456789
956
123456789
958
123456789
960
123456789
962
123456789
964
123456789
966
123456789
968
123456789
970
123456789
972
123456789
974
123456789
976
123456789
978
123456789
980
123456789
982
123456789
984
123456789
986
123456789
988
123456789
990
123456789
992
123456789
994
123456789
996
123456789
998
123456789
1000
123456789
1002
123456789
1004
123456789
1006
123456789
1008
123456789
1010
123456789
1012
123456789
1014
123456789
1016
123456789
1018
123456789
1020
123456789
1022
123456789
1024
123456789
1026
123456789
1028
123456789
1030
123456789
1032
123456789
1034
123456789
1036
123456789
1038
123456789
1040
123456789
1042
123456789
1044
123456789
1046
123456789
1048
123456789
1050
123456789
1052
123456789
1054
123456789
1056
123456789
1058
123456789
1060
123456789
1062
123456789
1064
123456789
1066
123456789
1068
123456789
1070
123456789
1072
123456789
1074
123456789
1076
123456789
1078
123456789
1080
123456789
1082
123456789
1084
123456789
1086
123456789
1088
123456789
1090
123456789
1092
123456789
1094
123456789
1096
123456789
1098
123456789
1100
123456789
1102
123456789
1104
123456789
1106
123456789
1108
123456789
1110
123456789
1112
123456789
1114
123456789
1116
123456789
1118
123456789
1120
123456789
1122
123456789
1124
123456789
1126
123456789
1128
123456789
1130
123456789
1132
123456789
1134
123456789
1136
123456789
1138
123456789
1140
123456789
1142
123456789
1144
123456789
1146
123456789
1148
123456789
1150
123456789
1152
123456789
1154
123456789
1156
123456789
1158
123456789
1160
123456789
1162
123456789
1164
123456789
1166
123456789
1168
123456789
1170
123456789
1172
123456789
1174
123456789
1176
123456789
1178
123456789
1180
123456789
1182
123456789
1184
123456789
1186
123456789
1188
123456789
1190
123456789
1192
123456789
1194
123456789
1196
123456789
1198
123456789
1200
123456789
1202
123456789
1204
123456789
1206
123456789
1208
123456789
1210
123456789
1212
123456789
1214
123456789
1216
123456789
1218
123456789
1220
123456789
1222
123456789
1224
123456789
1226
123456789
1228
123456789
1230
123456789
1232
123456789
1234
123456789
1236
123456789
1238
123456789
1240
123456789
1242
123456789
1244
123456789
1246
123456789
1248
123456789
1250
123456789
1252
123456789
1254
123456789
1256
123456789
1258
123456789
1260
123456789
1262
123456789
1264
123456789
1266
123456789
1268
123456789
1270
123456789
1272
123456789
1274
123456789
1276
123456789
1278
123456789
1280
123456789
1282
123456789
1284
123456789
1286
123456789
1288
123456789
1290
123456789
1292
123456789
1294
123456789
1296
123456789
1298
123456789
1300
123456789
1302
123456789
1304
123456789
1306
123456789
1308
123456789
1310
123456789
1312
123456789
1314
123456789
1316
123456789
1318
123456789
1320
123456789
1322
123456789
1324
123456789
1326
123456789
1328
123456789
1330
123456789
1332
123456789
1334
123456789
1336
123456789
1338
123456789
1340
123456789
1342
123456789
1344
123456789
1346
123456789
1348
123456789
1350
123456789
1352
123456789
1354
123456789
1356
123456789
1358
123456789
1360
123456789
1362
123456789
1364
123456789
1366
123456789
1368
123456789
1370
123456789
1372
123456789
1374
123456789
1376
123456789
1378
123456789
1380
123456789
1382
123456789
1384
123456789
1386
123456789
1388
123456789
1390
123456789
1392
123456789
1394
123456789
1396
123456789
1398
123456789
1400
123456789
1402
123456789
1404
123456789
1406
123456789
1408
123456789
1410
123456789
1412
123456789
1414
123456789
1416
123456789
1418
123456789
1420
123456789
1422
123456789
1424
123456789
1426
123456789
1428
123456789
1430
123456789
1432
123456789
1434
123456789
1436
123456789
1438
123456789
1440
123456789
1442
123456789
1444
123456789
1446
123456789
1448
123456789
1450
123456789
1452
123456789
1454
123456789
1456
123456789
1458
123456789
1460
123456789
1462
123456789
1464
123456789
1466
123456789
1468
123456789
1470
123456789
1472
123456789
1474
123456789
1476
123456789
1478
123456789
1480
123456789
1482
123456789
1484
123456789
1486
123456789
1488
123456789
1490
123456789
1492
123456789
1494
123456789
1496
123456789
1498
123456789
1500
123456789
1502
123456789
1504
123456789
1506
123456789
1508
123456789
1510
123456789
1512
123456789
1514
123456789
1516
123456789
1518
123456789
1520
123456789
1522
123456789
1524
123456789
1526
123456789
1528
123456789
1530
123456789
1532
123456789
1534
123456789
1536
123456789
1538
123456789
1540
123456789
1542
123456789
1544
123456789
1546
123456789
1548
123456789
1550
123456789
1552
123456789
1554
123456789
1556
123456789
1558
123456789
1560
123456789
1562
123456789
1564
123456789
1566
123456789
1568
123456789
1570
123456789
1572
123456789
1574
123456789
1576
123456789
1578
123456789
1580
123456789
1582
123456789
1584
123456789
1586
123456789
1588
123456789
1590
123456789
1592
123456789
1594
123456789
1596
123456789
1598
123456789
1600
123456789
1602
123456789
1604
123456789
1606
123456789
1608
123456789
1610
123456789
1612
123456789
1614
123456789
1616
123456789
1618
123456789
1620
123456789
1622
123456789
1624
123456789
1626
123456789
1628
123456789
1630
123456789
1632
123456789
1634
123456789
1636
123456789
1638
123456789
1640
123456789
1642
123456789
1644
123456789
1646
123456789
1648
123456789
1650
123456789
1652
123456789
1654
123456789
1656
123456789
1658
123456789
1660
123456789
1662
123456789
1664
123456789
1666
123456789
1668
123456789
1670
123456789
1672
123456789
1674
123456789
1676
123456789
1678
123456789
1680
123456789
1682
123456789
1684
123456789
1686
123456789
1688
123456789
1690
123456789
1692
123456789
1694
123456789
1696
123456789
1698
123456789
1700
123456789
1702
123456789
1704
123456789
1706
123456789
1708
123456789
1710
123456789
1712
123456789
1714
123456789
1716
123456789
1718
123456789
1720
123456789
1722
123456789
1724
123456789
1726
123456789
1728
123456789
1730
123456789
1732
123456789
1734
123456789
1736
123456789
1738
123456789
1740
123456789
1742
123456789
1744
123456789
1746
123456789
1748
123456789
1750
123456789
1752
123456789
1754
123456789
1756
123456789
1758
123456789
1760
123456789
1762
123456789
1764
123456789
1766
123456789
1768
123456789
1770
123456789
1772
123456789
1774
123456789
1776
123456789
1778
123456789
1780
123456789
1782
123456789
1784
123456789
1786
123456789
1788
123456789
1790
123456789
1792
123456789
1794
123456789
1796
123456789
1798
123456789
1800
123456789
1802
123456789
1804
123456789
1806
123456789
1808
123456789
1810
123456789
1812
123456789
1814
123456789
1816
123456789
1818
123456789
1820
123456789
1822
123456789
1824
123456789
1826
123456789
1828
123456789
1830
123456789
1832
123456789
1834
123456789
1836
123456789
1838
123456789
1840
123456789
1842
123456789
1844
123456789
1846
123456789
1848
123456789
1850
123456789
1852
123456789
1854
123456789
1856
123456789
1858
123456789
1860
123456789
1862
123456789
1864
123456789
1866
123456789
1868
123456789
1870
123456789
1872
123456789
1874
123456789
1876
123456789
1878
123456789
1880
123456789
1882
123456789
1884
123456789
1886
123456789
1888
123456789
1890
123456789
1892
123456789
1894
123456789
1896
123456789
1898
123456789
1900
123456789
1902
123456789
1904
123456789
1906
123456789
1908
123456789
1910
123456789
1912
123456789
1914
123456789
1916
123456789
1918
123456789
1920
123456789
1922
123456789
1924
123456789
1926
123456789
1928
123456789
1930
123456789
1932
123456789
1934
123456789
1936
123456789
1938
123456789
1940
123456789
1942
123456789
1944
123456789
1946
123456789
1948
123456789
1950
123456789
1952
123456789
1954
123456789
1956
123456789
1958
123456789
1960
123456789
1962
123456789
1964
123456789
1966
123456789
1968
123456789
1970
123456789
1972
123456789
1974
123456789
1976
123456789
1978
123456789
1980
123456789
1982
123456789
1984
123456789
1986
123456789
1988
123456789
1990
123456789
1992
123456789
1994
123456789
1996
123456789
1998
123456789
2000
123456789
2002
123456789
2004
123456789
2006
123456789
2008
123456789
2010
123456789
2012
123456789
2014
123456789
2016
123456789
2018
123456789
2020
123456789
2022
123456789
2024
123456789
2026
123456789
2028
123456789
2030
123456789
2032
123456789
2034
123456789
2036
123456789
2038
123456789
2040
123456789
2042
123456789
2044
123456789
2046
123456789
2048
123456789
2050
123456789
2052
123456789
2054
123456789
2056
123456789
2058
123456789
2060
123456789
2062
123456789
2064
123456789
2066
123456789
2068
123456789
2070
123456789
2072
123456789
2074
123456789
2076
123456789
2078
123456789
2080
123456789
2082
123456789
2084
123456789
2086
123456789
2088
123456789
2090
123456789
2092
123456789
2094
123456789
2096
123456789
2098
123456789
2100
123456789
2102
123456789
2104
123456789
2106
123456789
2108
123456789
2110
123456789
2112
123456789
2114
123456789
2116
123456789
2118
123456789
2120
123456789
2122
123456789
2124
123456789
2126
123456789
2128
123456789
2130
123456789
2132
123456789
2134
123456789
2136
123456789
2138
123456789
2140
123456789
2142
123456789
2144
123456789
2146
123456789
2148
123456789
2150
123456789
2152
123456789
2154
123456789
2156
123456789
2158
123456789
2160
123456789
2162
123456789
2164
123456789
2166
123456789
2168
123456789
2170
123456789
2172
123456789
2174
123456789
2176
123456789
2178
123456789
2180
123456789
2182
123456789
2184
123456789
2186
123456789
2188
123456789
2190
123456789
2192
123456789
2194
123456789
2196
123456789
2198
123456789
2200
123456789
2202
123456789
2204
123456789
2206
123456789
2208
123456789
2210
123456789
2212
123456789
2214
123456789
2216
123456789
2218
123456789
2220
123456789
2222
123456789
2224
123456789
2226
123456789
2228
123456789
2230
123456789
2232
123456789
2234
123456789
2236
123456789
2238
123456789
2240
123456789
2242
123456789
2244
123456789
2246
123456789
2248
123456789
2250
123456789
2252
123456789
2254
123456789
2256
123456789
2258
123456789
2260
123456789
2262
123456789
2264
123456789
2266
123456789
2268
123456789
2270
123456789
2272
123456789
2274
123456789
2276
123456789
2278
123456789
2280
123456789
2282
123456789
2284
123456789
2286
123456789
2288
123456789
2290
123456789
2292
123456789
2294
123456789
2296
123456789
2298
123456789
2300
123456789
2302
123456789
2304
123456789
2306
123456789
2308
123456789
2310
123456789
2312
123456789
2314
123456789
2316
123456789
2318
123456789
2320
123456789
2322
123456789
2324
123456789
2326
123456789
2328
123456789
2330
123456789
2332
123456789
2334
123456789
2336
123456789
2338
123456789
2340
123456789
2342
123456789
2344
123456789
2346
123456789
2348
123456789
2350
123456789
2352
123456789
2354
123456789
2356
123456789
2358
123456789
2360
123456789
2362
123456789
2364
123456789
2366
123456789
2368
123456789
2370
123456789
2372
123456789
2374
123456789
2376
123456789
2378
123456789
2380
123456789
2382
123456789
2384
123456789
2386
123456789
2388
123456789
2390
123456789
2392
123456789
2394
123456789
2396
123456789
2398
123456789
2400
123456789
2402
123456789
2404
123456789
2406
123456789
2408
123456789
2410
123456789
2412
123456789
2414
123456789
2416
123456789
2418
123456789
2420
123456789
2422
123456789
2424
123456789
2426
123456789
2428
123456789
2430
123456789
2432
123456789
2434
123456789
2436
123456789
2438
123456789
2440
123456789
2442
123456789
2444
123456789
2446
123456789
2448
123456789
2450
123456789
2452
123456789
2454
123456789
2456
123456789
2458
123456789
2460
123456789
2462
123456789
2464
123456789
2466
123456789
2468
123456789
2470
123456789
2472
123456789
2474
123456789
2476
123456789
2478
123456789
2480
123456789
2482
123456789
2484
123456789
2486
123456789
2488
123456789
2490
123456789
2492
123456789
2494
123456789
2496
123456789
2498
123456789
2500
123456789
2502
123456789
2504
123456789
2506
123456789
2508
123456789
2510
123456789
2512
123456789
2514
123456789
2516
123456789
2518
123456789
2520
123456789
2522
123456789
2524
123456789
2526
123456789
2528
123456789
2530
123456789
2532
123456789
2534
123456789
2536
123456789
2538
123456789
2540
123456789
2542
123456789
2544
123456789
2546
123456789
2548
123456789
2550
123456789
2552
123456789
2554
123456789
2556
123456789
2558
123456789
2560
123456789
2562
123456789
2564
123456789
2566
123456789
2568
123456789
2570
123456789
2572
123456789
2574
123456789
2576
123456789
2578
123456789
2580
123456789
2582
123456789
2584
123456789
2586
123456789
2588
123456789
2590
123456789
2592
123456789
2594
123456789
2596
123456789
2598
123456789
2600
123456789
2602
123456789
2604
123456789
2606
123456789
2608
123456789
2610
123456789
2612
123456789
2614
123456789
2616
123456789
2618
123456789
2620
123456789
2622
123456789
2624
123456789
2626
123456789
2628
123456789
2630
123456789
2632
123456789
2634
123456789
2636
123456789
2638
123456789
2640
123456789
2642
123456789
2644
123456789
2646
123456789
2648
123456789
2650
123456789
2652
123456789
2654
123456789
2656
123456789
2658
123456789
2660
123456789
2662
123456789
2664
123456789
2666
123456789
2668
123456789
2670
123456789
2672
123456789
2674
123456789
2676
123456789
2678
123456789
2680
123456789
2682
123456789
2684
123456789
2686
123456789
2688
123456789
2690
123456789
2692
123456789
2694
123456789
2696
123456789
2698
123456789
2700
123456789
2702
123456789
2704
123456789
2706
123456789
2708
123456789
2710
123456789
2712
123456789
2714
123456789
2716
123456789
2718
123456789
2720
123456789
2722
123456789
2724
123456789
2726
123456789
2728
123456789
2730
123456789
2732
123456789
2734
123456789
2736
123456789
2738
123456789
2740
123456789
2742
123456789
2744
123456789
2746
123456789
2748
123456789
2750
123456789
2752
123456789
2754
123456789
2756
123456789
2758
123456789
2760
123456789
2762
123456789
2764
123456789
2766
123456789
2768
123456789
2770
123456789
2772
123456789
2774
123456789
2776
123456789
2778
123456789
2780
123456789
2782
123456789
2784
123456789
2786
123456789
2788
123456789
2790
123456789
2792
123456789
2794
123456789
2796
123456789
2798
123456789
2800
123456789
2802
123456789
2804
123456789
2806
123456789
2808
123456789
2810
123456789
2812
123456789
2814
123456789
2816
123456789
2818
123456789
2820
123456789
2822
123456789
2824
123456789
2826
123456789
2828
123456789
2830
123456789
2832
123456789
2834
123456789
2836
123456789
2838
123456789
2840
123456789
2842
123456789
2844
123456789
2846
123456789
2848
123456789
2850
123456789
2852
123456789
2854
123456789
2856
123456789
2858
123456789
2860
123456789
2862
123456789
2864
123456789
2866
123456789
2868
123456789
2870
123456789
2872
123456789
2874
123456789
2876
123456789
2878
123456789
2880
123456789
2882
123456789
2884
123456789
2886
123456789
2888
123456789
2890
123456789
2892
123456789
2894
123456789
2896
123456789
2898
123456789
2900
123456789
2902
123456789
2904
123456789
2906
123456789
2908
123456789
2910
123456789
2912
123456789
2914
123456789
2916
123456789
2918
123456789
2920
123456789
2922
123456789
2924
123456789
2926
123456789
2928
123456789
2930
123456789
2932
123456789
2934
123456789
2936
123456789
2938
123456789
2940
123456789
2942
123456789
2944
123456789
2946
123456789
2948
123456789
2950
123456789
2952
123456789
2954
123456789
2956
123456789
2958
123456789
2960
123456789
2962
123456789
2964
123456789
2966
123456789
2968
123456789
2970
123456789
2972
123456789
2974
123456789
2976
123456789
2978
123456789
2980
123456789
2982
123456789
2984
123456789
2986
123456789
2988
123456789
2990
123456789
2992
123456789
2994
123456789
2996
123456789
2998
123456789
3000
123456789
3002
123456789
3004
123456789
3006
123456789
3008
123456789
3010
123456789
3012
123456789
3014
123456789
3016
123456789
3018
123456789
3020
123456789
3022
123456789
3024
123456789
3026
123456789
3028
123456789
3030
123456789
3032
123456789
3034
123456789
3036
123456789
3038
123456789
3040
123456789
3042
123456789
3044
123456789
3046
123456789
3048
123456789
3050
123456789
3052
123456789
3054
123456789
3056
123456789
3058
123456789
3060
123456789
3062
123456789
3064
123456789
3066
123456789
3068
123456789
3070
123456789
3072
123456789
3074
123456789
3076
123456789
3078
123456789
3080
123456789
3082
123456789
3084
123456789
3086
123456789
3088
123456789
3090
123456789
3092
123456789
3094
123456789
3096
123456789
3098
123456789
3100
123456789
3102
123456789
3104
123456789
3106
123456789
3108
123456789
3110
123456789
3112
123456789
3114
123456789
3116
123456789
3118
123456789
3120
123456789
3122
123456789
3124
123456789
3126
123456789
3128
123456789
3130
123456789
3132
123456789
3134
123456789
3136
123456789
3138
123456789
3140
123456789
3142
123456789
3144
123456789
3146
123456789
3148
123456789
3150
123456789
3152
123456789
3154
123456789
3156
123456789
3158
123456789
3160
123456789
3162
123456789
3164
123456789
3166
123456789
3168
123456789
3170
123456789
3172
123456789
3174
123456789
3176
123456789
3178
123456789
3180
123456789
3182
123456789
3184
123456789
3186
123456789
3188
123456789
3190
123456789
3192
123456789
3194
123456789
3196
123456789
3198
123456789
3200
123456789
3202
123456789
3204
123456789
3206
123456789
3208
123456789
3210
123456789
3212
123456789
3214
123456789
3216
123456789
3218
123456789
3220
123456789
3222
123456789
3224
123456789
3226
123456789
3228
123456789
3230
123456789
3232
123456789
3234
123456789
3236
123456789
3238
123456789
3240
123456789
3242
123456789
3244
123456789
3246
123456789
3248
123456789
3250
123456789
3252
123456789
3254
123456789
3256
123456789
3258
123456789
3260
123456789
3262
123456789
3264
123456789
3266
123456789
3268
123456789
3270
123456789
3272
123456789
3274
123456789
3276
123456789
3278
123456789
3280
123456789
3282
123456789
3284
123456789
3286
123456789
3288
123456789
3290
123456789
3292
123456789
3294
123456789
3296
123456789
3298
123456789
3300
123456789
3302
123456789
3304
123456789
3306
123456789
3308
123456789
3310
123456789
3312
123456789
3314
123456789
3316
123456789
3318
123456789
3320
123456789
3322
123456789
3324
123456789
3326
123456789
3328
123456789
3330
123456789
3332
123456789
3334
123456789
3336
123456789
3338
123456789
3340
123456789
3342
123456789
3344
123456789
3346
123456789
3348
123456789
3350
123456789
3352
123456789
3354
123456789
3356
123456789
3358
123456789
3360
123456789
3362
123456789
3364
123456789
3366
123456789
3368
123456789
3370
123456789
3372
123456789
3374
123456789
3376
123456789
3378
123456789
3380
123456789
3382
123456789
3384
123456789
3386
123456789
3388
123456789
3390
123456789
3392
123456789
3394
123456789
3396
123456789
3398
123456789
3400
123456789
3402
123456789
3404
123456789
3406
123456789
3408
123456789
3410
123456789
3412
123456789
3414
123456789
3416
123456789
3418
123456789
3420
123456789
3422
123456789
3424
123456789
3426
123456789
3428
123456789
3430
123456789
3432
123456789
3434
123456789
3436
123456789
3438
123456789
3440
123456789
3442
123456789
3444
123456789
3446
123456789
3448
123456789
3450
123456789
3452
123456789
3454
123456789
3456
123456789
3458
123456789
3460
123456789
3462
123456789
3464
123456789
3466
123456789
3468
123456789
3470
123456789
3472
123456789
3474
123456789
3476
123456789
3478
123456789
3480
123456789
3482
123456789
3484
123456789
3486
123456789
3488
123456789
3490
123456789
3492
123456789
3494
123456789
3496
123456789
3498
123456789
3500
123456789
3502
123456789
3504
123456789
3506
123456789
3508
123456789
3510
123456789
3512
123456789
3514
123456789
3516
123456789
3518
123456789
3520
123456789
3522
123456789
3524
123456789
3526
123456789
3528
123456789
3530
123456789
3532
123456789
3534
123456789
3536
123456789
3538
123456789
3540
123456789
3542
123456789
3544
123456789
3546
123456789
3548
123456789
3550
123456789
3552
123456789
3554
123456789
3556
123456789
3558
123456789
3560
123456789
3562
123456789
3564
123456789
3566
123456789
3568
123456789
3570
123456789
3572
123456789
3574
123456789
3576
123456789
3578
123456789
3580
123456789
3582
123456789
3584
123456789
3586
123456789
3588
123456789
3590
123456789
3592
123456789
3594
123456789
3596
123456789
3598
123456789
3600
123456789
3602
123456789
3604
123456789
3606
123456789
3608
123456789
3610
123456789
3612
123456789
3614
123456789
3616
123456789
3618
123456789
3620
123456789
3622
123456789
3624
123456789
3626
123456789
3628
123456789
3630
123456789
3632
123456789
3634
123456789
3636
123456789
3638
123456789
3640
123456789
3642
123456789
3644
123456789
3646
123456789
3648
123456789
3650
123456789
3652
123456789
3654
123456789
3656
123456789
3658
123456789
3660
123456789
3662
123456789
3664
123456789
3666
123456789
3668
123456789
3670
123456789
3672
123456789
3674
123456789
3676
123456789
3678
123456789
3680
123456789
3682
123456789
3684
123456789
3686
123456789
3688
123456789
3690
123456789
3692
123456789
3694
123456789
3696
123456789
3698
123456789
3700
123456789
3702
123456789
3704
123456789
3706
123456789
3708
123456789
3710
123456789
3712
123456789
3714
123456789
3716
123456789
3718
123456789
3720
123456789
3722
123456789
3724
123456789
3726
123456789
3728
123456789
3730
123456789
3732
123456789
3734
123456789
3736
123456789
3738
123456789
3740
123456789
3742
123456789
3744
123456789
3746
123456789
3748
123456789
3750
123456789
3752
123456789
3754
123456789
3756
123456789
3758
123456789
3760
123456789
3762
123456789
3764
123456789
3766
123456789
3768
123456789
3770
123456789
3772
123456789
3774
123456789
3776
123456789
3778
123456789
3780
123456789
3782
123456789
3784
123456789
3786
123456789
3788
123456789
3790
123456789
3792
123456789
3794
123456789
3796
123456789
3798
123456789
3800
123456789
3802
123456789
3804
123456789
3806
123456789
3808
123456789
3810
123456789
3812
123456789
3814
123456789
3816
123456789
3818
123456789
3820
123456789
3822
123456789
3824
123456789
3826
123456789
3828
123456789
3830
123456789
3832
123456789
3834
123456789
3836
123456789
3838
123456789
3840
123456789
3842
123456789
3844
123456789
3846
123456789
3848
123456789
3850
123456789
3852
123456789
3854
123456789
3856
123456789
3858
123456789
3860
123456789
3862
123456789
3864
123456789
3866
123456789
3868
123456789
3870
123456789
3872
123456789
3874
123456789
3876
123456789
3878
123456789
3880
123456789
3882
123456789
3884
123456789
3886
123456789
3888
123456789
3890
123456789
3892
123456789
3894
123456789
3896
123456789
3898
123456789
3900
123456789
3902
123456789
3904
123456789
3906
123456789
3908
123456789
3910
123456789
3912
123456789
3914
123456789
3916
123456789
3918
123456789
3920
123456789
3922
123456789
3924
123456789
3926
123456789
3928
123456789
3930
123456789
3932
123456789
3934
123456789
3936
123456789
3938
123456789
3940
123456789
3942
123456789
3944
123456789
3946
123456789
3948
123456789
3950
123456789
3952
123456789
3954
123456789
3956
123456789
3958
123456789
3960
123456789
3962
123456789
3964
123456789
3966
123456789
3968
123456789
3970
123456789
3972
123456789
3974
123456789
3976
123456789
3978
123456789
3980
123456789
3982
123456789
3984
123456789
3986
123456789
3988
123456789
3990
123456789
3992
123456789
3994
123456789
3996
123456789
3998
123456789
4000
123456789
4002
123456789
4004
123456789
4006
123456789
4008
123456789
4010
123456789
4012
123456789
4014
123456789
4016
123456789
4018
123456789
4020
123456789
4022
123456789
4024
123456789
4026
123456789
4028
123456789
4030
123456789
4032
123456789
4034
123456789
4036
123456789
4038
123456789
4040
123456789
4042
123456789
4044
123456789
4046
123456789
4048
123456789
4050
123456789
4052
123456789
4054
123456789
4056
123456789
4058
123456789
4060
123456789
4062
123456789
4064
123456789
4066
123456789
4068
123456789
4070
123456789
4072
123456789
4074
123456789
4076
123456789
4078
123456789
4080
123456789
4082
123456789
4084
123456789
4086
123456789
4088
123456789
4090
123456789
4092
123456789
4094
123456789
4096
123456789
4098
123456789
4100
123456789
4102
123456789
4104
123456789
4106
123456789
4108
123456789
4110
123456789
4112
123456789
4114
123456789
4116
123456789
4118
123456789
4120
123456789
4122
123456789
4124
123456789
4126
123456789
4128
123456789
4130
123456789
4132
123456789
4134
123456789
4136
123456789
4138
123456789
4140
123456789
4142
123456789
4144
123456789
4146
123456789
4148
123456789
4150
123456789
4152
123456789
4154
123456789
4156
123456789
4158
123456789
4160
123456789
4162
123456789
4164
123456789
4166
123456789
4168
123456789
4170
123456789
4172
123456789
4174
123456789
4176
123456789
4178
123456789
4180
123456789
4182
123456789
4184
123456789
4186
123456789
4188
123456789
4190
123456789
4192
123456789
4194
123456789
4196
123456789
4198
123456789
4200
123456789
4202
123456789
4204
123456789
4206
123456789
4208
123456789
4210
123456789
4212
123456789
4214
123456789
4216
123456789
4218
123456789
4220
123456789
4222
123456789
4224
123456789
4226
123456789
4228
123456789
4230
123456789
4232
123456789
4234
123456789
4236
123456789
4238
123456789
4240
123456789
4242
123456789
4244
123456789
4246
123456789
4248
123456789
4250
123456789
4252
123456789
4254
123456789
4256
123456789
4258
123456789
4260
123456789
4262
123456789
4264
123456789
4266
123456789
4268
123456789
4270
123456789
4272
123456789
4274
123456789
4276
123456789
4278
123456789
4280
123456789
4282
123456789
4284
123456789
4286
123456789
4288
123456789
4290
123456789
4292
123456789
4294
123456789
4296
123456789
4298
123456789
4300
123456789
4302
123456789
4304
123456789
4306
123456789
4308
123456789
4310
123456789
4312
123456789
4314
123456789
4316
123456789
4318
123456789
4320
123456789
4322
123456789
4324
123456789
4326
123456789
4328
123456789
4330
123456789
4332
123456789
4334
123456789
4336
123456789
4338
123456789
4340
123456789
4342
123456789
4344
123456789
4346
123456789
4348
123456789
4350
123456789
4352
123456789
4354
123456789
4356
123456789
4358
123456789
4360
123456789
4362
123456789
4364
123456789
4366
123456789
4368
123456789
4370
123456789
4372
123456789
4374
123456789
4376
123456789
4378
123456789
4380
123456789
4382
123456789
4384
123456789
4386
123456789
4388
123456789
4390
123456789
4392
123456789
4394
123456789
4396
123456789
4398
123456789
4400
123456789
4402
123456789
4404
123456789
4406
123456789
4408
123456789
4410
123456789
4412
123456789
4414
123456789
4416
123456789
4418
123456789
4420
123456789
4422
123456789
4424
123456789
4426
123456789
4428
123456789
4430
123456789
4432
123456789
4434
123456789
4436
123456789
4438
123456789
4440
123456789
4442
123456789
4444
123456789
4446
123456789
4448
123456789
4450
123456789
4452
123456789
4454
123456789
4456
123456789
4458
123456789
4460
123456789
4462
123456789
4464
123456789
4466
123456789
4468
123456789
4470
123456789
4472
123456789
4474
123456789
4476
123456789
4478
123456789
4480
123456789
4482
123456789
4484
123456789
4486
123456789
4488
123456789
4490
123456789
4492
123456789
4494
123456789
4496
123456789
4498
123456789
4500
123456789
4502
123456789
4504
123456789
4506
123456789
4508
123456789
4510
123456789
4512
123456789
4514
123456789
4516
123456789
4518
123456789
4520
123456789
4522
123456789
4524
123456789
4526
123456789
4528
123456789
4530
123456789
4532
123456789
4534
123456789
4536
123456789
4538
123456789
4540
123456789
4542
123456789
4544
123456789
4546
123456789
4548
123456789
4550
123456789
4552
123456789
4554
123456789
4556
123456789
4558
123456789
4560
123456789
4562
123456789
4564
123456789
4566
123456789
4568
123456789
4570
123456789
4572
123456789
4574
123456789
4576
123456789
4578
123456789
4580
123456789
4582
123456789
4584
123456789
4586
123456789
4588
123456789
4590
123456789
4592
123456789
4594
123456789
4596
123456789
4598
123456789
4600
123456789
4602
123456789
4604
123456789
4606
123456789
4608
123456789
4610
123456789
4612
123456789
4614
123456789
4616
123456789
4618
123456789
4620
123456789
4622
123456789
4624
123456789
4626
123456789
4628
123456789
4630
123456789
4632
123456789
4634
123456789
4636
123456789
4638
123456789
4640
123456789
4642
123456789
4644
123456789
4646
123456789
4648
123456789
4650
123456789
4652
123456789
4654
123456789
4656
123456789
4658
123456789
4660
123456789
4662
123456789
4664
123456789
4666
123456789
4668
123456789
4670
123456789
4672
123456789
4674
123456789
4676
123456789
4678
123456789
4680
123456789
4682
123456789
4684
123456789
4686
123456789
4688
123456789
4690
123456789
4692
123456789
4694
123456789
4696
123456789
4698
123456789
4700
123456789
4702
123456789
4704
123456789
4706
123456789
4708
123456789
4710
123456789
4712
123456789
4714
123456789
4716
123456789
4718
123456789
4720
123456789
4722
123456789
4724
123456789
4726
123456789
4728
123456789
4730
123456789
4732
123456789
4734
123456789
4736
123456789
4738
123456789
4740
123456789
4742
123456789
4744
123456789
4746
123456789
4748
123456789
4750
123456789
4752
123456789
4754
123456789
4756
123456789
4758
123456789
4760
123456789
4762
123456789
4764
123456789
4766
123456789
4768
123456789
4770
123456789
4772
123456789
4774
123456789
4776
123456789
4778
123456789
4780
123456789
4782
123456789
4784
123456789
4786
123456789
4788
123456789
4790
123456789
4792
123456789
4794
123456789
4796
123456789
4798
123456789
4800
123456789
4802
123456789
4804
123456789
4806
123456789
4808
123456789
4810
123456789
4812
123456789
4814
123456789
4816
123456789
4818
123456789
4820
123456789
4822
123456789
4824
123456789
4826
123456789
4828
123456789
4830
123456789
4832
123456789
4834
123456789
4836
123456789
4838
123456789
4840
123456789
4842
123456789
4844
123456789
4846
123456789
4848
123456789
4850
123456789
4852
123456789
4854
123456789
4856
123456789
4858
123456789
4860
123456789
4862
123456789
4864
123456789
4866
123456789
4868
123456789
4870
123456789
4872
123456789
4874
123456789
4876
123456789
4878
123456789
4880
123456789
4882
123456789
4884
123456789
4886
123456789
4888
123456789
4890
123456789
4892
123456789
4894
123456789
4896
123456789
4898
123456789
4900
123456789
4902
123456789
4904
123456789
4906
123456789
4908
123456789
4910
123456789
4912
123456789
4914
123456789
4916
123456789
4918
123456789
4920
123456789
4922
123456789
4924
123456789
4926
123456789
4928
123456789
4930
123456789
4932
123456789
4934
123456789
4936
123456789
4938
123456789
4940
123456789
4942
123456789
4944
123456789
4946
123456789
4948
123456789
4950
123456789
4952
123456789
4954
123456789
4956
123456789
4958
123456789
4960
123456789
4962
123456789
4964
123456789
4966
123456789
4968
123456789
4970
123456789
4972
123456789
4974
123456789
4976
123456789
4978
123456789
4980
123456789
4982
123456789
4984
123456789
4986
123456789
4988
123456789
4990
123456789
4992
123456789
4994
123456789
4996
123456789
4998
123456789
5000
123456789
5002
123456789
5004
123456789
5006
123456789
5008
123456789
5010
123456789
5012
123456789
5014
123456789
5016
123456789
5018
123456789
5020
123456789
5022
123456789
5024
123456789
5026
123456789
5028
123456789
5030
123456789
5032
123456789
5034
123456789
5036
123456789
5038
123456789
5040
123456789
5042
123456789
5044
123456789
5046
123456789
5048
123456789
5050
123456789
5052
123456789
5054
123456789
5056
123456789
5058
123456789
5060
123456789
5062
123456789
5064
123456789
5066
123456789
5068
123456789
5070
123456789
5072
123456789
5074
123456789
5076
123456789
5078
123456789
5080
123456789
5082
123456789
5084
123456789
5086
123456789
5088
123456789
5090
123456789
5092
123456789
5094
123456789
5096
123456789
5098
123456789
5100
123456789
5102
123456789
5104
123456789
5106
123456789
5108
123456789
5110
123456789
5112
123456789
5114
123456789
5116
123456789
5118
123456789
5120
123456789
5122
123456789
5124
123456789
5126
123456789
5128
123456789
5130
123456789
5132
123456789
5134
123456789
5136
123456789
5138
123456789
5140
123456789
5142
123456789
5144
123456789
5146
123456789
5148
123456789
5150
123456789
5152
123456789
5154
123456789
5156
123456789
5158
123456789
5160
123456789
5162
123456789
5164
123456789
5166
123456789
5168
123456789
5170
123456789
5172
123456789
5174
123456789
5176
123456789
5178
123456789
5180
123456789
5182
123456789
5184
123456789
5186
123456789
5188
123456789
5190
123456789
5192
123456789
5194
123456789
5196
123456789
5198
123456789
5200
123456789
5202
123456789
5204
123456789
5206
123456789
5208
123456789
5210
123456789
5212
123456789
5214
123456789
5216
123456789
5218
123456789
5220
123456789
5222
123456789
5224
123456789
5226
123456789
5228
123456789
5230
123456789
5232
123456789
5234
123456789
5236
123456789
5238
123456789
5240
123456789
5242
123456789
5244
123456789
5246
123456789
5248
123456789
5250
123456789
5252
123456789
5254
123456789
5256
123456789
5258
123456789
5260
123456789
5262
123456789
5264
123456789
5266
123456789
5268
123456789
5270
123456789
5272
123456789
5274
123456789
5276
123456789
5278
123456789
5280
123456789
5282
123456789
5284
123456789
5286
123456789
5288
123456789
5290
123456789
5292
123456789
5294
123456789
5296
123456789
5298
123456789
5300
123456789
5302
123456789
5304
123456789
5306
123456789
5308
123456789
5310
123456789
5312
123456789
5314
123456789
5316
123456789
5318
123456789
5320
123456789
5322
123456789
5324
123456789
5326
123456789
5328
123456789
5330
123456789
5332
123456789
5334
123456789
5336
123456789
5338
123456789
5340
123456789
5342
123456789
5344
123456789
5346
123456789
5348
123456789
5350
123456789
5352
123456789
5354
123456789
5356
123456789
5358
123456789
5360
123456789
5362
123456789
5364
123456789
5366
123456789
5368
123456789
5370
123456789
5372
123456789
5374
123456789
5376
123456789
5378
123456789
5380
123456789
5382
123456789
5384
123456789
5386
123456789
5388
123456789
5390
123456789
5392
123456789
5394
123456789
5396
123456789
5398
123456789
5400
123456789
5402
123456789
5404
123456789
5406
123456789
5408
123456789
5410
123456789
5412
123456789
5414
123456789
5416
123456789
5418
123456789
5420
123456789
5422
123456789
5424
123456789
5426
123456789
5428
123456789
5430
123456789
5432
123456789
5434
123456789
5436
123456789
5438
123456789
5440
123456789
5442
123456789
5444
123456789
5446
123456789
5448
123456789
5450
123456789
5452
123456789
5454
123456789
5456
123456789
5458
123456789
5460
123456789
5462
123456789
5464
123456789
5466
123456789
5468
123456789
5470
123456789
5472
123456789
5474
123456789
5476
123456789
5478
123456789
5480
123456789
5482
123456789
5484
123456789
5486
123456789
5488
123456789
5490
123456789
5492
123456789
5494
123456789
5496
123456789
5498
123456789
5500
123456789
5502
123456789
5504
123456789
5506
123456789
5508
123456789
5510
123456789
5512
123456789
5514
123456789
5516
123456789
5518
123456789
5520
123456789
5522
123456789
5524
123456789
5526
123456789
5528
123456789
5530
123456789
5532
123456789
5534
123456789
5536
123456789
5538
123456789
5540
123456789
5542
123456789
5544
123456789
5546
123456789
5548
123456789
5550
123456789
5552
123456789
5554
123456789
5556
123456789
5558
123456789
5560
123456789
5562
123456789
5564
123456789
5566
123456789
5568
123456789
5570
123456789
5572
123456789
5574
123456789
5576
123456789
5578
123456789
5580
123456789
5582
123456789
5584
123456789
5586
123456789
5588
123456789
5590
123456789
5592
123456789
5594
123456789
5596
123456789
5598
123456789
5600
123456789
5602
123456789
5604
123456789
5606
123456789
5608
123456789
5610
123456789
5612
123456789
5614
123456789
5616
123456789
5618
123456789
5620
123456789
5622
123456789
5624
123456789
5626
123456789
5628
123456789
5630
123456789
5632
123456789
5634
123456789
5636
123456789
5638
123456789
5640
123456789
5642
123456789
5644
123456789
5646
123456789
5648
123456789
5650
123456789
5652
123456789
5654
123456789
5656
123456789
5658
123456789
5660
123456789
5662
123456789
5664
123456789
5666
123456789
5668
123456789
5670
123456789
5672
123456789
5674
123456789
5676
123456789
5678
123456789
5680
123456789
5682
123456789
5684
123456789
5686
123456789
5688
123456789
5690
123456789
5692
123456789
5694
123456789
5696
123456789
5698
123456789
5700
123456789
5702
123456789
5704
123456789
5706
123456789
5708
123456789
5710
123456789
5712
123456789
5714
123456789
5716
123456789
5718
123456789
5720
123456789
5722
123456789
5724
123456789
5726
123456789
5728
123456789
5730
123456789
5732
123456789
5734
123456789
5736
123456789
5738
123456789
5740
123456789
5742
123456789
5744
123456789
5746
123456789
5748
123456789
5750
123456789
5752
123456789
5754
123456789
5756
123456789
5758
123456789
5760
123456789
5762
123456789
5764
123456789
5766
123456789
5768
123456789
5770
123456789
5772
123456789
5774
123456789
5776
123456789
5778
123456789
5780
123456789
5782
123456789
5784
123456789
5786
123456789
5788
123456789
5790
123456789
5792
123456789
5794
123456789
5796
123456789
5798
123456789
5800
123456789
5802
123456789
5804
123456789
5806
123456789
5808
123456789
5810
123456789
5812
123456789
5814
123456789
5816
123456789
5818
123456789
5820
123456789
5822
123456789
5824
123456789
5826
123456789
5828
123456789
5830
123456789
5832
123456789
5834
123456789
5836
123456789
5838
123456789
5840
123456789
5842
123456789
5844
123456789
5846
123456789
5848
123456789
5850
123456789
5852
123456789
5854
123456789
5856
123456789
5858
123456789
5860
123456789
5862
123456789
5864
123456789
5866
123456789
5868
123456789
5870
123456789
5872
123456789
5874
123456789
5876
123456789
5878
123456789
5880
123456789
5882
123456789
5884
123456789
5886
123456789
5888
123456789
5890
123456789
5892
123456789
5894
123456789
5896
123456789
5898
123456789
5900
123456789
5902
123456789
5904
123456789
5906
123456789
5908
123456789
5910
123456789
5912
123456789
5914
123456789
5916
123456789
5918
123456789
5920
123456789
5922
123456789
5924
123456789
5926
123456789
5928
123456789
5930
123456789
5932
123456789
5934
123456789
5936
123456789
5938
123456789
5940
123456789
5942
123456789
5944
123456789
5946
123456789
5948
123456789
5950
123456789
5952
123456789
5954
123456789
5956
123456789
5958
123456789
5960
123456789
5962
123456789
5964
123456789
5966
123456789
5968
123456789
5970
123456789
5972
123456789
5974
123456789
5976
123456789
5978
123456789
5980
123456789
5982
123456789
5984
123456789
5986
123456789
5988
123456789
5990
123456789
5992
123456789
5994
123456789
5996
123456789
5998
123456789
6000
123456789
6002
123456789
6004
123456789
6006
123456789
6008
123456789
6010
123456789
6012
123456789
6014
123456789
6016
123456789
6018
123456789
6020
123456789
6022
123456789
6024
123456789
6026
123456789
6028
123456789
6030
123456789
6032
123456789
6034
123456789
6036
123456789
6038
123456789
6040
123456789
6042
123456789
6044
123456789
6046
123456789
6048
123456789
6050
123456789
6052
123456789
6054
123456789
6056
123456789
6058
123456789
6060
123456789
6062
123456789
6064
123456789
6066
123456789
6068
123456789
6070
123456789
6072
123456789
6074
123456789
6076
123456789
6078
123456789
6080
123456789
6082
123456789
6084
123456789
6086
123456789
6088
123456789
6090
123456789
6092
123456789
6094
123456789
6096
123456789
6098
123456789
6100
123456789
6102
123456789
6104
123456789
6106
123456789
6108
123456789
6110
123456789
6112
123456789
6114
123456789
6116
123456789
6118
123456789
6120
123456789
6122
123456789
6124
123456789
6126
123456789
6128
123456789
6130
123456789
6132
123456789
6134
123456789
6136
123456789
6138
123456789
6140
123456789
6142
123456789
6144
123456789
6146
123456789
6148
123456789
6150
123456789
6152
123456789
6154
123456789
6156
123456789
6158
123456789
6160
123456789
6162
123456789
6164
123456789
6166
123456789
6168
123456789
6170
123456789
6172
123456789
6174
123456789
6176
123456789
6178
123456789
6180
123456789
6182
123456789
6184
123456789
6186
123456789
6188
123456789
6190
123456789
6192
123456789
6194
123456789
6196
123456789
6198
123456789
6200
123456789
6202
123456789
6204
123456789
6206
123456789
6208
123456789
6210
123456789
6212
123456789
6214
123456789
6216
123456789
6218
123456789
6220
123456789
6222
123456789
6224
123456789
6226
123456789
6228
123456789
6230
123456789
6232
123456789
6234
123456789
6236
123456789
6238
123456789
6240
123456789
6242
123456789
6244
123456789
6246
123456789
6248
123456789
6250
123456789
6252
123456789
6254
123456789
6256
123456789
6258
123456789
6260
123456789
6262
123456789
6264
123456789
6266
123456789
6268
123456789
6270
123456789
6272
123456789
6274
123456789
6276
123456789
6278
123456789
6280
123456789
6282
123456789
6284
123456789
6286
123456789
6288
123456789
6290
123456789
6292
123456789
6294
123456789
6296
123456789
6298
123456789
6300
123456789
6302
123456789
6304
123456789
6306
123456789
6308
123456789
6310
123456789
6312
123456789
6314
123456789
6316
123456789
6318
123456789
6320
123456789
6322
123456789
6324
123456789
6326
123456789
6328
123456789
6330
123456789
6332
123456789
6334
123456789
6336
123456789
6338
123456789
6340
123456789
6342
123456789
6344
123456789
6346
123456789
6348
123456789
6350
123456789
6352
123456789
6354
123456789
6356
123456789
6358
123456789
6360
123456789
6362
123456789
6364
123456789
6366
123456789
6368
123456789
6370
123456789
6372
123456789
6374
123456789
6376
123456789
6378
123456789
6380
123456789
6382
123456789
6384
123456789
6386
123456789
6388
123456789
6390
123456789
6392
123456789
6394
123456789
6396
123456789
6398
123456789
6400
123456789
6402
123456789
6404
123456789
6406
123456789
6408
123456789
6410
123456789
6412
123456789
6414
123456789
6416
123456789
6418
123456789
6420
123456789
6422
123456789
6424
123456789
6426
123456789
6428
123456789
6430
123456789
6432
123456789
6434
123456789
6436
123456789
6438
123456789
6440
123456789
6442
123456789
6444
123456789
6446
123456789
6448
123456789
6450
123456789
6452
123456789
6454
123456789
6456
123456789
6458
123456789
6460
123456789
6462
123456789
6464
123456789
6466
123456789
6468
123456789
6470
123456789
6472
123456789
6474
123456789
6476
123456789
6478
123456789
6480
123456789
6482
123456789
6484
123456789
6486
123456789
6488
123456789
6490
123456789
6492
123456789
6494
123456789
6496
123456789
6498
123456789
6500
123456789
6502
123456789
6504
123456789
6506
123456789
6508
123456789
6510
123456789
6512
123456789
6514
123456789
6516
123456789
6518
123456789
6520
123456789
6522
123456789
6524
123456789
6526
123456789
6528
123456789
6530
123456789
6532
123456789
6534
123456789
6536
123456789
6538
123456789
6540
123456789
6542
123456789
6544
123456789
6546
123456789
6548
123456789
6550
123456789
6552
123456789
6554
123456789
6556
123456789
6558
123456789
6560
123456789
6562
123456789
6564
123456789
6566
123456789
6568
123456789
6570
123456789
6572
123456789
6574
123456789
6576
123456789
6578
123456789
6580
123456789
6582
123456789
6584
123456789
6586
123456789
6588
123456789
6590
123456789
6592
123456789
6594
123456789
6596
123456789
6598
123456789
6600
123456789
6602
123456789
6604
123456789
6606
123456789
6608
123456789
6610
123456789
6612
123456789
6614
123456789
6616
123456789
6618
123456789
6620
123456789
6622
123456789
6624
123456789
6626
123456789
6628
123456789
6630
123456789
6632
123456789
6634
123456789
6636
123456789
6638
123456789
6640
123456789
6642
123456789
6644
123456789
6646
123456789
6648
123456789
6650
123456789
6652
123456789
6654
123456789
6656
123456789
6658
123456789
6660
123456789
6662
123456789
6664
123456789
6666
123456789
6668
123456789
6670
123456789
6672
123456789
6674
123456789
6676
123456789
6678
123456789
6680
123456789
6682
123456789
6684
123456789
6686
123456789
6688
123456789
6690
123456789
6692
123456789
6694
123456789
6696
123456789
6698
123456789
6700
123456789
6702
123456789
6704
123456789
6706
123456789
6708
123456789
6710
123456789
6712
123456789
6714
123456789
6716
123456789
6718
123456789
6720
123456789
6722
123456789
6724
123456789
6726
123456789
6728
123456789
6730
123456789
6732
123456789
6734
123456789
6736
123456789
6738
123456789
6740
123456789
6742
123456789
6744
123456789
6746
123456789
6748
123456789
6750
123456789
6752
123456789
6754
123456789
6756
123456789
6758
123456789
6760
123456789
6762
123456789
6764
123456789
6766
123456789
6768
123456789
6770
123456789
6772
123456789
6774
123456789
6776
123456789
6778
123456789
6780
123456789
6782
123456789
6784
123456789
6786
123456789
6788
123456789
6790
123456789
6792
123456789
6794
123456789
6796
123456789
6798
123456789
6800
123456789
6802
123456789
6804
123456789
6806
123456789
6808
123456789
6810
123456789
6812
123456789
6814
123456789
6816
123456789
6818
123456789
6820
123456789
6822
123456789
6824
123456789
6826
123456789
6828
123456789
6830
123456789
6832
123456789
6834
123456789
6836
123456789
6838
123456789
6840
123456789
6842
123456789
6844
123456789
6846
123456789
6848
123456789
6850
123456789
6852
123456789
6854
123456789
6856
123456789
6858
123456789
6860
123456789
6862
123456789
6864
123456789
6866
123456789
6868
123456789
6870
123456789
6872
123456789
6874
123456789
6876
123456789
6878
123456789
6880
123456789
6882
123456789
6884
123456789
6886
123456789
6888
123456789
6890
123456789
6892
123456789
6894
123456789
6896
123456789
6898
123456789
6900
123456789
6902
123456789
6904
123456789
6906
123456789
6908
123456789
6910
123456789
6912
123456789
6914
123456789
6916
123456789
6918
123456789
6920
123456789
6922
123456789
6924
123456789
6926
123456789
6928
123456789
6930
123456789
6932
123456789
6934
123456789
6936
123456789
6938
123456789
6940
123456789
6942
123456789
6944
123456789
6946
123456789
6948
123456789
6950
123456789
6952
123456789
6954
123456789
6956
123456789
6958
123456789
6960
123456789
6962
123456789
6964
123456789
6966
123456789
6968
123456789
6970
123456789
6972
123456789
6974
123456789
6976
123456789
6978
123456789
6980
123456789
6982
123456789
6984
123456789
6986
123456789
6988
123456789
6990
123456789
6992
123456789
6994
123456789
6996
123456789
6998
123456789
7000
123456789
7002
123456789
7004
123456789
7006
123456789
7008
123456789
7010
123456789
7012
123456789
7014
123456789
7016
123456789
7018
123456789
7020
123456789
7022
123456789
7024
123456789
7026
123456789
7028
123456789
7030
123456789
7032
123456789
7034
123456789
7036
123456789
7038
123456789
7040
123456789
7042
123456789
7044
123456789
7046
123456789
7048
123456789
7050
123456789
7052
123456789
7054
123456789
7056
123456789
7058
123456789
7060
123456789
7062
123456789
7064
123456789
7066
123456789
7068
123456789
7070
123456789
7072
123456789
7074
123456789
7076
123456789
7078
123456789
7080
123456789
7082
123456789
7084
123456789
7086
123456789
7088
123456789
7090
123456789
7092
123456789
7094
123456789
7096
123456789
7098
123456789
7100
123456789
7102
123456789
7104
123456789
7106
123456789
7108
123456789
7110
123456789
7112
123456789
7114
123456789
7116
123456789
7118
123456789
7120
123456789
7122
123456789
7124
123456789
7126
123456789
7128
123456789
7130
123456789
7132
123456789
7134
123456789
7136
123456789
7138
123456789
7140
123456789
7142
123456789
7144
123456789
7146
123456789
7148
123456789
7150
123456789
7152
123456789
7154
123456789
7156
123456789
7158
123456789
7160
123456789
7162
123456789
7164
123456789
7166
123456789
7168
123456789
7170
123456789
7172
123456789
7174
123456789
7176
123456789
7178
123456789
7180
123456789
7182
123456789
7184
123456789
7186
123456789
7188
123456789
7190
123456789
7192
123456789
7194
123456789
7196
123456789
7198
123456789
7200
123456789
7202
123456789
7204
123456789
7206
123456789
7208
123456789
7210
123456789
7212
123456789
7214
123456789
7216
123456789
7218
123456789
7220
123456789
7222
123456789
7224
123456789
7226
123456789
7228
123456789
7230
123456789
7232
123456789
7234
123456789
7236
123456789
7238
123456789
7240
123456789
7242
123456789
7244
123456789
7246
123456789
7248
123456789
7250
123456789
7252
123456789
7254
123456789
7256
123456789
7258
123456789
7260
123456789
7262
123456789
7264
123456789
7266
123456789
7268
123456789
7270
123456789
7272
123456789
7274
123456789
7276
123456789
7278
123456789
7280
123456789
7282
123456789
7284
123456789
7286
123456789
7288
123456789
7290
123456789
7292
123456789
7294
123456789
7296
123456789
7298
123456789
7300
123456789
7302
123456789
7304
123456789
7306
123456789
7308
123456789
7310
123456789
7312
123456789
7314
123456789
7316
123456789
7318
123456789
7320
123456789
7322
123456789
7324
123456789
7326
123456789
7328
123456789
7330
123456789
7332
123456789
7334
123456789
7336
123456789
7338
123456789
7340
123456789
7342
123456789
7344
123456789
7346
123456789
7348
123456789
7350
123456789
7352
123456789
7354
123456789
7356
123456789
7358
123456789
7360
123456789
7362
123456789
7364
123456789
7366
123456789
7368
123456789
7370
123456789
7372
123456789
7374
123456789
7376
123456789
7378
123456789
7380
123456789
7382
123456789
7384
123456789
7386
123456789
7388
123456789
7390
123456789
7392
123456789
7394
123456789
7396
123456789
7398
123456789
7400
123456789
7402
123456789
7404
123456789
7406
123456789
7408
123456789
7410
123456789
7412
123456789
7414
123456789
7416
123456789
7418
123456789
7420
123456789
7422
123456789
7424
123456789
7426
123456789
7428
123456789
7430
123456789
7432
123456789
7434
123456789
7436
123456789
7438
123456789
7440
123456789
7442
123456789
7444
123456789
7446
123456789
7448
123456789
7450
123456789
7452
123456789
7454
123456789
7456
123456789
7458
123456789
7460
123456789
7462
123456789
7464
123456789
7466
123456789
7468
123456789
7470
123456789
7472
123456789
7474
123456789
7476
123456789
7478
123456789
7480
123456789
7482
123456789
7484
123456789
7486
123456789
7488
123456789
7490
123456789
7492
123456789
7494
123456789
7496
123456789
7498
123456789
7500
123456789
7502
123456789
7504
123456789
7506
123456789
7508
123456789
7510
123456789
7512
123456789
7514
123456789
7516
123456789
7518
123456789
7520
123456789
7522
123456789
7524
123456789
7526
123456789
7528
123456789
7530
123456789
7532
123456789
7534
123456789
7536
123456789
7538
123456789
7540
123456789
7542
123456789
7544
123456789
7546
123456789
7548
123456789
7550
123456789
7552
123456789
7554
123456789
7556
123456789
7558
123456789
7560
123456789
7562
123456789
7564
123456789
7566
123456789
7568
123456789
7570
123456789
7572
123456789
7574
123456789
7576
123456789
7578
123456789
7580
123456789
7582
123456789
7584
123456789
7586
123456789
7588
123456789
7590
123456789
7592
123456789
7594
123456789
7596
123456789
7598
123456789
7600
123456789
7602
123456789
7604
123456789
7606
123456789
7608
123456789
7610
123456789
7612
123456789
7614
123456789
7616
123456789
7618
123456789
7620
123456789
7622
123456789
7624
123456789
7626
123456789
7628
123456789
7630
123456789
7632
123456789
7634
123456789
7636
123456789
7638
123456789
7640
123456789
7642
123456789
7644
123456789
7646
123456789
7648
123456789
7650
123456789
7652
123456789
7654
123456789
7656
123456789
7658
123456789
7660
123456789
7662
123456789
7664
123456789
7666
123456789
7668
123456789
7670
123456789
7672
123456789
7674
123456789
7676
123456789
7678
123456789
7680
123456789
7682
123456789
7684
123456789
7686
123456789
7688
123456789
7690
123456789
7692
123456789
7694
123456789
7696
123456789
7698
123456789
7700
123456789
7702
123456789
7704
123456789
7706
123456789
7708
123456789
7710
123456789
7712
123456789
7714
123456789
7716
123456789
7718
123456789
7720
123456789
7722
123456789
7724
123456789
7726
123456789
7728
123456789
7730
123456789
7732
123456789
7734
123456789
7736
123456789
7738
123456789
7740
123456789
7742
123456789
7744
123456789
7746
123456789
7748
123456789
7750
123456789
7752
123456789
7754
123456789
7756
123456789
7758
123456789
7760
123456789
7762
123456789
7764
123456789
7766
123456789
7768
123456789
7770
123456789
7772
123456789
7774
123456789
7776
123456789
7778
123456789
7780
123456789
7782
123456789
7784
123456789
7786
123456789
7788
123456789
7790
123456789
7792
123456789
7794
123456789
7796
123456789
7798
123456789
7800
123456789
7802
123456789
7804
123456789
7806
123456789
7808
123456789
7810
123456789
7812
123456789
7814
123456789
7816
123456789
7818
123456789
7820
123456789
7822
123456789
7824
123456789
7826
123456789
7828
123456789
7830
123456789
7832
123456789
7834
123456789
7836
123456789
7838
123456789
7840
123456789
7842
123456789
7844
123456789
7846
123456789
7848
123456789
7850
123456789
7852
123456789
7854
123456789
7856
123456789
7858
123456789
7860
123456789
7862
123456789
7864
123456789
7866
123456789
7868
123456789
7870
123456789
7872
123456789
7874
123456789
7876
123456789
7878
123456789
7880
123456789
7882
123456789
7884
123456789
7886
123456789
7888
123456789
7890
123456789
7892
123456789
7894
123456789
7896
123456789
7898
123456789
7900
123456789
7902
123456789
7904
123456789
7906
123456789
7908
123456789
7910
123456789
7912
123456789
7914
123456789
7916
123456789
7918
123456789
7920
123456789
7922
123456789
7924
123456789
7926
123456789
7928
123456789
7930
123456789
7932
123456789
7934
123456789
7936
123456789
7938
123456789
7940
123456789
7942
123456789
7944
123456789
7946
123456789
7948
123456789
7950
123456789
7952
123456789
7954
123456789
7956
123456789
7958
123456789
7960
123456789
7962
123456789
7964
123456789
7966
123456789
7968
123456789
7970
123456789
7972
123456789
7974
123456789
7976
123456789
7978
123456789
7980
123456789
7982
123456789
7984
123456789
7986
123456789
7988
123456789
7990
123456789
7992
123456789
7994
123456789
7996
123456789
7998
123456789
8000
123456789
8002
123456789
8004
123456789
8006
123456789
8008
123456789
8010
123456789
8012
123456789
8014
123456789
8016
123456789
8018
123456789
8020
123456789
8022
123456789
8024
123456789
8026
123456789
8028
123456789
8030
123456789
8032
123456789
8034
123456789
8036
123456789
8038
123456789
8040
123456789
8042
123456789
8044
123456789
8046
123456789
8048
123456789
8050
123456789
8052
123456789
8054
123456789
8056
123456789
8058
123456789
8060
123456789
8062
123456789
8064
123456789
8066
123456789
8068
123456789
8070
123456789
8072
123456789
8074
123456789
8076
123456789
8078
123456789
8080
123456789
8082
123456789
8084
123456789
8086
123456789
8088
123456789
8090
123456789
8092
123456789
8094
123456789
8096
123456789
8098
123456789
8100
123456789
8102
123456789
8104
123456789
8106
123456789
8108
123456789
8110
123456789
8112
123456789
8114
123456789
8116
123456789
8118
123456789
8120
123456789
8122
123456789
8124
123456789
8126
123456789
8128
123456789
8130
123456789
8132
123456789
8134
123456789
8136
123456789
8138
123456789
8140
123456789
8142
123456789
8144
123456789
8146
123456789
8148
123456789
8150
123456789
8152
123456789
8154
123456789
8156
123456789
8158
123456789
8160
123456789
8162
123456789
8164
123456789
8166
123456789
8168
123456789
8170
123456789
8172
123456789
8174
123456789
8176
123456789
8178
123456789
8180
123456789
8182
123456789
8184
123456789
8186
123456789
8188
123456789
8190
123456789
8192
123456789
8194
123456789
8196
123456789
8198
123456789
8200
123456789
8202
123456789
8204
123456789
8206
123456789
8208
123456789
8210
123456789
8212
123456789
8214
123456789
8216
123456789
8218
123456789
8220
123456789
8222
123456789
8224
123456789
8226
123456789
8228
123456789
8230
123456789
8232
123456789
8234
123456789
8236
123456789
8238
123456789
8240
123456789
8242
123456789
8244
123456789
8246
123456789
8248
123456789
8250
123456789
8252
123456789
8254
123456789
8256
123456789
8258
123456789
8260
123456789
8262
123456789
8264
123456789
8266
123456789
8268
123456789
8270
123456789
8272
123456789
8274
123456789
8276
123456789
8278
123456789
8280
123456789
8282
123456789
8284
123456789
8286
123456789
8288
123456789
8290
123456789
8292
123456789
8294
123456789
8296
123456789
8298
123456789
8300
123456789
8302
123456789
8304
123456789
8306
123456789
8308
123456789
8310
123456789
8312
123456789
8314
123456789
8316
123456789
8318
123456789
8320
123456789
8322
123456789
8324
123456789
8326
123456789
8328
123456789
8330
123456789
8332
123456789
8334
123456789
8336
123456789
8338
123456789
8340
123456789
8342
123456789
8344
123456789
8346
123456789
8348
123456789
8350
123456789
8352
123456789
8354
123456789
8356
123456789
8358
123456789
8360
123456789
8362
123456789
8364
123456789
8366
123456789
8368
123456789
8370
123456789
8372
123456789
8374
123456789
8376
123456789
8378
123456789
8380
123456789
8382
123456789
8384
123456789
8386
123456789
8388
123456789
8390
123456789
8392
123456789
8394
123456789
8396
123456789
8398
123456789
8400
123456789
8402
123456789
8404
123456789
8406
123456789
8408
123456789
8410
123456789
8412
123456789
8414
123456789
8416
123456789
8418
123456789
8420
123456789
8422
123456789
8424
123456789
8426
123456789
8428
123456789
8430
123456789
8432
123456789
8434
123456789
8436
123456789
8438
123456789
8440
123456789
8442
123456789
8444
123456789
8446
123456789
8448
123456789
8450
123456789
8452
123456789
8454
123456789
8456
123456789
8458
123456789
8460
123456789
8462
123456789
8464
123456789
8466
123456789
8468
123456789
8470
123456789
8472
123456789
8474
123456789
8476
123456789
8478
123456789
8480
123456789
8482
123456789
8484
123456789
8486
123456789
8488
123456789
8490
123456789
8492
123456789
8494
123456789
8496
123456789
8498
123456789
8500
123456789
8502
123456789
8504
123456789
8506
123456789
8508
123456789
8510
123456789
8512
123456789
8514
123456789
8516
123456789
8518
123456789
8520
123456789
8522
123456789
8524
123456789
8526
123456789
8528
123456789
8530
123456789
8532
123456789
8534
123456789
8536
123456789
8538
123456789
8540
123456789
8542
123456789
8544
123456789
8546
123456789
8548
123456789
8550
123456789
8552
123456789
8554
123456789
8556
123456789
8558
123456789
8560
123456789
8562
123456789
8564
123456789
8566
123456789
8568
123456789
8570
123456789
8572
123456789
8574
123456789
8576
123456789
8578
123456789
8580
123456789
8582
123456789
8584
123456789
8586
123456789
8588
123456789
8590
123456789
8592
123456789
8594
123456789
8596
123456789
8598
123456789
8600
123456789
8602
123456789
8604
123456789
8606
123456789
8608
123456789
8610
123456789
8612
123456789
8614
123456789
8616
123456789
8618
123456789
8620
123456789
8622
123456789
8624
123456789
8626
123456789
8628
123456789
8630
123456789
8632
123456789
8634
123456789
8636
123456789
8638
123456789
8640
123456789
8642
123456789
8644
123456789
8646
123456789
8648
123456789
8650
123456789
8652
123456789
8654
123456789
8656
123456789
8658
123456789
8660
123456789
8662
123456789
8664
123456789
8666
123456789
8668
123456789
8670
123456789
8672
123456789
8674
123456789
8676
123456789
8678
123456789
8680
123456789
8682
123456789
8684
123456789
8686
123456789
8688
123456789
8690
123456789
8692
123456789
8694
123456789
8696
123456789
8698
123456789
8700
123456789
8702
123456789
8704
123456789
8706
123456789
8708
123456789
8710
123456789
8712
123456789
8714
123456789
8716
123456789
8718
123456789
8720
123456789
8722
123456789
8724
123456789
8726
123456789
8728
123456789
8730
123456789
8732
123456789
8734
123456789
8736
123456789
8738
123456789
8740
123456789
8742
123456789
8744
123456789
8746
123456789
8748
123456789
8750
123456789
8752
123456789
8754
123456789
8756
123456789
8758
123456789
8760
123456789
8762
123456789
8764
123456789
8766
123456789
8768
123456789
8770
123456789
8772
123456789
8774
123456789
8776
123456789
8778
123456789
8780
123456789
8782
123456789
8784
123456789
8786
123456789
8788
123456789
8790
123456789
8792
123456789
8794
123456789
8796
123456789
8798
123456789
8800
123456789
8802
123456789
8804
123456789
8806
123456789
8808
123456789
8810
123456789
8812
123456789
8814
123456789
8816
123456789
8818
123456789
8820
123456789
8822
123456789
8824
123456789
8826
123456789
8828
123456789
8830
123456789
8832
123456789
8834
123456789
8836
123456789
8838
123456789
8840
123456789
8842
123456789
8844
123456789
8846
123456789
8848
123456789
8850
123456789
8852
123456789
8854
123456789
8856
123456789
8858
123456789
8860
123456789
8862
123456789
8864
123456789
8866
123456789
8868
123456789
8870
123456789
8872
123456789
8874
123456789
8876
123456789
8878
123456789
8880
123456789
8882
123456789
8884
123456789
8886
123456789
8888
123456789
8890
123456789
8892
123456789
8894
123456789
8896
123456789
8898
123456789
8900
123456789
8902
123456789
8904
123456789
8906
123456789
8908
123456789
8910
123456789
8912
123456789
8914
123456789
8916
123456789
8918
123456789
8920
123456789
8922
123456789
8924
123456789
8926
123456789
8928
123456789
8930
123456789
8932
123456789
8934
123456789
8936
123456789
8938
123456789
8940
123456789
8942
123456789
8944
123456789
8946
123456789
8948
123456789
8950
123456789
8952
123456789
8954
123456789
8956
123456789
8958
123456789
8960
123456789
8962
123456789
8964
123456789
8966
123456789
8968
123456789
8970
123456789
8972
123456789
8974
123456789
8976
123456789
8978
123456789
8980
123456789
8982
123456789
8984
123456789
8986
123456789
8988
123456789
8990
123456789
8992
123456789
8994
123456789
8996
123456789
8998
123456789
9000
123456789
9002
123456789
9004
123456789
9006
123456789
9008
123456789
9010
123456789
9012
123456789
9014
123456789
9016
123456789
9018
123456789
9020
123456789
9022
123456789
9024
123456789
9026
123456789
9028
123456789
9030
123456789
9032
123456789
9034
123456789
9036
123456789
9038
123456789
9040
123456789
9042
123456789
9044
123456789
9046
123456789
9048
123456789
9050
123456789
9052
123456789
9054
123456789
9056
123456789
9058
123456789
9060
123456789
9062
123456789
9064
123456789
9066
123456789
9068
123456789
9070
123456789
9072
123456789
9074
123456789
9076
123456789
9078
123456789
9080
123456789
9082
123456789
9084
123456789
9086
123456789
9088
123456789
9090
123456789
9092
123456789
9094
123456789
9096
123456789
9098
123456789
9100
123456789
9102
123456789
9104
123456789
9106
123456789
9108
123456789
9110
123456789
9112
123456789
9114
123456789
9116
123456789
9118
123456789
9120
123456789
9122
123456789
9124
123456789
9126
123456789
9128
123456789
9130
123456789
9132
123456789
9134
123456789
9136
123456789
9138
123456789
9140
123456789
9142
123456789
9144
123456789
9146
123456789
9148
123456789
9150
123456789
9152
123456789
9154
123456789
9156
123456789
9158
123456789
9160
123456789
9162
123456789
9164
123456789
9166
123456789
9168
123456789
9170
123456789
9172
123456789
9174
123456789
9176
123456789
9178
123456789
9180
123456789
9182
123456789
9184
123456789
9186
123456789
9188
123456789
9190
123456789
9192
123456789
9194
123456789
9196
123456789
9198
123456789
9200
123456789
9202
123456789
9204
123456789
9206
123456789
9208
123456789
9210
123456789
9212
123456789
9214
123456789
9216
123456789
9218
123456789
9220
123456789
9222
123456789
9224
123456789
9226
123456789
9228
123456789
9230
123456789
9232
123456789
9234
123456789
9236
123456789
9238
123456789
9240
123456789
9242
123456789
9244
123456789
9246
123456789
9248
123456789
9250
123456789
9252
123456789
9254
123456789
9256
123456789
9258
123456789
9260
123456789
9262
123456789
9264
123456789
9266
123456789
9268
123456789
9270
123456789
9272
123456789
9274
123456789
9276
123456789
9278
123456789
9280
123456789
9282
123456789
9284
123456789
9286
123456789
9288
123456789
9290
123456789
9292
123456789
9294
123456789
9296
123456789
9298
123456789
9300
123456789
9302
123456789
9304
123456789
9306
123456789
9308
123456789
9310
123456789
9312
123456789
9314
123456789
9316
123456789
9318
123456789
9320
123456789
9322
123456789
9324
123456789
9326
123456789
9328
123456789
9330
123456789
9332
123456789
9334
123456789
9336
123456789
9338
123456789
9340
123456789
9342
123456789
9344
123456789
9346
123456789
9348
123456789
9350
123456789
9352
123456789
9354
123456789
9356
123456789
9358
123456789
9360
123456789
9362
123456789
9364
123456789
9366
123456789
9368
123456789
9370
123456789
9372
123456789
9374
123456789
9376
123456789
9378
123456789
9380
123456789
9382
123456789
9384
123456789
9386
123456789
9388
123456789
9390
123456789
9392
123456789
9394
123456789
9396
123456789
9398
123456789
9400
123456789
9402
123456789
9404
123456789
9406
123456789
9408
123456789
9410
123456789
9412
123456789
9414
123456789
9416
123456789
9418
123456789
9420
123456789
9422
123456789
9424
123456789
9426
123456789
9428
123456789
9430
123456789
9432
123456789
9434
123456789
9436
123456789
9438
123456789
9440
123456789
9442
123456789
9444
123456789
9446
123456789
9448
123456789
9450
123456789
9452
123456789
9454
123456789
9456
123456789
9458
123456789
9460
123456789
9462
123456789
9464
123456789
9466
123456789
9468
123456789
9470
123456789
9472
123456789
9474
123456789
9476
123456789
9478
123456789
9480
123456789
9482
123456789
9484
123456789
9486
123456789
9488
123456789
9490
123456789
9492
123456789
9494
123456789
9496
123456789
9498
123456789
9500
123456789
9502
123456789
9504
123456789
9506
123456789
9508
123456789
9510
123456789
9512
123456789
9514
123456789
9516
123456789
9518
123456789
9520
123456789
9522
123456789
9524
123456789
9526
123456789
9528
123456789
9530
123456789
9532
123456789
9534
123456789
9536
123456789
9538
123456789
9540
123456789
9542
123456789
9544
123456789
9546
123456789
9548
123456789
9550
123456789
9552
123456789
9554
123456789
9556
123456789
9558
123456789
9560
123456789
9562
123456789
9564
123456789
9566
123456789
9568
123456789
9570
123456789
9572
123456789
9574
123456789
9576
123456789
9578
123456789
9580
123456789
9582
123456789
9584
123456789
9586
123456789
9588
123456789
9590
123456789
9592
123456789
9594
123456789
9596
123456789
9598
123456789
9600
123456789
9602
123456789
9604
123456789
9606
123456789
9608
123456789
9610
123456789
9612
123456789
9614
123456789
9616
123456789
9618
123456789
9620
123456789
9622
123456789
9624
123456789
9626
123456789
9628
123456789
9630
123456789
9632
123456789
9634
123456789
9636
123456789
9638
123456789
9640
123456789
9642
123456789
9644
123456789
9646
123456789
9648
123456789
9650
123456789
9652
123456789
9654
123456789
9656
123456789
9658
123456789
9660
123456789
9662
123456789
9664
123456789
9666
123456789
9668
123456789
9670
123456789
9672
123456789
9674
123456789
9676
123456789
9678
123456789
9680
123456789
9682
123456789
9684
123456789
9686
123456789
9688
123456789
9690
123456789
9692
123456789
9694
123456789
9696
123456789
9698
123456789
9700
123456789
9702
123456789
9704
123456789
9706
123456789
9708
123456789
9710
123456789
9712
123456789
9714
123456789
9716
123456789
9718
123456789
9720
123456789
9722
123456789
9724
123456789
9726
123456789
9728
123456789
9730
123456789
9732
123456789
9734
123456789
9736
123456789
9738
123456789
9740
123456789
9742
123456789
9744
123456789
9746
123456789
9748
123456789
9750
123456789
9752
123456789
9754
123456789
9756
123456789
9758
123456789
9760
123456789
9762
123456789
9764
123456789
9766
123456789
9768
123456789
9770
123456789
9772
123456789
9774
123456789
9776
123456789
9778
123456789
9780
123456789
9782
123456789
9784
123456789
9786
123456789
9788
123456789
9790
123456789
9792
123456789
9794
123456789
9796
123456789
9798
123456789
9800
123456789
9802
123456789
9804
123456789
9806
123456789
9808
123456789
9810
123456789
9812
123456789
9814
123456789
9816
123456789
9818
123456789
9820
123456789
9822
123456789
9824
123456789
9826
123456789
9828
123456789
9830
123456789
9832
123456789
9834
123456789
9836
123456789
9838
123456789
9840
123456789
9842
123456789
9844
123456789
9846
123456789
9848
123456789
9850
123456789
9852
123456789
9854
123456789
9856
123456789
9858
123456789
9860
123456789
9862
123456789
9864
123456789
9866
123456789
9868
123456789
9870
123456789
9872
123456789
9874
123456789
9876
123456789
9878
123456789
9880
123456789
9882
123456789
9884
123456789
9886
123456789
9888
123456789
9890
123456789
9892
123456789
9894
123456789
9896
123456789
9898
123456789
9900
123456789
9902
123456789
9904
123456789
9906
123456789
9908
123456789
9910
123456789
9912
123456789
9914
123456789
9916
123456789
9918
123456789
9920
123456789
9922
123456789
9924
123456789
9926
123456789
9928
123456789
9930
123456789
9932
123456789
9934
123456789
9936
123456789
9938
123456789
9940
123456789
9942
123456789
9944
123456789
9946
123456789
9948
123456789
9950
123456789
9952
123456789
9954
123456789
9956
123456789
9958
123456789
9960
123456789
9962
123456789
9964
123456789
9966
123456789
9968
123456789
9970
123456789
9972
123456789
9974
123456789
9976
123456789
9978
123456789
9980
123456789
9982
123456789
9984
123456789
9986
123456789
9988
123456789
9990
123456789
9992
123456789
9994
123456789
9996
123456789
9998
123456789
10000
123456789
10002
123456789
10004
123456789
10006
123456789
10008
123456789
10010
123456789
10012
123456789
10014
123456789
10016
123456789
10018
123456789
10020
123456789
10022
123456789
10024
123456789
10026
123456789
10028
123456789
10030
123456789
10032
123456789
10034
123456789
10036
123456789
10038
123456789
10040
123456789
10042
123456789
10044
123456789
10046
123456789
10048
123456789
10050
123456789
10052
123456789
10054
123456789
10056
123456789
10058
123456789
10060
123456789
10062
123456789
10064
123456789
10066
123456789
10068
123456789
10070
123456789
10072
123456789
10074
123456789
10076
123456789
10078
123456789
10080
123456789
10082
123456789
10084
123456789
10086
123456789
10088
123456789
10090
123456789
10092
123456789
10094
123456789
10096
123456789
10098
123456789
10100
123456789
10102
123456789
10104
123456789
10106
123456789
10108
123456789
10110
123456789
10112
123456789
10114
123456789
10116
123456789
10118
123456789
10120
123456789
10122
123456789
10124
123456789
10126
123456789
10128
123456789
10130
123456789
10132
123456789
10134
123456789
10136
123456789
10138
123456789
10140
123456789
10142
123456789
10144
123456789
10146
123456789
10148
123456789
10150
123456789
10152
123456789
10154
123456789
10156
123456789
10158
123456789
10160
123456789
10162
123456789
10164
123456789
10166
123456789
10168
123456789
10170
123456789
10172
123456789
10174
123456789
10176
123456789
10178
123456789
10180
123456789
10182
123456789
10184
123456789
10186
123456789
10188
123456789
10190
123456789
10192
123456789
10194
123456789
10196
123456789
10198
123456789
10200
123456789
10202
123456789
10204
123456789
10206
123456789
10208
123456789
10210
123456789
10212
123456789
10214
123456789
10216
123456789
10218
123456789
10220
123456789
10222
123456789
10224
123456789
10226
123456789
10228
123456789
10230
123456789
10232
123456789
10234
123456789
10236
123456789
10238
123456789
10240
123456789
10242
123456789
10244
123456789
10246
123456789
10248
123456789
10250
123456789
10252
123456789
10254
123456789
10256
123456789
10258
123456789
10260
123456789
10262
123456789
10264
123456789
10266
123456789
10268
123456789
10270
123456789
10272
123456789
10274
123456789
10276
123456789
10278
123456789
10280
123456789
10282
123456789
10284
123456789
10286
123456789
10288
123456789
10290
123456789
10292
123456789
10294
123456789
10296
123456789
10298
123456789
10300
123456789
10302
123456789
10304
123456789
10306
123456789
10308
123456789
10310
123456789
10312
123456789
10314
123456789
10316
123456789
10318
123456789
10320
123456789
10322
123456789
10324
123456789
10326
123456789
10328
123456789
10330
123456789
10332
123456789
10334
123456789
10336
123456789
10338
123456789
10340
123456789
10342
123456789
10344
123456789
10346
123456789
10348
123456789
10350
123456789
10352
123456789
10354
123456789
10356
123456789
10358
123456789
10360
123456789
10362
123456789
10364
123456789
10366
123456789
10368
123456789
10370
123456789
10372
123456789
10374
123456789
10376
123456789
10378
123456789
10380
123456789
10382
123456789
10384
123456789
10386
123456789
10388
123456789
10390
123456789
10392
123456789
10394
123456789
10396
123456789
10398
123456789
10400
123456789
10402
123456789
10404
123456789
10406
123456789
10408
123456789
10410
123456789
10412
123456789
10414
123456789
10416
123456789
10418
123456789
10420
123456789
10422
123456789
10424
123456789
10426
123456789
10428
123456789
10430
123456789
10432
123456789
10434
123456789
10436
123456789
10438
123456789
10440
123456789
10442
123456789
10444
123456789
10446
123456789
10448
123456789
10450
123456789
10452
123456789
10454
123456789
10456
123456789
10458
123456789
10460
123456789
10462
123456789
10464
123456789
10466
123456789
10468
123456789
10470
123456789
10472
123456789
10474
123456789
10476
123456789
10478
123456789
10480
123456789
10482
123456789
10484
123456789
10486
123456789
10488
123456789
10490
123456789
10492
123456789
10494
123456789
10496
123456789
10498
123456789
10500
123456789
10502
123456789
10504
123456789
10506
123456789
10508
123456789
10510
123456789
10512
123456789
10514
123456789
10516
123456789
10518
123456789
10520
123456789
10522
123456789
10524
123456789
10526
123456789
10528
123456789
10530
123456789
10532
123456789
10534
123456789
10536
123456789
10538
123456789
10540
123456789
10542
123456789
10544
123456789
10546
123456789
10548
123456789
10550
123456789
10552
123456789
10554
123456789
10556
123456789
10558
123456789
10560
123456789
10562
123456789
10564
123456789
10566
123456789
10568
123456789
10570
123456789
10572
123456789
10574
123456789
10576
123456789
10578
123456789
10580
123456789
10582
123456789
10584
123456789
10586
123456789
10588
123456789
10590
123456789
10592
123456789
10594
123456789
10596
123456789
10598
123456789
10600
123456789
10602
123456789
10604
123456789
10606
123456789
10608
123456789
10610
123456789
10612
123456789
10614
123456789
10616
123456789
10618
123456789
10620
123456789
10622
123456789
10624
123456789
10626
123456789
10628
123456789
10630
123456789
10632
123456789
10634
123456789
10636
123456789
10638
123456789
10640
123456789
10642
123456789
10644
123456789
10646
123456789
10648
123456789
10650
123456789
10652
123456789
10654
123456789
10656
123456789
10658
123456789
10660
123456789
10662
123456789
10664
123456789
10666
123456789
10668
123456789
10670
123456789
10672
123456789
10674
123456789
10676
123456789
10678
123456789
10680
123456789
10682
123456789
10684
123456789
10686
123456789
10688
123456789
10690
123456789
10692
123456789
10694
123456789
10696
123456789
10698
123456789
10700
123456789
10702
123456789
10704
123456789
10706
123456789
10708
123456789
10710
123456789
10712
123456789
10714
123456789
10716
123456789
10718
123456789
10720
123456789
10722
123456789
10724
123456789
10726
123456789
10728
123456789
10730
123456789
10732
123456789
10734
123456789
10736
123456789
10738
123456789
10740
123456789
10742
123456789
10744
123456789
10746
123456789
10748
123456789
10750
123456789
10752
123456789
10754
123456789
10756
123456789
10758
123456789
10760
123456789
10762
123456789
10764
123456789
10766
123456789
10768
123456789
10770
123456789
10772
123456789
10774
123456789
10776
123456789
10778
123456789
10780
123456789
10782
123456789
10784
123456789
10786
123456789
10788
123456789
10790
123456789
10792
123456789
10794
123456789
10796
123456789
10798
123456789
10800
123456789
10802
123456789
10804
123456789
10806
123456789
10808
123456789
10810
123456789
10812
123456789
10814
123456789
10816
123456789
10818
123456789
10820
123456789
10822
123456789
10824
123456789
10826
123456789
10828
123456789
10830
123456789
10832
123456789
10834
123456789
10836
123456789
10838
123456789
10840
123456789
10842
123456789
10844
123456789
10846
123456789
10848
123456789
10850
123456789
10852
123456789
10854
123456789
10856
123456789
10858
123456789
10860
123456789
10862
123456789
10864
123456789
10866
123456789
10868
123456789
10870
123456789
10872
123456789
10874
123456789
10876
123456789
10878
123456789
10880
123456789
10882
123456789
10884
123456789
10886
123456789
10888
123456789
10890
123456789
10892
123456789
10894
123456789
10896
123456789
10898
123456789
10900
123456789
10902
123456789
10904
123456789
10906
123456789
10908
123456789
10910
123456789
10912
123456789
10914
123456789
10916
123456789
10918
123456789
10920
123456789
10922
123456789
10924
123456789
10926
123456789
10928
123456789
10930
123456789
10932
123456789
10934
123456789
10936
123456789
10938
123456789
10940
123456789
10942
123456789
10944
123456789
10946
123456789
10948
123456789
10950
123456789
10952
123456789
10954
123456789
10956
123456789
10958
123456789
10960
123456789
10962
123456789
10964
123456789
10966
123456789
10968
123456789
10970
123456789
10972
123456789
10974
123456789
10976
123456789
10978
123456789
10980
123456789
10982
123456789
10984
123456789
10986
123456789
10988
123456789
10990
123456789
10992
123456789
10994
123456789
10996
123456789
10998
123456789
11000
123456789
11002
123456789
11004
123456789
11006
123456789
11008
123456789
11010
123456789
11012
123456789
11014
123456789
11016
123456789
11018
123456789
11020
123456789
11022
123456789
11024
123456789
11026
123456789
11028
123456789
11030
123456789
11032
123456789
11034
123456789
11036
123456789
11038
123456789
11040
123456789
11042
123456789
11044
123456789
11046
123456789
11048
123456789
11050
123456789
11052
123456789
11054
123456789
11056
123456789
11058
123456789
11060
123456789
11062
123456789
11064
123456789
11066
123456789
11068
123456789
11070
123456789
11072
123456789
11074
123456789
11076
123456789
11078
123456789
11080
123456789
11082
123456789
11084
123456789
11086
123456789
11088
123456789
11090
123456789
11092
123456789
11094
123456789
11096
123456789
11098
123456789
11100
123456789
11102
123456789
11104
123456789
11106
123456789
11108
123456789
11110
123456789
11112
123456789
11114
123456789
11116
123456789
11118
123456789
11120
123456789
11122
123456789
11124
123456789
11126
123456789
11128
123456789
11130
123456789
11132
123456789
11134
123456789
11136
123456789
11138
123456789
11140
123456789
11142
123456789
11144
123456789
11146
123456789
11148
123456789
11150
123456789
11152
123456789
11154
123456789
11156
123456789
11158
123456789
11160
123456789
11162
123456789
11164
123456789
11166
123456789
11168
123456789
11170
123456789
11172
123456789
11174
123456789
11176
123456789
11178
123456789
11180
123456789
11182
123456789
11184
123456789
11186
123456789
11188
123456789
11190
123456789
11192
123456789
11194
123456789
11196
123456789
11198
123456789
11200
123456789
11202
123456789
11204
123456789
11206
123456789
11208
123456789
11210
123456789
11212
123456789
11214
123456789
11216
123456789
11218
123456789
11220
123456789
11222
123456789
11224
123456789
11226
123456789
11228
123456789
11230
123456789
11232
123456789
11234
123456789
11236
123456789
11238
123456789
11240
123456789
11242
123456789
11244
123456789
11246
123456789
11248
123456789
11250
123456789
11252
123456789
11254
123456789
11256
123456789
11258
123456789
11260
123456789
11262
123456789
11264
123456789
11266
123456789
11268
123456789
11270
123456789
11272
123456789
11274
123456789
11276
123456789
11278
123456789
11280
123456789
11282
123456789
11284
123456789
11286
123456789
11288
123456789
11290
123456789
11292
123456789
11294
123456789
11296
123456789
11298
123456789
11300
123456789
11302
123456789
11304
123456789
11306
123456789
11308
123456789
11310
123456789
11312
123456789
11314
123456789
11316
123456789
11318
123456789
11320
123456789
11322
123456789
11324
123456789
11326
123456789
11328
123456789
11330
123456789
11332
123456789
11334
123456789
11336
123456789
11338
123456789
11340
123456789
11342
123456789
11344
123456789
11346
123456789
11348
123456789
11350
123456789
11352
123456789
11354
123456789
11356
123456789
11358
123456789
11360
123456789
11362
123456789
11364
123456789
11366
123456789
11368
123456789
11370
123456789
11372
123456789
11374
123456789
11376
123456789
11378
123456789
11380
123456789
11382
123456789
11384
123456789
11386
123456789
11388
123456789
11390
123456789
11392
123456789
11394
123456789
11396
123456789
11398
123456789
11400
123456789
11402
123456789
11404
123456789
11406
123456789
11408
123456789
11410
123456789
11412
123456789
11414
123456789
11416
123456789
11418
123456789
11420
123456789
11422
123456789
11424
123456789
11426
123456789
11428
123456789
11430
123456789
11432
123456789
11434
123456789
11436
123456789
11438
123456789
11440
123456789
11442
123456789
11444
123456789
11446
123456789
11448
123456789
11450
123456789
11452
123456789
11454
123456789
11456
123456789
11458
123456789
11460
123456789
11462
123456789
11464
123456789
11466
123456789
11468
123456789
11470
123456789
11472
123456789
11474
123456789
11476
123456789
11478
123456789
11480
123456789
11482
123456789
11484
123456789
11486
123456789
11488
123456789
11490
123456789
11492
123456789
11494
123456789
11496
123456789
11498
123456789
11500
123456789
11502
123456789
11504
123456789
11506
123456789
11508
123456789
11510
123456789
11512
123456789
11514
123456789
11516
123456789
11518
123456789
11520
123456789
11522
123456789
11524
123456789
11526
123456789
11528
123456789
11530
123456789
11532
123456789
11534
123456789
11536
123456789
11538
123456789
11540
123456789
11542
123456789
11544
123456789
11546
123456789
11548
123456789
11550
123456789
11552
123456789
11554
123456789
11556
123456789
11558
123456789
11560
123456789
11562
123456789
11564
123456789
11566
123456789
11568
123456789
11570
123456789
11572
123456789
11574
123456789
11576
123456789
11578
123456789
11580
123456789
11582
123456789
11584
123456789
11586
123456789
11588
123456789
11590
123456789
11592
123456789
11594
123456789
11596
123456789
11598
123456789
11600
123456789
11602
123456789
11604
123456789
11606
123456789
11608
123456789
11610
123456789
11612
123456789
11614
123456789
11616
123456789
11618
123456789
11620
123456789
11622
123456789
11624
123456789
11626
123456789
11628
123456789
11630
123456789
11632
123456789
11634
123456789
11636
123456789
11638
123456789
11640
123456789
11642
123456789
11644
123456789
11646
123456789
11648
123456789
11650
123456789
11652
123456789
11654
123456789
11656
123456789
11658
123456789
11660
123456789
11662
123456789
11664
123456789
11666
123456789
11668
123456789
11670
123456789
11672
123456789
11674
123456789
11676
123456789
11678
123456789
11680
123456789
11682
123456789
11684
123456789
11686
123456789
11688
123456789
11690
123456789
11692
123456789
11694
123456789
11696
123456789
11698
123456789
11700
123456789
11702
123456789
11704
123456789
11706
123456789
11708
123456789
11710
123456789
11712
123456789
11714
123456789
11716
123456789
11718
123456789
11720
123456789
11722
123456789
11724
123456789
11726
123456789
11728
123456789
11730
123456789
11732
123456789
11734
123456789
11736
123456789
11738
123456789
11740
123456789
11742
123456789
11744
123456789
11746
123456789
11748
123456789
11750
123456789
11752
123456789
11754
123456789
11756
123456789
11758
123456789
11760
123456789
11762
123456789
11764
123456789
11766
123456789
11768
123456789
11770
123456789
11772
123456789
11774
123456789
11776
123456789
11778
123456789
11780
123456789
11782
123456789
11784
123456789
11786
123456789
11788
123456789
11790
123456789
11792
123456789
11794
123456789
11796
123456789
11798
123456789
11800
123456789
11802
123456789
11804
123456789
11806
123456789
11808
123456789
11810
123456789
11812
123456789
11814
123456789
11816
123456789
11818
123456789
11820
123456789
11822
123456789
11824
123456789
11826
123456789
11828
123456789
11830
123456789
11832
123456789
11834
123456789
11836
123456789
11838
123456789
11840
123456789
11842
123456789
11844
123456789
11846
123456789
11848
123456789
11850
123456789
11852
123456789
11854
123456789
11856
123456789
11858
123456789
11860
123456789
11862
123456789
11864
123456789
11866
123456789
11868
123456789
11870
123456789
11872
123456789
11874
123456789
11876
123456789
11878
123456789
11880
123456789
11882
123456789
11884
123456789
11886
123456789
11888
123456789
11890
123456789
11892
123456789
11894
123456789
11896
123456789
11898
123456789
11900
123456789
11902
123456789
11904
123456789
11906
123456789
11908
123456789
11910
123456789
11912
123456789
11914
123456789
11916
123456789
11918
123456789
11920
123456789
11922
123456789
11924
123456789
11926
123456789
11928
123456789
11930
123456789
11932
123456789
11934
123456789
11936
123456789
11938
123456789
11940
123456789
11942
123456789
11944
123456789
11946
123456789
11948
123456789
11950
123456789
11952
123456789
11954
123456789
11956
123456789
11958
123456789
11960
123456789
11962
123456789
11964
123456789
11966
123456789
11968
123456789
11970
123456789
11972
123456789
11974
123456789
11976
123456789
11978
123456789
11980
123456789
11982
123456789
11984
123456789
11986
123456789
11988
123456789
11990
123456789
11992
123456789
11994
123456789
11996
123456789
11998
123456789
12000
123456789
12002
123456789
12004
123456789
12006
123456789
12008
123456789
12010
123456789
12012
123456789
12014
123456789
12016
123456789
12018
123456789
12020
123456789
12022
123456789
12024
123456789
12026
123456789
12028
123456789
12030
123456789
12032
123456789
12034
123456789
12036
123456789
12038
123456789
12040
123456789
12042
123456789
12044
123456789
12046
123456789
12048
123456789
12050
123456789
12052
123456789
12054
123456789
12056
123456789
12058
123456789
12060
123456789
12062
123456789
12064
123456789
12066
123456789
12068
123456789
12070
123456789
12072
123456789
12074
123456789
12076
123456789
12078
123456789
12080
123456789
12082
123456789
12084
123456789
12086
123456789
12088
123456789
12090
123456789
12092
123456789
12094
123456789
12096
123456789
12098
123456789
12100
123456789
12102
123456789
12104
123456789
12106
123456789
12108
123456789
12110
123456789
12112
123456789
12114
123456789
12116
123456789
12118
123456789
12120
123456789
12122
123456789
12124
123456789
12126
123456789
12128
123456789
12130
123456789
12132
123456789
12134
123456789
12136
123456789
12138
123456789
12140
123456789
12142
123456789
12144
123456789
12146
123456789
12148
123456789
12150
123456789
12152
123456789
12154
123456789
12156
123456789
12158
123456789
12160
123456789
12162
123456789
12164
123456789
12166
123456789
12168
123456789
12170
123456789
12172
123456789
12174
123456789
12176
123456789
12178
123456789
12180
123456789
12182
123456789
12184
123456789
12186
123456789
12188
123456789
12190
123456789
12192
123456789
12194
123456789
12196
123456789
12198
123456789
12200
123456789
12202
123456789
12204
123456789
12206
123456789
12208
123456789
12210
123456789
12212
123456789
12214
123456789
12216
123456789
12218
123456789
12220
123456789
12222
123456789
12224
123456789
12226
123456789
12228
123456789
12230
123456789
12232
123456789
12234
123456789
12236
123456789
12238
123456789
12240
123456789
12242
123456789
12244
123456789
12246
123456789
12248
123456789
12250
123456789
12252
123456789
12254
123456789
12256
123456789
12258
123456789
12260
123456789
12262
123456789
12264
123456789
12266
123456789
12268
123456789
12270
123456789
12272
123456789
12274
123456789
12276
123456789
12278
123456789
12280
123456789
12282
123456789
12284
123456789
12286
123456789
12288
123456789
12290
123456789
12292
123456789
12294
123456789
12296
123456789
12298
123456789
12300
123456789
12302
123456789
12304
123456789
12306
123456789
12308
123456789
12310
123456789
12312
123456789
12314
123456789
12316
123456789
12318
123456789
12320
123456789
12322
123456789
12324
123456789
12326
123456789
12328
123456789
12330
123456789
12332
123456789
12334
123456789
12336
123456789
12338
123456789
12340
123456789
12342
123456789
12344
123456789
12346
123456789
12348
123456789
12350
123456789
12352
123456789
12354
123456789
12356
123456789
12358
123456789
12360
123456789
12362
123456789
12364
123456789
12366
123456789
12368
123456789
12370
123456789
12372
123456789
12374
123456789
12376
123456789
12378
123456789
12380
123456789
12382
123456789
12384
123456789
12386
123456789
12388
123456789
12390
123456789
12392
123456789
12394
123456789
12396
123456789
12398
123456789
12400
123456789
12402
123456789
12404
123456789
12406
123456789
12408
123456789
12410
123456789
12412
123456789
12414
123456789
12416
123456789
12418
123456789
12420
123456789
12422
123456789
12424
123456789
12426
123456789
12428
123456789
12430
123456789
12432
123456789
12434
123456789
12436
123456789
12438
123456789
12440
123456789
12442
123456789
12444
123456789
12446
123456789
12448
123456789
12450
123456789
12452
123456789
12454
123456789
12456
123456789
12458
123456789
12460
123456789
12462
123456789
12464
123456789
12466
123456789
12468
123456789
12470
123456789
12472
123456789
12474
123456789
12476
123456789
12478
123456789
12480
123456789
12482
123456789
12484
123456789
12486
123456789
12488
123456789
12490
123456789
12492
123456789
12494
123456789
12496
123456789
12498
123456789
12500
123456789
12502
123456789
12504
123456789
12506
123456789
12508
123456789
12510
123456789
12512
123456789
12514
123456789
12516
123456789
12518
123456789
12520
123456789
12522
123456789
12524
123456789
12526
123456789
12528
123456789
12530
123456789
12532
123456789
12534
123456789
12536
123456789
12538
123456789
12540
123456789
12542
123456789
12544
123456789
12546
123456789
12548
123456789
12550
123456789
12552
123456789
12554
123456789
12556
123456789
12558
123456789
12560
123456789
12562
123456789
12564
123456789
12566
123456789
12568
123456789
12570
123456789
12572
123456789
12574
123456789
12576
123456789
12578
123456789
12580
123456789
12582
123456789
12584
123456789
12586
123456789
12588
123456789
12590
123456789
12592
123456789
12594
123456789
12596
123456789
12598
123456789
12600
123456789
12602
123456789
12604
123456789
12606
123456789
12608
123456789
12610
123456789
12612
123456789
12614
123456789
12616
123456789
12618
123456789
12620
123456789
12622
123456789
12624
123456789
12626
123456789
12628
123456789
12630
123456789
12632
123456789
12634
123456789
12636
123456789
12638
123456789
12640
123456789
12642
123456789
12644
123456789
12646
123456789
12648
123456789
12650
123456789
12652
123456789
12654
123456789
12656
123456789
12658
123456789
12660
123456789
12662
123456789
12664
123456789
12666
123456789
12668
123456789
12670
123456789
12672
123456789
12674
123456789
12676
123456789
12678
123456789
12680
123456789
12682
123456789
12684
123456789
12686
123456789
12688
123456789
12690
123456789
12692
123456789
12694
123456789
12696
123456789
12698
123456789
12700
123456789
12702
123456789
12704
123456789
12706
123456789
12708
123456789
12710
123456789
12712
123456789
12714
123456789
12716
123456789
12718
123456789
12720
123456789
12722
123456789
12724
123456789
12726
123456789
12728
123456789
12730
123456789
12732
123456789
12734
123456789
12736
123456789
12738
123456789
12740
123456789
12742
123456789
12744
123456789
12746
123456789
12748
123456789
12750
123456789
12752
123456789
12754
123456789
12756
123456789
12758
123456789
12760
123456789
12762
123456789
12764
123456789
12766
123456789
12768
123456789
12770
123456789
12772
123456789
12774
123456789
12776
123456789
12778
123456789
12780
123456789
12782
123456789
12784
123456789
12786
123456789
12788
123456789
12790
123456789
12792
123456789
12794
123456789
12796
123456789
12798
123456789
12800
123456789
12802
123456789
12804
123456789
12806
123456789
12808
123456789
12810
123456789
12812
123456789
12814
123456789
12816
123456789
12818
123456789
12820
123456789
12822
123456789
12824
123456789
12826
123456789
12828
123456789
12830
123456789
12832
123456789
12834
123456789
12836
123456789
12838
123456789
12840
123456789
12842
123456789
12844
123456789
12846
123456789
12848
123456789
12850
123456789
12852
123456789
12854
123456789
12856
123456789
12858
123456789
12860
123456789
12862
123456789
12864
123456789
12866
123456789
12868
123456789
12870
123456789
12872
123456789
12874
123456789
12876
123456789
12878
123456789
12880
123456789
12882
123456789
12884
123456789
12886
123456789
12888
123456789
12890
123456789
12892
123456789
12894
123456789
12896
123456789
12898
123456789
12900
123456789
12902
123456789
12904
123456789
12906
123456789
12908
123456789
12910
123456789
12912
123456789
12914
123456789
12916
123456789
12918
123456789
12920
123456789
12922
123456789
12924
123456789
12926
123456789
12928
123456789
12930
123456789
12932
123456789
12934
123456789
12936
123456789
12938
123456789
12940
123456789
12942
123456789
12944
123456789
12946
123456789
12948
123456789
12950
123456789
12952
123456789
12954
123456789
12956
123456789
12958
123456789
12960
123456789
12962
123456789
12964
123456789
12966
123456789
12968
123456789
12970
123456789
12972
123456789
12974
123456789
12976
123456789
12978
123456789
12980
123456789
12982
123456789
12984
123456789
12986
123456789
12988
123456789
12990
123456789
12992
123456789
12994
123456789
12996
123456789
12998
123456789
13000
123456789
13002
123456789
13004
123456789
13006
123456789
13008
123456789
13010
123456789
13012
123456789
13014
123456789
13016
123456789
13018
123456789
13020
123456789
13022
123456789
13024
123456789
13026
123456789
13028
123456789
13030
123456789
13032
123456789
13034
123456789
13036
123456789
13038
123456789
13040
123456789
13042
123456789
13044
123456789
13046
123456789
13048
123456789
13050
123456789
13052
123456789
13054
123456789
13056
123456789
13058
123456789
13060
123456789
13062
123456789
13064
123456789
13066
123456789
13068
123456789
13070
123456789
13072
123456789
13074
123456789
13076
123456789
13078
123456789
13080
123456789
13082
123456789
13084
123456789
13086
123456789
13088
123456789
13090
123456789
13092
123456789
13094
123456789
13096
123456789
13098
123456789
13100
123456789
13102
123456789
13104
123456789
13106
123456789
13108
123456789
13110
123456789
13112
123456789
13114
123456789
13116
123456789
13118
123456789
13120
123456789
13122
123456789
13124
123456789
13126
123456789
13128
123456789
13130
123456789
13132
123456789
13134
123456789
13136
123456789
13138
123456789
13140
123456789
13142
123456789
13144
123456789
13146
123456789
13148
123456789
13150
123456789
13152
123456789
13154
123456789
13156
123456789
13158
123456789
13160
123456789
13162
123456789
13164
123456789
13166
123456789
13168
123456789
13170
123456789
13172
123456789
13174
123456789
13176
123456789
13178
123456789
13180
123456789
13182
123456789
13184
123456789
13186
123456789
13188
123456789
13190
123456789
13192
123456789
13194
123456789
13196
123456789
13198
123456789
13200
123456789
13202
123456789
13204
123456789
13206
123456789
13208
123456789
13210
123456789
13212
123456789
13214
123456789
13216
123456789
13218
123456789
13220
123456789
13222
123456789
13224
123456789
13226
123456789
13228
123456789
13230
123456789
13232
123456789
13234
123456789
13236
123456789
13238
123456789
13240
123456789
13242
123456789
13244
123456789
13246
123456789
13248
123456789
13250
123456789
13252
123456789
13254
123456789
13256
123456789
13258
123456789
13260
123456789
13262
123456789
13264
123456789
13266
123456789
13268
123456789
13270
123456789
13272
123456789
13274
123456789
13276
123456789
13278
123456789
13280
123456789
13282
123456789
13284
123456789
13286
123456789
13288
123456789
13290
123456789
13292
123456789
13294
123456789
13296
123456789
13298
123456789
13300
123456789
13302
123456789
13304
123456789
13306
123456789
13308
123456789
13310
123456789
13312
123456789
13314
123456789
13316
123456789
13318
123456789
13320
123456789
13322
123456789
13324
123456789
13326
123456789
13328
123456789
13330
123456789
13332
123456789
13334
123456789
13336
123456789
13338
123456789
13340
123456789
13342
123456789
13344
123456789
13346
123456789
13348
123456789
13350
123456789
13352
123456789
13354
123456789
13356
123456789
13358
123456789
13360
123456789
13362
123456789
13364
123456789
13366
123456789
13368
123456789
13370
123456789
13372
123456789
13374
123456789
13376
123456789
13378
123456789
13380
123456789
13382
123456789
13384
123456789
13386
123456789
13388
123456789
13390
123456789
13392
123456789
13394
123456789
13396
123456789
13398
123456789
13400
123456789
13402
123456789
13404
123456789
13406
123456789
13408
123456789
13410
123456789
13412
123456789
13414
123456789
13416
123456789
13418
123456789
13420
123456789
13422
123456789
13424
123456789
13426
123456789
13428
123456789
13430
123456789
13432
123456789
13434
123456789
13436
123456789
13438
123456789
13440
123456789
13442
123456789
13444
123456789
13446
123456789
13448
123456789
13450
123456789
13452
123456789
13454
123456789
13456
123456789
13458
123456789
13460
123456789
13462
123456789
13464
123456789
13466
123456789
13468
123456789
13470
123456789
13472
123456789
13474
123456789
13476
123456789
13478
123456789
13480
123456789
13482
123456789
13484
123456789
13486
123456789
13488
123456789
13490
123456789
13492
123456789
13494
123456789
13496
123456789
13498
123456789
13500
123456789
13502
123456789
13504
123456789
13506
123456789
13508
123456789
13510
123456789
13512
123456789
13514
123456789
13516
123456789
13518
123456789
13520
123456789
13522
123456789
13524
123456789
13526
123456789
13528
123456789
13530
123456789
13532
123456789
13534
123456789
13536
123456789
13538
123456789
13540
123456789
13542
123456789
13544
123456789
13546
123456789
13548
123456789
13550
123456789
13552
123456789
13554
123456789
13556
123456789
13558
123456789
13560
123456789
13562
123456789
13564
123456789
13566
123456789
13568
123456789
13570
123456789
13572
123456789
13574
123456789
13576
123456789
13578
123456789
13580
123456789
13582
123456789
13584
123456789
13586
123456789
13588
123456789
13590
123456789
13592
123456789
13594
123456789
13596
123456789
13598
123456789
13600
123456789
13602
123456789
13604
123456789
13606
123456789
13608
123456789
13610
123456789
13612
123456789
13614
123456789
13616
123456789
13618
123456789
13620
123456789
13622
123456789
13624
123456789
13626
123456789
13628
123456789
13630
123456789
13632
123456789
13634
123456789
13636
123456789
13638
123456789
13640
123456789
13642
123456789
13644
123456789
13646
123456789
13648
123456789
13650
123456789
13652
123456789
13654
123456789
13656
123456789
13658
123456789
13660
123456789
13662
123456789
13664
123456789
13666
123456789
13668
123456789
13670
123456789
13672
123456789
13674
123456789
13676
123456789
13678
123456789
13680
123456789
13682
123456789
13684
123456789
13686
123456789
13688
123456789
13690
123456789
13692
123456789
13694
123456789
13696
123456789
13698
123456789
13700
123456789
13702
123456789
13704
123456789
13706
123456789
13708
123456789
13710
123456789
13712
123456789
13714
123456789
13716
123456789
13718
123456789
13720
123456789
13722
123456789
13724
123456789
13726
123456789
13728
123456789
13730
123456789
13732
123456789
13734
123456789
13736
123456789
13738
123456789
13740
123456789
13742
123456789
13744
123456789
13746
123456789
13748
123456789
13750
123456789
13752
123456789
13754
123456789
13756
123456789
13758
123456789
13760
123456789
13762
123456789
13764
123456789
13766
123456789
13768
123456789
13770
123456789
13772
123456789
13774
123456789
13776
123456789
13778
123456789
13780
123456789
13782
123456789
13784
123456789
13786
123456789
13788
123456789
13790
123456789
13792
123456789
13794
123456789
13796
123456789
13798
123456789
13800
123456789
13802
123456789
13804
123456789
13806
123456789
13808
123456789
13810
123456789
13812
123456789
13814
123456789
13816
123456789
13818
123456789
13820
123456789
13822
123456789
13824
123456789
13826
123456789
13828
123456789
13830
123456789
13832
123456789
13834
123456789
13836
123456789
13838
123456789
13840
123456789
13842
123456789
13844
123456789
13846
123456789
13848
123456789
13850
123456789
13852
123456789
13854
123456789
13856
123456789
13858
123456789
13860
123456789
13862
123456789
13864
123456789
13866
123456789
13868
123456789
13870
123456789
13872
123456789
13874
123456789
13876
123456789
13878
123456789
13880
123456789
13882
123456789
13884
123456789
13886
123456789
13888
123456789
13890
123456789
13892
123456789
13894
123456789
13896
123456789
13898
123456789
13900
123456789
13902
123456789
13904
123456789
13906
123456789
13908
123456789
13910
123456789
13912
123456789
13914
123456789
13916
123456789
13918
123456789
13920
123456789
13922
123456789
13924
123456789
13926
123456789
13928
123456789
13930
123456789
13932
123456789
13934
123456789
13936
123456789
13938
123456789
13940
123456789
13942
123456789
13944
123456789
13946
123456789
13948
123456789
13950
123456789
13952
123456789
13954
123456789
13956
123456789
13958
123456789
13960
123456789
13962
123456789
13964
123456789
13966
123456789
13968
123456789
13970
123456789
13972
123456789
13974
123456789
13976
123456789
13978
123456789
13980
123456789
13982
123456789
13984
123456789
13986
123456789
13988
123456789
13990
123456789
13992
123456789
13994
123456789
13996
123456789
13998
123456789
14000
123456789
14002
123456789
14004
123456789
14006
123456789
14008
123456789
14010
123456789
14012
123456789
14014
123456789
14016
123456789
14018
123456789
14020
123456789
14022
123456789
14024
123456789
14026
123456789
14028
123456789
14030
123456789
14032
123456789
14034
123456789
14036
123456789
14038
123456789
14040
123456789
14042
123456789
14044
123456789
14046
123456789
14048
123456789
14050
123456789
14052
123456789
14054
123456789
14056
123456789
14058
123456789
14060
123456789
14062
123456789
14064
123456789
14066
123456789
14068
123456789
14070
123456789
14072
123456789
14074
123456789
14076
123456789
14078
123456789
14080
123456789
14082
123456789
14084
123456789
14086
123456789
14088
123456789
14090
123456789
14092
123456789
14094
123456789
14096
123456789
14098
123456789
14100
123456789
14102
123456789
14104
123456789
14106
123456789
14108
123456789
14110
123456789
14112
123456789
14114
123456789
14116
123456789
14118
123456789
14120
123456789
14122
123456789
14124
123456789
14126
123456789
14128
123456789
14130
123456789
14132
123456789
14134
123456789
14136
123456789
14138
123456789
14140
123456789
14142
123456789
14144
123456789
14146
123456789
14148
123456789
14150
123456789
14152
123456789
14154
123456789
14156
123456789
14158
123456789
14160
123456789
14162
123456789
14164
123456789
14166
123456789
14168
123456789
14170
123456789
14172
123456789
14174
123456789
14176
123456789
14178
123456789
14180
123456789
14182
123456789
14184
123456789
14186
123456789
14188
123456789
14190
123456789
14192
123456789
14194
123456789
14196
123456789
14198
123456789
14200
123456789
14202
123456789
14204
123456789
14206
123456789
14208
123456789
14210
123456789
14212
123456789
14214
123456789
14216
123456789
14218
123456789
14220
123456789
14222
123456789
14224
123456789
14226
123456789
14228
123456789
14230
123456789
14232
123456789
14234
123456789
14236
123456789
14238
123456789
14240
123456789
14242
123456789
14244
123456789
14246
123456789
14248
123456789
14250
123456789
14252
123456789
14254
123456789
14256
123456789
14258
123456789
14260
123456789
14262
123456789
14264
123456789
14266
123456789
14268
123456789
14270
123456789
14272
123456789
14274
123456789
14276
123456789
14278
123456789
14280
123456789
14282
123456789
14284
123456789
14286
123456789
14288
123456789
14290
123456789
14292
123456789
14294
123456789
14296
123456789
14298
123456789
14300
123456789
14302
123456789
14304
123456789
14306
123456789
14308
123456789
14310
123456789
14312
123456789
14314
123456789
14316
123456789
14318
123456789
14320
123456789
14322
123456789
14324
123456789
14326
123456789
14328
123456789
14330
123456789
14332
123456789
14334
123456789
14336
123456789
14338
123456789
14340
123456789
14342
123456789
14344
123456789
14346
123456789
14348
123456789
14350
123456789
14352
123456789
14354
123456789
14356
123456789
14358
123456789
14360
123456789
14362
123456789
14364
123456789
14366
123456789
14368
123456789
14370
123456789
14372
123456789
14374
123456789
14376
123456789
14378
123456789
14380
123456789
14382
123456789
14384
123456789
14386
123456789
14388
123456789
14390
123456789
14392
123456789
14394
123456789
14396
123456789
14398
123456789
14400
123456789
14402
123456789
14404
123456789
14406
123456789
14408
123456789
14410
123456789
14412
123456789
14414
123456789
14416
123456789
14418
123456789
14420
123456789
14422
123456789
14424
123456789
14426
123456789
14428
123456789
14430
123456789
14432
123456789
14434
123456789
14436
123456789
14438
123456789
14440
123456789
14442
123456789
14444
123456789
14446
123456789
14448
123456789
14450
123456789
14452
123456789
14454
123456789
14456
123456789
14458
123456789
14460
123456789
14462
123456789
14464
123456789
14466
123456789
14468
123456789
14470
123456789
14472
123456789
14474
123456789
14476
123456789
14478
123456789
14480
123456789
14482
123456789
14484
123456789
14486
123456789
14488
123456789
14490
123456789
14492
123456789
14494
123456789
14496
123456789
14498
123456789
14500
123456789
14502
123456789
14504
123456789
14506
123456789
14508
123456789
14510
123456789
14512
123456789
14514
123456789
14516
123456789
14518
123456789
14520
123456789
14522
123456789
14524
123456789
14526
123456789
14528
123456789
14530
123456789
14532
123456789
14534
123456789
14536
123456789
14538
123456789
14540
123456789
14542
123456789
14544
123456789
14546
123456789
14548
123456789
14550
123456789
14552
123456789
14554
123456789
14556
123456789
14558
123456789
14560
123456789
14562
123456789
14564
123456789
14566
123456789
14568
123456789
14570
123456789
14572
123456789
14574
123456789
14576
123456789
14578
123456789
14580
123456789
14582
123456789
14584
123456789
14586
123456789
14588
123456789
14590
123456789
14592
123456789
14594
123456789
14596
123456789
14598
123456789
14600
123456789
14602
123456789
14604
123456789
14606
123456789
14608
123456789
14610
123456789
14612
123456789
14614
123456789
14616
123456789
14618
123456789
14620
123456789
14622
123456789
14624
123456789
14626
123456789
14628
123456789
14630
123456789
14632
123456789
14634
123456789
14636
123456789
14638
123456789
14640
123456789
14642
123456789
14644
123456789
14646
123456789
14648
123456789
14650
123456789
14652
123456789
14654
123456789
14656
123456789
14658
123456789
14660
123456789
14662
123456789
14664
123456789
14666
123456789
14668
123456789
14670
123456789
14672
123456789
14674
123456789
14676
123456789
14678
123456789
14680
123456789
14682
123456789
14684
123456789
14686
123456789
14688
123456789
14690
123456789
14692
123456789
14694
123456789
14696
123456789
14698
123456789
14700
123456789
14702
123456789
14704
123456789
14706
123456789
14708
123456789
14710
123456789
14712
123456789
14714
123456789
14716
123456789
14718
123456789
14720
123456789
14722
123456789
14724
123456789
14726
123456789
14728
123456789
14730
123456789
14732
123456789
14734
123456789
14736
123456789
14738
123456789
14740
123456789
14742
123456789
14744
123456789
14746
123456789
14748
123456789
14750
123456789
14752
123456789
14754
123456789
14756
123456789
14758
123456789
14760
123456789
14762
123456789
14764
123456789
14766
123456789
14768
123456789
14770
123456789
14772
123456789
14774
123456789
14776
123456789
14778
123456789
14780
123456789
14782
123456789
14784
123456789
14786
123456789
14788
123456789
14790
123456789
14792
123456789
14794
123456789
14796
123456789
14798
123456789
14800
123456789
14802
123456789
14804
123456789
14806
123456789
14808
123456789
14810
123456789
14812
123456789
14814
123456789
14816
123456789
14818
123456789
14820
123456789
14822
123456789
14824
123456789
14826
123456789
14828
123456789
14830
123456789
14832
123456789
14834
123456789
14836
123456789
14838
123456789
14840
123456789
14842
123456789
14844
123456789
14846
123456789
14848
123456789
14850
123456789
14852
123456789
14854
123456789
14856
123456789
14858
123456789
14860
123456789
14862
123456789
14864
123456789
14866
123456789
14868
123456789
14870
123456789
14872
123456789
14874
123456789
14876
123456789
14878
123456789
14880
123456789
14882
123456789
14884
123456789
14886
123456789
14888
123456789
14890
123456789
14892
123456789
14894
123456789
14896
123456789
14898
123456789
14900
123456789
14902
123456789
14904
123456789
14906
123456789
14908
123456789
14910
123456789
14912
123456789
14914
123456789
14916
123456789
14918
123456789
14920
123456789
14922
123456789
14924
123456789
14926
123456789
14928
123456789
14930
123456789
14932
123456789
14934
123456789
14936
123456789
14938
123456789
14940
123456789
14942
123456789
14944
123456789
14946
123456789
14948
123456789
14950
123456789
14952
123456789
14954
123456789
14956
123456789
14958
123456789
14960
123456789
14962
123456789
14964
123456789
14966
123456789
14968
123456789
14970
123456789
14972
123456789
14974
123456789
14976
123456789
14978
123456789
14980
123456789
14982
123456789
14984
123456789
14986
123456789
14988
123456789
14990
123456789
14992
123456789
14994
123456789
14996
123456789
14998
123456789
15000
123456789
15002
123456789
15004
123456789
15006
123456789
15008
123456789
15010
123456789
15012
123456789
15014
123456789
15016
123456789
15018
123456789
15020
123456789
15022
123456789
15024
123456789
15026
123456789
15028
123456789
15030
123456789
15032
123456789
15034
123456789
15036
123456789
15038
123456789
15040
123456789
15042
123456789
15044
123456789
15046
123456789
15048
123456789
15050
123456789
15052
123456789
15054
123456789
15056
123456789
15058
123456789
15060
123456789
15062
123456789
15064
123456789
15066
123456789
15068
123456789
15070
123456789
15072
123456789
15074
123456789
15076
123456789
15078
123456789
15080
123456789
15082
123456789
15084
123456789
15086
123456789
15088
123456789
15090
123456789
15092
123456789
15094
123456789
15096
123456789
15098
123456789
15100
123456789
15102
123456789
15104
123456789
15106
123456789
15108
123456789
15110
123456789
15112
123456789
15114
123456789
15116
123456789
15118
123456789
15120
123456789
15122
123456789
15124
123456789
15126
123456789
15128
123456789
15130
123456789
15132
123456789
15134
123456789
15136
123456789
15138
123456789
15140
123456789
15142
123456789
15144
123456789
15146
123456789
15148
123456789
15150
123456789
15152
123456789
15154
123456789
15156
123456789
15158
123456789
15160
123456789
15162
123456789
15164
123456789
15166
123456789
15168
123456789
15170
123456789
15172
123456789
15174
123456789
15176
123456789
15178
123456789
15180
123456789
15182
123456789
15184
123456789
15186
123456789
15188
123456789
15190
123456789
15192
123456789
15194
123456789
15196
123456789
15198
123456789
15200
123456789
15202
123456789
15204
123456789
15206
123456789
15208
123456789
15210
123456789
15212
123456789
15214
123456789
15216
123456789
15218
123456789
15220
123456789
15222
123456789
15224
123456789
15226
123456789
15228
123456789
15230
123456789
15232
123456789
15234
123456789
15236
123456789
15238
123456789
15240
123456789
15242
123456789
15244
123456789
15246
123456789
15248
123456789
15250
123456789
15252
123456789
15254
123456789
15256
123456789
15258
123456789
15260
123456789
15262
123456789
15264
123456789
15266
123456789
15268
123456789
15270
123456789
15272
123456789
15274
123456789
15276
123456789
15278
123456789
15280
123456789
15282
123456789
15284
123456789
15286
123456789
15288
123456789
15290
123456789
15292
123456789
15294
123456789
15296
123456789
15298
123456789
15300
123456789
15302
123456789
15304
123456789
15306
123456789
15308
123456789
15310
123456789
15312
123456789
15314
123456789
15316
123456789
15318
123456789
15320
123456789
15322
123456789
15324
123456789
15326
123456789
15328
123456789
15330
123456789
15332
123456789
15334
123456789
15336
123456789
15338
123456789
15340
123456789
15342
123456789
15344
123456789
15346
123456789
15348
123456789
15350
123456789
15352
123456789
15354
123456789
15356
123456789
15358
123456789
15360
123456789
15362
123456789
15364
123456789
15366
123456789
15368
123456789
15370
123456789
15372
123456789
15374
123456789
15376
123456789
15378
123456789
15380
123456789
15382
123456789
15384
123456789
15386
123456789
15388
123456789
15390
123456789
15392
123456789
15394
123456789
15396
123456789
15398
123456789
15400
123456789
15402
123456789
15404
123456789
15406
123456789
15408
123456789
15410
123456789
15412
123456789
15414
123456789
15416
123456789
15418
123456789
15420
123456789
15422
123456789
15424
123456789
15426
123456789
15428
123456789
15430
123456789
15432
123456789
15434
123456789
15436
123456789
15438
123456789
15440
123456789
15442
123456789
15444
123456789
15446
123456789
15448
123456789
15450
123456789
15452
123456789
15454
123456789
15456
123456789
15458
123456789
15460
123456789
15462
123456789
15464
123456789
15466
123456789
15468
123456789
15470
123456789
15472
123456789
15474
123456789
15476
123456789
15478
123456789
15480
123456789
15482
123456789
15484
123456789
15486
123456789
15488
123456789
15490
123456789
15492
123456789
15494
123456789
15496
123456789
15498
123456789
15500
123456789
15502
123456789
15504
123456789
15506
123456789
15508
123456789
15510
123456789
15512
123456789
15514
123456789
15516
123456789
15518
123456789
15520
123456789
15522
123456789
15524
123456789
15526
123456789
15528
123456789
15530
123456789
15532
123456789
15534
123456789
15536
123456789
15538
123456789
15540
123456789
15542
123456789
15544
123456789
15546
123456789
15548
123456789
15550
123456789
15552
123456789
15554
123456789
15556
123456789
15558
123456789
15560
123456789
15562
123456789
15564
123456789
15566
123456789
15568
123456789
15570
123456789
15572
123456789
15574
123456789
15576
123456789
15578
123456789
15580
123456789
15582
123456789
15584
123456789
15586
123456789
15588
123456789
15590
123456789
15592
123456789
15594
123456789
15596
123456789
15598
123456789
15600
123456789
15602
123456789
15604
123456789
15606
123456789
15608
123456789
15610
123456789
15612
123456789
15614
123456789
15616
123456789
15618
123456789
15620
123456789
15622
123456789
15624
123456789
15626
123456789
15628
123456789
15630
123456789
15632
123456789
15634
123456789
15636
123456789
15638
123456789
15640
123456789
15642
123456789
15644
123456789
15646
123456789
15648
123456789
15650
123456789
15652
123456789
15654
123456789
15656
123456789
15658
123456789
15660
123456789
15662
123456789
15664
123456789
15666
123456789
15668
123456789
15670
123456789
15672
123456789
15674
123456789
15676
123456789
15678
123456789
15680
123456789
15682
123456789
15684
123456789
15686
123456789
15688
123456789
15690
123456789
15692
123456789
15694
123456789
15696
123456789
15698
123456789
15700
123456789
15702
123456789
15704
123456789
15706
123456789
15708
123456789
15710
123456789
15712
123456789
15714
123456789
15716
123456789
15718
123456789
15720
123456789
15722
123456789
15724
123456789
15726
123456789
15728
123456789
15730
123456789
15732
123456789
15734
123456789
15736
123456789
15738
123456789
15740
123456789
15742
123456789
15744
123456789
15746
123456789
15748
123456789
15750
123456789
15752
123456789
15754
123456789
15756
123456789
15758
123456789
15760
123456789
15762
123456789
15764
123456789
15766
123456789
15768
123456789
15770
123456789
15772
123456789
15774
123456789
15776
123456789
15778
123456789
15780
123456789
15782
123456789
15784
123456789
15786
123456789
15788
123456789
15790
123456789
15792
123456789
15794
123456789
15796
123456789
15798
123456789
15800
123456789
15802
123456789
15804
123456789
15806
123456789
15808
123456789
15810
123456789
15812
123456789
15814
123456789
15816
123456789
15818
123456789
15820
123456789
15822
123456789
15824
123456789
15826
123456789
15828
123456789
15830
123456789
15832
123456789
15834
123456789
15836
123456789
15838
123456789
15840
123456789
15842
123456789
15844
123456789
15846
123456789
15848
123456789
15850
123456789
15852
123456789
15854
123456789
15856
123456789
15858
123456789
15860
123456789
15862
123456789
15864
123456789
15866
123456789
15868
123456789
15870
123456789
15872
123456789
15874
123456789
15876
123456789
15878
123456789
15880
123456789
15882
123456789
15884
123456789
15886
123456789
15888
123456789
15890
123456789
15892
123456789
15894
123456789
15896
123456789
15898
123456789
15900
123456789
15902
123456789
15904
123456789
15906
123456789
15908
123456789
15910
123456789
15912
123456789
15914
123456789
15916
123456789
15918
123456789
15920
123456789
15922
123456789
15924
123456789
15926
123456789
15928
123456789
15930
123456789
15932
123456789
15934
123456789
15936
123456789
15938
123456789
15940
123456789
15942
123456789
15944
123456789
15946
123456789
15948
123456789
15950
123456789
15952
123456789
15954
123456789
15956
123456789
15958
123456789
15960
123456789
15962
123456789
15964
123456789
15966
123456789
15968
123456789
15970
123456789
15972
123456789
15974
123456789
15976
123456789
15978
123456789
15980
123456789
15982
123456789
15984
123456789
15986
123456789
15988
123456789
15990
123456789
15992
123456789
15994
123456789
15996
123456789
15998
123456789
16000
123456789
16002
123456789
16004
123456789
16006
123456789
16008
123456789
16010
123456789
16012
123456789
16014
123456789
16016
123456789
16018
123456789
16020
123456789
16022
123456789
16024
123456789
16026
123456789
16028
123456789
16030
123456789
16032
123456789
16034
123456789
16036
123456789
16038
123456789
16040
123456789
16042
123456789
16044
123456789
16046
123456789
16048
123456789
16050
123456789
16052
123456789
16054
123456789
16056
123456789
16058
123456789
16060
123456789
16062
123456789
16064
123456789
16066
123456789
16068
123456789
16070
123456789
16072
123456789
16074
123456789
16076
123456789
16078
123456789
16080
123456789
16082
123456789
16084
123456789
16086
123456789
16088
123456789
16090
123456789
16092
123456789
16094
123456789
16096
123456789
16098
123456789
16100
123456789
16102
123456789
16104
123456789
16106
123456789
16108
123456789
16110
123456789
16112
123456789
16114
123456789
16116
123456789
16118
123456789
16120
123456789
16122
123456789
16124
123456789
16126
123456789
16128
123456789
16130
123456789
16132
123456789
16134
123456789
16136
123456789
16138
123456789
16140
123456789
16142
123456789
16144
123456789
16146
123456789
16148
123456789
16150
123456789
16152
123456789
16154
123456789
16156
123456789
16158
123456789
16160
123456789
16162
123456789
16164
123456789
16166
123456789
16168
123456789
16170
123456789
16172
123456789
16174
123456789
16176
123456789
16178
123456789
16180
123456789
16182
123456789
16184
123456789
16186
123456789
16188
123456789
16190
123456789
16192
123456789
16194
123456789
16196
123456789
16198
123456789
16200
123456789
16202
123456789
16204
123456789
16206
123456789
16208
123456789
16210
123456789
16212
123456789
16214
123456789
16216
123456789
16218
123456789
16220
123456789
16222
123456789
16224
123456789
16226
123456789
16228
123456789
16230
123456789
16232
123456789
16234
123456789
16236
123456789
16238
123456789
16240
123456789
16242
123456789
16244
123456789
16246
123456789
16248
123456789
16250
123456789
16252
123456789
16254
123456789
16256
123456789
16258
123456789
16260
123456789
16262
123456789
16264
123456789
16266
123456789
16268
123456789
16270
123456789
16272
123456789
16274
123456789
16276
123456789
16278
123456789
16280
123456789
16282
123456789
16284
123456789
16286
123456789
16288
123456789
16290
123456789
16292
123456789
16294
123456789
16296
123456789
16298
123456789
16300
123456789
16302
123456789
16304
123456789
16306
123456789
16308
123456789
16310
123456789
16312
123456789
16314
123456789
16316
123456789
16318
123456789
16320
123456789
16322
123456789
16324
123456789
16326
123456789
16328
123456789
16330
123456789
16332
123456789
16334
123456789
16336
123456789
16338
123456789
16340
123456789
16342
123456789
16344
123456789
16346
123456789
16348
123456789
16350
123456789
16352
123456789
16354
123456789
16356
123456789
16358
123456789
16360
123456789
16362
123456789
16364
123456789
16366
123456789
16368
123456789
16370
123456789
16372
123456789
16374
123456789
16376
123456789
16378
123456789
16380
123456789
16382
123456789
16384
123456789
16386
123456789
16388
123456789
16390
123456789
16392
123456789
16394
123456789
16396
123456789
16398
123456789
16400
123456789
16402
123456789
16404
123456789
16406
123456789
16408
123456789
16410
123456789
16412
123456789
16414
123456789
16416
123456789
16418
123456789
16420
123456789
16422
123456789
16424
123456789
16426
123456789
16428
123456789
16430
123456789
16432
123456789
16434
123456789
16436
123456789
16438
123456789
16440
123456789
16442
123456789
16444
123456789
16446
123456789
16448
123456789
16450
123456789
16452
123456789
16454
123456789
16456
123456789
16458
123456789
16460
123456789
16462
123456789
16464
123456789
16466
123456789
16468
123456789
16470
123456789
16472
123456789
16474
123456789
16476
123456789
16478
123456789
16480
123456789
16482
123456789
16484
123456789
16486
123456789
16488
123456789
16490
123456789
16492
123456789
16494
123456789
16496
123456789
16498
123456789
16500
123456789
16502
123456789
16504
123456789
16506
123456789
16508
123456789
16510
123456789
16512
123456789
16514
123456789
16516
123456789
16518
123456789
16520
123456789
16522
123456789
16524
123456789
16526
123456789
16528
123456789
16530
123456789
16532
123456789
16534
123456789
16536
123456789
16538
123456789
16540
123456789
16542
123456789
16544
123456789
16546
123456789
16548
123456789
16550
123456789
16552
123456789
16554
123456789
16556
123456789
16558
123456789
16560
123456789
16562
123456789
16564
123456789
16566
123456789
16568
123456789
16570
123456789
16572
123456789
16574
123456789
16576
123456789
16578
123456789
16580
123456789
16582
123456789
16584
123456789
16586
123456789
16588
123456789
16590
123456789
16592
123456789
16594
123456789
16596
123456789
16598
123456789
16600
123456789
16602
123456789
16604
123456789
16606
123456789
16608
123456789
16610
123456789
16612
123456789
16614
123456789
16616
123456789
16618
123456789
16620
123456789
16622
123456789
16624
123456789
16626
123456789
16628
123456789
16630
123456789
16632
123456789
16634
123456789
16636
123456789
16638
123456789
16640
123456789
16642
123456789
16644
123456789
16646
123456789
16648
123456789
16650
123456789
16652
123456789
16654
123456789
16656
123456789
16658
123456789
16660
123456789
16662
123456789
16664
123456789
16666
123456789
16668
123456789
16670
123456789
16672
123456789
16674
123456789
16676
123456789
16678
123456789
16680
123456789
16682
123456789
16684
123456789
16686
123456789
16688
123456789
16690
123456789
16692
123456789
16694
123456789
16696
123456789
16698
123456789
16700
123456789
16702
123456789
16704
123456789
16706
123456789
16708
123456789
16710
123456789
16712
123456789
16714
123456789
16716
123456789
16718
123456789
16720
123456789
16722
123456789
16724
123456789
16726
123456789
16728
123456789
16730
123456789
16732
123456789
16734
123456789
16736
123456789
16738
123456789
16740
123456789
16742
123456789
16744
123456789
16746
123456789
16748
123456789
16750
123456789
16752
123456789
16754
123456789
16756
123456789
16758
123456789
16760
123456789
16762
123456789
16764
123456789
16766
123456789
16768
123456789
16770
123456789
16772
123456789
16774
123456789
16776
123456789
16778
123456789
16780
123456789
16782
123456789
16784
123456789
16786
123456789
16788
123456789
16790
123456789
16792
123456789
16794
123456789
16796
123456789
16798
123456789
16800
123456789
16802
123456789
16804
123456789
16806
123456789
16808
123456789
16810
123456789
16812
123456789
16814
123456789
16816
123456789
16818
123456789
16820
123456789
16822
123456789
16824
123456789
16826
123456789
16828
123456789
16830
123456789
16832
123456789
16834
123456789
16836
123456789
16838
123456789
16840
123456789
16842
123456789
16844
123456789
16846
123456789
16848
123456789
16850
123456789
16852
123456789
16854
123456789
16856
123456789
16858
123456789
16860
123456789
16862
123456789
16864
123456789
16866
123456789
16868
123456789
16870
123456789
16872
123456789
16874
123456789
16876
123456789
16878
123456789
16880
123456789
16882
123456789
16884
123456789
16886
123456789
16888
123456789
16890
123456789
16892
123456789
16894
123456789
16896
123456789
16898
123456789
16900
123456789
16902
123456789
16904
123456789
16906
123456789
16908
123456789
16910
123456789
16912
123456789
16914
123456789
16916
123456789
16918
123456789
16920
123456789
16922
123456789
16924
123456789
16926
123456789
16928
123456789
16930
123456789
16932
123456789
16934
123456789
16936
123456789
16938
123456789
16940
123456789
16942
123456789
16944
123456789
16946
123456789
16948
123456789
16950
123456789
16952
123456789
16954
123456789
16956
123456789
16958
123456789
16960
123456789
16962
123456789
16964
123456789
16966
123456789
16968
123456789
16970
123456789
16972
123456789
16974
123456789
16976
123456789
16978
123456789
16980
123456789
16982
123456789
16984
123456789
16986
123456789
16988
123456789
16990
123456789
16992
123456789
16994
123456789
16996
123456789
16998
123456789
17000
123456789
17002
123456789
17004
123456789
17006
123456789
17008
123456789
17010
123456789
17012
123456789
17014
123456789
17016
123456789
17018
123456789
17020
123456789
17022
123456789
17024
123456789
17026
123456789
17028
123456789
17030
123456789
17032
123456789
17034
123456789
17036
123456789
17038
123456789
17040
123456789
17042
123456789
17044
123456789
17046
123456789
17048
123456789
17050
123456789
17052
123456789
17054
123456789
17056
123456789
17058
123456789
17060
123456789
17062
123456789
17064
123456789
17066
123456789
17068
123456789
17070
123456789
17072
123456789
17074
123456789
17076
123456789
17078
123456789
17080
123456789
17082
123456789
17084
123456789
17086
123456789
17088
123456789
17090
123456789
17092
123456789
17094
123456789
17096
123456789
17098
123456789
17100
123456789
17102
123456789
17104
123456789
17106
123456789
17108
123456789
17110
123456789
17112
123456789
17114
123456789
17116
123456789
17118
123456789
17120
123456789
17122
123456789
17124
123456789
17126
123456789
17128
123456789
17130
123456789
17132
123456789
17134
123456789
17136
123456789
17138
123456789
17140
123456789
17142
123456789
17144
123456789
17146
123456789
17148
123456789
17150
123456789
17152
123456789
17154
123456789
17156
123456789
17158
123456789
17160
123456789
17162
123456789
17164
123456789
17166
123456789
17168
123456789
17170
123456789
17172
123456789
17174
123456789
17176
123456789
17178
123456789
17180
123456789
17182
123456789
17184
123456789
17186
123456789
17188
123456789
17190
123456789
17192
123456789
17194
123456789
17196
123456789
17198
123456789
17200
123456789
17202
123456789
17204
123456789
17206
123456789
17208
123456789
17210
123456789
17212
123456789
17214
123456789
17216
123456789
17218
123456789
17220
123456789
17222
123456789
17224
123456789
17226
123456789
17228
123456789
17230
123456789
17232
123456789
17234
123456789
17236
123456789
17238
123456789
17240
123456789
17242
123456789
17244
123456789
17246
123456789
17248
123456789
17250
123456789
17252
123456789
17254
123456789
17256
123456789
17258
123456789
17260
123456789
17262
123456789
17264
123456789
17266
123456789
17268
123456789
17270
123456789
17272
123456789
17274
123456789
17276
123456789
17278
123456789
17280
123456789
17282
123456789
17284
123456789
17286
123456789
17288
123456789
17290
123456789
17292
123456789
17294
123456789
17296
123456789
17298
123456789
17300
123456789
17302
123456789
17304
123456789
17306
123456789
17308
123456789
17310
123456789
17312
123456789
17314
123456789
17316
123456789
17318
123456789
17320
123456789
17322
123456789
17324
123456789
17326
123456789
17328
123456789
17330
123456789
17332
123456789
17334
123456789
17336
123456789
17338
123456789
17340
123456789
17342
123456789
17344
123456789
17346
123456789
17348
123456789
17350
123456789
17352
123456789
17354
123456789
17356
123456789
17358
123456789
17360
123456789
17362
123456789
17364
123456789
17366
123456789
17368
123456789
17370
123456789
17372
123456789
17374
123456789
17376
123456789
17378
123456789
17380
123456789
17382
123456789
17384
123456789
17386
123456789
17388
123456789
17390
123456789
17392
123456789
17394
123456789
17396
123456789
17398
123456789
17400
123456789
17402
123456789
17404
123456789
17406
123456789
17408
123456789
17410
123456789
17412
123456789
17414
123456789
17416
123456789
17418
123456789
17420
123456789
17422
123456789
17424
123456789
17426
123456789
17428
123456789
17430
123456789
17432
123456789
17434
123456789
17436
123456789
17438
123456789
17440
123456789
17442
123456789
17444
123456789
17446
123456789
17448
123456789
17450
123456789
17452
123456789
17454
123456789
17456
123456789
17458
123456789
17460
123456789
17462
123456789
17464
123456789
17466
123456789
17468
123456789
17470
123456789
17472
123456789
17474
123456789
17476
123456789
17478
123456789
17480
123456789
17482
123456789
17484
123456789
17486
123456789
17488
123456789
17490
123456789
17492
123456789
17494
123456789
17496
123456789
17498
123456789
17500
123456789
17502
123456789
17504
123456789
17506
123456789
17508
123456789
17510
123456789
17512
123456789
17514
123456789
17516
123456789
17518
123456789
17520
123456789
17522
123456789
17524
123456789
17526
123456789
17528
123456789
17530
123456789
17532
123456789
17534
123456789
17536
123456789
17538
123456789
17540
123456789
17542
123456789
17544
123456789
17546
123456789
17548
123456789
17550
123456789
17552
123456789
17554
123456789
17556
123456789
17558
123456789
17560
123456789
17562
123456789
17564
123456789
17566
123456789
17568
123456789
17570
123456789
17572
123456789
17574
123456789
17576
123456789
17578
123456789
17580
123456789
17582
123456789
17584
123456789
17586
123456789
17588
123456789
17590
123456789
17592
123456789
17594
123456789
17596
123456789
17598
123456789
17600
123456789
17602
123456789
17604
123456789
17606
123456789
17608
123456789
17610
123456789
17612
123456789
17614
123456789
17616
123456789
17618
123456789
17620
123456789
17622
123456789
17624
123456789
17626
123456789
17628
123456789
17630
123456789
17632
123456789
17634
123456789
17636
123456789
17638
123456789
17640
123456789
17642
123456789
17644
123456789
17646
123456789
17648
123456789
17650
123456789
17652
123456789
17654
123456789
17656
123456789
17658
123456789
17660
123456789
17662
123456789
17664
123456789
17666
123456789
17668
123456789
17670
123456789
17672
123456789
17674
123456789
17676
123456789
17678
123456789
17680
123456789
17682
123456789
17684
123456789
17686
123456789
17688
123456789
17690
123456789
17692
123456789
17694
123456789
17696
123456789
17698
123456789
17700
123456789
17702
123456789
17704
123456789
17706
123456789
17708
123456789
17710
123456789
17712
123456789
17714
123456789
17716
123456789
17718
123456789
17720
123456789
17722
123456789
17724
123456789
17726
123456789
17728
123456789
17730
123456789
17732
123456789
17734
123456789
17736
123456789
17738
123456789
17740
123456789
17742
123456789
17744
123456789
17746
123456789
17748
123456789
17750
123456789
17752
123456789
17754
123456789
17756
123456789
17758
123456789
17760
123456789
17762
123456789
17764
123456789
17766
123456789
17768
123456789
17770
123456789
17772
123456789
17774
123456789
17776
123456789
17778
123456789
17780
123456789
17782
123456789
17784
123456789
17786
123456789
17788
123456789
17790
123456789
17792
123456789
17794
123456789
17796
123456789
17798
123456789
17800
123456789
17802
123456789
17804
123456789
17806
123456789
17808
123456789
17810
123456789
17812
123456789
17814
123456789
17816
123456789
17818
123456789
17820
123456789
17822
123456789
17824
123456789
17826
123456789
17828
123456789
17830
123456789
17832
123456789
17834
123456789
17836
123456789
17838
123456789
17840
123456789
17842
123456789
17844
123456789
17846
123456789
17848
123456789
17850
123456789
17852
123456789
17854
123456789
17856
123456789
17858
123456789
17860
123456789
17862
123456789
17864
123456789
17866
123456789
17868
123456789
17870
123456789
17872
123456789
17874
123456789
17876
123456789
17878
123456789
17880
123456789
17882
123456789
17884
123456789
17886
123456789
17888
123456789
17890
123456789
17892
123456789
17894
123456789
17896
123456789
17898
123456789
17900
123456789
17902
123456789
17904
123456789
17906
123456789
17908
123456789
17910
123456789
17912
123456789
17914
123456789
17916
123456789
17918
123456789
17920
123456789
17922
123456789
17924
123456789
17926
123456789
17928
123456789
17930
123456789
17932
123456789
17934
123456789
17936
123456789
17938
123456789
17940
123456789
17942
123456789
17944
123456789
17946
123456789
17948
123456789
17950
123456789
17952
123456789
17954
123456789
17956
123456789
17958
123456789
17960
123456789
17962
123456789
17964
123456789
17966
123456789
17968
123456789
17970
123456789
17972
123456789
17974
123456789
17976
123456789
17978
123456789
17980
123456789
17982
123456789
17984
123456789
17986
123456789
17988
123456789
17990
123456789
17992
123456789
17994
123456789
17996
123456789
17998
123456789
18000
123456789
18002
123456789
18004
123456789
18006
123456789
18008
123456789
18010
123456789
18012
123456789
18014
123456789
18016
123456789
18018
123456789
18020
123456789
18022
123456789
18024
123456789
18026
123456789
18028
123456789
18030
123456789
18032
123456789
18034
123456789
18036
123456789
18038
123456789
18040
123456789
18042
123456789
18044
123456789
18046
123456789
18048
123456789
18050
123456789
18052
123456789
18054
123456789
18056
123456789
18058
123456789
18060
123456789
18062
123456789
18064
123456789
18066
123456789
18068
123456789
18070
123456789
18072
123456789
18074
123456789
18076
123456789
18078
123456789
18080
123456789
18082
123456789
18084
123456789
18086
123456789
18088
123456789
18090
123456789
18092
123456789
18094
123456789
18096
123456789
18098
123456789
18100
123456789
18102
123456789
18104
123456789
18106
123456789
18108
123456789
18110
123456789
18112
123456789
18114
123456789
18116
123456789
18118
123456789
18120
123456789
18122
123456789
18124
123456789
18126
123456789
18128
123456789
18130
123456789
18132
123456789
18134
123456789
18136
123456789
18138
123456789
18140
123456789
18142
123456789
18144
123456789
18146
123456789
18148
123456789
18150
123456789
18152
123456789
18154
123456789
18156
123456789
18158
123456789
18160
123456789
18162
123456789
18164
123456789
18166
123456789
18168
123456789
18170
123456789
18172
123456789
18174
123456789
18176
123456789
18178
123456789
18180
123456789
18182
123456789
18184
123456789
18186
123456789
18188
123456789
18190
123456789
18192
123456789
18194
123456789
18196
123456789
18198
123456789
18200
123456789
18202
123456789
18204
123456789
18206
123456789
18208
123456789
18210
123456789
18212
123456789
18214
123456789
18216
123456789
18218
123456789
18220
123456789
18222
123456789
18224
123456789
18226
123456789
18228
123456789
18230
123456789
18232
123456789
18234
123456789
18236
123456789
18238
123456789
18240
123456789
18242
123456789
18244
123456789
18246
123456789
18248
123456789
18250
123456789
18252
123456789
18254
123456789
18256
123456789
18258
123456789
18260
123456789
18262
123456789
18264
123456789
18266
123456789
18268
123456789
18270
123456789
18272
123456789
18274
123456789
18276
123456789
18278
123456789
18280
123456789
18282
123456789
18284
123456789
18286
123456789
18288
123456789
18290
123456789
18292
123456789
18294
123456789
18296
123456789
18298
123456789
18300
123456789
18302
123456789
18304
123456789
18306
123456789
18308
123456789
18310
123456789
18312
123456789
18314
123456789
18316
123456789
18318
123456789
18320
123456789
18322
123456789
18324
123456789
18326
123456789
18328
123456789
18330
123456789
18332
123456789
18334
123456789
18336
123456789
18338
123456789
18340
123456789
18342
123456789
18344
123456789
18346
123456789
18348
123456789
18350
123456789
18352
123456789
18354
123456789
18356
123456789
18358
123456789
18360
123456789
18362
123456789
18364
123456789
18366
123456789
18368
123456789
18370
123456789
18372
123456789
18374
123456789
18376
123456789
18378
123456789
18380
123456789
18382
123456789
18384
123456789
18386
123456789
18388
123456789
18390
123456789
18392
123456789
18394
123456789
18396
123456789
18398
123456789
18400
123456789
18402
123456789
18404
123456789
18406
123456789
18408
123456789
18410
123456789
18412
123456789
18414
123456789
18416
123456789
18418
123456789
18420
123456789
18422
123456789
18424
123456789
18426
123456789
18428
123456789
18430
123456789
18432
123456789
18434
123456789
18436
123456789
18438
123456789
18440
123456789
18442
123456789
18444
123456789
18446
123456789
18448
123456789
18450
123456789
18452
123456789
18454
123456789
18456
123456789
18458
123456789
18460
123456789
18462
123456789
18464
123456789
18466
123456789
18468
123456789
18470
123456789
18472
123456789
18474
123456789
18476
123456789
18478
123456789
18480
123456789
18482
123456789
18484
123456789
18486
123456789
18488
123456789
18490
123456789
18492
123456789
18494
123456789
18496
123456789
18498
123456789
18500
123456789
18502
123456789
18504
123456789
18506
123456789
18508
123456789
18510
123456789
18512
123456789
18514
123456789
18516
123456789
18518
123456789
18520
123456789
18522
123456789
18524
123456789
18526
123456789
18528
123456789
18530
123456789
18532
123456789
18534
123456789
18536
123456789
18538
123456789
18540
123456789
18542
123456789
18544
123456789
18546
123456789
18548
123456789
18550
123456789
18552
123456789
18554
123456789
18556
123456789
18558
123456789
18560
123456789
18562
123456789
18564
123456789
18566
123456789
18568
123456789
18570
123456789
18572
123456789
18574
123456789
18576
123456789
18578
123456789
18580
123456789
18582
123456789
18584
123456789
18586
123456789
18588
123456789
18590
123456789
18592
123456789
18594
123456789
18596
123456789
18598
123456789
18600
123456789
18602
123456789
18604
123456789
18606
123456789
18608
123456789
18610
123456789
18612
123456789
18614
123456789
18616
123456789
18618
123456789
18620
123456789
18622
123456789
18624
123456789
18626
123456789
18628
123456789
18630
123456789
18632
123456789
18634
123456789
18636
123456789
18638
123456789
18640
123456789
18642
123456789
18644
123456789
18646
123456789
18648
123456789
18650
123456789
18652
123456789
18654
123456789
18656
123456789
18658
123456789
18660
123456789
18662
123456789
18664
123456789
18666
123456789
18668
123456789
18670
123456789
18672
123456789
18674
123456789
18676
123456789
18678
123456789
18680
123456789
18682
123456789
18684
123456789
18686
123456789
18688
123456789
18690
123456789
18692
123456789
18694
123456789
18696
123456789
18698
123456789
18700
123456789
18702
123456789
18704
123456789
18706
123456789
18708
123456789
18710
123456789
18712
123456789
18714
123456789
18716
123456789
18718
123456789
18720
123456789
18722
123456789
18724
123456789
18726
123456789
18728
123456789
18730
123456789
18732
123456789
18734
123456789
18736
123456789
18738
123456789
18740
123456789
18742
123456789
18744
123456789
18746
123456789
18748
123456789
18750
123456789
18752
123456789
18754
123456789
18756
123456789
18758
123456789
18760
123456789
18762
123456789
18764
123456789
18766
123456789
18768
123456789
18770
123456789
18772
123456789
18774
123456789
18776
123456789
18778
123456789
18780
123456789
18782
123456789
18784
123456789
18786
123456789
18788
123456789
18790
123456789
18792
123456789
18794
123456789
18796
123456789
18798
123456789
18800
123456789
18802
123456789
18804
123456789
18806
123456789
18808
123456789
18810
123456789
18812
123456789
18814
123456789
18816
123456789
18818
123456789
18820
123456789
18822
123456789
18824
123456789
18826
123456789
18828
123456789
18830
123456789
18832
123456789
18834
123456789
18836
123456789
18838
123456789
18840
123456789
18842
123456789
18844
123456789
18846
123456789
18848
123456789
18850
123456789
18852
123456789
18854
123456789
18856
123456789
18858
123456789
18860
123456789
18862
123456789
18864
123456789
18866
123456789
18868
123456789
18870
123456789
18872
123456789
18874
123456789
18876
123456789
18878
123456789
18880
123456789
18882
123456789
18884
123456789
18886
123456789
18888
123456789
18890
123456789
18892
123456789
18894
123456789
18896
123456789
18898
123456789
18900
123456789
18902
123456789
18904
123456789
18906
123456789
18908
123456789
18910
123456789
18912
123456789
18914
123456789
18916
123456789
18918
123456789
18920
123456789
18922
123456789
18924
123456789
18926
123456789
18928
123456789
18930
123456789
18932
123456789
18934
123456789
18936
123456789
18938
123456789
18940
123456789
18942
123456789
18944
123456789
18946
123456789
18948
123456789
18950
123456789
18952
123456789
18954
123456789
18956
123456789
18958
123456789
18960
123456789
18962
123456789
18964
123456789
18966
123456789
18968
123456789
18970
123456789
18972
123456789
18974
123456789
18976
123456789
18978
123456789
18980
123456789
18982
123456789
18984
123456789
18986
123456789
18988
123456789
18990
123456789
18992
123456789
18994
123456789
18996
123456789
18998
123456789
19000
123456789
19002
123456789
19004
123456789
19006
123456789
19008
123456789
19010
123456789
19012
123456789
19014
123456789
19016
123456789
19018
123456789
19020
123456789
19022
123456789
19024
123456789
19026
123456789
19028
123456789
19030
123456789
19032
123456789
19034
123456789
19036
123456789
19038
123456789
19040
123456789
19042
123456789
19044
123456789
19046
123456789
19048
123456789
19050
123456789
19052
123456789
19054
123456789
19056
123456789
19058
123456789
19060
123456789
19062
123456789
19064
123456789
19066
123456789
19068
123456789
19070
123456789
19072
123456789
19074
123456789
19076
123456789
19078
123456789
19080
123456789
19082
123456789
19084
123456789
19086
123456789
19088
123456789
19090
123456789
19092
123456789
19094
123456789
19096
123456789
19098
123456789
19100
123456789
19102
123456789
19104
123456789
19106
123456789
19108
123456789
19110
123456789
19112
123456789
19114
123456789
19116
123456789
19118
123456789
19120
123456789
19122
123456789
19124
123456789
19126
123456789
19128
123456789
19130
123456789
19132
123456789
19134
123456789
19136
123456789
19138
123456789
19140
123456789
19142
123456789
19144
123456789
19146
123456789
19148
123456789
19150
123456789
19152
123456789
19154
123456789
19156
123456789
19158
123456789
19160
123456789
19162
123456789
19164
123456789
19166
123456789
19168
123456789
19170
123456789
19172
123456789
19174
123456789
19176
123456789
19178
123456789
19180
123456789
19182
123456789
19184
123456789
19186
123456789
19188
123456789
19190
123456789
19192
123456789
19194
123456789
19196
123456789
19198
123456789
19200
123456789
19202
123456789
19204
123456789
19206
123456789
19208
123456789
19210
123456789
19212
123456789
19214
123456789
19216
123456789
19218
123456789
19220
123456789
19222
123456789
19224
123456789
19226
123456789
19228
123456789
19230
123456789
19232
123456789
19234
123456789
19236
123456789
19238
123456789
19240
123456789
19242
123456789
19244
123456789
19246
123456789
19248
123456789
19250
123456789
19252
123456789
19254
123456789
19256
123456789
19258
123456789
19260
123456789
19262
123456789
19264
123456789
19266
123456789
19268
123456789
19270
123456789
19272
123456789
19274
123456789
19276
123456789
19278
123456789
19280
123456789
19282
123456789
19284
123456789
19286
123456789
19288
123456789
19290
123456789
19292
123456789
19294
123456789
19296
123456789
19298
123456789
19300
123456789
19302
123456789
19304
123456789
19306
123456789
19308
123456789
19310
123456789
19312
123456789
19314
123456789
19316
123456789
19318
123456789
19320
123456789
19322
123456789
19324
123456789
19326
123456789
19328
123456789
19330
123456789
19332
123456789
19334
123456789
19336
123456789
19338
123456789
19340
123456789
19342
123456789
19344
123456789
19346
123456789
19348
123456789
19350
123456789
19352
123456789
19354
123456789
19356
123456789
19358
123456789
19360
123456789
19362
123456789
19364
123456789
19366
123456789
19368
123456789
19370
123456789
19372
123456789
19374
123456789
19376
123456789
19378
123456789
19380
123456789
19382
123456789
19384
123456789
19386
123456789
19388
123456789
19390
123456789
19392
123456789
19394
123456789
19396
123456789
19398
123456789
19400
123456789
19402
123456789
19404
123456789
19406
123456789
19408
123456789
19410
123456789
19412
123456789
19414
123456789
19416
123456789
19418
123456789
19420
123456789
19422
123456789
19424
123456789
19426
123456789
19428
123456789
19430
123456789
19432
123456789
19434
123456789
19436
123456789
19438
123456789
19440
123456789
19442
123456789
19444
123456789
19446
123456789
19448
123456789
19450
123456789
19452
123456789
19454
123456789
19456
123456789
19458
123456789
19460
123456789
19462
123456789
19464
123456789
19466
123456789
19468
123456789
19470
123456789
19472
123456789
19474
123456789
19476
123456789
19478
123456789
19480
123456789
19482
123456789
19484
123456789
19486
123456789
19488
123456789
19490
123456789
19492
123456789
19494
123456789
19496
123456789
19498
123456789
19500
123456789
19502
123456789
19504
123456789
19506
123456789
19508
123456789
19510
123456789
19512
123456789
19514
123456789
19516
123456789
19518
123456789
19520
123456789
19522
123456789
19524
123456789
19526
123456789
19528
123456789
19530
123456789
19532
123456789
19534
123456789
19536
123456789
19538
123456789
19540
123456789
19542
123456789
19544
123456789
19546
123456789
19548
123456789
19550
123456789
19552
123456789
19554
123456789
19556
123456789
19558
123456789
19560
123456789
19562
123456789
19564
123456789
19566
123456789
19568
123456789
19570
123456789
19572
123456789
19574
123456789
19576
123456789
19578
123456789
19580
123456789
19582
123456789
19584
123456789
19586
123456789
19588
123456789
19590
123456789
19592
123456789
19594
123456789
19596
123456789
19598
123456789
19600
123456789
19602
123456789
19604
123456789
19606
123456789
19608
123456789
19610
123456789
19612
123456789
19614
123456789
19616
123456789
19618
123456789
19620
123456789
19622
123456789
19624
123456789
19626
123456789
19628
123456789
19630
123456789
19632
123456789
19634
123456789
19636
123456789
19638
123456789
19640
123456789
19642
123456789
19644
123456789
19646
123456789
19648
123456789
19650
123456789
19652
123456789
19654
123456789
19656
123456789
19658
123456789
19660
123456789
19662
123456789
19664
123456789
19666
123456789
19668
123456789
19670
123456789
19672
123456789
19674
123456789
19676
123456789
19678
123456789
19680
123456789
19682
123456789
19684
123456789
19686
123456789
19688
123456789
19690
123456789
19692
123456789
19694
123456789
19696
123456789
19698
123456789
19700
123456789
19702
123456789
19704
123456789
19706
123456789
19708
123456789
19710
123456789
19712
123456789
19714
123456789
19716
123456789
19718
123456789
19720
123456789
19722
123456789
19724
123456789
19726
123456789
19728
123456789
19730
123456789
19732
123456789
19734
123456789
19736
123456789
19738
123456789
19740
123456789
19742
123456789
19744
123456789
19746
123456789
19748
123456789
19750
123456789
19752
123456789
19754
123456789
19756
123456789
19758
123456789
19760
123456789
19762
123456789
19764
123456789
19766
123456789
19768
123456789
19770
123456789
19772
123456789
19774
123456789
19776
123456789
19778
123456789
19780
123456789
19782
123456789
19784
123456789
19786
123456789
19788
123456789
19790
123456789
19792
123456789
19794
123456789
19796
123456789
19798
123456789
19800
123456789
19802
123456789
19804
123456789
19806
123456789
19808
123456789
19810
123456789
19812
123456789
19814
123456789
19816
123456789
19818
123456789
19820
123456789
19822
123456789
19824
123456789
19826
123456789
19828
123456789
19830
123456789
19832
123456789
19834
123456789
19836
123456789
19838
123456789
19840
123456789
19842
123456789
19844
123456789
19846
123456789
19848
123456789
19850
123456789
19852
123456789
19854
123456789
19856
123456789
19858
123456789
19860
123456789
19862
123456789
19864
123456789
19866
123456789
19868
123456789
19870
123456789
19872
123456789
19874
123456789
19876
123456789
19878
123456789
19880
123456789
19882
123456789
19884
123456789
19886
123456789
19888
123456789
19890
123456789
19892
123456789
19894
123456789
19896
123456789
19898
123456789
19900
123456789
19902
123456789
19904
123456789
19906
123456789
19908
123456789
19910
123456789
19912
123456789
19914
123456789
19916
123456789
19918
123456789
19920
123456789
19922
123456789
19924
123456789
19926
123456789
19928
123456789
19930
123456789
19932
123456789
19934
123456789
19936
123456789
19938
123456789
19940
123456789
19942
123456789
19944
123456789
19946
123456789
19948
123456789
19950
123456789
19952
123456789
19954
123456789
19956
123456789
19958
123456789
19960
123456789
19962
123456789
19964
123456789
19966
123456789
19968
123456789
19970
123456789
19972
123456789
19974
123456789
19976
123456789
19978
123456789
19980
123456789
19982
123456789
19984
123456789
19986
123456789
19988
123456789
19990
123456789
19992
123456789
19994
123456789
19996
123456789
19998
123456789
20000
123456789
20002
123456789
20004
123456789
20006
123456789
20008
123456789
20010
123456789
20012
123456789
20014
123456789
20016
123456789
20018
123456789
20020
123456789
20022
123456789
20024
123456789
20026
123456789
20028
123456789
20030
123456789
20032
123456789
20034
123456789
20036
123456789
20038
123456789
20040
123456789
20042
123456789
20044
123456789
20046
123456789
20048
123456789
20050
123456789
20052
123456789
20054
123456789
20056
123456789
20058
123456789
20060
123456789
20062
123456789
20064
123456789
20066
123456789
20068
123456789
20070
123456789
20072
123456789
20074
123456789
20076
123456789
20078
123456789
20080
123456789
20082
123456789
20084
123456789
20086
123456789
20088
123456789
20090
123456789
20092
123456789
20094
123456789
20096
123456789
20098
123456789
20100
123456789
20102
123456789
20104
123456789
20106
123456789
20108
123456789
20110
123456789
20112
123456789
20114
123456789
20116
123456789
20118
123456789
20120
123456789
20122
123456789
20124
123456789
20126
123456789
20128
123456789
20130
123456789
20132
123456789
20134
123456789
20136
123456789
20138
123456789
20140
123456789
20142
123456789
20144
123456789
20146
123456789
20148
123456789
20150
123456789
20152
123456789
20154
123456789
20156
123456789
20158
123456789
20160
123456789
20162
123456789
20164
123456789
20166
123456789
20168
123456789
20170
123456789
20172
123456789
20174
123456789
20176
123456789
20178
123456789
20180
123456789
20182
123456789
20184
123456789
20186
123456789
20188
123456789
20190
123456789
20192
123456789
20194
123456789
20196
123456789
20198
123456789
20200
123456789
20202
123456789
20204
123456789
20206
123456789
20208
123456789
20210
123456789
20212
123456789
20214
123456789
20216
123456789
20218
123456789
20220
123456789
20222
123456789
20224
123456789
20226
123456789
20228
123456789
20230
123456789
20232
123456789
20234
123456789
20236
123456789
20238
123456789
20240
123456789
20242
123456789
20244
123456789
20246
123456789
20248
123456789
20250
123456789
20252
123456789
20254
123456789
20256
123456789
20258
123456789
20260
123456789
20262
123456789
20264
123456789
20266
123456789
20268
123456789
20270
123456789
20272
123456789
20274
123456789
20276
123456789
20278
123456789
20280
123456789
20282
123456789
20284
123456789
20286
123456789
20288
123456789
20290
123456789
20292
123456789
20294
123456789
20296
123456789
20298
123456789
20300
123456789
20302
123456789
20304
123456789
20306
123456789
20308
123456789
20310
123456789
20312
123456789
20314
123456789
20316
123456789
20318
123456789
20320
123456789
20322
123456789
20324
123456789
20326
123456789
20328
123456789
20330
123456789
20332
123456789
20334
123456789
20336
123456789
20338
123456789
20340
123456789
20342
123456789
20344
123456789
20346
123456789
20348
123456789
20350
123456789
20352
123456789
20354
123456789
20356
123456789
20358
123456789
20360
123456789
20362
123456789
20364
123456789
20366
123456789
20368
123456789
20370
123456789
20372
123456789
20374
123456789
20376
123456789
20378
123456789
20380
123456789
20382
123456789
20384
123456789
20386
123456789
20388
123456789
20390
123456789
20392
123456789
20394
123456789
20396
123456789
20398
123456789
20400
123456789
20402
123456789
20404
123456789
20406
123456789
20408
123456789
20410
123456789
20412
123456789
20414
123456789
20416
123456789
20418
123456789
20420
123456789
20422
123456789
20424
123456789
20426
123456789
20428
123456789
20430
123456789
20432
123456789
20434
123456789
20436
123456789
20438
123456789
20440
123456789
20442
123456789
20444
123456789
20446
123456789
20448
123456789
20450
123456789
20452
123456789
20454
123456789
20456
123456789
20458
123456789
20460
123456789
20462
123456789
20464
123456789
20466
123456789
20468
123456789
20470
123456789
20472
123456789
20474
123456789
20476
123456789
20478
123456789
20480
123456789
20482
123456789
20484
123456789
20486
123456789
20488
123456789
20490
123456789
20492
123456789
20494
123456789
20496
123456789
20498
123456789
20500
123456789
20502
123456789
20504
123456789
20506
123456789
20508
123456789
20510
123456789
20512
123456789
20514
123456789
20516
123456789
20518
123456789
20520
123456789
20522
123456789
20524
123456789
20526
123456789
20528
123456789
20530
123456789
20532
123456789
20534
123456789
20536
123456789
20538
123456789
20540
123456789
20542
123456789
20544
123456789
20546
123456789
20548
123456789
20550
123456789
20552
123456789
20554
123456789
20556
123456789
20558
123456789
20560
123456789
20562
123456789
20564
123456789
20566
123456789
20568
123456789
20570
123456789
20572
123456789
20574
123456789
20576
123456789
20578
123456789
20580
123456789
20582
123456789
20584
123456789
20586
123456789
20588
123456789
20590
123456789
20592
123456789
20594
123456789
20596
123456789
20598
123456789
20600
123456789
20602
123456789
20604
123456789
20606
123456789
20608
123456789
20610
123456789
20612
123456789
20614
123456789
20616
123456789
20618
123456789
20620
123456789
20622
123456789
20624
123456789
20626
123456789
20628
123456789
20630
123456789
20632
123456789
20634
123456789
20636
123456789
20638
123456789
20640
123456789
20642
123456789
20644
123456789
20646
123456789
20648
123456789
20650
123456789
20652
123456789
20654
123456789
20656
123456789
20658
123456789
20660
123456789
20662
123456789
20664
123456789
20666
123456789
20668
123456789
20670
123456789
20672
123456789
20674
123456789
20676
123456789
20678
123456789
20680
123456789
20682
123456789
20684
123456789
20686
123456789
20688
123456789
20690
123456789
20692
123456789
20694
123456789
20696
123456789
20698
123456789
20700
123456789
20702
123456789
20704
123456789
20706
123456789
20708
123456789
20710
123456789
20712
123456789
20714
123456789
20716
123456789
20718
123456789
20720
123456789
20722
123456789
20724
123456789
20726
123456789
20728
123456789
20730
123456789
20732
123456789
20734
123456789
20736
123456789
20738
123456789
20740
123456789
20742
123456789
20744
123456789
20746
123456789
20748
123456789
20750
123456789
20752
123456789
20754
123456789
20756
123456789
20758
123456789
20760
123456789
20762
123456789
20764
123456789
20766
123456789
20768
123456789
20770
123456789
20772
123456789
20774
123456789
20776
123456789
20778
123456789
20780
123456789
20782
123456789
20784
123456789
20786
123456789
20788
123456789
20790
123456789
20792
123456789
20794
123456789
20796
123456789
20798
123456789
20800
123456789
20802
123456789
20804
123456789
20806
123456789
20808
123456789
20810
123456789
20812
123456789
20814
123456789
20816
123456789
20818
123456789
20820
123456789
20822
123456789
20824
123456789
20826
123456789
20828
123456789
20830
123456789
20832
123456789
20834
123456789
20836
123456789
20838
123456789
20840
123456789
20842
123456789
20844
123456789
20846
123456789
20848
123456789
20850
123456789
20852
123456789
20854
123456789
20856
123456789
20858
123456789
20860
123456789
20862
123456789
20864
123456789
20866
123456789
20868
123456789
20870
123456789
20872
123456789
20874
123456789
20876
123456789
20878
123456789
20880
123456789
20882
123456789
20884
123456789
20886
123456789
20888
123456789
20890
123456789
20892
123456789
20894
123456789
20896
123456789
20898
123456789
20900
123456789
20902
123456789
20904
123456789
20906
123456789
20908
123456789
20910
123456789
20912
123456789
20914
123456789
20916
123456789
20918
123456789
20920
123456789
20922
123456789
20924
123456789
20926
123456789
20928
123456789
20930
123456789
20932
123456789
20934
123456789
20936
123456789
20938
123456789
20940
123456789
20942
123456789
20944
123456789
20946
123456789
20948
123456789
20950
123456789
20952
123456789
20954
123456789
20956
123456789
20958
123456789
20960
123456789
20962
123456789
20964
123456789
20966
123456789
20968
123456789
20970
123456789
20972
123456789
20974
123456789
20976
123456789
20978
123456789
20980
123456789
20982
123456789
20984
123456789
20986
123456789
20988
123456789
20990
123456789
20992
123456789
20994
123456789
20996
123456789
20998
123456789
21000
123456789
21002
123456789
21004
123456789
21006
123456789
21008
123456789
21010
123456789
21012
123456789
21014
123456789
21016
123456789
21018
123456789
21020
123456789
21022
123456789
21024
123456789
21026
123456789
21028
123456789
21030
123456789
21032
123456789
21034
123456789
21036
123456789
21038
123456789
21040
123456789
21042
123456789
21044
123456789
21046
123456789
21048
123456789
21050
123456789
21052
123456789
21054
123456789
21056
123456789
21058
123456789
21060
123456789
21062
123456789
21064
123456789
21066
123456789
21068
123456789
21070
123456789
21072
123456789
21074
123456789
21076
123456789
21078
123456789
21080
123456789
21082
123456789
21084
123456789
21086
123456789
21088
123456789
21090
123456789
21092
123456789
21094
123456789
21096
123456789
21098
123456789
21100
123456789
21102
123456789
21104
123456789
21106
123456789
21108
123456789
21110
123456789
21112
123456789
21114
123456789
21116
123456789
21118
123456789
21120
123456789
21122
123456789
21124
123456789
21126
123456789
21128
123456789
21130
123456789
21132
123456789
21134
123456789
21136
123456789
21138
123456789
21140
123456789
21142
123456789
21144
123456789
21146
123456789
21148
123456789
21150
123456789
21152
123456789
21154
123456789
21156
123456789
21158
123456789
21160
123456789
21162
123456789
21164
123456789
21166
123456789
21168
123456789
21170
123456789
21172
123456789
21174
123456789
21176
123456789
21178
123456789
21180
123456789
21182
123456789
21184
123456789
21186
123456789
21188
123456789
21190
123456789
21192
123456789
21194
123456789
21196
123456789
21198
123456789
21200
123456789
21202
123456789
21204
123456789
21206
123456789
21208
123456789
21210
123456789
21212
123456789
21214
123456789
21216
123456789
21218
123456789
21220
123456789
21222
123456789
21224
123456789
21226
123456789
21228
123456789
21230
123456789
21232
123456789
21234
123456789
21236
123456789
21238
123456789
21240
123456789
21242
123456789
21244
123456789
21246
123456789
21248
123456789
21250
123456789
21252
123456789
21254
123456789
21256
123456789
21258
123456789
21260
123456789
21262
123456789
21264
123456789
21266
123456789
21268
123456789
21270
123456789
21272
123456789
21274
123456789
21276
123456789
21278
123456789
21280
123456789
21282
123456789
21284
123456789
21286
123456789
21288
123456789
21290
123456789
21292
123456789
21294
123456789
21296
123456789
21298
123456789
21300
123456789
21302
123456789
21304
123456789
21306
123456789
21308
123456789
21310
123456789
21312
123456789
21314
123456789
21316
123456789
21318
123456789
21320
123456789
21322
123456789
21324
123456789
21326
123456789
21328
123456789
21330
123456789
21332
123456789
21334
123456789
21336
123456789
21338
123456789
21340
123456789
21342
123456789
21344
123456789
21346
123456789
21348
123456789
21350
123456789
21352
123456789
21354
123456789
21356
123456789
21358
123456789
21360
123456789
21362
123456789
21364
123456789
21366
123456789
21368
123456789
21370
123456789
21372
123456789
21374
123456789
21376
123456789
21378
123456789
21380
123456789
21382
123456789
21384
123456789
21386
123456789
21388
123456789
21390
123456789
21392
123456789
21394
123456789
21396
123456789
21398
123456789
21400
123456789
21402
123456789
21404
123456789
21406
123456789
21408
123456789
21410
123456789
21412
123456789
21414
123456789
21416
123456789
21418
123456789
21420
123456789
21422
123456789
21424
123456789
21426
123456789
21428
123456789
21430
123456789
21432
123456789
21434
123456789
21436
123456789
21438
123456789
21440
123456789
21442
123456789
21444
123456789
21446
123456789
21448
123456789
21450
123456789
21452
123456789
21454
123456789
21456
123456789
21458
123456789
21460
123456789
21462
123456789
21464
123456789
21466
123456789
21468
123456789
21470
123456789
21472
123456789
21474
123456789
21476
123456789
21478
123456789
21480
123456789
21482
123456789
21484
123456789
21486
123456789
21488
123456789
21490
123456789
21492
123456789
21494
123456789
21496
123456789
21498
123456789
21500
123456789
21502
123456789
21504
123456789
21506
123456789
21508
123456789
21510
123456789
21512
123456789
21514
123456789
21516
123456789
21518
123456789
21520
123456789
21522
123456789
21524
123456789
21526
123456789
21528
123456789
21530
123456789
21532
123456789
21534
123456789
21536
123456789
21538
123456789
21540
123456789
21542
123456789
21544
123456789
21546
123456789
21548
123456789
21550
123456789
21552
123456789
21554
123456789
21556
123456789
21558
123456789
21560
123456789
21562
123456789
21564
123456789
21566
123456789
21568
123456789
21570
123456789
21572
123456789
21574
123456789
21576
123456789
21578
123456789
21580
123456789
21582
123456789
21584
123456789
21586
123456789
21588
123456789
21590
123456789
21592
123456789
21594
123456789
21596
123456789
21598
123456789
21600
123456789
21602
123456789
21604
123456789
21606
123456789
21608
123456789
21610
123456789
21612
123456789
21614
123456789
21616
123456789
21618
123456789
21620
123456789
21622
123456789
21624
123456789
21626
123456789
21628
123456789
21630
123456789
21632
123456789
21634
123456789
21636
123456789
21638
123456789
21640
123456789
21642
123456789
21644
123456789
21646
123456789
21648
123456789
21650
123456789
21652
123456789
21654
123456789
21656
123456789
21658
123456789
21660
123456789
21662
123456789
21664
123456789
21666
123456789
21668
123456789
21670
123456789
21672
123456789
21674
123456789
21676
123456789
21678
123456789
21680
123456789
21682
123456789
21684
123456789
21686
123456789
21688
123456789
21690
123456789
21692
123456789
21694
123456789
21696
123456789
21698
123456789
21700
123456789
21702
123456789
21704
123456789
21706
123456789
21708
123456789
21710
123456789
21712
123456789
21714
123456789
21716
123456789
21718
123456789
21720
123456789
21722
123456789
21724
123456789
21726
123456789
21728
123456789
21730
123456789
21732
123456789
21734
123456789
21736
123456789
21738
123456789
21740
123456789
21742
123456789
21744
123456789
21746
123456789
21748
123456789
21750
123456789
21752
123456789
21754
123456789
21756
123456789
21758
123456789
21760
123456789
21762
123456789
21764
123456789
21766
123456789
21768
123456789
21770
123456789
21772
123456789
21774
123456789
21776
123456789
21778
123456789
21780
123456789
21782
123456789
21784
123456789
21786
123456789
21788
123456789
21790
123456789
21792
123456789
21794
123456789
21796
123456789
21798
123456789
21800
123456789
21802
123456789
21804
123456789
21806
123456789
21808
123456789
21810
123456789
21812
123456789
21814
123456789
21816
123456789
21818
123456789
21820
123456789
21822
123456789
21824
123456789
21826
123456789
21828
123456789
21830
123456789
21832
123456789
21834
123456789
21836
123456789
21838
123456789
21840
123456789
21842
123456789
21844
123456789
21846
123456789
21848
123456789
21850
123456789
21852
123456789
21854
123456789
21856
123456789
21858
123456789
21860
123456789
21862
123456789
21864
123456789
21866
123456789
21868
123456789
21870
123456789
21872
123456789
21874
123456789
21876
123456789
21878
123456789
21880
123456789
21882
123456789
21884
123456789
21886
123456789
21888
123456789
21890
123456789
21892
123456789
21894
123456789
21896
123456789
21898
123456789
21900
123456789
21902
123456789
21904
123456789
21906
123456789
21908
123456789
21910
123456789
21912
123456789
21914
123456789
21916
123456789
21918
123456789
21920
123456789
21922
123456789
21924
123456789
21926
123456789
21928
123456789
21930
123456789
21932
123456789
21934
123456789
21936
123456789
21938
123456789
21940
123456789
21942
123456789
21944
123456789
21946
123456789
21948
123456789
21950
123456789
21952
123456789
21954
123456789
21956
123456789
21958
123456789
21960
123456789
21962
123456789
21964
123456789
21966
123456789
21968
123456789
21970
123456789
21972
123456789
21974
123456789
21976
123456789
21978
123456789
21980
123456789
21982
123456789
21984
123456789
21986
123456789
21988
123456789
21990
123456789
21992
123456789
21994
123456789
21996
123456789
21998
123456789
22000
123456789
22002
123456789
22004
123456789
22006
123456789
22008
123456789
22010
123456789
22012
123456789
22014
123456789
22016
123456789
22018
123456789
22020
123456789
22022
123456789
22024
123456789
22026
123456789
22028
123456789
22030
123456789
22032
123456789
22034
123456789
22036
123456789
22038
123456789
22040
123456789
22042
123456789
22044
123456789
22046
123456789
22048
123456789
22050
123456789
22052
123456789
22054
123456789
22056
123456789
22058
123456789
22060
123456789
22062
123456789
22064
123456789
22066
123456789
22068
123456789
22070
123456789
22072
123456789
22074
123456789
22076
123456789
22078
123456789
22080
123456789
22082
123456789
22084
123456789
22086
123456789
22088
123456789
22090
123456789
22092
123456789
22094
123456789
22096
123456789
22098
123456789
22100
123456789
22102
123456789
22104
123456789
22106
123456789
22108
123456789
22110
123456789
22112
123456789
22114
123456789
22116
123456789
22118
123456789
22120
123456789
22122
123456789
22124
123456789
22126
123456789
22128
123456789
22130
123456789
22132
123456789
22134
123456789
22136
123456789
22138
123456789
22140
123456789
22142
123456789
22144
123456789
22146
123456789
22148
123456789
22150
123456789
22152
123456789
22154
123456789
22156
123456789
22158
123456789
22160
123456789
22162
123456789
22164
123456789
22166
123456789
22168
123456789
22170
123456789
22172
123456789
22174
123456789
22176
123456789
22178
123456789
22180
123456789
22182
123456789
22184
123456789
22186
123456789
22188
123456789
22190
123456789
22192
123456789
22194
123456789
22196
123456789
22198
123456789
22200
123456789
22202
123456789
22204
123456789
22206
123456789
22208
123456789
22210
123456789
22212
123456789
22214
123456789
22216
123456789
22218
123456789
22220
123456789
22222
123456789
22224
123456789
22226
123456789
22228
123456789
22230
123456789
22232
123456789
22234
123456789
22236
123456789
22238
123456789
22240
123456789
22242
123456789
22244
123456789
22246
123456789
22248
123456789
22250
123456789
22252
123456789
22254
123456789
22256
123456789
22258
123456789
22260
123456789
22262
123456789
22264
123456789
22266
123456789
22268
123456789
22270
123456789
22272
123456789
22274
123456789
22276
123456789
22278
123456789
22280
123456789
22282
123456789
22284
123456789
22286
123456789
22288
123456789
22290
123456789
22292
123456789
22294
123456789
22296
123456789
22298
123456789
22300
123456789
22302
123456789
22304
123456789
22306
123456789
22308
123456789
22310
123456789
22312
123456789
22314
123456789
22316
123456789
22318
123456789
22320
123456789
22322
123456789
22324
123456789
22326
123456789
22328
123456789
22330
123456789
22332
123456789
22334
123456789
22336
123456789
22338
123456789
22340
123456789
22342
123456789
22344
123456789
22346
123456789
22348
123456789
22350
123456789
22352
123456789
22354
123456789
22356
123456789
22358
123456789
22360
123456789
22362
123456789
22364
123456789
22366
123456789
22368
123456789
22370
123456789
22372
123456789
22374
123456789
22376
123456789
22378
123456789
22380
123456789
22382
123456789
22384
123456789
22386
123456789
22388
123456789
22390
123456789
22392
123456789
22394
123456789
22396
123456789
22398
123456789
22400
123456789
22402
123456789
22404
123456789
22406
123456789
22408
123456789
22410
123456789
22412
123456789
22414
123456789
22416
123456789
22418
123456789
22420
123456789
22422
123456789
22424
123456789
22426
123456789
22428
123456789
22430
123456789
22432
123456789
22434
123456789
22436
123456789
22438
123456789
22440
123456789
22442
123456789
22444
123456789
22446
123456789
22448
123456789
22450
123456789
22452
123456789
22454
123456789
22456
123456789
22458
123456789
22460
123456789
22462
123456789
22464
123456789
22466
123456789
22468
123456789
22470
123456789
22472
123456789
22474
123456789
22476
123456789
22478
123456789
22480
123456789
22482
123456789
22484
123456789
22486
123456789
22488
123456789
22490
123456789
22492
123456789
22494
123456789
22496
123456789
22498
123456789
22500
123456789
22502
123456789
22504
123456789
22506
123456789
22508
123456789
22510
123456789
22512
123456789
22514
123456789
22516
123456789
22518
123456789
22520
123456789
22522
123456789
22524
123456789
22526
123456789
22528
123456789
22530
123456789
22532
123456789
22534
123456789
22536
123456789
22538
123456789
22540
123456789
22542
123456789
22544
123456789
22546
123456789
22548
123456789
22550
123456789
22552
123456789
22554
123456789
22556
123456789
22558
123456789
22560
123456789
22562
123456789
22564
123456789
22566
123456789
22568
123456789
22570
123456789
22572
123456789
22574
123456789
22576
123456789
22578
123456789
22580
123456789
22582
123456789
22584
123456789
22586
123456789
22588
123456789
22590
123456789
22592
123456789
22594
123456789
22596
123456789
22598
123456789
22600
123456789
22602
123456789
22604
123456789
22606
123456789
22608
123456789
22610
123456789
22612
123456789
22614
123456789
22616
123456789
22618
123456789
22620
123456789
22622
123456789
22624
123456789
22626
123456789
22628
123456789
22630
123456789
22632
123456789
22634
123456789
22636
123456789
22638
123456789
22640
123456789
22642
123456789
22644
123456789
22646
123456789
22648
123456789
22650
123456789
22652
123456789
22654
123456789
22656
123456789
22658
123456789
22660
123456789
22662
123456789
22664
123456789
22666
123456789
22668
123456789
22670
123456789
22672
123456789
22674
123456789
22676
123456789
22678
123456789
22680
123456789
22682
123456789
22684
123456789
22686
123456789
22688
123456789
22690
123456789
22692
123456789
22694
123456789
22696
123456789
22698
123456789
22700
123456789
22702
123456789
22704
123456789
22706
123456789
22708
123456789
22710
123456789
22712
123456789
22714
123456789
22716
123456789
22718
123456789
22720
123456789
22722
123456789
22724
123456789
22726
123456789
22728
123456789
22730
123456789
22732
123456789
22734
123456789
22736
123456789
22738
123456789
22740
123456789
22742
123456789
22744
123456789
22746
123456789
22748
123456789
22750
123456789
22752
123456789
22754
123456789
22756
123456789
22758
123456789
22760
123456789
22762
123456789
22764
123456789
22766
123456789
22768
123456789
22770
123456789
22772
123456789
22774
123456789
22776
123456789
22778
123456789
22780
123456789
22782
123456789
22784
123456789
22786
123456789
22788
123456789
22790
123456789
22792
123456789
22794
123456789
22796
123456789
22798
123456789
22800
123456789
22802
123456789
22804
123456789
22806
123456789
22808
123456789
22810
123456789
22812
123456789
22814
123456789
22816
123456789
22818
123456789
22820
123456789
22822
123456789
22824
123456789
22826
123456789
22828
123456789
22830
123456789
22832
123456789
22834
123456789
22836
123456789
22838
123456789
22840
123456789
22842
123456789
22844
123456789
22846
123456789
22848
123456789
22850
123456789
22852
123456789
22854
123456789
22856
123456789
22858
123456789
22860
123456789
22862
123456789
22864
123456789
22866
123456789
22868
123456789
22870
123456789
22872
123456789
22874
123456789
22876
123456789
22878
123456789
22880
123456789
22882
123456789
22884
123456789
22886
123456789
22888
123456789
22890
123456789
22892
123456789
22894
123456789
22896
123456789
22898
123456789
22900
123456789
22902
123456789
22904
123456789
22906
123456789
22908
123456789
22910
123456789
22912
123456789
22914
123456789
22916
123456789
22918
123456789
22920
123456789
22922
123456789
22924
123456789
22926
123456789
22928
123456789
22930
123456789
22932
123456789
22934
123456789
22936
123456789
22938
123456789
22940
123456789
22942
123456789
22944
123456789
22946
123456789
22948
123456789
22950
123456789
22952
123456789
22954
123456789
22956
123456789
22958
123456789
22960
123456789
22962
123456789
22964
123456789
22966
123456789
22968
123456789
22970
123456789
22972
123456789
22974
123456789
22976
123456789
22978
123456789
22980
123456789
22982
123456789
22984
123456789
22986
123456789
22988
123456789
22990
123456789
22992
123456789
22994
123456789
22996
123456789
22998
123456789
23000
123456789
23002
123456789
23004
123456789
23006
123456789
23008
123456789
23010
123456789
23012
123456789
23014
123456789
23016
123456789
23018
123456789
23020
123456789
23022
123456789
23024
123456789
23026
123456789
23028
123456789
23030
123456789
23032
123456789
23034
123456789
23036
123456789
23038
123456789
23040
123456789
23042
123456789
23044
123456789
23046
123456789
23048
123456789
23050
123456789
23052
123456789
23054
123456789
23056
123456789
23058
123456789
23060
123456789
23062
123456789
23064
123456789
23066
123456789
23068
123456789
23070
123456789
23072
123456789
23074
123456789
23076
123456789
23078
123456789
23080
123456789
23082
123456789
23084
123456789
23086
123456789
23088
123456789
23090
123456789
23092
123456789
23094
123456789
23096
123456789
23098
123456789
23100
123456789
23102
123456789
23104
123456789
23106
123456789
23108
123456789
23110
123456789
23112
123456789
23114
123456789
23116
123456789
23118
123456789
23120
123456789
23122
123456789
23124
123456789
23126
123456789
23128
123456789
23130
123456789
23132
123456789
23134
123456789
23136
123456789
23138
123456789
23140
123456789
23142
123456789
23144
123456789
23146
123456789
23148
123456789
23150
123456789
23152
123456789
23154
123456789
23156
123456789
23158
123456789
23160
123456789
23162
123456789
23164
123456789
23166
123456789
23168
123456789
23170
123456789
23172
123456789
23174
123456789
23176
123456789
23178
123456789
23180
123456789
23182
123456789
23184
123456789
23186
123456789
23188
123456789
23190
123456789
23192
123456789
23194
123456789
23196
123456789
23198
123456789
23200
123456789
23202
123456789
23204
123456789
23206
123456789
23208
123456789
23210
123456789
23212
123456789
23214
123456789
23216
123456789
23218
123456789
23220
123456789
23222
123456789
23224
123456789
23226
123456789
23228
123456789
23230
123456789
23232
123456789
23234
123456789
23236
123456789
23238
123456789
23240
123456789
23242
123456789
23244
123456789
23246
123456789
23248
123456789
23250
123456789
23252
123456789
23254
123456789
23256
123456789
23258
123456789
23260
123456789
23262
123456789
23264
123456789
23266
123456789
23268
123456789
23270
123456789
23272
123456789
23274
123456789
23276
123456789
23278
123456789
23280
123456789
23282
123456789
23284
123456789
23286
123456789
23288
123456789
23290
123456789
23292
123456789
23294
123456789
23296
123456789
23298
123456789
23300
123456789
23302
123456789
23304
123456789
23306
123456789
23308
123456789
23310
123456789
23312
123456789
23314
123456789
23316
123456789
23318
123456789
23320
123456789
23322
123456789
23324
123456789
23326
123456789
23328
123456789
23330
123456789
23332
123456789
23334
123456789
23336
123456789
23338
123456789
23340
123456789
23342
123456789
23344
123456789
23346
123456789
23348
123456789
23350
123456789
23352
123456789
23354
123456789
23356
123456789
23358
123456789
23360
123456789
23362
123456789
23364
123456789
23366
123456789
23368
123456789
23370
123456789
23372
123456789
23374
123456789
23376
123456789
23378
123456789
23380
123456789
23382
123456789
23384
123456789
23386
123456789
23388
123456789
23390
123456789
23392
123456789
23394
123456789
23396
123456789
23398
123456789
23400
123456789
23402
123456789
23404
123456789
23406
123456789
23408
123456789
23410
123456789
23412
123456789
23414
123456789
23416
123456789
23418
123456789
23420
123456789
23422
123456789
23424
123456789
23426
123456789
23428
123456789
23430
123456789
23432
123456789
23434
123456789
23436
123456789
23438
123456789
23440
123456789
23442
123456789
23444
123456789
23446
123456789
23448
123456789
23450
123456789
23452
123456789
23454
123456789
23456
123456789
23458
123456789
23460
123456789
23462
123456789
23464
123456789
23466
123456789
23468
123456789
23470
123456789
23472
123456789
23474
123456789
23476
123456789
23478
123456789
23480
123456789
23482
123456789
23484
123456789
23486
123456789
23488
123456789
23490
123456789
23492
123456789
23494
123456789
23496
123456789
23498
123456789
23500
123456789
23502
123456789
23504
123456789
23506
123456789
23508
123456789
23510
123456789
23512
123456789
23514
123456789
23516
123456789
23518
123456789
23520
123456789
23522
123456789
23524
123456789
23526
123456789
23528
123456789
23530
123456789
23532
123456789
23534
123456789
23536
123456789
23538
123456789
23540
123456789
23542
123456789
23544
123456789
23546
123456789
23548
123456789
23550
123456789
23552
123456789
23554
123456789
23556
123456789
23558
123456789
23560
123456789
23562
123456789
23564
123456789
23566
123456789
23568
123456789
23570
123456789
23572
123456789
23574
123456789
23576
123456789
23578
123456789
23580
123456789
23582
123456789
23584
123456789
23586
123456789
23588
123456789
23590
123456789
23592
123456789
23594
123456789
23596
123456789
23598
123456789
23600
123456789
23602
123456789
23604
123456789
23606
123456789
23608
123456789
23610
123456789
23612
123456789
23614
123456789
23616
123456789
23618
123456789
23620
123456789
23622
123456789
23624
123456789
23626
123456789
23628
123456789
23630
123456789
23632
123456789
23634
123456789
23636
123456789
23638
123456789
23640
123456789
23642
123456789
23644
123456789
23646
123456789
23648
123456789
23650
123456789
23652
123456789
23654
123456789
23656
123456789
23658
123456789
23660
123456789
23662
123456789
23664
123456789
23666
123456789
23668
123456789
23670
123456789
23672
123456789
23674
123456789
23676
123456789
23678
123456789
23680
123456789
23682
123456789
23684
123456789
23686
123456789
23688
123456789
23690
123456789
23692
123456789
23694
123456789
23696
123456789
23698
123456789
23700
123456789
23702
123456789
23704
123456789
23706
123456789
23708
123456789
23710
123456789
23712
123456789
23714
123456789
23716
123456789
23718
123456789
23720
123456789
23722
123456789
23724
123456789
23726
123456789
23728
123456789
23730
123456789
23732
123456789
23734
123456789
23736
123456789
23738
123456789
23740
123456789
23742
123456789
23744
123456789
23746
123456789
23748
123456789
23750
123456789
23752
123456789
23754
123456789
23756
123456789
23758
123456789
23760
123456789
23762
123456789
23764
123456789
23766
123456789
23768
123456789
23770
123456789
23772
123456789
23774
123456789
23776
123456789
23778
123456789
23780
123456789
23782
123456789
23784
123456789
23786
123456789
23788
123456789
23790
123456789
23792
123456789
23794
123456789
23796
123456789
23798
123456789
23800
123456789
23802
123456789
23804
123456789
23806
123456789
23808
123456789
23810
123456789
23812
123456789
23814
123456789
23816
123456789
23818
123456789
23820
123456789
23822
123456789
23824
123456789
23826
123456789
23828
123456789
23830
123456789
23832
123456789
23834
123456789
23836
123456789
23838
123456789
23840
123456789
23842
123456789
23844
123456789
23846
123456789
23848
123456789
23850
123456789
23852
123456789
23854
123456789
23856
123456789
23858
123456789
23860
123456789
23862
123456789
23864
123456789
23866
123456789
23868
123456789
23870
123456789
23872
123456789
23874
123456789
23876
123456789
23878
123456789
23880
123456789
23882
123456789
23884
123456789
23886
123456789
23888
123456789
23890
123456789
23892
123456789
23894
123456789
23896
123456789
23898
123456789
23900
123456789
23902
123456789
23904
123456789
23906
123456789
23908
123456789
23910
123456789
23912
123456789
23914
123456789
23916
123456789
23918
123456789
23920
123456789
23922
123456789
23924
123456789
23926
123456789
23928
123456789
23930
123456789
23932
123456789
23934
123456789
23936
123456789
23938
123456789
23940
123456789
23942
123456789
23944
123456789
23946
123456789
23948
123456789
23950
123456789
23952
123456789
23954
123456789
23956
123456789
23958
123456789
23960
123456789
23962
123456789
23964
123456789
23966
123456789
23968
123456789
23970
123456789
23972
123456789
23974
123456789
23976
123456789
23978
123456789
23980
123456789
23982
123456789
23984
123456789
23986
123456789
23988
123456789
23990
123456789
23992
123456789
23994
123456789
23996
123456789
23998
123456789
24000
123456789
24002
123456789
24004
123456789
24006
123456789
24008
123456789
24010
123456789
24012
123456789
24014
123456789
24016
123456789
24018
123456789
24020
123456789
24022
123456789
24024
123456789
24026
123456789
24028
123456789
24030
123456789
24032
123456789
24034
123456789
24036
123456789
24038
123456789
24040
123456789
24042
123456789
24044
123456789
24046
123456789
24048
123456789
24050
123456789
24052
123456789
24054
123456789
24056
123456789
24058
123456789
24060
123456789
24062
123456789
24064
123456789
24066
123456789
24068
123456789
24070
123456789
24072
123456789
24074
123456789
24076
123456789
24078
123456789
24080
123456789
24082
123456789
24084
123456789
24086
123456789
24088
123456789
24090
123456789
24092
123456789
24094
123456789
24096
123456789
24098
123456789
24100
123456789
24102
123456789
24104
123456789
24106
123456789
24108
123456789
24110
123456789
24112
123456789
24114
123456789
24116
123456789
24118
123456789
24120
123456789
24122
123456789
24124
123456789
24126
123456789
24128
123456789
24130
123456789
24132
123456789
24134
123456789
24136
123456789
24138
123456789
24140
123456789
24142
123456789
24144
123456789
24146
123456789
24148
123456789
24150
123456789
24152
123456789
24154
123456789
24156
123456789
24158
123456789
24160
123456789
24162
123456789
24164
123456789
24166
123456789
24168
123456789
24170
123456789
24172
123456789
24174
123456789
24176
123456789
24178
123456789
24180
123456789
24182
123456789
24184
123456789
24186
123456789
24188
123456789
24190
123456789
24192
123456789
24194
123456789
24196
123456789
24198
123456789
24200
123456789
24202
123456789
24204
123456789
24206
123456789
24208
123456789
24210
123456789
24212
123456789
24214
123456789
24216
123456789
24218
123456789
24220
123456789
24222
123456789
24224
123456789
24226
123456789
24228
123456789
24230
123456789
24232
123456789
24234
123456789
24236
123456789
24238
123456789
24240
123456789
24242
123456789
24244
123456789
24246
123456789
24248
123456789
24250
123456789
24252
123456789
24254
123456789
24256
123456789
24258
123456789
24260
123456789
24262
123456789
24264
123456789
24266
123456789
24268
123456789
24270
123456789
24272
123456789
24274
123456789
24276
123456789
24278
123456789
24280
123456789
24282
123456789
24284
123456789
24286
123456789
24288
123456789
24290
123456789
24292
123456789
24294
123456789
24296
123456789
24298
123456789
24300
123456789
24302
123456789
24304
123456789
24306
123456789
24308
123456789
24310
123456789
24312
123456789
24314
123456789
24316
123456789
24318
123456789
24320
123456789
24322
123456789
24324
123456789
24326
123456789
24328
123456789
24330
123456789
24332
123456789
24334
123456789
24336
123456789
24338
123456789
24340
123456789
24342
123456789
24344
123456789
24346
123456789
24348
123456789
24350
123456789
24352
123456789
24354
123456789
24356
123456789
24358
123456789
24360
123456789
24362
123456789
24364
123456789
24366
123456789
24368
123456789
24370
123456789
24372
123456789
24374
123456789
24376
123456789
24378
123456789
24380
123456789
24382
123456789
24384
123456789
24386
123456789
24388
123456789
24390
123456789
24392
123456789
24394
123456789
24396
123456789
24398
123456789
24400
123456789
24402
123456789
24404
123456789
24406
123456789
24408
123456789
24410
123456789
24412
123456789
24414
123456789
24416
123456789
24418
123456789
24420
123456789
24422
123456789
24424
123456789
24426
123456789
24428
123456789
24430
123456789
24432
123456789
24434
123456789
24436
123456789
24438
123456789
24440
123456789
24442
123456789
24444
123456789
24446
123456789
24448
123456789
24450
123456789
24452
123456789
24454
123456789
24456
123456789
24458
123456789
24460
123456789
24462
123456789
24464
123456789
24466
123456789
24468
123456789
24470
123456789
24472
123456789
24474
123456789
24476
123456789
24478
123456789
24480
123456789
24482
123456789
24484
123456789
24486
123456789
24488
123456789
24490
123456789
24492
123456789
24494
123456789
24496
123456789
24498
123456789
24500
123456789
24502
123456789
24504
123456789
24506
123456789
24508
123456789
24510
123456789
24512
123456789
24514
123456789
24516
123456789
24518
123456789
24520
123456789
24522
123456789
24524
123456789
24526
123456789
24528
123456789
24530
123456789
24532
123456789
24534
123456789
24536
123456789
24538
123456789
24540
123456789
24542
123456789
24544
123456789
24546
123456789
24548
123456789
24550
123456789
24552
123456789
24554
123456789
24556
123456789
24558
123456789
24560
123456789
24562
123456789
24564
123456789
24566
123456789
24568
123456789
24570
123456789
24572
123456789
24574
123456789
24576
123456789
24578
123456789
24580
123456789
24582
123456789
24584
123456789
24586
123456789
24588
123456789
24590
123456789
24592
123456789
24594
123456789
24596
123456789
24598
123456789
24600
123456789
24602
123456789
24604
123456789
24606
123456789
24608
123456789
24610
123456789
24612
123456789
24614
123456789
24616
123456789
24618
123456789
24620
123456789
24622
123456789
24624
123456789
24626
123456789
24628
123456789
24630
123456789
24632
123456789
24634
123456789
24636
123456789
24638
123456789
24640
123456789
24642
123456789
24644
123456789
24646
123456789
24648
123456789
24650
123456789
24652
123456789
24654
123456789
24656
123456789
24658
123456789
24660
123456789
24662
123456789
24664
123456789
24666
123456789
24668
123456789
24670
123456789
24672
123456789
24674
123456789
24676
123456789
24678
123456789
24680
123456789
24682
123456789
24684
123456789
24686
123456789
24688
123456789
24690
123456789
24692
123456789
24694
123456789
24696
123456789
24698
123456789
24700
123456789
24702
123456789
24704
123456789
24706
123456789
24708
123456789
24710
123456789
24712
123456789
24714
123456789
24716
123456789
24718
123456789
24720
123456789
24722
123456789
24724
123456789
24726
123456789
24728
123456789
24730
123456789
24732
123456789
24734
123456789
24736
123456789
24738
123456789
24740
123456789
24742
123456789
24744
123456789
24746
123456789
24748
123456789
24750
123456789
24752
123456789
24754
123456789
24756
123456789
24758
123456789
24760
123456789
24762
123456789
24764
123456789
24766
123456789
24768
123456789
24770
123456789
24772
123456789
24774
123456789
24776
123456789
24778
123456789
24780
123456789
24782
123456789
24784
123456789
24786
123456789
24788
123456789
24790
123456789
24792
123456789
24794
123456789
24796
123456789
24798
123456789
24800
123456789
24802
123456789
24804
123456789
24806
123456789
24808
123456789
24810
123456789
24812
123456789
24814
123456789
24816
123456789
24818
123456789
24820
123456789
24822
123456789
24824
123456789
24826
123456789
24828
123456789
24830
123456789
24832
123456789
24834
123456789
24836
123456789
24838
123456789
24840
123456789
24842
123456789
24844
123456789
24846
123456789
24848
123456789
24850
123456789
24852
123456789
24854
123456789
24856
123456789
24858
123456789
24860
123456789
24862
123456789
24864
123456789
24866
123456789
24868
123456789
24870
123456789
24872
123456789
24874
123456789
24876
123456789
24878
123456789
24880
123456789
24882
123456789
24884
123456789
24886
123456789
24888
123456789
24890
123456789
24892
123456789
24894
123456789
24896
123456789
24898
123456789
24900
123456789
24902
123456789
24904
123456789
24906
123456789
24908
123456789
24910
123456789
24912
123456789
24914
123456789
24916
123456789
24918
123456789
24920
123456789
24922
123456789
24924
123456789
24926
123456789
24928
123456789
24930
123456789
24932
123456789
24934
123456789
24936
123456789
24938
123456789
24940
123456789
24942
123456789
24944
123456789
24946
123456789
24948
123456789
24950
123456789
24952
123456789
24954
123456789
24956
123456789
24958
123456789
24960
123456789
24962
123456789
24964
123456789
24966
123456789
24968
123456789
24970
123456789
24972
123456789
24974
123456789
24976
123456789
24978
123456789
24980
123456789
24982
123456789
24984
123456789
24986
123456789
24988
123456789
24990
123456789
24992
123456789
24994
123456789
24996
123456789
24998
123456789
25000
123456789
25002
123456789
25004
123456789
25006
123456789
25008
123456789
25010
123456789
25012
123456789
25014
123456789
25016
123456789
25018
123456789
25020
123456789
25022
123456789
25024
123456789
25026
123456789
25028
123456789
25030
123456789
25032
123456789
25034
123456789
25036
123456789
25038
123456789
25040
123456789
25042
123456789
25044
123456789
25046
123456789
25048
123456789
25050
123456789
25052
123456789
25054
123456789
25056
123456789
25058
123456789
25060
123456789
25062
123456789
25064
123456789
25066
123456789
25068
123456789
25070
123456789
25072
123456789
25074
123456789
25076
123456789
25078
123456789
25080
123456789
25082
123456789
25084
123456789
25086
123456789
25088
123456789
25090
123456789
25092
123456789
25094
123456789
25096
123456789
25098
123456789
25100
123456789
25102
123456789
25104
123456789
25106
123456789
25108
123456789
25110
123456789
25112
123456789
25114
123456789
25116
123456789
25118
123456789
25120
123456789
25122
123456789
25124
123456789
25126
123456789
25128
123456789
25130
123456789
25132
123456789
25134
123456789
25136
123456789
25138
123456789
25140
123456789
25142
123456789
25144
123456789
25146
123456789
25148
123456789
25150
123456789
25152
123456789
25154
123456789
25156
123456789
25158
123456789
25160
123456789
25162
123456789
25164
123456789
25166
123456789
25168
123456789
25170
123456789
25172
123456789
25174
123456789
25176
123456789
25178
123456789
25180
123456789
25182
123456789
25184
123456789
25186
123456789
25188
123456789
25190
123456789
25192
123456789
25194
123456789
25196
123456789
25198
123456789
25200
123456789
25202
123456789
25204
123456789
25206
123456789
25208
123456789
25210
123456789
25212
123456789
25214
123456789
25216
123456789
25218
123456789
25220
123456789
25222
123456789
25224
123456789
25226
123456789
25228
123456789
25230
123456789
25232
123456789
25234
123456789
25236
123456789
25238
123456789
25240
123456789
25242
123456789
25244
123456789
25246
123456789
25248
123456789
25250
123456789
25252
123456789
25254
123456789
25256
123456789
25258
123456789
25260
123456789
25262
123456789
25264
123456789
25266
123456789
25268
123456789
25270
123456789
25272
123456789
25274
123456789
25276
123456789
25278
123456789
25280
123456789
25282
123456789
25284
123456789
25286
123456789
25288
123456789
25290
123456789
25292
123456789
25294
123456789
25296
123456789
25298
123456789
25300
123456789
25302
123456789
25304
123456789
25306
123456789
25308
123456789
25310
123456789
25312
123456789
25314
123456789
25316
123456789
25318
123456789
25320
123456789
25322
123456789
25324
123456789
25326
123456789
25328
123456789
25330
123456789
25332
123456789
25334
123456789
25336
123456789
25338
123456789
25340
123456789
25342
123456789
25344
123456789
25346
123456789
25348
123456789
25350
123456789
25352
123456789
25354
123456789
25356
123456789
25358
123456789
25360
123456789
25362
123456789
25364
123456789
25366
123456789
25368
123456789
25370
123456789
25372
123456789
25374
123456789
25376
123456789
25378
123456789
25380
123456789
25382
123456789
25384
123456789
25386
123456789
25388
123456789
25390
123456789
25392
123456789
25394
123456789
25396
123456789
25398
123456789
25400
123456789
25402
123456789
25404
123456789
25406
123456789
25408
123456789
25410
123456789
25412
123456789
25414
123456789
25416
123456789
25418
123456789
25420
123456789
25422
123456789
25424
123456789
25426
123456789
25428
123456789
25430
123456789
25432
123456789
25434
123456789
25436
123456789
25438
123456789
25440
123456789
25442
123456789
25444
123456789
25446
123456789
25448
123456789
25450
123456789
25452
123456789
25454
123456789
25456
123456789
25458
123456789
25460
123456789
25462
123456789
25464
123456789
25466
123456789
25468
123456789
25470
123456789
25472
123456789
25474
123456789
25476
123456789
25478
123456789
25480
123456789
25482
123456789
25484
123456789
25486
123456789
25488
123456789
25490
123456789
25492
123456789
25494
123456789
25496
123456789
25498
123456789
25500
123456789
25502
123456789
25504
123456789
25506
123456789
25508
123456789
25510
123456789
25512
123456789
25514
123456789
25516
123456789
25518
123456789
25520
123456789
25522
123456789
25524
123456789
25526
123456789
25528
123456789
25530
123456789
25532
123456789
25534
123456789
25536
123456789
25538
123456789
25540
123456789
25542
123456789
25544
123456789
25546
123456789
25548
123456789
25550
123456789
25552
123456789
25554
123456789
25556
123456789
25558
123456789
25560
123456789
25562
123456789
25564
123456789
25566
123456789
25568
123456789
25570
123456789
25572
123456789
25574
123456789
25576
123456789
25578
123456789
25580
123456789
25582
123456789
25584
123456789
25586
123456789
25588
123456789
25590
123456789
25592
123456789
25594
123456789
25596
123456789
25598
123456789
25600
123456789
25602
123456789
25604
123456789
25606
123456789
25608
123456789
25610
123456789
25612
123456789
25614
123456789
25616
123456789
25618
123456789
25620
123456789
25622
123456789
25624
123456789
25626
123456789
25628
123456789
25630
123456789
25632
123456789
25634
123456789
25636
123456789
25638
123456789
25640
123456789
25642
123456789
25644
123456789
25646
123456789
25648
123456789
25650
123456789
25652
123456789
25654
123456789
25656
123456789
25658
123456789
25660
123456789
25662
123456789
25664
123456789
25666
123456789
25668
123456789
25670
123456789
25672
123456789
25674
123456789
25676
123456789
25678
123456789
25680
123456789
25682
123456789
25684
123456789
25686
123456789
25688
123456789
25690
123456789
25692
123456789
25694
123456789
25696
123456789
25698
123456789
25700
123456789
25702
123456789
25704
123456789
25706
123456789
25708
123456789
25710
123456789
25712
123456789
25714
123456789
25716
123456789
25718
123456789
25720
123456789
25722
123456789
25724
123456789
25726
123456789
25728
123456789
25730
123456789
25732
123456789
25734
123456789
25736
123456789
25738
123456789
25740
123456789
25742
123456789
25744
123456789
25746
123456789
25748
123456789
25750
123456789
25752
123456789
25754
123456789
25756
123456789
25758
123456789
25760
123456789
25762
123456789
25764
123456789
25766
123456789
25768
123456789
25770
123456789
25772
123456789
25774
123456789
25776
123456789
25778
123456789
25780
123456789
25782
123456789
25784
123456789
25786
123456789
25788
123456789
25790
123456789
25792
123456789
25794
123456789
25796
123456789
25798
123456789
25800
123456789
25802
123456789
25804
123456789
25806
123456789
25808
123456789
25810
123456789
25812
123456789
25814
123456789
25816
123456789
25818
123456789
25820
123456789
25822
123456789
25824
123456789
25826
123456789
25828
123456789
25830
123456789
25832
123456789
25834
123456789
25836
123456789
25838
123456789
25840
123456789
25842
123456789
25844
123456789
25846
123456789
25848
123456789
25850
123456789
25852
123456789
25854
123456789
25856
123456789
25858
123456789
25860
123456789
25862
123456789
25864
123456789
25866
123456789
25868
123456789
25870
123456789
25872
123456789
25874
123456789
25876
123456789
25878
123456789
25880
123456789
25882
123456789
25884
123456789
25886
123456789
25888
123456789
25890
123456789
25892
123456789
25894
123456789
25896
123456789
25898
123456789
25900
123456789
25902
123456789
25904
123456789
25906
123456789
25908
123456789
25910
123456789
25912
123456789
25914
123456789
25916
123456789
25918
123456789
25920
123456789
25922
123456789
25924
123456789
25926
123456789
25928
123456789
25930
123456789
25932
123456789
25934
123456789
25936
123456789
25938
123456789
25940
123456789
25942
123456789
25944
123456789
25946
123456789
25948
123456789
25950
123456789
25952
123456789
25954
123456789
25956
123456789
25958
123456789
25960
123456789
25962
123456789
25964
123456789
25966
123456789
25968
123456789
25970
123456789
25972
123456789
25974
123456789
25976
123456789
25978
123456789
25980
123456789
25982
123456789
25984
123456789
25986
123456789
25988
123456789
25990
123456789
25992
123456789
25994
123456789
25996
123456789
25998
123456789
26000
123456789
26002
123456789
26004
123456789
26006
123456789
26008
123456789
26010
123456789
26012
123456789
26014
123456789
26016
123456789
26018
123456789
26020
123456789
26022
123456789
26024
123456789
26026
123456789
26028
123456789
26030
123456789
26032
123456789
26034
123456789
26036
123456789
26038
123456789
26040
123456789
26042
123456789
26044
123456789
26046
123456789
26048
123456789
26050
123456789
26052
123456789
26054
123456789
26056
123456789
26058
123456789
26060
123456789
26062
123456789
26064
123456789
26066
123456789
26068
123456789
26070
123456789
26072
123456789
26074
123456789
26076
123456789
26078
123456789
26080
123456789
26082
123456789
26084
123456789
26086
123456789
26088
123456789
26090
123456789
26092
123456789
26094
123456789
26096
123456789
26098
123456789
26100
123456789
26102
123456789
26104
123456789
26106
123456789
26108
123456789
26110
123456789
26112
123456789
26114
123456789
26116
123456789
26118
123456789
26120
123456789
26122
123456789
26124
123456789
26126
123456789
26128
123456789
26130
123456789
26132
123456789
26134
123456789
26136
123456789
26138
123456789
26140
123456789
26142
123456789
26144
123456789
26146
123456789
26148
123456789
26150
123456789
26152
123456789
26154
123456789
26156
123456789
26158
123456789
26160
123456789
26162
123456789
26164
123456789
26166
123456789
26168
123456789
26170
123456789
26172
123456789
26174
123456789
26176
123456789
26178
123456789
26180
123456789
26182
123456789
26184
123456789
26186
123456789
26188
123456789
26190
123456789
26192
123456789
26194
123456789
26196
123456789
26198
123456789
26200
123456789
26202
123456789
26204
123456789
26206
123456789
26208
123456789
26210
123456789
26212
123456789
26214
123456789
26216
123456789
26218
123456789
26220
123456789
26222
123456789
26224
123456789
26226
123456789
26228
123456789
26230
123456789
26232
123456789
26234
123456789
26236
123456789
26238
123456789
26240
123456789
26242
123456789
26244
123456789
26246
123456789
26248
123456789
26250
123456789
26252
123456789
26254
123456789
26256
123456789
26258
123456789
26260
123456789
26262
123456789
26264
123456789
26266
123456789
26268
123456789
26270
123456789
26272
123456789
26274
123456789
26276
123456789
26278
123456789
26280
123456789
26282
123456789
26284
123456789
26286
123456789
26288
123456789
26290
123456789
26292
123456789
26294
123456789
26296
123456789
26298
123456789
26300
123456789
26302
123456789
26304
123456789
26306
123456789
26308
123456789
26310
123456789
26312
123456789
26314
123456789
26316
123456789
26318
123456789
26320
123456789
26322
123456789
26324
123456789
26326
123456789
26328
123456789
26330
123456789
26332
123456789
26334
123456789
26336
123456789
26338
123456789
26340
123456789
26342
123456789
26344
123456789
26346
123456789
26348
123456789
26350
123456789
26352
123456789
26354
123456789
26356
123456789
26358
123456789
26360
123456789
26362
123456789
26364
123456789
26366
123456789
26368
123456789
26370
123456789
26372
123456789
26374
123456789
26376
123456789
26378
123456789
26380
123456789
26382
123456789
26384
123456789
26386
123456789
26388
123456789
26390
123456789
26392
123456789
26394
123456789
26396
123456789
26398
123456789
26400
123456789
26402
123456789
26404
123456789
26406
123456789
26408
123456789
26410
123456789
26412
123456789
26414
123456789
26416
123456789
26418
123456789
26420
123456789
26422
123456789
26424
123456789
26426
123456789
26428
123456789
26430
123456789
26432
123456789
26434
123456789
26436
123456789
26438
123456789
26440
123456789
26442
123456789
26444
123456789
26446
123456789
26448
123456789
26450
123456789
26452
123456789
26454
123456789
26456
123456789
26458
123456789
26460
123456789
26462
123456789
26464
123456789
26466
123456789
26468
123456789
26470
123456789
26472
123456789
26474
123456789
26476
123456789
26478
123456789
26480
123456789
26482
123456789
26484
123456789
26486
123456789
26488
123456789
26490
123456789
26492
123456789
26494
123456789
26496
123456789
26498
123456789
26500
123456789
26502
123456789
26504
123456789
26506
123456789
26508
123456789
26510
123456789
26512
123456789
26514
123456789
26516
123456789
26518
123456789
26520
123456789
26522
123456789
26524
123456789
26526
123456789
26528
123456789
26530
123456789
26532
123456789
26534
123456789
26536
123456789
26538
123456789
26540
123456789
26542
123456789
26544
123456789
26546
123456789
26548
123456789
26550
123456789
26552
123456789
26554
123456789
26556
123456789
26558
123456789
26560
123456789
26562
123456789
26564
123456789
26566
123456789
26568
123456789
26570
123456789
26572
123456789
26574
123456789
26576
123456789
26578
123456789
26580
123456789
26582
123456789
26584
123456789
26586
123456789
26588
123456789
26590
123456789
26592
123456789
26594
123456789
26596
123456789
26598
123456789
26600
123456789
26602
123456789
26604
123456789
26606
123456789
26608
123456789
26610
123456789
26612
123456789
26614
123456789
26616
123456789
26618
123456789
26620
123456789
26622
123456789
26624
123456789
26626
123456789
26628
123456789
26630
123456789
26632
123456789
26634
123456789
26636
123456789
26638
123456789
26640
123456789
26642
123456789
26644
123456789
26646
123456789
26648
123456789
26650
123456789
26652
123456789
26654
123456789
26656
123456789
26658
123456789
26660
123456789
26662
123456789
26664
123456789
26666
123456789
26668
123456789
26670
123456789
26672
123456789
26674
123456789
26676
123456789
26678
123456789
26680
123456789
26682
123456789
26684
123456789
26686
123456789
26688
123456789
26690
123456789
26692
123456789
26694
123456789
26696
123456789
26698
123456789
26700
123456789
26702
123456789
26704
123456789
26706
123456789
26708
123456789
26710
123456789
26712
123456789
26714
123456789
26716
123456789
26718
123456789
26720
123456789
26722
123456789
26724
123456789
26726
123456789
26728
123456789
26730
123456789
26732
123456789
26734
123456789
26736
123456789
26738
123456789
26740
123456789
26742
123456789
26744
123456789
26746
123456789
26748
123456789
26750
123456789
26752
123456789
26754
123456789
26756
123456789
26758
123456789
26760
123456789
26762
123456789
26764
123456789
26766
123456789
26768
123456789
26770
123456789
26772
123456789
26774
123456789
26776
123456789
26778
123456789
26780
123456789
26782
123456789
26784
123456789
26786
123456789
26788
123456789
26790
123456789
26792
123456789
26794
123456789
26796
123456789
26798
123456789
26800
123456789
26802
123456789
26804
123456789
26806
123456789
26808
123456789
26810
123456789
26812
123456789
26814
123456789
26816
123456789
26818
123456789
26820
123456789
26822
123456789
26824
123456789
26826
123456789
26828
123456789
26830
123456789
26832
123456789
26834
123456789
26836
123456789
26838
123456789
26840
123456789
26842
123456789
26844
123456789
26846
123456789
26848
123456789
26850
123456789
26852
123456789
26854
123456789
26856
123456789
26858
123456789
26860
123456789
26862
123456789
26864
123456789
26866
123456789
26868
123456789
26870
123456789
26872
123456789
26874
123456789
26876
123456789
26878
123456789
26880
123456789
26882
123456789
26884
123456789
26886
123456789
26888
123456789
26890
123456789
26892
123456789
26894
123456789
26896
123456789
26898
123456789
26900
123456789
26902
123456789
26904
123456789
26906
123456789
26908
123456789
26910
123456789
26912
123456789
26914
123456789
26916
123456789
26918
123456789
26920
123456789
26922
123456789
26924
123456789
26926
123456789
26928
123456789
26930
123456789
26932
123456789
26934
123456789
26936
123456789
26938
123456789
26940
123456789
26942
123456789
26944
123456789
26946
123456789
26948
123456789
26950
123456789
26952
123456789
26954
123456789
26956
123456789
26958
123456789
26960
123456789
26962
123456789
26964
123456789
26966
123456789
26968
123456789
26970
123456789
26972
123456789
26974
123456789
26976
123456789
26978
123456789
26980
123456789
26982
123456789
26984
123456789
26986
123456789
26988
123456789
26990
123456789
26992
123456789
26994
123456789
26996
123456789
26998
123456789
27000
123456789
27002
123456789
27004
123456789
27006
123456789
27008
123456789
27010
123456789
27012
123456789
27014
123456789
27016
123456789
27018
123456789
27020
123456789
27022
123456789
27024
123456789
27026
123456789
27028
123456789
27030
123456789
27032
123456789
27034
123456789
27036
123456789
27038
123456789
27040
123456789
27042
123456789
27044
123456789
27046
123456789
27048
123456789
27050
123456789
27052
123456789
27054
123456789
27056
123456789
27058
123456789
27060
123456789
27062
123456789
27064
123456789
27066
123456789
27068
123456789
27070
123456789
27072
123456789
27074
123456789
27076
123456789
27078
123456789
27080
123456789
27082
123456789
27084
123456789
27086
123456789
27088
123456789
27090
123456789
27092
123456789
27094
123456789
27096
123456789
27098
123456789
27100
123456789
27102
123456789
27104
123456789
27106
123456789
27108
123456789
27110
123456789
27112
123456789
27114
123456789
27116
123456789
27118
123456789
27120
123456789
27122
123456789
27124
123456789
27126
123456789
27128
123456789
27130
123456789
27132
123456789
27134
123456789
27136
123456789
27138
123456789
27140
123456789
27142
123456789
27144
123456789
27146
123456789
27148
123456789
27150
123456789
27152
123456789
27154
123456789
27156
123456789
27158
123456789
27160
123456789
27162
123456789
27164
123456789
27166
123456789
27168
123456789
27170
123456789
27172
123456789
27174
123456789
27176
123456789
27178
123456789
27180
123456789
27182
123456789
27184
123456789
27186
123456789
27188
123456789
27190
123456789
27192
123456789
27194
123456789
27196
123456789
27198
123456789
27200
123456789
27202
123456789
27204
123456789
27206
123456789
27208
123456789
27210
123456789
27212
123456789
27214
123456789
27216
123456789
27218
123456789
27220
123456789
27222
123456789
27224
123456789
27226
123456789
27228
123456789
27230
123456789
27232
123456789
27234
123456789
27236
123456789
27238
123456789
27240
123456789
27242
123456789
27244
123456789
27246
123456789
27248
123456789
27250
123456789
27252
123456789
27254
123456789
27256
123456789
27258
123456789
27260
123456789
27262
123456789
27264
123456789
27266
123456789
27268
123456789
27270
123456789
27272
123456789
27274
123456789
27276
123456789
27278
123456789
27280
123456789
27282
123456789
27284
123456789
27286
123456789
27288
123456789
27290
123456789
27292
123456789
27294
123456789
27296
123456789
27298
123456789
27300
123456789
27302
123456789
27304
123456789
27306
123456789
27308
123456789
27310
123456789
27312
123456789
27314
123456789
27316
123456789
27318
123456789
27320
123456789
27322
123456789
27324
123456789
27326
123456789
27328
123456789
27330
123456789
27332
123456789
27334
123456789
27336
123456789
27338
123456789
27340
123456789
27342
123456789
27344
123456789
27346
123456789
27348
123456789
27350
123456789
27352
123456789
27354
123456789
27356
123456789
27358
123456789
27360
123456789
27362
123456789
27364
123456789
27366
123456789
27368
123456789
27370
123456789
27372
123456789
27374
123456789
27376
123456789
27378
123456789
27380
123456789
27382
123456789
27384
123456789
27386
123456789
27388
123456789
27390
123456789
27392
123456789
27394
123456789
27396
123456789
27398
123456789
27400
123456789
27402
123456789
27404
123456789
27406
123456789
27408
123456789
27410
123456789
27412
123456789
27414
123456789
27416
123456789
27418
123456789
27420
123456789
27422
123456789
27424
123456789
27426
123456789
27428
123456789
27430
123456789
27432
123456789
27434
123456789
27436
123456789
27438
123456789
27440
123456789
27442
123456789
27444
123456789
27446
123456789
27448
123456789
27450
123456789
27452
123456789
27454
123456789
27456
123456789
27458
123456789
27460
123456789
27462
123456789
27464
123456789
27466
123456789
27468
123456789
27470
123456789
27472
123456789
27474
123456789
27476
123456789
27478
123456789
27480
123456789
27482
123456789
27484
123456789
27486
123456789
27488
123456789
27490
123456789
27492
123456789
27494
123456789
27496
123456789
27498
123456789
27500
123456789
27502
123456789
27504
123456789
27506
123456789
27508
123456789
27510
123456789
27512
123456789
27514
123456789
27516
123456789
27518
123456789
27520
123456789
27522
123456789
27524
123456789
27526
123456789
27528
123456789
27530
123456789
27532
123456789
27534
123456789
27536
123456789
27538
123456789
27540
123456789
27542
123456789
27544
123456789
27546
123456789
27548
123456789
27550
123456789
27552
123456789
27554
123456789
27556
123456789
27558
123456789
27560
123456789
27562
123456789
27564
123456789
27566
123456789
27568
123456789
27570
123456789
27572
123456789
27574
123456789
27576
123456789
27578
123456789
27580
123456789
27582
123456789
27584
123456789
27586
123456789
27588
123456789
27590
123456789
27592
123456789
27594
123456789
27596
123456789
27598
123456789
27600
123456789
27602
123456789
27604
123456789
27606
123456789
27608
123456789
27610
123456789
27612
123456789
27614
123456789
27616
123456789
27618
123456789
27620
123456789
27622
123456789
27624
123456789
27626
123456789
27628
123456789
27630
123456789
27632
123456789
27634
123456789
27636
123456789
27638
123456789
27640
123456789
27642
123456789
27644
123456789
27646
123456789
27648
123456789
27650
123456789
27652
123456789
27654
123456789
27656
123456789
27658
123456789
27660
123456789
27662
123456789
27664
123456789
27666
123456789
27668
123456789
27670
123456789
27672
123456789
27674
123456789
27676
123456789
27678
123456789
27680
123456789
27682
123456789
27684
123456789
27686
123456789
27688
123456789
27690
123456789
27692
123456789
27694
123456789
27696
123456789
27698
123456789
27700
123456789
27702
123456789
27704
123456789
27706
123456789
27708
123456789
27710
123456789
27712
123456789
27714
123456789
27716
123456789
27718
123456789
27720
123456789
27722
123456789
27724
123456789
27726
123456789
27728
123456789
27730
123456789
27732
123456789
27734
123456789
27736
123456789
27738
123456789
27740
123456789
27742
123456789
27744
123456789
27746
123456789
27748
123456789
27750
123456789
27752
123456789
27754
123456789
27756
123456789
27758
123456789
27760
123456789
27762
123456789
27764
123456789
27766
123456789
27768
123456789
27770
123456789
27772
123456789
27774
123456789
27776
123456789
27778
123456789
27780
123456789
27782
123456789
27784
123456789
27786
123456789
27788
123456789
27790
123456789
27792
123456789
27794
123456789
27796
123456789
27798
123456789
27800
123456789
27802
123456789
27804
123456789
27806
123456789
27808
123456789
27810
123456789
27812
123456789
27814
123456789
27816
123456789
27818
123456789
27820
123456789
27822
123456789
27824
123456789
27826
123456789
27828
123456789
27830
123456789
27832
123456789
27834
123456789
27836
123456789
27838
123456789
27840
123456789
27842
123456789
27844
123456789
27846
123456789
27848
123456789
27850
123456789
27852
123456789
27854
123456789
27856
123456789
27858
123456789
27860
123456789
27862
123456789
27864
123456789
27866
123456789
27868
123456789
27870
123456789
27872
123456789
27874
123456789
27876
123456789
27878
123456789
27880
123456789
27882
123456789
27884
123456789
27886
123456789
27888
123456789
27890
123456789
27892
123456789
27894
123456789
27896
123456789
27898
123456789
27900
123456789
27902
123456789
27904
123456789
27906
123456789
27908
123456789
27910
123456789
27912
123456789
27914
123456789
27916
123456789
27918
123456789
27920
123456789
27922
123456789
27924
123456789
27926
123456789
27928
123456789
27930
123456789
27932
123456789
27934
123456789
27936
123456789
27938
123456789
27940
123456789
27942
123456789
27944
123456789
27946
123456789
27948
123456789
27950
123456789
27952
123456789
27954
123456789
27956
123456789
27958
123456789
27960
123456789
27962
123456789
27964
123456789
27966
123456789
27968
123456789
27970
123456789
27972
123456789
27974
123456789
27976
123456789
27978
123456789
27980
123456789
27982
123456789
27984
123456789
27986
123456789
27988
123456789
27990
123456789
27992
123456789
27994
123456789
27996
123456789
27998
123456789
28000
123456789
28002
123456789
28004
123456789
28006
123456789
28008
123456789
28010
123456789
28012
123456789
28014
123456789
28016
123456789
28018
123456789
28020
123456789
28022
123456789
28024
123456789
28026
123456789
28028
123456789
28030
123456789
28032
123456789
28034
123456789
28036
123456789
28038
123456789
28040
123456789
28042
123456789
28044
123456789
28046
123456789
28048
123456789
28050
123456789
28052
123456789
28054
123456789
28056
123456789
28058
123456789
28060
123456789
28062
123456789
28064
123456789
28066
123456789
28068
123456789
28070
123456789
28072
123456789
28074
123456789
28076
123456789
28078
123456789
28080
123456789
28082
123456789
28084
123456789
28086
123456789
28088
123456789
28090
123456789
28092
123456789
28094
123456789
28096
123456789
28098
123456789
28100
123456789
28102
123456789
28104
123456789
28106
123456789
28108
123456789
28110
123456789
28112
123456789
28114
123456789
28116
123456789
28118
123456789
28120
123456789
28122
123456789
28124
123456789
28126
123456789
28128
123456789
28130
123456789
28132
123456789
28134
123456789
28136
123456789
28138
123456789
28140
123456789
28142
123456789
28144
123456789
28146
123456789
28148
123456789
28150
123456789
28152
123456789
28154
123456789
28156
123456789
28158
123456789
28160
123456789
28162
123456789
28164
123456789
28166
123456789
28168
123456789
28170
123456789
28172
123456789
28174
123456789
28176
123456789
28178
123456789
28180
123456789
28182
123456789
28184
123456789
28186
123456789
28188
123456789
28190
123456789
28192
123456789
28194
123456789
28196
123456789
28198
123456789
28200
123456789
28202
123456789
28204
123456789
28206
123456789
28208
123456789
28210
123456789
28212
123456789
28214
123456789
28216
123456789
28218
123456789
28220
123456789
28222
123456789
28224
123456789
28226
123456789
28228
123456789
28230
123456789
28232
123456789
28234
123456789
28236
123456789
28238
123456789
28240
123456789
28242
123456789
28244
123456789
28246
123456789
28248
123456789
28250
123456789
28252
123456789
28254
123456789
28256
123456789
28258
123456789
28260
123456789
28262
123456789
28264
123456789
28266
123456789
28268
123456789
28270
123456789
28272
123456789
28274
123456789
28276
123456789
28278
123456789
28280
123456789
28282
123456789
28284
123456789
28286
123456789
28288
123456789
28290
123456789
28292
123456789
28294
123456789
28296
123456789
28298
123456789
28300
123456789
28302
123456789
28304
123456789
28306
123456789
28308
123456789
28310
123456789
28312
123456789
28314
123456789
28316
123456789
28318
123456789
28320
123456789
28322
123456789
28324
123456789
28326
123456789
28328
123456789
28330
123456789
28332
123456789
28334
123456789
28336
123456789
28338
123456789
28340
123456789
28342
123456789
28344
123456789
28346
123456789
28348
123456789
28350
123456789
28352
123456789
28354
123456789
28356
123456789
28358
123456789
28360
123456789
28362
123456789
28364
123456789
28366
123456789
28368
123456789
28370
123456789
28372
123456789
28374
123456789
28376
123456789
28378
123456789
28380
123456789
28382
123456789
28384
123456789
28386
123456789
28388
123456789
28390
123456789
28392
123456789
28394
123456789
28396
123456789
28398
123456789
28400
123456789
28402
123456789
28404
123456789
28406
123456789
28408
123456789
28410
123456789
28412
123456789
28414
123456789
28416
123456789
28418
123456789
28420
123456789
28422
123456789
28424
123456789
28426
123456789
28428
123456789
28430
123456789
28432
123456789
28434
123456789
28436
123456789
28438
123456789
28440
123456789
28442
123456789
28444
123456789
28446
123456789
28448
123456789
28450
123456789
28452
123456789
28454
123456789
28456
123456789
28458
123456789
28460
123456789
28462
123456789
28464
123456789
28466
123456789
28468
123456789
28470
123456789
28472
123456789
28474
123456789
28476
123456789
28478
123456789
28480
123456789
28482
123456789
28484
123456789
28486
123456789
28488
123456789
28490
123456789
28492
123456789
28494
123456789
28496
123456789
28498
123456789
28500
123456789
28502
123456789
28504
123456789
28506
123456789
28508
123456789
28510
123456789
28512
123456789
28514
123456789
28516
123456789
28518
123456789
28520
123456789
28522
123456789
28524
123456789
28526
123456789
28528
123456789
28530
123456789
28532
123456789
28534
123456789
28536
123456789
28538
123456789
28540
123456789
28542
123456789
28544
123456789
28546
123456789
28548
123456789
28550
123456789
28552
123456789
28554
123456789
28556
123456789
28558
123456789
28560
123456789
28562
123456789
28564
123456789
28566
123456789
28568
123456789
28570
123456789
28572
123456789
28574
123456789
28576
123456789
28578
123456789
28580
123456789
28582
123456789
28584
123456789
28586
123456789
28588
123456789
28590
123456789
28592
123456789
28594
123456789
28596
123456789
28598
123456789
28600
123456789
28602
123456789
28604
123456789
28606
123456789
28608
123456789
28610
123456789
28612
123456789
28614
123456789
28616
123456789
28618
123456789
28620
123456789
28622
123456789
28624
123456789
28626
123456789
28628
123456789
28630
123456789
28632
123456789
28634
123456789
28636
123456789
28638
123456789
28640
123456789
28642
123456789
28644
123456789
28646
123456789
28648
123456789
28650
123456789
28652
123456789
28654
123456789
28656
123456789
28658
123456789
28660
123456789
28662
123456789
28664
123456789
28666
123456789
28668
123456789
28670
123456789
28672
123456789
28674
123456789
28676
123456789
28678
123456789
28680
123456789
28682
123456789
28684
123456789
28686
123456789
28688
123456789
28690
123456789
28692
123456789
28694
123456789
28696
123456789
28698
123456789
28700
123456789
28702
123456789
28704
123456789
28706
123456789
28708
123456789
28710
123456789
28712
123456789
28714
123456789
28716
123456789
28718
123456789
28720
123456789
28722
123456789
28724
123456789
28726
123456789
28728
123456789
28730
123456789
28732
123456789
28734
123456789
28736
123456789
28738
123456789
28740
123456789
28742
123456789
28744
123456789
28746
123456789
28748
123456789
28750
123456789
28752
123456789
28754
123456789
28756
123456789
28758
123456789
28760
123456789
28762
123456789
28764
123456789
28766
123456789
28768
123456789
28770
123456789
28772
123456789
28774
123456789
28776
123456789
28778
123456789
28780
123456789
28782
123456789
28784
123456789
28786
123456789
28788
123456789
28790
123456789
28792
123456789
28794
123456789
28796
123456789
28798
123456789
28800
123456789
28802
123456789
28804
123456789
28806
123456789
28808
123456789
28810
123456789
28812
123456789
28814
123456789
28816
123456789
28818
123456789
28820
123456789
28822
123456789
28824
123456789
28826
123456789
28828
123456789
28830
123456789
28832
123456789
28834
123456789
28836
123456789
28838
123456789
28840
123456789
28842
123456789
28844
123456789
28846
123456789
28848
123456789
28850
123456789
28852
123456789
28854
123456789
28856
123456789
28858
123456789
28860
123456789
28862
123456789
28864
123456789
28866
123456789
28868
123456789
28870
123456789
28872
123456789
28874
123456789
28876
123456789
28878
123456789
28880
123456789
28882
123456789
28884
123456789
28886
123456789
28888
123456789
28890
123456789
28892
123456789
28894
123456789
28896
123456789
28898
123456789
28900
123456789
28902
123456789
28904
123456789
28906
123456789
28908
123456789
28910
123456789
28912
123456789
28914
123456789
28916
123456789
28918
123456789
28920
123456789
28922
123456789
28924
123456789
28926
123456789
28928
123456789
28930
123456789
28932
123456789
28934
123456789
28936
123456789
28938
123456789
28940
123456789
28942
123456789
28944
123456789
28946
123456789
28948
123456789
28950
123456789
28952
123456789
28954
123456789
28956
123456789
28958
123456789
28960
123456789
28962
123456789
28964
123456789
28966
123456789
28968
123456789
28970
123456789
28972
123456789
28974
123456789
28976
123456789
28978
123456789
28980
123456789
28982
123456789
28984
123456789
28986
123456789
28988
123456789
28990
123456789
28992
123456789
28994
123456789
28996
123456789
28998
123456789
29000
123456789
29002
123456789
29004
123456789
29006
123456789
29008
123456789
29010
123456789
29012
123456789
29014
123456789
29016
123456789
29018
123456789
29020
123456789
29022
123456789
29024
123456789
29026
123456789
29028
123456789
29030
123456789
29032
123456789
29034
123456789
29036
123456789
29038
123456789
29040
123456789
29042
123456789
29044
123456789
29046
123456789
29048
123456789
29050
123456789
29052
123456789
29054
123456789
29056
123456789
29058
123456789
29060
123456789
29062
123456789
29064
123456789
29066
123456789
29068
123456789
29070
123456789
29072
123456789
29074
123456789
29076
123456789
29078
123456789
29080
123456789
29082
123456789
29084
123456789
29086
123456789
29088
123456789
29090
123456789
29092
123456789
29094
123456789
29096
123456789
29098
123456789
29100
123456789
29102
123456789
29104
123456789
29106
123456789
29108
123456789
29110
123456789
29112
123456789
29114
123456789
29116
123456789
29118
123456789
29120
123456789
29122
123456789
29124
123456789
29126
123456789
29128
123456789
29130
123456789
29132
123456789
29134
123456789
29136
123456789
29138
123456789
29140
123456789
29142
123456789
29144
123456789
29146
123456789
29148
123456789
29150
123456789
29152
123456789
29154
123456789
29156
123456789
29158
123456789
29160
123456789
29162
123456789
29164
123456789
29166
123456789
29168
123456789
29170
123456789
29172
123456789
29174
123456789
29176
123456789
29178
123456789
29180
123456789
29182
123456789
29184
123456789
29186
123456789
29188
123456789
29190
123456789
29192
123456789
29194
123456789
29196
123456789
29198
123456789
29200
123456789
29202
123456789
29204
123456789
29206
123456789
29208
123456789
29210
123456789
29212
123456789
29214
123456789
29216
123456789
29218
123456789
29220
123456789
29222
123456789
29224
123456789
29226
123456789
29228
123456789
29230
123456789
29232
123456789
29234
123456789
29236
123456789
29238
123456789
29240
123456789
29242
123456789
29244
123456789
29246
123456789
29248
123456789
29250
123456789
29252
123456789
29254
123456789
29256
123456789
29258
123456789
29260
123456789
29262
123456789
29264
123456789
29266
123456789
29268
123456789
29270
123456789
29272
123456789
29274
123456789
29276
123456789
29278
123456789
29280
123456789
29282
123456789
29284
123456789
29286
123456789
29288
123456789
29290
123456789
29292
123456789
29294
123456789
29296
123456789
29298
123456789
29300
123456789
29302
123456789
29304
123456789
29306
123456789
29308
123456789
29310
123456789
29312
123456789
29314
123456789
29316
123456789
29318
123456789
29320
123456789
29322
123456789
29324
123456789
29326
123456789
29328
123456789
29330
123456789
29332
123456789
29334
123456789
29336
123456789
29338
123456789
29340
123456789
29342
123456789
29344
123456789
29346
123456789
29348
123456789
29350
123456789
29352
123456789
29354
123456789
29356
123456789
29358
123456789
29360
123456789
29362
123456789
29364
123456789
29366
123456789
29368
123456789
29370
123456789
29372
123456789
29374
123456789
29376
123456789
29378
123456789
29380
123456789
29382
123456789
29384
123456789
29386
123456789
29388
123456789
29390
123456789
29392
123456789
29394
123456789
29396
123456789
29398
123456789
29400
123456789
29402
123456789
29404
123456789
29406
123456789
29408
123456789
29410
123456789
29412
123456789
29414
123456789
29416
123456789
29418
123456789
29420
123456789
29422
123456789
29424
123456789
29426
123456789
29428
123456789
29430
123456789
29432
123456789
29434
123456789
29436
123456789
29438
123456789
29440
123456789
29442
123456789
29444
123456789
29446
123456789
29448
123456789
29450
123456789
29452
123456789
29454
123456789
29456
123456789
29458
123456789
29460
123456789
29462
123456789
29464
123456789
29466
123456789
29468
123456789
29470
123456789
29472
123456789
29474
123456789
29476
123456789
29478
123456789
29480
123456789
29482
123456789
29484
123456789
29486
123456789
29488
123456789
29490
123456789
29492
123456789
29494
123456789
29496
123456789
29498
123456789
29500
123456789
29502
123456789
29504
123456789
29506
123456789
29508
123456789
29510
123456789
29512
123456789
29514
123456789
29516
123456789
29518
123456789
29520
123456789
29522
123456789
29524
123456789
29526
123456789
29528
123456789
29530
123456789
29532
123456789
29534
123456789
29536
123456789
29538
123456789
29540
123456789
29542
123456789
29544
123456789
29546
123456789
29548
123456789
29550
123456789
29552
123456789
29554
123456789
29556
123456789
29558
123456789
29560
123456789
29562
123456789
29564
123456789
29566
123456789
29568
123456789
29570
123456789
29572
123456789
29574
123456789
29576
123456789
29578
123456789
29580
123456789
29582
123456789
29584
123456789
29586
123456789
29588
123456789
29590
123456789
29592
123456789
29594
123456789
29596
123456789
29598
123456789
29600
123456789
29602
123456789
29604
123456789
29606
123456789
29608
123456789
29610
123456789
29612
123456789
29614
123456789
29616
123456789
29618
123456789
29620
123456789
29622
123456789
29624
123456789
29626
123456789
29628
123456789
29630
123456789
29632
123456789
29634
123456789
29636
123456789
29638
123456789
29640
123456789
29642
123456789
29644
123456789
29646
123456789
29648
123456789
29650
123456789
29652
123456789
29654
123456789
29656
123456789
29658
123456789
29660
123456789
29662
123456789
29664
123456789
29666
123456789
29668
123456789
29670
123456789
29672
123456789
29674
123456789
29676
123456789
29678
123456789
29680
123456789
29682
123456789
29684
123456789
29686
123456789
29688
123456789
29690
123456789
29692
123456789
29694
123456789
29696
123456789
29698
123456789
29700
123456789
29702
123456789
29704
123456789
29706
123456789
29708
123456789
29710
123456789
29712
123456789
29714
123456789
29716
123456789
29718
123456789
29720
123456789
29722
123456789
29724
123456789
29726
123456789
29728
123456789
29730
123456789
29732
123456789
29734
123456789
29736
123456789
29738
123456789
29740
123456789
29742
123456789
29744
123456789
29746
123456789
29748
123456789
29750
123456789
29752
123456789
29754
123456789
29756
123456789
29758
123456789
29760
123456789
29762
123456789
29764
123456789
29766
123456789
29768
123456789
29770
123456789
29772
123456789
29774
123456789
29776
123456789
29778
123456789
29780
123456789
29782
123456789
29784
123456789
29786
123456789
29788
123456789
29790
123456789
29792
123456789
29794
123456789
29796
123456789
29798
123456789
29800
123456789
29802
123456789
29804
123456789
29806
123456789
29808
123456789
29810
123456789
29812
123456789
29814
123456789
29816
123456789
29818
123456789
29820
123456789
29822
123456789
29824
123456789
29826
123456789
29828
123456789
29830
123456789
29832
123456789
29834
123456789
29836
123456789
29838
123456789
29840
123456789
29842
123456789
29844
123456789
29846
123456789
29848
123456789
29850
123456789
29852
123456789
29854
123456789
29856
123456789
29858
123456789
29860
123456789
29862
123456789
29864
123456789
29866
123456789
29868
123456789
29870
123456789
29872
123456789
29874
123456789
29876
123456789
29878
123456789
29880
123456789
29882
123456789
29884
123456789
29886
123456789
29888
123456789
29890
123456789
29892
123456789
29894
123456789
29896
123456789
29898
123456789
29900
123456789
29902
123456789
29904
123456789
29906
123456789
29908
123456789
29910
123456789
29912
123456789
29914
123456789
29916
123456789
29918
123456789
29920
123456789
29922
123456789
29924
123456789
29926
123456789
29928
123456789
29930
123456789
29932
123456789
29934
123456789
29936
123456789
29938
123456789
29940
123456789
29942
123456789
29944
123456789
29946
123456789
29948
123456789
29950
123456789
29952
123456789
29954
123456789
29956
123456789
29958
123456789
29960
123456789
29962
123456789
29964
123456789
29966
123456789
29968
123456789
29970
123456789
29972
123456789
29974
123456789
29976
123456789
29978
123456789
29980
123456789
29982
123456789
29984
123456789
29986
123456789
29988
123456789
29990
123456789
29992
123456789
29994
123456789
29996
123456789
29998
123456789
30000
123456789
30002
123456789
30004
123456789
30006
123456789
30008
123456789
30010
123456789
30012
123456789
30014
123456789
30016
123456789
30018
123456789
30020
123456789
30022
123456789
30024
123456789
30026
123456789
30028
123456789
30030
123456789
30032
123456789
30034
123456789
30036
123456789
30038
123456789
30040
123456789
30042
123456789
30044
123456789
30046
123456789
30048
123456789
30050
123456789
30052
123456789
30054
123456789
30056
123456789
30058
123456789
30060
123456789
30062
123456789
30064
123456789
30066
123456789
30068
123456789
30070
123456789
30072
123456789
30074
123456789
30076
123456789
30078
123456789
30080
123456789
30082
123456789
30084
123456789
30086
123456789
30088
123456789
30090
123456789
30092
123456789
30094
123456789
30096
123456789
30098
123456789
30100
123456789
30102
123456789
30104
123456789
30106
123456789
30108
123456789
30110
123456789
30112
123456789
30114
123456789
30116
123456789
30118
123456789
30120
123456789
30122
123456789
30124
123456789
30126
123456789
30128
123456789
30130
123456789
30132
123456789
30134
123456789
30136
123456789
30138
123456789
30140
123456789
30142
123456789
30144
123456789
30146
123456789
30148
123456789
30150
123456789
30152
123456789
30154
123456789
30156
123456789
30158
123456789
30160
123456789
30162
123456789
30164
123456789
30166
123456789
30168
123456789
30170
123456789
30172
123456789
30174
123456789
30176
123456789
30178
123456789
30180
123456789
30182
123456789
30184
123456789
30186
123456789
30188
123456789
30190
123456789
30192
123456789
30194
123456789
30196
123456789
30198
123456789
30200
123456789
30202
123456789
30204
123456789
30206
123456789
30208
123456789
30210
123456789
30212
123456789
30214
123456789
30216
123456789
30218
123456789
30220
123456789
30222
123456789
30224
123456789
30226
123456789
30228
123456789
30230
123456789
30232
123456789
30234
123456789
30236
123456789
30238
123456789
30240
123456789
30242
123456789
30244
123456789
30246
123456789
30248
123456789
30250
123456789
30252
123456789
30254
123456789
30256
123456789
30258
123456789
30260
123456789
30262
123456789
30264
123456789
30266
123456789
30268
123456789
30270
123456789
30272
123456789
30274
123456789
30276
123456789
30278
123456789
30280
123456789
30282
123456789
30284
123456789
30286
123456789
30288
123456789
30290
123456789
30292
123456789
30294
123456789
30296
123456789
30298
123456789
30300
123456789
30302
123456789
30304
123456789
30306
123456789
30308
123456789
30310
123456789
30312
123456789
30314
123456789
30316
123456789
30318
123456789
30320
123456789
30322
123456789
30324
123456789
30326
123456789
30328
123456789
30330
123456789
30332
123456789
30334
123456789
30336
123456789
30338
123456789
30340
123456789
30342
123456789
30344
123456789
30346
123456789
30348
123456789
30350
123456789
30352
123456789
30354
123456789
30356
123456789
30358
123456789
30360
123456789
30362
123456789
30364
123456789
30366
123456789
30368
123456789
30370
123456789
30372
123456789
30374
123456789
30376
123456789
30378
123456789
30380
123456789
30382
123456789
30384
123456789
30386
123456789
30388
123456789
30390
123456789
30392
123456789
30394
123456789
30396
123456789
30398
123456789
30400
123456789
30402
123456789
30404
123456789
30406
123456789
30408
123456789
30410
123456789
30412
123456789
30414
123456789
30416
123456789
30418
123456789
30420
123456789
30422
123456789
30424
123456789
30426
123456789
30428
123456789
30430
123456789
30432
123456789
30434
123456789
30436
123456789
30438
123456789
30440
123456789
30442
123456789
30444
123456789
30446
123456789
30448
123456789
30450
123456789
30452
123456789
30454
123456789
30456
123456789
30458
123456789
30460
123456789
30462
123456789
30464
123456789
30466
123456789
30468
123456789
30470
123456789
30472
123456789
30474
123456789
30476
123456789
30478
123456789
30480
123456789
30482
123456789
30484
123456789
30486
123456789
30488
123456789
30490
123456789
30492
123456789
30494
123456789
30496
123456789
30498
123456789
30500
123456789
30502
123456789
30504
123456789
30506
123456789
30508
123456789
30510
123456789
30512
123456789
30514
123456789
30516
123456789
30518
123456789
30520
123456789
30522
123456789
30524
123456789
30526
123456789
30528
123456789
30530
123456789
30532
123456789
30534
123456789
30536
123456789
30538
123456789
30540
123456789
30542
123456789
30544
123456789
30546
123456789
30548
123456789
30550
123456789
30552
123456789
30554
123456789
30556
123456789
30558
123456789
30560
123456789
30562
123456789
30564
123456789
30566
123456789
30568
123456789
30570
123456789
30572
123456789
30574
123456789
30576
123456789
30578
123456789
30580
123456789
30582
123456789
30584
123456789
30586
123456789
30588
123456789
30590
123456789
30592
123456789
30594
123456789
30596
123456789
30598
123456789
30600
123456789
30602
123456789
30604
123456789
30606
123456789
30608
123456789
30610
123456789
30612
123456789
30614
123456789
30616
123456789
30618
123456789
30620
123456789
30622
123456789
30624
123456789
30626
123456789
30628
123456789
30630
123456789
30632
123456789
30634
123456789
30636
123456789
30638
123456789
30640
123456789
30642
123456789
30644
123456789
30646
123456789
30648
123456789
30650
123456789
30652
123456789
30654
123456789
30656
123456789
30658
123456789
30660
123456789
30662
123456789
30664
123456789
30666
123456789
30668
123456789
30670
123456789
30672
123456789
30674
123456789
30676
123456789
30678
123456789
30680
123456789
30682
123456789
30684
123456789
30686
123456789
30688
123456789
30690
123456789
30692
123456789
30694
123456789
30696
123456789
30698
123456789
30700
123456789
30702
123456789
30704
123456789
30706
123456789
30708
123456789
30710
123456789
30712
123456789
30714
123456789
30716
123456789
30718
123456789
30720
123456789
30722
123456789
30724
123456789
30726
123456789
30728
123456789
30730
123456789
30732
123456789
30734
123456789
30736
123456789
30738
123456789
30740
123456789
30742
123456789
30744
123456789
30746
123456789
30748
123456789
30750
123456789
30752
123456789
30754
123456789
30756
123456789
30758
123456789
30760
123456789
30762
123456789
30764
123456789
30766
123456789
30768
123456789
30770
123456789
30772
123456789
30774
123456789
30776
123456789
30778
123456789
30780
123456789
30782
123456789
30784
123456789
30786
123456789
30788
123456789
30790
123456789
30792
123456789
30794
123456789
30796
123456789
30798
123456789
30800
123456789
30802
123456789
30804
123456789
30806
123456789
30808
123456789
30810
123456789
30812
123456789
30814
123456789
30816
123456789
30818
123456789
30820
123456789
30822
123456789
30824
123456789
30826
123456789
30828
123456789
30830
123456789
30832
123456789
30834
123456789
30836
123456789
30838
123456789
30840
123456789
30842
123456789
30844
123456789
30846
123456789
30848
123456789
30850
123456789
30852
123456789
30854
123456789
30856
123456789
30858
123456789
30860
123456789
30862
123456789
30864
123456789
30866
123456789
30868
123456789
30870
123456789
30872
123456789
30874
123456789
30876
123456789
30878
123456789
30880
123456789
30882
123456789
30884
123456789
30886
123456789
30888
123456789
30890
123456789
30892
123456789
30894
123456789
30896
123456789
30898
123456789
30900
123456789
30902
123456789
30904
123456789
30906
123456789
30908
123456789
30910
123456789
30912
123456789
30914
123456789
30916
123456789
30918
123456789
30920
123456789
30922
123456789
30924
123456789
30926
123456789
30928
123456789
30930
123456789
30932
123456789
30934
123456789
30936
123456789
30938
123456789
30940
123456789
30942
123456789
30944
123456789
30946
123456789
30948
123456789
30950
123456789
30952
123456789
30954
123456789
30956
123456789
30958
123456789
30960
123456789
30962
123456789
30964
123456789
30966
123456789
30968
123456789
30970
123456789
30972
123456789
30974
123456789
30976
123456789
30978
123456789
30980
123456789
30982
123456789
30984
123456789
30986
123456789
30988
123456789
30990
123456789
30992
123456789
30994
123456789
30996
123456789
30998
123456789
31000
123456789
31002
123456789
31004
123456789
31006
123456789
31008
123456789
31010
123456789
31012
123456789
31014
123456789
31016
123456789
31018
123456789
31020
123456789
31022
123456789
31024
123456789
31026
123456789
31028
123456789
31030
123456789
31032
123456789
31034
123456789
31036
123456789
31038
123456789
31040
123456789
31042
123456789
31044
123456789
31046
123456789
31048
123456789
31050
123456789
31052
123456789
31054
123456789
31056
123456789
31058
123456789
31060
123456789
31062
123456789
31064
123456789
31066
123456789
31068
123456789
31070
123456789
31072
123456789
31074
123456789
31076
123456789
31078
123456789
31080
123456789
31082
123456789
31084
123456789
31086
123456789
31088
123456789
31090
123456789
31092
123456789
31094
123456789
31096
123456789
31098
123456789
31100
123456789
31102
123456789
31104
123456789
31106
123456789
31108
123456789
31110
123456789
31112
123456789
31114
123456789
31116
123456789
31118
123456789
31120
123456789
31122
123456789
31124
123456789
31126
123456789
31128
123456789
31130
123456789
31132
123456789
31134
123456789
31136
123456789
31138
123456789
31140
123456789
31142
123456789
31144
123456789
31146
123456789
31148
123456789
31150
123456789
31152
123456789
31154
123456789
31156
123456789
31158
123456789
31160
123456789
31162
123456789
31164
123456789
31166
123456789
31168
123456789
31170
123456789
31172
123456789
31174
123456789
31176
123456789
31178
123456789
31180
123456789
31182
123456789
31184
123456789
31186
123456789
31188
123456789
31190
123456789
31192
123456789
31194
123456789
31196
123456789
31198
123456789
31200
123456789
31202
123456789
31204
123456789
31206
123456789
31208
123456789
31210
123456789
31212
123456789
31214
123456789
31216
123456789
31218
123456789
31220
123456789
31222
123456789
31224
123456789
31226
123456789
31228
123456789
31230
123456789
31232
123456789
31234
123456789
31236
123456789
31238
123456789
31240
123456789
31242
123456789
31244
123456789
31246
123456789
31248
123456789
31250
123456789
31252
123456789
31254
123456789
31256
123456789
31258
123456789
31260
123456789
31262
123456789
31264
123456789
31266
123456789
31268
123456789
31270
123456789
31272
123456789
31274
123456789
31276
123456789
31278
123456789
31280
123456789
31282
123456789
31284
123456789
31286
123456789
31288
123456789
31290
123456789
31292
123456789
31294
123456789
31296
123456789
31298
123456789
31300
123456789
31302
123456789
31304
123456789
31306
123456789
31308
123456789
31310
123456789
31312
123456789
31314
123456789
31316
123456789
31318
123456789
31320
123456789
31322
123456789
31324
123456789
31326
123456789
31328
123456789
31330
123456789
31332
123456789
31334
123456789
31336
123456789
31338
123456789
31340
123456789
31342
123456789
31344
123456789
31346
123456789
31348
123456789
31350
123456789
31352
123456789
31354
123456789
31356
123456789
31358
123456789
31360
123456789
31362
123456789
31364
123456789
31366
123456789
31368
123456789
31370
123456789
31372
123456789
31374
123456789
31376
123456789
31378
123456789
31380
123456789
31382
123456789
31384
123456789
31386
123456789
31388
123456789
31390
123456789
31392
123456789
31394
123456789
31396
123456789
31398
123456789
31400
123456789
31402
123456789
31404
123456789
31406
123456789
31408
123456789
31410
123456789
31412
123456789
31414
123456789
31416
123456789
31418
123456789
31420
123456789
31422
123456789
31424
123456789
31426
123456789
31428
123456789
31430
123456789
31432
123456789
31434
123456789
31436
123456789
31438
123456789
31440
123456789
31442
123456789
31444
123456789
31446
123456789
31448
123456789
31450
123456789
31452
123456789
31454
123456789
31456
123456789
31458
123456789
31460
123456789
31462
123456789
31464
123456789
31466
123456789
31468
123456789
31470
123456789
31472
123456789
31474
123456789
31476
123456789
31478
123456789
31480
123456789
31482
123456789
31484
123456789
31486
123456789
31488
123456789
31490
123456789
31492
123456789
31494
123456789
31496
123456789
31498
123456789
31500
123456789
31502
123456789
31504
123456789
31506
123456789
31508
123456789
31510
123456789
31512
123456789
31514
123456789
31516
123456789
31518
123456789
31520
123456789
31522
123456789
31524
123456789
31526
123456789
31528
123456789
31530
123456789
31532
123456789
31534
123456789
31536
123456789
31538
123456789
31540
123456789
31542
123456789
31544
123456789
31546
123456789
31548
123456789
31550
123456789
31552
123456789
31554
123456789
31556
123456789
31558
123456789
31560
123456789
31562
123456789
31564
123456789
31566
123456789
31568
123456789
31570
123456789
31572
123456789
31574
123456789
31576
123456789
31578
123456789
31580
123456789
31582
123456789
31584
123456789
31586
123456789
31588
123456789
31590
123456789
31592
123456789
31594
123456789
31596
123456789
31598
123456789
31600
123456789
31602
123456789
31604
123456789
31606
123456789
31608
123456789
31610
123456789
31612
123456789
31614
123456789
31616
123456789
31618
123456789
31620
123456789
31622
123456789
31624
123456789
31626
123456789
31628
123456789
31630
123456789
31632
123456789
31634
123456789
31636
123456789
31638
123456789
31640
123456789
31642
123456789
31644
123456789
31646
123456789
31648
123456789
31650
123456789
31652
123456789
31654
123456789
31656
123456789
31658
123456789
31660
123456789
31662
123456789
31664
123456789
31666
123456789
31668
123456789
31670
123456789
31672
123456789
31674
123456789
31676
123456789
31678
123456789
31680
123456789
31682
123456789
31684
123456789
31686
123456789
31688
123456789
31690
123456789
31692
123456789
31694
123456789
31696
123456789
31698
123456789
31700
123456789
31702
123456789
31704
123456789
31706
123456789
31708
123456789
31710
123456789
31712
123456789
31714
123456789
31716
123456789
31718
123456789
31720
123456789
31722
123456789
31724
123456789
31726
123456789
31728
123456789
31730
123456789
31732
123456789
31734
123456789
31736
123456789
31738
123456789
31740
123456789
31742
123456789
31744
123456789
31746
123456789
31748
123456789
31750
123456789
31752
123456789
31754
123456789
31756
123456789
31758
123456789
31760
123456789
31762
123456789
31764
123456789
31766
123456789
31768
123456789
31770
123456789
31772
123456789
31774
123456789
31776
123456789
31778
123456789
31780
123456789
31782
123456789
31784
123456789
31786
123456789
31788
123456789
31790
123456789
31792
123456789
31794
123456789
31796
123456789
31798
123456789
31800
123456789
31802
123456789
31804
123456789
31806
123456789
31808
123456789
31810
123456789
31812
123456789
31814
123456789
31816
123456789
31818
123456789
31820
123456789
31822
123456789
31824
123456789
31826
123456789
31828
123456789
31830
123456789
31832
123456789
31834
123456789
31836
123456789
31838
123456789
31840
123456789
31842
123456789
31844
123456789
31846
123456789
31848
123456789
31850
123456789
31852
123456789
31854
123456789
31856
123456789
31858
123456789
31860
123456789
31862
123456789
31864
123456789
31866
123456789
31868
123456789
31870
123456789
31872
123456789
31874
123456789
31876
123456789
31878
123456789
31880
123456789
31882
123456789
31884
123456789
31886
123456789
31888
123456789
31890
123456789
31892
123456789
31894
123456789
31896
123456789
31898
123456789
31900
123456789
31902
123456789
31904
123456789
31906
123456789
31908
123456789
31910
123456789
31912
123456789
31914
123456789
31916
123456789
31918
123456789
31920
123456789
31922
123456789
31924
123456789
31926
123456789
31928
123456789
31930
123456789
31932
123456789
31934
123456789
31936
123456789
31938
123456789
31940
123456789
31942
123456789
31944
123456789
31946
123456789
31948
123456789
31950
123456789
31952
123456789
31954
123456789
31956
123456789
31958
123456789
31960
123456789
31962
123456789
31964
123456789
31966
123456789
31968
123456789
31970
123456789
31972
123456789
31974
123456789
31976
123456789
31978
123456789
31980
123456789
31982
123456789
31984
123456789
31986
123456789
31988
123456789
31990
123456789
31992
123456789
31994
123456789
31996
123456789
31998
123456789
32000
123456789
32002
123456789
32004
123456789
32006
123456789
32008
123456789
32010
123456789
32012
123456789
32014
123456789
32016
123456789
32018
123456789
32020
123456789
32022
123456789
32024
123456789
32026
123456789
32028
123456789
32030
123456789
32032
123456789
32034
123456789
32036
123456789
32038
123456789
32040
123456789
32042
123456789
32044
123456789
32046
123456789
32048
123456789
32050
123456789
32052
123456789
32054
123456789
32056
123456789
32058
123456789
32060
123456789
32062
123456789
32064
123456789
32066
123456789
32068
123456789
32070
123456789
32072
123456789
32074
123456789
32076
123456789
32078
123456789
32080
123456789
32082
123456789
32084
123456789
32086
123456789
32088
123456789
32090
123456789
32092
123456789
32094
123456789
32096
123456789
32098
123456789
32100
123456789
32102
123456789
32104
123456789
32106
123456789
32108
123456789
32110
123456789
32112
123456789
32114
123456789
32116
123456789
32118
123456789
32120
123456789
32122
123456789
32124
123456789
32126
123456789
32128
123456789
32130
123456789
32132
123456789
32134
123456789
32136
123456789
32138
123456789
32140
123456789
32142
123456789
32144
123456789
32146
123456789
32148
123456789
32150
123456789
32152
123456789
32154
123456789
32156
123456789
32158
123456789
32160
123456789
32162
123456789
32164
123456789
32166
123456789
32168
123456789
32170
123456789
32172
123456789
32174
123456789
32176
123456789
32178
123456789
32180
123456789
32182
123456789
32184
123456789
32186
123456789
32188
123456789
32190
123456789
32192
123456789
32194
123456789
32196
123456789
32198
123456789
32200
123456789
32202
123456789
32204
123456789
32206
123456789
32208
123456789
32210
123456789
32212
123456789
32214
123456789
32216
123456789
32218
123456789
32220
123456789
32222
123456789
32224
123456789
32226
123456789
32228
123456789
32230
123456789
32232
123456789
32234
123456789
32236
123456789
32238
123456789
32240
123456789
32242
123456789
32244
123456789
32246
123456789
32248
123456789
32250
123456789
32252
123456789
32254
123456789
32256
123456789
32258
123456789
32260
123456789
32262
123456789
32264
123456789
32266
123456789
32268
123456789
32270
123456789
32272
123456789
32274
123456789
32276
123456789
32278
123456789
32280
123456789
32282
123456789
32284
123456789
32286
123456789
32288
123456789
32290
123456789
32292
123456789
32294
123456789
32296
123456789
32298
123456789
32300
123456789
32302
123456789
32304
123456789
32306
123456789
32308
123456789
32310
123456789
32312
123456789
32314
123456789
32316
123456789
32318
123456789
32320
123456789
32322
123456789
32324
123456789
32326
123456789
32328
123456789
32330
123456789
32332
123456789
32334
123456789
32336
123456789
32338
123456789
32340
123456789
32342
123456789
32344
123456789
32346
123456789
32348
123456789
32350
123456789
32352
123456789
32354
123456789
32356
123456789
32358
123456789
32360
123456789
32362
123456789
32364
123456789
32366
123456789
32368
123456789
32370
123456789
32372
123456789
32374
123456789
32376
123456789
32378
123456789
32380
123456789
32382
123456789
32384
123456789
32386
123456789
32388
123456789
32390
123456789
32392
123456789
32394
123456789
32396
123456789
32398
123456789
32400
123456789
32402
123456789
32404
123456789
32406
123456789
32408
123456789
32410
123456789
32412
123456789
32414
123456789
32416
123456789
32418
123456789
32420
123456789
32422
123456789
32424
123456789
32426
123456789
32428
123456789
32430
123456789
32432
123456789
32434
123456789
32436
123456789
32438
123456789
32440
123456789
32442
123456789
32444
123456789
32446
123456789
32448
123456789
32450
123456789
32452
123456789
32454
123456789
32456
123456789
32458
123456789
32460
123456789
32462
123456789
32464
123456789
32466
123456789
32468
123456789
32470
123456789
32472
123456789
32474
123456789
32476
123456789
32478
123456789
32480
123456789
32482
123456789
32484
123456789
32486
123456789
32488
123456789
32490
123456789
32492
123456789
32494
123456789
32496
123456789
32498
123456789
32500
123456789
32502
123456789
32504
123456789
32506
123456789
32508
123456789
32510
123456789
32512
123456789
32514
123456789
32516
123456789
32518
123456789
32520
123456789
32522
123456789
32524
123456789
32526
123456789
32528
123456789
32530
123456789
32532
123456789
32534
123456789
32536
123456789
32538
123456789
32540
123456789
32542
123456789
32544
123456789
32546
123456789
32548
123456789
32550
123456789
32552
123456789
32554
123456789
32556
123456789
32558
123456789
32560
123456789
32562
123456789
32564
123456789
32566
123456789
32568
123456789
32570
123456789
32572
123456789
32574
123456789
32576
123456789
32578
123456789
32580
123456789
32582
123456789
32584
123456789
32586
123456789
32588
123456789
32590
123456789
32592
123456789
32594
123456789
32596
123456789
32598
123456789
32600
123456789
32602
123456789
32604
123456789
32606
123456789
32608
123456789
32610
123456789
32612
123456789
32614
123456789
32616
123456789
32618
123456789
32620
123456789
32622
123456789
32624
123456789
32626
123456789
32628
123456789
32630
123456789
32632
123456789
32634
123456789
32636
123456789
32638
123456789
32640
123456789
32642
123456789
32644
123456789
32646
123456789
32648
123456789
32650
123456789
32652
123456789
32654
123456789
32656
123456789
32658
123456789
32660
123456789
32662
123456789
32664
123456789
32666
123456789
32668
123456789
32670
123456789
32672
123456789
32674
123456789
32676
123456789
32678
123456789
32680
123456789
32682
123456789
32684
123456789
32686
123456789
32688
123456789
32690
123456789
32692
123456789
32694
123456789
32696
123456789
32698
123456789
32700
123456789
32702
123456789
32704
123456789
32706
123456789
32708
123456789
32710
123456789
32712
123456789
32714
123456789
32716
123456789
32718
123456789
32720
123456789
32722
123456789
32724
123456789
32726
123456789
32728
123456789
32730
123456789
32732
123456789
32734
123456789
32736
123456789
32738
123456789
32740
123456789
32742
123456789
32744
123456789
32746
123456789
32748
123456789
32750
123456789
32752
123456789
32754
123456789
32756
123456789
32758
123456789
32760
123456789
32762
123456789
32764
123456789
32766
123456789
32768
123456789
32770
123456789
32772
123456789
32774
123456789
32776
123456789
32778
123456789
32780
123456789
32782
123456789
32784
123456789
32786
123456789
32788
123456789
32790
123456789
32792
123456789
32794
123456789
32796
123456789
32798
123456789
32800
123456789
32802
123456789
32804
123456789
32806
123456789
32808
123456789
32810
123456789
32812
123456789
32814
123456789
32816
123456789
32818
123456789
32820
123456789
32822
123456789
32824
123456789
32826
123456789
32828
123456789
32830
123456789
32832
123456789
32834
123456789
32836
123456789
32838
123456789
32840
123456789
32842
123456789
32844
123456789
32846
123456789
32848
123456789
32850
123456789
32852
123456789
32854
123456789
32856
123456789
32858
123456789
32860
123456789
32862
123456789
32864
123456789
32866
123456789
32868
123456789
32870
123456789
32872
123456789
32874
123456789
32876
123456789
32878
123456789
32880
123456789
32882
123456789
32884
123456789
32886
123456789
32888
123456789
32890
123456789
32892
123456789
32894
123456789
32896
123456789
32898
123456789
32900
123456789
32902
123456789
32904
123456789
32906
123456789
32908
123456789
32910
123456789
32912
123456789
32914
123456789
32916
123456789
32918
123456789
32920
123456789
32922
123456789
32924
123456789
32926
123456789
32928
123456789
32930
123456789
32932
123456789
32934
123456789
32936
123456789
32938
123456789
32940
123456789
32942
123456789
32944
123456789
32946
123456789
32948
123456789
32950
123456789
32952
123456789
32954
123456789
32956
123456789
32958
123456789
32960
123456789
32962
123456789
32964
123456789
32966
123456789
32968
123456789
32970
123456789
32972
123456789
32974
123456789
32976
123456789
32978
123456789
32980
123456789
32982
123456789
32984
123456789
32986
123456789
32988
123456789
32990
123456789
32992
123456789
32994
123456789
32996
123456789
32998
123456789
33000
123456789
33002
123456789
33004
123456789
33006
123456789
33008
123456789
33010
123456789
33012
123456789
33014
123456789
33016
123456789
33018
123456789
33020
123456789
33022
123456789
33024
123456789
33026
123456789
33028
123456789
33030
123456789
33032
123456789
33034
123456789
33036
123456789
33038
123456789
33040
123456789
33042
123456789
33044
123456789
33046
123456789
33048
123456789
33050
123456789
33052
123456789
33054
123456789
33056
123456789
33058
123456789
33060
123456789
33062
123456789
33064
123456789
33066
123456789
33068
123456789
33070
123456789
33072
123456789
33074
123456789
33076
123456789
33078
123456789
33080
123456789
33082
123456789
33084
123456789
33086
123456789
33088
123456789
33090
123456789
33092
123456789
33094
123456789
33096
123456789
33098
123456789
33100
123456789
33102
123456789
33104
123456789
33106
123456789
33108
123456789
33110
123456789
33112
123456789
33114
123456789
33116
123456789
33118
123456789
33120
123456789
33122
123456789
33124
123456789
33126
123456789
33128
123456789
33130
123456789
33132
123456789
33134
123456789
33136
123456789
33138
123456789
33140
123456789
33142
123456789
33144
123456789
33146
123456789
33148
123456789
33150
123456789
33152
123456789
33154
123456789
33156
123456789
33158
123456789
33160
123456789
33162
123456789
33164
123456789
33166
123456789
33168
123456789
33170
123456789
33172
123456789
33174
123456789
33176
123456789
33178
123456789
33180
123456789
33182
123456789
33184
123456789
33186
123456789
33188
123456789
33190
123456789
33192
123456789
33194
123456789
33196
123456789
33198
123456789
33200
123456789
33202
123456789
33204
123456789
33206
123456789
33208
123456789
33210
123456789
33212
123456789
33214
123456789
33216
123456789
33218
123456789
33220
123456789
33222
123456789
33224
123456789
33226
123456789
33228
123456789
33230
123456789
33232
123456789
33234
123456789
33236
123456789
33238
123456789
33240
123456789
33242
123456789
33244
123456789
33246
123456789
33248
123456789
33250
123456789
33252
123456789
33254
123456789
33256
123456789
33258
123456789
33260
123456789
33262
123456789
33264
123456789
33266
123456789
33268
123456789
33270
123456789
33272
123456789
33274
123456789
33276
123456789
33278
123456789
33280
123456789
33282
123456789
33284
123456789
33286
123456789
33288
123456789
33290
123456789
33292
123456789
33294
123456789
33296
123456789
33298
123456789
33300
123456789
33302
123456789
33304
123456789
33306
123456789
33308
123456789
33310
123456789
33312
123456789
33314
123456789
33316
123456789
33318
123456789
33320
123456789
33322
123456789
33324
123456789
33326
123456789
33328
123456789
33330
123456789
33332
123456789
33334
123456789
33336
123456789
33338
123456789
33340
123456789
33342
123456789
33344
123456789
33346
123456789
33348
123456789
33350
123456789
33352
123456789
33354
123456789
33356
123456789
33358
123456789
33360
123456789
33362
123456789
33364
123456789
33366
123456789
33368
123456789
33370
123456789
33372
123456789
33374
123456789
33376
123456789
33378
123456789
33380
123456789
33382
123456789
33384
123456789
33386
123456789
33388
123456789
33390
123456789
33392
123456789
33394
123456789
33396
123456789
33398
123456789
33400
123456789
33402
123456789
33404
123456789
33406
123456789
33408
123456789
33410
123456789
33412
123456789
33414
123456789
33416
123456789
33418
123456789
33420
123456789
33422
123456789
33424
123456789
33426
123456789
33428
123456789
33430
123456789
33432
123456789
33434
123456789
33436
123456789
33438
123456789
33440
123456789
33442
123456789
33444
123456789
33446
123456789
33448
123456789
33450
123456789
33452
123456789
33454
123456789
33456
123456789
33458
123456789
33460
123456789
33462
123456789
33464
123456789
33466
123456789
33468
123456789
33470
123456789
33472
123456789
33474
123456789
33476
123456789
33478
123456789
33480
123456789
33482
123456789
33484
123456789
33486
123456789
33488
123456789
33490
123456789
33492
123456789
33494
123456789
33496
123456789
33498
123456789
33500
123456789
33502
123456789
33504
123456789
33506
123456789
33508
123456789
33510
123456789
33512
123456789
33514
123456789
33516
123456789
33518
123456789
33520
123456789
33522
123456789
33524
123456789
33526
123456789
33528
123456789
33530
123456789
33532
123456789
33534
123456789
33536
123456789
33538
123456789
33540
123456789
33542
123456789
33544
123456789
33546
123456789
33548
123456789
33550
123456789
33552
123456789
33554
123456789
33556
123456789
33558
123456789
33560
123456789
33562
123456789
33564
123456789
33566
123456789
33568
123456789
33570
123456789
33572
123456789
33574
123456789
33576
123456789
33578
123456789
33580
123456789
33582
123456789
33584
123456789
33586
123456789
33588
123456789
33590
123456789
33592
123456789
33594
123456789
33596
123456789
33598
123456789
33600
123456789
33602
123456789
33604
123456789
33606
123456789
33608
123456789
33610
123456789
33612
123456789
33614
123456789
33616
123456789
33618
123456789
33620
123456789
33622
123456789
33624
123456789
33626
123456789
33628
123456789
33630
123456789
33632
123456789
33634
123456789
33636
123456789
33638
123456789
33640
123456789
33642
123456789
33644
123456789
33646
123456789
33648
123456789
33650
123456789
33652
123456789
33654
123456789
33656
123456789
33658
123456789
33660
123456789
33662
123456789
33664
123456789
33666
123456789
33668
123456789
33670
123456789
33672
123456789
33674
123456789
33676
123456789
33678
123456789
33680
123456789
33682
123456789
33684
123456789
33686
123456789
33688
123456789
33690
123456789
33692
123456789
33694
123456789
33696
123456789
33698
123456789
33700
123456789
33702
123456789
33704
123456789
33706
123456789
33708
123456789
33710
123456789
33712
123456789
33714
123456789
33716
123456789
33718
123456789
33720
123456789
33722
123456789
33724
123456789
33726
123456789
33728
123456789
33730
123456789
33732
123456789
33734
123456789
33736
123456789
33738
123456789
33740
123456789
33742
123456789
33744
123456789
33746
123456789
33748
123456789
33750
123456789
33752
123456789
33754
123456789
33756
123456789
33758
123456789
33760
123456789
33762
123456789
33764
123456789
33766
123456789
33768
123456789
33770
123456789
33772
123456789
33774
123456789
33776
123456789
33778
123456789
33780
123456789
33782
123456789
33784
123456789
33786
123456789
33788
123456789
33790
123456789
33792
123456789
33794
123456789
33796
123456789
33798
123456789
33800
123456789
33802
123456789
33804
123456789
33806
123456789
33808
123456789
33810
123456789
33812
123456789
33814
123456789
33816
123456789
33818
123456789
33820
123456789
33822
123456789
33824
123456789
33826
123456789
33828
123456789
33830
123456789
33832
123456789
33834
123456789
33836
123456789
33838
123456789
33840
123456789
33842
123456789
33844
123456789
33846
123456789
33848
123456789
33850
123456789
33852
123456789
33854
123456789
33856
123456789
33858
123456789
33860
123456789
33862
123456789
33864
123456789
33866
123456789
33868
123456789
33870
123456789
33872
123456789
33874
123456789
33876
123456789
33878
123456789
33880
123456789
33882
123456789
33884
123456789
33886
123456789
33888
123456789
33890
123456789
33892
123456789
33894
123456789
33896
123456789
33898
123456789
33900
123456789
33902
123456789
33904
123456789
33906
123456789
33908
123456789
33910
123456789
33912
123456789
33914
123456789
33916
123456789
33918
123456789
33920
123456789
33922
123456789
33924
123456789
33926
123456789
33928
123456789
33930
123456789
33932
123456789
33934
123456789
33936
123456789
33938
123456789
33940
123456789
33942
123456789
33944
123456789
33946
123456789
33948
123456789
33950
123456789
33952
123456789
33954
123456789
33956
123456789
33958
123456789
33960
123456789
33962
123456789
33964
123456789
33966
123456789
33968
123456789
33970
123456789
33972
123456789
33974
123456789
33976
123456789
33978
123456789
33980
123456789
33982
123456789
33984
123456789
33986
123456789
33988
123456789
33990
123456789
33992
123456789
33994
123456789
33996
123456789
33998
123456789
34000
123456789
34002
123456789
34004
123456789
34006
123456789
34008
123456789
34010
123456789
34012
123456789
34014
123456789
34016
123456789
34018
123456789
34020
123456789
34022
123456789
34024
123456789
34026
123456789
34028
123456789
34030
123456789
34032
123456789
34034
123456789
34036
123456789
34038
123456789
34040
123456789
34042
123456789
34044
123456789
34046
123456789
34048
123456789
34050
123456789
34052
123456789
34054
123456789
34056
123456789
34058
123456789
34060
123456789
34062
123456789
34064
123456789
34066
123456789
34068
123456789
34070
123456789
34072
123456789
34074
123456789
34076
123456789
34078
123456789
34080
123456789
34082
123456789
34084
123456789
34086
123456789
34088
123456789
34090
123456789
34092
123456789
34094
123456789
34096
123456789
34098
123456789
34100
123456789
34102
123456789
34104
123456789
34106
123456789
34108
123456789
34110
123456789
34112
123456789
34114
123456789
34116
123456789
34118
123456789
34120
123456789
34122
123456789
34124
123456789
34126
123456789
34128
123456789
34130
123456789
34132
123456789
34134
123456789
34136
123456789
34138
123456789
34140
123456789
34142
123456789
34144
123456789
34146
123456789
34148
123456789
34150
123456789
34152
123456789
34154
123456789
34156
123456789
34158
123456789
34160
123456789
34162
123456789
34164
123456789
34166
123456789
34168
123456789
34170
123456789
34172
123456789
34174
123456789
34176
123456789
34178
123456789
34180
123456789
34182
123456789
34184
123456789
34186
123456789
34188
123456789
34190
123456789
34192
123456789
34194
123456789
34196
123456789
34198
123456789
34200
123456789
34202
123456789
34204
123456789
34206
123456789
34208
123456789
34210
123456789
34212
123456789
34214
123456789
34216
123456789
34218
123456789
34220
123456789
34222
123456789
34224
123456789
34226
123456789
34228
123456789
34230
123456789
34232
123456789
34234
123456789
34236
123456789
34238
123456789
34240
123456789
34242
123456789
34244
123456789
34246
123456789
34248
123456789
34250
123456789
34252
123456789
34254
123456789
34256
123456789
34258
123456789
34260
123456789
34262
123456789
34264
123456789
34266
123456789
34268
123456789
34270
123456789
34272
123456789
34274
123456789
34276
123456789
34278
123456789
34280
123456789
34282
123456789
34284
123456789
34286
123456789
34288
123456789
34290
123456789
34292
123456789
34294
123456789
34296
123456789
34298
123456789
34300
123456789
34302
123456789
34304
123456789
34306
123456789
34308
123456789
34310
123456789
34312
123456789
34314
123456789
34316
123456789
34318
123456789
34320
123456789
34322
123456789
34324
123456789
34326
123456789
34328
123456789
34330
123456789
34332
123456789
34334
123456789
34336
123456789
34338
123456789
34340
123456789
34342
123456789
34344
123456789
34346
123456789
34348
123456789
34350
123456789
34352
123456789
34354
123456789
34356
123456789
34358
123456789
34360
123456789
34362
123456789
34364
123456789
34366
123456789
34368
123456789
34370
123456789
34372
123456789
34374
123456789
34376
123456789
34378
123456789
34380
123456789
34382
123456789
34384
123456789
34386
123456789
34388
123456789
34390
123456789
34392
123456789
34394
123456789
34396
123456789
34398
123456789
34400
123456789
34402
123456789
34404
123456789
34406
123456789
34408
123456789
34410
123456789
34412
123456789
34414
123456789
34416
123456789
34418
123456789
34420
123456789
34422
123456789
34424
123456789
34426
123456789
34428
123456789
34430
123456789
34432
123456789
34434
123456789
34436
123456789
34438
123456789
34440
123456789
34442
123456789
34444
123456789
34446
123456789
34448
123456789
34450
123456789
34452
123456789
34454
123456789
34456
123456789
34458
123456789
34460
123456789
34462
123456789
34464
123456789
34466
123456789
34468
123456789
34470
123456789
34472
123456789
34474
123456789
34476
123456789
34478
123456789
34480
123456789
34482
123456789
34484
123456789
34486
123456789
34488
123456789
34490
123456789
34492
123456789
34494
123456789
34496
123456789
34498
123456789
34500
123456789
34502
123456789
34504
123456789
34506
123456789
34508
123456789
34510
123456789
34512
123456789
34514
123456789
34516
123456789
34518
123456789
34520
123456789
34522
123456789
34524
123456789
34526
123456789
34528
123456789
34530
123456789
34532
123456789
34534
123456789
34536
123456789
34538
123456789
34540
123456789
34542
123456789
34544
123456789
34546
123456789
34548
123456789
34550
123456789
34552
123456789
34554
123456789
34556
123456789
34558
123456789
34560
123456789
34562
123456789
34564
123456789
34566
123456789
34568
123456789
34570
123456789
34572
123456789
34574
123456789
34576
123456789
34578
123456789
34580
123456789
34582
123456789
34584
123456789
34586
123456789
34588
123456789
34590
123456789
34592
123456789
34594
123456789
34596
123456789
34598
123456789
34600
123456789
34602
123456789
34604
123456789
34606
123456789
34608
123456789
34610
123456789
34612
123456789
34614
123456789
34616
123456789
34618
123456789
34620
123456789
34622
123456789
34624
123456789
34626
123456789
34628
123456789
34630
123456789
34632
123456789
34634
123456789
34636
123456789
34638
123456789
34640
123456789
34642
123456789
34644
123456789
34646
123456789
34648
123456789
34650
123456789
34652
123456789
34654
123456789
34656
123456789
34658
123456789
34660
123456789
34662
123456789
34664
123456789
34666
123456789
34668
123456789
34670
123456789
34672
123456789
34674
123456789
34676
123456789
34678
123456789
34680
123456789
34682
123456789
34684
123456789
34686
123456789
34688
123456789
34690
123456789
34692
123456789
34694
123456789
34696
123456789
34698
123456789
34700
123456789
34702
123456789
34704
123456789
34706
123456789
34708
123456789
34710
123456789
34712
123456789
34714
123456789
34716
123456789
34718
123456789
34720
123456789
34722
123456789
34724
123456789
34726
123456789
34728
123456789
34730
123456789
34732
123456789
34734
123456789
34736
123456789
34738
123456789
34740
123456789
34742
123456789
34744
123456789
34746
123456789
34748
123456789
34750
123456789
34752
123456789
34754
123456789
34756
123456789
34758
123456789
34760
123456789
34762
123456789
34764
123456789
34766
123456789
34768
123456789
34770
123456789
34772
123456789
34774
123456789
34776
123456789
34778
123456789
34780
123456789
34782
123456789
34784
123456789
34786
123456789
34788
123456789
34790
123456789
34792
123456789
34794
123456789
34796
123456789
34798
123456789
34800
123456789
34802
123456789
34804
123456789
34806
123456789
34808
123456789
34810
123456789
34812
123456789
34814
123456789
34816
123456789
34818
123456789
34820
123456789
34822
123456789
34824
123456789
34826
123456789
34828
123456789
34830
123456789
34832
123456789
34834
123456789
34836
123456789
34838
123456789
34840
123456789
34842
123456789
34844
123456789
34846
123456789
34848
123456789
34850
123456789
34852
123456789
34854
123456789
34856
123456789
34858
123456789
34860
123456789
34862
123456789
34864
123456789
34866
123456789
34868
123456789
34870
123456789
34872
123456789
34874
123456789
34876
123456789
34878
123456789
34880
123456789
34882
123456789
34884
123456789
34886
123456789
34888
123456789
34890
123456789
34892
123456789
34894
123456789
34896
123456789
34898
123456789
34900
123456789
34902
123456789
34904
123456789
34906
123456789
34908
123456789
34910
123456789
34912
123456789
34914
123456789
34916
123456789
34918
123456789
34920
123456789
34922
123456789
34924
123456789
34926
123456789
34928
123456789
34930
123456789
34932
123456789
34934
123456789
34936
123456789
34938
123456789
34940
123456789
34942
123456789
34944
123456789
34946
123456789
34948
123456789
34950
123456789
34952
123456789
34954
123456789
34956
123456789
34958
123456789
34960
123456789
34962
123456789
34964
123456789
34966
123456789
34968
123456789
34970
123456789
34972
123456789
34974
123456789
34976
123456789
34978
123456789
34980
123456789
34982
123456789
34984
123456789
34986
123456789
34988
123456789
34990
123456789
34992
123456789
34994
123456789
34996
123456789
34998
123456789
35000
123456789
35002
123456789
35004
123456789
35006
123456789
35008
123456789
35010
123456789
35012
123456789
35014
123456789
35016
123456789
35018
123456789
35020
123456789
35022
123456789
35024
123456789
35026
123456789
35028
123456789
35030
123456789
35032
123456789
35034
123456789
35036
123456789
35038
123456789
35040
123456789
35042
123456789
35044
123456789
35046
123456789
35048
123456789
35050
123456789
35052
123456789
35054
123456789
35056
123456789
35058
123456789
35060
123456789
35062
123456789
35064
123456789
35066
123456789
35068
123456789
35070
123456789
35072
123456789
35074
123456789
35076
123456789
35078
123456789
35080
123456789
35082
123456789
35084
123456789
35086
123456789
35088
123456789
35090
123456789
35092
123456789
35094
123456789
35096
123456789
35098
123456789
35100
123456789
35102
123456789
35104
123456789
35106
123456789
35108
123456789
35110
123456789
35112
123456789
35114
123456789
35116
123456789
35118
123456789
35120
123456789
35122
123456789
35124
123456789
35126
123456789
35128
123456789
35130
123456789
35132
123456789
35134
123456789
35136
123456789
35138
123456789
35140
123456789
35142
123456789
35144
123456789
35146
123456789
35148
123456789
35150
123456789
35152
123456789
35154
123456789
35156
123456789
35158
123456789
35160
123456789
35162
123456789
35164
123456789
35166
123456789
35168
123456789
35170
123456789
35172
123456789
35174
123456789
35176
123456789
35178
123456789
35180
123456789
35182
123456789
35184
123456789
35186
123456789
35188
123456789
35190
123456789
35192
123456789
35194
123456789
35196
123456789
35198
123456789
35200
123456789
35202
123456789
35204
123456789
35206
123456789
35208
123456789
35210
123456789
35212
123456789
35214
123456789
35216
123456789
35218
123456789
35220
123456789
35222
123456789
35224
123456789
35226
123456789
35228
123456789
35230
123456789
35232
123456789
35234
123456789
35236
123456789
35238
123456789
35240
123456789
35242
123456789
35244
123456789
35246
123456789
35248
123456789
35250
123456789
35252
123456789
35254
123456789
35256
123456789
35258
123456789
35260
123456789
35262
123456789
35264
123456789
35266
123456789
35268
123456789
35270
123456789
35272
123456789
35274
123456789
35276
123456789
35278
123456789
35280
123456789
35282
123456789
35284
123456789
35286
123456789
35288
123456789
35290
123456789
35292
123456789
35294
123456789
35296
123456789
35298
123456789
35300
123456789
35302
123456789
35304
123456789
35306
123456789
35308
123456789
35310
123456789
35312
123456789
35314
123456789
35316
123456789
35318
123456789
35320
123456789
35322
123456789
35324
123456789
35326
123456789
35328
123456789
35330
123456789
35332
123456789
35334
123456789
35336
123456789
35338
123456789
35340
123456789
35342
123456789
35344
123456789
35346
123456789
35348
123456789
35350
123456789
35352
123456789
35354
123456789
35356
123456789
35358
123456789
35360
123456789
35362
123456789
35364
123456789
35366
123456789
35368
123456789
35370
123456789
35372
123456789
35374
123456789
35376
123456789
35378
123456789
35380
123456789
35382
123456789
35384
123456789
35386
123456789
35388
123456789
35390
123456789
35392
123456789
35394
123456789
35396
123456789
35398
123456789
35400
123456789
35402
123456789
35404
123456789
35406
123456789
35408
123456789
35410
123456789
35412
123456789
35414
123456789
35416
123456789
35418
123456789
35420
123456789
35422
123456789
35424
123456789
35426
123456789
35428
123456789
35430
123456789
35432
123456789
35434
123456789
35436
123456789
35438
123456789
35440
123456789
35442
123456789
35444
123456789
35446
123456789
35448
123456789
35450
123456789
35452
123456789
35454
123456789
35456
123456789
35458
123456789
35460
123456789
35462
123456789
35464
123456789
35466
123456789
35468
123456789
35470
123456789
35472
123456789
35474
123456789
35476
123456789
35478
123456789
35480
123456789
35482
123456789
35484
123456789
35486
123456789
35488
123456789
35490
123456789
35492
123456789
35494
123456789
35496
123456789
35498
123456789
35500
123456789
35502
123456789
35504
123456789
35506
123456789
35508
123456789
35510
123456789
35512
123456789
35514
123456789
35516
123456789
35518
123456789
35520
123456789
35522
123456789
35524
123456789
35526
123456789
35528
123456789
35530
123456789
35532
123456789
35534
123456789
35536
123456789
35538
123456789
35540
123456789
35542
123456789
35544
123456789
35546
123456789
35548
123456789
35550
123456789
35552
123456789
35554
123456789
35556
123456789
35558
123456789
35560
123456789
35562
123456789
35564
123456789
35566
123456789
35568
123456789
35570
123456789
35572
123456789
35574
123456789
35576
123456789
35578
123456789
35580
123456789
35582
123456789
35584
123456789
35586
123456789
35588
123456789
35590
123456789
35592
123456789
35594
123456789
35596
123456789
35598
123456789
35600
123456789
35602
123456789
35604
123456789
35606
123456789
35608
123456789
35610
123456789
35612
123456789
35614
123456789
35616
123456789
35618
123456789
35620
123456789
35622
123456789
35624
123456789
35626
123456789
35628
123456789
35630
123456789
35632
123456789
35634
123456789
35636
123456789
35638
123456789
35640
123456789
35642
123456789
35644
123456789
35646
123456789
35648
123456789
35650
123456789
35652
123456789
35654
123456789
35656
123456789
35658
123456789
35660
123456789
35662
123456789
35664
123456789
35666
123456789
35668
123456789
35670
123456789
35672
123456789
35674
123456789
35676
123456789
35678
123456789
35680
123456789
35682
123456789
35684
123456789
35686
123456789
35688
123456789
35690
123456789
35692
123456789
35694
123456789
35696
123456789
35698
123456789
35700
123456789
35702
123456789
35704
123456789
35706
123456789
35708
123456789
35710
123456789
35712
123456789
35714
123456789
35716
123456789
35718
123456789
35720
123456789
35722
123456789
35724
123456789
35726
123456789
35728
123456789
35730
123456789
35732
123456789
35734
123456789
35736
123456789
35738
123456789
35740
123456789
35742
123456789
35744
123456789
35746
123456789
35748
123456789
35750
123456789
35752
123456789
35754
123456789
35756
123456789
35758
123456789
35760
123456789
35762
123456789
35764
123456789
35766
123456789
35768
123456789
35770
123456789
35772
123456789
35774
123456789
35776
123456789
35778
123456789
35780
123456789
35782
123456789
35784
123456789
35786
123456789
35788
123456789
35790
123456789
35792
123456789
35794
123456789
35796
123456789
35798
123456789
35800
123456789
35802
123456789
35804
123456789
35806
123456789
35808
123456789
35810
123456789
35812
123456789
35814
123456789
35816
123456789
35818
123456789
35820
123456789
35822
123456789
35824
123456789
35826
123456789
35828
123456789
35830
123456789
35832
123456789
35834
123456789
35836
123456789
35838
123456789
35840
123456789
35842
123456789
35844
123456789
35846
123456789
35848
123456789
35850
123456789
35852
123456789
35854
123456789
35856
123456789
35858
123456789
35860
123456789
35862
123456789
35864
123456789
35866
123456789
35868
123456789
35870
123456789
35872
123456789
35874
123456789
35876
123456789
35878
123456789
35880
123456789
35882
123456789
35884
123456789
35886
123456789
35888
123456789
35890
123456789
35892
123456789
35894
123456789
35896
123456789
35898
123456789
35900
123456789
35902
123456789
35904
123456789
35906
123456789
35908
123456789
35910
123456789
35912
123456789
35914
123456789
35916
123456789
35918
123456789
35920
123456789
35922
123456789
35924
123456789
35926
123456789
35928
123456789
35930
123456789
35932
123456789
35934
123456789
35936
123456789
35938
123456789
35940
123456789
35942
123456789
35944
123456789
35946
123456789
35948
123456789
35950
123456789
35952
123456789
35954
123456789
35956
123456789
35958
123456789
35960
123456789
35962
123456789
35964
123456789
35966
123456789
35968
123456789
35970
123456789
35972
123456789
35974
123456789
35976
123456789
35978
123456789
35980
123456789
35982
123456789
35984
123456789
35986
123456789
35988
123456789
35990
123456789
35992
123456789
35994
123456789
35996
123456789
35998
123456789
36000
123456789
36002
123456789
36004
123456789
36006
123456789
36008
123456789
36010
123456789
36012
123456789
36014
123456789
36016
123456789
36018
123456789
36020
123456789
36022
123456789
36024
123456789
36026
123456789
36028
123456789
36030
123456789
36032
123456789
36034
123456789
36036
123456789
36038
123456789
36040
123456789
36042
123456789
36044
123456789
36046
123456789
36048
123456789
36050
123456789
36052
123456789
36054
123456789
36056
123456789
36058
123456789
36060
123456789
36062
123456789
36064
123456789
36066
123456789
36068
123456789
36070
123456789
36072
123456789
36074
123456789
36076
123456789
36078
123456789
36080
123456789
36082
123456789
36084
123456789
36086
123456789
36088
123456789
36090
123456789
36092
123456789
36094
123456789
36096
123456789
36098
123456789
36100
123456789
36102
123456789
36104
123456789
36106
123456789
36108
123456789
36110
123456789
36112
123456789
36114
123456789
36116
123456789
36118
123456789
36120
123456789
36122
123456789
36124
123456789
36126
123456789
36128
123456789
36130
123456789
36132
123456789
36134
123456789
36136
123456789
36138
123456789
36140
123456789
36142
123456789
36144
123456789
36146
123456789
36148
123456789
36150
123456789
36152
123456789
36154
123456789
36156
123456789
36158
123456789
36160
123456789
36162
123456789
36164
123456789
36166
123456789
36168
123456789
36170
123456789
36172
123456789
36174
123456789
36176
123456789
36178
123456789
36180
123456789
36182
123456789
36184
123456789
36186
123456789
36188
123456789
36190
123456789
36192
123456789
36194
123456789
36196
123456789
36198
123456789
36200
123456789
36202
123456789
36204
123456789
36206
123456789
36208
123456789
36210
123456789
36212
123456789
36214
123456789
36216
123456789
36218
123456789
36220
123456789
36222
123456789
36224
123456789
36226
123456789
36228
123456789
36230
123456789
36232
123456789
36234
123456789
36236
123456789
36238
123456789
36240
123456789
36242
123456789
36244
123456789
36246
123456789
36248
123456789
36250
123456789
36252
123456789
36254
123456789
36256
123456789
36258
123456789
36260
123456789
36262
123456789
36264
123456789
36266
123456789
36268
123456789
36270
123456789
36272
123456789
36274
123456789
36276
123456789
36278
123456789
36280
123456789
36282
123456789
36284
123456789
36286
123456789
36288
123456789
36290
123456789
36292
123456789
36294
123456789
36296
123456789
36298
123456789
36300
123456789
36302
123456789
36304
123456789
36306
123456789
36308
123456789
36310
123456789
36312
123456789
36314
123456789
36316
123456789
36318
123456789
36320
123456789
36322
123456789
36324
123456789
36326
123456789
36328
123456789
36330
123456789
36332
123456789
36334
123456789
36336
123456789
36338
123456789
36340
123456789
36342
123456789
36344
123456789
36346
123456789
36348
123456789
36350
123456789
36352
123456789
36354
123456789
36356
123456789
36358
123456789
36360
123456789
36362
123456789
36364
123456789
36366
123456789
36368
123456789
36370
123456789
36372
123456789
36374
123456789
36376
123456789
36378
123456789
36380
123456789
36382
123456789
36384
123456789
36386
123456789
36388
123456789
36390
123456789
36392
123456789
36394
123456789
36396
123456789
36398
123456789
36400
123456789
36402
123456789
36404
123456789
36406
123456789
36408
123456789
36410
123456789
36412
123456789
36414
123456789
36416
123456789
36418
123456789
36420
123456789
36422
123456789
36424
123456789
36426
123456789
36428
123456789
36430
123456789
36432
123456789
36434
123456789
36436
123456789
36438
123456789
36440
123456789
36442
123456789
36444
123456789
36446
123456789
36448
123456789
36450
123456789
36452
123456789
36454
123456789
36456
123456789
36458
123456789
36460
123456789
36462
123456789
36464
123456789
36466
123456789
36468
123456789
36470
123456789
36472
123456789
36474
123456789
36476
123456789
36478
123456789
36480
123456789
36482
123456789
36484
123456789
36486
123456789
36488
123456789
36490
123456789
36492
123456789
36494
123456789
36496
123456789
36498
123456789
36500
123456789
36502
123456789
36504
123456789
36506
123456789
36508
123456789
36510
123456789
36512
123456789
36514
123456789
36516
123456789
36518
123456789
36520
123456789
36522
123456789
36524
123456789
36526
123456789
36528
123456789
36530
123456789
36532
123456789
36534
123456789
36536
123456789
36538
123456789
36540
123456789
36542
123456789
36544
123456789
36546
123456789
36548
123456789
36550
123456789
36552
123456789
36554
123456789
36556
123456789
36558
123456789
36560
123456789
36562
123456789
36564
123456789
36566
123456789
36568
123456789
36570
123456789
36572
123456789
36574
123456789
36576
123456789
36578
123456789
36580
123456789
36582
123456789
36584
123456789
36586
123456789
36588
123456789
36590
123456789
36592
123456789
36594
123456789
36596
123456789
36598
123456789
36600
123456789
36602
123456789
36604
123456789
36606
123456789
36608
123456789
36610
123456789
36612
123456789
36614
123456789
36616
123456789
36618
123456789
36620
123456789
36622
123456789
36624
123456789
36626
123456789
36628
123456789
36630
123456789
36632
123456789
36634
123456789
36636
123456789
36638
123456789
36640
123456789
36642
123456789
36644
123456789
36646
123456789
36648
123456789
36650
123456789
36652
123456789
36654
123456789
36656
123456789
36658
123456789
36660
123456789
36662
123456789
36664
123456789
36666
123456789
36668
123456789
36670
123456789
36672
123456789
36674
123456789
36676
123456789
36678
123456789
36680
123456789
36682
123456789
36684
123456789
36686
123456789
36688
123456789
36690
123456789
36692
123456789
36694
123456789
36696
123456789
36698
123456789
36700
123456789
36702
123456789
36704
123456789
36706
123456789
36708
123456789
36710
123456789
36712
123456789
36714
123456789
36716
123456789
36718
123456789
36720
123456789
36722
123456789
36724
123456789
36726
123456789
36728
123456789
36730
123456789
36732
123456789
36734
123456789
36736
123456789
36738
123456789
36740
123456789
36742
123456789
36744
123456789
36746
123456789
36748
123456789
36750
123456789
36752
123456789
36754
123456789
36756
123456789
36758
123456789
36760
123456789
36762
123456789
36764
123456789
36766
123456789
36768
123456789
36770
123456789
36772
123456789
36774
123456789
36776
123456789
36778
123456789
36780
123456789
36782
123456789
36784
123456789
36786
123456789
36788
123456789
36790
123456789
36792
123456789
36794
123456789
36796
123456789
36798
123456789
36800
123456789
36802
123456789
36804
123456789
36806
123456789
36808
123456789
36810
123456789
36812
123456789
36814
123456789
36816
123456789
36818
123456789
36820
123456789
36822
123456789
36824
123456789
36826
123456789
36828
123456789
36830
123456789
36832
123456789
36834
123456789
36836
123456789
36838
123456789
36840
123456789
36842
123456789
36844
123456789
36846
123456789
36848
123456789
36850
123456789
36852
123456789
36854
123456789
36856
123456789
36858
123456789
36860
123456789
36862
123456789
36864
123456789
36866
123456789
36868
123456789
36870
123456789
36872
123456789
36874
123456789
36876
123456789
36878
123456789
36880
123456789
36882
123456789
36884
123456789
36886
123456789
36888
123456789
36890
123456789
36892
123456789
36894
123456789
36896
123456789
36898
123456789
36900
123456789
36902
123456789
36904
123456789
36906
123456789
36908
123456789
36910
123456789
36912
123456789
36914
123456789
36916
123456789
36918
123456789
36920
123456789
36922
123456789
36924
123456789
36926
123456789
36928
123456789
36930
123456789
36932
123456789
36934
123456789
36936
123456789
36938
123456789
36940
123456789
36942
123456789
36944
123456789
36946
123456789
36948
123456789
36950
123456789
36952
123456789
36954
123456789
36956
123456789
36958
123456789
36960
123456789
36962
123456789
36964
123456789
36966
123456789
36968
123456789
36970
123456789
36972
123456789
36974
123456789
36976
123456789
36978
123456789
36980
123456789
36982
123456789
36984
123456789
36986
123456789
36988
123456789
36990
123456789
36992
123456789
36994
123456789
36996
123456789
36998
123456789
37000
123456789
37002
123456789
37004
123456789
37006
123456789
37008
123456789
37010
123456789
37012
123456789
37014
123456789
37016
123456789
37018
123456789
37020
123456789
37022
123456789
37024
123456789
37026
123456789
37028
123456789
37030
123456789
37032
123456789
37034
123456789
37036
123456789
37038
123456789
37040
123456789
37042
123456789
37044
123456789
37046
123456789
37048
123456789
37050
123456789
37052
123456789
37054
123456789
37056
123456789
37058
123456789
37060
123456789
37062
123456789
37064
123456789
37066
123456789
37068
123456789
37070
123456789
37072
123456789
37074
123456789
37076
123456789
37078
123456789
37080
123456789
37082
123456789
37084
123456789
37086
123456789
37088
123456789
37090
123456789
37092
123456789
37094
123456789
37096
123456789
37098
123456789
37100
123456789
37102
123456789
37104
123456789
37106
123456789
37108
123456789
37110
123456789
37112
123456789
37114
123456789
37116
123456789
37118
123456789
37120
123456789
37122
123456789
37124
123456789
37126
123456789
37128
123456789
37130
123456789
37132
123456789
37134
123456789
37136
123456789
37138
123456789
37140
123456789
37142
123456789
37144
123456789
37146
123456789
37148
123456789
37150
123456789
37152
123456789
37154
123456789
37156
123456789
37158
123456789
37160
123456789
37162
123456789
37164
123456789
37166
123456789
37168
123456789
37170
123456789
37172
123456789
37174
123456789
37176
123456789
37178
123456789
37180
123456789
37182
123456789
37184
123456789
37186
123456789
37188
123456789
37190
123456789
37192
123456789
37194
123456789
37196
123456789
37198
123456789
37200
123456789
37202
123456789
37204
123456789
37206
123456789
37208
123456789
37210
123456789
37212
123456789
37214
123456789
37216
123456789
37218
123456789
37220
123456789
37222
123456789
37224
123456789
37226
123456789
37228
123456789
37230
123456789
37232
123456789
37234
123456789
37236
123456789
37238
123456789
37240
123456789
37242
123456789
37244
123456789
37246
123456789
37248
123456789
37250
123456789
37252
123456789
37254
123456789
37256
123456789
37258
123456789
37260
123456789
37262
123456789
37264
123456789
37266
123456789
37268
123456789
37270
123456789
37272
123456789
37274
123456789
37276
123456789
37278
123456789
37280
123456789
37282
123456789
37284
123456789
37286
123456789
37288
123456789
37290
123456789
37292
123456789
37294
123456789
37296
123456789
37298
123456789
37300
123456789
37302
123456789
37304
123456789
37306
123456789
37308
123456789
37310
123456789
37312
123456789
37314
123456789
37316
123456789
37318
123456789
37320
123456789
37322
123456789
37324
123456789
37326
123456789
37328
123456789
37330
123456789
37332
123456789
37334
123456789
37336
123456789
37338
123456789
37340
123456789
37342
123456789
37344
123456789
37346
123456789
37348
123456789
37350
123456789
37352
123456789
37354
123456789
37356
123456789
37358
123456789
37360
123456789
37362
123456789
37364
123456789
37366
123456789
37368
123456789
37370
123456789
37372
123456789
37374
123456789
37376
123456789
37378
123456789
37380
123456789
37382
123456789
37384
123456789
37386
123456789
37388
123456789
37390
123456789
37392
123456789
37394
123456789
37396
123456789
37398
123456789
37400
123456789
37402
123456789
37404
123456789
37406
123456789
37408
123456789
37410
123456789
37412
123456789
37414
123456789
37416
123456789
37418
123456789
37420
123456789
37422
123456789
37424
123456789
37426
123456789
37428
123456789
37430
123456789
37432
123456789
37434
123456789
37436
123456789
37438
123456789
37440
123456789
37442
123456789
37444
123456789
37446
123456789
37448
123456789
37450
123456789
37452
123456789
37454
123456789
37456
123456789
37458
123456789
37460
123456789
37462
123456789
37464
123456789
37466
123456789
37468
123456789
37470
123456789
37472
123456789
37474
123456789
37476
123456789
37478
123456789
37480
123456789
37482
123456789
37484
123456789
37486
123456789
37488
123456789
37490
123456789
37492
123456789
37494
123456789
37496
123456789
37498
123456789
37500
123456789
37502
123456789
37504
123456789
37506
123456789
37508
123456789
37510
123456789
37512
123456789
37514
123456789
37516
123456789
37518
123456789
37520
123456789
37522
123456789
37524
123456789
37526
123456789
37528
123456789
37530
123456789
37532
123456789
37534
123456789
37536
123456789
37538
123456789
37540
123456789
37542
123456789
37544
123456789
37546
123456789
37548
123456789
37550
123456789
37552
123456789
37554
123456789
37556
123456789
37558
123456789
37560
123456789
37562
123456789
37564
123456789
37566
123456789
37568
123456789
37570
123456789
37572
123456789
37574
123456789
37576
123456789
37578
123456789
37580
123456789
37582
123456789
37584
123456789
37586
123456789
37588
123456789
37590
123456789
37592
123456789
37594
123456789
37596
123456789
37598
123456789
37600
123456789
37602
123456789
37604
123456789
37606
123456789
37608
123456789
37610
123456789
37612
123456789
37614
123456789
37616
123456789
37618
123456789
37620
123456789
37622
123456789
37624
123456789
37626
123456789
37628
123456789
37630
123456789
37632
123456789
37634
123456789
37636
123456789
37638
123456789
37640
123456789
37642
123456789
37644
123456789
37646
123456789
37648
123456789
37650
123456789
37652
123456789
37654
123456789
37656
123456789
37658
123456789
37660
123456789
37662
123456789
37664
123456789
37666
123456789
37668
123456789
37670
123456789
37672
123456789
37674
123456789
37676
123456789
37678
123456789
37680
123456789
37682
123456789
37684
123456789
37686
123456789
37688
123456789
37690
123456789
37692
123456789
37694
123456789
37696
123456789
37698
123456789
37700
123456789
37702
123456789
37704
123456789
37706
123456789
37708
123456789
37710
123456789
37712
123456789
37714
123456789
37716
123456789
37718
123456789
37720
123456789
37722
123456789
37724
123456789
37726
123456789
37728
123456789
37730
123456789
37732
123456789
37734
123456789
37736
123456789
37738
123456789
37740
123456789
37742
123456789
37744
123456789
37746
123456789
37748
123456789
37750
123456789
37752
123456789
37754
123456789
37756
123456789
37758
123456789
37760
123456789
37762
123456789
37764
123456789
37766
123456789
37768
123456789
37770
123456789
37772
123456789
37774
123456789
37776
123456789
37778
123456789
37780
123456789
37782
123456789
37784
123456789
37786
123456789
37788
123456789
37790
123456789
37792
123456789
37794
123456789
37796
123456789
37798
123456789
37800
123456789
37802
123456789
37804
123456789
37806
123456789
37808
123456789
37810
123456789
37812
123456789
37814
123456789
37816
123456789
37818
123456789
37820
123456789
37822
123456789
37824
123456789
37826
123456789
37828
123456789
37830
123456789
37832
123456789
37834
123456789
37836
123456789
37838
123456789
37840
123456789
37842
123456789
37844
123456789
37846
123456789
37848
123456789
37850
123456789
37852
123456789
37854
123456789
37856
123456789
37858
123456789
37860
123456789
37862
123456789
37864
123456789
37866
123456789
37868
123456789
37870
123456789
37872
123456789
37874
123456789
37876
123456789
37878
123456789
37880
123456789
37882
123456789
37884
123456789
37886
123456789
37888
123456789
37890
123456789
37892
123456789
37894
123456789
37896
123456789
37898
123456789
37900
123456789
37902
123456789
37904
123456789
37906
123456789
37908
123456789
37910
123456789
37912
123456789
37914
123456789
37916
123456789
37918
123456789
37920
123456789
37922
123456789
37924
123456789
37926
123456789
37928
123456789
37930
123456789
37932
123456789
37934
123456789
37936
123456789
37938
123456789
37940
123456789
37942
123456789
37944
123456789
37946
123456789
37948
123456789
37950
123456789
37952
123456789
37954
123456789
37956
123456789
37958
123456789
37960
123456789
37962
123456789
37964
123456789
37966
123456789
37968
123456789
37970
123456789
37972
123456789
37974
123456789
37976
123456789
37978
123456789
37980
123456789
37982
123456789
37984
123456789
37986
123456789
37988
123456789
37990
123456789
37992
123456789
37994
123456789
37996
123456789
37998
123456789
38000
123456789
38002
123456789
38004
123456789
38006
123456789
38008
123456789
38010
123456789
38012
123456789
38014
123456789
38016
123456789
38018
123456789
38020
123456789
38022
123456789
38024
123456789
38026
123456789
38028
123456789
38030
123456789
38032
123456789
38034
123456789
38036
123456789
38038
123456789
38040
123456789
38042
123456789
38044
123456789
38046
123456789
38048
123456789
38050
123456789
38052
123456789
38054
123456789
38056
123456789
38058
123456789
38060
123456789
38062
123456789
38064
123456789
38066
123456789
38068
123456789
38070
123456789
38072
123456789
38074
123456789
38076
123456789
38078
123456789
38080
123456789
38082
123456789
38084
123456789
38086
123456789
38088
123456789
38090
123456789
38092
123456789
38094
123456789
38096
123456789
38098
123456789
38100
123456789
38102
123456789
38104
123456789
38106
123456789
38108
123456789
38110
123456789
38112
123456789
38114
123456789
38116
123456789
38118
123456789
38120
123456789
38122
123456789
38124
123456789
38126
123456789
38128
123456789
38130
123456789
38132
123456789
38134
123456789
38136
123456789
38138
123456789
38140
123456789
38142
123456789
38144
123456789
38146
123456789
38148
123456789
38150
123456789
38152
123456789
38154
123456789
38156
123456789
38158
123456789
38160
123456789
38162
123456789
38164
123456789
38166
123456789
38168
123456789
38170
123456789
38172
123456789
38174
123456789
38176
123456789
38178
123456789
38180
123456789
38182
123456789
38184
123456789
38186
123456789
38188
123456789
38190
123456789
38192
123456789
38194
123456789
38196
123456789
38198
123456789
38200
123456789
38202
123456789
38204
123456789
38206
123456789
38208
123456789
38210
123456789
38212
123456789
38214
123456789
38216
123456789
38218
123456789
38220
123456789
38222
123456789
38224
123456789
38226
123456789
38228
123456789
38230
123456789
38232
123456789
38234
123456789
38236
123456789
38238
123456789
38240
123456789
38242
123456789
38244
123456789
38246
123456789
38248
123456789
38250
123456789
38252
123456789
38254
123456789
38256
123456789
38258
123456789
38260
123456789
38262
123456789
38264
123456789
38266
123456789
38268
123456789
38270
123456789
38272
123456789
38274
123456789
38276
123456789
38278
123456789
38280
123456789
38282
123456789
38284
123456789
38286
123456789
38288
123456789
38290
123456789
38292
123456789
38294
123456789
38296
123456789
38298
123456789
38300
123456789
38302
123456789
38304
123456789
38306
123456789
38308
123456789
38310
123456789
38312
123456789
38314
123456789
38316
123456789
38318
123456789
38320
123456789
38322
123456789
38324
123456789
38326
123456789
38328
123456789
38330
123456789
38332
123456789
38334
123456789
38336
123456789
38338
123456789
38340
123456789
38342
123456789
38344
123456789
38346
123456789
38348
123456789
38350
123456789
38352
123456789
38354
123456789
38356
123456789
38358
123456789
38360
123456789
38362
123456789
38364
123456789
38366
123456789
38368
123456789
38370
123456789
38372
123456789
38374
123456789
38376
123456789
38378
123456789
38380
123456789
38382
123456789
38384
123456789
38386
123456789
38388
123456789
38390
123456789
38392
123456789
38394
123456789
38396
123456789
38398
123456789
38400
123456789
38402
123456789
38404
123456789
38406
123456789
38408
123456789
38410
123456789
38412
123456789
38414
123456789
38416
123456789
38418
123456789
38420
123456789
38422
123456789
38424
123456789
38426
123456789
38428
123456789
38430
123456789
38432
123456789
38434
123456789
38436
123456789
38438
123456789
38440
123456789
38442
123456789
38444
123456789
38446
123456789
38448
123456789
38450
123456789
38452
123456789
38454
123456789
38456
123456789
38458
123456789
38460
123456789
38462
123456789
38464
123456789
38466
123456789
38468
123456789
38470
123456789
38472
123456789
38474
123456789
38476
123456789
38478
123456789
38480
123456789
38482
123456789
38484
123456789
38486
123456789
38488
123456789
38490
123456789
38492
123456789
38494
123456789
38496
123456789
38498
123456789
38500
123456789
38502
123456789
38504
123456789
38506
123456789
38508
123456789
38510
123456789
38512
123456789
38514
123456789
38516
123456789
38518
123456789
38520
123456789
38522
123456789
38524
123456789
38526
123456789
38528
123456789
38530
123456789
38532
123456789
38534
123456789
38536
123456789
38538
123456789
38540
123456789
38542
123456789
38544
123456789
38546
123456789
38548
123456789
38550
123456789
38552
123456789
38554
123456789
38556
123456789
38558
123456789
38560
123456789
38562
123456789
38564
123456789
38566
123456789
38568
123456789
38570
123456789
38572
123456789
38574
123456789
38576
123456789
38578
123456789
38580
123456789
38582
123456789
38584
123456789
38586
123456789
38588
123456789
38590
123456789
38592
123456789
38594
123456789
38596
123456789
38598
123456789
38600
123456789
38602
123456789
38604
123456789
38606
123456789
38608
123456789
38610
123456789
38612
123456789
38614
123456789
38616
123456789
38618
123456789
38620
123456789
38622
123456789
38624
123456789
38626
123456789
38628
123456789
38630
123456789
38632
123456789
38634
123456789
38636
123456789
38638
123456789
38640
123456789
38642
123456789
38644
123456789
38646
123456789
38648
123456789
38650
123456789
38652
123456789
38654
123456789
38656
123456789
38658
123456789
38660
123456789
38662
123456789
38664
123456789
38666
123456789
38668
123456789
38670
123456789
38672
123456789
38674
123456789
38676
123456789
38678
123456789
38680
123456789
38682
123456789
38684
123456789
38686
123456789
38688
123456789
38690
123456789
38692
123456789
38694
123456789
38696
123456789
38698
123456789
38700
123456789
38702
123456789
38704
123456789
38706
123456789
38708
123456789
38710
123456789
38712
123456789
38714
123456789
38716
123456789
38718
123456789
38720
123456789
38722
123456789
38724
123456789
38726
123456789
38728
123456789
38730
123456789
38732
123456789
38734
123456789
38736
123456789
38738
123456789
38740
123456789
38742
123456789
38744
123456789
38746
123456789
38748
123456789
38750
123456789
38752
123456789
38754
123456789
38756
123456789
38758
123456789
38760
123456789
38762
123456789
38764
123456789
38766
123456789
38768
123456789
38770
123456789
38772
123456789
38774
123456789
38776
123456789
38778
123456789
38780
123456789
38782
123456789
38784
123456789
38786
123456789
38788
123456789
38790
123456789
38792
123456789
38794
123456789
38796
123456789
38798
123456789
38800
123456789
38802
123456789
38804
123456789
38806
123456789
38808
123456789
38810
123456789
38812
123456789
38814
123456789
38816
123456789
38818
123456789
38820
123456789
38822
123456789
38824
123456789
38826
123456789
38828
123456789
38830
123456789
38832
123456789
38834
123456789
38836
123456789
38838
123456789
38840
123456789
38842
123456789
38844
123456789
38846
123456789
38848
123456789
38850
123456789
38852
123456789
38854
123456789
38856
123456789
38858
123456789
38860
123456789
38862
123456789
38864
123456789
38866
123456789
38868
123456789
38870
123456789
38872
123456789
38874
123456789
38876
123456789
38878
123456789
38880
123456789
38882
123456789
38884
123456789
38886
123456789
38888
123456789
38890
123456789
38892
123456789
38894
123456789
38896
123456789
38898
123456789
38900
123456789
38902
123456789
38904
123456789
38906
123456789
38908
123456789
38910
123456789
38912
123456789
38914
123456789
38916
123456789
38918
123456789
38920
123456789
38922
123456789
38924
123456789
38926
123456789
38928
123456789
38930
123456789
38932
123456789
38934
123456789
38936
123456789
38938
123456789
38940
123456789
38942
123456789
38944
123456789
38946
123456789
38948
123456789
38950
123456789
38952
123456789
38954
123456789
38956
123456789
38958
123456789
38960
123456789
38962
123456789
38964
123456789
38966
123456789
38968
123456789
38970
123456789
38972
123456789
38974
123456789
38976
123456789
38978
123456789
38980
123456789
38982
123456789
38984
123456789
38986
123456789
38988
123456789
38990
123456789
38992
123456789
38994
123456789
38996
123456789
38998
123456789
39000
123456789
39002
123456789
39004
123456789
39006
123456789
39008
123456789
39010
123456789
39012
123456789
39014
123456789
39016
123456789
39018
123456789
39020
123456789
39022
123456789
39024
123456789
39026
123456789
39028
123456789
39030
123456789
39032
123456789
39034
123456789
39036
123456789
39038
123456789
39040
123456789
39042
123456789
39044
123456789
39046
123456789
39048
123456789
39050
123456789
39052
123456789
39054
123456789
39056
123456789
39058
123456789
39060
123456789
39062
123456789
39064
123456789
39066
123456789
39068
123456789
39070
123456789
39072
123456789
39074
123456789
39076
123456789
39078
123456789
39080
123456789
39082
123456789
39084
123456789
39086
123456789
39088
123456789
39090
123456789
39092
123456789
39094
123456789
39096
123456789
39098
123456789
39100
123456789
39102
123456789
39104
123456789
39106
123456789
39108
123456789
39110
123456789
39112
123456789
39114
123456789
39116
123456789
39118
123456789
39120
123456789
39122
123456789
39124
123456789
39126
123456789
39128
123456789
39130
123456789
39132
123456789
39134
123456789
39136
123456789
39138
123456789
39140
123456789
39142
123456789
39144
123456789
39146
123456789
39148
123456789
39150
123456789
39152
123456789
39154
123456789
39156
123456789
39158
123456789
39160
123456789
39162
123456789
39164
123456789
39166
123456789
39168
123456789
39170
123456789
39172
123456789
39174
123456789
39176
123456789
39178
123456789
39180
123456789
39182
123456789
39184
123456789
39186
123456789
39188
123456789
39190
123456789
39192
123456789
39194
123456789
39196
123456789
39198
123456789
39200
123456789
39202
123456789
39204
123456789
39206
123456789
39208
123456789
39210
123456789
39212
123456789
39214
123456789
39216
123456789
39218
123456789
39220
123456789
39222
123456789
39224
123456789
39226
123456789
39228
123456789
39230
123456789
39232
123456789
39234
123456789
39236
123456789
39238
123456789
39240
123456789
39242
123456789
39244
123456789
39246
123456789
39248
123456789
39250
123456789
39252
123456789
39254
123456789
39256
123456789
39258
123456789
39260
123456789
39262
123456789
39264
123456789
39266
123456789
39268
123456789
39270
123456789
39272
123456789
39274
123456789
39276
123456789
39278
123456789
39280
123456789
39282
123456789
39284
123456789
39286
123456789
39288
123456789
39290
123456789
39292
123456789
39294
123456789
39296
123456789
39298
123456789
39300
123456789
39302
123456789
39304
123456789
39306
123456789
39308
123456789
39310
123456789
39312
123456789
39314
123456789
39316
123456789
39318
123456789
39320
123456789
39322
123456789
39324
123456789
39326
123456789
39328
123456789
39330
123456789
39332
123456789
39334
123456789
39336
123456789
39338
123456789
39340
123456789
39342
123456789
39344
123456789
39346
123456789
39348
123456789
39350
123456789
39352
123456789
39354
123456789
39356
123456789
39358
123456789
39360
123456789
39362
123456789
39364
123456789
39366
123456789
39368
123456789
39370
123456789
39372
123456789
39374
123456789
39376
123456789
39378
123456789
39380
123456789
39382
123456789
39384
123456789
39386
123456789
39388
123456789
39390
123456789
39392
123456789
39394
123456789
39396
123456789
39398
123456789
39400
123456789
39402
123456789
39404
123456789
39406
123456789
39408
123456789
39410
123456789
39412
123456789
39414
123456789
39416
123456789
39418
123456789
39420
123456789
39422
123456789
39424
123456789
39426
123456789
39428
123456789
39430
123456789
39432
123456789
39434
123456789
39436
123456789
39438
123456789
39440
123456789
39442
123456789
39444
123456789
39446
123456789
39448
123456789
39450
123456789
39452
123456789
39454
123456789
39456
123456789
39458
123456789
39460
123456789
39462
123456789
39464
123456789
39466
123456789
39468
123456789
39470
123456789
39472
123456789
39474
123456789
39476
123456789
39478
123456789
39480
123456789
39482
123456789
39484
123456789
39486
123456789
39488
123456789
39490
123456789
39492
123456789
39494
123456789
39496
123456789
39498
123456789
39500
123456789
39502
123456789
39504
123456789
39506
123456789
39508
123456789
39510
123456789
39512
123456789
39514
123456789
39516
123456789
39518
123456789
39520
123456789
39522
123456789
39524
123456789
39526
123456789
39528
123456789
39530
123456789
39532
123456789
39534
123456789
39536
123456789
39538
123456789
39540
123456789
39542
123456789
39544
123456789
39546
123456789
39548
123456789
39550
123456789
39552
123456789
39554
123456789
39556
123456789
39558
123456789
39560
123456789
39562
123456789
39564
123456789
39566
123456789
39568
123456789
39570
123456789
39572
123456789
39574
123456789
39576
123456789
39578
123456789
39580
123456789
39582
123456789
39584
123456789
39586
123456789
39588
123456789
39590
123456789
39592
123456789
39594
123456789
39596
123456789
39598
123456789
39600
123456789
39602
123456789
39604
123456789
39606
123456789
39608
123456789
39610
123456789
39612
123456789
39614
123456789
39616
123456789
39618
123456789
39620
123456789
39622
123456789
39624
123456789
39626
123456789
39628
123456789
39630
123456789
39632
123456789
39634
123456789
39636
123456789
39638
123456789
39640
123456789
39642
123456789
39644
123456789
39646
123456789
39648
123456789
39650
123456789
39652
123456789
39654
123456789
39656
123456789
39658
123456789
39660
123456789
39662
123456789
39664
123456789
39666
123456789
39668
123456789
39670
123456789
39672
123456789
39674
123456789
39676
123456789
39678
123456789
39680
123456789
39682
123456789
39684
123456789
39686
123456789
39688
123456789
39690
123456789
39692
123456789
39694
123456789
39696
123456789
39698
123456789
39700
123456789
39702
123456789
39704
123456789
39706
123456789
39708
123456789
39710
123456789
39712
123456789
39714
123456789
39716
123456789
39718
123456789
39720
123456789
39722
123456789
39724
123456789
39726
123456789
39728
123456789
39730
123456789
39732
123456789
39734
123456789
39736
123456789
39738
123456789
39740
123456789
39742
123456789
39744
123456789
39746
123456789
39748
123456789
39750
123456789
39752
123456789
39754
123456789
39756
123456789
39758
123456789
39760
123456789
39762
123456789
39764
123456789
39766
123456789
39768
123456789
39770
123456789
39772
123456789
39774
123456789
39776
123456789
39778
123456789
39780
123456789
39782
123456789
39784
123456789
39786
123456789
39788
123456789
39790
123456789
39792
123456789
39794
123456789
39796
123456789
39798
123456789
39800
123456789
39802
123456789
39804
123456789
39806
123456789
39808
123456789
39810
123456789
39812
123456789
39814
123456789
39816
123456789
39818
123456789
39820
123456789
39822
123456789
39824
123456789
39826
123456789
39828
123456789
39830
123456789
39832
123456789
39834
123456789
39836
123456789
39838
123456789
39840
123456789
39842
123456789
39844
123456789
39846
123456789
39848
123456789
39850
123456789
39852
123456789
39854
123456789
39856
123456789
39858
123456789
39860
123456789
39862
123456789
39864
123456789
39866
123456789
39868
123456789
39870
123456789
39872
123456789
39874
123456789
39876
123456789
39878
123456789
39880
123456789
39882
123456789
39884
123456789
39886
123456789
39888
123456789
39890
123456789
39892
123456789
39894
123456789
39896
123456789
39898
123456789
39900
123456789
39902
123456789
39904
123456789
39906
123456789
39908
123456789
39910
123456789
39912
123456789
39914
123456789
39916
123456789
39918
123456789
39920
123456789
39922
123456789
39924
123456789
39926
123456789
39928
123456789
39930
123456789
39932
123456789
39934
123456789
39936
123456789
39938
123456789
39940
123456789
39942
123456789
39944
123456789
39946
123456789
39948
123456789
39950
123456789
39952
123456789
39954
123456789
39956
123456789
39958
123456789
39960
123456789
39962
123456789
39964
123456789
39966
123456789
39968
123456789
39970
123456789
39972
123456789
39974
123456789
39976
123456789
39978
123456789
39980
123456789
39982
123456789
39984
123456789
39986
123456789
39988
123456789
39990
123456789
39992
123456789
39994
123456789
39996
123456789
39998
123456789
40000
123456789
40002
123456789
40004
123456789
40006
123456789
40008
123456789
40010
123456789
40012
123456789
40014
123456789
40016
123456789
40018
123456789
40020
123456789
40022
123456789
40024
123456789
40026
123456789
40028
123456789
40030
123456789
40032
123456789
40034
123456789
40036
123456789
40038
123456789
40040
123456789
40042
123456789
40044
123456789
40046
123456789
40048
123456789
40050
123456789
40052
123456789
40054
123456789
40056
123456789
40058
123456789
40060
123456789
40062
123456789
40064
123456789
40066
123456789
40068
123456789
40070
123456789
40072
123456789
40074
123456789
40076
123456789
40078
123456789
40080
123456789
40082
123456789
40084
123456789
40086
123456789
40088
123456789
40090
123456789
40092
123456789
40094
123456789
40096
123456789
40098
123456789
40100
123456789
40102
123456789
40104
123456789
40106
123456789
40108
123456789
40110
123456789
40112
123456789
40114
123456789
40116
123456789
40118
123456789
40120
123456789
40122
123456789
40124
123456789
40126
123456789
40128
123456789
40130
123456789
40132
123456789
40134
123456789
40136
123456789
40138
123456789
40140
123456789
40142
123456789
40144
123456789
40146
123456789
40148
123456789
40150
123456789
40152
123456789
40154
123456789
40156
123456789
40158
123456789
40160
123456789
40162
123456789
40164
123456789
40166
123456789
40168
123456789
40170
123456789
40172
123456789
40174
123456789
40176
123456789
40178
123456789
40180
123456789
40182
123456789
40184
123456789
40186
123456789
40188
123456789
40190
123456789
40192
123456789
40194
123456789
40196
123456789
40198
123456789
40200
123456789
40202
123456789
40204
123456789
40206
123456789
40208
123456789
40210
123456789
40212
123456789
40214
123456789
40216
123456789
40218
123456789
40220
123456789
40222
123456789
40224
123456789
40226
123456789
40228
123456789
40230
123456789
40232
123456789
40234
123456789
40236
123456789
40238
123456789
40240
123456789
40242
123456789
40244
123456789
40246
123456789
40248
123456789
40250
123456789
40252
123456789
40254
123456789
40256
123456789
40258
123456789
40260
123456789
40262
123456789
40264
123456789
40266
123456789
40268
123456789
40270
123456789
40272
123456789
40274
123456789
40276
123456789
40278
123456789
40280
123456789
40282
123456789
40284
123456789
40286
123456789
40288
123456789
40290
123456789
40292
123456789
40294
123456789
40296
123456789
40298
123456789
40300
123456789
40302
123456789
40304
123456789
40306
123456789
40308
123456789
40310
123456789
40312
123456789
40314
123456789
40316
123456789
40318
123456789
40320
123456789
40322
123456789
40324
123456789
40326
123456789
40328
123456789
40330
123456789
40332
123456789
40334
123456789
40336
123456789
40338
123456789
40340
123456789
40342
123456789
40344
123456789
40346
123456789
40348
123456789
40350
123456789
40352
123456789
40354
123456789
40356
123456789
40358
123456789
40360
123456789
40362
123456789
40364
123456789
40366
123456789
40368
123456789
40370
123456789
40372
123456789
40374
123456789
40376
123456789
40378
123456789
40380
123456789
40382
123456789
40384
123456789
40386
123456789
40388
123456789
40390
123456789
40392
123456789
40394
123456789
40396
123456789
40398
123456789
40400
123456789
40402
123456789
40404
123456789
40406
123456789
40408
123456789
40410
123456789
40412
123456789
40414
123456789
40416
123456789
40418
123456789
40420
123456789
40422
123456789
40424
123456789
40426
123456789
40428
123456789
40430
123456789
40432
123456789
40434
123456789
40436
123456789
40438
123456789
40440
123456789
40442
123456789
40444
123456789
40446
123456789
40448
123456789
40450
123456789
40452
123456789
40454
123456789
40456
123456789
40458
123456789
40460
123456789
40462
123456789
40464
123456789
40466
123456789
40468
123456789
40470
123456789
40472
123456789
40474
123456789
40476
123456789
40478
123456789
40480
123456789
40482
123456789
40484
123456789
40486
123456789
40488
123456789
40490
123456789
40492
123456789
40494
123456789
40496
123456789
40498
123456789
40500
123456789
40502
123456789
40504
123456789
40506
123456789
40508
123456789
40510
123456789
40512
123456789
40514
123456789
40516
123456789
40518
123456789
40520
123456789
40522
123456789
40524
123456789
40526
123456789
40528
123456789
40530
123456789
40532
123456789
40534
123456789
40536
123456789
40538
123456789
40540
123456789
40542
123456789
40544
123456789
40546
123456789
40548
123456789
40550
123456789
40552
123456789
40554
123456789
40556
123456789
40558
123456789
40560
123456789
40562
123456789
40564
123456789
40566
123456789
40568
123456789
40570
123456789
40572
123456789
40574
123456789
40576
123456789
40578
123456789
40580
123456789
40582
123456789
40584
123456789
40586
123456789
40588
123456789
40590
123456789
40592
123456789
40594
123456789
40596
123456789
40598
123456789
40600
123456789
40602
123456789
40604
123456789
40606
123456789
40608
123456789
40610
123456789
40612
123456789
40614
123456789
40616
123456789
40618
123456789
40620
123456789
40622
123456789
40624
123456789
40626
123456789
40628
123456789
40630
123456789
40632
123456789
40634
123456789
40636
123456789
40638
123456789
40640
123456789
40642
123456789
40644
123456789
40646
123456789
40648
123456789
40650
123456789
40652
123456789
40654
123456789
40656
123456789
40658
123456789
40660
123456789
40662
123456789
40664
123456789
40666
123456789
40668
123456789
40670
123456789
40672
123456789
40674
123456789
40676
123456789
40678
123456789
40680
123456789
40682
123456789
40684
123456789
40686
123456789
40688
123456789
40690
123456789
40692
123456789
40694
123456789
40696
123456789
40698
123456789
40700
123456789
40702
123456789
40704
123456789
40706
123456789
40708
123456789
40710
123456789
40712
123456789
40714
123456789
40716
123456789
40718
123456789
40720
123456789
40722
123456789
40724
123456789
40726
123456789
40728
123456789
40730
123456789
40732
123456789
40734
123456789
40736
123456789
40738
123456789
40740
123456789
40742
123456789
40744
123456789
40746
123456789
40748
123456789
40750
123456789
40752
123456789
40754
123456789
40756
123456789
40758
123456789
40760
123456789
40762
123456789
40764
123456789
40766
123456789
40768
123456789
40770
123456789
40772
123456789
40774
123456789
40776
123456789
40778
123456789
40780
123456789
40782
123456789
40784
123456789
40786
123456789
40788
123456789
40790
123456789
40792
123456789
40794
123456789
40796
123456789
40798
123456789
40800
123456789
40802
123456789
40804
123456789
40806
123456789
40808
123456789
40810
123456789
40812
123456789
40814
123456789
40816
123456789
40818
123456789
40820
123456789
40822
123456789
40824
123456789
40826
123456789
40828
123456789
40830
123456789
40832
123456789
40834
123456789
40836
123456789
40838
123456789
40840
123456789
40842
123456789
40844
123456789
40846
123456789
40848
123456789
40850
123456789
40852
123456789
40854
123456789
40856
123456789
40858
123456789
40860
123456789
40862
123456789
40864
123456789
40866
123456789
40868
123456789
40870
123456789
40872
123456789
40874
123456789
40876
123456789
40878
123456789
40880
123456789
40882
123456789
40884
123456789
40886
123456789
40888
123456789
40890
123456789
40892
123456789
40894
123456789
40896
123456789
40898
123456789
40900
123456789
40902
123456789
40904
123456789
40906
123456789
40908
123456789
40910
123456789
40912
123456789
40914
123456789
40916
123456789
40918
123456789
40920
123456789
40922
123456789
40924
123456789
40926
123456789
40928
123456789
40930
123456789
40932
123456789
40934
123456789
40936
123456789
40938
123456789
40940
123456789
40942
123456789
40944
123456789
40946
123456789
40948
123456789
40950
123456789
40952
123456789
40954
123456789
40956
123456789
40958
123456789
40960
123456789
40962
123456789
40964
123456789
40966
123456789
40968
123456789
40970
123456789
40972
123456789
40974
123456789
40976
123456789
40978
123456789
40980
123456789
40982
123456789
40984
123456789
40986
123456789
40988
123456789
40990
123456789
40992
123456789
40994
123456789
40996
123456789
40998
123456789
41000
123456789
41002
123456789
41004
123456789
41006
123456789
41008
123456789
41010
123456789
41012
123456789
41014
123456789
41016
123456789
41018
123456789
41020
123456789
41022
123456789
41024
123456789
41026
123456789
41028
123456789
41030
123456789
41032
123456789
41034
123456789
41036
123456789
41038
123456789
41040
123456789
41042
123456789
41044
123456789
41046
123456789
41048
123456789
41050
123456789
41052
123456789
41054
123456789
41056
123456789
41058
123456789
41060
123456789
41062
123456789
41064
123456789
41066
123456789
41068
123456789
41070
123456789
41072
123456789
41074
123456789
41076
123456789
41078
123456789
41080
123456789
41082
123456789
41084
123456789
41086
123456789
41088
123456789
41090
123456789
41092
123456789
41094
123456789
41096
123456789
41098
123456789
41100
123456789
41102
123456789
41104
123456789
41106
123456789
41108
123456789
41110
123456789
41112
123456789
41114
123456789
41116
123456789
41118
123456789
41120
123456789
41122
123456789
41124
123456789
41126
123456789
41128
123456789
41130
123456789
41132
123456789
41134
123456789
41136
123456789
41138
123456789
41140
123456789
41142
123456789
41144
123456789
41146
123456789
41148
123456789
41150
123456789
41152
123456789
41154
123456789
41156
123456789
41158
123456789
41160
123456789
41162
123456789
41164
123456789
41166
123456789
41168
123456789
41170
123456789
41172
123456789
41174
123456789
41176
123456789
41178
123456789
41180
123456789
41182
123456789
41184
123456789
41186
123456789
41188
123456789
41190
123456789
41192
123456789
41194
123456789
41196
123456789
41198
123456789
41200
123456789
41202
123456789
41204
123456789
41206
123456789
41208
123456789
41210
123456789
41212
123456789
41214
123456789
41216
123456789
41218
123456789
41220
123456789
41222
123456789
41224
123456789
41226
123456789
41228
123456789
41230
123456789
41232
123456789
41234
123456789
41236
123456789
41238
123456789
41240
123456789
41242
123456789
41244
123456789
41246
123456789
41248
123456789
41250
123456789
41252
123456789
41254
123456789
41256
123456789
41258
123456789
41260
123456789
41262
123456789
41264
123456789
41266
123456789
41268
123456789
41270
123456789
41272
123456789
41274
123456789
41276
123456789
41278
123456789
41280
123456789
41282
123456789
41284
123456789
41286
123456789
41288
123456789
41290
123456789
41292
123456789
41294
123456789
41296
123456789
41298
123456789
41300
123456789
41302
123456789
41304
123456789
41306
123456789
41308
123456789
41310
123456789
41312
123456789
41314
123456789
41316
123456789
41318
123456789
41320
123456789
41322
123456789
41324
123456789
41326
123456789
41328
123456789
41330
123456789
41332
123456789
41334
123456789
41336
123456789
41338
123456789
41340
123456789
41342
123456789
41344
123456789
41346
123456789
41348
123456789
41350
123456789
41352
123456789
41354
123456789
41356
123456789
41358
123456789
41360
123456789
41362
123456789
41364
123456789
41366
123456789
41368
123456789
41370
123456789
41372
123456789
41374
123456789
41376
123456789
41378
123456789
41380
123456789
41382
123456789
41384
123456789
41386
123456789
41388
123456789
41390
123456789
41392
123456789
41394
123456789
41396
123456789
41398
123456789
41400
123456789
41402
123456789
41404
123456789
41406
123456789
41408
123456789
41410
123456789
41412
123456789
41414
123456789
41416
123456789
41418
123456789
41420
123456789
41422
123456789
41424
123456789
41426
123456789
41428
123456789
41430
123456789
41432
123456789
41434
123456789
41436
123456789
41438
123456789
41440
123456789
41442
123456789
41444
123456789
41446
123456789
41448
123456789
41450
123456789
41452
123456789
41454
123456789
41456
123456789
41458
123456789
41460
123456789
41462
123456789
41464
123456789
41466
123456789
41468
123456789
41470
123456789
41472
123456789
41474
123456789
41476
123456789
41478
123456789
41480
123456789
41482
123456789
41484
123456789
41486
123456789
41488
123456789
41490
123456789
41492
123456789
41494
123456789
41496
123456789
41498
123456789
41500
123456789
41502
123456789
41504
123456789
41506
123456789
41508
123456789
41510
123456789
41512
123456789
41514
123456789
41516
123456789
41518
123456789
41520
123456789
41522
123456789
41524
123456789
41526
123456789
41528
123456789
41530
123456789
41532
123456789
41534
123456789
41536
123456789
41538
123456789
41540
123456789
41542
123456789
41544
123456789
41546
123456789
41548
123456789
41550
123456789
41552
123456789
41554
123456789
41556
123456789
41558
123456789
41560
123456789
41562
123456789
41564
123456789
41566
123456789
41568
123456789
41570
123456789
41572
123456789
41574
123456789
41576
123456789
41578
123456789
41580
123456789
41582
123456789
41584
123456789
41586
123456789
41588
123456789
41590
123456789
41592
123456789
41594
123456789
41596
123456789
41598
123456789
41600
123456789
41602
123456789
41604
123456789
41606
123456789
41608
123456789
41610
123456789
41612
123456789
41614
123456789
41616
123456789
41618
123456789
41620
123456789
41622
123456789
41624
123456789
41626
123456789
41628
123456789
41630
123456789
41632
123456789
41634
123456789
41636
123456789
41638
123456789
41640
123456789
41642
123456789
41644
123456789
41646
123456789
41648
123456789
41650
123456789
41652
123456789
41654
123456789
41656
123456789
41658
123456789
41660
123456789
41662
123456789
41664
123456789
41666
123456789
41668
123456789
41670
123456789
41672
123456789
41674
123456789
41676
123456789
41678
123456789
41680
123456789
41682
123456789
41684
123456789
41686
123456789
41688
123456789
41690
123456789
41692
123456789
41694
123456789
41696
123456789
41698
123456789
41700
123456789
41702
123456789
41704
123456789
41706
123456789
41708
123456789
41710
123456789
41712
123456789
41714
123456789
41716
123456789
41718
123456789
41720
123456789
41722
123456789
41724
123456789
41726
123456789
41728
123456789
41730
123456789
41732
123456789
41734
123456789
41736
123456789
41738
123456789
41740
123456789
41742
123456789
41744
123456789
41746
123456789
41748
123456789
41750
123456789
41752
123456789
41754
123456789
41756
123456789
41758
123456789
41760
123456789
41762
123456789
41764
123456789
41766
123456789
41768
123456789
41770
123456789
41772
123456789
41774
123456789
41776
123456789
41778
123456789
41780
123456789
41782
123456789
41784
123456789
41786
123456789
41788
123456789
41790
123456789
41792
123456789
41794
123456789
41796
123456789
41798
123456789
41800
123456789
41802
123456789
41804
123456789
41806
123456789
41808
123456789
41810
123456789
41812
123456789
41814
123456789
41816
123456789
41818
123456789
41820
123456789
41822
123456789
41824
123456789
41826
123456789
41828
123456789
41830
123456789
41832
123456789
41834
123456789
41836
123456789
41838
123456789
41840
123456789
41842
123456789
41844
123456789
41846
123456789
41848
123456789
41850
123456789
41852
123456789
41854
123456789
41856
123456789
41858
123456789
41860
123456789
41862
123456789
41864
123456789
41866
123456789
41868
123456789
41870
123456789
41872
123456789
41874
123456789
41876
123456789
41878
123456789
41880
123456789
41882
123456789
41884
123456789
41886
123456789
41888
123456789
41890
123456789
41892
123456789
41894
123456789
41896
123456789
41898
123456789
41900
123456789
41902
123456789
41904
123456789
41906
123456789
41908
123456789
41910
123456789
41912
123456789
41914
123456789
41916
123456789
41918
123456789
41920
123456789
41922
123456789
41924
123456789
41926
123456789
41928
123456789
41930
123456789
41932
123456789
41934
123456789
41936
123456789
41938
123456789
41940
123456789
41942
123456789
41944
123456789
41946
123456789
41948
123456789
41950
123456789
41952
123456789
41954
123456789
41956
123456789
41958
123456789
41960
123456789
41962
123456789
41964
123456789
41966
123456789
41968
123456789
41970
123456789
41972
123456789
41974
123456789
41976
123456789
41978
123456789
41980
123456789
41982
123456789
41984
123456789
41986
123456789
41988
123456789
41990
123456789
41992
123456789
41994
123456789
41996
123456789
41998
123456789
42000
123456789
42002
123456789
42004
123456789
42006
123456789
42008
123456789
42010
123456789
42012
123456789
42014
123456789
42016
123456789
42018
123456789
42020
123456789
42022
123456789
42024
123456789
42026
123456789
42028
123456789
42030
123456789
42032
123456789
42034
123456789
42036
123456789
42038
123456789
42040
123456789
42042
123456789
42044
123456789
42046
123456789
42048
123456789
42050
123456789
42052
123456789
42054
123456789
42056
123456789
42058
123456789
42060
123456789
42062
123456789
42064
123456789
42066
123456789
42068
123456789
42070
123456789
42072
123456789
42074
123456789
42076
123456789
42078
123456789
42080
123456789
42082
123456789
42084
123456789
42086
123456789
42088
123456789
42090
123456789
42092
123456789
42094
123456789
42096
123456789
42098
123456789
42100
123456789
42102
123456789
42104
123456789
42106
123456789
42108
123456789
42110
123456789
42112
123456789
42114
123456789
42116
123456789
42118
123456789
42120
123456789
42122
123456789
42124
123456789
42126
123456789
42128
123456789
42130
123456789
42132
123456789
42134
123456789
42136
123456789
42138
123456789
42140
123456789
42142
123456789
42144
123456789
42146
123456789
42148
123456789
42150
123456789
42152
123456789
42154
123456789
42156
123456789
42158
123456789
42160
123456789
42162
123456789
42164
123456789
42166
123456789
42168
123456789
42170
123456789
42172
123456789
42174
123456789
42176
123456789
42178
123456789
42180
123456789
42182
123456789
42184
123456789
42186
123456789
42188
123456789
42190
123456789
42192
123456789
42194
123456789
42196
123456789
42198
123456789
42200
123456789
42202
123456789
42204
123456789
42206
123456789
42208
123456789
42210
123456789
42212
123456789
42214
123456789
42216
123456789
42218
123456789
42220
123456789
42222
123456789
42224
123456789
42226
123456789
42228
123456789
42230
123456789
42232
123456789
42234
123456789
42236
123456789
42238
123456789
42240
123456789
42242
123456789
42244
123456789
42246
123456789
42248
123456789
42250
123456789
42252
123456789
42254
123456789
42256
123456789
42258
123456789
42260
123456789
42262
123456789
42264
123456789
42266
123456789
42268
123456789
42270
123456789
42272
123456789
42274
123456789
42276
123456789
42278
123456789
42280
123456789
42282
123456789
42284
123456789
42286
123456789
42288
123456789
42290
123456789
42292
123456789
42294
123456789
42296
123456789
42298
123456789
42300
123456789
42302
123456789
42304
123456789
42306
123456789
42308
123456789
42310
123456789
42312
123456789
42314
123456789
42316
123456789
42318
123456789
42320
123456789
42322
123456789
42324
123456789
42326
123456789
42328
123456789
42330
123456789
42332
123456789
42334
123456789
42336
123456789
42338
123456789
42340
123456789
42342
123456789
42344
123456789
42346
123456789
42348
123456789
42350
123456789
42352
123456789
42354
123456789
42356
123456789
42358
123456789
42360
123456789
42362
123456789
42364
123456789
42366
123456789
42368
123456789
42370
123456789
42372
123456789
42374
123456789
42376
123456789
42378
123456789
42380
123456789
42382
123456789
42384
123456789
42386
123456789
42388
123456789
42390
123456789
42392
123456789
42394
123456789
42396
123456789
42398
123456789
42400
123456789
42402
123456789
42404
123456789
42406
123456789
42408
123456789
42410
123456789
42412
123456789
42414
123456789
42416
123456789
42418
123456789
42420
123456789
42422
123456789
42424
123456789
42426
123456789
42428
123456789
42430
123456789
42432
123456789
42434
123456789
42436
123456789
42438
123456789
42440
123456789
42442
123456789
42444
123456789
42446
123456789
42448
123456789
42450
123456789
42452
123456789
42454
123456789
42456
123456789
42458
123456789
42460
123456789
42462
123456789
42464
123456789
42466
123456789
42468
123456789
42470
123456789
42472
123456789
42474
123456789
42476
123456789
42478
123456789
42480
123456789
42482
123456789
42484
123456789
42486
123456789
42488
123456789
42490
123456789
42492
123456789
42494
123456789
42496
123456789
42498
123456789
42500
123456789
42502
123456789
42504
123456789
42506
123456789
42508
123456789
42510
123456789
42512
123456789
42514
123456789
42516
123456789
42518
123456789
42520
123456789
42522
123456789
42524
123456789
42526
123456789
42528
123456789
42530
123456789
42532
123456789
42534
123456789
42536
123456789
42538
123456789
42540
123456789
42542
123456789
42544
123456789
42546
123456789
42548
123456789
42550
123456789
42552
123456789
42554
123456789
42556
123456789
42558
123456789
42560
123456789
42562
123456789
42564
123456789
42566
123456789
42568
123456789
42570
123456789
42572
123456789
42574
123456789
42576
123456789
42578
123456789
42580
123456789
42582
123456789
42584
123456789
42586
123456789
42588
123456789
42590
123456789
42592
123456789
42594
123456789
42596
123456789
42598
123456789
42600
123456789
42602
123456789
42604
123456789
42606
123456789
42608
123456789
42610
123456789
42612
123456789
42614
123456789
42616
123456789
42618
123456789
42620
123456789
42622
123456789
42624
123456789
42626
123456789
42628
123456789
42630
123456789
42632
123456789
42634
123456789
42636
123456789
42638
123456789
42640
123456789
42642
123456789
42644
123456789
42646
123456789
42648
123456789
42650
123456789
42652
123456789
42654
123456789
42656
123456789
42658
123456789
42660
123456789
42662
123456789
42664
123456789
42666
123456789
42668
123456789
42670
123456789
42672
123456789
42674
123456789
42676
123456789
42678
123456789
42680
123456789
42682
123456789
42684
123456789
42686
123456789
42688
123456789
42690
123456789
42692
123456789
42694
123456789
42696
123456789
42698
123456789
42700
123456789
42702
123456789
42704
123456789
42706
123456789
42708
123456789
42710
123456789
42712
123456789
42714
123456789
42716
123456789
42718
123456789
42720
123456789
42722
123456789
42724
123456789
42726
123456789
42728
123456789
42730
123456789
42732
123456789
42734
123456789
42736
123456789
42738
123456789
42740
123456789
42742
123456789
42744
123456789
42746
123456789
42748
123456789
42750
123456789
42752
123456789
42754
123456789
42756
123456789
42758
123456789
42760
123456789
42762
123456789
42764
123456789
42766
123456789
42768
123456789
42770
123456789
42772
123456789
42774
123456789
42776
123456789
42778
123456789
42780
123456789
42782
123456789
42784
123456789
42786
123456789
42788
123456789
42790
123456789
42792
123456789
42794
123456789
42796
123456789
42798
123456789
42800
123456789
42802
123456789
42804
123456789
42806
123456789
42808
123456789
42810
123456789
42812
123456789
42814
123456789
42816
123456789
42818
123456789
42820
123456789
42822
123456789
42824
123456789
42826
123456789
42828
123456789
42830
123456789
42832
123456789
42834
123456789
42836
123456789
42838
123456789
42840
123456789
42842
123456789
42844
123456789
42846
123456789
42848
123456789
42850
123456789
42852
123456789
42854
123456789
42856
123456789
42858
123456789
42860
123456789
42862
123456789
42864
123456789
42866
123456789
42868
123456789
42870
123456789
42872
123456789
42874
123456789
42876
123456789
42878
123456789
42880
123456789
42882
123456789
42884
123456789
42886
123456789
42888
123456789
42890
123456789
42892
123456789
42894
123456789
42896
123456789
42898
123456789
42900
123456789
42902
123456789
42904
123456789
42906
123456789
42908
123456789
42910
123456789
42912
123456789
42914
123456789
42916
123456789
42918
123456789
42920
123456789
42922
123456789
42924
123456789
42926
123456789
42928
123456789
42930
123456789
42932
123456789
42934
123456789
42936
123456789
42938
123456789
42940
123456789
42942
123456789
42944
123456789
42946
123456789
42948
123456789
42950
123456789
42952
123456789
42954
123456789
42956
123456789
42958
123456789
42960
123456789
42962
123456789
42964
123456789
42966
123456789
42968
123456789
42970
123456789
42972
123456789
42974
123456789
42976
123456789
42978
123456789
42980
123456789
42982
123456789
42984
123456789
42986
123456789
42988
123456789
42990
123456789
42992
123456789
42994
123456789
42996
123456789
42998
123456789
43000
123456789
43002
123456789
43004
123456789
43006
123456789
43008
123456789
43010
123456789
43012
123456789
43014
123456789
43016
123456789
43018
123456789
43020
123456789
43022
123456789
43024
123456789
43026
123456789
43028
123456789
43030
123456789
43032
123456789
43034
123456789
43036
123456789
43038
123456789
43040
123456789
43042
123456789
43044
123456789
43046
123456789
43048
123456789
43050
123456789
43052
123456789
43054
123456789
43056
123456789
43058
123456789
43060
123456789
43062
123456789
43064
123456789
43066
123456789
43068
123456789
43070
123456789
43072
123456789
43074
123456789
43076
123456789
43078
123456789
43080
123456789
43082
123456789
43084
123456789
43086
123456789
43088
123456789
43090
123456789
43092
123456789
43094
123456789
43096
123456789
43098
123456789
43100
123456789
43102
123456789
43104
123456789
43106
123456789
43108
123456789
43110
123456789
43112
123456789
43114
123456789
43116
123456789
43118
123456789
43120
123456789
43122
123456789
43124
123456789
43126
123456789
43128
123456789
43130
123456789
43132
123456789
43134
123456789
43136
123456789
43138
123456789
43140
123456789
43142
123456789
43144
123456789
43146
123456789
43148
123456789
43150
123456789
43152
123456789
43154
123456789
43156
123456789
43158
123456789
43160
123456789
43162
123456789
43164
123456789
43166
123456789
43168
123456789
43170
123456789
43172
123456789
43174
123456789
43176
123456789
43178
123456789
43180
123456789
43182
123456789
43184
123456789
43186
123456789
43188
123456789
43190
123456789
43192
123456789
43194
123456789
43196
123456789
43198
123456789
43200
123456789
43202
123456789
43204
123456789
43206
123456789
43208
123456789
43210
123456789
43212
123456789
43214
123456789
43216
123456789
43218
123456789
43220
123456789
43222
123456789
43224
123456789
43226
123456789
43228
123456789
43230
123456789
43232
123456789
43234
123456789
43236
123456789
43238
123456789
43240
123456789
43242
123456789
43244
123456789
43246
123456789
43248
123456789
43250
123456789
43252
123456789
43254
123456789
43256
123456789
43258
123456789
43260
123456789
43262
123456789
43264
123456789
43266
123456789
43268
123456789
43270
123456789
43272
123456789
43274
123456789
43276
123456789
43278
123456789
43280
123456789
43282
123456789
43284
123456789
43286
123456789
43288
123456789
43290
123456789
43292
123456789
43294
123456789
43296
123456789
43298
123456789
43300
123456789
43302
123456789
43304
123456789
43306
123456789
43308
123456789
43310
123456789
43312
123456789
43314
123456789
43316
123456789
43318
123456789
43320
123456789
43322
123456789
43324
123456789
43326
123456789
43328
123456789
43330
123456789
43332
123456789
43334
123456789
43336
123456789
43338
123456789
43340
123456789
43342
123456789
43344
123456789
43346
123456789
43348
123456789
43350
123456789
43352
123456789
43354
123456789
43356
123456789
43358
123456789
43360
123456789
43362
123456789
43364
123456789
43366
123456789
43368
123456789
43370
123456789
43372
123456789
43374
123456789
43376
123456789
43378
123456789
43380
123456789
43382
123456789
43384
123456789
43386
123456789
43388
123456789
43390
123456789
43392
123456789
43394
123456789
43396
123456789
43398
123456789
43400
123456789
43402
123456789
43404
123456789
43406
123456789
43408
123456789
43410
123456789
43412
123456789
43414
123456789
43416
123456789
43418
123456789
43420
123456789
43422
123456789
43424
123456789
43426
123456789
43428
123456789
43430
123456789
43432
123456789
43434
123456789
43436
123456789
43438
123456789
43440
123456789
43442
123456789
43444
123456789
43446
123456789
43448
123456789
43450
123456789
43452
123456789
43454
123456789
43456
123456789
43458
123456789
43460
123456789
43462
123456789
43464
123456789
43466
123456789
43468
123456789
43470
123456789
43472
123456789
43474
123456789
43476
123456789
43478
123456789
43480
123456789
43482
123456789
43484
123456789
43486
123456789
43488
123456789
43490
123456789
43492
123456789
43494
123456789
43496
123456789
43498
123456789
43500
123456789
43502
123456789
43504
123456789
43506
123456789
43508
123456789
43510
123456789
43512
123456789
43514
123456789
43516
123456789
43518
123456789
43520
123456789
43522
123456789
43524
123456789
43526
123456789
43528
123456789
43530
123456789
43532
123456789
43534
123456789
43536
123456789
43538
123456789
43540
123456789
43542
123456789
43544
123456789
43546
123456789
43548
123456789
43550
123456789
43552
123456789
43554
123456789
43556
123456789
43558
123456789
43560
123456789
43562
123456789
43564
123456789
43566
123456789
43568
123456789
43570
123456789
43572
123456789
43574
123456789
43576
123456789
43578
123456789
43580
123456789
43582
123456789
43584
123456789
43586
123456789
43588
123456789
43590
123456789
43592
123456789
43594
123456789
43596
123456789
43598
123456789
43600
123456789
43602
123456789
43604
123456789
43606
123456789
43608
123456789
43610
123456789
43612
123456789
43614
123456789
43616
123456789
43618
123456789
43620
123456789
43622
123456789
43624
123456789
43626
123456789
43628
123456789
43630
123456789
43632
123456789
43634
123456789
43636
123456789
43638
123456789
43640
123456789
43642
123456789
43644
123456789
43646
123456789
43648
123456789
43650
123456789
43652
123456789
43654
123456789
43656
123456789
43658
123456789
43660
123456789
43662
123456789
43664
123456789
43666
123456789
43668
123456789
43670
123456789
43672
123456789
43674
123456789
43676
123456789
43678
123456789
43680
123456789
43682
123456789
43684
123456789
43686
123456789
43688
123456789
43690
123456789
43692
123456789
43694
123456789
43696
123456789
43698
123456789
43700
123456789
43702
123456789
43704
123456789
43706
123456789
43708
123456789
43710
123456789
43712
123456789
43714
123456789
43716
123456789
43718
123456789
43720
123456789
43722
123456789
43724
123456789
43726
123456789
43728
123456789
43730
123456789
43732
123456789
43734
123456789
43736
123456789
43738
123456789
43740
123456789
43742
123456789
43744
123456789
43746
123456789
43748
123456789
43750
123456789
43752
123456789
43754
123456789
43756
123456789
43758
123456789
43760
123456789
43762
123456789
43764
123456789
43766
123456789
43768
123456789
43770
123456789
43772
123456789
43774
123456789
43776
123456789
43778
123456789
43780
123456789
43782
123456789
43784
123456789
43786
123456789
43788
123456789
43790
123456789
43792
123456789
43794
123456789
43796
123456789
43798
123456789
43800
123456789
43802
123456789
43804
123456789
43806
123456789
43808
123456789
43810
123456789
43812
123456789
43814
123456789
43816
123456789
43818
123456789
43820
123456789
43822
123456789
43824
123456789
43826
123456789
43828
123456789
43830
123456789
43832
123456789
43834
123456789
43836
123456789
43838
123456789
43840
123456789
43842
123456789
43844
123456789
43846
123456789
43848
123456789
43850
123456789
43852
123456789
43854
123456789
43856
123456789
43858
123456789
43860
123456789
43862
123456789
43864
123456789
43866
123456789
43868
123456789
43870
123456789
43872
123456789
43874
123456789
43876
123456789
43878
123456789
43880
123456789
43882
123456789
43884
123456789
43886
123456789
43888
123456789
43890
123456789
43892
123456789
43894
123456789
43896
123456789
43898
123456789
43900
123456789
43902
123456789
43904
123456789
43906
123456789
43908
123456789
43910
123456789
43912
123456789
43914
123456789
43916
123456789
43918
123456789
43920
123456789
43922
123456789
43924
123456789
43926
123456789
43928
123456789
43930
123456789
43932
123456789
43934
123456789
43936
123456789
43938
123456789
43940
123456789
43942
123456789
43944
123456789
43946
123456789
43948
123456789
43950
123456789
43952
123456789
43954
123456789
43956
123456789
43958
123456789
43960
123456789
43962
123456789
43964
123456789
43966
123456789
43968
123456789
43970
123456789
43972
123456789
43974
123456789
43976
123456789
43978
123456789
43980
123456789
43982
123456789
43984
123456789
43986
123456789
43988
123456789
43990
123456789
43992
123456789
43994
123456789
43996
123456789
43998
123456789
44000
123456789
44002
123456789
44004
123456789
44006
123456789
44008
123456789
44010
123456789
44012
123456789
44014
123456789
44016
123456789
44018
123456789
44020
123456789
44022
123456789
44024
123456789
44026
123456789
44028
123456789
44030
123456789
44032
123456789
44034
123456789
44036
123456789
44038
123456789
44040
123456789
44042
123456789
44044
123456789
44046
123456789
44048
123456789
44050
123456789
44052
123456789
44054
123456789
44056
123456789
44058
123456789
44060
123456789
44062
123456789
44064
123456789
44066
123456789
44068
123456789
44070
123456789
44072
123456789
44074
123456789
44076
123456789
44078
123456789
44080
123456789
44082
123456789
44084
123456789
44086
123456789
44088
123456789
44090
123456789
44092
123456789
44094
123456789
44096
123456789
44098
123456789
44100
123456789
44102
123456789
44104
123456789
44106
123456789
44108
123456789
44110
123456789
44112
123456789
44114
123456789
44116
123456789
44118
123456789
44120
123456789
44122
123456789
44124
123456789
44126
123456789
44128
123456789
44130
123456789
44132
123456789
44134
123456789
44136
123456789
44138
123456789
44140
123456789
44142
123456789
44144
123456789
44146
123456789
44148
123456789
44150
123456789
44152
123456789
44154
123456789
44156
123456789
44158
123456789
44160
123456789
44162
123456789
44164
123456789
44166
123456789
44168
123456789
44170
123456789
44172
123456789
44174
123456789
44176
123456789
44178
123456789
44180
123456789
44182
123456789
44184
123456789
44186
123456789
44188
123456789
44190
123456789
44192
123456789
44194
123456789
44196
123456789
44198
123456789
44200
123456789
44202
123456789
44204
123456789
44206
123456789
44208
123456789
44210
123456789
44212
123456789
44214
123456789
44216
123456789
44218
123456789
44220
123456789
44222
123456789
44224
123456789
44226
123456789
44228
123456789
44230
123456789
44232
123456789
44234
123456789
44236
123456789
44238
123456789
44240
123456789
44242
123456789
44244
123456789
44246
123456789
44248
123456789
44250
123456789
44252
123456789
44254
123456789
44256
123456789
44258
123456789
44260
123456789
44262
123456789
44264
123456789
44266
123456789
44268
123456789
44270
123456789
44272
123456789
44274
123456789
44276
123456789
44278
123456789
44280
123456789
44282
123456789
44284
123456789
44286
123456789
44288
123456789
44290
123456789
44292
123456789
44294
123456789
44296
123456789
44298
123456789
44300
123456789
44302
123456789
44304
123456789
44306
123456789
44308
123456789
44310
123456789
44312
123456789
44314
123456789
44316
123456789
44318
123456789
44320
123456789
44322
123456789
44324
123456789
44326
123456789
44328
123456789
44330
123456789
44332
123456789
44334
123456789
44336
123456789
44338
123456789
44340
123456789
44342
123456789
44344
123456789
44346
123456789
44348
123456789
44350
123456789
44352
123456789
44354
123456789
44356
123456789
44358
123456789
44360
123456789
44362
123456789
44364
123456789
44366
123456789
44368
123456789
44370
123456789
44372
123456789
44374
123456789
44376
123456789
44378
123456789
44380
123456789
44382
123456789
44384
123456789
44386
123456789
44388
123456789
44390
123456789
44392
123456789
44394
123456789
44396
123456789
44398
123456789
44400
123456789
44402
123456789
44404
123456789
44406
123456789
44408
123456789
44410
123456789
44412
123456789
44414
123456789
44416
123456789
44418
123456789
44420
123456789
44422
123456789
44424
123456789
44426
123456789
44428
123456789
44430
123456789
44432
123456789
44434
123456789
44436
123456789
44438
123456789
44440
123456789
44442
123456789
44444
123456789
44446
123456789
44448
123456789
44450
123456789
44452
123456789
44454
123456789
44456
123456789
44458
123456789
44460
123456789
44462
123456789
44464
123456789
44466
123456789
44468
123456789
44470
123456789
44472
123456789
44474
123456789
44476
123456789
44478
123456789
44480
123456789
44482
123456789
44484
123456789
44486
123456789
44488
123456789
44490
123456789
44492
123456789
44494
123456789
44496
123456789
44498
123456789
44500
123456789
44502
123456789
44504
123456789
44506
123456789
44508
123456789
44510
123456789
44512
123456789
44514
123456789
44516
123456789
44518
123456789
44520
123456789
44522
123456789
44524
123456789
44526
123456789
44528
123456789
44530
123456789
44532
123456789
44534
123456789
44536
123456789
44538
123456789
44540
123456789
44542
123456789
44544
123456789
44546
123456789
44548
123456789
44550
123456789
44552
123456789
44554
123456789
44556
123456789
44558
123456789
44560
123456789
44562
123456789
44564
123456789
44566
123456789
44568
123456789
44570
123456789
44572
123456789
44574
123456789
44576
123456789
44578
123456789
44580
123456789
44582
123456789
44584
123456789
44586
123456789
44588
123456789
44590
123456789
44592
123456789
44594
123456789
44596
123456789
44598
123456789
44600
123456789
44602
123456789
44604
123456789
44606
123456789
44608
123456789
44610
123456789
44612
123456789
44614
123456789
44616
123456789
44618
123456789
44620
123456789
44622
123456789
44624
123456789
44626
123456789
44628
123456789
44630
123456789
44632
123456789
44634
123456789
44636
123456789
44638
123456789
44640
123456789
44642
123456789
44644
123456789
44646
123456789
44648
123456789
44650
123456789
44652
123456789
44654
123456789
44656
123456789
44658
123456789
44660
123456789
44662
123456789
44664
123456789
44666
123456789
44668
123456789
44670
123456789
44672
123456789
44674
123456789
44676
123456789
44678
123456789
44680
123456789
44682
123456789
44684
123456789
44686
123456789
44688
123456789
44690
123456789
44692
123456789
44694
123456789
44696
123456789
44698
123456789
44700
123456789
44702
123456789
44704
123456789
44706
123456789
44708
123456789
44710
123456789
44712
123456789
44714
123456789
44716
123456789
44718
123456789
44720
123456789
44722
123456789
44724
123456789
44726
123456789
44728
123456789
44730
123456789
44732
123456789
44734
123456789
44736
123456789
44738
123456789
44740
123456789
44742
123456789
44744
123456789
44746
123456789
44748
123456789
44750
123456789
44752
123456789
44754
123456789
44756
123456789
44758
123456789
44760
123456789
44762
123456789
44764
123456789
44766
123456789
44768
123456789
44770
123456789
44772
123456789
44774
123456789
44776
123456789
44778
123456789
44780
123456789
44782
123456789
44784
123456789
44786
123456789
44788
123456789
44790
123456789
44792
123456789
44794
123456789
44796
123456789
44798
123456789
44800
123456789
44802
123456789
44804
123456789
44806
123456789
44808
123456789
44810
123456789
44812
123456789
44814
123456789
44816
123456789
44818
123456789
44820
123456789
44822
123456789
44824
123456789
44826
123456789
44828
123456789
44830
123456789
44832
123456789
44834
123456789
44836
123456789
44838
123456789
44840
123456789
44842
123456789
44844
123456789
44846
123456789
44848
123456789
44850
123456789
44852
123456789
44854
123456789
44856
123456789
44858
123456789
44860
123456789
44862
123456789
44864
123456789
44866
123456789
44868
123456789
44870
123456789
44872
123456789
44874
123456789
44876
123456789
44878
123456789
44880
123456789
44882
123456789
44884
123456789
44886
123456789
44888
123456789
44890
123456789
44892
123456789
44894
123456789
44896
123456789
44898
123456789
44900
123456789
44902
123456789
44904
123456789
44906
123456789
44908
123456789
44910
123456789
44912
123456789
44914
123456789
44916
123456789
44918
123456789
44920
123456789
44922
123456789
44924
123456789
44926
123456789
44928
123456789
44930
123456789
44932
123456789
44934
123456789
44936
123456789
44938
123456789
44940
123456789
44942
123456789
44944
123456789
44946
123456789
44948
123456789
44950
123456789
44952
123456789
44954
123456789
44956
123456789
44958
123456789
44960
123456789
44962
123456789
44964
123456789
44966
123456789
44968
123456789
44970
123456789
44972
123456789
44974
123456789
44976
123456789
44978
123456789
44980
123456789
44982
123456789
44984
123456789
44986
123456789
44988
123456789
44990
123456789
44992
123456789
44994
123456789
44996
123456789
44998
123456789
45000
123456789
45002
123456789
45004
123456789
45006
123456789
45008
123456789
45010
123456789
45012
123456789
45014
123456789
45016
123456789
45018
123456789
45020
123456789
45022
123456789
45024
123456789
45026
123456789
45028
123456789
45030
123456789
45032
123456789
45034
123456789
45036
123456789
45038
123456789
45040
123456789
45042
123456789
45044
123456789
45046
123456789
45048
123456789
45050
123456789
45052
123456789
45054
123456789
45056
123456789
45058
123456789
45060
123456789
45062
123456789
45064
123456789
45066
123456789
45068
123456789
45070
123456789
45072
123456789
45074
123456789
45076
123456789
45078
123456789
45080
123456789
45082
123456789
45084
123456789
45086
123456789
45088
123456789
45090
123456789
45092
123456789
45094
123456789
45096
123456789
45098
123456789
45100
123456789
45102
123456789
45104
123456789
45106
123456789
45108
123456789
45110
123456789
45112
123456789
45114
123456789
45116
123456789
45118
123456789
45120
123456789
45122
123456789
45124
123456789
45126
123456789
45128
123456789
45130
123456789
45132
123456789
45134
123456789
45136
123456789
45138
123456789
45140
123456789
45142
123456789
45144
123456789
45146
123456789
45148
123456789
45150
123456789
45152
123456789
45154
123456789
45156
123456789
45158
123456789
45160
123456789
45162
123456789
45164
123456789
45166
123456789
45168
123456789
45170
123456789
45172
123456789
45174
123456789
45176
123456789
45178
123456789
45180
123456789
45182
123456789
45184
123456789
45186
123456789
45188
123456789
45190
123456789
45192
123456789
45194
123456789
45196
123456789
45198
123456789
45200
123456789
45202
123456789
45204
123456789
45206
123456789
45208
123456789
45210
123456789
45212
123456789
45214
123456789
45216
123456789
45218
123456789
45220
123456789
45222
123456789
45224
123456789
45226
123456789
45228
123456789
45230
123456789
45232
123456789
45234
123456789
45236
123456789
45238
123456789
45240
123456789
45242
123456789
45244
123456789
45246
123456789
45248
123456789
45250
123456789
45252
123456789
45254
123456789
45256
123456789
45258
123456789
45260
123456789
45262
123456789
45264
123456789
45266
123456789
45268
123456789
45270
123456789
45272
123456789
45274
123456789
45276
123456789
45278
123456789
45280
123456789
45282
123456789
45284
123456789
45286
123456789
45288
123456789
45290
123456789
45292
123456789
45294
123456789
45296
123456789
45298
123456789
45300
123456789
45302
123456789
45304
123456789
45306
123456789
45308
123456789
45310
123456789
45312
123456789
45314
123456789
45316
123456789
45318
123456789
45320
123456789
45322
123456789
45324
123456789
45326
123456789
45328
123456789
45330
123456789
45332
123456789
45334
123456789
45336
123456789
45338
123456789
45340
123456789
45342
123456789
45344
123456789
45346
123456789
45348
123456789
45350
123456789
45352
123456789
45354
123456789
45356
123456789
45358
123456789
45360
123456789
45362
123456789
45364
123456789
45366
123456789
45368
123456789
45370
123456789
45372
123456789
45374
123456789
45376
123456789
45378
123456789
45380
123456789
45382
123456789
45384
123456789
45386
123456789
45388
123456789
45390
123456789
45392
123456789
45394
123456789
45396
123456789
45398
123456789
45400
123456789
45402
123456789
45404
123456789
45406
123456789
45408
123456789
45410
123456789
45412
123456789
45414
123456789
45416
123456789
45418
123456789
45420
123456789
45422
123456789
45424
123456789
45426
123456789
45428
123456789
45430
123456789
45432
123456789
45434
123456789
45436
123456789
45438
123456789
45440
123456789
45442
123456789
45444
123456789
45446
123456789
45448
123456789
45450
123456789
45452
123456789
45454
123456789
45456
123456789
45458
123456789
45460
123456789
45462
123456789
45464
123456789
45466
123456789
45468
123456789
45470
123456789
45472
123456789
45474
123456789
45476
123456789
45478
123456789
45480
123456789
45482
123456789
45484
123456789
45486
123456789
45488
123456789
45490
123456789
45492
123456789
45494
123456789
45496
123456789
45498
123456789
45500
123456789
45502
123456789
45504
123456789
45506
123456789
45508
123456789
45510
123456789
45512
123456789
45514
123456789
45516
123456789
45518
123456789
45520
123456789
45522
123456789
45524
123456789
45526
123456789
45528
123456789
45530
123456789
45532
123456789
45534
123456789
45536
123456789
45538
123456789
45540
123456789
45542
123456789
45544
123456789
45546
123456789
45548
123456789
45550
123456789
45552
123456789
45554
123456789
45556
123456789
45558
123456789
45560
123456789
45562
123456789
45564
123456789
45566
123456789
45568
123456789
45570
123456789
45572
123456789
45574
123456789
45576
123456789
45578
123456789
45580
123456789
45582
123456789
45584
123456789
45586
123456789
45588
123456789
45590
123456789
45592
123456789
45594
123456789
45596
123456789
45598
123456789
45600
123456789
45602
123456789
45604
123456789
45606
123456789
45608
123456789
45610
123456789
45612
123456789
45614
123456789
45616
123456789
45618
123456789
45620
123456789
45622
123456789
45624
123456789
45626
123456789
45628
123456789
45630
123456789
45632
123456789
45634
123456789
45636
123456789
45638
123456789
45640
123456789
45642
123456789
45644
123456789
45646
123456789
45648
123456789
45650
123456789
45652
123456789
45654
123456789
45656
123456789
45658
123456789
45660
123456789
45662
123456789
45664
123456789
45666
123456789
45668
123456789
45670
123456789
45672
123456789
45674
123456789
45676
123456789
45678
123456789
45680
123456789
45682
123456789
45684
123456789
45686
123456789
45688
123456789
45690
123456789
45692
123456789
45694
123456789
45696
123456789
45698
123456789
45700
123456789
45702
123456789
45704
123456789
45706
123456789
45708
123456789
45710
123456789
45712
123456789
45714
123456789
45716
123456789
45718
123456789
45720
123456789
45722
123456789
45724
123456789
45726
123456789
45728
123456789
45730
123456789
45732
123456789
45734
123456789
45736
123456789
45738
123456789
45740
123456789
45742
123456789
45744
123456789
45746
123456789
45748
123456789
45750
123456789
45752
123456789
45754
123456789
45756
123456789
45758
123456789
45760
123456789
45762
123456789
45764
123456789
45766
123456789
45768
123456789
45770
123456789
45772
123456789
45774
123456789
45776
123456789
45778
123456789
45780
123456789
45782
123456789
45784
123456789
45786
123456789
45788
123456789
45790
123456789
45792
123456789
45794
123456789
45796
123456789
45798
123456789
45800
123456789
45802
123456789
45804
123456789
45806
123456789
45808
123456789
45810
123456789
45812
123456789
45814
123456789
45816
123456789
45818
123456789
45820
123456789
45822
123456789
45824
123456789
45826
123456789
45828
123456789
45830
123456789
45832
123456789
45834
123456789
45836
123456789
45838
123456789
45840
123456789
45842
123456789
45844
123456789
45846
123456789
45848
123456789
45850
123456789
45852
123456789
45854
123456789
45856
123456789
45858
123456789
45860
123456789
45862
123456789
45864
123456789
45866
123456789
45868
123456789
45870
123456789
45872
123456789
45874
123456789
45876
123456789
45878
123456789
45880
123456789
45882
123456789
45884
123456789
45886
123456789
45888
123456789
45890
123456789
45892
123456789
45894
123456789
45896
123456789
45898
123456789
45900
123456789
45902
123456789
45904
123456789
45906
123456789
45908
123456789
45910
123456789
45912
123456789
45914
123456789
45916
123456789
45918
123456789
45920
123456789
45922
123456789
45924
123456789
45926
123456789
45928
123456789
45930
123456789
45932
123456789
45934
123456789
45936
123456789
45938
123456789
45940
123456789
45942
123456789
45944
123456789
45946
123456789
45948
123456789
45950
123456789
45952
123456789
45954
123456789
45956
123456789
45958
123456789
45960
123456789
45962
123456789
45964
123456789
45966
123456789
45968
123456789
45970
123456789
45972
123456789
45974
123456789
45976
123456789
45978
123456789
45980
123456789
45982
123456789
45984
123456789
45986
123456789
45988
123456789
45990
123456789
45992
123456789
45994
123456789
45996
123456789
45998
123456789
46000
123456789
46002
123456789
46004
123456789
46006
123456789
46008
123456789
46010
123456789
46012
123456789
46014
123456789
46016
123456789
46018
123456789
46020
123456789
46022
123456789
46024
123456789
46026
123456789
46028
123456789
46030
123456789
46032
123456789
46034
123456789
46036
123456789
46038
123456789
46040
123456789
46042
123456789
46044
123456789
46046
123456789
46048
123456789
46050
123456789
46052
123456789
46054
123456789
46056
123456789
46058
123456789
46060
123456789
46062
123456789
46064
123456789
46066
123456789
46068
123456789
46070
123456789
46072
123456789
46074
123456789
46076
123456789
46078
123456789
46080
123456789
46082
123456789
46084
123456789
46086
123456789
46088
123456789
46090
123456789
46092
123456789
46094
123456789
46096
123456789
46098
123456789
46100
123456789
46102
123456789
46104
123456789
46106
123456789
46108
123456789
46110
123456789
46112
123456789
46114
123456789
46116
123456789
46118
123456789
46120
123456789
46122
123456789
46124
123456789
46126
123456789
46128
123456789
46130
123456789
46132
123456789
46134
123456789
46136
123456789
46138
123456789
46140
123456789
46142
123456789
46144
123456789
46146
123456789
46148
123456789
46150
123456789
46152
123456789
46154
123456789
46156
123456789
46158
123456789
46160
123456789
46162
123456789
46164
123456789
46166
123456789
46168
123456789
46170
123456789
46172
123456789
46174
123456789
46176
123456789
46178
123456789
46180
123456789
46182
123456789
46184
123456789
46186
123456789
46188
123456789
46190
123456789
46192
123456789
46194
123456789
46196
123456789
46198
123456789
46200
123456789
46202
123456789
46204
123456789
46206
123456789
46208
123456789
46210
123456789
46212
123456789
46214
123456789
46216
123456789
46218
123456789
46220
123456789
46222
123456789
46224
123456789
46226
123456789
46228
123456789
46230
123456789
46232
123456789
46234
123456789
46236
123456789
46238
123456789
46240
123456789
46242
123456789
46244
123456789
46246
123456789
46248
123456789
46250
123456789
46252
123456789
46254
123456789
46256
123456789
46258
123456789
46260
123456789
46262
123456789
46264
123456789
46266
123456789
46268
123456789
46270
123456789
46272
123456789
46274
123456789
46276
123456789
46278
123456789
46280
123456789
46282
123456789
46284
123456789
46286
123456789
46288
123456789
46290
123456789
46292
123456789
46294
123456789
46296
123456789
46298
123456789
46300
123456789
46302
123456789
46304
123456789
46306
123456789
46308
123456789
46310
123456789
46312
123456789
46314
123456789
46316
123456789
46318
123456789
46320
123456789
46322
123456789
46324
123456789
46326
123456789
46328
123456789
46330
123456789
46332
123456789
46334
123456789
46336
123456789
46338
123456789
46340
123456789
46342
123456789
46344
123456789
46346
123456789
46348
123456789
46350
123456789
46352
123456789
46354
123456789
46356
123456789
46358
123456789
46360
123456789
46362
123456789
46364
123456789
46366
123456789
46368
123456789
46370
123456789
46372
123456789
46374
123456789
46376
123456789
46378
123456789
46380
123456789
46382
123456789
46384
123456789
46386
123456789
46388
123456789
46390
123456789
46392
123456789
46394
123456789
46396
123456789
46398
123456789
46400
123456789
46402
123456789
46404
123456789
46406
123456789
46408
123456789
46410
123456789
46412
123456789
46414
123456789
46416
123456789
46418
123456789
46420
123456789
46422
123456789
46424
123456789
46426
123456789
46428
123456789
46430
123456789
46432
123456789
46434
123456789
46436
123456789
46438
123456789
46440
123456789
46442
123456789
46444
123456789
46446
123456789
46448
123456789
46450
123456789
46452
123456789
46454
123456789
46456
123456789
46458
123456789
46460
123456789
46462
123456789
46464
123456789
46466
123456789
46468
123456789
46470
123456789
46472
123456789
46474
123456789
46476
123456789
46478
123456789
46480
123456789
46482
123456789
46484
123456789
46486
123456789
46488
123456789
46490
123456789
46492
123456789
46494
123456789
46496
123456789
46498
123456789
46500
123456789
46502
123456789
46504
123456789
46506
123456789
46508
123456789
46510
123456789
46512
123456789
46514
123456789
46516
123456789
46518
123456789
46520
123456789
46522
123456789
46524
123456789
46526
123456789
46528
123456789
46530
123456789
46532
123456789
46534
123456789
46536
123456789
46538
123456789
46540
123456789
46542
123456789
46544
123456789
46546
123456789
46548
123456789
46550
123456789
46552
123456789
46554
123456789
46556
123456789
46558
123456789
46560
123456789
46562
123456789
46564
123456789
46566
123456789
46568
123456789
46570
123456789
46572
123456789
46574
123456789
46576
123456789
46578
123456789
46580
123456789
46582
123456789
46584
123456789
46586
123456789
46588
123456789
46590
123456789
46592
123456789
46594
123456789
46596
123456789
46598
123456789
46600
123456789
46602
123456789
46604
123456789
46606
123456789
46608
123456789
46610
123456789
46612
123456789
46614
123456789
46616
123456789
46618
123456789
46620
123456789
46622
123456789
46624
123456789
46626
123456789
46628
123456789
46630
123456789
46632
123456789
46634
123456789
46636
123456789
46638
123456789
46640
123456789
46642
123456789
46644
123456789
46646
123456789
46648
123456789
46650
123456789
46652
123456789
46654
123456789
46656
123456789
46658
123456789
46660
123456789
46662
123456789
46664
123456789
46666
123456789
46668
123456789
46670
123456789
46672
123456789
46674
123456789
46676
123456789
46678
123456789
46680
123456789
46682
123456789
46684
123456789
46686
123456789
46688
123456789
46690
123456789
46692
123456789
46694
123456789
46696
123456789
46698
123456789
46700
123456789
46702
123456789
46704
123456789
46706
123456789
46708
123456789
46710
123456789
46712
123456789
46714
123456789
46716
123456789
46718
123456789
46720
123456789
46722
123456789
46724
123456789
46726
123456789
46728
123456789
46730
123456789
46732
123456789
46734
123456789
46736
123456789
46738
123456789
46740
123456789
46742
123456789
46744
123456789
46746
123456789
46748
123456789
46750
123456789
46752
123456789
46754
123456789
46756
123456789
46758
123456789
46760
123456789
46762
123456789
46764
123456789
46766
123456789
46768
123456789
46770
123456789
46772
123456789
46774
123456789
46776
123456789
46778
123456789
46780
123456789
46782
123456789
46784
123456789
46786
123456789
46788
123456789
46790
123456789
46792
123456789
46794
123456789
46796
123456789
46798
123456789
46800
123456789
46802
123456789
46804
123456789
46806
123456789
46808
123456789
46810
123456789
46812
123456789
46814
123456789
46816
123456789
46818
123456789
46820
123456789
46822
123456789
46824
123456789
46826
123456789
46828
123456789
46830
123456789
46832
123456789
46834
123456789
46836
123456789
46838
123456789
46840
123456789
46842
123456789
46844
123456789
46846
123456789
46848
123456789
46850
123456789
46852
123456789
46854
123456789
46856
123456789
46858
123456789
46860
123456789
46862
123456789
46864
123456789
46866
123456789
46868
123456789
46870
123456789
46872
123456789
46874
123456789
46876
123456789
46878
123456789
46880
123456789
46882
123456789
46884
123456789
46886
123456789
46888
123456789
46890
123456789
46892
123456789
46894
123456789
46896
123456789
46898
123456789
46900
123456789
46902
123456789
46904
123456789
46906
123456789
46908
123456789
46910
123456789
46912
123456789
46914
123456789
46916
123456789
46918
123456789
46920
123456789
46922
123456789
46924
123456789
46926
123456789
46928
123456789
46930
123456789
46932
123456789
46934
123456789
46936
123456789
46938
123456789
46940
123456789
46942
123456789
46944
123456789
46946
123456789
46948
123456789
46950
123456789
46952
123456789
46954
123456789
46956
123456789
46958
123456789
46960
123456789
46962
123456789
46964
123456789
46966
123456789
46968
123456789
46970
123456789
46972
123456789
46974
123456789
46976
123456789
46978
123456789
46980
123456789
46982
123456789
46984
123456789
46986
123456789
46988
123456789
46990
123456789
46992
123456789
46994
123456789
46996
123456789
46998
123456789
47000
123456789
47002
123456789
47004
123456789
47006
123456789
47008
123456789
47010
123456789
47012
123456789
47014
123456789
47016
123456789
47018
123456789
47020
123456789
47022
123456789
47024
123456789
47026
123456789
47028
123456789
47030
123456789
47032
123456789
47034
123456789
47036
123456789
47038
123456789
47040
123456789
47042
123456789
47044
123456789
47046
123456789
47048
123456789
47050
123456789
47052
123456789
47054
123456789
47056
123456789
47058
123456789
47060
123456789
47062
123456789
47064
123456789
47066
123456789
47068
123456789
47070
123456789
47072
123456789
47074
123456789
47076
123456789
47078
123456789
47080
123456789
47082
123456789
47084
123456789
47086
123456789
47088
123456789
47090
123456789
47092
123456789
47094
123456789
47096
123456789
47098
123456789
47100
123456789
47102
123456789
47104
123456789
47106
123456789
47108
123456789
47110
123456789
47112
123456789
47114
123456789
47116
123456789
47118
123456789
47120
123456789
47122
123456789
47124
123456789
47126
123456789
47128
123456789
47130
123456789
47132
123456789
47134
123456789
47136
123456789
47138
123456789
47140
123456789
47142
123456789
47144
123456789
47146
123456789
47148
123456789
47150
123456789
47152
123456789
47154
123456789
47156
123456789
47158
123456789
47160
123456789
47162
123456789
47164
123456789
47166
123456789
47168
123456789
47170
123456789
47172
123456789
47174
123456789
47176
123456789
47178
123456789
47180
123456789
47182
123456789
47184
123456789
47186
123456789
47188
123456789
47190
123456789
47192
123456789
47194
123456789
47196
123456789
47198
123456789
47200
123456789
47202
123456789
47204
123456789
47206
123456789
47208
123456789
47210
123456789
47212
123456789
47214
123456789
47216
123456789
47218
123456789
47220
123456789
47222
123456789
47224
123456789
47226
123456789
47228
123456789
47230
123456789
47232
123456789
47234
123456789
47236
123456789
47238
123456789
47240
123456789
47242
123456789
47244
123456789
47246
123456789
47248
123456789
47250
123456789
47252
123456789
47254
123456789
47256
123456789
47258
123456789
47260
123456789
47262
123456789
47264
123456789
47266
123456789
47268
123456789
47270
123456789
47272
123456789
47274
123456789
47276
123456789
47278
123456789
47280
123456789
47282
123456789
47284
123456789
47286
123456789
47288
123456789
47290
123456789
47292
123456789
47294
123456789
47296
123456789
47298
123456789
47300
123456789
47302
123456789
47304
123456789
47306
123456789
47308
123456789
47310
123456789
47312
123456789
47314
123456789
47316
123456789
47318
123456789
47320
123456789
47322
123456789
47324
123456789
47326
123456789
47328
123456789
47330
123456789
47332
123456789
47334
123456789
47336
123456789
47338
123456789
47340
123456789
47342
123456789
47344
123456789
47346
123456789
47348
123456789
47350
123456789
47352
123456789
47354
123456789
47356
123456789
47358
123456789
47360
123456789
47362
123456789
47364
123456789
47366
123456789
47368
123456789
47370
123456789
47372
123456789
47374
123456789
47376
123456789
47378
123456789
47380
123456789
47382
123456789
47384
123456789
47386
123456789
47388
123456789
47390
123456789
47392
123456789
47394
123456789
47396
123456789
47398
123456789
47400
123456789
47402
123456789
47404
123456789
47406
123456789
47408
123456789
47410
123456789
47412
123456789
47414
123456789
47416
123456789
47418
123456789
47420
123456789
47422
123456789
47424
123456789
47426
123456789
47428
123456789
47430
123456789
47432
123456789
47434
123456789
47436
123456789
47438
123456789
47440
123456789
47442
123456789
47444
123456789
47446
123456789
47448
123456789
47450
123456789
47452
123456789
47454
123456789
47456
123456789
47458
123456789
47460
123456789
47462
123456789
47464
123456789
47466
123456789
47468
123456789
47470
123456789
47472
123456789
47474
123456789
47476
123456789
47478
123456789
47480
123456789
47482
123456789
47484
123456789
47486
123456789
47488
123456789
47490
123456789
47492
123456789
47494
123456789
47496
123456789
47498
123456789
47500
123456789
47502
123456789
47504
123456789
47506
123456789
47508
123456789
47510
123456789
47512
123456789
47514
123456789
47516
123456789
47518
123456789
47520
123456789
47522
123456789
47524
123456789
47526
123456789
47528
123456789
47530
123456789
47532
123456789
47534
123456789
47536
123456789
47538
123456789
47540
123456789
47542
123456789
47544
123456789
47546
123456789
47548
123456789
47550
123456789
47552
123456789
47554
123456789
47556
123456789
47558
123456789
47560
123456789
47562
123456789
47564
123456789
47566
123456789
47568
123456789
47570
123456789
47572
123456789
47574
123456789
47576
123456789
47578
123456789
47580
123456789
47582
123456789
47584
123456789
47586
123456789
47588
123456789
47590
123456789
47592
123456789
47594
123456789
47596
123456789
47598
123456789
47600
123456789
47602
123456789
47604
123456789
47606
123456789
47608
123456789
47610
123456789
47612
123456789
47614
123456789
47616
123456789
47618
123456789
47620
123456789
47622
123456789
47624
123456789
47626
123456789
47628
123456789
47630
123456789
47632
123456789
47634
123456789
47636
123456789
47638
123456789
47640
123456789
47642
123456789
47644
123456789
47646
123456789
47648
123456789
47650
123456789
47652
123456789
47654
123456789
47656
123456789
47658
123456789
47660
123456789
47662
123456789
47664
123456789
47666
123456789
47668
123456789
47670
123456789
47672
123456789
47674
123456789
47676
123456789
47678
123456789
47680
123456789
47682
123456789
47684
123456789
47686
123456789
47688
123456789
47690
123456789
47692
123456789
47694
123456789
47696
123456789
47698
123456789
47700
123456789
47702
123456789
47704
123456789
47706
123456789
47708
123456789
47710
123456789
47712
123456789
47714
123456789
47716
123456789
47718
123456789
47720
123456789
47722
123456789
47724
123456789
47726
123456789
47728
123456789
47730
123456789
47732
123456789
47734
123456789
47736
123456789
47738
123456789
47740
123456789
47742
123456789
47744
123456789
47746
123456789
47748
123456789
47750
123456789
47752
123456789
47754
123456789
47756
123456789
47758
123456789
47760
123456789
47762
123456789
47764
123456789
47766
123456789
47768
123456789
47770
123456789
47772
123456789
47774
123456789
47776
123456789
47778
123456789
47780
123456789
47782
123456789
47784
123456789
47786
123456789
47788
123456789
47790
123456789
47792
123456789
47794
123456789
47796
123456789
47798
123456789
47800
123456789
47802
123456789
47804
123456789
47806
123456789
47808
123456789
47810
123456789
47812
123456789
47814
123456789
47816
123456789
47818
123456789
47820
123456789
47822
123456789
47824
123456789
47826
123456789
47828
123456789
47830
123456789
47832
123456789
47834
123456789
47836
123456789
47838
123456789
47840
123456789
47842
123456789
47844
123456789
47846
123456789
47848
123456789
47850
123456789
47852
123456789
47854
123456789
47856
123456789
47858
123456789
47860
123456789
47862
123456789
47864
123456789
47866
123456789
47868
123456789
47870
123456789
47872
123456789
47874
123456789
47876
123456789
47878
123456789
47880
123456789
47882
123456789
47884
123456789
47886
123456789
47888
123456789
47890
123456789
47892
123456789
47894
123456789
47896
123456789
47898
123456789
47900
123456789
47902
123456789
47904
123456789
47906
123456789
47908
123456789
47910
123456789
47912
123456789
47914
123456789
47916
123456789
47918
123456789
47920
123456789
47922
123456789
47924
123456789
47926
123456789
47928
123456789
47930
123456789
47932
123456789
47934
123456789
47936
123456789
47938
123456789
47940
123456789
47942
123456789
47944
123456789
47946
123456789
47948
123456789
47950
123456789
47952
123456789
47954
123456789
47956
123456789
47958
123456789
47960
123456789
47962
123456789
47964
123456789
47966
123456789
47968
123456789
47970
123456789
47972
123456789
47974
123456789
47976
123456789
47978
123456789
47980
123456789
47982
123456789
47984
123456789
47986
123456789
47988
123456789
47990
123456789
47992
123456789
47994
123456789
47996
123456789
47998
123456789
48000
123456789
48002
123456789
48004
123456789
48006
123456789
48008
123456789
48010
123456789
48012
123456789
48014
123456789
48016
123456789
48018
123456789
48020
123456789
48022
123456789
48024
123456789
48026
123456789
48028
123456789
48030
123456789
48032
123456789
48034
123456789
48036
123456789
48038
123456789
48040
123456789
48042
123456789
48044
123456789
48046
123456789
48048
123456789
48050
123456789
48052
123456789
48054
123456789
48056
123456789
48058
123456789
48060
123456789
48062
123456789
48064
123456789
48066
123456789
48068
123456789
48070
123456789
48072
123456789
48074
123456789
48076
123456789
48078
123456789
48080
123456789
48082
123456789
48084
123456789
48086
123456789
48088
123456789
48090
123456789
48092
123456789
48094
123456789
48096
123456789
48098
123456789
48100
123456789
48102
123456789
48104
123456789
48106
123456789
48108
123456789
48110
123456789
48112
123456789
48114
123456789
48116
123456789
48118
123456789
48120
123456789
48122
123456789
48124
123456789
48126
123456789
48128
123456789
48130
123456789
48132
123456789
48134
123456789
48136
123456789
48138
123456789
48140
123456789
48142
123456789
48144
123456789
48146
123456789
48148
123456789
48150
123456789
48152
123456789
48154
123456789
48156
123456789
48158
123456789
48160
123456789
48162
123456789
48164
123456789
48166
123456789
48168
123456789
48170
123456789
48172
123456789
48174
123456789
48176
123456789
48178
123456789
48180
123456789
48182
123456789
48184
123456789
48186
123456789
48188
123456789
48190
123456789
48192
123456789
48194
123456789
48196
123456789
48198
123456789
48200
123456789
48202
123456789
48204
123456789
48206
123456789
48208
123456789
48210
123456789
48212
123456789
48214
123456789
48216
123456789
48218
123456789
48220
123456789
48222
123456789
48224
123456789
48226
123456789
48228
123456789
48230
123456789
48232
123456789
48234
123456789
48236
123456789
48238
123456789
48240
123456789
48242
123456789
48244
123456789
48246
123456789
48248
123456789
48250
123456789
48252
123456789
48254
123456789
48256
123456789
48258
123456789
48260
123456789
48262
123456789
48264
123456789
48266
123456789
48268
123456789
48270
123456789
48272
123456789
48274
123456789
48276
123456789
48278
123456789
48280
123456789
48282
123456789
48284
123456789
48286
123456789
48288
123456789
48290
123456789
48292
123456789
48294
123456789
48296
123456789
48298
123456789
48300
123456789
48302
123456789
48304
123456789
48306
123456789
48308
123456789
48310
123456789
48312
123456789
48314
123456789
48316
123456789
48318
123456789
48320
123456789
48322
123456789
48324
123456789
48326
123456789
48328
123456789
48330
123456789
48332
123456789
48334
123456789
48336
123456789
48338
123456789
48340
123456789
48342
123456789
48344
123456789
48346
123456789
48348
123456789
48350
123456789
48352
123456789
48354
123456789
48356
123456789
48358
123456789
48360
123456789
48362
123456789
48364
123456789
48366
123456789
48368
123456789
48370
123456789
48372
123456789
48374
123456789
48376
123456789
48378
123456789
48380
123456789
48382
123456789
48384
123456789
48386
123456789
48388
123456789
48390
123456789
48392
123456789
48394
123456789
48396
123456789
48398
123456789
48400
123456789
48402
123456789
48404
123456789
48406
123456789
48408
123456789
48410
123456789
48412
123456789
48414
123456789
48416
123456789
48418
123456789
48420
123456789
48422
123456789
48424
123456789
48426
123456789
48428
123456789
48430
123456789
48432
123456789
48434
123456789
48436
123456789
48438
123456789
48440
123456789
48442
123456789
48444
123456789
48446
123456789
48448
123456789
48450
123456789
48452
123456789
48454
123456789
48456
123456789
48458
123456789
48460
123456789
48462
123456789
48464
123456789
48466
123456789
48468
123456789
48470
123456789
48472
123456789
48474
123456789
48476
123456789
48478
123456789
48480
123456789
48482
123456789
48484
123456789
48486
123456789
48488
123456789
48490
123456789
48492
123456789
48494
123456789
48496
123456789
48498
123456789
48500
123456789
48502
123456789
48504
123456789
48506
123456789
48508
123456789
48510
123456789
48512
123456789
48514
123456789
48516
123456789
48518
123456789
48520
123456789
48522
123456789
48524
123456789
48526
123456789
48528
123456789
48530
123456789
48532
123456789
48534
123456789
48536
123456789
48538
123456789
48540
123456789
48542
123456789
48544
123456789
48546
123456789
48548
123456789
48550
123456789
48552
123456789
48554
123456789
48556
123456789
48558
123456789
48560
123456789
48562
123456789
48564
123456789
48566
123456789
48568
123456789
48570
123456789
48572
123456789
48574
123456789
48576
123456789
48578
123456789
48580
123456789
48582
123456789
48584
123456789
48586
123456789
48588
123456789
48590
123456789
48592
123456789
48594
123456789
48596
123456789
48598
123456789
48600
123456789
48602
123456789
48604
123456789
48606
123456789
48608
123456789
48610
123456789
48612
123456789
48614
123456789
48616
123456789
48618
123456789
48620
123456789
48622
123456789
48624
123456789
48626
123456789
48628
123456789
48630
123456789
48632
123456789
48634
123456789
48636
123456789
48638
123456789
48640
123456789
48642
123456789
48644
123456789
48646
123456789
48648
123456789
48650
123456789
48652
123456789
48654
123456789
48656
123456789
48658
123456789
48660
123456789
48662
123456789
48664
123456789
48666
123456789
48668
123456789
48670
123456789
48672
123456789
48674
123456789
48676
123456789
48678
123456789
48680
123456789
48682
123456789
48684
123456789
48686
123456789
48688
123456789
48690
123456789
48692
123456789
48694
123456789
48696
123456789
48698
123456789
48700
123456789
48702
123456789
48704
123456789
48706
123456789
48708
123456789
48710
123456789
48712
123456789
48714
123456789
48716
123456789
48718
123456789
48720
123456789
48722
123456789
48724
123456789
48726
123456789
48728
123456789
48730
123456789
48732
123456789
48734
123456789
48736
123456789
48738
123456789
48740
123456789
48742
123456789
48744
123456789
48746
123456789
48748
123456789
48750
123456789
48752
123456789
48754
123456789
48756
123456789
48758
123456789
48760
123456789
48762
123456789
48764
123456789
48766
123456789
48768
123456789
48770
123456789
48772
123456789
48774
123456789
48776
123456789
48778
123456789
48780
123456789
48782
123456789
48784
123456789
48786
123456789
48788
123456789
48790
123456789
48792
123456789
48794
123456789
48796
123456789
48798
123456789
48800
123456789
48802
123456789
48804
123456789
48806
123456789
48808
123456789
48810
123456789
48812
123456789
48814
123456789
48816
123456789
48818
123456789
48820
123456789
48822
123456789
48824
123456789
48826
123456789
48828
123456789
48830
123456789
48832
123456789
48834
123456789
48836
123456789
48838
123456789
48840
123456789
48842
123456789
48844
123456789
48846
123456789
48848
123456789
48850
123456789
48852
123456789
48854
123456789
48856
123456789
48858
123456789
48860
123456789
48862
123456789
48864
123456789
48866
123456789
48868
123456789
48870
123456789
48872
123456789
48874
123456789
48876
123456789
48878
123456789
48880
123456789
48882
123456789
48884
123456789
48886
123456789
48888
123456789
48890
123456789
48892
123456789
48894
123456789
48896
123456789
48898
123456789
48900
123456789
48902
123456789
48904
123456789
48906
123456789
48908
123456789
48910
123456789
48912
123456789
48914
123456789
48916
123456789
48918
123456789
48920
123456789
48922
123456789
48924
123456789
48926
123456789
48928
123456789
48930
123456789
48932
123456789
48934
123456789
48936
123456789
48938
123456789
48940
123456789
48942
123456789
48944
123456789
48946
123456789
48948
123456789
48950
123456789
48952
123456789
48954
123456789
48956
123456789
48958
123456789
48960
123456789
48962
123456789
48964
123456789
48966
123456789
48968
123456789
48970
123456789
48972
123456789
48974
123456789
48976
123456789
48978
123456789
48980
123456789
48982
123456789
48984
123456789
48986
123456789
48988
123456789
48990
123456789
48992
123456789
48994
123456789
48996
123456789
48998
123456789
49000
123456789
49002
123456789
49004
123456789
49006
123456789
49008
123456789
49010
123456789
49012
123456789
49014
123456789
49016
123456789
49018
123456789
49020
123456789
49022
123456789
49024
123456789
49026
123456789
49028
123456789
49030
123456789
49032
123456789
49034
123456789
49036
123456789
49038
123456789
49040
123456789
49042
123456789
49044
123456789
49046
123456789
49048
123456789
49050
123456789
49052
123456789
49054
123456789
49056
123456789
49058
123456789
49060
123456789
49062
123456789
49064
123456789
49066
123456789
49068
123456789
49070
123456789
49072
123456789
49074
123456789
49076
123456789
49078
123456789
49080
123456789
49082
123456789
49084
123456789
49086
123456789
49088
123456789
49090
123456789
49092
123456789
49094
123456789
49096
123456789
49098
123456789
49100
123456789
49102
123456789
49104
123456789
49106
123456789
49108
123456789
49110
123456789
49112
123456789
49114
123456789
49116
123456789
49118
123456789
49120
123456789
49122
123456789
49124
123456789
49126
123456789
49128
123456789
49130
123456789
49132
123456789
49134
123456789
49136
123456789
49138
123456789
49140
123456789
49142
123456789
49144
123456789
49146
123456789
49148
123456789
49150
123456789
49152
123456789
49154
123456789
49156
123456789
49158
123456789
49160
123456789
49162
123456789
49164
123456789
49166
123456789
49168
123456789
49170
123456789
49172
123456789
49174
123456789
49176
123456789
49178
123456789
49180
123456789
49182
123456789
49184
123456789
49186
123456789
49188
123456789
49190
123456789
49192
123456789
49194
123456789
49196
123456789
49198
123456789
49200
123456789
49202
123456789
49204
123456789
49206
123456789
49208
123456789
49210
123456789
49212
123456789
49214
123456789
49216
123456789
49218
123456789
49220
123456789
49222
123456789
49224
123456789
49226
123456789
49228
123456789
49230
123456789
49232
123456789
49234
123456789
49236
123456789
49238
123456789
49240
123456789
49242
123456789
49244
123456789
49246
123456789
49248
123456789
49250
123456789
49252
123456789
49254
123456789
49256
123456789
49258
123456789
49260
123456789
49262
123456789
49264
123456789
49266
123456789
49268
123456789
49270
123456789
49272
123456789
49274
123456789
49276
123456789
49278
123456789
49280
123456789
49282
123456789
49284
123456789
49286
123456789
49288
123456789
49290
123456789
49292
123456789
49294
123456789
49296
123456789
49298
123456789
49300
123456789
49302
123456789
49304
123456789
49306
123456789
49308
123456789
49310
123456789
49312
123456789
49314
123456789
49316
123456789
49318
123456789
49320
123456789
49322
123456789
49324
123456789
49326
123456789
49328
123456789
49330
123456789
49332
123456789
49334
123456789
49336
123456789
49338
123456789
49340
123456789
49342
123456789
49344
123456789
49346
123456789
49348
123456789
49350
123456789
49352
123456789
49354
123456789
49356
123456789
49358
123456789
49360
123456789
49362
123456789
49364
123456789
49366
123456789
49368
123456789
49370
123456789
49372
123456789
49374
123456789
49376
123456789
49378
123456789
49380
123456789
49382
123456789
49384
123456789
49386
123456789
49388
123456789
49390
123456789
49392
123456789
49394
123456789
49396
123456789
49398
123456789
49400
123456789
49402
123456789
49404
123456789
49406
123456789
49408
123456789
49410
123456789
49412
123456789
49414
123456789
49416
123456789
49418
123456789
49420
123456789
49422
123456789
49424
123456789
49426
123456789
49428
123456789
49430
123456789
49432
123456789
49434
123456789
49436
123456789
49438
123456789
49440
123456789
49442
123456789
49444
123456789
49446
123456789
49448
123456789
49450
123456789
49452
123456789
49454
123456789
49456
123456789
49458
123456789
49460
123456789
49462
123456789
49464
123456789
49466
123456789
49468
123456789
49470
123456789
49472
123456789
49474
123456789
49476
123456789
49478
123456789
49480
123456789
49482
123456789
49484
123456789
49486
123456789
49488
123456789
49490
123456789
49492
123456789
49494
123456789
49496
123456789
49498
123456789
49500
123456789
49502
123456789
49504
123456789
49506
123456789
49508
123456789
49510
123456789
49512
123456789
49514
123456789
49516
123456789
49518
123456789
49520
123456789
49522
123456789
49524
123456789
49526
123456789
49528
123456789
49530
123456789
49532
123456789
49534
123456789
49536
123456789
49538
123456789
49540
123456789
49542
123456789
49544
123456789
49546
123456789
49548
123456789
49550
123456789
49552
123456789
49554
123456789
49556
123456789
49558
123456789
49560
123456789
49562
123456789
49564
123456789
49566
123456789
49568
123456789
49570
123456789
49572
123456789
49574
123456789
49576
123456789
49578
123456789
49580
123456789
49582
123456789
49584
123456789
49586
123456789
49588
123456789
49590
123456789
49592
123456789
49594
123456789
49596
123456789
49598
123456789
49600
123456789
49602
123456789
49604
123456789
49606
123456789
49608
123456789
49610
123456789
49612
123456789
49614
123456789
49616
123456789
49618
123456789
49620
123456789
49622
123456789
49624
123456789
49626
123456789
49628
123456789
49630
123456789
49632
123456789
49634
123456789
49636
123456789
49638
123456789
49640
123456789
49642
123456789
49644
123456789
49646
123456789
49648
123456789
49650
123456789
49652
123456789
49654
123456789
49656
123456789
49658
123456789
49660
123456789
49662
123456789
49664
123456789
49666
123456789
49668
123456789
49670
123456789
49672
123456789
49674
123456789
49676
123456789
49678
123456789
49680
123456789
49682
123456789
49684
123456789
49686
123456789
49688
123456789
49690
123456789
49692
123456789
49694
123456789
49696
123456789
49698
123456789
49700
123456789
49702
123456789
49704
123456789
49706
123456789
49708
123456789
49710
123456789
49712
123456789
49714
123456789
49716
123456789
49718
123456789
49720
123456789
49722
123456789
49724
123456789
49726
123456789
49728
123456789
49730
123456789
49732
123456789
49734
123456789
49736
123456789
49738
123456789
49740
123456789
49742
123456789
49744
123456789
49746
123456789
49748
123456789
49750
123456789
49752
123456789
49754
123456789
49756
123456789
49758
123456789
49760
123456789
49762
123456789
49764
123456789
49766
123456789
49768
123456789
49770
123456789
49772
123456789
49774
123456789
49776
123456789
49778
123456789
49780
123456789
49782
123456789
49784
123456789
49786
123456789
49788
123456789
49790
123456789
49792
123456789
49794
123456789
49796
123456789
49798
123456789
49800
123456789
49802
123456789
49804
123456789
49806
123456789
49808
123456789
49810
123456789
49812
123456789
49814
123456789
49816
123456789
49818
123456789
49820
123456789
49822
123456789
49824
123456789
49826
123456789
49828
123456789
49830
123456789
49832
123456789
49834
123456789
49836
123456789
49838
123456789
49840
123456789
49842
123456789
49844
123456789
49846
123456789
49848
123456789
49850
123456789
49852
123456789
49854
123456789
49856
123456789
49858
123456789
49860
123456789
49862
123456789
49864
123456789
49866
123456789
49868
123456789
49870
123456789
49872
123456789
49874
123456789
49876
123456789
49878
123456789
49880
123456789
49882
123456789
49884
123456789
49886
123456789
49888
123456789
49890
123456789
49892
123456789
49894
123456789
49896
123456789
49898
123456789
49900
123456789
49902
123456789
49904
123456789
49906
123456789
49908
123456789
49910
123456789
49912
123456789
49914
123456789
49916
123456789
49918
123456789
49920
123456789
49922
123456789
49924
123456789
49926
123456789
49928
123456789
49930
123456789
49932
123456789
49934
123456789
49936
123456789
49938
123456789
49940
123456789
49942
123456789
49944
123456789
49946
123456789
49948
123456789
49950
123456789
49952
123456789
49954
123456789
49956
123456789
49958
123456789
49960
123456789
49962
123456789
49964
123456789
49966
123456789
49968
123456789
49970
123456789
49972
123456789
49974
123456789
49976
123456789
49978
123456789
49980
123456789
49982
123456789
49984
123456789
49986
123456789
49988
123456789
49990
123456789
49992
123456789
49994
123456789
49996
123456789
49998
123456789
50000
123456789
50002
123456789
50004
123456789
50006
123456789
50008
123456789
50010
123456789
50012
123456789
50014
123456789
50016
123456789
50018
123456789
50020
123456789
50022
123456789
50024
123456789
50026
123456789
50028
123456789
50030
123456789
50032
123456789
50034
123456789
50036
123456789
50038
123456789
50040
123456789
50042
123456789
50044
123456789
50046
123456789
50048
123456789
50050
123456789
50052
123456789
50054
123456789
50056
123456789
50058
123456789
50060
123456789
50062
123456789
50064
123456789
50066
123456789
50068
123456789
50070
123456789
50072
123456789
50074
123456789
50076
123456789
50078
123456789
50080
123456789
50082
123456789
50084
123456789
50086
123456789
50088
123456789
50090
123456789
50092
123456789
50094
123456789
50096
123456789
50098
123456789
50100
123456789
50102
123456789
50104
123456789
50106
123456789
50108
123456789
50110
123456789
50112
123456789
50114
123456789
50116
123456789
50118
123456789
50120
123456789
50122
123456789
50124
123456789
50126
123456789
50128
123456789
50130
123456789
50132
123456789
50134
123456789
50136
123456789
50138
123456789
50140
123456789
50142
123456789
50144
123456789
50146
123456789
50148
123456789
50150
123456789
50152
123456789
50154
123456789
50156
123456789
50158
123456789
50160
123456789
50162
123456789
50164
123456789
50166
123456789
50168
123456789
50170
123456789
50172
123456789
50174
123456789
50176
123456789
50178
123456789
50180
123456789
50182
123456789
50184
123456789
50186
123456789
50188
123456789
50190
123456789
50192
123456789
50194
123456789
50196
123456789
50198
123456789
50200
123456789
50202
123456789
50204
123456789
50206
123456789
50208
123456789
50210
123456789
50212
123456789
50214
123456789
50216
123456789
50218
123456789
50220
123456789
50222
123456789
50224
123456789
50226
123456789
50228
123456789
50230
123456789
50232
123456789
50234
123456789
50236
123456789
50238
123456789
50240
123456789
50242
123456789
50244
123456789
50246
123456789
50248
123456789
50250
123456789
50252
123456789
50254
123456789
50256
123456789
50258
123456789
50260
123456789
50262
123456789
50264
123456789
50266
123456789
50268
123456789
50270
123456789
50272
123456789
50274
123456789
50276
123456789
50278
123456789
50280
123456789
50282
123456789
50284
123456789
50286
123456789
50288
123456789
50290
123456789
50292
123456789
50294
123456789
50296
123456789
50298
123456789
50300
123456789
50302
123456789
50304
123456789
50306
123456789
50308
123456789
50310
123456789
50312
123456789
50314
123456789
50316
123456789
50318
123456789
50320
123456789
50322
123456789
50324
123456789
50326
123456789
50328
123456789
50330
123456789
50332
123456789
50334
123456789
50336
123456789
50338
123456789
50340
123456789
50342
123456789
50344
123456789
50346
123456789
50348
123456789
50350
123456789
50352
123456789
50354
123456789
50356
123456789
50358
123456789
50360
123456789
50362
123456789
50364
123456789
50366
123456789
50368
123456789
50370
123456789
50372
123456789
50374
123456789
50376
123456789
50378
123456789
50380
123456789
50382
123456789
50384
123456789
50386
123456789
50388
123456789
50390
123456789
50392
123456789
50394
123456789
50396
123456789
50398
123456789
50400
123456789
50402
123456789
50404
123456789
50406
123456789
50408
123456789
50410
123456789
50412
123456789
50414
123456789
50416
123456789
50418
123456789
50420
123456789
50422
123456789
50424
123456789
50426
123456789
50428
123456789
50430
123456789
50432
123456789
50434
123456789
50436
123456789
50438
123456789
50440
123456789
50442
123456789
50444
123456789
50446
123456789
50448
123456789
50450
123456789
50452
123456789
50454
123456789
50456
123456789
50458
123456789
50460
123456789
50462
123456789
50464
123456789
50466
123456789
50468
123456789
50470
123456789
50472
123456789
50474
123456789
50476
123456789
50478
123456789
50480
123456789
50482
123456789
50484
123456789
50486
123456789
50488
123456789
50490
123456789
50492
123456789
50494
123456789
50496
123456789
50498
123456789
50500
123456789
50502
123456789
50504
123456789
50506
123456789
50508
123456789
50510
123456789
50512
123456789
50514
123456789
50516
123456789
50518
123456789
50520
123456789
50522
123456789
50524
123456789
50526
123456789
50528
123456789
50530
123456789
50532
123456789
50534
123456789
50536
123456789
50538
123456789
50540
123456789
50542
123456789
50544
123456789
50546
123456789
50548
123456789
50550
123456789
50552
123456789
50554
123456789
50556
123456789
50558
123456789
50560
123456789
50562
123456789
50564
123456789
50566
123456789
50568
123456789
50570
123456789
50572
123456789
50574
123456789
50576
123456789
50578
123456789
50580
123456789
50582
123456789
50584
123456789
50586
123456789
50588
123456789
50590
123456789
50592
123456789
50594
123456789
50596
123456789
50598
123456789
50600
123456789
50602
123456789
50604
123456789
50606
123456789
50608
123456789
50610
123456789
50612
123456789
50614
123456789
50616
123456789
50618
123456789
50620
123456789
50622
123456789
50624
123456789
50626
123456789
50628
123456789
50630
123456789
50632
123456789
50634
123456789
50636
123456789
50638
123456789
50640
123456789
50642
123456789
50644
123456789
50646
123456789
50648
123456789
50650
123456789
50652
123456789
50654
123456789
50656
123456789
50658
123456789
50660
123456789
50662
123456789
50664
123456789
50666
123456789
50668
123456789
50670
123456789
50672
123456789
50674
123456789
50676
123456789
50678
123456789
50680
123456789
50682
123456789
50684
123456789
50686
123456789
50688
123456789
50690
123456789
50692
123456789
50694
123456789
50696
123456789
50698
123456789
50700
123456789
50702
123456789
50704
123456789
50706
123456789
50708
123456789
50710
123456789
50712
123456789
50714
123456789
50716
123456789
50718
123456789
50720
123456789
50722
123456789
50724
123456789
50726
123456789
50728
123456789
50730
123456789
50732
123456789
50734
123456789
50736
123456789
50738
123456789
50740
123456789
50742
123456789
50744
123456789
50746
123456789
50748
123456789
50750
123456789
50752
123456789
50754
123456789
50756
123456789
50758
123456789
50760
123456789
50762
123456789
50764
123456789
50766
123456789
50768
123456789
50770
123456789
50772
123456789
50774
123456789
50776
123456789
50778
123456789
50780
123456789
50782
123456789
50784
123456789
50786
123456789
50788
123456789
50790
123456789
50792
123456789
50794
123456789
50796
123456789
50798
123456789
50800
123456789
50802
123456789
50804
123456789
50806
123456789
50808
123456789
50810
123456789
50812
123456789
50814
123456789
50816
123456789
50818
123456789
50820
123456789
50822
123456789
50824
123456789
50826
123456789
50828
123456789
50830
123456789
50832
123456789
50834
123456789
50836
123456789
50838
123456789
50840
123456789
50842
123456789
50844
123456789
50846
123456789
50848
123456789
50850
123456789
50852
123456789
50854
123456789
50856
123456789
50858
123456789
50860
123456789
50862
123456789
50864
123456789
50866
123456789
50868
123456789
50870
123456789
50872
123456789
50874
123456789
50876
123456789
50878
123456789
50880
123456789
50882
123456789
50884
123456789
50886
123456789
50888
123456789
50890
123456789
50892
123456789
50894
123456789
50896
123456789
50898
123456789
50900
123456789
50902
123456789
50904
123456789
50906
123456789
50908
123456789
50910
123456789
50912
123456789
50914
123456789
50916
123456789
50918
123456789
50920
123456789
50922
123456789
50924
123456789
50926
123456789
50928
123456789
50930
123456789
50932
123456789
50934
123456789
50936
123456789
50938
123456789
50940
123456789
50942
123456789
50944
123456789
50946
123456789
50948
123456789
50950
123456789
50952
123456789
50954
123456789
50956
123456789
50958
123456789
50960
123456789
50962
123456789
50964
123456789
50966
123456789
50968
123456789
50970
123456789
50972
123456789
50974
123456789
50976
123456789
50978
123456789
50980
123456789
50982
123456789
50984
123456789
50986
123456789
50988
123456789
50990
123456789
50992
123456789
50994
123456789
50996
123456789
50998
123456789
51000
123456789
51002
123456789
51004
123456789
51006
123456789
51008
123456789
51010
123456789
51012
123456789
51014
123456789
51016
123456789
51018
123456789
51020
123456789
51022
123456789
51024
123456789
51026
123456789
51028
123456789
51030
123456789
51032
123456789
51034
123456789
51036
123456789
51038
123456789
51040
123456789
51042
123456789
51044
123456789
51046
123456789
51048
123456789
51050
123456789
51052
123456789
51054
123456789
51056
123456789
51058
123456789
51060
123456789
51062
123456789
51064
123456789
51066
123456789
51068
123456789
51070
123456789
51072
123456789
51074
123456789
51076
123456789
51078
123456789
51080
123456789
51082
123456789
51084
123456789
51086
123456789
51088
123456789
51090
123456789
51092
123456789
51094
123456789
51096
123456789
51098
123456789
51100
123456789
51102
123456789
51104
123456789
51106
123456789
51108
123456789
51110
123456789
51112
123456789
51114
123456789
51116
123456789
51118
123456789
51120
123456789
51122
123456789
51124
123456789
51126
123456789
51128
123456789
51130
123456789
51132
123456789
51134
123456789
51136
123456789
51138
123456789
51140
123456789
51142
123456789
51144
123456789
51146
123456789
51148
123456789
51150
123456789
51152
123456789
51154
123456789
51156
123456789
51158
123456789
51160
123456789
51162
123456789
51164
123456789
51166
123456789
51168
123456789
51170
123456789
51172
123456789
51174
123456789
51176
123456789
51178
123456789
51180
123456789
51182
123456789
51184
123456789
51186
123456789
51188
123456789
51190
123456789
51192
123456789
51194
123456789
51196
123456789
51198
123456789
51200
123456789
51202
123456789
51204
123456789
51206
123456789
51208
123456789
51210
123456789
51212
123456789
51214
123456789
51216
123456789
51218
123456789
51220
123456789
51222
123456789
51224
123456789
51226
123456789
51228
123456789
51230
123456789
51232
123456789
51234
123456789
51236
123456789
51238
123456789
51240
123456789
51242
123456789
51244
123456789
51246
123456789
51248
123456789
51250
123456789
51252
123456789
51254
123456789
51256
123456789
51258
123456789
51260
123456789
51262
123456789
51264
123456789
51266
123456789
51268
123456789
51270
123456789
51272
123456789
51274
123456789
51276
123456789
51278
123456789
51280
123456789
51282
123456789
51284
123456789
51286
123456789
51288
123456789
51290
123456789
51292
123456789
51294
123456789
51296
123456789
51298
123456789
51300
123456789
51302
123456789
51304
123456789
51306
123456789
51308
123456789
51310
123456789
51312
123456789
51314
123456789
51316
123456789
51318
123456789
51320
123456789
51322
123456789
51324
123456789
51326
123456789
51328
123456789
51330
123456789
51332
123456789
51334
123456789
51336
123456789
51338
123456789
51340
123456789
51342
123456789
51344
123456789
51346
123456789
51348
123456789
51350
123456789
51352
123456789
51354
123456789
51356
123456789
51358
123456789
51360
123456789
51362
123456789
51364
123456789
51366
123456789
51368
123456789
51370
123456789
51372
123456789
51374
123456789
51376
123456789
51378
123456789
51380
123456789
51382
123456789
51384
123456789
51386
123456789
51388
123456789
51390
123456789
51392
123456789
51394
123456789
51396
123456789
51398
123456789
51400
123456789
51402
123456789
51404
123456789
51406
123456789
51408
123456789
51410
123456789
51412
123456789
51414
123456789
51416
123456789
51418
123456789
51420
123456789
51422
123456789
51424
123456789
51426
123456789
51428
123456789
51430
123456789
51432
123456789
51434
123456789
51436
123456789
51438
123456789
51440
123456789
51442
123456789
51444
123456789
51446
123456789
51448
123456789
51450
123456789
51452
123456789
51454
123456789
51456
123456789
51458
123456789
51460
123456789
51462
123456789
51464
123456789
51466
123456789
51468
123456789
51470
123456789
51472
123456789
51474
123456789
51476
123456789
51478
123456789
51480
123456789
51482
123456789
51484
123456789
51486
123456789
51488
123456789
51490
123456789
51492
123456789
51494
123456789
51496
123456789
51498
123456789
51500
123456789
51502
123456789
51504
123456789
51506
123456789
51508
123456789
51510
123456789
51512
123456789
51514
123456789
51516
123456789
51518
123456789
51520
123456789
51522
123456789
51524
123456789
51526
123456789
51528
123456789
51530
123456789
51532
123456789
51534
123456789
51536
123456789
51538
123456789
51540
123456789
51542
123456789
51544
123456789
51546
123456789
51548
123456789
51550
123456789
51552
123456789
51554
123456789
51556
123456789
51558
123456789
51560
123456789
51562
123456789
51564
123456789
51566
123456789
51568
123456789
51570
123456789
51572
123456789
51574
123456789
51576
123456789
51578
123456789
51580
123456789
51582
123456789
51584
123456789
51586
123456789
51588
123456789
51590
123456789
51592
123456789
51594
123456789
51596
123456789
51598
123456789
51600
123456789
51602
123456789
51604
123456789
51606
123456789
51608
123456789
51610
123456789
51612
123456789
51614
123456789
51616
123456789
51618
123456789
51620
123456789
51622
123456789
51624
123456789
51626
123456789
51628
123456789
51630
123456789
51632
123456789
51634
123456789
51636
123456789
51638
123456789
51640
123456789
51642
123456789
51644
123456789
51646
123456789
51648
123456789
51650
123456789
51652
123456789
51654
123456789
51656
123456789
51658
123456789
51660
123456789
51662
123456789
51664
123456789
51666
123456789
51668
123456789
51670
123456789
51672
123456789
51674
123456789
51676
123456789
51678
123456789
51680
123456789
51682
123456789
51684
123456789
51686
123456789
51688
123456789
51690
123456789
51692
123456789
51694
123456789
51696
123456789
51698
123456789
51700
123456789
51702
123456789
51704
123456789
51706
123456789
51708
123456789
51710
123456789
51712
123456789
51714
123456789
51716
123456789
51718
123456789
51720
123456789
51722
123456789
51724
123456789
51726
123456789
51728
123456789
51730
123456789
51732
123456789
51734
123456789
51736
123456789
51738
123456789
51740
123456789
51742
123456789
51744
123456789
51746
123456789
51748
123456789
51750
123456789
51752
123456789
51754
123456789
51756
123456789
51758
123456789
51760
123456789
51762
123456789
51764
123456789
51766
123456789
51768
123456789
51770
123456789
51772
123456789
51774
123456789
51776
123456789
51778
123456789
51780
123456789
51782
123456789
51784
123456789
51786
123456789
51788
123456789
51790
123456789
51792
123456789
51794
123456789
51796
123456789
51798
123456789
51800
123456789
51802
123456789
51804
123456789
51806
123456789
51808
123456789
51810
123456789
51812
123456789
51814
123456789
51816
123456789
51818
123456789
51820
123456789
51822
123456789
51824
123456789
51826
123456789
51828
123456789
51830
123456789
51832
123456789
51834
123456789
51836
123456789
51838
123456789
51840
123456789
51842
123456789
51844
123456789
51846
123456789
51848
123456789
51850
123456789
51852
123456789
51854
123456789
51856
123456789
51858
123456789
51860
123456789
51862
123456789
51864
123456789
51866
123456789
51868
123456789
51870
123456789
51872
123456789
51874
123456789
51876
123456789
51878
123456789
51880
123456789
51882
123456789
51884
123456789
51886
123456789
51888
123456789
51890
123456789
51892
123456789
51894
123456789
51896
123456789
51898
123456789
51900
123456789
51902
123456789
51904
123456789
51906
123456789
51908
123456789
51910
123456789
51912
123456789
51914
123456789
51916
123456789
51918
123456789
51920
123456789
51922
123456789
51924
123456789
51926
123456789
51928
123456789
51930
123456789
51932
123456789
51934
123456789
51936
123456789
51938
123456789
51940
123456789
51942
123456789
51944
123456789
51946
123456789
51948
123456789
51950
123456789
51952
123456789
51954
123456789
51956
123456789
51958
123456789
51960
123456789
51962
123456789
51964
123456789
51966
123456789
51968
123456789
51970
123456789
51972
123456789
51974
123456789
51976
123456789
51978
123456789
51980
123456789
51982
123456789
51984
123456789
51986
123456789
51988
123456789
51990
123456789
51992
123456789
51994
123456789
51996
123456789
51998
123456789
52000
123456789
52002
123456789
52004
123456789
52006
123456789
52008
123456789
52010
123456789
52012
123456789
52014
123456789
52016
123456789
52018
123456789
52020
123456789
52022
123456789
52024
123456789
52026
123456789
52028
123456789
52030
123456789
52032
123456789
52034
123456789
52036
123456789
52038
123456789
52040
123456789
52042
123456789
52044
123456789
52046
123456789
52048
123456789
52050
123456789
52052
123456789
52054
123456789
52056
123456789
52058
123456789
52060
123456789
52062
123456789
52064
123456789
52066
123456789
52068
123456789
52070
123456789
52072
123456789
52074
123456789
52076
123456789
52078
123456789
52080
123456789
52082
123456789
52084
123456789
52086
123456789
52088
123456789
52090
123456789
52092
123456789
52094
123456789
52096
123456789
52098
123456789
52100
123456789
52102
123456789
52104
123456789
52106
123456789
52108
123456789
52110
123456789
52112
123456789
52114
123456789
52116
123456789
52118
123456789
52120
123456789
52122
123456789
52124
123456789
52126
123456789
52128
123456789
52130
123456789
52132
123456789
52134
123456789
52136
123456789
52138
123456789
52140
123456789
52142
123456789
52144
123456789
52146
123456789
52148
123456789
52150
123456789
52152
123456789
52154
123456789
52156
123456789
52158
123456789
52160
123456789
52162
123456789
52164
123456789
52166
123456789
52168
123456789
52170
123456789
52172
123456789
52174
123456789
52176
123456789
52178
123456789
52180
123456789
52182
123456789
52184
123456789
52186
123456789
52188
123456789
52190
123456789
52192
123456789
52194
123456789
52196
123456789
52198
123456789
52200
123456789
52202
123456789
52204
123456789
52206
123456789
52208
123456789
52210
123456789
52212
123456789
52214
123456789
52216
123456789
52218
123456789
52220
123456789
52222
123456789
52224
123456789
52226
123456789
52228
123456789
52230
123456789
52232
123456789
52234
123456789
52236
123456789
52238
123456789
52240
123456789
52242
123456789
52244
123456789
52246
123456789
52248
123456789
52250
123456789
52252
123456789
52254
123456789
52256
123456789
52258
123456789
52260
123456789
52262
123456789
52264
123456789
52266
123456789
52268
123456789
52270
123456789
52272
123456789
52274
123456789
52276
123456789
52278
123456789
52280
123456789
52282
123456789
52284
123456789
52286
123456789
52288
123456789
52290
123456789
52292
123456789
52294
123456789
52296
123456789
52298
123456789
52300
123456789
52302
123456789
52304
123456789
52306
123456789
52308
123456789
52310
123456789
52312
123456789
52314
123456789
52316
123456789
52318
123456789
52320
123456789
52322
123456789
52324
123456789
52326
123456789
52328
123456789
52330
123456789
52332
123456789
52334
123456789
52336
123456789
52338
123456789
52340
123456789
52342
123456789
52344
123456789
52346
123456789
52348
123456789
52350
123456789
52352
123456789
52354
123456789
52356
123456789
52358
123456789
52360
123456789
52362
123456789
52364
123456789
52366
123456789
52368
123456789
52370
123456789
52372
123456789
52374
123456789
52376
123456789
52378
123456789
52380
123456789
52382
123456789
52384
123456789
52386
123456789
52388
123456789
52390
123456789
52392
123456789
52394
123456789
52396
123456789
52398
123456789
52400
123456789
52402
123456789
52404
123456789
52406
123456789
52408
123456789
52410
123456789
52412
123456789
52414
123456789
52416
123456789
52418
123456789
52420
123456789
52422
123456789
52424
123456789
52426
123456789
52428
123456789
52430
123456789
52432
123456789
52434
123456789
52436
123456789
52438
123456789
52440
123456789
52442
123456789
52444
123456789
52446
123456789
52448
123456789
52450
123456789
52452
123456789
52454
123456789
52456
123456789
52458
123456789
52460
123456789
52462
123456789
52464
123456789
52466
123456789
52468
123456789
52470
123456789
52472
123456789
52474
123456789
52476
123456789
52478
123456789
52480
123456789
52482
123456789
52484
123456789
52486
123456789
52488
123456789
52490
123456789
52492
123456789
52494
123456789
52496
123456789
52498
123456789
52500
123456789
52502
123456789
52504
123456789
52506
123456789
52508
123456789
52510
123456789
52512
123456789
52514
123456789
52516
123456789
52518
123456789
52520
123456789
52522
123456789
52524
123456789
52526
123456789
52528
123456789
52530
123456789
52532
123456789
52534
123456789
52536
123456789
52538
123456789
52540
123456789
52542
123456789
52544
123456789
52546
123456789
52548
123456789
52550
123456789
52552
123456789
52554
123456789
52556
123456789
52558
123456789
52560
123456789
52562
123456789
52564
123456789
52566
123456789
52568
123456789
52570
123456789
52572
123456789
52574
123456789
52576
123456789
52578
123456789
52580
123456789
52582
123456789
52584
123456789
52586
123456789
52588
123456789
52590
123456789
52592
123456789
52594
123456789
52596
123456789
52598
123456789
52600
123456789
52602
123456789
52604
123456789
52606
123456789
52608
123456789
52610
123456789
52612
123456789
52614
123456789
52616
123456789
52618
123456789
52620
123456789
52622
123456789
52624
123456789
52626
123456789
52628
123456789
52630
123456789
52632
123456789
52634
123456789
52636
123456789
52638
123456789
52640
123456789
52642
123456789
52644
123456789
52646
123456789
52648
123456789
52650
123456789
52652
123456789
52654
123456789
52656
123456789
52658
123456789
52660
123456789
52662
123456789
52664
123456789
52666
123456789
52668
123456789
52670
123456789
52672
123456789
52674
123456789
52676
123456789
52678
123456789
52680
123456789
52682
123456789
52684
123456789
52686
123456789
52688
123456789
52690
123456789
52692
123456789
52694
123456789
52696
123456789
52698
123456789
52700
123456789
52702
123456789
52704
123456789
52706
123456789
52708
123456789
52710
123456789
52712
123456789
52714
123456789
52716
123456789
52718
123456789
52720
123456789
52722
123456789
52724
123456789
52726
123456789
52728
123456789
52730
123456789
52732
123456789
52734
123456789
52736
123456789
52738
123456789
52740
123456789
52742
123456789
52744
123456789
52746
123456789
52748
123456789
52750
123456789
52752
123456789
52754
123456789
52756
123456789
52758
123456789
52760
123456789
52762
123456789
52764
123456789
52766
123456789
52768
123456789
52770
123456789
52772
123456789
52774
123456789
52776
123456789
52778
123456789
52780
123456789
52782
123456789
52784
123456789
52786
123456789
52788
123456789
52790
123456789
52792
123456789
52794
123456789
52796
123456789
52798
123456789
52800
123456789
52802
123456789
52804
123456789
52806
123456789
52808
123456789
52810
123456789
52812
123456789
52814
123456789
52816
123456789
52818
123456789
52820
123456789
52822
123456789
52824
123456789
52826
123456789
52828
123456789
52830
123456789
52832
123456789
52834
123456789
52836
123456789
52838
123456789
52840
123456789
52842
123456789
52844
123456789
52846
123456789
52848
123456789
52850
123456789
52852
123456789
52854
123456789
52856
123456789
52858
123456789
52860
123456789
52862
123456789
52864
123456789
52866
123456789
52868
123456789
52870
123456789
52872
123456789
52874
123456789
52876
123456789
52878
123456789
52880
123456789
52882
123456789
52884
123456789
52886
123456789
52888
123456789
52890
123456789
52892
123456789
52894
123456789
52896
123456789
52898
123456789
52900
123456789
52902
123456789
52904
123456789
52906
123456789
52908
123456789
52910
123456789
52912
123456789
52914
123456789
52916
123456789
52918
123456789
52920
123456789
52922
123456789
52924
123456789
52926
123456789
52928
123456789
52930
123456789
52932
123456789
52934
123456789
52936
123456789
52938
123456789
52940
123456789
52942
123456789
52944
123456789
52946
123456789
52948
123456789
52950
123456789
52952
123456789
52954
123456789
52956
123456789
52958
123456789
52960
123456789
52962
123456789
52964
123456789
52966
123456789
52968
123456789
52970
123456789
52972
123456789
52974
123456789
52976
123456789
52978
123456789
52980
123456789
52982
123456789
52984
123456789
52986
123456789
52988
123456789
52990
123456789
52992
123456789
52994
123456789
52996
123456789
52998
123456789
53000
123456789
53002
123456789
53004
123456789
53006
123456789
53008
123456789
53010
123456789
53012
123456789
53014
123456789
53016
123456789
53018
123456789
53020
123456789
53022
123456789
53024
123456789
53026
123456789
53028
123456789
53030
123456789
53032
123456789
53034
123456789
53036
123456789
53038
123456789
53040
123456789
53042
123456789
53044
123456789
53046
123456789
53048
123456789
53050
123456789
53052
123456789
53054
123456789
53056
123456789
53058
123456789
53060
123456789
53062
123456789
53064
123456789
53066
123456789
53068
123456789
53070
123456789
53072
123456789
53074
123456789
53076
123456789
53078
123456789
53080
123456789
53082
123456789
53084
123456789
53086
123456789
53088
123456789
53090
123456789
53092
123456789
53094
123456789
53096
123456789
53098
123456789
53100
123456789
53102
123456789
53104
123456789
53106
123456789
53108
123456789
53110
123456789
53112
123456789
53114
123456789
53116
123456789
53118
123456789
53120
123456789
53122
123456789
53124
123456789
53126
123456789
53128
123456789
53130
123456789
53132
123456789
53134
123456789
53136
123456789
53138
123456789
53140
123456789
53142
123456789
53144
123456789
53146
123456789
53148
123456789
53150
123456789
53152
123456789
53154
123456789
53156
123456789
53158
123456789
53160
123456789
53162
123456789
53164
123456789
53166
123456789
53168
123456789
53170
123456789
53172
123456789
53174
123456789
53176
123456789
53178
123456789
53180
123456789
53182
123456789
53184
123456789
53186
123456789
53188
123456789
53190
123456789
53192
123456789
53194
123456789
53196
123456789
53198
123456789
53200
123456789
53202
123456789
53204
123456789
53206
123456789
53208
123456789
53210
123456789
53212
123456789
53214
123456789
53216
123456789
53218
123456789
53220
123456789
53222
123456789
53224
123456789
53226
123456789
53228
123456789
53230
123456789
53232
123456789
53234
123456789
53236
123456789
53238
123456789
53240
123456789
53242
123456789
53244
123456789
53246
123456789
53248
123456789
53250
123456789
53252
123456789
53254
123456789
53256
123456789
53258
123456789
53260
123456789
53262
123456789
53264
123456789
53266
123456789
53268
123456789
53270
123456789
53272
123456789
53274
123456789
53276
123456789
53278
123456789
53280
123456789
53282
123456789
53284
123456789
53286
123456789
53288
123456789
53290
123456789
53292
123456789
53294
123456789
53296
123456789
53298
123456789
53300
123456789
53302
123456789
53304
123456789
53306
123456789
53308
123456789
53310
123456789
53312
123456789
53314
123456789
53316
123456789
53318
123456789
53320
123456789
53322
123456789
53324
123456789
53326
123456789
53328
123456789
53330
123456789
53332
123456789
53334
123456789
53336
123456789
53338
123456789
53340
123456789
53342
123456789
53344
123456789
53346
123456789
53348
123456789
53350
123456789
53352
123456789
53354
123456789
53356
123456789
53358
123456789
53360
123456789
53362
123456789
53364
123456789
53366
123456789
53368
123456789
53370
123456789
53372
123456789
53374
123456789
53376
123456789
53378
123456789
53380
123456789
53382
123456789
53384
123456789
53386
123456789
53388
123456789
53390
123456789
53392
123456789
53394
123456789
53396
123456789
53398
123456789
53400
123456789
53402
123456789
53404
123456789
53406
123456789
53408
123456789
53410
123456789
53412
123456789
53414
123456789
53416
123456789
53418
123456789
53420
123456789
53422
123456789
53424
123456789
53426
123456789
53428
123456789
53430
123456789
53432
123456789
53434
123456789
53436
123456789
53438
123456789
53440
123456789
53442
123456789
53444
123456789
53446
123456789
53448
123456789
53450
123456789
53452
123456789
53454
123456789
53456
123456789
53458
123456789
53460
123456789
53462
123456789
53464
123456789
53466
123456789
53468
123456789
53470
123456789
53472
123456789
53474
123456789
53476
123456789
53478
123456789
53480
123456789
53482
123456789
53484
123456789
53486
123456789
53488
123456789
53490
123456789
53492
123456789
53494
123456789
53496
123456789
53498
123456789
53500
123456789
53502
123456789
53504
123456789
53506
123456789
53508
123456789
53510
123456789
53512
123456789
53514
123456789
53516
123456789
53518
123456789
53520
123456789
53522
123456789
53524
123456789
53526
123456789
53528
123456789
53530
123456789
53532
123456789
53534
123456789
53536
123456789
53538
123456789
53540
123456789
53542
123456789
53544
123456789
53546
123456789
53548
123456789
53550
123456789
53552
123456789
53554
123456789
53556
123456789
53558
123456789
53560
123456789
53562
123456789
53564
123456789
53566
123456789
53568
123456789
53570
123456789
53572
123456789
53574
123456789
53576
123456789
53578
123456789
53580
123456789
53582
123456789
53584
123456789
53586
123456789
53588
123456789
53590
123456789
53592
123456789
53594
123456789
53596
123456789
53598
123456789
53600
123456789
53602
123456789
53604
123456789
53606
123456789
53608
123456789
53610
123456789
53612
123456789
53614
123456789
53616
123456789
53618
123456789
53620
123456789
53622
123456789
53624
123456789
53626
123456789
53628
123456789
53630
123456789
53632
123456789
53634
123456789
53636
123456789
53638
123456789
53640
123456789
53642
123456789
53644
123456789
53646
123456789
53648
123456789
53650
123456789
53652
123456789
53654
123456789
53656
123456789
53658
123456789
53660
123456789
53662
123456789
53664
123456789
53666
123456789
53668
123456789
53670
123456789
53672
123456789
53674
123456789
53676
123456789
53678
123456789
53680
123456789
53682
123456789
53684
123456789
53686
123456789
53688
123456789
53690
123456789
53692
123456789
53694
123456789
53696
123456789
53698
123456789
53700
123456789
53702
123456789
53704
123456789
53706
123456789
53708
123456789
53710
123456789
53712
123456789
53714
123456789
53716
123456789
53718
123456789
53720
123456789
53722
123456789
53724
123456789
53726
123456789
53728
123456789
53730
123456789
53732
123456789
53734
123456789
53736
123456789
53738
123456789
53740
123456789
53742
123456789
53744
123456789
53746
123456789
53748
123456789
53750
123456789
53752
123456789
53754
123456789
53756
123456789
53758
123456789
53760
123456789
53762
123456789
53764
123456789
53766
123456789
53768
123456789
53770
123456789
53772
123456789
53774
123456789
53776
123456789
53778
123456789
53780
123456789
53782
123456789
53784
123456789
53786
123456789
53788
123456789
53790
123456789
53792
123456789
53794
123456789
53796
123456789
53798
123456789
53800
123456789
53802
123456789
53804
123456789
53806
123456789
53808
123456789
53810
123456789
53812
123456789
53814
123456789
53816
123456789
53818
123456789
53820
123456789
53822
123456789
53824
123456789
53826
123456789
53828
123456789
53830
123456789
53832
123456789
53834
123456789
53836
123456789
53838
123456789
53840
123456789
53842
123456789
53844
123456789
53846
123456789
53848
123456789
53850
123456789
53852
123456789
53854
123456789
53856
123456789
53858
123456789
53860
123456789
53862
123456789
53864
123456789
53866
123456789
53868
123456789
53870
123456789
53872
123456789
53874
123456789
53876
123456789
53878
123456789
53880
123456789
53882
123456789
53884
123456789
53886
123456789
53888
123456789
53890
123456789
53892
123456789
53894
123456789
53896
123456789
53898
123456789
53900
123456789
53902
123456789
53904
123456789
53906
123456789
53908
123456789
53910
123456789
53912
123456789
53914
123456789
53916
123456789
53918
123456789
53920
123456789
53922
123456789
53924
123456789
53926
123456789
53928
123456789
53930
123456789
53932
123456789
53934
123456789
53936
123456789
53938
123456789
53940
123456789
53942
123456789
53944
123456789
53946
123456789
53948
123456789
53950
123456789
53952
123456789
53954
123456789
53956
123456789
53958
123456789
53960
123456789
53962
123456789
53964
123456789
53966
123456789
53968
123456789
53970
123456789
53972
123456789
53974
123456789
53976
123456789
53978
123456789
53980
123456789
53982
123456789
53984
123456789
53986
123456789
53988
123456789
53990
123456789
53992
123456789
53994
123456789
53996
123456789
53998
123456789
54000
123456789
54002
123456789
54004
123456789
54006
123456789
54008
123456789
54010
123456789
54012
123456789
54014
123456789
54016
123456789
54018
123456789
54020
123456789
54022
123456789
54024
123456789
54026
123456789
54028
123456789
54030
123456789
54032
123456789
54034
123456789
54036
123456789
54038
123456789
54040
123456789
54042
123456789
54044
123456789
54046
123456789
54048
123456789
54050
123456789
54052
123456789
54054
123456789
54056
123456789
54058
123456789
54060
123456789
54062
123456789
54064
123456789
54066
123456789
54068
123456789
54070
123456789
54072
123456789
54074
123456789
54076
123456789
54078
123456789
54080
123456789
54082
123456789
54084
123456789
54086
123456789
54088
123456789
54090
123456789
54092
123456789
54094
123456789
54096
123456789
54098
123456789
54100
123456789
54102
123456789
54104
123456789
54106
123456789
54108
123456789
54110
123456789
54112
123456789
54114
123456789
54116
123456789
54118
123456789
54120
123456789
54122
123456789
54124
123456789
54126
123456789
54128
123456789
54130
123456789
54132
123456789
54134
123456789
54136
123456789
54138
123456789
54140
123456789
54142
123456789
54144
123456789
54146
123456789
54148
123456789
54150
123456789
54152
123456789
54154
123456789
54156
123456789
54158
123456789
54160
123456789
54162
123456789
54164
123456789
54166
123456789
54168
123456789
54170
123456789
54172
123456789
54174
123456789
54176
123456789
54178
123456789
54180
123456789
54182
123456789
54184
123456789
54186
123456789
54188
123456789
54190
123456789
54192
123456789
54194
123456789
54196
123456789
54198
123456789
54200
123456789
54202
123456789
54204
123456789
54206
123456789
54208
123456789
54210
123456789
54212
123456789
54214
123456789
54216
123456789
54218
123456789
54220
123456789
54222
123456789
54224
123456789
54226
123456789
54228
123456789
54230
123456789
54232
123456789
54234
123456789
54236
123456789
54238
123456789
54240
123456789
54242
123456789
54244
123456789
54246
123456789
54248
123456789
54250
123456789
54252
123456789
54254
123456789
54256
123456789
54258
123456789
54260
123456789
54262
123456789
54264
123456789
54266
123456789
54268
123456789
54270
123456789
54272
123456789
54274
123456789
54276
123456789
54278
123456789
54280
123456789
54282
123456789
54284
123456789
54286
123456789
54288
123456789
54290
123456789
54292
123456789
54294
123456789
54296
123456789
54298
123456789
54300
123456789
54302
123456789
54304
123456789
54306
123456789
54308
123456789
54310
123456789
54312
123456789
54314
123456789
54316
123456789
54318
123456789
54320
123456789
54322
123456789
54324
123456789
54326
123456789
54328
123456789
54330
123456789
54332
123456789
54334
123456789
54336
123456789
54338
123456789
54340
123456789
54342
123456789
54344
123456789
54346
123456789
54348
123456789
54350
123456789
54352
123456789
54354
123456789
54356
123456789
54358
123456789
54360
123456789
54362
123456789
54364
123456789
54366
123456789
54368
123456789
54370
123456789
54372
123456789
54374
123456789
54376
123456789
54378
123456789
54380
123456789
54382
123456789
54384
123456789
54386
123456789
54388
123456789
54390
123456789
54392
123456789
54394
123456789
54396
123456789
54398
123456789
54400
123456789
54402
123456789
54404
123456789
54406
123456789
54408
123456789
54410
123456789
54412
123456789
54414
123456789
54416
123456789
54418
123456789
54420
123456789
54422
123456789
54424
123456789
54426
123456789
54428
123456789
54430
123456789
54432
123456789
54434
123456789
54436
123456789
54438
123456789
54440
123456789
54442
123456789
54444
123456789
54446
123456789
54448
123456789
54450
123456789
54452
123456789
54454
123456789
54456
123456789
54458
123456789
54460
123456789
54462
123456789
54464
123456789
54466
123456789
54468
123456789
54470
123456789
54472
123456789
54474
123456789
54476
123456789
54478
123456789
54480
123456789
54482
123456789
54484
123456789
54486
123456789
54488
123456789
54490
123456789
54492
123456789
54494
123456789
54496
123456789
54498
123456789
54500
123456789
54502
123456789
54504
123456789
54506
123456789
54508
123456789
54510
123456789
54512
123456789
54514
123456789
54516
123456789
54518
123456789
54520
123456789
54522
123456789
54524
123456789
54526
123456789
54528
123456789
54530
123456789
54532
123456789
54534
123456789
54536
123456789
54538
123456789
54540
123456789
54542
123456789
54544
123456789
54546
123456789
54548
123456789
54550
123456789
54552
123456789
54554
123456789
54556
123456789
54558
123456789
54560
123456789
54562
123456789
54564
123456789
54566
123456789
54568
123456789
54570
123456789
54572
123456789
54574
123456789
54576
123456789
54578
123456789
54580
123456789
54582
123456789
54584
123456789
54586
123456789
54588
123456789
54590
123456789
54592
123456789
54594
123456789
54596
123456789
54598
123456789
54600
123456789
54602
123456789
54604
123456789
54606
123456789
54608
123456789
54610
123456789
54612
123456789
54614
123456789
54616
123456789
54618
123456789
54620
123456789
54622
123456789
54624
123456789
54626
123456789
54628
123456789
54630
123456789
54632
123456789
54634
123456789
54636
123456789
54638
123456789
54640
123456789
54642
123456789
54644
123456789
54646
123456789
54648
123456789
54650
123456789
54652
123456789
54654
123456789
54656
123456789
54658
123456789
54660
123456789
54662
123456789
54664
123456789
54666
123456789
54668
123456789
54670
123456789
54672
123456789
54674
123456789
54676
123456789
54678
123456789
54680
123456789
54682
123456789
54684
123456789
54686
123456789
54688
123456789
54690
123456789
54692
123456789
54694
123456789
54696
123456789
54698
123456789
54700
123456789
54702
123456789
54704
123456789
54706
123456789
54708
123456789
54710
123456789
54712
123456789
54714
123456789
54716
123456789
54718
123456789
54720
123456789
54722
123456789
54724
123456789
54726
123456789
54728
123456789
54730
123456789
54732
123456789
54734
123456789
54736
123456789
54738
123456789
54740
123456789
54742
123456789
54744
123456789
54746
123456789
54748
123456789
54750
123456789
54752
123456789
54754
123456789
54756
123456789
54758
123456789
54760
123456789
54762
123456789
54764
123456789
54766
123456789
54768
123456789
54770
123456789
54772
123456789
54774
123456789
54776
123456789
54778
123456789
54780
123456789
54782
123456789
54784
123456789
54786
123456789
54788
123456789
54790
123456789
54792
123456789
54794
123456789
54796
123456789
54798
123456789
54800
123456789
54802
123456789
54804
123456789
54806
123456789
54808
123456789
54810
123456789
54812
123456789
54814
123456789
54816
123456789
54818
123456789
54820
123456789
54822
123456789
54824
123456789
54826
123456789
54828
123456789
54830
123456789
54832
123456789
54834
123456789
54836
123456789
54838
123456789
54840
123456789
54842
123456789
54844
123456789
54846
123456789
54848
123456789
54850
123456789
54852
123456789
54854
123456789
54856
123456789
54858
123456789
54860
123456789
54862
123456789
54864
123456789
54866
123456789
54868
123456789
54870
123456789
54872
123456789
54874
123456789
54876
123456789
54878
123456789
54880
123456789
54882
123456789
54884
123456789
54886
123456789
54888
123456789
54890
123456789
54892
123456789
54894
123456789
54896
123456789
54898
123456789
54900
123456789
54902
123456789
54904
123456789
54906
123456789
54908
123456789
54910
123456789
54912
123456789
54914
123456789
54916
123456789
54918
123456789
54920
123456789
54922
123456789
54924
123456789
54926
123456789
54928
123456789
54930
123456789
54932
123456789
54934
123456789
54936
123456789
54938
123456789
54940
123456789
54942
123456789
54944
123456789
54946
123456789
54948
123456789
54950
123456789
54952
123456789
54954
123456789
54956
123456789
54958
123456789
54960
123456789
54962
123456789
54964
123456789
54966
123456789
54968
123456789
54970
123456789
54972
123456789
54974
123456789
54976
123456789
54978
123456789
54980
123456789
54982
123456789
54984
123456789
54986
123456789
54988
123456789
54990
123456789
54992
123456789
54994
123456789
54996
123456789
54998
123456789
55000
123456789
55002
123456789
55004
123456789
55006
123456789
55008
123456789
55010
123456789
55012
123456789
55014
123456789
55016
123456789
55018
123456789
55020
123456789
55022
123456789
55024
123456789
55026
123456789
55028
123456789
55030
123456789
55032
123456789
55034
123456789
55036
123456789
55038
123456789
55040
123456789
55042
123456789
55044
123456789
55046
123456789
55048
123456789
55050
123456789
55052
123456789
55054
123456789
55056
123456789
55058
123456789
55060
123456789
55062
123456789
55064
123456789
55066
123456789
55068
123456789
55070
123456789
55072
123456789
55074
123456789
55076
123456789
55078
123456789
55080
123456789
55082
123456789
55084
123456789
55086
123456789
55088
123456789
55090
123456789
55092
123456789
55094
123456789
55096
123456789
55098
123456789
55100
123456789
55102
123456789
55104
123456789
55106
123456789
55108
123456789
55110
123456789
55112
123456789
55114
123456789
55116
123456789
55118
123456789
55120
123456789
55122
123456789
55124
123456789
55126
123456789
55128
123456789
55130
123456789
55132
123456789
55134
123456789
55136
123456789
55138
123456789
55140
123456789
55142
123456789
55144
123456789
55146
123456789
55148
123456789
55150
123456789
55152
123456789
55154
123456789
55156
123456789
55158
123456789
55160
123456789
55162
123456789
55164
123456789
55166
123456789
55168
123456789
55170
123456789
55172
123456789
55174
123456789
55176
123456789
55178
123456789
55180
123456789
55182
123456789
55184
123456789
55186
123456789
55188
123456789
55190
123456789
55192
123456789
55194
123456789
55196
123456789
55198
123456789
55200
123456789
55202
123456789
55204
123456789
55206
123456789
55208
123456789
55210
123456789
55212
123456789
55214
123456789
55216
123456789
55218
123456789
55220
123456789
55222
123456789
55224
123456789
55226
123456789
55228
123456789
55230
123456789
55232
123456789
55234
123456789
55236
123456789
55238
123456789
55240
123456789
55242
123456789
55244
123456789
55246
123456789
55248
123456789
55250
123456789
55252
123456789
55254
123456789
55256
123456789
55258
123456789
55260
123456789
55262
123456789
55264
123456789
55266
123456789
55268
123456789
55270
123456789
55272
123456789
55274
123456789
55276
123456789
55278
123456789
55280
123456789
55282
123456789
55284
123456789
55286
123456789
55288
123456789
55290
123456789
55292
123456789
55294
123456789
55296
123456789
55298
123456789
55300
123456789
55302
123456789
55304
123456789
55306
123456789
55308
123456789
55310
123456789
55312
123456789
55314
123456789
55316
123456789
55318
123456789
55320
123456789
55322
123456789
55324
123456789
55326
123456789
55328
123456789
55330
123456789
55332
123456789
55334
123456789
55336
123456789
55338
123456789
55340
123456789
55342
123456789
55344
123456789
55346
123456789
55348
123456789
55350
123456789
55352
123456789
55354
123456789
55356
123456789
55358
123456789
55360
123456789
55362
123456789
55364
123456789
55366
123456789
55368
123456789
55370
123456789
55372
123456789
55374
123456789
55376
123456789
55378
123456789
55380
123456789
55382
123456789
55384
123456789
55386
123456789
55388
123456789
55390
123456789
55392
123456789
55394
123456789
55396
123456789
55398
123456789
55400
123456789
55402
123456789
55404
123456789
55406
123456789
55408
123456789
55410
123456789
55412
123456789
55414
123456789
55416
123456789
55418
123456789
55420
123456789
55422
123456789
55424
123456789
55426
123456789
55428
123456789
55430
123456789
55432
123456789
55434
123456789
55436
123456789
55438
123456789
55440
123456789
55442
123456789
55444
123456789
55446
123456789
55448
123456789
55450
123456789
55452
123456789
55454
123456789
55456
123456789
55458
123456789
55460
123456789
55462
123456789
55464
123456789
55466
123456789
55468
123456789
55470
123456789
55472
123456789
55474
123456789
55476
123456789
55478
123456789
55480
123456789
55482
123456789
55484
123456789
55486
123456789
55488
123456789
55490
123456789
55492
123456789
55494
123456789
55496
123456789
55498
123456789
55500
123456789
55502
123456789
55504
123456789
55506
123456789
55508
123456789
55510
123456789
55512
123456789
55514
123456789
55516
123456789
55518
123456789
55520
123456789
55522
123456789
55524
123456789
55526
123456789
55528
123456789
55530
123456789
55532
123456789
55534
123456789
55536
123456789
55538
123456789
55540
123456789
55542
123456789
55544
123456789
55546
123456789
55548
123456789
55550
123456789
55552
123456789
55554
123456789
55556
123456789
55558
123456789
55560
123456789
55562
123456789
55564
123456789
55566
123456789
55568
123456789
55570
123456789
55572
123456789
55574
123456789
55576
123456789
55578
123456789
55580
123456789
55582
123456789
55584
123456789
55586
123456789
55588
123456789
55590
123456789
55592
123456789
55594
123456789
55596
123456789
55598
123456789
55600
123456789
55602
123456789
55604
123456789
55606
123456789
55608
123456789
55610
123456789
55612
123456789
55614
123456789
55616
123456789
55618
123456789
55620
123456789
55622
123456789
55624
123456789
55626
123456789
55628
123456789
55630
123456789
55632
123456789
55634
123456789
55636
123456789
55638
123456789
55640
123456789
55642
123456789
55644
123456789
55646
123456789
55648
123456789
55650
123456789
55652
123456789
55654
123456789
55656
123456789
55658
123456789
55660
123456789
55662
123456789
55664
123456789
55666
123456789
55668
123456789
55670
123456789
55672
123456789
55674
123456789
55676
123456789
55678
123456789
55680
123456789
55682
123456789
55684
123456789
55686
123456789
55688
123456789
55690
123456789
55692
123456789
55694
123456789
55696
123456789
55698
123456789
55700
123456789
55702
123456789
55704
123456789
55706
123456789
55708
123456789
55710
123456789
55712
123456789
55714
123456789
55716
123456789
55718
123456789
55720
123456789
55722
123456789
55724
123456789
55726
123456789
55728
123456789
55730
123456789
55732
123456789
55734
123456789
55736
123456789
55738
123456789
55740
123456789
55742
123456789
55744
123456789
55746
123456789
55748
123456789
55750
123456789
55752
123456789
55754
123456789
55756
123456789
55758
123456789
55760
123456789
55762
123456789
55764
123456789
55766
123456789
55768
123456789
55770
123456789
55772
123456789
55774
123456789
55776
123456789
55778
123456789
55780
123456789
55782
123456789
55784
123456789
55786
123456789
55788
123456789
55790
123456789
55792
123456789
55794
123456789
55796
123456789
55798
123456789
55800
123456789
55802
123456789
55804
123456789
55806
123456789
55808
123456789
55810
123456789
55812
123456789
55814
123456789
55816
123456789
55818
123456789
55820
123456789
55822
123456789
55824
123456789
55826
123456789
55828
123456789
55830
123456789
55832
123456789
55834
123456789
55836
123456789
55838
123456789
55840
123456789
55842
123456789
55844
123456789
55846
123456789
55848
123456789
55850
123456789
55852
123456789
55854
123456789
55856
123456789
55858
123456789
55860
123456789
55862
123456789
55864
123456789
55866
123456789
55868
123456789
55870
123456789
55872
123456789
55874
123456789
55876
123456789
55878
123456789
55880
123456789
55882
123456789
55884
123456789
55886
123456789
55888
123456789
55890
123456789
55892
123456789
55894
123456789
55896
123456789
55898
123456789
55900
123456789
55902
123456789
55904
123456789
55906
123456789
55908
123456789
55910
123456789
55912
123456789
55914
123456789
55916
123456789
55918
123456789
55920
123456789
55922
123456789
55924
123456789
55926
123456789
55928
123456789
55930
123456789
55932
123456789
55934
123456789
55936
123456789
55938
123456789
55940
123456789
55942
123456789
55944
123456789
55946
123456789
55948
123456789
55950
123456789
55952
123456789
55954
123456789
55956
123456789
55958
123456789
55960
123456789
55962
123456789
55964
123456789
55966
123456789
55968
123456789
55970
123456789
55972
123456789
55974
123456789
55976
123456789
55978
123456789
55980
123456789
55982
123456789
55984
123456789
55986
123456789
55988
123456789
55990
123456789
55992
123456789
55994
123456789
55996
123456789
55998
123456789
56000
123456789
56002
123456789
56004
123456789
56006
123456789
56008
123456789
56010
123456789
56012
123456789
56014
123456789
56016
123456789
56018
123456789
56020
123456789
56022
123456789
56024
123456789
56026
123456789
56028
123456789
56030
123456789
56032
123456789
56034
123456789
56036
123456789
56038
123456789
56040
123456789
56042
123456789
56044
123456789
56046
123456789
56048
123456789
56050
123456789
56052
123456789
56054
123456789
56056
123456789
56058
123456789
56060
123456789
56062
123456789
56064
123456789
56066
123456789
56068
123456789
56070
123456789
56072
123456789
56074
123456789
56076
123456789
56078
123456789
56080
123456789
56082
123456789
56084
123456789
56086
123456789
56088
123456789
56090
123456789
56092
123456789
56094
123456789
56096
123456789
56098
123456789
56100
123456789
56102
123456789
56104
123456789
56106
123456789
56108
123456789
56110
123456789
56112
123456789
56114
123456789
56116
123456789
56118
123456789
56120
123456789
56122
123456789
56124
123456789
56126
123456789
56128
123456789
56130
123456789
56132
123456789
56134
123456789
56136
123456789
56138
123456789
56140
123456789
56142
123456789
56144
123456789
56146
123456789
56148
123456789
56150
123456789
56152
123456789
56154
123456789
56156
123456789
56158
123456789
56160
123456789
56162
123456789
56164
123456789
56166
123456789
56168
123456789
56170
123456789
56172
123456789
56174
123456789
56176
123456789
56178
123456789
56180
123456789
56182
123456789
56184
123456789
56186
123456789
56188
123456789
56190
123456789
56192
123456789
56194
123456789
56196
123456789
56198
123456789
56200
123456789
56202
123456789
56204
123456789
56206
123456789
56208
123456789
56210
123456789
56212
123456789
56214
123456789
56216
123456789
56218
123456789
56220
123456789
56222
123456789
56224
123456789
56226
123456789
56228
123456789
56230
123456789
56232
123456789
56234
123456789
56236
123456789
56238
123456789
56240
123456789
56242
123456789
56244
123456789
56246
123456789
56248
123456789
56250
123456789
56252
123456789
56254
123456789
56256
123456789
56258
123456789
56260
123456789
56262
123456789
56264
123456789
56266
123456789
56268
123456789
56270
123456789
56272
123456789
56274
123456789
56276
123456789
56278
123456789
56280
123456789
56282
123456789
56284
123456789
56286
123456789
56288
123456789
56290
123456789
56292
123456789
56294
123456789
56296
123456789
56298
123456789
56300
123456789
56302
123456789
56304
123456789
56306
123456789
56308
123456789
56310
123456789
56312
123456789
56314
123456789
56316
123456789
56318
123456789
56320
123456789
56322
123456789
56324
123456789
56326
123456789
56328
123456789
56330
123456789
56332
123456789
56334
123456789
56336
123456789
56338
123456789
56340
123456789
56342
123456789
56344
123456789
56346
123456789
56348
123456789
56350
123456789
56352
123456789
56354
123456789
56356
123456789
56358
123456789
56360
123456789
56362
123456789
56364
123456789
56366
123456789
56368
123456789
56370
123456789
56372
123456789
56374
123456789
56376
123456789
56378
123456789
56380
123456789
56382
123456789
56384
123456789
56386
123456789
56388
123456789
56390
123456789
56392
123456789
56394
123456789
56396
123456789
56398
123456789
56400
123456789
56402
123456789
56404
123456789
56406
123456789
56408
123456789
56410
123456789
56412
123456789
56414
123456789
56416
123456789
56418
123456789
56420
123456789
56422
123456789
56424
123456789
56426
123456789
56428
123456789
56430
123456789
56432
123456789
56434
123456789
56436
123456789
56438
123456789
56440
123456789
56442
123456789
56444
123456789
56446
123456789
56448
123456789
56450
123456789
56452
123456789
56454
123456789
56456
123456789
56458
123456789
56460
123456789
56462
123456789
56464
123456789
56466
123456789
56468
123456789
56470
123456789
56472
123456789
56474
123456789
56476
123456789
56478
123456789
56480
123456789
56482
123456789
56484
123456789
56486
123456789
56488
123456789
56490
123456789
56492
123456789
56494
123456789
56496
123456789
56498
123456789
56500
123456789
56502
123456789
56504
123456789
56506
123456789
56508
123456789
56510
123456789
56512
123456789
56514
123456789
56516
123456789
56518
123456789
56520
123456789
56522
123456789
56524
123456789
56526
123456789
56528
123456789
56530
123456789
56532
123456789
56534
123456789
56536
123456789
56538
123456789
56540
123456789
56542
123456789
56544
123456789
56546
123456789
56548
123456789
56550
123456789
56552
123456789
56554
123456789
56556
123456789
56558
123456789
56560
123456789
56562
123456789
56564
123456789
56566
123456789
56568
123456789
56570
123456789
56572
123456789
56574
123456789
56576
123456789
56578
123456789
56580
123456789
56582
123456789
56584
123456789
56586
123456789
56588
123456789
56590
123456789
56592
123456789
56594
123456789
56596
123456789
56598
123456789
56600
123456789
56602
123456789
56604
123456789
56606
123456789
56608
123456789
56610
123456789
56612
123456789
56614
123456789
56616
123456789
56618
123456789
56620
123456789
56622
123456789
56624
123456789
56626
123456789
56628
123456789
56630
123456789
56632
123456789
56634
123456789
56636
123456789
56638
123456789
56640
123456789
56642
123456789
56644
123456789
56646
123456789
56648
123456789
56650
123456789
56652
123456789
56654
123456789
56656
123456789
56658
123456789
56660
123456789
56662
123456789
56664
123456789
56666
123456789
56668
123456789
56670
123456789
56672
123456789
56674
123456789
56676
123456789
56678
123456789
56680
123456789
56682
123456789
56684
123456789
56686
123456789
56688
123456789
56690
123456789
56692
123456789
56694
123456789
56696
123456789
56698
123456789
56700
123456789
56702
123456789
56704
123456789
56706
123456789
56708
123456789
56710
123456789
56712
123456789
56714
123456789
56716
123456789
56718
123456789
56720
123456789
56722
123456789
56724
123456789
56726
123456789
56728
123456789
56730
123456789
56732
123456789
56734
123456789
56736
123456789
56738
123456789
56740
123456789
56742
123456789
56744
123456789
56746
123456789
56748
123456789
56750
123456789
56752
123456789
56754
123456789
56756
123456789
56758
123456789
56760
123456789
56762
123456789
56764
123456789
56766
123456789
56768
123456789
56770
123456789
56772
123456789
56774
123456789
56776
123456789
56778
123456789
56780
123456789
56782
123456789
56784
123456789
56786
123456789
56788
123456789
56790
123456789
56792
123456789
56794
123456789
56796
123456789
56798
123456789
56800
123456789
56802
123456789
56804
123456789
56806
123456789
56808
123456789
56810
123456789
56812
123456789
56814
123456789
56816
123456789
56818
123456789
56820
123456789
56822
123456789
56824
123456789
56826
123456789
56828
123456789
56830
123456789
56832
123456789
56834
123456789
56836
123456789
56838
123456789
56840
123456789
56842
123456789
56844
123456789
56846
123456789
56848
123456789
56850
123456789
56852
123456789
56854
123456789
56856
123456789
56858
123456789
56860
123456789
56862
123456789
56864
123456789
56866
123456789
56868
123456789
56870
123456789
56872
123456789
56874
123456789
56876
123456789
56878
123456789
56880
123456789
56882
123456789
56884
123456789
56886
123456789
56888
123456789
56890
123456789
56892
123456789
56894
123456789
56896
123456789
56898
123456789
56900
123456789
56902
123456789
56904
123456789
56906
123456789
56908
123456789
56910
123456789
56912
123456789
56914
123456789
56916
123456789
56918
123456789
56920
123456789
56922
123456789
56924
123456789
56926
123456789
56928
123456789
56930
123456789
56932
123456789
56934
123456789
56936
123456789
56938
123456789
56940
123456789
56942
123456789
56944
123456789
56946
123456789
56948
123456789
56950
123456789
56952
123456789
56954
123456789
56956
123456789
56958
123456789
56960
123456789
56962
123456789
56964
123456789
56966
123456789
56968
123456789
56970
123456789
56972
123456789
56974
123456789
56976
123456789
56978
123456789
56980
123456789
56982
123456789
56984
123456789
56986
123456789
56988
123456789
56990
123456789
56992
123456789
56994
123456789
56996
123456789
56998
123456789
57000
123456789
57002
123456789
57004
123456789
57006
123456789
57008
123456789
57010
123456789
57012
123456789
57014
123456789
57016
123456789
57018
123456789
57020
123456789
57022
123456789
57024
123456789
57026
123456789
57028
123456789
57030
123456789
57032
123456789
57034
123456789
57036
123456789
57038
123456789
57040
123456789
57042
123456789
57044
123456789
57046
123456789
57048
123456789
57050
123456789
57052
123456789
57054
123456789
57056
123456789
57058
123456789
57060
123456789
57062
123456789
57064
123456789
57066
123456789
57068
123456789
57070
123456789
57072
123456789
57074
123456789
57076
123456789
57078
123456789
57080
123456789
57082
123456789
57084
123456789
57086
123456789
57088
123456789
57090
123456789
57092
123456789
57094
123456789
57096
123456789
57098
123456789
57100
123456789
57102
123456789
57104
123456789
57106
123456789
57108
123456789
57110
123456789
57112
123456789
57114
123456789
57116
123456789
57118
123456789
57120
123456789
57122
123456789
57124
123456789
57126
123456789
57128
123456789
57130
123456789
57132
123456789
57134
123456789
57136
123456789
57138
123456789
57140
123456789
57142
123456789
57144
123456789
57146
123456789
57148
123456789
57150
123456789
57152
123456789
57154
123456789
57156
123456789
57158
123456789
57160
123456789
57162
123456789
57164
123456789
57166
123456789
57168
123456789
57170
123456789
57172
123456789
57174
123456789
57176
123456789
57178
123456789
57180
123456789
57182
123456789
57184
123456789
57186
123456789
57188
123456789
57190
123456789
57192
123456789
57194
123456789
57196
123456789
57198
123456789
57200
123456789
57202
123456789
57204
123456789
57206
123456789
57208
123456789
57210
123456789
57212
123456789
57214
123456789
57216
123456789
57218
123456789
57220
123456789
57222
123456789
57224
123456789
57226
123456789
57228
123456789
57230
123456789
57232
123456789
57234
123456789
57236
123456789
57238
123456789
57240
123456789
57242
123456789
57244
123456789
57246
123456789
57248
123456789
57250
123456789
57252
123456789
57254
123456789
57256
123456789
57258
123456789
57260
123456789
57262
123456789
57264
123456789
57266
123456789
57268
123456789
57270
123456789
57272
123456789
57274
123456789
57276
123456789
57278
123456789
57280
123456789
57282
123456789
57284
123456789
57286
123456789
57288
123456789
57290
123456789
57292
123456789
57294
123456789
57296
123456789
57298
123456789
57300
123456789
57302
123456789
57304
123456789
57306
123456789
57308
123456789
57310
123456789
57312
123456789
57314
123456789
57316
123456789
57318
123456789
57320
123456789
57322
123456789
57324
123456789
57326
123456789
57328
123456789
57330
123456789
57332
123456789
57334
123456789
57336
123456789
57338
123456789
57340
123456789
57342
123456789
57344
123456789
57346
123456789
57348
123456789
57350
123456789
57352
123456789
57354
123456789
57356
123456789
57358
123456789
57360
123456789
57362
123456789
57364
123456789
57366
123456789
57368
123456789
57370
123456789
57372
123456789
57374
123456789
57376
123456789
57378
123456789
57380
123456789
57382
123456789
57384
123456789
57386
123456789
57388
123456789
57390
123456789
57392
123456789
57394
123456789
57396
123456789
57398
123456789
57400
123456789
57402
123456789
57404
123456789
57406
123456789
57408
123456789
57410
123456789
57412
123456789
57414
123456789
57416
123456789
57418
123456789
57420
123456789
57422
123456789
57424
123456789
57426
123456789
57428
123456789
57430
123456789
57432
123456789
57434
123456789
57436
123456789
57438
123456789
57440
123456789
57442
123456789
57444
123456789
57446
123456789
57448
123456789
57450
123456789
57452
123456789
57454
123456789
57456
123456789
57458
123456789
57460
123456789
57462
123456789
57464
123456789
57466
123456789
57468
123456789
57470
123456789
57472
123456789
57474
123456789
57476
123456789
57478
123456789
57480
123456789
57482
123456789
57484
123456789
57486
123456789
57488
123456789
57490
123456789
57492
123456789
57494
123456789
57496
123456789
57498
123456789
57500
123456789
57502
123456789
57504
123456789
57506
123456789
57508
123456789
57510
123456789
57512
123456789
57514
123456789
57516
123456789
57518
123456789
57520
123456789
57522
123456789
57524
123456789
57526
123456789
57528
123456789
57530
123456789
57532
123456789
57534
123456789
57536
123456789
57538
123456789
57540
123456789
57542
123456789
57544
123456789
57546
123456789
57548
123456789
57550
123456789
57552
123456789
57554
123456789
57556
123456789
57558
123456789
57560
123456789
57562
123456789
57564
123456789
57566
123456789
57568
123456789
57570
123456789
57572
123456789
57574
123456789
57576
123456789
57578
123456789
57580
123456789
57582
123456789
57584
123456789
57586
123456789
57588
123456789
57590
123456789
57592
123456789
57594
123456789
57596
123456789
57598
123456789
57600
123456789
57602
123456789
57604
123456789
57606
123456789
57608
123456789
57610
123456789
57612
123456789
57614
123456789
57616
123456789
57618
123456789
57620
123456789
57622
123456789
57624
123456789
57626
123456789
57628
123456789
57630
123456789
57632
123456789
57634
123456789
57636
123456789
57638
123456789
57640
123456789
57642
123456789
57644
123456789
57646
123456789
57648
123456789
57650
123456789
57652
123456789
57654
123456789
57656
123456789
57658
123456789
57660
123456789
57662
123456789
57664
123456789
57666
123456789
57668
123456789
57670
123456789
57672
123456789
57674
123456789
57676
123456789
57678
123456789
57680
123456789
57682
123456789
57684
123456789
57686
123456789
57688
123456789
57690
123456789
57692
123456789
57694
123456789
57696
123456789
57698
123456789
57700
123456789
57702
123456789
57704
123456789
57706
123456789
57708
123456789
57710
123456789
57712
123456789
57714
123456789
57716
123456789
57718
123456789
57720
123456789
57722
123456789
57724
123456789
57726
123456789
57728
123456789
57730
123456789
57732
123456789
57734
123456789
57736
123456789
57738
123456789
57740
123456789
57742
123456789
57744
123456789
57746
123456789
57748
123456789
57750
123456789
57752
123456789
57754
123456789
57756
123456789
57758
123456789
57760
123456789
57762
123456789
57764
123456789
57766
123456789
57768
123456789
57770
123456789
57772
123456789
57774
123456789
57776
123456789
57778
123456789
57780
123456789
57782
123456789
57784
123456789
57786
123456789
57788
123456789
57790
123456789
57792
123456789
57794
123456789
57796
123456789
57798
123456789
57800
123456789
57802
123456789
57804
123456789
57806
123456789
57808
123456789
57810
123456789
57812
123456789
57814
123456789
57816
123456789
57818
123456789
57820
123456789
57822
123456789
57824
123456789
57826
123456789
57828
123456789
57830
123456789
57832
123456789
57834
123456789
57836
123456789
57838
123456789
57840
123456789
57842
123456789
57844
123456789
57846
123456789
57848
123456789
57850
123456789
57852
123456789
57854
123456789
57856
123456789
57858
123456789
57860
123456789
57862
123456789
57864
123456789
57866
123456789
57868
123456789
57870
123456789
57872
123456789
57874
123456789
57876
123456789
57878
123456789
57880
123456789
57882
123456789
57884
123456789
57886
123456789
57888
123456789
57890
123456789
57892
123456789
57894
123456789
57896
123456789
57898
123456789
57900
123456789
57902
123456789
57904
123456789
57906
123456789
57908
123456789
57910
123456789
57912
123456789
57914
123456789
57916
123456789
57918
123456789
57920
123456789
57922
123456789
57924
123456789
57926
123456789
57928
123456789
57930
123456789
57932
123456789
57934
123456789
57936
123456789
57938
123456789
57940
123456789
57942
123456789
57944
123456789
57946
123456789
57948
123456789
57950
123456789
57952
123456789
57954
123456789
57956
123456789
57958
123456789
57960
123456789
57962
123456789
57964
123456789
57966
123456789
57968
123456789
57970
123456789
57972
123456789
57974
123456789
57976
123456789
57978
123456789
57980
123456789
57982
123456789
57984
123456789
57986
123456789
57988
123456789
57990
123456789
57992
123456789
57994
123456789
57996
123456789
57998
123456789
58000
123456789
58002
123456789
58004
123456789
58006
123456789
58008
123456789
58010
123456789
58012
123456789
58014
123456789
58016
123456789
58018
123456789
58020
123456789
58022
123456789
58024
123456789
58026
123456789
58028
123456789
58030
123456789
58032
123456789
58034
123456789
58036
123456789
58038
123456789
58040
123456789
58042
123456789
58044
123456789
58046
123456789
58048
123456789
58050
123456789
58052
123456789
58054
123456789
58056
123456789
58058
123456789
58060
123456789
58062
123456789
58064
123456789
58066
123456789
58068
123456789
58070
123456789
58072
123456789
58074
123456789
58076
123456789
58078
123456789
58080
123456789
58082
123456789
58084
123456789
58086
123456789
58088
123456789
58090
123456789
58092
123456789
58094
123456789
58096
123456789
58098
123456789
58100
123456789
58102
123456789
58104
123456789
58106
123456789
58108
123456789
58110
123456789
58112
123456789
58114
123456789
58116
123456789
58118
123456789
58120
123456789
58122
123456789
58124
123456789
58126
123456789
58128
123456789
58130
123456789
58132
123456789
58134
123456789
58136
123456789
58138
123456789
58140
123456789
58142
123456789
58144
123456789
58146
123456789
58148
123456789
58150
123456789
58152
123456789
58154
123456789
58156
123456789
58158
123456789
58160
123456789
58162
123456789
58164
123456789
58166
123456789
58168
123456789
58170
123456789
58172
123456789
58174
123456789
58176
123456789
58178
123456789
58180
123456789
58182
123456789
58184
123456789
58186
123456789
58188
123456789
58190
123456789
58192
123456789
58194
123456789
58196
123456789
58198
123456789
58200
123456789
58202
123456789
58204
123456789
58206
123456789
58208
123456789
58210
123456789
58212
123456789
58214
123456789
58216
123456789
58218
123456789
58220
123456789
58222
123456789
58224
123456789
58226
123456789
58228
123456789
58230
123456789
58232
123456789
58234
123456789
58236
123456789
58238
123456789
58240
123456789
58242
123456789
58244
123456789
58246
123456789
58248
123456789
58250
123456789
58252
123456789
58254
123456789
58256
123456789
58258
123456789
58260
123456789
58262
123456789
58264
123456789
58266
123456789
58268
123456789
58270
123456789
58272
123456789
58274
123456789
58276
123456789
58278
123456789
58280
123456789
58282
123456789
58284
123456789
58286
123456789
58288
123456789
58290
123456789
58292
123456789
58294
123456789
58296
123456789
58298
123456789
58300
123456789
58302
123456789
58304
123456789
58306
123456789
58308
123456789
58310
123456789
58312
123456789
58314
123456789
58316
123456789
58318
123456789
58320
123456789
58322
123456789
58324
123456789
58326
123456789
58328
123456789
58330
123456789
58332
123456789
58334
123456789
58336
123456789
58338
123456789
58340
123456789
58342
123456789
58344
123456789
58346
123456789
58348
123456789
58350
123456789
58352
123456789
58354
123456789
58356
123456789
58358
123456789
58360
123456789
58362
123456789
58364
123456789
58366
123456789
58368
123456789
58370
123456789
58372
123456789
58374
123456789
58376
123456789
58378
123456789
58380
123456789
58382
123456789
58384
123456789
58386
123456789
58388
123456789
58390
123456789
58392
123456789
58394
123456789
58396
123456789
58398
123456789
58400
123456789
58402
123456789
58404
123456789
58406
123456789
58408
123456789
58410
123456789
58412
123456789
58414
123456789
58416
123456789
58418
123456789
58420
123456789
58422
123456789
58424
123456789
58426
123456789
58428
123456789
58430
123456789
58432
123456789
58434
123456789
58436
123456789
58438
123456789
58440
123456789
58442
123456789
58444
123456789
58446
123456789
58448
123456789
58450
123456789
58452
123456789
58454
123456789
58456
123456789
58458
123456789
58460
123456789
58462
123456789
58464
123456789
58466
123456789
58468
123456789
58470
123456789
58472
123456789
58474
123456789
58476
123456789
58478
123456789
58480
123456789
58482
123456789
58484
123456789
58486
123456789
58488
123456789
58490
123456789
58492
123456789
58494
123456789
58496
123456789
58498
123456789
58500
123456789
58502
123456789
58504
123456789
58506
123456789
58508
123456789
58510
123456789
58512
123456789
58514
123456789
58516
123456789
58518
123456789
58520
123456789
58522
123456789
58524
123456789
58526
123456789
58528
123456789
58530
123456789
58532
123456789
58534
123456789
58536
123456789
58538
123456789
58540
123456789
58542
123456789
58544
123456789
58546
123456789
58548
123456789
58550
123456789
58552
123456789
58554
123456789
58556
123456789
58558
123456789
58560
123456789
58562
123456789
58564
123456789
58566
123456789
58568
123456789
58570
123456789
58572
123456789
58574
123456789
58576
123456789
58578
123456789
58580
123456789
58582
123456789
58584
123456789
58586
123456789
58588
123456789
58590
123456789
58592
123456789
58594
123456789
58596
123456789
58598
123456789
58600
123456789
58602
123456789
58604
123456789
58606
123456789
58608
123456789
58610
123456789
58612
123456789
58614
123456789
58616
123456789
58618
123456789
58620
123456789
58622
123456789
58624
123456789
58626
123456789
58628
123456789
58630
123456789
58632
123456789
58634
123456789
58636
123456789
58638
123456789
58640
123456789
58642
123456789
58644
123456789
58646
123456789
58648
123456789
58650
123456789
58652
123456789
58654
123456789
58656
123456789
58658
123456789
58660
123456789
58662
123456789
58664
123456789
58666
123456789
58668
123456789
58670
123456789
58672
123456789
58674
123456789
58676
123456789
58678
123456789
58680
123456789
58682
123456789
58684
123456789
58686
123456789
58688
123456789
58690
123456789
58692
123456789
58694
123456789
58696
123456789
58698
123456789
58700
123456789
58702
123456789
58704
123456789
58706
123456789
58708
123456789
58710
123456789
58712
123456789
58714
123456789
58716
123456789
58718
123456789
58720
123456789
58722
123456789
58724
123456789
58726
123456789
58728
123456789
58730
123456789
58732
123456789
58734
123456789
58736
123456789
58738
123456789
58740
123456789
58742
123456789
58744
123456789
58746
123456789
58748
123456789
58750
123456789
58752
123456789
58754
123456789
58756
123456789
58758
123456789
58760
123456789
58762
123456789
58764
123456789
58766
123456789
58768
123456789
58770
123456789
58772
123456789
58774
123456789
58776
123456789
58778
123456789
58780
123456789
58782
123456789
58784
123456789
58786
123456789
58788
123456789
58790
123456789
58792
123456789
58794
123456789
58796
123456789
58798
123456789
58800
123456789
58802
123456789
58804
123456789
58806
123456789
58808
123456789
58810
123456789
58812
123456789
58814
123456789
58816
123456789
58818
123456789
58820
123456789
58822
123456789
58824
123456789
58826
123456789
58828
123456789
58830
123456789
58832
123456789
58834
123456789
58836
123456789
58838
123456789
58840
123456789
58842
123456789
58844
123456789
58846
123456789
58848
123456789
58850
123456789
58852
123456789
58854
123456789
58856
123456789
58858
123456789
58860
123456789
58862
123456789
58864
123456789
58866
123456789
58868
123456789
58870
123456789
58872
123456789
58874
123456789
58876
123456789
58878
123456789
58880
123456789
58882
123456789
58884
123456789
58886
123456789
58888
123456789
58890
123456789
58892
123456789
58894
123456789
58896
123456789
58898
123456789
58900
123456789
58902
123456789
58904
123456789
58906
123456789
58908
123456789
58910
123456789
58912
123456789
58914
123456789
58916
123456789
58918
123456789
58920
123456789
58922
123456789
58924
123456789
58926
123456789
58928
123456789
58930
123456789
58932
123456789
58934
123456789
58936
123456789
58938
123456789
58940
123456789
58942
123456789
58944
123456789
58946
123456789
58948
123456789
58950
123456789
58952
123456789
58954
123456789
58956
123456789
58958
123456789
58960
123456789
58962
123456789
58964
123456789
58966
123456789
58968
123456789
58970
123456789
58972
123456789
58974
123456789
58976
123456789
58978
123456789
58980
123456789
58982
123456789
58984
123456789
58986
123456789
58988
123456789
58990
123456789
58992
123456789
58994
123456789
58996
123456789
58998
123456789
59000
123456789
59002
123456789
59004
123456789
59006
123456789
59008
123456789
59010
123456789
59012
123456789
59014
123456789
59016
123456789
59018
123456789
59020
123456789
59022
123456789
59024
123456789
59026
123456789
59028
123456789
59030
123456789
59032
123456789
59034
123456789
59036
123456789
59038
123456789
59040
123456789
59042
123456789
59044
123456789
59046
123456789
59048
123456789
59050
123456789
59052
123456789
59054
123456789
59056
123456789
59058
123456789
59060
123456789
59062
123456789
59064
123456789
59066
123456789
59068
123456789
59070
123456789
59072
123456789
59074
123456789
59076
123456789
59078
123456789
59080
123456789
59082
123456789
59084
123456789
59086
123456789
59088
123456789
59090
123456789
59092
123456789
59094
123456789
59096
123456789
59098
123456789
59100
123456789
59102
123456789
59104
123456789
59106
123456789
59108
123456789
59110
123456789
59112
123456789
59114
123456789
59116
123456789
59118
123456789
59120
123456789
59122
123456789
59124
123456789
59126
123456789
59128
123456789
59130
123456789
59132
123456789
59134
123456789
59136
123456789
59138
123456789
59140
123456789
59142
123456789
59144
123456789
59146
123456789
59148
123456789
59150
123456789
59152
123456789
59154
123456789
59156
123456789
59158
123456789
59160
123456789
59162
123456789
59164
123456789
59166
123456789
59168
123456789
59170
123456789
59172
123456789
59174
123456789
59176
123456789
59178
123456789
59180
123456789
59182
123456789
59184
123456789
59186
123456789
59188
123456789
59190
123456789
59192
123456789
59194
123456789
59196
123456789
59198
123456789
59200
123456789
59202
123456789
59204
123456789
59206
123456789
59208
123456789
59210
123456789
59212
123456789
59214
123456789
59216
123456789
59218
123456789
59220
123456789
59222
123456789
59224
123456789
59226
123456789
59228
123456789
59230
123456789
59232
123456789
59234
123456789
59236
123456789
59238
123456789
59240
123456789
59242
123456789
59244
123456789
59246
123456789
59248
123456789
59250
123456789
59252
123456789
59254
123456789
59256
123456789
59258
123456789
59260
123456789
59262
123456789
59264
123456789
59266
123456789
59268
123456789
59270
123456789
59272
123456789
59274
123456789
59276
123456789
59278
123456789
59280
123456789
59282
123456789
59284
123456789
59286
123456789
59288
123456789
59290
123456789
59292
123456789
59294
123456789
59296
123456789
59298
123456789
59300
123456789
59302
123456789
59304
123456789
59306
123456789
59308
123456789
59310
123456789
59312
123456789
59314
123456789
59316
123456789
59318
123456789
59320
123456789
59322
123456789
59324
123456789
59326
123456789
59328
123456789
59330
123456789
59332
123456789
59334
123456789
59336
123456789
59338
123456789
59340
123456789
59342
123456789
59344
123456789
59346
123456789
59348
123456789
59350
123456789
59352
123456789
59354
123456789
59356
123456789
59358
123456789
59360
123456789
59362
123456789
59364
123456789
59366
123456789
59368
123456789
59370
123456789
59372
123456789
59374
123456789
59376
123456789
59378
123456789
59380
123456789
59382
123456789
59384
123456789
59386
123456789
59388
123456789
59390
123456789
59392
123456789
59394
123456789
59396
123456789
59398
123456789
59400
123456789
59402
123456789
59404
123456789
59406
123456789
59408
123456789
59410
123456789
59412
123456789
59414
123456789
59416
123456789
59418
123456789
59420
123456789
59422
123456789
59424
123456789
59426
123456789
59428
123456789
59430
123456789
59432
123456789
59434
123456789
59436
123456789
59438
123456789
59440
123456789
59442
123456789
59444
123456789
59446
123456789
59448
123456789
59450
123456789
59452
123456789
59454
123456789
59456
123456789
59458
123456789
59460
123456789
59462
123456789
59464
123456789
59466
123456789
59468
123456789
59470
123456789
59472
123456789
59474
123456789
59476
123456789
59478
123456789
59480
123456789
59482
123456789
59484
123456789
59486
123456789
59488
123456789
59490
123456789
59492
123456789
59494
123456789
59496
123456789
59498
123456789
59500
123456789
59502
123456789
59504
123456789
59506
123456789
59508
123456789
59510
123456789
59512
123456789
59514
123456789
59516
123456789
59518
123456789
59520
123456789
59522
123456789
59524
123456789
59526
123456789
59528
123456789
59530
123456789
59532
123456789
59534
123456789
59536
123456789
59538
123456789
59540
123456789
59542
123456789
59544
123456789
59546
123456789
59548
123456789
59550
123456789
59552
123456789
59554
123456789
59556
123456789
59558
123456789
59560
123456789
59562
123456789
59564
123456789
59566
123456789
59568
123456789
59570
123456789
59572
123456789
59574
123456789
59576
123456789
59578
123456789
59580
123456789
59582
123456789
59584
123456789
59586
123456789
59588
123456789
59590
123456789
59592
123456789
59594
123456789
59596
123456789
59598
123456789
59600
123456789
59602
123456789
59604
123456789
59606
123456789
59608
123456789
59610
123456789
59612
123456789
59614
123456789
59616
123456789
59618
123456789
59620
123456789
59622
123456789
59624
123456789
59626
123456789
59628
123456789
59630
123456789
59632
123456789
59634
123456789
59636
123456789
59638
123456789
59640
123456789
59642
123456789
59644
123456789
59646
123456789
59648
123456789
59650
123456789
59652
123456789
59654
123456789
59656
123456789
59658
123456789
59660
123456789
59662
123456789
59664
123456789
59666
123456789
59668
123456789
59670
123456789
59672
123456789
59674
123456789
59676
123456789
59678
123456789
59680
123456789
59682
123456789
59684
123456789
59686
123456789
59688
123456789
59690
123456789
59692
123456789
59694
123456789
59696
123456789
59698
123456789
59700
123456789
59702
123456789
59704
123456789
59706
123456789
59708
123456789
59710
123456789
59712
123456789
59714
123456789
59716
123456789
59718
123456789
59720
123456789
59722
123456789
59724
123456789
59726
123456789
59728
123456789
59730
123456789
59732
123456789
59734
123456789
59736
123456789
59738
123456789
59740
123456789
59742
123456789
59744
123456789
59746
123456789
59748
123456789
59750
123456789
59752
123456789
59754
123456789
59756
123456789
59758
123456789
59760
123456789
59762
123456789
59764
123456789
59766
123456789
59768
123456789
59770
123456789
59772
123456789
59774
123456789
59776
123456789
59778
123456789
59780
123456789
59782
123456789
59784
123456789
59786
123456789
59788
123456789
59790
123456789
59792
123456789
59794
123456789
59796
123456789
59798
123456789
59800
123456789
59802
123456789
59804
123456789
59806
123456789
59808
123456789
59810
123456789
59812
123456789
59814
123456789
59816
123456789
59818
123456789
59820
123456789
59822
123456789
59824
123456789
59826
123456789
59828
123456789
59830
123456789
59832
123456789
59834
123456789
59836
123456789
59838
123456789
59840
123456789
59842
123456789
59844
123456789
59846
123456789
59848
123456789
59850
123456789
59852
123456789
59854
123456789
59856
123456789
59858
123456789
59860
123456789
59862
123456789
59864
123456789
59866
123456789
59868
123456789
59870
123456789
59872
123456789
59874
123456789
59876
123456789
59878
123456789
59880
123456789
59882
123456789
59884
123456789
59886
123456789
59888
123456789
59890
123456789
59892
123456789
59894
123456789
59896
123456789
59898
123456789
59900
123456789
59902
123456789
59904
123456789
59906
123456789
59908
123456789
59910
123456789
59912
123456789
59914
123456789
59916
123456789
59918
123456789
59920
123456789
59922
123456789
59924
123456789
59926
123456789
59928
123456789
59930
123456789
59932
123456789
59934
123456789
59936
123456789
59938
123456789
59940
123456789
59942
123456789
59944
123456789
59946
123456789
59948
123456789
59950
123456789
59952
123456789
59954
123456789
59956
123456789
59958
123456789
59960
123456789
59962
123456789
59964
123456789
59966
123456789
59968
123456789
59970
123456789
59972
123456789
59974
123456789
59976
123456789
59978
123456789
59980
123456789
59982
123456789
59984
123456789
59986
123456789
59988
123456789
59990
123456789
59992
123456789
59994
123456789
59996
123456789
59998
123456789
60000
123456789
60002
123456789
60004
123456789
60006
123456789
60008
123456789
60010
123456789
60012
123456789
60014
123456789
60016
123456789
60018
123456789
60020
123456789
60022
123456789
60024
123456789
60026
123456789
60028
123456789
60030
123456789
60032
123456789
60034
123456789
60036
123456789
60038
123456789
60040
123456789
60042
123456789
60044
123456789
60046
123456789
60048
123456789
60050
123456789
60052
123456789
60054
123456789
60056
123456789
60058
123456789
60060
123456789
60062
123456789
60064
123456789
60066
123456789
60068
123456789
60070
123456789
60072
123456789
60074
123456789
60076
123456789
60078
123456789
60080
123456789
60082
123456789
60084
123456789
60086
123456789
60088
123456789
60090
123456789
60092
123456789
60094
123456789
60096
123456789
60098
123456789
60100
123456789
60102
123456789
60104
123456789
60106
123456789
60108
123456789
60110
123456789
60112
123456789
60114
123456789
60116
123456789
60118
123456789
60120
123456789
60122
123456789
60124
123456789
60126
123456789
60128
123456789
60130
123456789
60132
123456789
60134
123456789
60136
123456789
60138
123456789
60140
123456789
60142
123456789
60144
123456789
60146
123456789
60148
123456789
60150
123456789
60152
123456789
60154
123456789
60156
123456789
60158
123456789
60160
123456789
60162
123456789
60164
123456789
60166
123456789
60168
123456789
60170
123456789
60172
123456789
60174
123456789
60176
123456789
60178
123456789
60180
123456789
60182
123456789
60184
123456789
60186
123456789
60188
123456789
60190
123456789
60192
123456789
60194
123456789
60196
123456789
60198
123456789
60200
123456789
60202
123456789
60204
123456789
60206
123456789
60208
123456789
60210
123456789
60212
123456789
60214
123456789
60216
123456789
60218
123456789
60220
123456789
60222
123456789
60224
123456789
60226
123456789
60228
123456789
60230
123456789
60232
123456789
60234
123456789
60236
123456789
60238
123456789
60240
123456789
60242
123456789
60244
123456789
60246
123456789
60248
123456789
60250
123456789
60252
123456789
60254
123456789
60256
123456789
60258
123456789
60260
123456789
60262
123456789
60264
123456789
60266
123456789
60268
123456789
60270
123456789
60272
123456789
60274
123456789
60276
123456789
60278
123456789
60280
123456789
60282
123456789
60284
123456789
60286
123456789
60288
123456789
60290
123456789
60292
123456789
60294
123456789
60296
123456789
60298
123456789
60300
123456789
60302
123456789
60304
123456789
60306
123456789
60308
123456789
60310
123456789
60312
123456789
60314
123456789
60316
123456789
60318
123456789
60320
123456789
60322
123456789
60324
123456789
60326
123456789
60328
123456789
60330
123456789
60332
123456789
60334
123456789
60336
123456789
60338
123456789
60340
123456789
60342
123456789
60344
123456789
60346
123456789
60348
123456789
60350
123456789
60352
123456789
60354
123456789
60356
123456789
60358
123456789
60360
123456789
60362
123456789
60364
123456789
60366
123456789
60368
123456789
60370
123456789
60372
123456789
60374
123456789
60376
123456789
60378
123456789
60380
123456789
60382
123456789
60384
123456789
60386
123456789
60388
123456789
60390
123456789
60392
123456789
60394
123456789
60396
123456789
60398
123456789
60400
123456789
60402
123456789
60404
123456789
60406
123456789
60408
123456789
60410
123456789
60412
123456789
60414
123456789
60416
123456789
60418
123456789
60420
123456789
60422
123456789
60424
123456789
60426
123456789
60428
123456789
60430
123456789
60432
123456789
60434
123456789
60436
123456789
60438
123456789
60440
123456789
60442
123456789
60444
123456789
60446
123456789
60448
123456789
60450
123456789
60452
123456789
60454
123456789
60456
123456789
60458
123456789
60460
123456789
60462
123456789
60464
123456789
60466
123456789
60468
123456789
60470
123456789
60472
123456789
60474
123456789
60476
123456789
60478
123456789
60480
123456789
60482
123456789
60484
123456789
60486
123456789
60488
123456789
60490
123456789
60492
123456789
60494
123456789
60496
123456789
60498
123456789
60500
123456789
60502
123456789
60504
123456789
60506
123456789
60508
123456789
60510
123456789
60512
123456789
60514
123456789
60516
123456789
60518
123456789
60520
123456789
60522
123456789
60524
123456789
60526
123456789
60528
123456789
60530
123456789
60532
123456789
60534
123456789
60536
123456789
60538
123456789
60540
123456789
60542
123456789
60544
123456789
60546
123456789
60548
123456789
60550
123456789
60552
123456789
60554
123456789
60556
123456789
60558
123456789
60560
123456789
60562
123456789
60564
123456789
60566
123456789
60568
123456789
60570
123456789
60572
123456789
60574
123456789
60576
123456789
60578
123456789
60580
123456789
60582
123456789
60584
123456789
60586
123456789
60588
123456789
60590
123456789
60592
123456789
60594
123456789
60596
123456789
60598
123456789
60600
123456789
60602
123456789
60604
123456789
60606
123456789
60608
123456789
60610
123456789
60612
123456789
60614
123456789
60616
123456789
60618
123456789
60620
123456789
60622
123456789
60624
123456789
60626
123456789
60628
123456789
60630
123456789
60632
123456789
60634
123456789
60636
123456789
60638
123456789
60640
123456789
60642
123456789
60644
123456789
60646
123456789
60648
123456789
60650
123456789
60652
123456789
60654
123456789
60656
123456789
60658
123456789
60660
123456789
60662
123456789
60664
123456789
60666
123456789
60668
123456789
60670
123456789
60672
123456789
60674
123456789
60676
123456789
60678
123456789
60680
123456789
60682
123456789
60684
123456789
60686
123456789
60688
123456789
60690
123456789
60692
123456789
60694
123456789
60696
123456789
60698
123456789
60700
123456789
60702
123456789
60704
123456789
60706
123456789
60708
123456789
60710
123456789
60712
123456789
60714
123456789
60716
123456789
60718
123456789
60720
123456789
60722
123456789
60724
123456789
60726
123456789
60728
123456789
60730
123456789
60732
123456789
60734
123456789
60736
123456789
60738
123456789
60740
123456789
60742
123456789
60744
123456789
60746
123456789
60748
123456789
60750
123456789
60752
123456789
60754
123456789
60756
123456789
60758
123456789
60760
123456789
60762
123456789
60764
123456789
60766
123456789
60768
123456789
60770
123456789
60772
123456789
60774
123456789
60776
123456789
60778
123456789
60780
123456789
60782
123456789
60784
123456789
60786
123456789
60788
123456789
60790
123456789
60792
123456789
60794
123456789
60796
123456789
60798
123456789
60800
123456789
60802
123456789
60804
123456789
60806
123456789
60808
123456789
60810
123456789
60812
123456789
60814
123456789
60816
123456789
60818
123456789
60820
123456789
60822
123456789
60824
123456789
60826
123456789
60828
123456789
60830
123456789
60832
123456789
60834
123456789
60836
123456789
60838
123456789
60840
123456789
60842
123456789
60844
123456789
60846
123456789
60848
123456789
60850
123456789
60852
123456789
60854
123456789
60856
123456789
60858
123456789
60860
123456789
60862
123456789
60864
123456789
60866
123456789
60868
123456789
60870
123456789
60872
123456789
60874
123456789
60876
123456789
60878
123456789
60880
123456789
60882
123456789
60884
123456789
60886
123456789
60888
123456789
60890
123456789
60892
123456789
60894
123456789
60896
123456789
60898
123456789
60900
123456789
60902
123456789
60904
123456789
60906
123456789
60908
123456789
60910
123456789
60912
123456789
60914
123456789
60916
123456789
60918
123456789
60920
123456789
60922
123456789
60924
123456789
60926
123456789
60928
123456789
60930
123456789
60932
123456789
60934
123456789
60936
123456789
60938
123456789
60940
123456789
60942
123456789
60944
123456789
60946
123456789
60948
123456789
60950
123456789
60952
123456789
60954
123456789
60956
123456789
60958
123456789
60960
123456789
60962
123456789
60964
123456789
60966
123456789
60968
123456789
60970
123456789
60972
123456789
60974
123456789
60976
123456789
60978
123456789
60980
123456789
60982
123456789
60984
123456789
60986
123456789
60988
123456789
60990
123456789
60992
123456789
60994
123456789
60996
123456789
60998
123456789
61000
123456789
61002
123456789
61004
123456789
61006
123456789
61008
123456789
61010
123456789
61012
123456789
61014
123456789
61016
123456789
61018
123456789
61020
123456789
61022
123456789
61024
123456789
61026
123456789
61028
123456789
61030
123456789
61032
123456789
61034
123456789
61036
123456789
61038
123456789
61040
123456789
61042
123456789
61044
123456789
61046
123456789
61048
123456789
61050
123456789
61052
123456789
61054
123456789
61056
123456789
61058
123456789
61060
123456789
61062
123456789
61064
123456789
61066
123456789
61068
123456789
61070
123456789
61072
123456789
61074
123456789
61076
123456789
61078
123456789
61080
123456789
61082
123456789
61084
123456789
61086
123456789
61088
123456789
61090
123456789
61092
123456789
61094
123456789
61096
123456789
61098
123456789
61100
123456789
61102
123456789
61104
123456789
61106
123456789
61108
123456789
61110
123456789
61112
123456789
61114
123456789
61116
123456789
61118
123456789
61120
123456789
61122
123456789
61124
123456789
61126
123456789
61128
123456789
61130
123456789
61132
123456789
61134
123456789
61136
123456789
61138
123456789
61140
123456789
61142
123456789
61144
123456789
61146
123456789
61148
123456789
61150
123456789
61152
123456789
61154
123456789
61156
123456789
61158
123456789
61160
123456789
61162
123456789
61164
123456789
61166
123456789
61168
123456789
61170
123456789
61172
123456789
61174
123456789
61176
123456789
61178
123456789
61180
123456789
61182
123456789
61184
123456789
61186
123456789
61188
123456789
61190
123456789
61192
123456789
61194
123456789
61196
123456789
61198
123456789
61200
123456789
61202
123456789
61204
123456789
61206
123456789
61208
123456789
61210
123456789
61212
123456789
61214
123456789
61216
123456789
61218
123456789
61220
123456789
61222
123456789
61224
123456789
61226
123456789
61228
123456789
61230
123456789
61232
123456789
61234
123456789
61236
123456789
61238
123456789
61240
123456789
61242
123456789
61244
123456789
61246
123456789
61248
123456789
61250
123456789
61252
123456789
61254
123456789
61256
123456789
61258
123456789
61260
123456789
61262
123456789
61264
123456789
61266
123456789
61268
123456789
61270
123456789
61272
123456789
61274
123456789
61276
123456789
61278
123456789
61280
123456789
61282
123456789
61284
123456789
61286
123456789
61288
123456789
61290
123456789
61292
123456789
61294
123456789
61296
123456789
61298
123456789
61300
123456789
61302
123456789
61304
123456789
61306
123456789
61308
123456789
61310
123456789
61312
123456789
61314
123456789
61316
123456789
61318
123456789
61320
123456789
61322
123456789
61324
123456789
61326
123456789
61328
123456789
61330
123456789
61332
123456789
61334
123456789
61336
123456789
61338
123456789
61340
123456789
61342
123456789
61344
123456789
61346
123456789
61348
123456789
61350
123456789
61352
123456789
61354
123456789
61356
123456789
61358
123456789
61360
123456789
61362
123456789
61364
123456789
61366
123456789
61368
123456789
61370
123456789
61372
123456789
61374
123456789
61376
123456789
61378
123456789
61380
123456789
61382
123456789
61384
123456789
61386
123456789
61388
123456789
61390
123456789
61392
123456789
61394
123456789
61396
123456789
61398
123456789
61400
123456789
61402
123456789
61404
123456789
61406
123456789
61408
123456789
61410
123456789
61412
123456789
61414
123456789
61416
123456789
61418
123456789
61420
123456789
61422
123456789
61424
123456789
61426
123456789
61428
123456789
61430
123456789
61432
123456789
61434
123456789
61436
123456789
61438
123456789
61440
123456789
61442
123456789
61444
123456789
61446
123456789
61448
123456789
61450
123456789
61452
123456789
61454
123456789
61456
123456789
61458
123456789
61460
123456789
61462
123456789
61464
123456789
61466
123456789
61468
123456789
61470
123456789
61472
123456789
61474
123456789
61476
123456789
61478
123456789
61480
123456789
61482
123456789
61484
123456789
61486
123456789
61488
123456789
61490
123456789
61492
123456789
61494
123456789
61496
123456789
61498
123456789
61500
123456789
61502
123456789
61504
123456789
61506
123456789
61508
123456789
61510
123456789
61512
123456789
61514
123456789
61516
123456789
61518
123456789
61520
123456789
61522
123456789
61524
123456789
61526
123456789
61528
123456789
61530
123456789
61532
123456789
61534
123456789
61536
123456789
61538
123456789
61540
123456789
61542
123456789
61544
123456789
61546
123456789
61548
123456789
61550
123456789
61552
123456789
61554
123456789
61556
123456789
61558
123456789
61560
123456789
61562
123456789
61564
123456789
61566
123456789
61568
123456789
61570
123456789
61572
123456789
61574
123456789
61576
123456789
61578
123456789
61580
123456789
61582
123456789
61584
123456789
61586
123456789
61588
123456789
61590
123456789
61592
123456789
61594
123456789
61596
123456789
61598
123456789
61600
123456789
61602
123456789
61604
123456789
61606
123456789
61608
123456789
61610
123456789
61612
123456789
61614
123456789
61616
123456789
61618
123456789
61620
123456789
61622
123456789
61624
123456789
61626
123456789
61628
123456789
61630
123456789
61632
123456789
61634
123456789
61636
123456789
61638
123456789
61640
123456789
61642
123456789
61644
123456789
61646
123456789
61648
123456789
61650
123456789
61652
123456789
61654
123456789
61656
123456789
61658
123456789
61660
123456789
61662
123456789
61664
123456789
61666
123456789
61668
123456789
61670
123456789
61672
123456789
61674
123456789
61676
123456789
61678
123456789
61680
123456789
61682
123456789
61684
123456789
61686
123456789
61688
123456789
61690
123456789
61692
123456789
61694
123456789
61696
123456789
61698
123456789
61700
123456789
61702
123456789
61704
123456789
61706
123456789
61708
123456789
61710
123456789
61712
123456789
61714
123456789
61716
123456789
61718
123456789
61720
123456789
61722
123456789
61724
123456789
61726
123456789
61728
123456789
61730
123456789
61732
123456789
61734
123456789
61736
123456789
61738
123456789
61740
123456789
61742
123456789
61744
123456789
61746
123456789
61748
123456789
61750
123456789
61752
123456789
61754
123456789
61756
123456789
61758
123456789
61760
123456789
61762
123456789
61764
123456789
61766
123456789
61768
123456789
61770
123456789
61772
123456789
61774
123456789
61776
123456789
61778
123456789
61780
123456789
61782
123456789
61784
123456789
61786
123456789
61788
123456789
61790
123456789
61792
123456789
61794
123456789
61796
123456789
61798
123456789
61800
123456789
61802
123456789
61804
123456789
61806
123456789
61808
123456789
61810
123456789
61812
123456789
61814
123456789
61816
123456789
61818
123456789
61820
123456789
61822
123456789
61824
123456789
61826
123456789
61828
123456789
61830
123456789
61832
123456789
61834
123456789
61836
123456789
61838
123456789
61840
123456789
61842
123456789
61844
123456789
61846
123456789
61848
123456789
61850
123456789
61852
123456789
61854
123456789
61856
123456789
61858
123456789
61860
123456789
61862
123456789
61864
123456789
61866
123456789
61868
123456789
61870
123456789
61872
123456789
61874
123456789
61876
123456789
61878
123456789
61880
123456789
61882
123456789
61884
123456789
61886
123456789
61888
123456789
61890
123456789
61892
123456789
61894
123456789
61896
123456789
61898
123456789
61900
123456789
61902
123456789
61904
123456789
61906
123456789
61908
123456789
61910
123456789
61912
123456789
61914
123456789
61916
123456789
61918
123456789
61920
123456789
61922
123456789
61924
123456789
61926
123456789
61928
123456789
61930
123456789
61932
123456789
61934
123456789
61936
123456789
61938
123456789
61940
123456789
61942
123456789
61944
123456789
61946
123456789
61948
123456789
61950
123456789
61952
123456789
61954
123456789
61956
123456789
61958
123456789
61960
123456789
61962
123456789
61964
123456789
61966
123456789
61968
123456789
61970
123456789
61972
123456789
61974
123456789
61976
123456789
61978
123456789
61980
123456789
61982
123456789
61984
123456789
61986
123456789
61988
123456789
61990
123456789
61992
123456789
61994
123456789
61996
123456789
61998
123456789
62000
123456789
62002
123456789
62004
123456789
62006
123456789
62008
123456789
62010
123456789
62012
123456789
62014
123456789
62016
123456789
62018
123456789
62020
123456789
62022
123456789
62024
123456789
62026
123456789
62028
123456789
62030
123456789
62032
123456789
62034
123456789
62036
123456789
62038
123456789
62040
123456789
62042
123456789
62044
123456789
62046
123456789
62048
123456789
62050
123456789
62052
123456789
62054
123456789
62056
123456789
62058
123456789
62060
123456789
62062
123456789
62064
123456789
62066
123456789
62068
123456789
62070
123456789
62072
123456789
62074
123456789
62076
123456789
62078
123456789
62080
123456789
62082
123456789
62084
123456789
62086
123456789
62088
123456789
62090
123456789
62092
123456789
62094
123456789
62096
123456789
62098
123456789
62100
123456789
62102
123456789
62104
123456789
62106
123456789
62108
123456789
62110
123456789
62112
123456789
62114
123456789
62116
123456789
62118
123456789
62120
123456789
62122
123456789
62124
123456789
62126
123456789
62128
123456789
62130
123456789
62132
123456789
62134
123456789
62136
123456789
62138
123456789
62140
123456789
62142
123456789
62144
123456789
62146
123456789
62148
123456789
62150
123456789
62152
123456789
62154
123456789
62156
123456789
62158
123456789
62160
123456789
62162
123456789
62164
123456789
62166
123456789
62168
123456789
62170
123456789
62172
123456789
62174
123456789
62176
123456789
62178
123456789
62180
123456789
62182
123456789
62184
123456789
62186
123456789
62188
123456789
62190
123456789
62192
123456789
62194
123456789
62196
123456789
62198
123456789
62200
123456789
62202
123456789
62204
123456789
62206
123456789
62208
123456789
62210
123456789
62212
123456789
62214
123456789
62216
123456789
62218
123456789
62220
123456789
62222
123456789
62224
123456789
62226
123456789
62228
123456789
62230
123456789
62232
123456789
62234
123456789
62236
123456789
62238
123456789
62240
123456789
62242
123456789
62244
123456789
62246
123456789
62248
123456789
62250
123456789
62252
123456789
62254
123456789
62256
123456789
62258
123456789
62260
123456789
62262
123456789
62264
123456789
62266
123456789
62268
123456789
62270
123456789
62272
123456789
62274
123456789
62276
123456789
62278
123456789
62280
123456789
62282
123456789
62284
123456789
62286
123456789
62288
123456789
62290
123456789
62292
123456789
62294
123456789
62296
123456789
62298
123456789
62300
123456789
62302
123456789
62304
123456789
62306
123456789
62308
123456789
62310
123456789
62312
123456789
62314
123456789
62316
123456789
62318
123456789
62320
123456789
62322
123456789
62324
123456789
62326
123456789
62328
123456789
62330
123456789
62332
123456789
62334
123456789
62336
123456789
62338
123456789
62340
123456789
62342
123456789
62344
123456789
62346
123456789
62348
123456789
62350
123456789
62352
123456789
62354
123456789
62356
123456789
62358
123456789
62360
123456789
62362
123456789
62364
123456789
62366
123456789
62368
123456789
62370
123456789
62372
123456789
62374
123456789
62376
123456789
62378
123456789
62380
123456789
62382
123456789
62384
123456789
62386
123456789
62388
123456789
62390
123456789
62392
123456789
62394
123456789
62396
123456789
62398
123456789
62400
123456789
62402
123456789
62404
123456789
62406
123456789
62408
123456789
62410
123456789
62412
123456789
62414
123456789
62416
123456789
62418
123456789
62420
123456789
62422
123456789
62424
123456789
62426
123456789
62428
123456789
62430
123456789
62432
123456789
62434
123456789
62436
123456789
62438
123456789
62440
123456789
62442
123456789
62444
123456789
62446
123456789
62448
123456789
62450
123456789
62452
123456789
62454
123456789
62456
123456789
62458
123456789
62460
123456789
62462
123456789
62464
123456789
62466
123456789
62468
123456789
62470
123456789
62472
123456789
62474
123456789
62476
123456789
62478
123456789
62480
123456789
62482
123456789
62484
123456789
62486
123456789
62488
123456789
62490
123456789
62492
123456789
62494
123456789
62496
123456789
62498
123456789
62500
123456789
62502
123456789
62504
123456789
62506
123456789
62508
123456789
62510
123456789
62512
123456789
62514
123456789
62516
123456789
62518
123456789
62520
123456789
62522
123456789
62524
123456789
62526
123456789
62528
123456789
62530
123456789
62532
123456789
62534
123456789
62536
123456789
62538
123456789
62540
123456789
62542
123456789
62544
123456789
62546
123456789
62548
123456789
62550
123456789
62552
123456789
62554
123456789
62556
123456789
62558
123456789
62560
123456789
62562
123456789
62564
123456789
62566
123456789
62568
123456789
62570
123456789
62572
123456789
62574
123456789
62576
123456789
62578
123456789
62580
123456789
62582
123456789
62584
123456789
62586
123456789
62588
123456789
62590
123456789
62592
123456789
62594
123456789
62596
123456789
62598
123456789
62600
123456789
62602
123456789
62604
123456789
62606
123456789
62608
123456789
62610
123456789
62612
123456789
62614
123456789
62616
123456789
62618
123456789
62620
123456789
62622
123456789
62624
123456789
62626
123456789
62628
123456789
62630
123456789
62632
123456789
62634
123456789
62636
123456789
62638
123456789
62640
123456789
62642
123456789
62644
123456789
62646
123456789
62648
123456789
62650
123456789
62652
123456789
62654
123456789
62656
123456789
62658
123456789
62660
123456789
62662
123456789
62664
123456789
62666
123456789
62668
123456789
62670
123456789
62672
123456789
62674
123456789
62676
123456789
62678
123456789
62680
123456789
62682
123456789
62684
123456789
62686
123456789
62688
123456789
62690
123456789
62692
123456789
62694
123456789
62696
123456789
62698
123456789
62700
123456789
62702
123456789
62704
123456789
62706
123456789
62708
123456789
62710
123456789
62712
123456789
62714
123456789
62716
123456789
62718
123456789
62720
123456789
62722
123456789
62724
123456789
62726
123456789
62728
123456789
62730
123456789
62732
123456789
62734
123456789
62736
123456789
62738
123456789
62740
123456789
62742
123456789
62744
123456789
62746
123456789
62748
123456789
62750
123456789
62752
123456789
62754
123456789
62756
123456789
62758
123456789
62760
123456789
62762
123456789
62764
123456789
62766
123456789
62768
123456789
62770
123456789
62772
123456789
62774
123456789
62776
123456789
62778
123456789
62780
123456789
62782
123456789
62784
123456789
62786
123456789
62788
123456789
62790
123456789
62792
123456789
62794
123456789
62796
123456789
62798
123456789
62800
123456789
62802
123456789
62804
123456789
62806
123456789
62808
123456789
62810
123456789
62812
123456789
62814
123456789
62816
123456789
62818
123456789
62820
123456789
62822
123456789
62824
123456789
62826
123456789
62828
123456789
62830
123456789
62832
123456789
62834
123456789
62836
123456789
62838
123456789
62840
123456789
62842
123456789
62844
123456789
62846
123456789
62848
123456789
62850
123456789
62852
123456789
62854
123456789
62856
123456789
62858
123456789
62860
123456789
62862
123456789
62864
123456789
62866
123456789
62868
123456789
62870
123456789
62872
123456789
62874
123456789
62876
123456789
62878
123456789
62880
123456789
62882
123456789
62884
123456789
62886
123456789
62888
123456789
62890
123456789
62892
123456789
62894
123456789
62896
123456789
62898
123456789
62900
123456789
62902
123456789
62904
123456789
62906
123456789
62908
123456789
62910
123456789
62912
123456789
62914
123456789
62916
123456789
62918
123456789
62920
123456789
62922
123456789
62924
123456789
62926
123456789
62928
123456789
62930
123456789
62932
123456789
62934
123456789
62936
123456789
62938
123456789
62940
123456789
62942
123456789
62944
123456789
62946
123456789
62948
123456789
62950
123456789
62952
123456789
62954
123456789
62956
123456789
62958
123456789
62960
123456789
62962
123456789
62964
123456789
62966
123456789
62968
123456789
62970
123456789
62972
123456789
62974
123456789
62976
123456789
62978
123456789
62980
123456789
62982
123456789
62984
123456789
62986
123456789
62988
123456789
62990
123456789
62992
123456789
62994
123456789
62996
123456789
62998
123456789
63000
123456789
63002
123456789
63004
123456789
63006
123456789
63008
123456789
63010
123456789
63012
123456789
63014
123456789
63016
123456789
63018
123456789
63020
123456789
63022
123456789
63024
123456789
63026
123456789
63028
123456789
63030
123456789
63032
123456789
63034
123456789
63036
123456789
63038
123456789
63040
123456789
63042
123456789
63044
123456789
63046
123456789
63048
123456789
63050
123456789
63052
123456789
63054
123456789
63056
123456789
63058
123456789
63060
123456789
63062
123456789
63064
123456789
63066
123456789
63068
123456789
63070
123456789
63072
123456789
63074
123456789
63076
123456789
63078
123456789
63080
123456789
63082
123456789
63084
123456789
63086
123456789
63088
123456789
63090
123456789
63092
123456789
63094
123456789
63096
123456789
63098
123456789
63100
123456789
63102
123456789
63104
123456789
63106
123456789
63108
123456789
63110
123456789
63112
123456789
63114
123456789
63116
123456789
63118
123456789
63120
123456789
63122
123456789
63124
123456789
63126
123456789
63128
123456789
63130
123456789
63132
123456789
63134
123456789
63136
123456789
63138
123456789
63140
123456789
63142
123456789
63144
123456789
63146
123456789
63148
123456789
63150
123456789
63152
123456789
63154
123456789
63156
123456789
63158
123456789
63160
123456789
63162
123456789
63164
123456789
63166
123456789
63168
123456789
63170
123456789
63172
123456789
63174
123456789
63176
123456789
63178
123456789
63180
123456789
63182
123456789
63184
123456789
63186
123456789
63188
123456789
63190
123456789
63192
123456789
63194
123456789
63196
123456789
63198
123456789
63200
123456789
63202
123456789
63204
123456789
63206
123456789
63208
123456789
63210
123456789
63212
123456789
63214
123456789
63216
123456789
63218
123456789
63220
123456789
63222
123456789
63224
123456789
63226
123456789
63228
123456789
63230
123456789
63232
123456789
63234
123456789
63236
123456789
63238
123456789
63240
123456789
63242
123456789
63244
123456789
63246
123456789
63248
123456789
63250
123456789
63252
123456789
63254
123456789
63256
123456789
63258
123456789
63260
123456789
63262
123456789
63264
123456789
63266
123456789
63268
123456789
63270
123456789
63272
123456789
63274
123456789
63276
123456789
63278
123456789
63280
123456789
63282
123456789
63284
123456789
63286
123456789
63288
123456789
63290
123456789
63292
123456789
63294
123456789
63296
123456789
63298
123456789
63300
123456789
63302
123456789
63304
123456789
63306
123456789
63308
123456789
63310
123456789
63312
123456789
63314
123456789
63316
123456789
63318
123456789
63320
123456789
63322
123456789
63324
123456789
63326
123456789
63328
123456789
63330
123456789
63332
123456789
63334
123456789
63336
123456789
63338
123456789
63340
123456789
63342
123456789
63344
123456789
63346
123456789
63348
123456789
63350
123456789
63352
123456789
63354
123456789
63356
123456789
63358
123456789
63360
123456789
63362
123456789
63364
123456789
63366
123456789
63368
123456789
63370
123456789
63372
123456789
63374
123456789
63376
123456789
63378
123456789
63380
123456789
63382
123456789
63384
123456789
63386
123456789
63388
123456789
63390
123456789
63392
123456789
63394
123456789
63396
123456789
63398
123456789
63400
123456789
63402
123456789
63404
123456789
63406
123456789
63408
123456789
63410
123456789
63412
123456789
63414
123456789
63416
123456789
63418
123456789
63420
123456789
63422
123456789
63424
123456789
63426
123456789
63428
123456789
63430
123456789
63432
123456789
63434
123456789
63436
123456789
63438
123456789
63440
123456789
63442
123456789
63444
123456789
63446
123456789
63448
123456789
63450
123456789
63452
123456789
63454
123456789
63456
123456789
63458
123456789
63460
123456789
63462
123456789
63464
123456789
63466
123456789
63468
123456789
63470
123456789
63472
123456789
63474
123456789
63476
123456789
63478
123456789
63480
123456789
63482
123456789
63484
123456789
63486
123456789
63488
123456789
63490
123456789
63492
123456789
63494
123456789
63496
123456789
63498
123456789
63500
123456789
63502
123456789
63504
123456789
63506
123456789
63508
123456789
63510
123456789
63512
123456789
63514
123456789
63516
123456789
63518
123456789
63520
123456789
63522
123456789
63524
123456789
63526
123456789
63528
123456789
63530
123456789
63532
123456789
63534
123456789
63536
123456789
63538
123456789
63540
123456789
63542
123456789
63544
123456789
63546
123456789
63548
123456789
63550
123456789
63552
123456789
63554
123456789
63556
123456789
63558
123456789
63560
123456789
63562
123456789
63564
123456789
63566
123456789
63568
123456789
63570
123456789
63572
123456789
63574
123456789
63576
123456789
63578
123456789
63580
123456789
63582
123456789
63584
123456789
63586
123456789
63588
123456789
63590
123456789
63592
123456789
63594
123456789
63596
123456789
63598
123456789
63600
123456789
63602
123456789
63604
123456789
63606
123456789
63608
123456789
63610
123456789
63612
123456789
63614
123456789
63616
123456789
63618
123456789
63620
123456789
63622
123456789
63624
123456789
63626
123456789
63628
123456789
63630
123456789
63632
123456789
63634
123456789
63636
123456789
63638
123456789
63640
123456789
63642
123456789
63644
123456789
63646
123456789
63648
123456789
63650
123456789
63652
123456789
63654
123456789
63656
123456789
63658
123456789
63660
123456789
63662
123456789
63664
123456789
63666
123456789
63668
123456789
63670
123456789
63672
123456789
63674
123456789
63676
123456789
63678
123456789
63680
123456789
63682
123456789
63684
123456789
63686
123456789
63688
123456789
63690
123456789
63692
123456789
63694
123456789
63696
123456789
63698
123456789
63700
123456789
63702
123456789
63704
123456789
63706
123456789
63708
123456789
63710
123456789
63712
123456789
63714
123456789
63716
123456789
63718
123456789
63720
123456789
63722
123456789
63724
123456789
63726
123456789
63728
123456789
63730
123456789
63732
123456789
63734
123456789
63736
123456789
63738
123456789
63740
123456789
63742
123456789
63744
123456789
63746
123456789
63748
123456789
63750
123456789
63752
123456789
63754
123456789
63756
123456789
63758
123456789
63760
123456789
63762
123456789
63764
123456789
63766
123456789
63768
123456789
63770
123456789
63772
123456789
63774
123456789
63776
123456789
63778
123456789
63780
123456789
63782
123456789
63784
123456789
63786
123456789
63788
123456789
63790
123456789
63792
123456789
63794
123456789
63796
123456789
63798
123456789
63800
123456789
63802
123456789
63804
123456789
63806
123456789
63808
123456789
63810
123456789
63812
123456789
63814
123456789
63816
123456789
63818
123456789
63820
123456789
63822
123456789
63824
123456789
63826
123456789
63828
123456789
63830
123456789
63832
123456789
63834
123456789
63836
123456789
63838
123456789
63840
123456789
63842
123456789
63844
123456789
63846
123456789
63848
123456789
63850
123456789
63852
123456789
63854
123456789
63856
123456789
63858
123456789
63860
123456789
63862
123456789
63864
123456789
63866
123456789
63868
123456789
63870
123456789
63872
123456789
63874
123456789
63876
123456789
63878
123456789
63880
123456789
63882
123456789
63884
123456789
63886
123456789
63888
123456789
63890
123456789
63892
123456789
63894
123456789
63896
123456789
63898
123456789
63900
123456789
63902
123456789
63904
123456789
63906
123456789
63908
123456789
63910
123456789
63912
123456789
63914
123456789
63916
123456789
63918
123456789
63920
123456789
63922
123456789
63924
123456789
63926
123456789
63928
123456789
63930
123456789
63932
123456789
63934
123456789
63936
123456789
63938
123456789
63940
123456789
63942
123456789
63944
123456789
63946
123456789
63948
123456789
63950
123456789
63952
123456789
63954
123456789
63956
123456789
63958
123456789
63960
123456789
63962
123456789
63964
123456789
63966
123456789
63968
123456789
63970
123456789
63972
123456789
63974
123456789
63976
123456789
63978
123456789
63980
123456789
63982
123456789
63984
123456789
63986
123456789
63988
123456789
63990
123456789
63992
123456789
63994
123456789
63996
123456789
63998
123456789
64000
123456789
64002
123456789
64004
123456789
64006
123456789
64008
123456789
64010
123456789
64012
123456789
64014
123456789
64016
123456789
64018
123456789
64020
123456789
64022
123456789
64024
123456789
64026
123456789
64028
123456789
64030
123456789
64032
123456789
64034
123456789
64036
123456789
64038
123456789
64040
123456789
64042
123456789
64044
123456789
64046
123456789
64048
123456789
64050
123456789
64052
123456789
64054
123456789
64056
123456789
64058
123456789
64060
123456789
64062
123456789
64064
123456789
64066
123456789
64068
123456789
64070
123456789
64072
123456789
64074
123456789
64076
123456789
64078
123456789
64080
123456789
64082
123456789
64084
123456789
64086
123456789
64088
123456789
64090
123456789
64092
123456789
64094
123456789
64096
123456789
64098
123456789
64100
123456789
64102
123456789
64104
123456789
64106
123456789
64108
123456789
64110
123456789
64112
123456789
64114
123456789
64116
123456789
64118
123456789
64120
123456789
64122
123456789
64124
123456789
64126
123456789
64128
123456789
64130
123456789
64132
123456789
64134
123456789
64136
123456789
64138
123456789
64140
123456789
64142
123456789
64144
123456789
64146
123456789
64148
123456789
64150
123456789
64152
123456789
64154
123456789
64156
123456789
64158
123456789
64160
123456789
64162
123456789
64164
123456789
64166
123456789
64168
123456789
64170
123456789
64172
123456789
64174
123456789
64176
123456789
64178
123456789
64180
123456789
64182
123456789
64184
123456789
64186
123456789
64188
123456789
64190
123456789
64192
123456789
64194
123456789
64196
123456789
64198
123456789
64200
123456789
64202
123456789
64204
123456789
64206
123456789
64208
123456789
64210
123456789
64212
123456789
64214
123456789
64216
123456789
64218
123456789
64220
123456789
64222
123456789
64224
123456789
64226
123456789
64228
123456789
64230
123456789
64232
123456789
64234
123456789
64236
123456789
64238
123456789
64240
123456789
64242
123456789
64244
123456789
64246
123456789
64248
123456789
64250
123456789
64252
123456789
64254
123456789
64256
123456789
64258
123456789
64260
123456789
64262
123456789
64264
123456789
64266
123456789
64268
123456789
64270
123456789
64272
123456789
64274
123456789
64276
123456789
64278
123456789
64280
123456789
64282
123456789
64284
123456789
64286
123456789
64288
123456789
64290
123456789
64292
123456789
64294
123456789
64296
123456789
64298
123456789
64300
123456789
64302
123456789
64304
123456789
64306
123456789
64308
123456789
64310
123456789
64312
123456789
64314
123456789
64316
123456789
64318
123456789
64320
123456789
64322
123456789
64324
123456789
64326
123456789
64328
123456789
64330
123456789
64332
123456789
64334
123456789
64336
123456789
64338
123456789
64340
123456789
64342
123456789
64344
123456789
64346
123456789
64348
123456789
64350
123456789
64352
123456789
64354
123456789
64356
123456789
64358
123456789
64360
123456789
64362
123456789
64364
123456789
64366
123456789
64368
123456789
64370
123456789
64372
123456789
64374
123456789
64376
123456789
64378
123456789
64380
123456789
64382
123456789
64384
123456789
64386
123456789
64388
123456789
64390
123456789
64392
123456789
64394
123456789
64396
123456789
64398
123456789
64400
123456789
64402
123456789
64404
123456789
64406
123456789
64408
123456789
64410
123456789
64412
123456789
64414
123456789
64416
123456789
64418
123456789
64420
123456789
64422
123456789
64424
123456789
64426
123456789
64428
123456789
64430
123456789
64432
123456789
64434
123456789
64436
123456789
64438
123456789
64440
123456789
64442
123456789
64444
123456789
64446
123456789
64448
123456789
64450
123456789
64452
123456789
64454
123456789
64456
123456789
64458
123456789
64460
123456789
64462
123456789
64464
123456789
64466
123456789
64468
123456789
64470
123456789
64472
123456789
64474
123456789
64476
123456789
64478
123456789
64480
123456789
64482
123456789
64484
123456789
64486
123456789
64488
123456789
64490
123456789
64492
123456789
64494
123456789
64496
123456789
64498
123456789
64500
123456789
64502
123456789
64504
123456789
64506
123456789
64508
123456789
64510
123456789
64512
123456789
64514
123456789
64516
123456789
64518
123456789
64520
123456789
64522
123456789
64524
123456789
64526
123456789
64528
123456789
64530
123456789
64532
123456789
64534
123456789
64536
123456789
64538
123456789
64540
123456789
64542
123456789
64544
123456789
64546
123456789
64548
123456789
64550
123456789
64552
123456789
64554
123456789
64556
123456789
64558
123456789
64560
123456789
64562
123456789
64564
123456789
64566
123456789
64568
123456789
64570
123456789
64572
123456789
64574
123456789
64576
123456789
64578
123456789
64580
123456789
64582
123456789
64584
123456789
64586
123456789
64588
123456789
64590
123456789
64592
123456789
64594
123456789
64596
123456789
64598
123456789
64600
123456789
64602
123456789
64604
123456789
64606
123456789
64608
123456789
64610
123456789
64612
123456789
64614
123456789
64616
123456789
64618
123456789
64620
123456789
64622
123456789
64624
123456789
64626
123456789
64628
123456789
64630
123456789
64632
123456789
64634
123456789
64636
123456789
64638
123456789
64640
123456789
64642
123456789
64644
123456789
64646
123456789
64648
123456789
64650
123456789
64652
123456789
64654
123456789
64656
123456789
64658
123456789
64660
123456789
64662
123456789
64664
123456789
64666
123456789
64668
123456789
64670
123456789
64672
123456789
64674
123456789
64676
123456789
64678
123456789
64680
123456789
64682
123456789
64684
123456789
64686
123456789
64688
123456789
64690
123456789
64692
123456789
64694
123456789
64696
123456789
64698
123456789
64700
123456789
64702
123456789
64704
123456789
64706
123456789
64708
123456789
64710
123456789
64712
123456789
64714
123456789
64716
123456789
64718
123456789
64720
123456789
64722
123456789
64724
123456789
64726
123456789
64728
123456789
64730
123456789
64732
123456789
64734
123456789
64736
123456789
64738
123456789
64740
123456789
64742
123456789
64744
123456789
64746
123456789
64748
123456789
64750
123456789
64752
123456789
64754
123456789
64756
123456789
64758
123456789
64760
123456789
64762
123456789
64764
123456789
64766
123456789
64768
123456789
64770
123456789
64772
123456789
64774
123456789
64776
123456789
64778
123456789
64780
123456789
64782
123456789
64784
123456789
64786
123456789
64788
123456789
64790
123456789
64792
123456789
64794
123456789
64796
123456789
64798
123456789
64800
123456789
64802
123456789
64804
123456789
64806
123456789
64808
123456789
64810
123456789
64812
123456789
64814
123456789
64816
123456789
64818
123456789
64820
123456789
64822
123456789
64824
123456789
64826
123456789
64828
123456789
64830
123456789
64832
123456789
64834
123456789
64836
123456789
64838
123456789
64840
123456789
64842
123456789
64844
123456789
64846
123456789
64848
123456789
64850
123456789
64852
123456789
64854
123456789
64856
123456789
64858
123456789
64860
123456789
64862
123456789
64864
123456789
64866
123456789
64868
123456789
64870
123456789
64872
123456789
64874
123456789
64876
123456789
64878
123456789
64880
123456789
64882
123456789
64884
123456789
64886
123456789
64888
123456789
64890
123456789
64892
123456789
64894
123456789
64896
123456789
64898
123456789
64900
123456789
64902
123456789
64904
123456789
64906
123456789
64908
123456789
64910
123456789
64912
123456789
64914
123456789
64916
123456789
64918
123456789
64920
123456789
64922
123456789
64924
123456789
64926
123456789
64928
123456789
64930
123456789
64932
123456789
64934
123456789
64936
123456789
64938
123456789
64940
123456789
64942
123456789
64944
123456789
64946
123456789
64948
123456789
64950
123456789
64952
123456789
64954
123456789
64956
123456789
64958
123456789
64960
123456789
64962
123456789
64964
123456789
64966
123456789
64968
123456789
64970
123456789
64972
123456789
64974
123456789
64976
123456789
64978
123456789
64980
123456789
64982
123456789
64984
123456789
64986
123456789
64988
123456789
64990
123456789
64992
123456789
64994
123456789
64996
123456789
64998
123456789
65000
123456789
65002
123456789
65004
123456789
65006
123456789
65008
123456789
65010
123456789
65012
123456789
65014
123456789
65016
123456789
65018
123456789
65020
123456789
65022
123456789
65024
123456789
65026
123456789
65028
123456789
65030
123456789
65032
123456789
65034
123456789
65036
123456789
65038
123456789
65040
123456789
65042
123456789
65044
123456789
65046
123456789
65048
123456789
65050
123456789
65052
123456789
65054
123456789
65056
123456789
65058
123456789
65060
123456789
65062
123456789
65064
123456789
65066
123456789
65068
123456789
65070
123456789
65072
123456789
65074
123456789
65076
123456789
65078
123456789
65080
123456789
65082
123456789
65084
123456789
65086
123456789
65088
123456789
65090
123456789
65092
123456789
65094
123456789
65096
123456789
65098
123456789
65100
123456789
65102
123456789
65104
123456789
65106
123456789
65108
123456789
65110
123456789
65112
123456789
65114
123456789
65116
123456789
65118
123456789
65120
123456789
65122
123456789
65124
123456789
65126
123456789
65128
123456789
65130
123456789
65132
123456789
65134
123456789
65136
123456789
65138
123456789
65140
123456789
65142
123456789
65144
123456789
65146
123456789
65148
123456789
65150
123456789
65152
123456789
65154
123456789
65156
123456789
65158
123456789
65160
123456789
65162
123456789
65164
123456789
65166
123456789
65168
123456789
65170
123456789
65172
123456789
65174
123456789
65176
123456789
65178
123456789
65180
123456789
65182
123456789
65184
123456789
65186
123456789
65188
123456789
65190
123456789
65192
123456789
65194
123456789
65196
123456789
65198
123456789
65200
123456789
65202
123456789
65204
123456789
65206
123456789
65208
123456789
65210
123456789
65212
123456789
65214
123456789
65216
123456789
65218
123456789
65220
123456789
65222
123456789
65224
123456789
65226
123456789
65228
123456789
65230
123456789
65232
123456789
65234
123456789
65236
123456789
65238
123456789
65240
123456789
65242
123456789
65244
123456789
65246
123456789
65248
123456789
65250
123456789
65252
123456789
65254
123456789
65256
123456789
65258
123456789
65260
123456789
65262
123456789
65264
123456789
65266
123456789
65268
123456789
65270
123456789
65272
123456789
65274
123456789
65276
123456789
65278
123456789
65280
123456789
65282
123456789
65284
123456789
65286
123456789
65288
123456789
65290
123456789
65292
123456789
65294
123456789
65296
123456789
65298
123456789
65300
123456789
65302
123456789
65304
123456789
65306
123456789
65308
123456789
65310
123456789
65312
123456789
65314
123456789
65316
123456789
65318
123456789
65320
123456789
65322
123456789
65324
123456789
65326
123456789
65328
123456789
65330
123456789
65332
123456789
65334
123456789
65336
123456789
65338
123456789
65340
123456789
65342
123456789
65344
123456789
65346
123456789
65348
123456789
65350
123456789
65352
123456789
65354
123456789
65356
123456789
65358
123456789
65360
123456789
65362
123456789
65364
123456789
65366
123456789
65368
123456789
65370
123456789
65372
123456789
65374
123456789
65376
123456789
65378
123456789
65380
123456789
65382
123456789
65384
123456789
65386
123456789
65388
123456789
65390
123456789
65392
123456789
65394
123456789
65396
123456789
65398
123456789
65400
123456789
65402
123456789
65404
123456789
65406
123456789
65408
123456789
65410
123456789
65412
123456789
65414
123456789
65416
123456789
65418
123456789
65420
123456789
65422
123456789
65424
123456789
65426
123456789
65428
123456789
65430
123456789
65432
123456789
65434
123456789
65436
123456789
65438
123456789
65440
123456789
65442
123456789
65444
123456789
65446
123456789
65448
123456789
65450
123456789
65452
123456789
65454
123456789
65456
123456789
65458
123456789
65460
123456789
65462
123456789
65464
123456789
65466
123456789
65468
123456789
65470
123456789
65472
123456789
65474
123456789
65476
123456789
65478
123456789
65480
123456789
65482
123456789
65484
123456789
65486
123456789
65488
123456789
65490
123456789
65492
123456789
65494
123456789
65496
123456789
65498
123456789
65500
123456789
65502
123456789
65504
123456789
65506
123456789
65508
123456789
65510
123456789
65512
123456789
65514
123456789
65516
123456789
65518
123456789
65520
123456789
65522
123456789
65524
123456789
65526
123456789
65528
123456789
65530
123456789
65532
123456789
65534
123456789
65536
123456789
65538
123456789
65540
123456789
65542
123456789
65544
123456789
65546
123456789
65548
123456789
65550
123456789
65552
123456789
65554
123456789
65556
123456789
65558
123456789
65560
123456789
65562
123456789
65564
123456789
65566
123456789
65568
123456789
65570
123456789
65572
123456789
65574
123456789
65576
123456789
65578
123456789
65580
123456789
65582
123456789
65584
123456789
65586
123456789
65588
123456789
65590
123456789
65592
123456789
65594
123456789
65596
123456789
65598
123456789
65600
123456789
65602
123456789
65604
123456789
65606
123456789
65608
123456789
65610
123456789
65612
123456789
65614
123456789
65616
123456789
65618
123456789
65620
123456789
65622
123456789
65624
123456789
65626
123456789
65628
123456789
65630
123456789
65632
123456789
65634
123456789
65636
123456789
65638
123456789
65640
123456789
65642
123456789
65644
123456789
65646
123456789
65648
123456789
65650
123456789
65652
123456789
65654
123456789
65656
123456789
65658
123456789
65660
123456789
65662
123456789
65664
123456789
65666
123456789
65668
123456789
65670
123456789
65672
123456789
65674
123456789
65676
123456789
65678
123456789
65680
123456789
65682
123456789
65684
123456789
65686
123456789
65688
123456789
65690
123456789
65692
123456789
65694
123456789
65696
123456789
65698
123456789
65700
123456789
65702
123456789
65704
123456789
65706
123456789
65708
123456789
65710
123456789
65712
123456789
65714
123456789
65716
123456789
65718
123456789
65720
123456789
65722
123456789
65724
123456789
65726
123456789
65728
123456789
65730
123456789
65732
123456789
65734
123456789
65736
123456789
65738
123456789
65740
123456789
65742
123456789
65744
123456789
65746
123456789
65748
123456789
65750
123456789
65752
123456789
65754
123456789
65756
123456789
65758
123456789
65760
123456789
65762
123456789
65764
123456789
65766
123456789
65768
123456789
65770
123456789
65772
123456789
65774
123456789
65776
123456789
65778
123456789
65780
123456789
65782
123456789
65784
123456789
65786
123456789
65788
123456789
65790
123456789
65792
123456789
65794
123456789
65796
123456789
65798
123456789
65800
123456789
65802
123456789
65804
123456789
65806
123456789
65808
123456789
65810
123456789
65812
123456789
65814
123456789
65816
123456789
65818
123456789
65820
123456789
65822
123456789
65824
123456789
65826
123456789
65828
123456789
65830
123456789
65832
123456789
65834
123456789
65836
123456789
65838
123456789
65840
123456789
65842
123456789
65844
123456789
65846
123456789
65848
123456789
65850
123456789
65852
123456789
65854
123456789
65856
123456789
65858
123456789
65860
123456789
65862
123456789
65864
123456789
65866
123456789
65868
123456789
65870
123456789
65872
123456789
65874
123456789
65876
123456789
65878
123456789
65880
123456789
65882
123456789
65884
123456789
65886
123456789
65888
123456789
65890
123456789
65892
123456789
65894
123456789
65896
123456789
65898
123456789
65900
123456789
65902
123456789
65904
123456789
65906
123456789
65908
123456789
65910
123456789
65912
123456789
65914
123456789
65916
123456789
65918
123456789
65920
123456789
65922
123456789
65924
123456789
65926
123456789
65928
123456789
65930
123456789
65932
123456789
65934
123456789
65936
123456789
65938
123456789
65940
123456789
65942
123456789
65944
123456789
65946
123456789
65948
123456789
65950
123456789
65952
123456789
65954
123456789
65956
123456789
65958
123456789
65960
123456789
65962
123456789
65964
123456789
65966
123456789
65968
123456789
65970
123456789
65972
123456789
65974
123456789
65976
123456789
65978
123456789
65980
123456789
65982
123456789
65984
123456789
65986
123456789
65988
123456789
65990
123456789
65992
123456789
65994
123456789
65996
123456789
65998
123456789
66000
123456789
66002
123456789
66004
123456789
66006
123456789
66008
123456789
66010
123456789
66012
123456789
66014
123456789
66016
123456789
66018
123456789
66020
123456789
66022
123456789
66024
123456789
66026
123456789
66028
123456789
66030
123456789
66032
123456789
66034
123456789
66036
123456789
66038
123456789
66040
123456789
66042
123456789
66044
123456789
66046
123456789
66048
123456789
66050
123456789
66052
123456789
66054
123456789
66056
123456789
66058
123456789
66060
123456789
66062
123456789
66064
123456789
66066
123456789
66068
123456789
66070
123456789
66072
123456789
66074
123456789
66076
123456789
66078
123456789
66080
123456789
66082
123456789
66084
123456789
66086
123456789
66088
123456789
66090
123456789
66092
123456789
66094
123456789
66096
123456789
66098
123456789
66100
123456789
66102
123456789
66104
123456789
66106
123456789
66108
123456789
66110
123456789
66112
123456789
66114
123456789
66116
123456789
66118
123456789
66120
123456789
66122
123456789
66124
123456789
66126
123456789
66128
123456789
66130
123456789
66132
123456789
66134
123456789
66136
123456789
66138
123456789
66140
123456789
66142
123456789
66144
123456789
66146
123456789
66148
123456789
66150
123456789
66152
123456789
66154
123456789
66156
123456789
66158
123456789
66160
123456789
66162
123456789
66164
123456789
66166
123456789
66168
123456789
66170
123456789
66172
123456789
66174
123456789
66176
123456789
66178
123456789
66180
123456789
66182
123456789
66184
123456789
66186
123456789
66188
123456789
66190
123456789
66192
123456789
66194
123456789
66196
123456789
66198
123456789
66200
123456789
66202
123456789
66204
123456789
66206
123456789
66208
123456789
66210
123456789
66212
123456789
66214
123456789
66216
123456789
66218
123456789
66220
123456789
66222
123456789
66224
123456789
66226
123456789
66228
123456789
66230
123456789
66232
123456789
66234
123456789
66236
123456789
66238
123456789
66240
123456789
66242
123456789
66244
123456789
66246
123456789
66248
123456789
66250
123456789
66252
123456789
66254
123456789
66256
123456789
66258
123456789
66260
123456789
66262
123456789
66264
123456789
66266
123456789
66268
123456789
66270
123456789
66272
123456789
66274
123456789
66276
123456789
66278
123456789
66280
123456789
66282
123456789
66284
123456789
66286
123456789
66288
123456789
66290
123456789
66292
123456789
66294
123456789
66296
123456789
66298
123456789
66300
123456789
66302
123456789
66304
123456789
66306
123456789
66308
123456789
66310
123456789
66312
123456789
66314
123456789
66316
123456789
66318
123456789
66320
123456789
66322
123456789
66324
123456789
66326
123456789
66328
123456789
66330
123456789
66332
123456789
66334
123456789
66336
123456789
66338
123456789
66340
123456789
66342
123456789
66344
123456789
66346
123456789
66348
123456789
66350
123456789
66352
123456789
66354
123456789
66356
123456789
66358
123456789
66360
123456789
66362
123456789
66364
123456789
66366
123456789
66368
123456789
66370
123456789
66372
123456789
66374
123456789
66376
123456789
66378
123456789
66380
123456789
66382
123456789
66384
123456789
66386
123456789
66388
123456789
66390
123456789
66392
123456789
66394
123456789
66396
123456789
66398
123456789
66400
123456789
66402
123456789
66404
123456789
66406
123456789
66408
123456789
66410
123456789
66412
123456789
66414
123456789
66416
123456789
66418
123456789
66420
123456789
66422
123456789
66424
123456789
66426
123456789
66428
123456789
66430
123456789
66432
123456789
66434
123456789
66436
123456789
66438
123456789
66440
123456789
66442
123456789
66444
123456789
66446
123456789
66448
123456789
66450
123456789
66452
123456789
66454
123456789
66456
123456789
66458
123456789
66460
123456789
66462
123456789
66464
123456789
66466
123456789
66468
123456789
66470
123456789
66472
123456789
66474
123456789
66476
123456789
66478
123456789
66480
123456789
66482
123456789
66484
123456789
66486
123456789
66488
123456789
66490
123456789
66492
123456789
66494
123456789
66496
123456789
66498
123456789
66500
123456789
66502
123456789
66504
123456789
66506
123456789
66508
123456789
66510
123456789
66512
123456789
66514
123456789
66516
123456789
66518
123456789
66520
123456789
66522
123456789
66524
123456789
66526
123456789
66528
123456789
66530
123456789
66532
123456789
66534
123456789
66536
123456789
66538
123456789
66540
123456789
66542
123456789
66544
123456789
66546
123456789
66548
123456789
66550
123456789
66552
123456789
66554
123456789
66556
123456789
66558
123456789
66560
123456789
66562
123456789
66564
123456789
66566
123456789
66568
123456789
66570
123456789
66572
123456789
66574
123456789
66576
123456789
66578
123456789
66580
123456789
66582
123456789
66584
123456789
66586
123456789
66588
123456789
66590
123456789
66592
123456789
66594
123456789
66596
123456789
66598
123456789
66600
123456789
66602
123456789
66604
123456789
66606
123456789
66608
123456789
66610
123456789
66612
123456789
66614
123456789
66616
123456789
66618
123456789
66620
123456789
66622
123456789
66624
123456789
66626
123456789
66628
123456789
66630
123456789
66632
123456789
66634
123456789
66636
123456789
66638
123456789
66640
123456789
66642
123456789
66644
123456789
66646
123456789
66648
123456789
66650
123456789
66652
123456789
66654
123456789
66656
123456789
66658
123456789
66660
123456789
66662
123456789
66664
123456789
66666
123456789
66668
123456789
66670
123456789
66672
123456789
66674
123456789
66676
123456789
66678
123456789
66680
123456789
66682
123456789
66684
123456789
66686
123456789
66688
123456789
66690
123456789
66692
123456789
66694
123456789
66696
123456789
66698
123456789
66700
123456789
66702
123456789
66704
123456789
66706
123456789
66708
123456789
66710
123456789
66712
123456789
66714
123456789
66716
123456789
66718
123456789
66720
123456789
66722
123456789
66724
123456789
66726
123456789
66728
123456789
66730
123456789
66732
123456789
66734
123456789
66736
123456789
66738
123456789
66740
123456789
66742
123456789
66744
123456789
66746
123456789
66748
123456789
66750
123456789
66752
123456789
66754
123456789
66756
123456789
66758
123456789
66760
123456789
66762
123456789
66764
123456789
66766
123456789
66768
123456789
66770
123456789
66772
123456789
66774
123456789
66776
123456789
66778
123456789
66780
123456789
66782
123456789
66784
123456789
66786
123456789
66788
123456789
66790
123456789
66792
123456789
66794
123456789
66796
123456789
66798
123456789
66800
123456789
66802
123456789
66804
123456789
66806
123456789
66808
123456789
66810
123456789
66812
123456789
66814
123456789
66816
123456789
66818
123456789
66820
123456789
66822
123456789
66824
123456789
66826
123456789
66828
123456789
66830
123456789
66832
123456789
66834
123456789
66836
123456789
66838
123456789
66840
123456789
66842
123456789
66844
123456789
66846
123456789
66848
123456789
66850
123456789
66852
123456789
66854
123456789
66856
123456789
66858
123456789
66860
123456789
66862
123456789
66864
123456789
66866
123456789
66868
123456789
66870
123456789
66872
123456789
66874
123456789
66876
123456789
66878
123456789
66880
123456789
66882
123456789
66884
123456789
66886
123456789
66888
123456789
66890
123456789
66892
123456789
66894
123456789
66896
123456789
66898
123456789
66900
123456789
66902
123456789
66904
123456789
66906
123456789
66908
123456789
66910
123456789
66912
123456789
66914
123456789
66916
123456789
66918
123456789
66920
123456789
66922
123456789
66924
123456789
66926
123456789
66928
123456789
66930
123456789
66932
123456789
66934
123456789
66936
123456789
66938
123456789
66940
123456789
66942
123456789
66944
123456789
66946
123456789
66948
123456789
66950
123456789
66952
123456789
66954
123456789
66956
123456789
66958
123456789
66960
123456789
66962
123456789
66964
123456789
66966
123456789
66968
123456789
66970
123456789
66972
123456789
66974
123456789
66976
123456789
66978
123456789
66980
123456789
66982
123456789
66984
123456789
66986
123456789
66988
123456789
66990
123456789
66992
123456789
66994
123456789
66996
123456789
66998
123456789
67000
123456789
67002
123456789
67004
123456789
67006
123456789
67008
123456789
67010
123456789
67012
123456789
67014
123456789
67016
123456789
67018
123456789
67020
123456789
67022
123456789
67024
123456789
67026
123456789
67028
123456789
67030
123456789
67032
123456789
67034
123456789
67036
123456789
67038
123456789
67040
123456789
67042
123456789
67044
123456789
67046
123456789
67048
123456789
67050
123456789
67052
123456789
67054
123456789
67056
123456789
67058
123456789
67060
123456789
67062
123456789
67064
123456789
67066
123456789
67068
123456789
67070
123456789
67072
123456789
67074
123456789
67076
123456789
67078
123456789
67080
123456789
67082
123456789
67084
123456789
67086
123456789
67088
123456789
67090
123456789
67092
123456789
67094
123456789
67096
123456789
67098
123456789
67100
123456789
67102
123456789
67104
123456789
67106
123456789
67108
123456789
67110
123456789
67112
123456789
67114
123456789
67116
123456789
67118
123456789
67120
123456789
67122
123456789
67124
123456789
67126
123456789
67128
123456789
67130
123456789
67132
123456789
67134
123456789
67136
123456789
67138
123456789
67140
123456789
67142
123456789
67144
123456789
67146
123456789
67148
123456789
67150
123456789
67152
123456789
67154
123456789
67156
123456789
67158
123456789
67160
123456789
67162
123456789
67164
123456789
67166
123456789
67168
123456789
67170
123456789
67172
123456789
67174
123456789
67176
123456789
67178
123456789
67180
123456789
67182
123456789
67184
123456789
67186
123456789
67188
123456789
67190
123456789
67192
123456789
67194
123456789
67196
123456789
67198
123456789
67200
123456789
67202
123456789
67204
123456789
67206
123456789
67208
123456789
67210
123456789
67212
123456789
67214
123456789
67216
123456789
67218
123456789
67220
123456789
67222
123456789
67224
123456789
67226
123456789
67228
123456789
67230
123456789
67232
123456789
67234
123456789
67236
123456789
67238
123456789
67240
123456789
67242
123456789
67244
123456789
67246
123456789
67248
123456789
67250
123456789
67252
123456789
67254
123456789
67256
123456789
67258
123456789
67260
123456789
67262
123456789
67264
123456789
67266
123456789
67268
123456789
67270
123456789
67272
123456789
67274
123456789
67276
123456789
67278
123456789
67280
123456789
67282
123456789
67284
123456789
67286
123456789
67288
123456789
67290
123456789
67292
123456789
67294
123456789
67296
123456789
67298
123456789
67300
123456789
67302
123456789
67304
123456789
67306
123456789
67308
123456789
67310
123456789
67312
123456789
67314
123456789
67316
123456789
67318
123456789
67320
123456789
67322
123456789
67324
123456789
67326
123456789
67328
123456789
67330
123456789
67332
123456789
67334
123456789
67336
123456789
67338
123456789
67340
123456789
67342
123456789
67344
123456789
67346
123456789
67348
123456789
67350
123456789
67352
123456789
67354
123456789
67356
123456789
67358
123456789
67360
123456789
67362
123456789
67364
123456789
67366
123456789
67368
123456789
67370
123456789
67372
123456789
67374
123456789
67376
123456789
67378
123456789
67380
123456789
67382
123456789
67384
123456789
67386
123456789
67388
123456789
67390
123456789
67392
123456789
67394
123456789
67396
123456789
67398
123456789
67400
123456789
67402
123456789
67404
123456789
67406
123456789
67408
123456789
67410
123456789
67412
123456789
67414
123456789
67416
123456789
67418
123456789
67420
123456789
67422
123456789
67424
123456789
67426
123456789
67428
123456789
67430
123456789
67432
123456789
67434
123456789
67436
123456789
67438
123456789
67440
123456789
67442
123456789
67444
123456789
67446
123456789
67448
123456789
67450
123456789
67452
123456789
67454
123456789
67456
123456789
67458
123456789
67460
123456789
67462
123456789
67464
123456789
67466
123456789
67468
123456789
67470
123456789
67472
123456789
67474
123456789
67476
123456789
67478
123456789
67480
123456789
67482
123456789
67484
123456789
67486
123456789
67488
123456789
67490
123456789
67492
123456789
67494
123456789
67496
123456789
67498
123456789
67500
123456789
67502
123456789
67504
123456789
67506
123456789
67508
123456789
67510
123456789
67512
123456789
67514
123456789
67516
123456789
67518
123456789
67520
123456789
67522
123456789
67524
123456789
67526
123456789
67528
123456789
67530
123456789
67532
123456789
67534
123456789
67536
123456789
67538
123456789
67540
123456789
67542
123456789
67544
123456789
67546
123456789
67548
123456789
67550
123456789
67552
123456789
67554
123456789
67556
123456789
67558
123456789
67560
123456789
67562
123456789
67564
123456789
67566
123456789
67568
123456789
67570
123456789
67572
123456789
67574
123456789
67576
123456789
67578
123456789
67580
123456789
67582
123456789
67584
123456789
67586
123456789
67588
123456789
67590
123456789
67592
123456789
67594
123456789
67596
123456789
67598
123456789
67600
123456789
67602
123456789
67604
123456789
67606
123456789
67608
123456789
67610
123456789
67612
123456789
67614
123456789
67616
123456789
67618
123456789
67620
123456789
67622
123456789
67624
123456789
67626
123456789
67628
123456789
67630
123456789
67632
123456789
67634
123456789
67636
123456789
67638
123456789
67640
123456789
67642
123456789
67644
123456789
67646
123456789
67648
123456789
67650
123456789
67652
123456789
67654
123456789
67656
123456789
67658
123456789
67660
123456789
67662
123456789
67664
123456789
67666
123456789
67668
123456789
67670
123456789
67672
123456789
67674
123456789
67676
123456789
67678
123456789
67680
123456789
67682
123456789
67684
123456789
67686
123456789
67688
123456789
67690
123456789
67692
123456789
67694
123456789
67696
123456789
67698
123456789
67700
123456789
67702
123456789
67704
123456789
67706
123456789
67708
123456789
67710
123456789
67712
123456789
67714
123456789
67716
123456789
67718
123456789
67720
123456789
67722
123456789
67724
123456789
67726
123456789
67728
123456789
67730
123456789
67732
123456789
67734
123456789
67736
123456789
67738
123456789
67740
123456789
67742
123456789
67744
123456789
67746
123456789
67748
123456789
67750
123456789
67752
123456789
67754
123456789
67756
123456789
67758
123456789
67760
123456789
67762
123456789
67764
123456789
67766
123456789
67768
123456789
67770
123456789
67772
123456789
67774
123456789
67776
123456789
67778
123456789
67780
123456789
67782
123456789
67784
123456789
67786
123456789
67788
123456789
67790
123456789
67792
123456789
67794
123456789
67796
123456789
67798
123456789
67800
123456789
67802
123456789
67804
123456789
67806
123456789
67808
123456789
67810
123456789
67812
123456789
67814
123456789
67816
123456789
67818
123456789
67820
123456789
67822
123456789
67824
123456789
67826
123456789
67828
123456789
67830
123456789
67832
123456789
67834
123456789
67836
123456789
67838
123456789
67840
123456789
67842
123456789
67844
123456789
67846
123456789
67848
123456789
67850
123456789
67852
123456789
67854
123456789
67856
123456789
67858
123456789
67860
123456789
67862
123456789
67864
123456789
67866
123456789
67868
123456789
67870
123456789
67872
123456789
67874
123456789
67876
123456789
67878
123456789
67880
123456789
67882
123456789
67884
123456789
67886
123456789
67888
123456789
67890
123456789
67892
123456789
67894
123456789
67896
123456789
67898
123456789
67900
123456789
67902
123456789
67904
123456789
67906
123456789
67908
123456789
67910
123456789
67912
123456789
67914
123456789
67916
123456789
67918
123456789
67920
123456789
67922
123456789
67924
123456789
67926
123456789
67928
123456789
67930
123456789
67932
123456789
67934
123456789
67936
123456789
67938
123456789
67940
123456789
67942
123456789
67944
123456789
67946
123456789
67948
123456789
67950
123456789
67952
123456789
67954
123456789
67956
123456789
67958
123456789
67960
123456789
67962
123456789
67964
123456789
67966
123456789
67968
123456789
67970
123456789
67972
123456789
67974
123456789
67976
123456789
67978
123456789
67980
123456789
67982
123456789
67984
123456789
67986
123456789
67988
123456789
67990
123456789
67992
123456789
67994
123456789
67996
123456789
67998
123456789
68000
123456789
68002
123456789
68004
123456789
68006
123456789
68008
123456789
68010
123456789
68012
123456789
68014
123456789
68016
123456789
68018
123456789
68020
123456789
68022
123456789
68024
123456789
68026
123456789
68028
123456789
68030
123456789
68032
123456789
68034
123456789
68036
123456789
68038
123456789
68040
123456789
68042
123456789
68044
123456789
68046
123456789
68048
123456789
68050
123456789
68052
123456789
68054
123456789
68056
123456789
68058
123456789
68060
123456789
68062
123456789
68064
123456789
68066
123456789
68068
123456789
68070
123456789
68072
123456789
68074
123456789
68076
123456789
68078
123456789
68080
123456789
68082
123456789
68084
123456789
68086
123456789
68088
123456789
68090
123456789
68092
123456789
68094
123456789
68096
123456789
68098
123456789
68100
123456789
68102
123456789
68104
123456789
68106
123456789
68108
123456789
68110
123456789
68112
123456789
68114
123456789
68116
123456789
68118
123456789
68120
123456789
68122
123456789
68124
123456789
68126
123456789
68128
123456789
68130
123456789
68132
123456789
68134
123456789
68136
123456789
68138
123456789
68140
123456789
68142
123456789
68144
123456789
68146
123456789
68148
123456789
68150
123456789
68152
123456789
68154
123456789
68156
123456789
68158
123456789
68160
123456789
68162
123456789
68164
123456789
68166
123456789
68168
123456789
68170
123456789
68172
123456789
68174
123456789
68176
123456789
68178
123456789
68180
123456789
68182
123456789
68184
123456789
68186
123456789
68188
123456789
68190
123456789
68192
123456789
68194
123456789
68196
123456789
68198
123456789
68200
123456789
68202
123456789
68204
123456789
68206
123456789
68208
123456789
68210
123456789
68212
123456789
68214
123456789
68216
123456789
68218
123456789
68220
123456789
68222
123456789
68224
123456789
68226
123456789
68228
123456789
68230
123456789
68232
123456789
68234
123456789
68236
123456789
68238
123456789
68240
123456789
68242
123456789
68244
123456789
68246
123456789
68248
123456789
68250
123456789
68252
123456789
68254
123456789
68256
123456789
68258
123456789
68260
123456789
68262
123456789
68264
123456789
68266
123456789
68268
123456789
68270
123456789
68272
123456789
68274
123456789
68276
123456789
68278
123456789
68280
123456789
68282
123456789
68284
123456789
68286
123456789
68288
123456789
68290
123456789
68292
123456789
68294
123456789
68296
123456789
68298
123456789
68300
123456789
68302
123456789
68304
123456789
68306
123456789
68308
123456789
68310
123456789
68312
123456789
68314
123456789
68316
123456789
68318
123456789
68320
123456789
68322
123456789
68324
123456789
68326
123456789
68328
123456789
68330
123456789
68332
123456789
68334
123456789
68336
123456789
68338
123456789
68340
123456789
68342
123456789
68344
123456789
68346
123456789
68348
123456789
68350
123456789
68352
123456789
68354
123456789
68356
123456789
68358
123456789
68360
123456789
68362
123456789
68364
123456789
68366
123456789
68368
123456789
68370
123456789
68372
123456789
68374
123456789
68376
123456789
68378
123456789
68380
123456789
68382
123456789
68384
123456789
68386
123456789
68388
123456789
68390
123456789
68392
123456789
68394
123456789
68396
123456789
68398
123456789
68400
123456789
68402
123456789
68404
123456789
68406
123456789
68408
123456789
68410
123456789
68412
123456789
68414
123456789
68416
123456789
68418
123456789
68420
123456789
68422
123456789
68424
123456789
68426
123456789
68428
123456789
68430
123456789
68432
123456789
68434
123456789
68436
123456789
68438
123456789
68440
123456789
68442
123456789
68444
123456789
68446
123456789
68448
123456789
68450
123456789
68452
123456789
68454
123456789
68456
123456789
68458
123456789
68460
123456789
68462
123456789
68464
123456789
68466
123456789
68468
123456789
68470
123456789
68472
123456789
68474
123456789
68476
123456789
68478
123456789
68480
123456789
68482
123456789
68484
123456789
68486
123456789
68488
123456789
68490
123456789
68492
123456789
68494
123456789
68496
123456789
68498
123456789
68500
123456789
68502
123456789
68504
123456789
68506
123456789
68508
123456789
68510
123456789
68512
123456789
68514
123456789
68516
123456789
68518
123456789
68520
123456789
68522
123456789
68524
123456789
68526
123456789
68528
123456789
68530
123456789
68532
123456789
68534
123456789
68536
123456789
68538
123456789
68540
123456789
68542
123456789
68544
123456789
68546
123456789
68548
123456789
68550
123456789
68552
123456789
68554
123456789
68556
123456789
68558
123456789
68560
123456789
68562
123456789
68564
123456789
68566
123456789
68568
123456789
68570
123456789
68572
123456789
68574
123456789
68576
123456789
68578
123456789
68580
123456789
68582
123456789
68584
123456789
68586
123456789
68588
123456789
68590
123456789
68592
123456789
68594
123456789
68596
123456789
68598
123456789
68600
123456789
68602
123456789
68604
123456789
68606
123456789
68608
123456789
68610
123456789
68612
123456789
68614
123456789
68616
123456789
68618
123456789
68620
123456789
68622
123456789
68624
123456789
68626
123456789
68628
123456789
68630
123456789
68632
123456789
68634
123456789
68636
123456789
68638
123456789
68640
123456789
68642
123456789
68644
123456789
68646
123456789
68648
123456789
68650
123456789
68652
123456789
68654
123456789
68656
123456789
68658
123456789
68660
123456789
68662
123456789
68664
123456789
68666
123456789
68668
123456789
68670
123456789
68672
123456789
68674
123456789
68676
123456789
68678
123456789
68680
123456789
68682
123456789
68684
123456789
68686
123456789
68688
123456789
68690
123456789
68692
123456789
68694
123456789
68696
123456789
68698
123456789
68700
123456789
68702
123456789
68704
123456789
68706
123456789
68708
123456789
68710
123456789
68712
123456789
68714
123456789
68716
123456789
68718
123456789
68720
123456789
68722
123456789
68724
123456789
68726
123456789
68728
123456789
68730
123456789
68732
123456789
68734
123456789
68736
123456789
68738
123456789
68740
123456789
68742
123456789
68744
123456789
68746
123456789
68748
123456789
68750
123456789
68752
123456789
68754
123456789
68756
123456789
68758
123456789
68760
123456789
68762
123456789
68764
123456789
68766
123456789
68768
123456789
68770
123456789
68772
123456789
68774
123456789
68776
123456789
68778
123456789
68780
123456789
68782
123456789
68784
123456789
68786
123456789
68788
123456789
68790
123456789
68792
123456789
68794
123456789
68796
123456789
68798
123456789
68800
123456789
68802
123456789
68804
123456789
68806
123456789
68808
123456789
68810
123456789
68812
123456789
68814
123456789
68816
123456789
68818
123456789
68820
123456789
68822
123456789
68824
123456789
68826
123456789
68828
123456789
68830
123456789
68832
123456789
68834
123456789
68836
123456789
68838
123456789
68840
123456789
68842
123456789
68844
123456789
68846
123456789
68848
123456789
68850
123456789
68852
123456789
68854
123456789
68856
123456789
68858
123456789
68860
123456789
68862
123456789
68864
123456789
68866
123456789
68868
123456789
68870
123456789
68872
123456789
68874
123456789
68876
123456789
68878
123456789
68880
123456789
68882
123456789
68884
123456789
68886
123456789
68888
123456789
68890
123456789
68892
123456789
68894
123456789
68896
123456789
68898
123456789
68900
123456789
68902
123456789
68904
123456789
68906
123456789
68908
123456789
68910
123456789
68912
123456789
68914
123456789
68916
123456789
68918
123456789
68920
123456789
68922
123456789
68924
123456789
68926
123456789
68928
123456789
68930
123456789
68932
123456789
68934
123456789
68936
123456789
68938
123456789
68940
123456789
68942
123456789
68944
123456789
68946
123456789
68948
123456789
68950
123456789
68952
123456789
68954
123456789
68956
123456789
68958
123456789
68960
123456789
68962
123456789
68964
123456789
68966
123456789
68968
123456789
68970
123456789
68972
123456789
68974
123456789
68976
123456789
68978
123456789
68980
123456789
68982
123456789
68984
123456789
68986
123456789
68988
123456789
68990
123456789
68992
123456789
68994
123456789
68996
123456789
68998
123456789
69000
123456789
69002
123456789
69004
123456789
69006
123456789
69008
123456789
69010
123456789
69012
123456789
69014
123456789
69016
123456789
69018
123456789
69020
123456789
69022
123456789
69024
123456789
69026
123456789
69028
123456789
69030
123456789
69032
123456789
69034
123456789
69036
123456789
69038
123456789
69040
123456789
69042
123456789
69044
123456789
69046
123456789
69048
123456789
69050
123456789
69052
123456789
69054
123456789
69056
123456789
69058
123456789
69060
123456789
69062
123456789
69064
123456789
69066
123456789
69068
123456789
69070
123456789
69072
123456789
69074
123456789
69076
123456789
69078
123456789
69080
123456789
69082
123456789
69084
123456789
69086
123456789
69088
123456789
69090
123456789
69092
123456789
69094
123456789
69096
123456789
69098
123456789
69100
123456789
69102
123456789
69104
123456789
69106
123456789
69108
123456789
69110
123456789
69112
123456789
69114
123456789
69116
123456789
69118
123456789
69120
123456789
69122
123456789
69124
123456789
69126
123456789
69128
123456789
69130
123456789
69132
123456789
69134
123456789
69136
123456789
69138
123456789
69140
123456789
69142
123456789
69144
123456789
69146
123456789
69148
123456789
69150
123456789
69152
123456789
69154
123456789
69156
123456789
69158
123456789
69160
123456789
69162
123456789
69164
123456789
69166
123456789
69168
123456789
69170
123456789
69172
123456789
69174
123456789
69176
123456789
69178
123456789
69180
123456789
69182
123456789
69184
123456789
69186
123456789
69188
123456789
69190
123456789
69192
123456789
69194
123456789
69196
123456789
69198
123456789
69200
123456789
69202
123456789
69204
123456789
69206
123456789
69208
123456789
69210
123456789
69212
123456789
69214
123456789
69216
123456789
69218
123456789
69220
123456789
69222
123456789
69224
123456789
69226
123456789
69228
123456789
69230
123456789
69232
123456789
69234
123456789
69236
123456789
69238
123456789
69240
123456789
69242
123456789
69244
123456789
69246
123456789
69248
123456789
69250
123456789
69252
123456789
69254
123456789
69256
123456789
69258
123456789
69260
123456789
69262
123456789
69264
123456789
69266
123456789
69268
123456789
69270
123456789
69272
123456789
69274
123456789
69276
123456789
69278
123456789
69280
123456789
69282
123456789
69284
123456789
69286
123456789
69288
123456789
69290
123456789
69292
123456789
69294
123456789
69296
123456789
69298
123456789
69300
123456789
69302
123456789
69304
123456789
69306
123456789
69308
123456789
69310
123456789
69312
123456789
69314
123456789
69316
123456789
69318
123456789
69320
123456789
69322
123456789
69324
123456789
69326
123456789
69328
123456789
69330
123456789
69332
123456789
69334
123456789
69336
123456789
69338
123456789
69340
123456789
69342
123456789
69344
123456789
69346
123456789
69348
123456789
69350
123456789
69352
123456789
69354
123456789
69356
123456789
69358
123456789
69360
123456789
69362
123456789
69364
123456789
69366
123456789
69368
123456789
69370
123456789
69372
123456789
69374
123456789
69376
123456789
69378
123456789
69380
123456789
69382
123456789
69384
123456789
69386
123456789
69388
123456789
69390
123456789
69392
123456789
69394
123456789
69396
123456789
69398
123456789
69400
123456789
69402
123456789
69404
123456789
69406
123456789
69408
123456789
69410
123456789
69412
123456789
69414
123456789
69416
123456789
69418
123456789
69420
123456789
69422
123456789
69424
123456789
69426
123456789
69428
123456789
69430
123456789
69432
123456789
69434
123456789
69436
123456789
69438
123456789
69440
123456789
69442
123456789
69444
123456789
69446
123456789
69448
123456789
69450
123456789
69452
123456789
69454
123456789
69456
123456789
69458
123456789
69460
123456789
69462
123456789
69464
123456789
69466
123456789
69468
123456789
69470
123456789
69472
123456789
69474
123456789
69476
123456789
69478
123456789
69480
123456789
69482
123456789
69484
123456789
69486
123456789
69488
123456789
69490
123456789
69492
123456789
69494
123456789
69496
123456789
69498
123456789
69500
123456789
69502
123456789
69504
123456789
69506
123456789
69508
123456789
69510
123456789
69512
123456789
69514
123456789
69516
123456789
69518
123456789
69520
123456789
69522
123456789
69524
123456789
69526
123456789
69528
123456789
69530
123456789
69532
123456789
69534
123456789
69536
123456789
69538
123456789
69540
123456789
69542
123456789
69544
123456789
69546
123456789
69548
123456789
69550
123456789
69552
123456789
69554
123456789
69556
123456789
69558
123456789
69560
123456789
69562
123456789
69564
123456789
69566
123456789
69568
123456789
69570
123456789
69572
123456789
69574
123456789
69576
123456789
69578
123456789
69580
123456789
69582
123456789
69584
123456789
69586
123456789
69588
123456789
69590
123456789
69592
123456789
69594
123456789
69596
123456789
69598
123456789
69600
123456789
69602
123456789
69604
123456789
69606
123456789
69608
123456789
69610
123456789
69612
123456789
69614
123456789
69616
123456789
69618
123456789
69620
123456789
69622
123456789
69624
123456789
69626
123456789
69628
123456789
69630
123456789
69632
123456789
69634
123456789
69636
123456789
69638
123456789
69640
123456789
69642
123456789
69644
123456789
69646
123456789
69648
123456789
69650
123456789
69652
123456789
69654
123456789
69656
123456789
69658
123456789
69660
123456789
69662
123456789
69664
123456789
69666
123456789
69668
123456789
69670
123456789
69672
123456789
69674
123456789
69676
123456789
69678
123456789
69680
123456789
69682
123456789
69684
123456789
69686
123456789
69688
123456789
69690
123456789
69692
123456789
69694
123456789
69696
123456789
69698
123456789
69700
123456789
69702
123456789
69704
123456789
69706
123456789
69708
123456789
69710
123456789
69712
123456789
69714
123456789
69716
123456789
69718
123456789
69720
123456789
69722
123456789
69724
123456789
69726
123456789
69728
123456789
69730
123456789
69732
123456789
69734
123456789
69736
123456789
69738
123456789
69740
123456789
69742
123456789
69744
123456789
69746
123456789
69748
123456789
69750
123456789
69752
123456789
69754
123456789
69756
123456789
69758
123456789
69760
123456789
69762
123456789
69764
123456789
69766
123456789
69768
123456789
69770
123456789
69772
123456789
69774
123456789
69776
123456789
69778
123456789
69780
123456789
69782
123456789
69784
123456789
69786
123456789
69788
123456789
69790
123456789
69792
123456789
69794
123456789
69796
123456789
69798
123456789
69800
123456789
69802
123456789
69804
123456789
69806
123456789
69808
123456789
69810
123456789
69812
123456789
69814
123456789
69816
123456789
69818
123456789
69820
123456789
69822
123456789
69824
123456789
69826
123456789
69828
123456789
69830
123456789
69832
123456789
69834
123456789
69836
123456789
69838
123456789
69840
123456789
69842
123456789
69844
123456789
69846
123456789
69848
123456789
69850
123456789
69852
123456789
69854
123456789
69856
123456789
69858
123456789
69860
123456789
69862
123456789
69864
123456789
69866
123456789
69868
123456789
69870
123456789
69872
123456789
69874
123456789
69876
123456789
69878
123456789
69880
123456789
69882
123456789
69884
123456789
69886
123456789
69888
123456789
69890
123456789
69892
123456789
69894
123456789
69896
123456789
69898
123456789
69900
123456789
69902
123456789
69904
123456789
69906
123456789
69908
123456789
69910
123456789
69912
123456789
69914
123456789
69916
123456789
69918
123456789
69920
123456789
69922
123456789
69924
123456789
69926
123456789
69928
123456789
69930
123456789
69932
123456789
69934
123456789
69936
123456789
69938
123456789
69940
123456789
69942
123456789
69944
123456789
69946
123456789
69948
123456789
69950
123456789
69952
123456789
69954
123456789
69956
123456789
69958
123456789
69960
123456789
69962
123456789
69964
123456789
69966
123456789
69968
123456789
69970
123456789
69972
123456789
69974
123456789
69976
123456789
69978
123456789
69980
123456789
69982
123456789
69984
123456789
69986
123456789
69988
123456789
69990
123456789
69992
123456789
69994
123456789
69996
123456789
69998
123456789
70000
123456789
70002
123456789
70004
123456789
70006
123456789
70008
123456789
70010
123456789
70012
123456789
70014
123456789
70016
123456789
70018
123456789
70020
123456789
70022
123456789
70024
123456789
70026
123456789
70028
123456789
70030
123456789
70032
123456789
70034
123456789
70036
123456789
70038
123456789
70040
123456789
70042
123456789
70044
123456789
70046
123456789
70048
123456789
70050
123456789
70052
123456789
70054
123456789
70056
123456789
70058
123456789
70060
123456789
70062
123456789
70064
123456789
70066
123456789
70068
123456789
70070
123456789
70072
123456789
70074
123456789
70076
123456789
70078
123456789
70080
123456789
70082
123456789
70084
123456789
70086
123456789
70088
123456789
70090
123456789
70092
123456789
70094
123456789
70096
123456789
70098
123456789
70100
123456789
70102
123456789
70104
123456789
70106
123456789
70108
123456789
70110
123456789
70112
123456789
70114
123456789
70116
123456789
70118
123456789
70120
123456789
70122
123456789
70124
123456789
70126
123456789
70128
123456789
70130
123456789
70132
123456789
70134
123456789
70136
123456789
70138
123456789
70140
123456789
70142
123456789
70144
123456789
70146
123456789
70148
123456789
70150
123456789
70152
123456789
70154
123456789
70156
123456789
70158
123456789
70160
123456789
70162
123456789
70164
123456789
70166
123456789
70168
123456789
70170
123456789
70172
123456789
70174
123456789
70176
123456789
70178
123456789
70180
123456789
70182
123456789
70184
123456789
70186
123456789
70188
123456789
70190
123456789
70192
123456789
70194
123456789
70196
123456789
70198
123456789
70200
123456789
70202
123456789
70204
123456789
70206
123456789
70208
123456789
70210
123456789
70212
123456789
70214
123456789
70216
123456789
70218
123456789
70220
123456789
70222
123456789
70224
123456789
70226
123456789
70228
123456789
70230
123456789
70232
123456789
70234
123456789
70236
123456789
70238
123456789
70240
123456789
70242
123456789
70244
123456789
70246
123456789
70248
123456789
70250
123456789
70252
123456789
70254
123456789
70256
123456789
70258
123456789
70260
123456789
70262
123456789
70264
123456789
70266
123456789
70268
123456789
70270
123456789
70272
123456789
70274
123456789
70276
123456789
70278
123456789
70280
123456789
70282
123456789
70284
123456789
70286
123456789
70288
123456789
70290
123456789
70292
123456789
70294
123456789
70296
123456789
70298
123456789
70300
123456789
70302
123456789
70304
123456789
70306
123456789
70308
123456789
70310
123456789
70312
123456789
70314
123456789
70316
123456789
70318
123456789
70320
123456789
70322
123456789
70324
123456789
70326
123456789
70328
123456789
70330
123456789
70332
123456789
70334
123456789
70336
123456789
70338
123456789
70340
123456789
70342
123456789
70344
123456789
70346
123456789
70348
123456789
70350
123456789
70352
123456789
70354
123456789
70356
123456789
70358
123456789
70360
123456789
70362
123456789
70364
123456789
70366
123456789
70368
123456789
70370
123456789
70372
123456789
70374
123456789
70376
123456789
70378
123456789
70380
123456789
70382
123456789
70384
123456789
70386
123456789
70388
123456789
70390
123456789
70392
123456789
70394
123456789
70396
123456789
70398
123456789
70400
123456789
70402
123456789
70404
123456789
70406
123456789
70408
123456789
70410
123456789
70412
123456789
70414
123456789
70416
123456789
70418
123456789
70420
123456789
70422
123456789
70424
123456789
70426
123456789
70428
123456789
70430
123456789
70432
123456789
70434
123456789
70436
123456789
70438
123456789
70440
123456789
70442
123456789
70444
123456789
70446
123456789
70448
123456789
70450
123456789
70452
123456789
70454
123456789
70456
123456789
70458
123456789
70460
123456789
70462
123456789
70464
123456789
70466
123456789
70468
123456789
70470
123456789
70472
123456789
70474
123456789
70476
123456789
70478
123456789
70480
123456789
70482
123456789
70484
123456789
70486
123456789
70488
123456789
70490
123456789
70492
123456789
70494
123456789
70496
123456789
70498
123456789
70500
123456789
70502
123456789
70504
123456789
70506
123456789
70508
123456789
70510
123456789
70512
123456789
70514
123456789
70516
123456789
70518
123456789
70520
123456789
70522
123456789
70524
123456789
70526
123456789
70528
123456789
70530
123456789
70532
123456789
70534
123456789
70536
123456789
70538
123456789
70540
123456789
70542
123456789
70544
123456789
70546
123456789
70548
123456789
70550
123456789
70552
123456789
70554
123456789
70556
123456789
70558
123456789
70560
123456789
70562
123456789
70564
123456789
70566
123456789
70568
123456789
70570
123456789
70572
123456789
70574
123456789
70576
123456789
70578
123456789
70580
123456789
70582
123456789
70584
123456789
70586
123456789
70588
123456789
70590
123456789
70592
123456789
70594
123456789
70596
123456789
70598
123456789
70600
123456789
70602
123456789
70604
123456789
70606
123456789
70608
123456789
70610
123456789
70612
123456789
70614
123456789
70616
123456789
70618
123456789
70620
123456789
70622
123456789
70624
123456789
70626
123456789
70628
123456789
70630
123456789
70632
123456789
70634
123456789
70636
123456789
70638
123456789
70640
123456789
70642
123456789
70644
123456789
70646
123456789
70648
123456789
70650
123456789
70652
123456789
70654
123456789
70656
123456789
70658
123456789
70660
123456789
70662
123456789
70664
123456789
70666
123456789
70668
123456789
70670
123456789
70672
123456789
70674
123456789
70676
123456789
70678
123456789
70680
123456789
70682
123456789
70684
123456789
70686
123456789
70688
123456789
70690
123456789
70692
123456789
70694
123456789
70696
123456789
70698
123456789
70700
123456789
70702
123456789
70704
123456789
70706
123456789
70708
123456789
70710
123456789
70712
123456789
70714
123456789
70716
123456789
70718
123456789
70720
123456789
70722
123456789
70724
123456789
70726
123456789
70728
123456789
70730
123456789
70732
123456789
70734
123456789
70736
123456789
70738
123456789
70740
123456789
70742
123456789
70744
123456789
70746
123456789
70748
123456789
70750
123456789
70752
123456789
70754
123456789
70756
123456789
70758
123456789
70760
123456789
70762
123456789
70764
123456789
70766
123456789
70768
123456789
70770
123456789
70772
123456789
70774
123456789
70776
123456789
70778
123456789
70780
123456789
70782
123456789
70784
123456789
70786
123456789
70788
123456789
70790
123456789
70792
123456789
70794
123456789
70796
123456789
70798
123456789
70800
123456789
70802
123456789
70804
123456789
70806
123456789
70808
123456789
70810
123456789
70812
123456789
70814
123456789
70816
123456789
70818
123456789
70820
123456789
70822
123456789
70824
123456789
70826
123456789
70828
123456789
70830
123456789
70832
123456789
70834
123456789
70836
123456789
70838
123456789
70840
123456789
70842
123456789
70844
123456789
70846
123456789
70848
123456789
70850
123456789
70852
123456789
70854
123456789
70856
123456789
70858
123456789
70860
123456789
70862
123456789
70864
123456789
70866
123456789
70868
123456789
70870
123456789
70872
123456789
70874
123456789
70876
123456789
70878
123456789
70880
123456789
70882
123456789
70884
123456789
70886
123456789
70888
123456789
70890
123456789
70892
123456789
70894
123456789
70896
123456789
70898
123456789
70900
123456789
70902
123456789
70904
123456789
70906
123456789
70908
123456789
70910
123456789
70912
123456789
70914
123456789
70916
123456789
70918
123456789
70920
123456789
70922
123456789
70924
123456789
70926
123456789
70928
123456789
70930
123456789
70932
123456789
70934
123456789
70936
123456789
70938
123456789
70940
123456789
70942
123456789
70944
123456789
70946
123456789
70948
123456789
70950
123456789
70952
123456789
70954
123456789
70956
123456789
70958
123456789
70960
123456789
70962
123456789
70964
123456789
70966
123456789
70968
123456789
70970
123456789
70972
123456789
70974
123456789
70976
123456789
70978
123456789
70980
123456789
70982
123456789
70984
123456789
70986
123456789
70988
123456789
70990
123456789
70992
123456789
70994
123456789
70996
123456789
70998
123456789
71000
123456789
71002
123456789
71004
123456789
71006
123456789
71008
123456789
71010
123456789
71012
123456789
71014
123456789
71016
123456789
71018
123456789
71020
123456789
71022
123456789
71024
123456789
71026
123456789
71028
123456789
71030
123456789
71032
123456789
71034
123456789
71036
123456789
71038
123456789
71040
123456789
71042
123456789
71044
123456789
71046
123456789
71048
123456789
71050
123456789
71052
123456789
71054
123456789
71056
123456789
71058
123456789
71060
123456789
71062
123456789
71064
123456789
71066
123456789
71068
123456789
71070
123456789
71072
123456789
71074
123456789
71076
123456789
71078
123456789
71080
123456789
71082
123456789
71084
123456789
71086
123456789
71088
123456789
71090
123456789
71092
123456789
71094
123456789
71096
123456789
71098
123456789
71100
123456789
71102
123456789
71104
123456789
71106
123456789
71108
123456789
71110
123456789
71112
123456789
71114
123456789
71116
123456789
71118
123456789
71120
123456789
71122
123456789
71124
123456789
71126
123456789
71128
123456789
71130
123456789
71132
123456789
71134
123456789
71136
123456789
71138
123456789
71140
123456789
71142
123456789
71144
123456789
71146
123456789
71148
123456789
71150
123456789
71152
123456789
71154
123456789
71156
123456789
71158
123456789
71160
123456789
71162
123456789
71164
123456789
71166
123456789
71168
123456789
71170
123456789
71172
123456789
71174
123456789
71176
123456789
71178
123456789
71180
123456789
71182
123456789
71184
123456789
71186
123456789
71188
123456789
71190
123456789
71192
123456789
71194
123456789
71196
123456789
71198
123456789
71200
123456789
71202
123456789
71204
123456789
71206
123456789
71208
123456789
71210
123456789
71212
123456789
71214
123456789
71216
123456789
71218
123456789
71220
123456789
71222
123456789
71224
123456789
71226
123456789
71228
123456789
71230
123456789
71232
123456789
71234
123456789
71236
123456789
71238
123456789
71240
123456789
71242
123456789
71244
123456789
71246
123456789
71248
123456789
71250
123456789
71252
123456789
71254
123456789
71256
123456789
71258
123456789
71260
123456789
71262
123456789
71264
123456789
71266
123456789
71268
123456789
71270
123456789
71272
123456789
71274
123456789
71276
123456789
71278
123456789
71280
123456789
71282
123456789
71284
123456789
71286
123456789
71288
123456789
71290
123456789
71292
123456789
71294
123456789
71296
123456789
71298
123456789
71300
123456789
71302
123456789
71304
123456789
71306
123456789
71308
123456789
71310
123456789
71312
123456789
71314
123456789
71316
123456789
71318
123456789
71320
123456789
71322
123456789
71324
123456789
71326
123456789
71328
123456789
71330
123456789
71332
123456789
71334
123456789
71336
123456789
71338
123456789
71340
123456789
71342
123456789
71344
123456789
71346
123456789
71348
123456789
71350
123456789
71352
123456789
71354
123456789
71356
123456789
71358
123456789
71360
123456789
71362
123456789
71364
123456789
71366
123456789
71368
123456789
71370
123456789
71372
123456789
71374
123456789
71376
123456789
71378
123456789
71380
123456789
71382
123456789
71384
123456789
71386
123456789
71388
123456789
71390
123456789
71392
123456789
71394
123456789
71396
123456789
71398
123456789
71400
123456789
71402
123456789
71404
123456789
71406
123456789
71408
123456789
71410
123456789
71412
123456789
71414
123456789
71416
123456789
71418
123456789
71420
123456789
71422
123456789
71424
123456789
71426
123456789
71428
123456789
71430
123456789
71432
123456789
71434
123456789
71436
123456789
71438
123456789
71440
123456789
71442
123456789
71444
123456789
71446
123456789
71448
123456789
71450
123456789
71452
123456789
71454
123456789
71456
123456789
71458
123456789
71460
123456789
71462
123456789
71464
123456789
71466
123456789
71468
123456789
71470
123456789
71472
123456789
71474
123456789
71476
123456789
71478
123456789
71480
123456789
71482
123456789
71484
123456789
71486
123456789
71488
123456789
71490
123456789
71492
123456789
71494
123456789
71496
123456789
71498
123456789
71500
123456789
71502
123456789
71504
123456789
71506
123456789
71508
123456789
71510
123456789
71512
123456789
71514
123456789
71516
123456789
71518
123456789
71520
123456789
71522
123456789
71524
123456789
71526
123456789
71528
123456789
71530
123456789
71532
123456789
71534
123456789
71536
123456789
71538
123456789
71540
123456789
71542
123456789
71544
123456789
71546
123456789
71548
123456789
71550
123456789
71552
123456789
71554
123456789
71556
123456789
71558
123456789
71560
123456789
71562
123456789
71564
123456789
71566
123456789
71568
123456789
71570
123456789
71572
123456789
71574
123456789
71576
123456789
71578
123456789
71580
123456789
71582
123456789
71584
123456789
71586
123456789
71588
123456789
71590
123456789
71592
123456789
71594
123456789
71596
123456789
71598
123456789
71600
123456789
71602
123456789
71604
123456789
71606
123456789
71608
123456789
71610
123456789
71612
123456789
71614
123456789
71616
123456789
71618
123456789
71620
123456789
71622
123456789
71624
123456789
71626
123456789
71628
123456789
71630
123456789
71632
123456789
71634
123456789
71636
123456789
71638
123456789
71640
123456789
71642
123456789
71644
123456789
71646
123456789
71648
123456789
71650
123456789
71652
123456789
71654
123456789
71656
123456789
71658
123456789
71660
123456789
71662
123456789
71664
123456789
71666
123456789
71668
123456789
71670
123456789
71672
123456789
71674
123456789
71676
123456789
71678
123456789
71680
123456789
71682
123456789
71684
123456789
71686
123456789
71688
123456789
71690
123456789
71692
123456789
71694
123456789
71696
123456789
71698
123456789
71700
123456789
71702
123456789
71704
123456789
71706
123456789
71708
123456789
71710
123456789
71712
123456789
71714
123456789
71716
123456789
71718
123456789
71720
123456789
71722
123456789
71724
123456789
71726
123456789
71728
123456789
71730
123456789
71732
123456789
71734
123456789
71736
123456789
71738
123456789
71740
123456789
71742
123456789
71744
123456789
71746
123456789
71748
123456789
71750
123456789
71752
123456789
71754
123456789
71756
123456789
71758
123456789
71760
123456789
71762
123456789
71764
123456789
71766
123456789
71768
123456789
71770
123456789
71772
123456789
71774
123456789
71776
123456789
71778
123456789
71780
123456789
71782
123456789
71784
123456789
71786
123456789
71788
123456789
71790
123456789
71792
123456789
71794
123456789
71796
123456789
71798
123456789
71800
123456789
71802
123456789
71804
123456789
71806
123456789
71808
123456789
71810
123456789
71812
123456789
71814
123456789
71816
123456789
71818
123456789
71820
123456789
71822
123456789
71824
123456789
71826
123456789
71828
123456789
71830
123456789
71832
123456789
71834
123456789
71836
123456789
71838
123456789
71840
123456789
71842
123456789
71844
123456789
71846
123456789
71848
123456789
71850
123456789
71852
123456789
71854
123456789
71856
123456789
71858
123456789
71860
123456789
71862
123456789
71864
123456789
71866
123456789
71868
123456789
71870
123456789
71872
123456789
71874
123456789
71876
123456789
71878
123456789
71880
123456789
71882
123456789
71884
123456789
71886
123456789
71888
123456789
71890
123456789
71892
123456789
71894
123456789
71896
123456789
71898
123456789
71900
123456789
71902
123456789
71904
123456789
71906
123456789
71908
123456789
71910
123456789
71912
123456789
71914
123456789
71916
123456789
71918
123456789
71920
123456789
71922
123456789
71924
123456789
71926
123456789
71928
123456789
71930
123456789
71932
123456789
71934
123456789
71936
123456789
71938
123456789
71940
123456789
71942
123456789
71944
123456789
71946
123456789
71948
123456789
71950
123456789
71952
123456789
71954
123456789
71956
123456789
71958
123456789
71960
123456789
71962
123456789
71964
123456789
71966
123456789
71968
123456789
71970
123456789
71972
123456789
71974
123456789
71976
123456789
71978
123456789
71980
123456789
71982
123456789
71984
123456789
71986
123456789
71988
123456789
71990
123456789
71992
123456789
71994
123456789
71996
123456789
71998
123456789
72000
123456789
72002
123456789
72004
123456789
72006
123456789
72008
123456789
72010
123456789
72012
123456789
72014
123456789
72016
123456789
72018
123456789
72020
123456789
72022
123456789
72024
123456789
72026
123456789
72028
123456789
72030
123456789
72032
123456789
72034
123456789
72036
123456789
72038
123456789
72040
123456789
72042
123456789
72044
123456789
72046
123456789
72048
123456789
72050
123456789
72052
123456789
72054
123456789
72056
123456789
72058
123456789
72060
123456789
72062
123456789
72064
123456789
72066
123456789
72068
123456789
72070
123456789
72072
123456789
72074
123456789
72076
123456789
72078
123456789
72080
123456789
72082
123456789
72084
123456789
72086
123456789
72088
123456789
72090
123456789
72092
123456789
72094
123456789
72096
123456789
72098
123456789
72100
123456789
72102
123456789
72104
123456789
72106
123456789
72108
123456789
72110
123456789
72112
123456789
72114
123456789
72116
123456789
72118
123456789
72120
123456789
72122
123456789
72124
123456789
72126
123456789
72128
123456789
72130
123456789
72132
123456789
72134
123456789
72136
123456789
72138
123456789
72140
123456789
72142
123456789
72144
123456789
72146
123456789
72148
123456789
72150
123456789
72152
123456789
72154
123456789
72156
123456789
72158
123456789
72160
123456789
72162
123456789
72164
123456789
72166
123456789
72168
123456789
72170
123456789
72172
123456789
72174
123456789
72176
123456789
72178
123456789
72180
123456789
72182
123456789
72184
123456789
72186
123456789
72188
123456789
72190
123456789
72192
123456789
72194
123456789
72196
123456789
72198
123456789
72200
123456789
72202
123456789
72204
123456789
72206
123456789
72208
123456789
72210
123456789
72212
123456789
72214
123456789
72216
123456789
72218
123456789
72220
123456789
72222
123456789
72224
123456789
72226
123456789
72228
123456789
72230
123456789
72232
123456789
72234
123456789
72236
123456789
72238
123456789
72240
123456789
72242
123456789
72244
123456789
72246
123456789
72248
123456789
72250
123456789
72252
123456789
72254
123456789
72256
123456789
72258
123456789
72260
123456789
72262
123456789
72264
123456789
72266
123456789
72268
123456789
72270
123456789
72272
123456789
72274
123456789
72276
123456789
72278
123456789
72280
123456789
72282
123456789
72284
123456789
72286
123456789
72288
123456789
72290
123456789
72292
123456789
72294
123456789
72296
123456789
72298
123456789
72300
123456789
72302
123456789
72304
123456789
72306
123456789
72308
123456789
72310
123456789
72312
123456789
72314
123456789
72316
123456789
72318
123456789
72320
123456789
72322
123456789
72324
123456789
72326
123456789
72328
123456789
72330
123456789
72332
123456789
72334
123456789
72336
123456789
72338
123456789
72340
123456789
72342
123456789
72344
123456789
72346
123456789
72348
123456789
72350
123456789
72352
123456789
72354
123456789
72356
123456789
72358
123456789
72360
123456789
72362
123456789
72364
123456789
72366
123456789
72368
123456789
72370
123456789
72372
123456789
72374
123456789
72376
123456789
72378
123456789
72380
123456789
72382
123456789
72384
123456789
72386
123456789
72388
123456789
72390
123456789
72392
123456789
72394
123456789
72396
123456789
72398
123456789
72400
123456789
72402
123456789
72404
123456789
72406
123456789
72408
123456789
72410
123456789
72412
123456789
72414
123456789
72416
123456789
72418
123456789
72420
123456789
72422
123456789
72424
123456789
72426
123456789
72428
123456789
72430
123456789
72432
123456789
72434
123456789
72436
123456789
72438
123456789
72440
123456789
72442
123456789
72444
123456789
72446
123456789
72448
123456789
72450
123456789
72452
123456789
72454
123456789
72456
123456789
72458
123456789
72460
123456789
72462
123456789
72464
123456789
72466
123456789
72468
123456789
72470
123456789
72472
123456789
72474
123456789
72476
123456789
72478
123456789
72480
123456789
72482
123456789
72484
123456789
72486
123456789
72488
123456789
72490
123456789
72492
123456789
72494
123456789
72496
123456789
72498
123456789
72500
123456789
72502
123456789
72504
123456789
72506
123456789
72508
123456789
72510
123456789
72512
123456789
72514
123456789
72516
123456789
72518
123456789
72520
123456789
72522
123456789
72524
123456789
72526
123456789
72528
123456789
72530
123456789
72532
123456789
72534
123456789
72536
123456789
72538
123456789
72540
123456789
72542
123456789
72544
123456789
72546
123456789
72548
123456789
72550
123456789
72552
123456789
72554
123456789
72556
123456789
72558
123456789
72560
123456789
72562
123456789
72564
123456789
72566
123456789
72568
123456789
72570
123456789
72572
123456789
72574
123456789
72576
123456789
72578
123456789
72580
123456789
72582
123456789
72584
123456789
72586
123456789
72588
123456789
72590
123456789
72592
123456789
72594
123456789
72596
123456789
72598
123456789
72600
123456789
72602
123456789
72604
123456789
72606
123456789
72608
123456789
72610
123456789
72612
123456789
72614
123456789
72616
123456789
72618
123456789
72620
123456789
72622
123456789
72624
123456789
72626
123456789
72628
123456789
72630
123456789
72632
123456789
72634
123456789
72636
123456789
72638
123456789
72640
123456789
72642
123456789
72644
123456789
72646
123456789
72648
123456789
72650
123456789
72652
123456789
72654
123456789
72656
123456789
72658
123456789
72660
123456789
72662
123456789
72664
123456789
72666
123456789
72668
123456789
72670
123456789
72672
123456789
72674
123456789
72676
123456789
72678
123456789
72680
123456789
72682
123456789
72684
123456789
72686
123456789
72688
123456789
72690
123456789
72692
123456789
72694
123456789
72696
123456789
72698
123456789
72700
123456789
72702
123456789
72704
123456789
72706
123456789
72708
123456789
72710
123456789
72712
123456789
72714
123456789
72716
123456789
72718
123456789
72720
123456789
72722
123456789
72724
123456789
72726
123456789
72728
123456789
72730
123456789
72732
123456789
72734
123456789
72736
123456789
72738
123456789
72740
123456789
72742
123456789
72744
123456789
72746
123456789
72748
123456789
72750
123456789
72752
123456789
72754
123456789
72756
123456789
72758
123456789
72760
123456789
72762
123456789
72764
123456789
72766
123456789
72768
123456789
72770
123456789
72772
123456789
72774
123456789
72776
123456789
72778
123456789
72780
123456789
72782
123456789
72784
123456789
72786
123456789
72788
123456789
72790
123456789
72792
123456789
72794
123456789
72796
123456789
72798
123456789
72800
123456789
72802
123456789
72804
123456789
72806
123456789
72808
123456789
72810
123456789
72812
123456789
72814
123456789
72816
123456789
72818
123456789
72820
123456789
72822
123456789
72824
123456789
72826
123456789
72828
123456789
72830
123456789
72832
123456789
72834
123456789
72836
123456789
72838
123456789
72840
123456789
72842
123456789
72844
123456789
72846
123456789
72848
123456789
72850
123456789
72852
123456789
72854
123456789
72856
123456789
72858
123456789
72860
123456789
72862
123456789
72864
123456789
72866
123456789
72868
123456789
72870
123456789
72872
123456789
72874
123456789
72876
123456789
72878
123456789
72880
123456789
72882
123456789
72884
123456789
72886
123456789
72888
123456789
72890
123456789
72892
123456789
72894
123456789
72896
123456789
72898
123456789
72900
123456789
72902
123456789
72904
123456789
72906
123456789
72908
123456789
72910
123456789
72912
123456789
72914
123456789
72916
123456789
72918
123456789
72920
123456789
72922
123456789
72924
123456789
72926
123456789
72928
123456789
72930
123456789
72932
123456789
72934
123456789
72936
123456789
72938
123456789
72940
123456789
72942
123456789
72944
123456789
72946
123456789
72948
123456789
72950
123456789
72952
123456789
72954
123456789
72956
123456789
72958
123456789
72960
123456789
72962
123456789
72964
123456789
72966
123456789
72968
123456789
72970
123456789
72972
123456789
72974
123456789
72976
123456789
72978
123456789
72980
123456789
72982
123456789
72984
123456789
72986
123456789
72988
123456789
72990
123456789
72992
123456789
72994
123456789
72996
123456789
72998
123456789
73000
123456789
73002
123456789
73004
123456789
73006
123456789
73008
123456789
73010
123456789
73012
123456789
73014
123456789
73016
123456789
73018
123456789
73020
123456789
73022
123456789
73024
123456789
73026
123456789
73028
123456789
73030
123456789
73032
123456789
73034
123456789
73036
123456789
73038
123456789
73040
123456789
73042
123456789
73044
123456789
73046
123456789
73048
123456789
73050
123456789
73052
123456789
73054
123456789
73056
123456789
73058
123456789
73060
123456789
73062
123456789
73064
123456789
73066
123456789
73068
123456789
73070
123456789
73072
123456789
73074
123456789
73076
123456789
73078
123456789
73080
123456789
73082
123456789
73084
123456789
73086
123456789
73088
123456789
73090
123456789
73092
123456789
73094
123456789
73096
123456789
73098
123456789
73100
123456789
73102
123456789
73104
123456789
73106
123456789
73108
123456789
73110
123456789
73112
123456789
73114
123456789
73116
123456789
73118
123456789
73120
123456789
73122
123456789
73124
123456789
73126
123456789
73128
123456789
73130
123456789
73132
123456789
73134
123456789
73136
123456789
73138
123456789
73140
123456789
73142
123456789
73144
123456789
73146
123456789
73148
123456789
73150
123456789
73152
123456789
73154
123456789
73156
123456789
73158
123456789
73160
123456789
73162
123456789
73164
123456789
73166
123456789
73168
123456789
73170
123456789
73172
123456789
73174
123456789
73176
123456789
73178
123456789
73180
123456789
73182
123456789
73184
123456789
73186
123456789
73188
123456789
73190
123456789
73192
123456789
73194
123456789
73196
123456789
73198
123456789
73200
123456789
73202
123456789
73204
123456789
73206
123456789
73208
123456789
73210
123456789
73212
123456789
73214
123456789
73216
123456789
73218
123456789
73220
123456789
73222
123456789
73224
123456789
73226
123456789
73228
123456789
73230
123456789
73232
123456789
73234
123456789
73236
123456789
73238
123456789
73240
123456789
73242
123456789
73244
123456789
73246
123456789
73248
123456789
73250
123456789
73252
123456789
73254
123456789
73256
123456789
73258
123456789
73260
123456789
73262
123456789
73264
123456789
73266
123456789
73268
123456789
73270
123456789
73272
123456789
73274
123456789
73276
123456789
73278
123456789
73280
123456789
73282
123456789
73284
123456789
73286
123456789
73288
123456789
73290
123456789
73292
123456789
73294
123456789
73296
123456789
73298
123456789
73300
123456789
73302
123456789
73304
123456789
73306
123456789
73308
123456789
73310
123456789
73312
123456789
73314
123456789
73316
123456789
73318
123456789
73320
123456789
73322
123456789
73324
123456789
73326
123456789
73328
123456789
73330
123456789
73332
123456789
73334
123456789
73336
123456789
73338
123456789
73340
123456789
73342
123456789
73344
123456789
73346
123456789
73348
123456789
73350
123456789
73352
123456789
73354
123456789
73356
123456789
73358
123456789
73360
123456789
73362
123456789
73364
123456789
73366
123456789
73368
123456789
73370
123456789
73372
123456789
73374
123456789
73376
123456789
73378
123456789
73380
123456789
73382
123456789
73384
123456789
73386
123456789
73388
123456789
73390
123456789
73392
123456789
73394
123456789
73396
123456789
73398
123456789
73400
123456789
73402
123456789
73404
123456789
73406
123456789
73408
123456789
73410
123456789
73412
123456789
73414
123456789
73416
123456789
73418
123456789
73420
123456789
73422
123456789
73424
123456789
73426
123456789
73428
123456789
73430
123456789
73432
123456789
73434
123456789
73436
123456789
73438
123456789
73440
123456789
73442
123456789
73444
123456789
73446
123456789
73448
123456789
73450
123456789
73452
123456789
73454
123456789
73456
123456789
73458
123456789
73460
123456789
73462
123456789
73464
123456789
73466
123456789
73468
123456789
73470
123456789
73472
123456789
73474
123456789
73476
123456789
73478
123456789
73480
123456789
73482
123456789
73484
123456789
73486
123456789
73488
123456789
73490
123456789
73492
123456789
73494
123456789
73496
123456789
73498
123456789
73500
123456789
73502
123456789
73504
123456789
73506
123456789
73508
123456789
73510
123456789
73512
123456789
73514
123456789
73516
123456789
73518
123456789
73520
123456789
73522
123456789
73524
123456789
73526
123456789
73528
123456789
73530
123456789
73532
123456789
73534
123456789
73536
123456789
73538
123456789
73540
123456789
73542
123456789
73544
123456789
73546
123456789
73548
123456789
73550
123456789
73552
123456789
73554
123456789
73556
123456789
73558
123456789
73560
123456789
73562
123456789
73564
123456789
73566
123456789
73568
123456789
73570
123456789
73572
123456789
73574
123456789
73576
123456789
73578
123456789
73580
123456789
73582
123456789
73584
123456789
73586
123456789
73588
123456789
73590
123456789
73592
123456789
73594
123456789
73596
123456789
73598
123456789
73600
123456789
73602
123456789
73604
123456789
73606
123456789
73608
123456789
73610
123456789
73612
123456789
73614
123456789
73616
123456789
73618
123456789
73620
123456789
73622
123456789
73624
123456789
73626
123456789
73628
123456789
73630
123456789
73632
123456789
73634
123456789
73636
123456789
73638
123456789
73640
123456789
73642
123456789
73644
123456789
73646
123456789
73648
123456789
73650
123456789
73652
123456789
73654
123456789
73656
123456789
73658
123456789
73660
123456789
73662
123456789
73664
123456789
73666
123456789
73668
123456789
73670
123456789
73672
123456789
73674
123456789
73676
123456789
73678
123456789
73680
123456789
73682
123456789
73684
123456789
73686
123456789
73688
123456789
73690
123456789
73692
123456789
73694
123456789
73696
123456789
73698
123456789
73700
123456789
73702
123456789
73704
123456789
73706
123456789
73708
123456789
73710
123456789
73712
123456789
73714
123456789
73716
123456789
73718
123456789
73720
123456789
73722
123456789
73724
123456789
73726
123456789
73728
123456789
73730
123456789
73732
123456789
73734
123456789
73736
123456789
73738
123456789
73740
123456789
73742
123456789
73744
123456789
73746
123456789
73748
123456789
73750
123456789
73752
123456789
73754
123456789
73756
123456789
73758
123456789
73760
123456789
73762
123456789
73764
123456789
73766
123456789
73768
123456789
73770
123456789
73772
123456789
73774
123456789
73776
123456789
73778
123456789
73780
123456789
73782
123456789
73784
123456789
73786
123456789
73788
123456789
73790
123456789
73792
123456789
73794
123456789
73796
123456789
73798
123456789
73800
123456789
73802
123456789
73804
123456789
73806
123456789
73808
123456789
73810
123456789
73812
123456789
73814
123456789
73816
123456789
73818
123456789
73820
123456789
73822
123456789
73824
123456789
73826
123456789
73828
123456789
73830
123456789
73832
123456789
73834
123456789
73836
123456789
73838
123456789
73840
123456789
73842
123456789
73844
123456789
73846
123456789
73848
123456789
73850
123456789
73852
123456789
73854
123456789
73856
123456789
73858
123456789
73860
123456789
73862
123456789
73864
123456789
73866
123456789
73868
123456789
73870
123456789
73872
123456789
73874
123456789
73876
123456789
73878
123456789
73880
123456789
73882
123456789
73884
123456789
73886
123456789
73888
123456789
73890
123456789
73892
123456789
73894
123456789
73896
123456789
73898
123456789
73900
123456789
73902
123456789
73904
123456789
73906
123456789
73908
123456789
73910
123456789
73912
123456789
73914
123456789
73916
123456789
73918
123456789
73920
123456789
73922
123456789
73924
123456789
73926
123456789
73928
123456789
73930
123456789
73932
123456789
73934
123456789
73936
123456789
73938
123456789
73940
123456789
73942
123456789
73944
123456789
73946
123456789
73948
123456789
73950
123456789
73952
123456789
73954
123456789
73956
123456789
73958
123456789
73960
123456789
73962
123456789
73964
123456789
73966
123456789
73968
123456789
73970
123456789
73972
123456789
73974
123456789
73976
123456789
73978
123456789
73980
123456789
73982
123456789
73984
123456789
73986
123456789
73988
123456789
73990
123456789
73992
123456789
73994
123456789
73996
123456789
73998
123456789
74000
123456789
74002
123456789
74004
123456789
74006
123456789
74008
123456789
74010
123456789
74012
123456789
74014
123456789
74016
123456789
74018
123456789
74020
123456789
74022
123456789
74024
123456789
74026
123456789
74028
123456789
74030
123456789
74032
123456789
74034
123456789
74036
123456789
74038
123456789
74040
123456789
74042
123456789
74044
123456789
74046
123456789
74048
123456789
74050
123456789
74052
123456789
74054
123456789
74056
123456789
74058
123456789
74060
123456789
74062
123456789
74064
123456789
74066
123456789
74068
123456789
74070
123456789
74072
123456789
74074
123456789
74076
123456789
74078
123456789
74080
123456789
74082
123456789
74084
123456789
74086
123456789
74088
123456789
74090
123456789
74092
123456789
74094
123456789
74096
123456789
74098
123456789
74100
123456789
74102
123456789
74104
123456789
74106
123456789
74108
123456789
74110
123456789
74112
123456789
74114
123456789
74116
123456789
74118
123456789
74120
123456789
74122
123456789
74124
123456789
74126
123456789
74128
123456789
74130
123456789
74132
123456789
74134
123456789
74136
123456789
74138
123456789
74140
123456789
74142
123456789
74144
123456789
74146
123456789
74148
123456789
74150
123456789
74152
123456789
74154
123456789
74156
123456789
74158
123456789
74160
123456789
74162
123456789
74164
123456789
74166
123456789
74168
123456789
74170
123456789
74172
123456789
74174
123456789
74176
123456789
74178
123456789
74180
123456789
74182
123456789
74184
123456789
74186
123456789
74188
123456789
74190
123456789
74192
123456789
74194
123456789
74196
123456789
74198
123456789
74200
123456789
74202
123456789
74204
123456789
74206
123456789
74208
123456789
74210
123456789
74212
123456789
74214
123456789
74216
123456789
74218
123456789
74220
123456789
74222
123456789
74224
123456789
74226
123456789
74228
123456789
74230
123456789
74232
123456789
74234
123456789
74236
123456789
74238
123456789
74240
123456789
74242
123456789
74244
123456789
74246
123456789
74248
123456789
74250
123456789
74252
123456789
74254
123456789
74256
123456789
74258
123456789
74260
123456789
74262
123456789
74264
123456789
74266
123456789
74268
123456789
74270
123456789
74272
123456789
74274
123456789
74276
123456789
74278
123456789
74280
123456789
74282
123456789
74284
123456789
74286
123456789
74288
123456789
74290
123456789
74292
123456789
74294
123456789
74296
123456789
74298
123456789
74300
123456789
74302
123456789
74304
123456789
74306
123456789
74308
123456789
74310
123456789
74312
123456789
74314
123456789
74316
123456789
74318
123456789
74320
123456789
74322
123456789
74324
123456789
74326
123456789
74328
123456789
74330
123456789
74332
123456789
74334
123456789
74336
123456789
74338
123456789
74340
123456789
74342
123456789
74344
123456789
74346
123456789
74348
123456789
74350
123456789
74352
123456789
74354
123456789
74356
123456789
74358
123456789
74360
123456789
74362
123456789
74364
123456789
74366
123456789
74368
123456789
74370
123456789
74372
123456789
74374
123456789
74376
123456789
74378
123456789
74380
123456789
74382
123456789
74384
123456789
74386
123456789
74388
123456789
74390
123456789
74392
123456789
74394
123456789
74396
123456789
74398
123456789
74400
123456789
74402
123456789
74404
123456789
74406
123456789
74408
123456789
74410
123456789
74412
123456789
74414
123456789
74416
123456789
74418
123456789
74420
123456789
74422
123456789
74424
123456789
74426
123456789
74428
123456789
74430
123456789
74432
123456789
74434
123456789
74436
123456789
74438
123456789
74440
123456789
74442
123456789
74444
123456789
74446
123456789
74448
123456789
74450
123456789
74452
123456789
74454
123456789
74456
123456789
74458
123456789
74460
123456789
74462
123456789
74464
123456789
74466
123456789
74468
123456789
74470
123456789
74472
123456789
74474
123456789
74476
123456789
74478
123456789
74480
123456789
74482
123456789
74484
123456789
74486
123456789
74488
123456789
74490
123456789
74492
123456789
74494
123456789
74496
123456789
74498
123456789
74500
123456789
74502
123456789
74504
123456789
74506
123456789
74508
123456789
74510
123456789
74512
123456789
74514
123456789
74516
123456789
74518
123456789
74520
123456789
74522
123456789
74524
123456789
74526
123456789
74528
123456789
74530
123456789
74532
123456789
74534
123456789
74536
123456789
74538
123456789
74540
123456789
74542
123456789
74544
123456789
74546
123456789
74548
123456789
74550
123456789
74552
123456789
74554
123456789
74556
123456789
74558
123456789
74560
123456789
74562
123456789
74564
123456789
74566
123456789
74568
123456789
74570
123456789
74572
123456789
74574
123456789
74576
123456789
74578
123456789
74580
123456789
74582
123456789
74584
123456789
74586
123456789
74588
123456789
74590
123456789
74592
123456789
74594
123456789
74596
123456789
74598
123456789
74600
123456789
74602
123456789
74604
123456789
74606
123456789
74608
123456789
74610
123456789
74612
123456789
74614
123456789
74616
123456789
74618
123456789
74620
123456789
74622
123456789
74624
123456789
74626
123456789
74628
123456789
74630
123456789
74632
123456789
74634
123456789
74636
123456789
74638
123456789
74640
123456789
74642
123456789
74644
123456789
74646
123456789
74648
123456789
74650
123456789
74652
123456789
74654
123456789
74656
123456789
74658
123456789
74660
123456789
74662
123456789
74664
123456789
74666
123456789
74668
123456789
74670
123456789
74672
123456789
74674
123456789
74676
123456789
74678
123456789
74680
123456789
74682
123456789
74684
123456789
74686
123456789
74688
123456789
74690
123456789
74692
123456789
74694
123456789
74696
123456789
74698
123456789
74700
123456789
74702
123456789
74704
123456789
74706
123456789
74708
123456789
74710
123456789
74712
123456789
74714
123456789
74716
123456789
74718
123456789
74720
123456789
74722
123456789
74724
123456789
74726
123456789
74728
123456789
74730
123456789
74732
123456789
74734
123456789
74736
123456789
74738
123456789
74740
123456789
74742
123456789
74744
123456789
74746
123456789
74748
123456789
74750
123456789
74752
123456789
74754
123456789
74756
123456789
74758
123456789
74760
123456789
74762
123456789
74764
123456789
74766
123456789
74768
123456789
74770
123456789
74772
123456789
74774
123456789
74776
123456789
74778
123456789
74780
123456789
74782
123456789
74784
123456789
74786
123456789
74788
123456789
74790
123456789
74792
123456789
74794
123456789
74796
123456789
74798
123456789
74800
123456789
74802
123456789
74804
123456789
74806
123456789
74808
123456789
74810
123456789
74812
123456789
74814
123456789
74816
123456789
74818
123456789
74820
123456789
74822
123456789
74824
123456789
74826
123456789
74828
123456789
74830
123456789
74832
123456789
74834
123456789
74836
123456789
74838
123456789
74840
123456789
74842
123456789
74844
123456789
74846
123456789
74848
123456789
74850
123456789
74852
123456789
74854
123456789
74856
123456789
74858
123456789
74860
123456789
74862
123456789
74864
123456789
74866
123456789
74868
123456789
74870
123456789
74872
123456789
74874
123456789
74876
123456789
74878
123456789
74880
123456789
74882
123456789
74884
123456789
74886
123456789
74888
123456789
74890
123456789
74892
123456789
74894
123456789
74896
123456789
74898
123456789
74900
123456789
74902
123456789
74904
123456789
74906
123456789
74908
123456789
74910
123456789
74912
123456789
74914
123456789
74916
123456789
74918
123456789
74920
123456789
74922
123456789
74924
123456789
74926
123456789
74928
123456789
74930
123456789
74932
123456789
74934
123456789
74936
123456789
74938
123456789
74940
123456789
74942
123456789
74944
123456789
74946
123456789
74948
123456789
74950
123456789
74952
123456789
74954
123456789
74956
123456789
74958
123456789
74960
123456789
74962
123456789
74964
123456789
74966
123456789
74968
123456789
74970
123456789
74972
123456789
74974
123456789
74976
123456789
74978
123456789
74980
123456789
74982
123456789
74984
123456789
74986
123456789
74988
123456789
74990
123456789
74992
123456789
74994
123456789
74996
123456789
74998
123456789
75000
123456789
75002
123456789
75004
123456789
75006
123456789
75008
123456789
75010
123456789
75012
123456789
75014
123456789
75016
123456789
75018
123456789
75020
123456789
75022
123456789
75024
123456789
75026
123456789
75028
123456789
75030
123456789
75032
123456789
75034
123456789
75036
123456789
75038
123456789
75040
123456789
75042
123456789
75044
123456789
75046
123456789
75048
123456789
75050
123456789
75052
123456789
75054
123456789
75056
123456789
75058
123456789
75060
123456789
75062
123456789
75064
123456789
75066
123456789
75068
123456789
75070
123456789
75072
123456789
75074
123456789
75076
123456789
75078
123456789
75080
123456789
75082
123456789
75084
123456789
75086
123456789
75088
123456789
75090
123456789
75092
123456789
75094
123456789
75096
123456789
75098
123456789
75100
123456789
75102
123456789
75104
123456789
75106
123456789
75108
123456789
75110
123456789
75112
123456789
75114
123456789
75116
123456789
75118
123456789
75120
123456789
75122
123456789
75124
123456789
75126
123456789
75128
123456789
75130
123456789
75132
123456789
75134
123456789
75136
123456789
75138
123456789
75140
123456789
75142
123456789
75144
123456789
75146
123456789
75148
123456789
75150
123456789
75152
123456789
75154
123456789
75156
123456789
75158
123456789
75160
123456789
75162
123456789
75164
123456789
75166
123456789
75168
123456789
75170
123456789
75172
123456789
75174
123456789
75176
123456789
75178
123456789
75180
123456789
75182
123456789
75184
123456789
75186
123456789
75188
123456789
75190
123456789
75192
123456789
75194
123456789
75196
123456789
75198
123456789
75200
123456789
75202
123456789
75204
123456789
75206
123456789
75208
123456789
75210
123456789
75212
123456789
75214
123456789
75216
123456789
75218
123456789
75220
123456789
75222
123456789
75224
123456789
75226
123456789
75228
123456789
75230
123456789
75232
123456789
75234
123456789
75236
123456789
75238
123456789
75240
123456789
75242
123456789
75244
123456789
75246
123456789
75248
123456789
75250
123456789
75252
123456789
75254
123456789
75256
123456789
75258
123456789
75260
123456789
75262
123456789
75264
123456789
75266
123456789
75268
123456789
75270
123456789
75272
123456789
75274
123456789
75276
123456789
75278
123456789
75280
123456789
75282
123456789
75284
123456789
75286
123456789
75288
123456789
75290
123456789
75292
123456789
75294
123456789
75296
123456789
75298
123456789
75300
123456789
75302
123456789
75304
123456789
75306
123456789
75308
123456789
75310
123456789
75312
123456789
75314
123456789
75316
123456789
75318
123456789
75320
123456789
75322
123456789
75324
123456789
75326
123456789
75328
123456789
75330
123456789
75332
123456789
75334
123456789
75336
123456789
75338
123456789
75340
123456789
75342
123456789
75344
123456789
75346
123456789
75348
123456789
75350
123456789
75352
123456789
75354
123456789
75356
123456789
75358
123456789
75360
123456789
75362
123456789
75364
123456789
75366
123456789
75368
123456789
75370
123456789
75372
123456789
75374
123456789
75376
123456789
75378
123456789
75380
123456789
75382
123456789
75384
123456789
75386
123456789
75388
123456789
75390
123456789
75392
123456789
75394
123456789
75396
123456789
75398
123456789
75400
123456789
75402
123456789
75404
123456789
75406
123456789
75408
123456789
75410
123456789
75412
123456789
75414
123456789
75416
123456789
75418
123456789
75420
123456789
75422
123456789
75424
123456789
75426
123456789
75428
123456789
75430
123456789
75432
123456789
75434
123456789
75436
123456789
75438
123456789
75440
123456789
75442
123456789
75444
123456789
75446
123456789
75448
123456789
75450
123456789
75452
123456789
75454
123456789
75456
123456789
75458
123456789
75460
123456789
75462
123456789
75464
123456789
75466
123456789
75468
123456789
75470
123456789
75472
123456789
75474
123456789
75476
123456789
75478
123456789
75480
123456789
75482
123456789
75484
123456789
75486
123456789
75488
123456789
75490
123456789
75492
123456789
75494
123456789
75496
123456789
75498
123456789
75500
123456789
75502
123456789
75504
123456789
75506
123456789
75508
123456789
75510
123456789
75512
123456789
75514
123456789
75516
123456789
75518
123456789
75520
123456789
75522
123456789
75524
123456789
75526
123456789
75528
123456789
75530
123456789
75532
123456789
75534
123456789
75536
123456789
75538
123456789
75540
123456789
75542
123456789
75544
123456789
75546
123456789
75548
123456789
75550
123456789
75552
123456789
75554
123456789
75556
123456789
75558
123456789
75560
123456789
75562
123456789
75564
123456789
75566
123456789
75568
123456789
75570
123456789
75572
123456789
75574
123456789
75576
123456789
75578
123456789
75580
123456789
75582
123456789
75584
123456789
75586
123456789
75588
123456789
75590
123456789
75592
123456789
75594
123456789
75596
123456789
75598
123456789
75600
123456789
75602
123456789
75604
123456789
75606
123456789
75608
123456789
75610
123456789
75612
123456789
75614
123456789
75616
123456789
75618
123456789
75620
123456789
75622
123456789
75624
123456789
75626
123456789
75628
123456789
75630
123456789
75632
123456789
75634
123456789
75636
123456789
75638
123456789
75640
123456789
75642
123456789
75644
123456789
75646
123456789
75648
123456789
75650
123456789
75652
123456789
75654
123456789
75656
123456789
75658
123456789
75660
123456789
75662
123456789
75664
123456789
75666
123456789
75668
123456789
75670
123456789
75672
123456789
75674
123456789
75676
123456789
75678
123456789
75680
123456789
75682
123456789
75684
123456789
75686
123456789
75688
123456789
75690
123456789
75692
123456789
75694
123456789
75696
123456789
75698
123456789
75700
123456789
75702
123456789
75704
123456789
75706
123456789
75708
123456789
75710
123456789
75712
123456789
75714
123456789
75716
123456789
75718
123456789
75720
123456789
75722
123456789
75724
123456789
75726
123456789
75728
123456789
75730
123456789
75732
123456789
75734
123456789
75736
123456789
75738
123456789
75740
123456789
75742
123456789
75744
123456789
75746
123456789
75748
123456789
75750
123456789
75752
123456789
75754
123456789
75756
123456789
75758
123456789
75760
123456789
75762
123456789
75764
123456789
75766
123456789
75768
123456789
75770
123456789
75772
123456789
75774
123456789
75776
123456789
75778
123456789
75780
123456789
75782
123456789
75784
123456789
75786
123456789
75788
123456789
75790
123456789
75792
123456789
75794
123456789
75796
123456789
75798
123456789
75800
123456789
75802
123456789
75804
123456789
75806
123456789
75808
123456789
75810
123456789
75812
123456789
75814
123456789
75816
123456789
75818
123456789
75820
123456789
75822
123456789
75824
123456789
75826
123456789
75828
123456789
75830
123456789
75832
123456789
75834
123456789
75836
123456789
75838
123456789
75840
123456789
75842
123456789
75844
123456789
75846
123456789
75848
123456789
75850
123456789
75852
123456789
75854
123456789
75856
123456789
75858
123456789
75860
123456789
75862
123456789
75864
123456789
75866
123456789
75868
123456789
75870
123456789
75872
123456789
75874
123456789
75876
123456789
75878
123456789
75880
123456789
75882
123456789
75884
123456789
75886
123456789
75888
123456789
75890
123456789
75892
123456789
75894
123456789
75896
123456789
75898
123456789
75900
123456789
75902
123456789
75904
123456789
75906
123456789
75908
123456789
75910
123456789
75912
123456789
75914
123456789
75916
123456789
75918
123456789
75920
123456789
75922
123456789
75924
123456789
75926
123456789
75928
123456789
75930
123456789
75932
123456789
75934
123456789
75936
123456789
75938
123456789
75940
123456789
75942
123456789
75944
123456789
75946
123456789
75948
123456789
75950
123456789
75952
123456789
75954
123456789
75956
123456789
75958
123456789
75960
123456789
75962
123456789
75964
123456789
75966
123456789
75968
123456789
75970
123456789
75972
123456789
75974
123456789
75976
123456789
75978
123456789
75980
123456789
75982
123456789
75984
123456789
75986
123456789
75988
123456789
75990
123456789
75992
123456789
75994
123456789
75996
123456789
75998
123456789
76000
123456789
76002
123456789
76004
123456789
76006
123456789
76008
123456789
76010
123456789
76012
123456789
76014
123456789
76016
123456789
76018
123456789
76020
123456789
76022
123456789
76024
123456789
76026
123456789
76028
123456789
76030
123456789
76032
123456789
76034
123456789
76036
123456789
76038
123456789
76040
123456789
76042
123456789
76044
123456789
76046
123456789
76048
123456789
76050
123456789
76052
123456789
76054
123456789
76056
123456789
76058
123456789
76060
123456789
76062
123456789
76064
123456789
76066
123456789
76068
123456789
76070
123456789
76072
123456789
76074
123456789
76076
123456789
76078
123456789
76080
123456789
76082
123456789
76084
123456789
76086
123456789
76088
123456789
76090
123456789
76092
123456789
76094
123456789
76096
123456789
76098
123456789
76100
123456789
76102
123456789
76104
123456789
76106
123456789
76108
123456789
76110
123456789
76112
123456789
76114
123456789
76116
123456789
76118
123456789
76120
123456789
76122
123456789
76124
123456789
76126
123456789
76128
123456789
76130
123456789
76132
123456789
76134
123456789
76136
123456789
76138
123456789
76140
123456789
76142
123456789
76144
123456789
76146
123456789
76148
123456789
76150
123456789
76152
123456789
76154
123456789
76156
123456789
76158
123456789
76160
123456789
76162
123456789
76164
123456789
76166
123456789
76168
123456789
76170
123456789
76172
123456789
76174
123456789
76176
123456789
76178
123456789
76180
123456789
76182
123456789
76184
123456789
76186
123456789
76188
123456789
76190
123456789
76192
123456789
76194
123456789
76196
123456789
76198
123456789
76200
123456789
76202
123456789
76204
123456789
76206
123456789
76208
123456789
76210
123456789
76212
123456789
76214
123456789
76216
123456789
76218
123456789
76220
123456789
76222
123456789
76224
123456789
76226
123456789
76228
123456789
76230
123456789
76232
123456789
76234
123456789
76236
123456789
76238
123456789
76240
123456789
76242
123456789
76244
123456789
76246
123456789
76248
123456789
76250
123456789
76252
123456789
76254
123456789
76256
123456789
76258
123456789
76260
123456789
76262
123456789
76264
123456789
76266
123456789
76268
123456789
76270
123456789
76272
123456789
76274
123456789
76276
123456789
76278
123456789
76280
123456789
76282
123456789
76284
123456789
76286
123456789
76288
123456789
76290
123456789
76292
123456789
76294
123456789
76296
123456789
76298
123456789
76300
123456789
76302
123456789
76304
123456789
76306
123456789
76308
123456789
76310
123456789
76312
123456789
76314
123456789
76316
123456789
76318
123456789
76320
123456789
76322
123456789
76324
123456789
76326
123456789
76328
123456789
76330
123456789
76332
123456789
76334
123456789
76336
123456789
76338
123456789
76340
123456789
76342
123456789
76344
123456789
76346
123456789
76348
123456789
76350
123456789
76352
123456789
76354
123456789
76356
123456789
76358
123456789
76360
123456789
76362
123456789
76364
123456789
76366
123456789
76368
123456789
76370
123456789
76372
123456789
76374
123456789
76376
123456789
76378
123456789
76380
123456789
76382
123456789
76384
123456789
76386
123456789
76388
123456789
76390
123456789
76392
123456789
76394
123456789
76396
123456789
76398
123456789
76400
123456789
76402
123456789
76404
123456789
76406
123456789
76408
123456789
76410
123456789
76412
123456789
76414
123456789
76416
123456789
76418
123456789
76420
123456789
76422
123456789
76424
123456789
76426
123456789
76428
123456789
76430
123456789
76432
123456789
76434
123456789
76436
123456789
76438
123456789
76440
123456789
76442
123456789
76444
123456789
76446
123456789
76448
123456789
76450
123456789
76452
123456789
76454
123456789
76456
123456789
76458
123456789
76460
123456789
76462
123456789
76464
123456789
76466
123456789
76468
123456789
76470
123456789
76472
123456789
76474
123456789
76476
123456789
76478
123456789
76480
123456789
76482
123456789
76484
123456789
76486
123456789
76488
123456789
76490
123456789
76492
123456789
76494
123456789
76496
123456789
76498
123456789
76500
123456789
76502
123456789
76504
123456789
76506
123456789
76508
123456789
76510
123456789
76512
123456789
76514
123456789
76516
123456789
76518
123456789
76520
123456789
76522
123456789
76524
123456789
76526
123456789
76528
123456789
76530
123456789
76532
123456789
76534
123456789
76536
123456789
76538
123456789
76540
123456789
76542
123456789
76544
123456789
76546
123456789
76548
123456789
76550
123456789
76552
123456789
76554
123456789
76556
123456789
76558
123456789
76560
123456789
76562
123456789
76564
123456789
76566
123456789
76568
123456789
76570
123456789
76572
123456789
76574
123456789
76576
123456789
76578
123456789
76580
123456789
76582
123456789
76584
123456789
76586
123456789
76588
123456789
76590
123456789
76592
123456789
76594
123456789
76596
123456789
76598
123456789
76600
123456789
76602
123456789
76604
123456789
76606
123456789
76608
123456789
76610
123456789
76612
123456789
76614
123456789
76616
123456789
76618
123456789
76620
123456789
76622
123456789
76624
123456789
76626
123456789
76628
123456789
76630
123456789
76632
123456789
76634
123456789
76636
123456789
76638
123456789
76640
123456789
76642
123456789
76644
123456789
76646
123456789
76648
123456789
76650
123456789
76652
123456789
76654
123456789
76656
123456789
76658
123456789
76660
123456789
76662
123456789
76664
123456789
76666
123456789
76668
123456789
76670
123456789
76672
123456789
76674
123456789
76676
123456789
76678
123456789
76680
123456789
76682
123456789
76684
123456789
76686
123456789
76688
123456789
76690
123456789
76692
123456789
76694
123456789
76696
123456789
76698
123456789
76700
123456789
76702
123456789
76704
123456789
76706
123456789
76708
123456789
76710
123456789
76712
123456789
76714
123456789
76716
123456789
76718
123456789
76720
123456789
76722
123456789
76724
123456789
76726
123456789
76728
123456789
76730
123456789
76732
123456789
76734
123456789
76736
123456789
76738
123456789
76740
123456789
76742
123456789
76744
123456789
76746
123456789
76748
123456789
76750
123456789
76752
123456789
76754
123456789
76756
123456789
76758
123456789
76760
123456789
76762
123456789
76764
123456789
76766
123456789
76768
123456789
76770
123456789
76772
123456789
76774
123456789
76776
123456789
76778
123456789
76780
123456789
76782
123456789
76784
123456789
76786
123456789
76788
123456789
76790
123456789
76792
123456789
76794
123456789
76796
123456789
76798
123456789
76800
123456789
76802
123456789
76804
123456789
76806
123456789
76808
123456789
76810
123456789
76812
123456789
76814
123456789
76816
123456789
76818
123456789
76820
123456789
76822
123456789
76824
123456789
76826
123456789
76828
123456789
76830
123456789
76832
123456789
76834
123456789
76836
123456789
76838
123456789
76840
123456789
76842
123456789
76844
123456789
76846
123456789
76848
123456789
76850
123456789
76852
123456789
76854
123456789
76856
123456789
76858
123456789
76860
123456789
76862
123456789
76864
123456789
76866
123456789
76868
123456789
76870
123456789
76872
123456789
76874
123456789
76876
123456789
76878
123456789
76880
123456789
76882
123456789
76884
123456789
76886
123456789
76888
123456789
76890
123456789
76892
123456789
76894
123456789
76896
123456789
76898
123456789
76900
123456789
76902
123456789
76904
123456789
76906
123456789
76908
123456789
76910
123456789
76912
123456789
76914
123456789
76916
123456789
76918
123456789
76920
123456789
76922
123456789
76924
123456789
76926
123456789
76928
123456789
76930
123456789
76932
123456789
76934
123456789
76936
123456789
76938
123456789
76940
123456789
76942
123456789
76944
123456789
76946
123456789
76948
123456789
76950
123456789
76952
123456789
76954
123456789
76956
123456789
76958
123456789
76960
123456789
76962
123456789
76964
123456789
76966
123456789
76968
123456789
76970
123456789
76972
123456789
76974
123456789
76976
123456789
76978
123456789
76980
123456789
76982
123456789
76984
123456789
76986
123456789
76988
123456789
76990
123456789
76992
123456789
76994
123456789
76996
123456789
76998
123456789
77000
123456789
77002
123456789
77004
123456789
77006
123456789
77008
123456789
77010
123456789
77012
123456789
77014
123456789
77016
123456789
77018
123456789
77020
123456789
77022
123456789
77024
123456789
77026
123456789
77028
123456789
77030
123456789
77032
123456789
77034
123456789
77036
123456789
77038
123456789
77040
123456789
77042
123456789
77044
123456789
77046
123456789
77048
123456789
77050
123456789
77052
123456789
77054
123456789
77056
123456789
77058
123456789
77060
123456789
77062
123456789
77064
123456789
77066
123456789
77068
123456789
77070
123456789
77072
123456789
77074
123456789
77076
123456789
77078
123456789
77080
123456789
77082
123456789
77084
123456789
77086
123456789
77088
123456789
77090
123456789
77092
123456789
77094
123456789
77096
123456789
77098
123456789
77100
123456789
77102
123456789
77104
123456789
77106
123456789
77108
123456789
77110
123456789
77112
123456789
77114
123456789
77116
123456789
77118
123456789
77120
123456789
77122
123456789
77124
123456789
77126
123456789
77128
123456789
77130
123456789
77132
123456789
77134
123456789
77136
123456789
77138
123456789
77140
123456789
77142
123456789
77144
123456789
77146
123456789
77148
123456789
77150
123456789
77152
123456789
77154
123456789
77156
123456789
77158
123456789
77160
123456789
77162
123456789
77164
123456789
77166
123456789
77168
123456789
77170
123456789
77172
123456789
77174
123456789
77176
123456789
77178
123456789
77180
123456789
77182
123456789
77184
123456789
77186
123456789
77188
123456789
77190
123456789
77192
123456789
77194
123456789
77196
123456789
77198
123456789
77200
123456789
77202
123456789
77204
123456789
77206
123456789
77208
123456789
77210
123456789
77212
123456789
77214
123456789
77216
123456789
77218
123456789
77220
123456789
77222
123456789
77224
123456789
77226
123456789
77228
123456789
77230
123456789
77232
123456789
77234
123456789
77236
123456789
77238
123456789
77240
123456789
77242
123456789
77244
123456789
77246
123456789
77248
123456789
77250
123456789
77252
123456789
77254
123456789
77256
123456789
77258
123456789
77260
123456789
77262
123456789
77264
123456789
77266
123456789
77268
123456789
77270
123456789
77272
123456789
77274
123456789
77276
123456789
77278
123456789
77280
123456789
77282
123456789
77284
123456789
77286
123456789
77288
123456789
77290
123456789
77292
123456789
77294
123456789
77296
123456789
77298
123456789
77300
123456789
77302
123456789
77304
123456789
77306
123456789
77308
123456789
77310
123456789
77312
123456789
77314
123456789
77316
123456789
77318
123456789
77320
123456789
77322
123456789
77324
123456789
77326
123456789
77328
123456789
77330
123456789
77332
123456789
77334
123456789
77336
123456789
77338
123456789
77340
123456789
77342
123456789
77344
123456789
77346
123456789
77348
123456789
77350
123456789
77352
123456789
77354
123456789
77356
123456789
77358
123456789
77360
123456789
77362
123456789
77364
123456789
77366
123456789
77368
123456789
77370
123456789
77372
123456789
77374
123456789
77376
123456789
77378
123456789
77380
123456789
77382
123456789
77384
123456789
77386
123456789
77388
123456789
77390
123456789
77392
123456789
77394
123456789
77396
123456789
77398
123456789
77400
123456789
77402
123456789
77404
123456789
77406
123456789
77408
123456789
77410
123456789
77412
123456789
77414
123456789
77416
123456789
77418
123456789
77420
123456789
77422
123456789
77424
123456789
77426
123456789
77428
123456789
77430
123456789
77432
123456789
77434
123456789
77436
123456789
77438
123456789
77440
123456789
77442
123456789
77444
123456789
77446
123456789
77448
123456789
77450
123456789
77452
123456789
77454
123456789
77456
123456789
77458
123456789
77460
123456789
77462
123456789
77464
123456789
77466
123456789
77468
123456789
77470
123456789
77472
123456789
77474
123456789
77476
123456789
77478
123456789
77480
123456789
77482
123456789
77484
123456789
77486
123456789
77488
123456789
77490
123456789
77492
123456789
77494
123456789
77496
123456789
77498
123456789
77500
123456789
77502
123456789
77504
123456789
77506
123456789
77508
123456789
77510
123456789
77512
123456789
77514
123456789
77516
123456789
77518
123456789
77520
123456789
77522
123456789
77524
123456789
77526
123456789
77528
123456789
77530
123456789
77532
123456789
77534
123456789
77536
123456789
77538
123456789
77540
123456789
77542
123456789
77544
123456789
77546
123456789
77548
123456789
77550
123456789
77552
123456789
77554
123456789
77556
123456789
77558
123456789
77560
123456789
77562
123456789
77564
123456789
77566
123456789
77568
123456789
77570
123456789
77572
123456789
77574
123456789
77576
123456789
77578
123456789
77580
123456789
77582
123456789
77584
123456789
77586
123456789
77588
123456789
77590
123456789
77592
123456789
77594
123456789
77596
123456789
77598
123456789
77600
123456789
77602
123456789
77604
123456789
77606
123456789
77608
123456789
77610
123456789
77612
123456789
77614
123456789
77616
123456789
77618
123456789
77620
123456789
77622
123456789
77624
123456789
77626
123456789
77628
123456789
77630
123456789
77632
123456789
77634
123456789
77636
123456789
77638
123456789
77640
123456789
77642
123456789
77644
123456789
77646
123456789
77648
123456789
77650
123456789
77652
123456789
77654
123456789
77656
123456789
77658
123456789
77660
123456789
77662
123456789
77664
123456789
77666
123456789
77668
123456789
77670
123456789
77672
123456789
77674
123456789
77676
123456789
77678
123456789
77680
123456789
77682
123456789
77684
123456789
77686
123456789
77688
123456789
77690
123456789
77692
123456789
77694
123456789
77696
123456789
77698
123456789
77700
123456789
77702
123456789
77704
123456789
77706
123456789
77708
123456789
77710
123456789
77712
123456789
77714
123456789
77716
123456789
77718
123456789
77720
123456789
77722
123456789
77724
123456789
77726
123456789
77728
123456789
77730
123456789
77732
123456789
77734
123456789
77736
123456789
77738
123456789
77740
123456789
77742
123456789
77744
123456789
77746
123456789
77748
123456789
77750
123456789
77752
123456789
77754
123456789
77756
123456789
77758
123456789
77760
123456789
77762
123456789
77764
123456789
77766
123456789
77768
123456789
77770
123456789
77772
123456789
77774
123456789
77776
123456789
77778
123456789
77780
123456789
77782
123456789
77784
123456789
77786
123456789
77788
123456789
77790
123456789
77792
123456789
77794
123456789
77796
123456789
77798
123456789
77800
123456789
77802
123456789
77804
123456789
77806
123456789
77808
123456789
77810
123456789
77812
123456789
77814
123456789
77816
123456789
77818
123456789
77820
123456789
77822
123456789
77824
123456789
77826
123456789
77828
123456789
77830
123456789
77832
123456789
77834
123456789
77836
123456789
77838
123456789
77840
123456789
77842
123456789
77844
123456789
77846
123456789
77848
123456789
77850
123456789
77852
123456789
77854
123456789
77856
123456789
77858
123456789
77860
123456789
77862
123456789
77864
123456789
77866
123456789
77868
123456789
77870
123456789
77872
123456789
77874
123456789
77876
123456789
77878
123456789
77880
123456789
77882
123456789
77884
123456789
77886
123456789
77888
123456789
77890
123456789
77892
123456789
77894
123456789
77896
123456789
77898
123456789
77900
123456789
77902
123456789
77904
123456789
77906
123456789
77908
123456789
77910
123456789
77912
123456789
77914
123456789
77916
123456789
77918
123456789
77920
123456789
77922
123456789
77924
123456789
77926
123456789
77928
123456789
77930
123456789
77932
123456789
77934
123456789
77936
123456789
77938
123456789
77940
123456789
77942
123456789
77944
123456789
77946
123456789
77948
123456789
77950
123456789
77952
123456789
77954
123456789
77956
123456789
77958
123456789
77960
123456789
77962
123456789
77964
123456789
77966
123456789
77968
123456789
77970
123456789
77972
123456789
77974
123456789
77976
123456789
77978
123456789
77980
123456789
77982
123456789
77984
123456789
77986
123456789
77988
123456789
77990
123456789
77992
123456789
77994
123456789
77996
123456789
77998
123456789
78000
123456789
78002
123456789
78004
123456789
78006
123456789
78008
123456789
78010
123456789
78012
123456789
78014
123456789
78016
123456789
78018
123456789
78020
123456789
78022
123456789
78024
123456789
78026
123456789
78028
123456789
78030
123456789
78032
123456789
78034
123456789
78036
123456789
78038
123456789
78040
123456789
78042
123456789
78044
123456789
78046
123456789
78048
123456789
78050
123456789
78052
123456789
78054
123456789
78056
123456789
78058
123456789
78060
123456789
78062
123456789
78064
123456789
78066
123456789
78068
123456789
78070
123456789
78072
123456789
78074
123456789
78076
123456789
78078
123456789
78080
123456789
78082
123456789
78084
123456789
78086
123456789
78088
123456789
78090
123456789
78092
123456789
78094
123456789
78096
123456789
78098
123456789
78100
123456789
78102
123456789
78104
123456789
78106
123456789
78108
123456789
78110
123456789
78112
123456789
78114
123456789
78116
123456789
78118
123456789
78120
123456789
78122
123456789
78124
123456789
78126
123456789
78128
123456789
78130
123456789
78132
123456789
78134
123456789
78136
123456789
78138
123456789
78140
123456789
78142
123456789
78144
123456789
78146
123456789
78148
123456789
78150
123456789
78152
123456789
78154
123456789
78156
123456789
78158
123456789
78160
123456789
78162
123456789
78164
123456789
78166
123456789
78168
123456789
78170
123456789
78172
123456789
78174
123456789
78176
123456789
78178
123456789
78180
123456789
78182
123456789
78184
123456789
78186
123456789
78188
123456789
78190
123456789
78192
123456789
78194
123456789
78196
123456789
78198
123456789
78200
123456789
78202
123456789
78204
123456789
78206
123456789
78208
123456789
78210
123456789
78212
123456789
78214
123456789
78216
123456789
78218
123456789
78220
123456789
78222
123456789
78224
123456789
78226
123456789
78228
123456789
78230
123456789
78232
123456789
78234
123456789
78236
123456789
78238
123456789
78240
123456789
78242
123456789
78244
123456789
78246
123456789
78248
123456789
78250
123456789
78252
123456789
78254
123456789
78256
123456789
78258
123456789
78260
123456789
78262
123456789
78264
123456789
78266
123456789
78268
123456789
78270
123456789
78272
123456789
78274
123456789
78276
123456789
78278
123456789
78280
123456789
78282
123456789
78284
123456789
78286
123456789
78288
123456789
78290
123456789
78292
123456789
78294
123456789
78296
123456789
78298
123456789
78300
123456789
78302
123456789
78304
123456789
78306
123456789
78308
123456789
78310
123456789
78312
123456789
78314
123456789
78316
123456789
78318
123456789
78320
123456789
78322
123456789
78324
123456789
78326
123456789
78328
123456789
78330
123456789
78332
123456789
78334
123456789
78336
123456789
78338
123456789
78340
123456789
78342
123456789
78344
123456789
78346
123456789
78348
123456789
78350
123456789
78352
123456789
78354
123456789
78356
123456789
78358
123456789
78360
123456789
78362
123456789
78364
123456789
78366
123456789
78368
123456789
78370
123456789
78372
123456789
78374
123456789
78376
123456789
78378
123456789
78380
123456789
78382
123456789
78384
123456789
78386
123456789
78388
123456789
78390
123456789
78392
123456789
78394
123456789
78396
123456789
78398
123456789
78400
123456789
78402
123456789
78404
123456789
78406
123456789
78408
123456789
78410
123456789
78412
123456789
78414
123456789
78416
123456789
78418
123456789
78420
123456789
78422
123456789
78424
123456789
78426
123456789
78428
123456789
78430
123456789
78432
123456789
78434
123456789
78436
123456789
78438
123456789
78440
123456789
78442
123456789
78444
123456789
78446
123456789
78448
123456789
78450
123456789
78452
123456789
78454
123456789
78456
123456789
78458
123456789
78460
123456789
78462
123456789
78464
123456789
78466
123456789
78468
123456789
78470
123456789
78472
123456789
78474
123456789
78476
123456789
78478
123456789
78480
123456789
78482
123456789
78484
123456789
78486
123456789
78488
123456789
78490
123456789
78492
123456789
78494
123456789
78496
123456789
78498
123456789
78500
123456789
78502
123456789
78504
123456789
78506
123456789
78508
123456789
78510
123456789
78512
123456789
78514
123456789
78516
123456789
78518
123456789
78520
123456789
78522
123456789
78524
123456789
78526
123456789
78528
123456789
78530
123456789
78532
123456789
78534
123456789
78536
123456789
78538
123456789
78540
123456789
78542
123456789
78544
123456789
78546
123456789
78548
123456789
78550
123456789
78552
123456789
78554
123456789
78556
123456789
78558
123456789
78560
123456789
78562
123456789
78564
123456789
78566
123456789
78568
123456789
78570
123456789
78572
123456789
78574
123456789
78576
123456789
78578
123456789
78580
123456789
78582
123456789
78584
123456789
78586
123456789
78588
123456789
78590
123456789
78592
123456789
78594
123456789
78596
123456789
78598
123456789
78600
123456789
78602
123456789
78604
123456789
78606
123456789
78608
123456789
78610
123456789
78612
123456789
78614
123456789
78616
123456789
78618
123456789
78620
123456789
78622
123456789
78624
123456789
78626
123456789
78628
123456789
78630
123456789
78632
123456789
78634
123456789
78636
123456789
78638
123456789
78640
123456789
78642
123456789
78644
123456789
78646
123456789
78648
123456789
78650
123456789
78652
123456789
78654
123456789
78656
123456789
78658
123456789
78660
123456789
78662
123456789
78664
123456789
78666
123456789
78668
123456789
78670
123456789
78672
123456789
78674
123456789
78676
123456789
78678
123456789
78680
123456789
78682
123456789
78684
123456789
78686
123456789
78688
123456789
78690
123456789
78692
123456789
78694
123456789
78696
123456789
78698
123456789
78700
123456789
78702
123456789
78704
123456789
78706
123456789
78708
123456789
78710
123456789
78712
123456789
78714
123456789
78716
123456789
78718
123456789
78720
123456789
78722
123456789
78724
123456789
78726
123456789
78728
123456789
78730
123456789
78732
123456789
78734
123456789
78736
123456789
78738
123456789
78740
123456789
78742
123456789
78744
123456789
78746
123456789
78748
123456789
78750
123456789
78752
123456789
78754
123456789
78756
123456789
78758
123456789
78760
123456789
78762
123456789
78764
123456789
78766
123456789
78768
123456789
78770
123456789
78772
123456789
78774
123456789
78776
123456789
78778
123456789
78780
123456789
78782
123456789
78784
123456789
78786
123456789
78788
123456789
78790
123456789
78792
123456789
78794
123456789
78796
123456789
78798
123456789
78800
123456789
78802
123456789
78804
123456789
78806
123456789
78808
123456789
78810
123456789
78812
123456789
78814
123456789
78816
123456789
78818
123456789
78820
123456789
78822
123456789
78824
123456789
78826
123456789
78828
123456789
78830
123456789
78832
123456789
78834
123456789
78836
123456789
78838
123456789
78840
123456789
78842
123456789
78844
123456789
78846
123456789
78848
123456789
78850
123456789
78852
123456789
78854
123456789
78856
123456789
78858
123456789
78860
123456789
78862
123456789
78864
123456789
78866
123456789
78868
123456789
78870
123456789
78872
123456789
78874
123456789
78876
123456789
78878
123456789
78880
123456789
78882
123456789
78884
123456789
78886
123456789
78888
123456789
78890
123456789
78892
123456789
78894
123456789
78896
123456789
78898
123456789
78900
123456789
78902
123456789
78904
123456789
78906
123456789
78908
123456789
78910
123456789
78912
123456789
78914
123456789
78916
123456789
78918
123456789
78920
123456789
78922
123456789
78924
123456789
78926
123456789
78928
123456789
78930
123456789
78932
123456789
78934
123456789
78936
123456789
78938
123456789
78940
123456789
78942
123456789
78944
123456789
78946
123456789
78948
123456789
78950
123456789
78952
123456789
78954
123456789
78956
123456789
78958
123456789
78960
123456789
78962
123456789
78964
123456789
78966
123456789
78968
123456789
78970
123456789
78972
123456789
78974
123456789
78976
123456789
78978
123456789
78980
123456789
78982
123456789
78984
123456789
78986
123456789
78988
123456789
78990
123456789
78992
123456789
78994
123456789
78996
123456789
78998
123456789
79000
123456789
79002
123456789
79004
123456789
79006
123456789
79008
123456789
79010
123456789
79012
123456789
79014
123456789
79016
123456789
79018
123456789
79020
123456789
79022
123456789
79024
123456789
79026
123456789
79028
123456789
79030
123456789
79032
123456789
79034
123456789
79036
123456789
79038
123456789
79040
123456789
79042
123456789
79044
123456789
79046
123456789
79048
123456789
79050
123456789
79052
123456789
79054
123456789
79056
123456789
79058
123456789
79060
123456789
79062
123456789
79064
123456789
79066
123456789
79068
123456789
79070
123456789
79072
123456789
79074
123456789
79076
123456789
79078
123456789
79080
123456789
79082
123456789
79084
123456789
79086
123456789
79088
123456789
79090
123456789
79092
123456789
79094
123456789
79096
123456789
79098
123456789
79100
123456789
79102
123456789
79104
123456789
79106
123456789
79108
123456789
79110
123456789
79112
123456789
79114
123456789
79116
123456789
79118
123456789
79120
123456789
79122
123456789
79124
123456789
79126
123456789
79128
123456789
79130
123456789
79132
123456789
79134
123456789
79136
123456789
79138
123456789
79140
123456789
79142
123456789
79144
123456789
79146
123456789
79148
123456789
79150
123456789
79152
123456789
79154
123456789
79156
123456789
79158
123456789
79160
123456789
79162
123456789
79164
123456789
79166
123456789
79168
123456789
79170
123456789
79172
123456789
79174
123456789
79176
123456789
79178
123456789
79180
123456789
79182
123456789
79184
123456789
79186
123456789
79188
123456789
79190
123456789
79192
123456789
79194
123456789
79196
123456789
79198
123456789
79200
123456789
79202
123456789
79204
123456789
79206
123456789
79208
123456789
79210
123456789
79212
123456789
79214
123456789
79216
123456789
79218
123456789
79220
123456789
79222
123456789
79224
123456789
79226
123456789
79228
123456789
79230
123456789
79232
123456789
79234
123456789
79236
123456789
79238
123456789
79240
123456789
79242
123456789
79244
123456789
79246
123456789
79248
123456789
79250
123456789
79252
123456789
79254
123456789
79256
123456789
79258
123456789
79260
123456789
79262
123456789
79264
123456789
79266
123456789
79268
123456789
79270
123456789
79272
123456789
79274
123456789
79276
123456789
79278
123456789
79280
123456789
79282
123456789
79284
123456789
79286
123456789
79288
123456789
79290
123456789
79292
123456789
79294
123456789
79296
123456789
79298
123456789
79300
123456789
79302
123456789
79304
123456789
79306
123456789
79308
123456789
79310
123456789
79312
123456789
79314
123456789
79316
123456789
79318
123456789
79320
123456789
79322
123456789
79324
123456789
79326
123456789
79328
123456789
79330
123456789
79332
123456789
79334
123456789
79336
123456789
79338
123456789
79340
123456789
79342
123456789
79344
123456789
79346
123456789
79348
123456789
79350
123456789
79352
123456789
79354
123456789
79356
123456789
79358
123456789
79360
123456789
79362
123456789
79364
123456789
79366
123456789
79368
123456789
79370
123456789
79372
123456789
79374
123456789
79376
123456789
79378
123456789
79380
123456789
79382
123456789
79384
123456789
79386
123456789
79388
123456789
79390
123456789
79392
123456789
79394
123456789
79396
123456789
79398
123456789
79400
123456789
79402
123456789
79404
123456789
79406
123456789
79408
123456789
79410
123456789
79412
123456789
79414
123456789
79416
123456789
79418
123456789
79420
123456789
79422
123456789
79424
123456789
79426
123456789
79428
123456789
79430
123456789
79432
123456789
79434
123456789
79436
123456789
79438
123456789
79440
123456789
79442
123456789
79444
123456789
79446
123456789
79448
123456789
79450
123456789
79452
123456789
79454
123456789
79456
123456789
79458
123456789
79460
123456789
79462
123456789
79464
123456789
79466
123456789
79468
123456789
79470
123456789
79472
123456789
79474
123456789
79476
123456789
79478
123456789
79480
123456789
79482
123456789
79484
123456789
79486
123456789
79488
123456789
79490
123456789
79492
123456789
79494
123456789
79496
123456789
79498
123456789
79500
123456789
79502
123456789
79504
123456789
79506
123456789
79508
123456789
79510
123456789
79512
123456789
79514
123456789
79516
123456789
79518
123456789
79520
123456789
79522
123456789
79524
123456789
79526
123456789
79528
123456789
79530
123456789
79532
123456789
79534
123456789
79536
123456789
79538
123456789
79540
123456789
79542
123456789
79544
123456789
79546
123456789
79548
123456789
79550
123456789
79552
123456789
79554
123456789
79556
123456789
79558
123456789
79560
123456789
79562
123456789
79564
123456789
79566
123456789
79568
123456789
79570
123456789
79572
123456789
79574
123456789
79576
123456789
79578
123456789
79580
123456789
79582
123456789
79584
123456789
79586
123456789
79588
123456789
79590
123456789
79592
123456789
79594
123456789
79596
123456789
79598
123456789
79600
123456789
79602
123456789
79604
123456789
79606
123456789
79608
123456789
79610
123456789
79612
123456789
79614
123456789
79616
123456789
79618
123456789
79620
123456789
79622
123456789
79624
123456789
79626
123456789
79628
123456789
79630
123456789
79632
123456789
79634
123456789
79636
123456789
79638
123456789
79640
123456789
79642
123456789
79644
123456789
79646
123456789
79648
123456789
79650
123456789
79652
123456789
79654
123456789
79656
123456789
79658
123456789
79660
123456789
79662
123456789
79664
123456789
79666
123456789
79668
123456789
79670
123456789
79672
123456789
79674
123456789
79676
123456789
79678
123456789
79680
123456789
79682
123456789
79684
123456789
79686
123456789
79688
123456789
79690
123456789
79692
123456789
79694
123456789
79696
123456789
79698
123456789
79700
123456789
79702
123456789
79704
123456789
79706
123456789
79708
123456789
79710
123456789
79712
123456789
79714
123456789
79716
123456789
79718
123456789
79720
123456789
79722
123456789
79724
123456789
79726
123456789
79728
123456789
79730
123456789
79732
123456789
79734
123456789
79736
123456789
79738
123456789
79740
123456789
79742
123456789
79744
123456789
79746
123456789
79748
123456789
79750
123456789
79752
123456789
79754
123456789
79756
123456789
79758
123456789
79760
123456789
79762
123456789
79764
123456789
79766
123456789
79768
123456789
79770
123456789
79772
123456789
79774
123456789
79776
123456789
79778
123456789
79780
123456789
79782
123456789
79784
123456789
79786
123456789
79788
123456789
79790
123456789
79792
123456789
79794
123456789
79796
123456789
79798
123456789
79800
123456789
79802
123456789
79804
123456789
79806
123456789
79808
123456789
79810
123456789
79812
123456789
79814
123456789
79816
123456789
79818
123456789
79820
123456789
79822
123456789
79824
123456789
79826
123456789
79828
123456789
79830
123456789
79832
123456789
79834
123456789
79836
123456789
79838
123456789
79840
123456789
79842
123456789
79844
123456789
79846
123456789
79848
123456789
79850
123456789
79852
123456789
79854
123456789
79856
123456789
79858
123456789
79860
123456789
79862
123456789
79864
123456789
79866
123456789
79868
123456789
79870
123456789
79872
123456789
79874
123456789
79876
123456789
79878
123456789
79880
123456789
79882
123456789
79884
123456789
79886
123456789
79888
123456789
79890
123456789
79892
123456789
79894
123456789
79896
123456789
79898
123456789
79900
123456789
79902
123456789
79904
123456789
79906
123456789
79908
123456789
79910
123456789
79912
123456789
79914
123456789
79916
123456789
79918
123456789
79920
123456789
79922
123456789
79924
123456789
79926
123456789
79928
123456789
79930
123456789
79932
123456789
79934
123456789
79936
123456789
79938
123456789
79940
123456789
79942
123456789
79944
123456789
79946
123456789
79948
123456789
79950
123456789
79952
123456789
79954
123456789
79956
123456789
79958
123456789
79960
123456789
79962
123456789
79964
123456789
79966
123456789
79968
123456789
79970
123456789
79972
123456789
79974
123456789
79976
123456789
79978
123456789
79980
123456789
79982
123456789
79984
123456789
79986
123456789
79988
123456789
79990
123456789
79992
123456789
79994
123456789
79996
123456789
79998
123456789
80000
123456789
80002
123456789
80004
123456789
80006
123456789
80008
123456789
80010
123456789
80012
123456789
80014
123456789
80016
123456789
80018
123456789
80020
123456789
80022
123456789
80024
123456789
80026
123456789
80028
123456789
80030
123456789
80032
123456789
80034
123456789
80036
123456789
80038
123456789
80040
123456789
80042
123456789
80044
123456789
80046
123456789
80048
123456789
80050
123456789
80052
123456789
80054
123456789
80056
123456789
80058
123456789
80060
123456789
80062
123456789
80064
123456789
80066
123456789
80068
123456789
80070
123456789
80072
123456789
80074
123456789
80076
123456789
80078
123456789
80080
123456789
80082
123456789
80084
123456789
80086
123456789
80088
123456789
80090
123456789
80092
123456789
80094
123456789
80096
123456789
80098
123456789
80100
123456789
80102
123456789
80104
123456789
80106
123456789
80108
123456789
80110
123456789
80112
123456789
80114
123456789
80116
123456789
80118
123456789
80120
123456789
80122
123456789
80124
123456789
80126
123456789
80128
123456789
80130
123456789
80132
123456789
80134
123456789
80136
123456789
80138
123456789
80140
123456789
80142
123456789
80144
123456789
80146
123456789
80148
123456789
80150
123456789
80152
123456789
80154
123456789
80156
123456789
80158
123456789
80160
123456789
80162
123456789
80164
123456789
80166
123456789
80168
123456789
80170
123456789
80172
123456789
80174
123456789
80176
123456789
80178
123456789
80180
123456789
80182
123456789
80184
123456789
80186
123456789
80188
123456789
80190
123456789
80192
123456789
80194
123456789
80196
123456789
80198
123456789
80200
123456789
80202
123456789
80204
123456789
80206
123456789
80208
123456789
80210
123456789
80212
123456789
80214
123456789
80216
123456789
80218
123456789
80220
123456789
80222
123456789
80224
123456789
80226
123456789
80228
123456789
80230
123456789
80232
123456789
80234
123456789
80236
123456789
80238
123456789
80240
123456789
80242
123456789
80244
123456789
80246
123456789
80248
123456789
80250
123456789
80252
123456789
80254
123456789
80256
123456789
80258
123456789
80260
123456789
80262
123456789
80264
123456789
80266
123456789
80268
123456789
80270
123456789
80272
123456789
80274
123456789
80276
123456789
80278
123456789
80280
123456789
80282
123456789
80284
123456789
80286
123456789
80288
123456789
80290
123456789
80292
123456789
80294
123456789
80296
123456789
80298
123456789
80300
123456789
80302
123456789
80304
123456789
80306
123456789
80308
123456789
80310
123456789
80312
123456789
80314
123456789
80316
123456789
80318
123456789
80320
123456789
80322
123456789
80324
123456789
80326
123456789
80328
123456789
80330
123456789
80332
123456789
80334
123456789
80336
123456789
80338
123456789
80340
123456789
80342
123456789
80344
123456789
80346
123456789
80348
123456789
80350
123456789
80352
123456789
80354
123456789
80356
123456789
80358
123456789
80360
123456789
80362
123456789
80364
123456789
80366
123456789
80368
123456789
80370
123456789
80372
123456789
80374
123456789
80376
123456789
80378
123456789
80380
123456789
80382
123456789
80384
123456789
80386
123456789
80388
123456789
80390
123456789
80392
123456789
80394
123456789
80396
123456789
80398
123456789
80400
123456789
80402
123456789
80404
123456789
80406
123456789
80408
123456789
80410
123456789
80412
123456789
80414
123456789
80416
123456789
80418
123456789
80420
123456789
80422
123456789
80424
123456789
80426
123456789
80428
123456789
80430
123456789
80432
123456789
80434
123456789
80436
123456789
80438
123456789
80440
123456789
80442
123456789
80444
123456789
80446
123456789
80448
123456789
80450
123456789
80452
123456789
80454
123456789
80456
123456789
80458
123456789
80460
123456789
80462
123456789
80464
123456789
80466
123456789
80468
123456789
80470
123456789
80472
123456789
80474
123456789
80476
123456789
80478
123456789
80480
123456789
80482
123456789
80484
123456789
80486
123456789
80488
123456789
80490
123456789
80492
123456789
80494
123456789
80496
123456789
80498
123456789
80500
123456789
80502
123456789
80504
123456789
80506
123456789
80508
123456789
80510
123456789
80512
123456789
80514
123456789
80516
123456789
80518
123456789
80520
123456789
80522
123456789
80524
123456789
80526
123456789
80528
123456789
80530
123456789
80532
123456789
80534
123456789
80536
123456789
80538
123456789
80540
123456789
80542
123456789
80544
123456789
80546
123456789
80548
123456789
80550
123456789
80552
123456789
80554
123456789
80556
123456789
80558
123456789
80560
123456789
80562
123456789
80564
123456789
80566
123456789
80568
123456789
80570
123456789
80572
123456789
80574
123456789
80576
123456789
80578
123456789
80580
123456789
80582
123456789
80584
123456789
80586
123456789
80588
123456789
80590
123456789
80592
123456789
80594
123456789
80596
123456789
80598
123456789
80600
123456789
80602
123456789
80604
123456789
80606
123456789
80608
123456789
80610
123456789
80612
123456789
80614
123456789
80616
123456789
80618
123456789
80620
123456789
80622
123456789
80624
123456789
80626
123456789
80628
123456789
80630
123456789
80632
123456789
80634
123456789
80636
123456789
80638
123456789
80640
123456789
80642
123456789
80644
123456789
80646
123456789
80648
123456789
80650
123456789
80652
123456789
80654
123456789
80656
123456789
80658
123456789
80660
123456789
80662
123456789
80664
123456789
80666
123456789
80668
123456789
80670
123456789
80672
123456789
80674
123456789
80676
123456789
80678
123456789
80680
123456789
80682
123456789
80684
123456789
80686
123456789
80688
123456789
80690
123456789
80692
123456789
80694
123456789
80696
123456789
80698
123456789
80700
123456789
80702
123456789
80704
123456789
80706
123456789
80708
123456789
80710
123456789
80712
123456789
80714
123456789
80716
123456789
80718
123456789
80720
123456789
80722
123456789
80724
123456789
80726
123456789
80728
123456789
80730
123456789
80732
123456789
80734
123456789
80736
123456789
80738
123456789
80740
123456789
80742
123456789
80744
123456789
80746
123456789
80748
123456789
80750
123456789
80752
123456789
80754
123456789
80756
123456789
80758
123456789
80760
123456789
80762
123456789
80764
123456789
80766
123456789
80768
123456789
80770
123456789
80772
123456789
80774
123456789
80776
123456789
80778
123456789
80780
123456789
80782
123456789
80784
123456789
80786
123456789
80788
123456789
80790
123456789
80792
123456789
80794
123456789
80796
123456789
80798
123456789
80800
123456789
80802
123456789
80804
123456789
80806
123456789
80808
123456789
80810
123456789
80812
123456789
80814
123456789
80816
123456789
80818
123456789
80820
123456789
80822
123456789
80824
123456789
80826
123456789
80828
123456789
80830
123456789
80832
123456789
80834
123456789
80836
123456789
80838
123456789
80840
123456789
80842
123456789
80844
123456789
80846
123456789
80848
123456789
80850
123456789
80852
123456789
80854
123456789
80856
123456789
80858
123456789
80860
123456789
80862
123456789
80864
123456789
80866
123456789
80868
123456789
80870
123456789
80872
123456789
80874
123456789
80876
123456789
80878
123456789
80880
123456789
80882
123456789
80884
123456789
80886
123456789
80888
123456789
80890
123456789
80892
123456789
80894
123456789
80896
123456789
80898
123456789
80900
123456789
80902
123456789
80904
123456789
80906
123456789
80908
123456789
80910
123456789
80912
123456789
80914
123456789
80916
123456789
80918
123456789
80920
123456789
80922
123456789
80924
123456789
80926
123456789
80928
123456789
80930
123456789
80932
123456789
80934
123456789
80936
123456789
80938
123456789
80940
123456789
80942
123456789
80944
123456789
80946
123456789
80948
123456789
80950
123456789
80952
123456789
80954
123456789
80956
123456789
80958
123456789
80960
123456789
80962
123456789
80964
123456789
80966
123456789
80968
123456789
80970
123456789
80972
123456789
80974
123456789
80976
123456789
80978
123456789
80980
123456789
80982
123456789
80984
123456789
80986
123456789
80988
123456789
80990
123456789
80992
123456789
80994
123456789
80996
123456789
80998
123456789
81000
123456789
81002
123456789
81004
123456789
81006
123456789
81008
123456789
81010
123456789
81012
123456789
81014
123456789
81016
123456789
81018
123456789
81020
123456789
81022
123456789
81024
123456789
81026
123456789
81028
123456789
81030
123456789
81032
123456789
81034
123456789
81036
123456789
81038
123456789
81040
123456789
81042
123456789
81044
123456789
81046
123456789
81048
123456789
81050
123456789
81052
123456789
81054
123456789
81056
123456789
81058
123456789
81060
123456789
81062
123456789
81064
123456789
81066
123456789
81068
123456789
81070
123456789
81072
123456789
81074
123456789
81076
123456789
81078
123456789
81080
123456789
81082
123456789
81084
123456789
81086
123456789
81088
123456789
81090
123456789
81092
123456789
81094
123456789
81096
123456789
81098
123456789
81100
123456789
81102
123456789
81104
123456789
81106
123456789
81108
123456789
81110
123456789
81112
123456789
81114
123456789
81116
123456789
81118
123456789
81120
123456789
81122
123456789
81124
123456789
81126
123456789
81128
123456789
81130
123456789
81132
123456789
81134
123456789
81136
123456789
81138
123456789
81140
123456789
81142
123456789
81144
123456789
81146
123456789
81148
123456789
81150
123456789
81152
123456789
81154
123456789
81156
123456789
81158
123456789
81160
123456789
81162
123456789
81164
123456789
81166
123456789
81168
123456789
81170
123456789
81172
123456789
81174
123456789
81176
123456789
81178
123456789
81180
123456789
81182
123456789
81184
123456789
81186
123456789
81188
123456789
81190
123456789
81192
123456789
81194
123456789
81196
123456789
81198
123456789
81200
123456789
81202
123456789
81204
123456789
81206
123456789
81208
123456789
81210
123456789
81212
123456789
81214
123456789
81216
123456789
81218
123456789
81220
123456789
81222
123456789
81224
123456789
81226
123456789
81228
123456789
81230
123456789
81232
123456789
81234
123456789
81236
123456789
81238
123456789
81240
123456789
81242
123456789
81244
123456789
81246
123456789
81248
123456789
81250
123456789
81252
123456789
81254
123456789
81256
123456789
81258
123456789
81260
123456789
81262
123456789
81264
123456789
81266
123456789
81268
123456789
81270
123456789
81272
123456789
81274
123456789
81276
123456789
81278
123456789
81280
123456789
81282
123456789
81284
123456789
81286
123456789
81288
123456789
81290
123456789
81292
123456789
81294
123456789
81296
123456789
81298
123456789
81300
123456789
81302
123456789
81304
123456789
81306
123456789
81308
123456789
81310
123456789
81312
123456789
81314
123456789
81316
123456789
81318
123456789
81320
123456789
81322
123456789
81324
123456789
81326
123456789
81328
123456789
81330
123456789
81332
123456789
81334
123456789
81336
123456789
81338
123456789
81340
123456789
81342
123456789
81344
123456789
81346
123456789
81348
123456789
81350
123456789
81352
123456789
81354
123456789
81356
123456789
81358
123456789
81360
123456789
81362
123456789
81364
123456789
81366
123456789
81368
123456789
81370
123456789
81372
123456789
81374
123456789
81376
123456789
81378
123456789
81380
123456789
81382
123456789
81384
123456789
81386
123456789
81388
123456789
81390
123456789
81392
123456789
81394
123456789
81396
123456789
81398
123456789
81400
123456789
81402
123456789
81404
123456789
81406
123456789
81408
123456789
81410
123456789
81412
123456789
81414
123456789
81416
123456789
81418
123456789
81420
123456789
81422
123456789
81424
123456789
81426
123456789
81428
123456789
81430
123456789
81432
123456789
81434
123456789
81436
123456789
81438
123456789
81440
123456789
81442
123456789
81444
123456789
81446
123456789
81448
123456789
81450
123456789
81452
123456789
81454
123456789
81456
123456789
81458
123456789
81460
123456789
81462
123456789
81464
123456789
81466
123456789
81468
123456789
81470
123456789
81472
123456789
81474
123456789
81476
123456789
81478
123456789
81480
123456789
81482
123456789
81484
123456789
81486
123456789
81488
123456789
81490
123456789
81492
123456789
81494
123456789
81496
123456789
81498
123456789
81500
123456789
81502
123456789
81504
123456789
81506
123456789
81508
123456789
81510
123456789
81512
123456789
81514
123456789
81516
123456789
81518
123456789
81520
123456789
81522
123456789
81524
123456789
81526
123456789
81528
123456789
81530
123456789
81532
123456789
81534
123456789
81536
123456789
81538
123456789
81540
123456789
81542
123456789
81544
123456789
81546
123456789
81548
123456789
81550
123456789
81552
123456789
81554
123456789
81556
123456789
81558
123456789
81560
123456789
81562
123456789
81564
123456789
81566
123456789
81568
123456789
81570
123456789
81572
123456789
81574
123456789
81576
123456789
81578
123456789
81580
123456789
81582
123456789
81584
123456789
81586
123456789
81588
123456789
81590
123456789
81592
123456789
81594
123456789
81596
123456789
81598
123456789
81600
123456789
81602
123456789
81604
123456789
81606
123456789
81608
123456789
81610
123456789
81612
123456789
81614
123456789
81616
123456789
81618
123456789
81620
123456789
81622
123456789
81624
123456789
81626
123456789
81628
123456789
81630
123456789
81632
123456789
81634
123456789
81636
123456789
81638
123456789
81640
123456789
81642
123456789
81644
123456789
81646
123456789
81648
123456789
81650
123456789
81652
123456789
81654
123456789
81656
123456789
81658
123456789
81660
123456789
81662
123456789
81664
123456789
81666
123456789
81668
123456789
81670
123456789
81672
123456789
81674
123456789
81676
123456789
81678
123456789
81680
123456789
81682
123456789
81684
123456789
81686
123456789
81688
123456789
81690
123456789
81692
123456789
81694
123456789
81696
123456789
81698
123456789
81700
123456789
81702
123456789
81704
123456789
81706
123456789
81708
123456789
81710
123456789
81712
123456789
81714
123456789
81716
123456789
81718
123456789
81720
123456789
81722
123456789
81724
123456789
81726
123456789
81728
123456789
81730
123456789
81732
123456789
81734
123456789
81736
123456789
81738
123456789
81740
123456789
81742
123456789
81744
123456789
81746
123456789
81748
123456789
81750
123456789
81752
123456789
81754
123456789
81756
123456789
81758
123456789
81760
123456789
81762
123456789
81764
123456789
81766
123456789
81768
123456789
81770
123456789
81772
123456789
81774
123456789
81776
123456789
81778
123456789
81780
123456789
81782
123456789
81784
123456789
81786
123456789
81788
123456789
81790
123456789
81792
123456789
81794
123456789
81796
123456789
81798
123456789
81800
123456789
81802
123456789
81804
123456789
81806
123456789
81808
123456789
81810
123456789
81812
123456789
81814
123456789
81816
123456789
81818
123456789
81820
123456789
81822
123456789
81824
123456789
81826
123456789
81828
123456789
81830
123456789
81832
123456789
81834
123456789
81836
123456789
81838
123456789
81840
123456789
81842
123456789
81844
123456789
81846
123456789
81848
123456789
81850
123456789
81852
123456789
81854
123456789
81856
123456789
81858
123456789
81860
123456789
81862
123456789
81864
123456789
81866
123456789
81868
123456789
81870
123456789
81872
123456789
81874
123456789
81876
123456789
81878
123456789
81880
123456789
81882
123456789
81884
123456789
81886
123456789
81888
123456789
81890
123456789
81892
123456789
81894
123456789
81896
123456789
81898
123456789
81900
123456789
81902
123456789
81904
123456789
81906
123456789
81908
123456789
81910
123456789
81912
123456789
81914
123456789
81916
123456789
81918
123456789
81920
123456789
81922
123456789
81924
123456789
81926
123456789
81928
123456789
81930
123456789
81932
123456789
81934
123456789
81936
123456789
81938
123456789
81940
123456789
81942
123456789
81944
123456789
81946
123456789
81948
123456789
81950
123456789
81952
123456789
81954
123456789
81956
123456789
81958
123456789
81960
123456789
81962
123456789
81964
123456789
81966
123456789
81968
123456789
81970
123456789
81972
123456789
81974
123456789
81976
123456789
81978
123456789
81980
123456789
81982
123456789
81984
123456789
81986
123456789
81988
123456789
81990
123456789
81992
123456789
81994
123456789
81996
123456789
81998
123456789
82000
123456789
82002
123456789
82004
123456789
82006
123456789
82008
123456789
82010
123456789
82012
123456789
82014
123456789
82016
123456789
82018
123456789
82020
123456789
82022
123456789
82024
123456789
82026
123456789
82028
123456789
82030
123456789
82032
123456789
82034
123456789
82036
123456789
82038
123456789
82040
123456789
82042
123456789
82044
123456789
82046
123456789
82048
123456789
82050
123456789
82052
123456789
82054
123456789
82056
123456789
82058
123456789
82060
123456789
82062
123456789
82064
123456789
82066
123456789
82068
123456789
82070
123456789
82072
123456789
82074
123456789
82076
123456789
82078
123456789
82080
123456789
82082
123456789
82084
123456789
82086
123456789
82088
123456789
82090
123456789
82092
123456789
82094
123456789
82096
123456789
82098
123456789
82100
123456789
82102
123456789
82104
123456789
82106
123456789
82108
123456789
82110
123456789
82112
123456789
82114
123456789
82116
123456789
82118
123456789
82120
123456789
82122
123456789
82124
123456789
82126
123456789
82128
123456789
82130
123456789
82132
123456789
82134
123456789
82136
123456789
82138
123456789
82140
123456789
82142
123456789
82144
123456789
82146
123456789
82148
123456789
82150
123456789
82152
123456789
82154
123456789
82156
123456789
82158
123456789
82160
123456789
82162
123456789
82164
123456789
82166
123456789
82168
123456789
82170
123456789
82172
123456789
82174
123456789
82176
123456789
82178
123456789
82180
123456789
82182
123456789
82184
123456789
82186
123456789
82188
123456789
82190
123456789
82192
123456789
82194
123456789
82196
123456789
82198
123456789
82200
123456789
82202
123456789
82204
123456789
82206
123456789
82208
123456789
82210
123456789
82212
123456789
82214
123456789
82216
123456789
82218
123456789
82220
123456789
82222
123456789
82224
123456789
82226
123456789
82228
123456789
82230
123456789
82232
123456789
82234
123456789
82236
123456789
82238
123456789
82240
123456789
82242
123456789
82244
123456789
82246
123456789
82248
123456789
82250
123456789
82252
123456789
82254
123456789
82256
123456789
82258
123456789
82260
123456789
82262
123456789
82264
123456789
82266
123456789
82268
123456789
82270
123456789
82272
123456789
82274
123456789
82276
123456789
82278
123456789
82280
123456789
82282
123456789
82284
123456789
82286
123456789
82288
123456789
82290
123456789
82292
123456789
82294
123456789
82296
123456789
82298
123456789
82300
123456789
82302
123456789
82304
123456789
82306
123456789
82308
123456789
82310
123456789
82312
123456789
82314
123456789
82316
123456789
82318
123456789
82320
123456789
82322
123456789
82324
123456789
82326
123456789
82328
123456789
82330
123456789
82332
123456789
82334
123456789
82336
123456789
82338
123456789
82340
123456789
82342
123456789
82344
123456789
82346
123456789
82348
123456789
82350
123456789
82352
123456789
82354
123456789
82356
123456789
82358
123456789
82360
123456789
82362
123456789
82364
123456789
82366
123456789
82368
123456789
82370
123456789
82372
123456789
82374
123456789
82376
123456789
82378
123456789
82380
123456789
82382
123456789
82384
123456789
82386
123456789
82388
123456789
82390
123456789
82392
123456789
82394
123456789
82396
123456789
82398
123456789
82400
123456789
82402
123456789
82404
123456789
82406
123456789
82408
123456789
82410
123456789
82412
123456789
82414
123456789
82416
123456789
82418
123456789
82420
123456789
82422
123456789
82424
123456789
82426
123456789
82428
123456789
82430
123456789
82432
123456789
82434
123456789
82436
123456789
82438
123456789
82440
123456789
82442
123456789
82444
123456789
82446
123456789
82448
123456789
82450
123456789
82452
123456789
82454
123456789
82456
123456789
82458
123456789
82460
123456789
82462
123456789
82464
123456789
82466
123456789
82468
123456789
82470
123456789
82472
123456789
82474
123456789
82476
123456789
82478
123456789
82480
123456789
82482
123456789
82484
123456789
82486
123456789
82488
123456789
82490
123456789
82492
123456789
82494
123456789
82496
123456789
82498
123456789
82500
123456789
82502
123456789
82504
123456789
82506
123456789
82508
123456789
82510
123456789
82512
123456789
82514
123456789
82516
123456789
82518
123456789
82520
123456789
82522
123456789
82524
123456789
82526
123456789
82528
123456789
82530
123456789
82532
123456789
82534
123456789
82536
123456789
82538
123456789
82540
123456789
82542
123456789
82544
123456789
82546
123456789
82548
123456789
82550
123456789
82552
123456789
82554
123456789
82556
123456789
82558
123456789
82560
123456789
82562
123456789
82564
123456789
82566
123456789
82568
123456789
82570
123456789
82572
123456789
82574
123456789
82576
123456789
82578
123456789
82580
123456789
82582
123456789
82584
123456789
82586
123456789
82588
123456789
82590
123456789
82592
123456789
82594
123456789
82596
123456789
82598
123456789
82600
123456789
82602
123456789
82604
123456789
82606
123456789
82608
123456789
82610
123456789
82612
123456789
82614
123456789
82616
123456789
82618
123456789
82620
123456789
82622
123456789
82624
123456789
82626
123456789
82628
123456789
82630
123456789
82632
123456789
82634
123456789
82636
123456789
82638
123456789
82640
123456789
82642
123456789
82644
123456789
82646
123456789
82648
123456789
82650
123456789
82652
123456789
82654
123456789
82656
123456789
82658
123456789
82660
123456789
82662
123456789
82664
123456789
82666
123456789
82668
123456789
82670
123456789
82672
123456789
82674
123456789
82676
123456789
82678
123456789
82680
123456789
82682
123456789
82684
123456789
82686
123456789
82688
123456789
82690
123456789
82692
123456789
82694
123456789
82696
123456789
82698
123456789
82700
123456789
82702
123456789
82704
123456789
82706
123456789
82708
123456789
82710
123456789
82712
123456789
82714
123456789
82716
123456789
82718
123456789
82720
123456789
82722
123456789
82724
123456789
82726
123456789
82728
123456789
82730
123456789
82732
123456789
82734
123456789
82736
123456789
82738
123456789
82740
123456789
82742
123456789
82744
123456789
82746
123456789
82748
123456789
82750
123456789
82752
123456789
82754
123456789
82756
123456789
82758
123456789
82760
123456789
82762
123456789
82764
123456789
82766
123456789
82768
123456789
82770
123456789
82772
123456789
82774
123456789
82776
123456789
82778
123456789
82780
123456789
82782
123456789
82784
123456789
82786
123456789
82788
123456789
82790
123456789
82792
123456789
82794
123456789
82796
123456789
82798
123456789
82800
123456789
82802
123456789
82804
123456789
82806
123456789
82808
123456789
82810
123456789
82812
123456789
82814
123456789
82816
123456789
82818
123456789
82820
123456789
82822
123456789
82824
123456789
82826
123456789
82828
123456789
82830
123456789
82832
123456789
82834
123456789
82836
123456789
82838
123456789
82840
123456789
82842
123456789
82844
123456789
82846
123456789
82848
123456789
82850
123456789
82852
123456789
82854
123456789
82856
123456789
82858
123456789
82860
123456789
82862
123456789
82864
123456789
82866
123456789
82868
123456789
82870
123456789
82872
123456789
82874
123456789
82876
123456789
82878
123456789
82880
123456789
82882
123456789
82884
123456789
82886
123456789
82888
123456789
82890
123456789
82892
123456789
82894
123456789
82896
123456789
82898
123456789
82900
123456789
82902
123456789
82904
123456789
82906
123456789
82908
123456789
82910
123456789
82912
123456789
82914
123456789
82916
123456789
82918
123456789
82920
123456789
82922
123456789
82924
123456789
82926
123456789
82928
123456789
82930
123456789
82932
123456789
82934
123456789
82936
123456789
82938
123456789
82940
123456789
82942
123456789
82944
123456789
82946
123456789
82948
123456789
82950
123456789
82952
123456789
82954
123456789
82956
123456789
82958
123456789
82960
123456789
82962
123456789
82964
123456789
82966
123456789
82968
123456789
82970
123456789
82972
123456789
82974
123456789
82976
123456789
82978
123456789
82980
123456789
82982
123456789
82984
123456789
82986
123456789
82988
123456789
82990
123456789
82992
123456789
82994
123456789
82996
123456789
82998
123456789
83000
123456789
83002
123456789
83004
123456789
83006
123456789
83008
123456789
83010
123456789
83012
123456789
83014
123456789
83016
123456789
83018
123456789
83020
123456789
83022
123456789
83024
123456789
83026
123456789
83028
123456789
83030
123456789
83032
123456789
83034
123456789
83036
123456789
83038
123456789
83040
123456789
83042
123456789
83044
123456789
83046
123456789
83048
123456789
83050
123456789
83052
123456789
83054
123456789
83056
123456789
83058
123456789
83060
123456789
83062
123456789
83064
123456789
83066
123456789
83068
123456789
83070
123456789
83072
123456789
83074
123456789
83076
123456789
83078
123456789
83080
123456789
83082
123456789
83084
123456789
83086
123456789
83088
123456789
83090
123456789
83092
123456789
83094
123456789
83096
123456789
83098
123456789
83100
123456789
83102
123456789
83104
123456789
83106
123456789
83108
123456789
83110
123456789
83112
123456789
83114
123456789
83116
123456789
83118
123456789
83120
123456789
83122
123456789
83124
123456789
83126
123456789
83128
123456789
83130
123456789
83132
123456789
83134
123456789
83136
123456789
83138
123456789
83140
123456789
83142
123456789
83144
123456789
83146
123456789
83148
123456789
83150
123456789
83152
123456789
83154
123456789
83156
123456789
83158
123456789
83160
123456789
83162
123456789
83164
123456789
83166
123456789
83168
123456789
83170
123456789
83172
123456789
83174
123456789
83176
123456789
83178
123456789
83180
123456789
83182
123456789
83184
123456789
83186
123456789
83188
123456789
83190
123456789
83192
123456789
83194
123456789
83196
123456789
83198
123456789
83200
123456789
83202
123456789
83204
123456789
83206
123456789
83208
123456789
83210
123456789
83212
123456789
83214
123456789
83216
123456789
83218
123456789
83220
123456789
83222
123456789
83224
123456789
83226
123456789
83228
123456789
83230
123456789
83232
123456789
83234
123456789
83236
123456789
83238
123456789
83240
123456789
83242
123456789
83244
123456789
83246
123456789
83248
123456789
83250
123456789
83252
123456789
83254
123456789
83256
123456789
83258
123456789
83260
123456789
83262
123456789
83264
123456789
83266
123456789
83268
123456789
83270
123456789
83272
123456789
83274
123456789
83276
123456789
83278
123456789
83280
123456789
83282
123456789
83284
123456789
83286
123456789
83288
123456789
83290
123456789
83292
123456789
83294
123456789
83296
123456789
83298
123456789
83300
123456789
83302
123456789
83304
123456789
83306
123456789
83308
123456789
83310
123456789
83312
123456789
83314
123456789
83316
123456789
83318
123456789
83320
123456789
83322
123456789
83324
123456789
83326
123456789
83328
123456789
83330
123456789
83332
123456789
83334
123456789
83336
123456789
83338
123456789
83340
123456789
83342
123456789
83344
123456789
83346
123456789
83348
123456789
83350
123456789
83352
123456789
83354
123456789
83356
123456789
83358
123456789
83360
123456789
83362
123456789
83364
123456789
83366
123456789
83368
123456789
83370
123456789
83372
123456789
83374
123456789
83376
123456789
83378
123456789
83380
123456789
83382
123456789
83384
123456789
83386
123456789
83388
123456789
83390
123456789
83392
123456789
83394
123456789
83396
123456789
83398
123456789
83400
123456789
83402
123456789
83404
123456789
83406
123456789
83408
123456789
83410
123456789
83412
123456789
83414
123456789
83416
123456789
83418
123456789
83420
123456789
83422
123456789
83424
123456789
83426
123456789
83428
123456789
83430
123456789
83432
123456789
83434
123456789
83436
123456789
83438
123456789
83440
123456789
83442
123456789
83444
123456789
83446
123456789
83448
123456789
83450
123456789
83452
123456789
83454
123456789
83456
123456789
83458
123456789
83460
123456789
83462
123456789
83464
123456789
83466
123456789
83468
123456789
83470
123456789
83472
123456789
83474
123456789
83476
123456789
83478
123456789
83480
123456789
83482
123456789
83484
123456789
83486
123456789
83488
123456789
83490
123456789
83492
123456789
83494
123456789
83496
123456789
83498
123456789
83500
123456789
83502
123456789
83504
123456789
83506
123456789
83508
123456789
83510
123456789
83512
123456789
83514
123456789
83516
123456789
83518
123456789
83520
123456789
83522
123456789
83524
123456789
83526
123456789
83528
123456789
83530
123456789
83532
123456789
83534
123456789
83536
123456789
83538
123456789
83540
123456789
83542
123456789
83544
123456789
83546
123456789
83548
123456789
83550
123456789
83552
123456789
83554
123456789
83556
123456789
83558
123456789
83560
123456789
83562
123456789
83564
123456789
83566
123456789
83568
123456789
83570
123456789
83572
123456789
83574
123456789
83576
123456789
83578
123456789
83580
123456789
83582
123456789
83584
123456789
83586
123456789
83588
123456789
83590
123456789
83592
123456789
83594
123456789
83596
123456789
83598
123456789
83600
123456789
83602
123456789
83604
123456789
83606
123456789
83608
123456789
83610
123456789
83612
123456789
83614
123456789
83616
123456789
83618
123456789
83620
123456789
83622
123456789
83624
123456789
83626
123456789
83628
123456789
83630
123456789
83632
123456789
83634
123456789
83636
123456789
83638
123456789
83640
123456789
83642
123456789
83644
123456789
83646
123456789
83648
123456789
83650
123456789
83652
123456789
83654
123456789
83656
123456789
83658
123456789
83660
123456789
83662
123456789
83664
123456789
83666
123456789
83668
123456789
83670
123456789
83672
123456789
83674
123456789
83676
123456789
83678
123456789
83680
123456789
83682
123456789
83684
123456789
83686
123456789
83688
123456789
83690
123456789
83692
123456789
83694
123456789
83696
123456789
83698
123456789
83700
123456789
83702
123456789
83704
123456789
83706
123456789
83708
123456789
83710
123456789
83712
123456789
83714
123456789
83716
123456789
83718
123456789
83720
123456789
83722
123456789
83724
123456789
83726
123456789
83728
123456789
83730
123456789
83732
123456789
83734
123456789
83736
123456789
83738
123456789
83740
123456789
83742
123456789
83744
123456789
83746
123456789
83748
123456789
83750
123456789
83752
123456789
83754
123456789
83756
123456789
83758
123456789
83760
123456789
83762
123456789
83764
123456789
83766
123456789
83768
123456789
83770
123456789
83772
123456789
83774
123456789
83776
123456789
83778
123456789
83780
123456789
83782
123456789
83784
123456789
83786
123456789
83788
123456789
83790
123456789
83792
123456789
83794
123456789
83796
123456789
83798
123456789
83800
123456789
83802
123456789
83804
123456789
83806
123456789
83808
123456789
83810
123456789
83812
123456789
83814
123456789
83816
123456789
83818
123456789
83820
123456789
83822
123456789
83824
123456789
83826
123456789
83828
123456789
83830
123456789
83832
123456789
83834
123456789
83836
123456789
83838
123456789
83840
123456789
83842
123456789
83844
123456789
83846
123456789
83848
123456789
83850
123456789
83852
123456789
83854
123456789
83856
123456789
83858
123456789
83860
123456789
83862
123456789
83864
123456789
83866
123456789
83868
123456789
83870
123456789
83872
123456789
83874
123456789
83876
123456789
83878
123456789
83880
123456789
83882
123456789
83884
123456789
83886
123456789
83888
123456789
83890
123456789
83892
123456789
83894
123456789
83896
123456789
83898
123456789
83900
123456789
83902
123456789
83904
123456789
83906
123456789
83908
123456789
83910
123456789
83912
123456789
83914
123456789
83916
123456789
83918
123456789
83920
123456789
83922
123456789
83924
123456789
83926
123456789
83928
123456789
83930
123456789
83932
123456789
83934
123456789
83936
123456789
83938
123456789
83940
123456789
83942
123456789
83944
123456789
83946
123456789
83948
123456789
83950
123456789
83952
123456789
83954
123456789
83956
123456789
83958
123456789
83960
123456789
83962
123456789
83964
123456789
83966
123456789
83968
123456789
83970
123456789
83972
123456789
83974
123456789
83976
123456789
83978
123456789
83980
123456789
83982
123456789
83984
123456789
83986
123456789
83988
123456789
83990
123456789
83992
123456789
83994
123456789
83996
123456789
83998
123456789
84000
123456789
84002
123456789
84004
123456789
84006
123456789
84008
123456789
84010
123456789
84012
123456789
84014
123456789
84016
123456789
84018
123456789
84020
123456789
84022
123456789
84024
123456789
84026
123456789
84028
123456789
84030
123456789
84032
123456789
84034
123456789
84036
123456789
84038
123456789
84040
123456789
84042
123456789
84044
123456789
84046
123456789
84048
123456789
84050
123456789
84052
123456789
84054
123456789
84056
123456789
84058
123456789
84060
123456789
84062
123456789
84064
123456789
84066
123456789
84068
123456789
84070
123456789
84072
123456789
84074
123456789
84076
123456789
84078
123456789
84080
123456789
84082
123456789
84084
123456789
84086
123456789
84088
123456789
84090
123456789
84092
123456789
84094
123456789
84096
123456789
84098
123456789
84100
123456789
84102
123456789
84104
123456789
84106
123456789
84108
123456789
84110
123456789
84112
123456789
84114
123456789
84116
123456789
84118
123456789
84120
123456789
84122
123456789
84124
123456789
84126
123456789
84128
123456789
84130
123456789
84132
123456789
84134
123456789
84136
123456789
84138
123456789
84140
123456789
84142
123456789
84144
123456789
84146
123456789
84148
123456789
84150
123456789
84152
123456789
84154
123456789
84156
123456789
84158
123456789
84160
123456789
84162
123456789
84164
123456789
84166
123456789
84168
123456789
84170
123456789
84172
123456789
84174
123456789
84176
123456789
84178
123456789
84180
123456789
84182
123456789
84184
123456789
84186
123456789
84188
123456789
84190
123456789
84192
123456789
84194
123456789
84196
123456789
84198
123456789
84200
123456789
84202
123456789
84204
123456789
84206
123456789
84208
123456789
84210
123456789
84212
123456789
84214
123456789
84216
123456789
84218
123456789
84220
123456789
84222
123456789
84224
123456789
84226
123456789
84228
123456789
84230
123456789
84232
123456789
84234
123456789
84236
123456789
84238
123456789
84240
123456789
84242
123456789
84244
123456789
84246
123456789
84248
123456789
84250
123456789
84252
123456789
84254
123456789
84256
123456789
84258
123456789
84260
123456789
84262
123456789
84264
123456789
84266
123456789
84268
123456789
84270
123456789
84272
123456789
84274
123456789
84276
123456789
84278
123456789
84280
123456789
84282
123456789
84284
123456789
84286
123456789
84288
123456789
84290
123456789
84292
123456789
84294
123456789
84296
123456789
84298
123456789
84300
123456789
84302
123456789
84304
123456789
84306
123456789
84308
123456789
84310
123456789
84312
123456789
84314
123456789
84316
123456789
84318
123456789
84320
123456789
84322
123456789
84324
123456789
84326
123456789
84328
123456789
84330
123456789
84332
123456789
84334
123456789
84336
123456789
84338
123456789
84340
123456789
84342
123456789
84344
123456789
84346
123456789
84348
123456789
84350
123456789
84352
123456789
84354
123456789
84356
123456789
84358
123456789
84360
123456789
84362
123456789
84364
123456789
84366
123456789
84368
123456789
84370
123456789
84372
123456789
84374
123456789
84376
123456789
84378
123456789
84380
123456789
84382
123456789
84384
123456789
84386
123456789
84388
123456789
84390
123456789
84392
123456789
84394
123456789
84396
123456789
84398
123456789
84400
123456789
84402
123456789
84404
123456789
84406
123456789
84408
123456789
84410
123456789
84412
123456789
84414
123456789
84416
123456789
84418
123456789
84420
123456789
84422
123456789
84424
123456789
84426
123456789
84428
123456789
84430
123456789
84432
123456789
84434
123456789
84436
123456789
84438
123456789
84440
123456789
84442
123456789
84444
123456789
84446
123456789
84448
123456789
84450
123456789
84452
123456789
84454
123456789
84456
123456789
84458
123456789
84460
123456789
84462
123456789
84464
123456789
84466
123456789
84468
123456789
84470
123456789
84472
123456789
84474
123456789
84476
123456789
84478
123456789
84480
123456789
84482
123456789
84484
123456789
84486
123456789
84488
123456789
84490
123456789
84492
123456789
84494
123456789
84496
123456789
84498
123456789
84500
123456789
84502
123456789
84504
123456789
84506
123456789
84508
123456789
84510
123456789
84512
123456789
84514
123456789
84516
123456789
84518
123456789
84520
123456789
84522
123456789
84524
123456789
84526
123456789
84528
123456789
84530
123456789
84532
123456789
84534
123456789
84536
123456789
84538
123456789
84540
123456789
84542
123456789
84544
123456789
84546
123456789
84548
123456789
84550
123456789
84552
123456789
84554
123456789
84556
123456789
84558
123456789
84560
123456789
84562
123456789
84564
123456789
84566
123456789
84568
123456789
84570
123456789
84572
123456789
84574
123456789
84576
123456789
84578
123456789
84580
123456789
84582
123456789
84584
123456789
84586
123456789
84588
123456789
84590
123456789
84592
123456789
84594
123456789
84596
123456789
84598
123456789
84600
123456789
84602
123456789
84604
123456789
84606
123456789
84608
123456789
84610
123456789
84612
123456789
84614
123456789
84616
123456789
84618
123456789
84620
123456789
84622
123456789
84624
123456789
84626
123456789
84628
123456789
84630
123456789
84632
123456789
84634
123456789
84636
123456789
84638
123456789
84640
123456789
84642
123456789
84644
123456789
84646
123456789
84648
123456789
84650
123456789
84652
123456789
84654
123456789
84656
123456789
84658
123456789
84660
123456789
84662
123456789
84664
123456789
84666
123456789
84668
123456789
84670
123456789
84672
123456789
84674
123456789
84676
123456789
84678
123456789
84680
123456789
84682
123456789
84684
123456789
84686
123456789
84688
123456789
84690
123456789
84692
123456789
84694
123456789
84696
123456789
84698
123456789
84700
123456789
84702
123456789
84704
123456789
84706
123456789
84708
123456789
84710
123456789
84712
123456789
84714
123456789
84716
123456789
84718
123456789
84720
123456789
84722
123456789
84724
123456789
84726
123456789
84728
123456789
84730
123456789
84732
123456789
84734
123456789
84736
123456789
84738
123456789
84740
123456789
84742
123456789
84744
123456789
84746
123456789
84748
123456789
84750
123456789
84752
123456789
84754
123456789
84756
123456789
84758
123456789
84760
123456789
84762
123456789
84764
123456789
84766
123456789
84768
123456789
84770
123456789
84772
123456789
84774
123456789
84776
123456789
84778
123456789
84780
123456789
84782
123456789
84784
123456789
84786
123456789
84788
123456789
84790
123456789
84792
123456789
84794
123456789
84796
123456789
84798
123456789
84800
123456789
84802
123456789
84804
123456789
84806
123456789
84808
123456789
84810
123456789
84812
123456789
84814
123456789
84816
123456789
84818
123456789
84820
123456789
84822
123456789
84824
123456789
84826
123456789
84828
123456789
84830
123456789
84832
123456789
84834
123456789
84836
123456789
84838
123456789
84840
123456789
84842
123456789
84844
123456789
84846
123456789
84848
123456789
84850
123456789
84852
123456789
84854
123456789
84856
123456789
84858
123456789
84860
123456789
84862
123456789
84864
123456789
84866
123456789
84868
123456789
84870
123456789
84872
123456789
84874
123456789
84876
123456789
84878
123456789
84880
123456789
84882
123456789
84884
123456789
84886
123456789
84888
123456789
84890
123456789
84892
123456789
84894
123456789
84896
123456789
84898
123456789
84900
123456789
84902
123456789
84904
123456789
84906
123456789
84908
123456789
84910
123456789
84912
123456789
84914
123456789
84916
123456789
84918
123456789
84920
123456789
84922
123456789
84924
123456789
84926
123456789
84928
123456789
84930
123456789
84932
123456789
84934
123456789
84936
123456789
84938
123456789
84940
123456789
84942
123456789
84944
123456789
84946
123456789
84948
123456789
84950
123456789
84952
123456789
84954
123456789
84956
123456789
84958
123456789
84960
123456789
84962
123456789
84964
123456789
84966
123456789
84968
123456789
84970
123456789
84972
123456789
84974
123456789
84976
123456789
84978
123456789
84980
123456789
84982
123456789
84984
123456789
84986
123456789
84988
123456789
84990
123456789
84992
123456789
84994
123456789
84996
123456789
84998
123456789
85000
123456789
85002
123456789
85004
123456789
85006
123456789
85008
123456789
85010
123456789
85012
123456789
85014
123456789
85016
123456789
85018
123456789
85020
123456789
85022
123456789
85024
123456789
85026
123456789
85028
123456789
85030
123456789
85032
123456789
85034
123456789
85036
123456789
85038
123456789
85040
123456789
85042
123456789
85044
123456789
85046
123456789
85048
123456789
85050
123456789
85052
123456789
85054
123456789
85056
123456789
85058
123456789
85060
123456789
85062
123456789
85064
123456789
85066
123456789
85068
123456789
85070
123456789
85072
123456789
85074
123456789
85076
123456789
85078
123456789
85080
123456789
85082
123456789
85084
123456789
85086
123456789
85088
123456789
85090
123456789
85092
123456789
85094
123456789
85096
123456789
85098
123456789
85100
123456789
85102
123456789
85104
123456789
85106
123456789
85108
123456789
85110
123456789
85112
123456789
85114
123456789
85116
123456789
85118
123456789
85120
123456789
85122
123456789
85124
123456789
85126
123456789
85128
123456789
85130
123456789
85132
123456789
85134
123456789
85136
123456789
85138
123456789
85140
123456789
85142
123456789
85144
123456789
85146
123456789
85148
123456789
85150
123456789
85152
123456789
85154
123456789
85156
123456789
85158
123456789
85160
123456789
85162
123456789
85164
123456789
85166
123456789
85168
123456789
85170
123456789
85172
123456789
85174
123456789
85176
123456789
85178
123456789
85180
123456789
85182
123456789
85184
123456789
85186
123456789
85188
123456789
85190
123456789
85192
123456789
85194
123456789
85196
123456789
85198
123456789
85200
123456789
85202
123456789
85204
123456789
85206
123456789
85208
123456789
85210
123456789
85212
123456789
85214
123456789
85216
123456789
85218
123456789
85220
123456789
85222
123456789
85224
123456789
85226
123456789
85228
123456789
85230
123456789
85232
123456789
85234
123456789
85236
123456789
85238
123456789
85240
123456789
85242
123456789
85244
123456789
85246
123456789
85248
123456789
85250
123456789
85252
123456789
85254
123456789
85256
123456789
85258
123456789
85260
123456789
85262
123456789
85264
123456789
85266
123456789
85268
123456789
85270
123456789
85272
123456789
85274
123456789
85276
123456789
85278
123456789
85280
123456789
85282
123456789
85284
123456789
85286
123456789
85288
123456789
85290
123456789
85292
123456789
85294
123456789
85296
123456789
85298
123456789
85300
123456789
85302
123456789
85304
123456789
85306
123456789
85308
123456789
85310
123456789
85312
123456789
85314
123456789
85316
123456789
85318
123456789
85320
123456789
85322
123456789
85324
123456789
85326
123456789
85328
123456789
85330
123456789
85332
123456789
85334
123456789
85336
123456789
85338
123456789
85340
123456789
85342
123456789
85344
123456789
85346
123456789
85348
123456789
85350
123456789
85352
123456789
85354
123456789
85356
123456789
85358
123456789
85360
123456789
85362
123456789
85364
123456789
85366
123456789
85368
123456789
85370
123456789
85372
123456789
85374
123456789
85376
123456789
85378
123456789
85380
123456789
85382
123456789
85384
123456789
85386
123456789
85388
123456789
85390
123456789
85392
123456789
85394
123456789
85396
123456789
85398
123456789
85400
123456789
85402
123456789
85404
123456789
85406
123456789
85408
123456789
85410
123456789
85412
123456789
85414
123456789
85416
123456789
85418
123456789
85420
123456789
85422
123456789
85424
123456789
85426
123456789
85428
123456789
85430
123456789
85432
123456789
85434
123456789
85436
123456789
85438
123456789
85440
123456789
85442
123456789
85444
123456789
85446
123456789
85448
123456789
85450
123456789
85452
123456789
85454
123456789
85456
123456789
85458
123456789
85460
123456789
85462
123456789
85464
123456789
85466
123456789
85468
123456789
85470
123456789
85472
123456789
85474
123456789
85476
123456789
85478
123456789
85480
123456789
85482
123456789
85484
123456789
85486
123456789
85488
123456789
85490
123456789
85492
123456789
85494
123456789
85496
123456789
85498
123456789
85500
123456789
85502
123456789
85504
123456789
85506
123456789
85508
123456789
85510
123456789
85512
123456789
85514
123456789
85516
123456789
85518
123456789
85520
123456789
85522
123456789
85524
123456789
85526
123456789
85528
123456789
85530
123456789
85532
123456789
85534
123456789
85536
123456789
85538
123456789
85540
123456789
85542
123456789
85544
123456789
85546
123456789
85548
123456789
85550
123456789
85552
123456789
85554
123456789
85556
123456789
85558
123456789
85560
123456789
85562
123456789
85564
123456789
85566
123456789
85568
123456789
85570
123456789
85572
123456789
85574
123456789
85576
123456789
85578
123456789
85580
123456789
85582
123456789
85584
123456789
85586
123456789
85588
123456789
85590
123456789
85592
123456789
85594
123456789
85596
123456789
85598
123456789
85600
123456789
85602
123456789
85604
123456789
85606
123456789
85608
123456789
85610
123456789
85612
123456789
85614
123456789
85616
123456789
85618
123456789
85620
123456789
85622
123456789
85624
123456789
85626
123456789
85628
123456789
85630
123456789
85632
123456789
85634
123456789
85636
123456789
85638
123456789
85640
123456789
85642
123456789
85644
123456789
85646
123456789
85648
123456789
85650
123456789
85652
123456789
85654
123456789
85656
123456789
85658
123456789
85660
123456789
85662
123456789
85664
123456789
85666
123456789
85668
123456789
85670
123456789
85672
123456789
85674
123456789
85676
123456789
85678
123456789
85680
123456789
85682
123456789
85684
123456789
85686
123456789
85688
123456789
85690
123456789
85692
123456789
85694
123456789
85696
123456789
85698
123456789
85700
123456789
85702
123456789
85704
123456789
85706
123456789
85708
123456789
85710
123456789
85712
123456789
85714
123456789
85716
123456789
85718
123456789
85720
123456789
85722
123456789
85724
123456789
85726
123456789
85728
123456789
85730
123456789
85732
123456789
85734
123456789
85736
123456789
85738
123456789
85740
123456789
85742
123456789
85744
123456789
85746
123456789
85748
123456789
85750
123456789
85752
123456789
85754
123456789
85756
123456789
85758
123456789
85760
123456789
85762
123456789
85764
123456789
85766
123456789
85768
123456789
85770
123456789
85772
123456789
85774
123456789
85776
123456789
85778
123456789
85780
123456789
85782
123456789
85784
123456789
85786
123456789
85788
123456789
85790
123456789
85792
123456789
85794
123456789
85796
123456789
85798
123456789
85800
123456789
85802
123456789
85804
123456789
85806
123456789
85808
123456789
85810
123456789
85812
123456789
85814
123456789
85816
123456789
85818
123456789
85820
123456789
85822
123456789
85824
123456789
85826
123456789
85828
123456789
85830
123456789
85832
123456789
85834
123456789
85836
123456789
85838
123456789
85840
123456789
85842
123456789
85844
123456789
85846
123456789
85848
123456789
85850
123456789
85852
123456789
85854
123456789
85856
123456789
85858
123456789
85860
123456789
85862
123456789
85864
123456789
85866
123456789
85868
123456789
85870
123456789
85872
123456789
85874
123456789
85876
123456789
85878
123456789
85880
123456789
85882
123456789
85884
123456789
85886
123456789
85888
123456789
85890
123456789
85892
123456789
85894
123456789
85896
123456789
85898
123456789
85900
123456789
85902
123456789
85904
123456789
85906
123456789
85908
123456789
85910
123456789
85912
123456789
85914
123456789
85916
123456789
85918
123456789
85920
123456789
85922
123456789
85924
123456789
85926
123456789
85928
123456789
85930
123456789
85932
123456789
85934
123456789
85936
123456789
85938
123456789
85940
123456789
85942
123456789
85944
123456789
85946
123456789
85948
123456789
85950
123456789
85952
123456789
85954
123456789
85956
123456789
85958
123456789
85960
123456789
85962
123456789
85964
123456789
85966
123456789
85968
123456789
85970
123456789
85972
123456789
85974
123456789
85976
123456789
85978
123456789
85980
123456789
85982
123456789
85984
123456789
85986
123456789
85988
123456789
85990
123456789
85992
123456789
85994
123456789
85996
123456789
85998
123456789
86000
123456789
86002
123456789
86004
123456789
86006
123456789
86008
123456789
86010
123456789
86012
123456789
86014
123456789
86016
123456789
86018
123456789
86020
123456789
86022
123456789
86024
123456789
86026
123456789
86028
123456789
86030
123456789
86032
123456789
86034
123456789
86036
123456789
86038
123456789
86040
123456789
86042
123456789
86044
123456789
86046
123456789
86048
123456789
86050
123456789
86052
123456789
86054
123456789
86056
123456789
86058
123456789
86060
123456789
86062
123456789
86064
123456789
86066
123456789
86068
123456789
86070
123456789
86072
123456789
86074
123456789
86076
123456789
86078
123456789
86080
123456789
86082
123456789
86084
123456789
86086
123456789
86088
123456789
86090
123456789
86092
123456789
86094
123456789
86096
123456789
86098
123456789
86100
123456789
86102
123456789
86104
123456789
86106
123456789
86108
123456789
86110
123456789
86112
123456789
86114
123456789
86116
123456789
86118
123456789
86120
123456789
86122
123456789
86124
123456789
86126
123456789
86128
123456789
86130
123456789
86132
123456789
86134
123456789
86136
123456789
86138
123456789
86140
123456789
86142
123456789
86144
123456789
86146
123456789
86148
123456789
86150
123456789
86152
123456789
86154
123456789
86156
123456789
86158
123456789
86160
123456789
86162
123456789
86164
123456789
86166
123456789
86168
123456789
86170
123456789
86172
123456789
86174
123456789
86176
123456789
86178
123456789
86180
123456789
86182
123456789
86184
123456789
86186
123456789
86188
123456789
86190
123456789
86192
123456789
86194
123456789
86196
123456789
86198
123456789
86200
123456789
86202
123456789
86204
123456789
86206
123456789
86208
123456789
86210
123456789
86212
123456789
86214
123456789
86216
123456789
86218
123456789
86220
123456789
86222
123456789
86224
123456789
86226
123456789
86228
123456789
86230
123456789
86232
123456789
86234
123456789
86236
123456789
86238
123456789
86240
123456789
86242
123456789
86244
123456789
86246
123456789
86248
123456789
86250
123456789
86252
123456789
86254
123456789
86256
123456789
86258
123456789
86260
123456789
86262
123456789
86264
123456789
86266
123456789
86268
123456789
86270
123456789
86272
123456789
86274
123456789
86276
123456789
86278
123456789
86280
123456789
86282
123456789
86284
123456789
86286
123456789
86288
123456789
86290
123456789
86292
123456789
86294
123456789
86296
123456789
86298
123456789
86300
123456789
86302
123456789
86304
123456789
86306
123456789
86308
123456789
86310
123456789
86312
123456789
86314
123456789
86316
123456789
86318
123456789
86320
123456789
86322
123456789
86324
123456789
86326
123456789
86328
123456789
86330
123456789
86332
123456789
86334
123456789
86336
123456789
86338
123456789
86340
123456789
86342
123456789
86344
123456789
86346
123456789
86348
123456789
86350
123456789
86352
123456789
86354
123456789
86356
123456789
86358
123456789
86360
123456789
86362
123456789
86364
123456789
86366
123456789
86368
123456789
86370
123456789
86372
123456789
86374
123456789
86376
123456789
86378
123456789
86380
123456789
86382
123456789
86384
123456789
86386
123456789
86388
123456789
86390
123456789
86392
123456789
86394
123456789
86396
123456789
86398
123456789
86400
123456789
86402
123456789
86404
123456789
86406
123456789
86408
123456789
86410
123456789
86412
123456789
86414
123456789
86416
123456789
86418
123456789
86420
123456789
86422
123456789
86424
123456789
86426
123456789
86428
123456789
86430
123456789
86432
123456789
86434
123456789
86436
123456789
86438
123456789
86440
123456789
86442
123456789
86444
123456789
86446
123456789
86448
123456789
86450
123456789
86452
123456789
86454
123456789
86456
123456789
86458
123456789
86460
123456789
86462
123456789
86464
123456789
86466
123456789
86468
123456789
86470
123456789
86472
123456789
86474
123456789
86476
123456789
86478
123456789
86480
123456789
86482
123456789
86484
123456789
86486
123456789
86488
123456789
86490
123456789
86492
123456789
86494
123456789
86496
123456789
86498
123456789
86500
123456789
86502
123456789
86504
123456789
86506
123456789
86508
123456789
86510
123456789
86512
123456789
86514
123456789
86516
123456789
86518
123456789
86520
123456789
86522
123456789
86524
123456789
86526
123456789
86528
123456789
86530
123456789
86532
123456789
86534
123456789
86536
123456789
86538
123456789
86540
123456789
86542
123456789
86544
123456789
86546
123456789
86548
123456789
86550
123456789
86552
123456789
86554
123456789
86556
123456789
86558
123456789
86560
123456789
86562
123456789
86564
123456789
86566
123456789
86568
123456789
86570
123456789
86572
123456789
86574
123456789
86576
123456789
86578
123456789
86580
123456789
86582
123456789
86584
123456789
86586
123456789
86588
123456789
86590
123456789
86592
123456789
86594
123456789
86596
123456789
86598
123456789
86600
123456789
86602
123456789
86604
123456789
86606
123456789
86608
123456789
86610
123456789
86612
123456789
86614
123456789
86616
123456789
86618
123456789
86620
123456789
86622
123456789
86624
123456789
86626
123456789
86628
123456789
86630
123456789
86632
123456789
86634
123456789
86636
123456789
86638
123456789
86640
123456789
86642
123456789
86644
123456789
86646
123456789
86648
123456789
86650
123456789
86652
123456789
86654
123456789
86656
123456789
86658
123456789
86660
123456789
86662
123456789
86664
123456789
86666
123456789
86668
123456789
86670
123456789
86672
123456789
86674
123456789
86676
123456789
86678
123456789
86680
123456789
86682
123456789
86684
123456789
86686
123456789
86688
123456789
86690
123456789
86692
123456789
86694
123456789
86696
123456789
86698
123456789
86700
123456789
86702
123456789
86704
123456789
86706
123456789
86708
123456789
86710
123456789
86712
123456789
86714
123456789
86716
123456789
86718
123456789
86720
123456789
86722
123456789
86724
123456789
86726
123456789
86728
123456789
86730
123456789
86732
123456789
86734
123456789
86736
123456789
86738
123456789
86740
123456789
86742
123456789
86744
123456789
86746
123456789
86748
123456789
86750
123456789
86752
123456789
86754
123456789
86756
123456789
86758
123456789
86760
123456789
86762
123456789
86764
123456789
86766
123456789
86768
123456789
86770
123456789
86772
123456789
86774
123456789
86776
123456789
86778
123456789
86780
123456789
86782
123456789
86784
123456789
86786
123456789
86788
123456789
86790
123456789
86792
123456789
86794
123456789
86796
123456789
86798
123456789
86800
123456789
86802
123456789
86804
123456789
86806
123456789
86808
123456789
86810
123456789
86812
123456789
86814
123456789
86816
123456789
86818
123456789
86820
123456789
86822
123456789
86824
123456789
86826
123456789
86828
123456789
86830
123456789
86832
123456789
86834
123456789
86836
123456789
86838
123456789
86840
123456789
86842
123456789
86844
123456789
86846
123456789
86848
123456789
86850
123456789
86852
123456789
86854
123456789
86856
123456789
86858
123456789
86860
123456789
86862
123456789
86864
123456789
86866
123456789
86868
123456789
86870
123456789
86872
123456789
86874
123456789
86876
123456789
86878
123456789
86880
123456789
86882
123456789
86884
123456789
86886
123456789
86888
123456789
86890
123456789
86892
123456789
86894
123456789
86896
123456789
86898
123456789
86900
123456789
86902
123456789
86904
123456789
86906
123456789
86908
123456789
86910
123456789
86912
123456789
86914
123456789
86916
123456789
86918
123456789
86920
123456789
86922
123456789
86924
123456789
86926
123456789
86928
123456789
86930
123456789
86932
123456789
86934
123456789
86936
123456789
86938
123456789
86940
123456789
86942
123456789
86944
123456789
86946
123456789
86948
123456789
86950
123456789
86952
123456789
86954
123456789
86956
123456789
86958
123456789
86960
123456789
86962
123456789
86964
123456789
86966
123456789
86968
123456789
86970
123456789
86972
123456789
86974
123456789
86976
123456789
86978
123456789
86980
123456789
86982
123456789
86984
123456789
86986
123456789
86988
123456789
86990
123456789
86992
123456789
86994
123456789
86996
123456789
86998
123456789
87000
123456789
87002
123456789
87004
123456789
87006
123456789
87008
123456789
87010
123456789
87012
123456789
87014
123456789
87016
123456789
87018
123456789
87020
123456789
87022
123456789
87024
123456789
87026
123456789
87028
123456789
87030
123456789
87032
123456789
87034
123456789
87036
123456789
87038
123456789
87040
123456789
87042
123456789
87044
123456789
87046
123456789
87048
123456789
87050
123456789
87052
123456789
87054
123456789
87056
123456789
87058
123456789
87060
123456789
87062
123456789
87064
123456789
87066
123456789
87068
123456789
87070
123456789
87072
123456789
87074
123456789
87076
123456789
87078
123456789
87080
123456789
87082
123456789
87084
123456789
87086
123456789
87088
123456789
87090
123456789
87092
123456789
87094
123456789
87096
123456789
87098
123456789
87100
123456789
87102
123456789
87104
123456789
87106
123456789
87108
123456789
87110
123456789
87112
123456789
87114
123456789
87116
123456789
87118
123456789
87120
123456789
87122
123456789
87124
123456789
87126
123456789
87128
123456789
87130
123456789
87132
123456789
87134
123456789
87136
123456789
87138
123456789
87140
123456789
87142
123456789
87144
123456789
87146
123456789
87148
123456789
87150
123456789
87152
123456789
87154
123456789
87156
123456789
87158
123456789
87160
123456789
87162
123456789
87164
123456789
87166
123456789
87168
123456789
87170
123456789
87172
123456789
87174
123456789
87176
123456789
87178
123456789
87180
123456789
87182
123456789
87184
123456789
87186
123456789
87188
123456789
87190
123456789
87192
123456789
87194
123456789
87196
123456789
87198
123456789
87200
123456789
87202
123456789
87204
123456789
87206
123456789
87208
123456789
87210
123456789
87212
123456789
87214
123456789
87216
123456789
87218
123456789
87220
123456789
87222
123456789
87224
123456789
87226
123456789
87228
123456789
87230
123456789
87232
123456789
87234
123456789
87236
123456789
87238
123456789
87240
123456789
87242
123456789
87244
123456789
87246
123456789
87248
123456789
87250
123456789
87252
123456789
87254
123456789
87256
123456789
87258
123456789
87260
123456789
87262
123456789
87264
123456789
87266
123456789
87268
123456789
87270
123456789
87272
123456789
87274
123456789
87276
123456789
87278
123456789
87280
123456789
87282
123456789
87284
123456789
87286
123456789
87288
123456789
87290
123456789
87292
123456789
87294
123456789
87296
123456789
87298
123456789
87300
123456789
87302
123456789
87304
123456789
87306
123456789
87308
123456789
87310
123456789
87312
123456789
87314
123456789
87316
123456789
87318
123456789
87320
123456789
87322
123456789
87324
123456789
87326
123456789
87328
123456789
87330
123456789
87332
123456789
87334
123456789
87336
123456789
87338
123456789
87340
123456789
87342
123456789
87344
123456789
87346
123456789
87348
123456789
87350
123456789
87352
123456789
87354
123456789
87356
123456789
87358
123456789
87360
123456789
87362
123456789
87364
123456789
87366
123456789
87368
123456789
87370
123456789
87372
123456789
87374
123456789
87376
123456789
87378
123456789
87380
123456789
87382
123456789
87384
123456789
87386
123456789
87388
123456789
87390
123456789
87392
123456789
87394
123456789
87396
123456789
87398
123456789
87400
123456789
87402
123456789
87404
123456789
87406
123456789
87408
123456789
87410
123456789
87412
123456789
87414
123456789
87416
123456789
87418
123456789
87420
123456789
87422
123456789
87424
123456789
87426
123456789
87428
123456789
87430
123456789
87432
123456789
87434
123456789
87436
123456789
87438
123456789
87440
123456789
87442
123456789
87444
123456789
87446
123456789
87448
123456789
87450
123456789
87452
123456789
87454
123456789
87456
123456789
87458
123456789
87460
123456789
87462
123456789
87464
123456789
87466
123456789
87468
123456789
87470
123456789
87472
123456789
87474
123456789
87476
123456789
87478
123456789
87480
123456789
87482
123456789
87484
123456789
87486
123456789
87488
123456789
87490
123456789
87492
123456789
87494
123456789
87496
123456789
87498
123456789
87500
123456789
87502
123456789
87504
123456789
87506
123456789
87508
123456789
87510
123456789
87512
123456789
87514
123456789
87516
123456789
87518
123456789
87520
123456789
87522
123456789
87524
123456789
87526
123456789
87528
123456789
87530
123456789
87532
123456789
87534
123456789
87536
123456789
87538
123456789
87540
123456789
87542
123456789
87544
123456789
87546
123456789
87548
123456789
87550
123456789
87552
123456789
87554
123456789
87556
123456789
87558
123456789
87560
123456789
87562
123456789
87564
123456789
87566
123456789
87568
123456789
87570
123456789
87572
123456789
87574
123456789
87576
123456789
87578
123456789
87580
123456789
87582
123456789
87584
123456789
87586
123456789
87588
123456789
87590
123456789
87592
123456789
87594
123456789
87596
123456789
87598
123456789
87600
123456789
87602
123456789
87604
123456789
87606
123456789
87608
123456789
87610
123456789
87612
123456789
87614
123456789
87616
123456789
87618
123456789
87620
123456789
87622
123456789
87624
123456789
87626
123456789
87628
123456789
87630
123456789
87632
123456789
87634
123456789
87636
123456789
87638
123456789
87640
123456789
87642
123456789
87644
123456789
87646
123456789
87648
123456789
87650
123456789
87652
123456789
87654
123456789
87656
123456789
87658
123456789
87660
123456789
87662
123456789
87664
123456789
87666
123456789
87668
123456789
87670
123456789
87672
123456789
87674
123456789
87676
123456789
87678
123456789
87680
123456789
87682
123456789
87684
123456789
87686
123456789
87688
123456789
87690
123456789
87692
123456789
87694
123456789
87696
123456789
87698
123456789
87700
123456789
87702
123456789
87704
123456789
87706
123456789
87708
123456789
87710
123456789
87712
123456789
87714
123456789
87716
123456789
87718
123456789
87720
123456789
87722
123456789
87724
123456789
87726
123456789
87728
123456789
87730
123456789
87732
123456789
87734
123456789
87736
123456789
87738
123456789
87740
123456789
87742
123456789
87744
123456789
87746
123456789
87748
123456789
87750
123456789
87752
123456789
87754
123456789
87756
123456789
87758
123456789
87760
123456789
87762
123456789
87764
123456789
87766
123456789
87768
123456789
87770
123456789
87772
123456789
87774
123456789
87776
123456789
87778
123456789
87780
123456789
87782
123456789
87784
123456789
87786
123456789
87788
123456789
87790
123456789
87792
123456789
87794
123456789
87796
123456789
87798
123456789
87800
123456789
87802
123456789
87804
123456789
87806
123456789
87808
123456789
87810
123456789
87812
123456789
87814
123456789
87816
123456789
87818
123456789
87820
123456789
87822
123456789
87824
123456789
87826
123456789
87828
123456789
87830
123456789
87832
123456789
87834
123456789
87836
123456789
87838
123456789
87840
123456789
87842
123456789
87844
123456789
87846
123456789
87848
123456789
87850
123456789
87852
123456789
87854
123456789
87856
123456789
87858
123456789
87860
123456789
87862
123456789
87864
123456789
87866
123456789
87868
123456789
87870
123456789
87872
123456789
87874
123456789
87876
123456789
87878
123456789
87880
123456789
87882
123456789
87884
123456789
87886
123456789
87888
123456789
87890
123456789
87892
123456789
87894
123456789
87896
123456789
87898
123456789
87900
123456789
87902
123456789
87904
123456789
87906
123456789
87908
123456789
87910
123456789
87912
123456789
87914
123456789
87916
123456789
87918
123456789
87920
123456789
87922
123456789
87924
123456789
87926
123456789
87928
123456789
87930
123456789
87932
123456789
87934
123456789
87936
123456789
87938
123456789
87940
123456789
87942
123456789
87944
123456789
87946
123456789
87948
123456789
87950
123456789
87952
123456789
87954
123456789
87956
123456789
87958
123456789
87960
123456789
87962
123456789
87964
123456789
87966
123456789
87968
123456789
87970
123456789
87972
123456789
87974
123456789
87976
123456789
87978
123456789
87980
123456789
87982
123456789
87984
123456789
87986
123456789
87988
123456789
87990
123456789
87992
123456789
87994
123456789
87996
123456789
87998
123456789
88000
123456789
88002
123456789
88004
123456789
88006
123456789
88008
123456789
88010
123456789
88012
123456789
88014
123456789
88016
123456789
88018
123456789
88020
123456789
88022
123456789
88024
123456789
88026
123456789
88028
123456789
88030
123456789
88032
123456789
88034
123456789
88036
123456789
88038
123456789
88040
123456789
88042
123456789
88044
123456789
88046
123456789
88048
123456789
88050
123456789
88052
123456789
88054
123456789
88056
123456789
88058
123456789
88060
123456789
88062
123456789
88064
123456789
88066
123456789
88068
123456789
88070
123456789
88072
123456789
88074
123456789
88076
123456789
88078
123456789
88080
123456789
88082
123456789
88084
123456789
88086
123456789
88088
123456789
88090
123456789
88092
123456789
88094
123456789
88096
123456789
88098
123456789
88100
123456789
88102
123456789
88104
123456789
88106
123456789
88108
123456789
88110
123456789
88112
123456789
88114
123456789
88116
123456789
88118
123456789
88120
123456789
88122
123456789
88124
123456789
88126
123456789
88128
123456789
88130
123456789
88132
123456789
88134
123456789
88136
123456789
88138
123456789
88140
123456789
88142
123456789
88144
123456789
88146
123456789
88148
123456789
88150
123456789
88152
123456789
88154
123456789
88156
123456789
88158
123456789
88160
123456789
88162
123456789
88164
123456789
88166
123456789
88168
123456789
88170
123456789
88172
123456789
88174
123456789
88176
123456789
88178
123456789
88180
123456789
88182
123456789
88184
123456789
88186
123456789
88188
123456789
88190
123456789
88192
123456789
88194
123456789
88196
123456789
88198
123456789
88200
123456789
88202
123456789
88204
123456789
88206
123456789
88208
123456789
88210
123456789
88212
123456789
88214
123456789
88216
123456789
88218
123456789
88220
123456789
88222
123456789
88224
123456789
88226
123456789
88228
123456789
88230
123456789
88232
123456789
88234
123456789
88236
123456789
88238
123456789
88240
123456789
88242
123456789
88244
123456789
88246
123456789
88248
123456789
88250
123456789
88252
123456789
88254
123456789
88256
123456789
88258
123456789
88260
123456789
88262
123456789
88264
123456789
88266
123456789
88268
123456789
88270
123456789
88272
123456789
88274
123456789
88276
123456789
88278
123456789
88280
123456789
88282
123456789
88284
123456789
88286
123456789
88288
123456789
88290
123456789
88292
123456789
88294
123456789
88296
123456789
88298
123456789
88300
123456789
88302
123456789
88304
123456789
88306
123456789
88308
123456789
88310
123456789
88312
123456789
88314
123456789
88316
123456789
88318
123456789
88320
123456789
88322
123456789
88324
123456789
88326
123456789
88328
123456789
88330
123456789
88332
123456789
88334
123456789
88336
123456789
88338
123456789
88340
123456789
88342
123456789
88344
123456789
88346
123456789
88348
123456789
88350
123456789
88352
123456789
88354
123456789
88356
123456789
88358
123456789
88360
123456789
88362
123456789
88364
123456789
88366
123456789
88368
123456789
88370
123456789
88372
123456789
88374
123456789
88376
123456789
88378
123456789
88380
123456789
88382
123456789
88384
123456789
88386
123456789
88388
123456789
88390
123456789
88392
123456789
88394
123456789
88396
123456789
88398
123456789
88400
123456789
88402
123456789
88404
123456789
88406
123456789
88408
123456789
88410
123456789
88412
123456789
88414
123456789
88416
123456789
88418
123456789
88420
123456789
88422
123456789
88424
123456789
88426
123456789
88428
123456789
88430
123456789
88432
123456789
88434
123456789
88436
123456789
88438
123456789
88440
123456789
88442
123456789
88444
123456789
88446
123456789
88448
123456789
88450
123456789
88452
123456789
88454
123456789
88456
123456789
88458
123456789
88460
123456789
88462
123456789
88464
123456789
88466
123456789
88468
123456789
88470
123456789
88472
123456789
88474
123456789
88476
123456789
88478
123456789
88480
123456789
88482
123456789
88484
123456789
88486
123456789
88488
123456789
88490
123456789
88492
123456789
88494
123456789
88496
123456789
88498
123456789
88500
123456789
88502
123456789
88504
123456789
88506
123456789
88508
123456789
88510
123456789
88512
123456789
88514
123456789
88516
123456789
88518
123456789
88520
123456789
88522
123456789
88524
123456789
88526
123456789
88528
123456789
88530
123456789
88532
123456789
88534
123456789
88536
123456789
88538
123456789
88540
123456789
88542
123456789
88544
123456789
88546
123456789
88548
123456789
88550
123456789
88552
123456789
88554
123456789
88556
123456789
88558
123456789
88560
123456789
88562
123456789
88564
123456789
88566
123456789
88568
123456789
88570
123456789
88572
123456789
88574
123456789
88576
123456789
88578
123456789
88580
123456789
88582
123456789
88584
123456789
88586
123456789
88588
123456789
88590
123456789
88592
123456789
88594
123456789
88596
123456789
88598
123456789
88600
123456789
88602
123456789
88604
123456789
88606
123456789
88608
123456789
88610
123456789
88612
123456789
88614
123456789
88616
123456789
88618
123456789
88620
123456789
88622
123456789
88624
123456789
88626
123456789
88628
123456789
88630
123456789
88632
123456789
88634
123456789
88636
123456789
88638
123456789
88640
123456789
88642
123456789
88644
123456789
88646
123456789
88648
123456789
88650
123456789
88652
123456789
88654
123456789
88656
123456789
88658
123456789
88660
123456789
88662
123456789
88664
123456789
88666
123456789
88668
123456789
88670
123456789
88672
123456789
88674
123456789
88676
123456789
88678
123456789
88680
123456789
88682
123456789
88684
123456789
88686
123456789
88688
123456789
88690
123456789
88692
123456789
88694
123456789
88696
123456789
88698
123456789
88700
123456789
88702
123456789
88704
123456789
88706
123456789
88708
123456789
88710
123456789
88712
123456789
88714
123456789
88716
123456789
88718
123456789
88720
123456789
88722
123456789
88724
123456789
88726
123456789
88728
123456789
88730
123456789
88732
123456789
88734
123456789
88736
123456789
88738
123456789
88740
123456789
88742
123456789
88744
123456789
88746
123456789
88748
123456789
88750
123456789
88752
123456789
88754
123456789
88756
123456789
88758
123456789
88760
123456789
88762
123456789
88764
123456789
88766
123456789
88768
123456789
88770
123456789
88772
123456789
88774
123456789
88776
123456789
88778
123456789
88780
123456789
88782
123456789
88784
123456789
88786
123456789
88788
123456789
88790
123456789
88792
123456789
88794
123456789
88796
123456789
88798
123456789
88800
123456789
88802
123456789
88804
123456789
88806
123456789
88808
123456789
88810
123456789
88812
123456789
88814
123456789
88816
123456789
88818
123456789
88820
123456789
88822
123456789
88824
123456789
88826
123456789
88828
123456789
88830
123456789
88832
123456789
88834
123456789
88836
123456789
88838
123456789
88840
123456789
88842
123456789
88844
123456789
88846
123456789
88848
123456789
88850
123456789
88852
123456789
88854
123456789
88856
123456789
88858
123456789
88860
123456789
88862
123456789
88864
123456789
88866
123456789
88868
123456789
88870
123456789
88872
123456789
88874
123456789
88876
123456789
88878
123456789
88880
123456789
88882
123456789
88884
123456789
88886
123456789
88888
123456789
88890
123456789
88892
123456789
88894
123456789
88896
123456789
88898
123456789
88900
123456789
88902
123456789
88904
123456789
88906
123456789
88908
123456789
88910
123456789
88912
123456789
88914
123456789
88916
123456789
88918
123456789
88920
123456789
88922
123456789
88924
123456789
88926
123456789
88928
123456789
88930
123456789
88932
123456789
88934
123456789
88936
123456789
88938
123456789
88940
123456789
88942
123456789
88944
123456789
88946
123456789
88948
123456789
88950
123456789
88952
123456789
88954
123456789
88956
123456789
88958
123456789
88960
123456789
88962
123456789
88964
123456789
88966
123456789
88968
123456789
88970
123456789
88972
123456789
88974
123456789
88976
123456789
88978
123456789
88980
123456789
88982
123456789
88984
123456789
88986
123456789
88988
123456789
88990
123456789
88992
123456789
88994
123456789
88996
123456789
88998
123456789
89000
123456789
89002
123456789
89004
123456789
89006
123456789
89008
123456789
89010
123456789
89012
123456789
89014
123456789
89016
123456789
89018
123456789
89020
123456789
89022
123456789
89024
123456789
89026
123456789
89028
123456789
89030
123456789
89032
123456789
89034
123456789
89036
123456789
89038
123456789
89040
123456789
89042
123456789
89044
123456789
89046
123456789
89048
123456789
89050
123456789
89052
123456789
89054
123456789
89056
123456789
89058
123456789
89060
123456789
89062
123456789
89064
123456789
89066
123456789
89068
123456789
89070
123456789
89072
123456789
89074
123456789
89076
123456789
89078
123456789
89080
123456789
89082
123456789
89084
123456789
89086
123456789
89088
123456789
89090
123456789
89092
123456789
89094
123456789
89096
123456789
89098
123456789
89100
123456789
89102
123456789
89104
123456789
89106
123456789
89108
123456789
89110
123456789
89112
123456789
89114
123456789
89116
123456789
89118
123456789
89120
123456789
89122
123456789
89124
123456789
89126
123456789
89128
123456789
89130
123456789
89132
123456789
89134
123456789
89136
123456789
89138
123456789
89140
123456789
89142
123456789
89144
123456789
89146
123456789
89148
123456789
89150
123456789
89152
123456789
89154
123456789
89156
123456789
89158
123456789
89160
123456789
89162
123456789
89164
123456789
89166
123456789
89168
123456789
89170
123456789
89172
123456789
89174
123456789
89176
123456789
89178
123456789
89180
123456789
89182
123456789
89184
123456789
89186
123456789
89188
123456789
89190
123456789
89192
123456789
89194
123456789
89196
123456789
89198
123456789
89200
123456789
89202
123456789
89204
123456789
89206
123456789
89208
123456789
89210
123456789
89212
123456789
89214
123456789
89216
123456789
89218
123456789
89220
123456789
89222
123456789
89224
123456789
89226
123456789
89228
123456789
89230
123456789
89232
123456789
89234
123456789
89236
123456789
89238
123456789
89240
123456789
89242
123456789
89244
123456789
89246
123456789
89248
123456789
89250
123456789
89252
123456789
89254
123456789
89256
123456789
89258
123456789
89260
123456789
89262
123456789
89264
123456789
89266
123456789
89268
123456789
89270
123456789
89272
123456789
89274
123456789
89276
123456789
89278
123456789
89280
123456789
89282
123456789
89284
123456789
89286
123456789
89288
123456789
89290
123456789
89292
123456789
89294
123456789
89296
123456789
89298
123456789
89300
123456789
89302
123456789
89304
123456789
89306
123456789
89308
123456789
89310
123456789
89312
123456789
89314
123456789
89316
123456789
89318
123456789
89320
123456789
89322
123456789
89324
123456789
89326
123456789
89328
123456789
89330
123456789
89332
123456789
89334
123456789
89336
123456789
89338
123456789
89340
123456789
89342
123456789
89344
123456789
89346
123456789
89348
123456789
89350
123456789
89352
123456789
89354
123456789
89356
123456789
89358
123456789
89360
123456789
89362
123456789
89364
123456789
89366
123456789
89368
123456789
89370
123456789
89372
123456789
89374
123456789
89376
123456789
89378
123456789
89380
123456789
89382
123456789
89384
123456789
89386
123456789
89388
123456789
89390
123456789
89392
123456789
89394
123456789
89396
123456789
89398
123456789
89400
123456789
89402
123456789
89404
123456789
89406
123456789
89408
123456789
89410
123456789
89412
123456789
89414
123456789
89416
123456789
89418
123456789
89420
123456789
89422
123456789
89424
123456789
89426
123456789
89428
123456789
89430
123456789
89432
123456789
89434
123456789
89436
123456789
89438
123456789
89440
123456789
89442
123456789
89444
123456789
89446
123456789
89448
123456789
89450
123456789
89452
123456789
89454
123456789
89456
123456789
89458
123456789
89460
123456789
89462
123456789
89464
123456789
89466
123456789
89468
123456789
89470
123456789
89472
123456789
89474
123456789
89476
123456789
89478
123456789
89480
123456789
89482
123456789
89484
123456789
89486
123456789
89488
123456789
89490
123456789
89492
123456789
89494
123456789
89496
123456789
89498
123456789
89500
123456789
89502
123456789
89504
123456789
89506
123456789
89508
123456789
89510
123456789
89512
123456789
89514
123456789
89516
123456789
89518
123456789
89520
123456789
89522
123456789
89524
123456789
89526
123456789
89528
123456789
89530
123456789
89532
123456789
89534
123456789
89536
123456789
89538
123456789
89540
123456789
89542
123456789
89544
123456789
89546
123456789
89548
123456789
89550
123456789
89552
123456789
89554
123456789
89556
123456789
89558
123456789
89560
123456789
89562
123456789
89564
123456789
89566
123456789
89568
123456789
89570
123456789
89572
123456789
89574
123456789
89576
123456789
89578
123456789
89580
123456789
89582
123456789
89584
123456789
89586
123456789
89588
123456789
89590
123456789
89592
123456789
89594
123456789
89596
123456789
89598
123456789
89600
123456789
89602
123456789
89604
123456789
89606
123456789
89608
123456789
89610
123456789
89612
123456789
89614
123456789
89616
123456789
89618
123456789
89620
123456789
89622
123456789
89624
123456789
89626
123456789
89628
123456789
89630
123456789
89632
123456789
89634
123456789
89636
123456789
89638
123456789
89640
123456789
89642
123456789
89644
123456789
89646
123456789
89648
123456789
89650
123456789
89652
123456789
89654
123456789
89656
123456789
89658
123456789
89660
123456789
89662
123456789
89664
123456789
89666
123456789
89668
123456789
89670
123456789
89672
123456789
89674
123456789
89676
123456789
89678
123456789
89680
123456789
89682
123456789
89684
123456789
89686
123456789
89688
123456789
89690
123456789
89692
123456789
89694
123456789
89696
123456789
89698
123456789
89700
123456789
89702
123456789
89704
123456789
89706
123456789
89708
123456789
89710
123456789
89712
123456789
89714
123456789
89716
123456789
89718
123456789
89720
123456789
89722
123456789
89724
123456789
89726
123456789
89728
123456789
89730
123456789
89732
123456789
89734
123456789
89736
123456789
89738
123456789
89740
123456789
89742
123456789
89744
123456789
89746
123456789
89748
123456789
89750
123456789
89752
123456789
89754
123456789
89756
123456789
89758
123456789
89760
123456789
89762
123456789
89764
123456789
89766
123456789
89768
123456789
89770
123456789
89772
123456789
89774
123456789
89776
123456789
89778
123456789
89780
123456789
89782
123456789
89784
123456789
89786
123456789
89788
123456789
89790
123456789
89792
123456789
89794
123456789
89796
123456789
89798
123456789
89800
123456789
89802
123456789
89804
123456789
89806
123456789
89808
123456789
89810
123456789
89812
123456789
89814
123456789
89816
123456789
89818
123456789
89820
123456789
89822
123456789
89824
123456789
89826
123456789
89828
123456789
89830
123456789
89832
123456789
89834
123456789
89836
123456789
89838
123456789
89840
123456789
89842
123456789
89844
123456789
89846
123456789
89848
123456789
89850
123456789
89852
123456789
89854
123456789
89856
123456789
89858
123456789
89860
123456789
89862
123456789
89864
123456789
89866
123456789
89868
123456789
89870
123456789
89872
123456789
89874
123456789
89876
123456789
89878
123456789
89880
123456789
89882
123456789
89884
123456789
89886
123456789
89888
123456789
89890
123456789
89892
123456789
89894
123456789
89896
123456789
89898
123456789
89900
123456789
89902
123456789
89904
123456789
89906
123456789
89908
123456789
89910
123456789
89912
123456789
89914
123456789
89916
123456789
89918
123456789
89920
123456789
89922
123456789
89924
123456789
89926
123456789
89928
123456789
89930
123456789
89932
123456789
89934
123456789
89936
123456789
89938
123456789
89940
123456789
89942
123456789
89944
123456789
89946
123456789
89948
123456789
89950
123456789
89952
123456789
89954
123456789
89956
123456789
89958
123456789
89960
123456789
89962
123456789
89964
123456789
89966
123456789
89968
123456789
89970
123456789
89972
123456789
89974
123456789
89976
123456789
89978
123456789
89980
123456789
89982
123456789
89984
123456789
89986
123456789
89988
123456789
89990
123456789
89992
123456789
89994
123456789
89996
123456789
89998
123456789
90000
123456789
90002
123456789
90004
123456789
90006
123456789
90008
123456789
90010
123456789
90012
123456789
90014
123456789
90016
123456789
90018
123456789
90020
123456789
90022
123456789
90024
123456789
90026
123456789
90028
123456789
90030
123456789
90032
123456789
90034
123456789
90036
123456789
90038
123456789
90040
123456789
90042
123456789
90044
123456789
90046
123456789
90048
123456789
90050
123456789
90052
123456789
90054
123456789
90056
123456789
90058
123456789
90060
123456789
90062
123456789
90064
123456789
90066
123456789
90068
123456789
90070
123456789
90072
123456789
90074
123456789
90076
123456789
90078
123456789
90080
123456789
90082
123456789
90084
123456789
90086
123456789
90088
123456789
90090
123456789
90092
123456789
90094
123456789
90096
123456789
90098
123456789
90100
123456789
90102
123456789
90104
123456789
90106
123456789
90108
123456789
90110
123456789
90112
123456789
90114
123456789
90116
123456789
90118
123456789
90120
123456789
90122
123456789
90124
123456789
90126
123456789
90128
123456789
90130
123456789
90132
123456789
90134
123456789
90136
123456789
90138
123456789
90140
123456789
90142
123456789
90144
123456789
90146
123456789
90148
123456789
90150
123456789
90152
123456789
90154
123456789
90156
123456789
90158
123456789
90160
123456789
90162
123456789
90164
123456789
90166
123456789
90168
123456789
90170
123456789
90172
123456789
90174
123456789
90176
123456789
90178
123456789
90180
123456789
90182
123456789
90184
123456789
90186
123456789
90188
123456789
90190
123456789
90192
123456789
90194
123456789
90196
123456789
90198
123456789
90200
123456789
90202
123456789
90204
123456789
90206
123456789
90208
123456789
90210
123456789
90212
123456789
90214
123456789
90216
123456789
90218
123456789
90220
123456789
90222
123456789
90224
123456789
90226
123456789
90228
123456789
90230
123456789
90232
123456789
90234
123456789
90236
123456789
90238
123456789
90240
123456789
90242
123456789
90244
123456789
90246
123456789
90248
123456789
90250
123456789
90252
123456789
90254
123456789
90256
123456789
90258
123456789
90260
123456789
90262
123456789
90264
123456789
90266
123456789
90268
123456789
90270
123456789
90272
123456789
90274
123456789
90276
123456789
90278
123456789
90280
123456789
90282
123456789
90284
123456789
90286
123456789
90288
123456789
90290
123456789
90292
123456789
90294
123456789
90296
123456789
90298
123456789
90300
123456789
90302
123456789
90304
123456789
90306
123456789
90308
123456789
90310
123456789
90312
123456789
90314
123456789
90316
123456789
90318
123456789
90320
123456789
90322
123456789
90324
123456789
90326
123456789
90328
123456789
90330
123456789
90332
123456789
90334
123456789
90336
123456789
90338
123456789
90340
123456789
90342
123456789
90344
123456789
90346
123456789
90348
123456789
90350
123456789
90352
123456789
90354
123456789
90356
123456789
90358
123456789
90360
123456789
90362
123456789
90364
123456789
90366
123456789
90368
123456789
90370
123456789
90372
123456789
90374
123456789
90376
123456789
90378
123456789
90380
123456789
90382
123456789
90384
123456789
90386
123456789
90388
123456789
90390
123456789
90392
123456789
90394
123456789
90396
123456789
90398
123456789
90400
123456789
90402
123456789
90404
123456789
90406
123456789
90408
123456789
90410
123456789
90412
123456789
90414
123456789
90416
123456789
90418
123456789
90420
123456789
90422
123456789
90424
123456789
90426
123456789
90428
123456789
90430
123456789
90432
123456789
90434
123456789
90436
123456789
90438
123456789
90440
123456789
90442
123456789
90444
123456789
90446
123456789
90448
123456789
90450
123456789
90452
123456789
90454
123456789
90456
123456789
90458
123456789
90460
123456789
90462
123456789
90464
123456789
90466
123456789
90468
123456789
90470
123456789
90472
123456789
90474
123456789
90476
123456789
90478
123456789
90480
123456789
90482
123456789
90484
123456789
90486
123456789
90488
123456789
90490
123456789
90492
123456789
90494
123456789
90496
123456789
90498
123456789
90500
123456789
90502
123456789
90504
123456789
90506
123456789
90508
123456789
90510
123456789
90512
123456789
90514
123456789
90516
123456789
90518
123456789
90520
123456789
90522
123456789
90524
123456789
90526
123456789
90528
123456789
90530
123456789
90532
123456789
90534
123456789
90536
123456789
90538
123456789
90540
123456789
90542
123456789
90544
123456789
90546
123456789
90548
123456789
90550
123456789
90552
123456789
90554
123456789
90556
123456789
90558
123456789
90560
123456789
90562
123456789
90564
123456789
90566
123456789
90568
123456789
90570
123456789
90572
123456789
90574
123456789
90576
123456789
90578
123456789
90580
123456789
90582
123456789
90584
123456789
90586
123456789
90588
123456789
90590
123456789
90592
123456789
90594
123456789
90596
123456789
90598
123456789
90600
123456789
90602
123456789
90604
123456789
90606
123456789
90608
123456789
90610
123456789
90612
123456789
90614
123456789
90616
123456789
90618
123456789
90620
123456789
90622
123456789
90624
123456789
90626
123456789
90628
123456789
90630
123456789
90632
123456789
90634
123456789
90636
123456789
90638
123456789
90640
123456789
90642
123456789
90644
123456789
90646
123456789
90648
123456789
90650
123456789
90652
123456789
90654
123456789
90656
123456789
90658
123456789
90660
123456789
90662
123456789
90664
123456789
90666
123456789
90668
123456789
90670
123456789
90672
123456789
90674
123456789
90676
123456789
90678
123456789
90680
123456789
90682
123456789
90684
123456789
90686
123456789
90688
123456789
90690
123456789
90692
123456789
90694
123456789
90696
123456789
90698
123456789
90700
123456789
90702
123456789
90704
123456789
90706
123456789
90708
123456789
90710
123456789
90712
123456789
90714
123456789
90716
123456789
90718
123456789
90720
123456789
90722
123456789
90724
123456789
90726
123456789
90728
123456789
90730
123456789
90732
123456789
90734
123456789
90736
123456789
90738
123456789
90740
123456789
90742
123456789
90744
123456789
90746
123456789
90748
123456789
90750
123456789
90752
123456789
90754
123456789
90756
123456789
90758
123456789
90760
123456789
90762
123456789
90764
123456789
90766
123456789
90768
123456789
90770
123456789
90772
123456789
90774
123456789
90776
123456789
90778
123456789
90780
123456789
90782
123456789
90784
123456789
90786
123456789
90788
123456789
90790
123456789
90792
123456789
90794
123456789
90796
123456789
90798
123456789
90800
123456789
90802
123456789
90804
123456789
90806
123456789
90808
123456789
90810
123456789
90812
123456789
90814
123456789
90816
123456789
90818
123456789
90820
123456789
90822
123456789
90824
123456789
90826
123456789
90828
123456789
90830
123456789
90832
123456789
90834
123456789
90836
123456789
90838
123456789
90840
123456789
90842
123456789
90844
123456789
90846
123456789
90848
123456789
90850
123456789
90852
123456789
90854
123456789
90856
123456789
90858
123456789
90860
123456789
90862
123456789
90864
123456789
90866
123456789
90868
123456789
90870
123456789
90872
123456789
90874
123456789
90876
123456789
90878
123456789
90880
123456789
90882
123456789
90884
123456789
90886
123456789
90888
123456789
90890
123456789
90892
123456789
90894
123456789
90896
123456789
90898
123456789
90900
123456789
90902
123456789
90904
123456789
90906
123456789
90908
123456789
90910
123456789
90912
123456789
90914
123456789
90916
123456789
90918
123456789
90920
123456789
90922
123456789
90924
123456789
90926
123456789
90928
123456789
90930
123456789
90932
123456789
90934
123456789
90936
123456789
90938
123456789
90940
123456789
90942
123456789
90944
123456789
90946
123456789
90948
123456789
90950
123456789
90952
123456789
90954
123456789
90956
123456789
90958
123456789
90960
123456789
90962
123456789
90964
123456789
90966
123456789
90968
123456789
90970
123456789
90972
123456789
90974
123456789
90976
123456789
90978
123456789
90980
123456789
90982
123456789
90984
123456789
90986
123456789
90988
123456789
90990
123456789
90992
123456789
90994
123456789
90996
123456789
90998
123456789
91000
123456789
91002
123456789
91004
123456789
91006
123456789
91008
123456789
91010
123456789
91012
123456789
91014
123456789
91016
123456789
91018
123456789
91020
123456789
91022
123456789
91024
123456789
91026
123456789
91028
123456789
91030
123456789
91032
123456789
91034
123456789
91036
123456789
91038
123456789
91040
123456789
91042
123456789
91044
123456789
91046
123456789
91048
123456789
91050
123456789
91052
123456789
91054
123456789
91056
123456789
91058
123456789
91060
123456789
91062
123456789
91064
123456789
91066
123456789
91068
123456789
91070
123456789
91072
123456789
91074
123456789
91076
123456789
91078
123456789
91080
123456789
91082
123456789
91084
123456789
91086
123456789
91088
123456789
91090
123456789
91092
123456789
91094
123456789
91096
123456789
91098
123456789
91100
123456789
91102
123456789
91104
123456789
91106
123456789
91108
123456789
91110
123456789
91112
123456789
91114
123456789
91116
123456789
91118
123456789
91120
123456789
91122
123456789
91124
123456789
91126
123456789
91128
123456789
91130
123456789
91132
123456789
91134
123456789
91136
123456789
91138
123456789
91140
123456789
91142
123456789
91144
123456789
91146
123456789
91148
123456789
91150
123456789
91152
123456789
91154
123456789
91156
123456789
91158
123456789
91160
123456789
91162
123456789
91164
123456789
91166
123456789
91168
123456789
91170
123456789
91172
123456789
91174
123456789
91176
123456789
91178
123456789
91180
123456789
91182
123456789
91184
123456789
91186
123456789
91188
123456789
91190
123456789
91192
123456789
91194
123456789
91196
123456789
91198
123456789
91200
123456789
91202
123456789
91204
123456789
91206
123456789
91208
123456789
91210
123456789
91212
123456789
91214
123456789
91216
123456789
91218
123456789
91220
123456789
91222
123456789
91224
123456789
91226
123456789
91228
123456789
91230
123456789
91232
123456789
91234
123456789
91236
123456789
91238
123456789
91240
123456789
91242
123456789
91244
123456789
91246
123456789
91248
123456789
91250
123456789
91252
123456789
91254
123456789
91256
123456789
91258
123456789
91260
123456789
91262
123456789
91264
123456789
91266
123456789
91268
123456789
91270
123456789
91272
123456789
91274
123456789
91276
123456789
91278
123456789
91280
123456789
91282
123456789
91284
123456789
91286
123456789
91288
123456789
91290
123456789
91292
123456789
91294
123456789
91296
123456789
91298
123456789
91300
123456789
91302
123456789
91304
123456789
91306
123456789
91308
123456789
91310
123456789
91312
123456789
91314
123456789
91316
123456789
91318
123456789
91320
123456789
91322
123456789
91324
123456789
91326
123456789
91328
123456789
91330
123456789
91332
123456789
91334
123456789
91336
123456789
91338
123456789
91340
123456789
91342
123456789
91344
123456789
91346
123456789
91348
123456789
91350
123456789
91352
123456789
91354
123456789
91356
123456789
91358
123456789
91360
123456789
91362
123456789
91364
123456789
91366
123456789
91368
123456789
91370
123456789
91372
123456789
91374
123456789
91376
123456789
91378
123456789
91380
123456789
91382
123456789
91384
123456789
91386
123456789
91388
123456789
91390
123456789
91392
123456789
91394
123456789
91396
123456789
91398
123456789
91400
123456789
91402
123456789
91404
123456789
91406
123456789
91408
123456789
91410
123456789
91412
123456789
91414
123456789
91416
123456789
91418
123456789
91420
123456789
91422
123456789
91424
123456789
91426
123456789
91428
123456789
91430
123456789
91432
123456789
91434
123456789
91436
123456789
91438
123456789
91440
123456789
91442
123456789
91444
123456789
91446
123456789
91448
123456789
91450
123456789
91452
123456789
91454
123456789
91456
123456789
91458
123456789
91460
123456789
91462
123456789
91464
123456789
91466
123456789
91468
123456789
91470
123456789
91472
123456789
91474
123456789
91476
123456789
91478
123456789
91480
123456789
91482
123456789
91484
123456789
91486
123456789
91488
123456789
91490
123456789
91492
123456789
91494
123456789
91496
123456789
91498
123456789
91500
123456789
91502
123456789
91504
123456789
91506
123456789
91508
123456789
91510
123456789
91512
123456789
91514
123456789
91516
123456789
91518
123456789
91520
123456789
91522
123456789
91524
123456789
91526
123456789
91528
123456789
91530
123456789
91532
123456789
91534
123456789
91536
123456789
91538
123456789
91540
123456789
91542
123456789
91544
123456789
91546
123456789
91548
123456789
91550
123456789
91552
123456789
91554
123456789
91556
123456789
91558
123456789
91560
123456789
91562
123456789
91564
123456789
91566
123456789
91568
123456789
91570
123456789
91572
123456789
91574
123456789
91576
123456789
91578
123456789
91580
123456789
91582
123456789
91584
123456789
91586
123456789
91588
123456789
91590
123456789
91592
123456789
91594
123456789
91596
123456789
91598
123456789
91600
123456789
91602
123456789
91604
123456789
91606
123456789
91608
123456789
91610
123456789
91612
123456789
91614
123456789
91616
123456789
91618
123456789
91620
123456789
91622
123456789
91624
123456789
91626
123456789
91628
123456789
91630
123456789
91632
123456789
91634
123456789
91636
123456789
91638
123456789
91640
123456789
91642
123456789
91644
123456789
91646
123456789
91648
123456789
91650
123456789
91652
123456789
91654
123456789
91656
123456789
91658
123456789
91660
123456789
91662
123456789
91664
123456789
91666
123456789
91668
123456789
91670
123456789
91672
123456789
91674
123456789
91676
123456789
91678
123456789
91680
123456789
91682
123456789
91684
123456789
91686
123456789
91688
123456789
91690
123456789
91692
123456789
91694
123456789
91696
123456789
91698
123456789
91700
123456789
91702
123456789
91704
123456789
91706
123456789
91708
123456789
91710
123456789
91712
123456789
91714
123456789
91716
123456789
91718
123456789
91720
123456789
91722
123456789
91724
123456789
91726
123456789
91728
123456789
91730
123456789
91732
123456789
91734
123456789
91736
123456789
91738
123456789
91740
123456789
91742
123456789
91744
123456789
91746
123456789
91748
123456789
91750
123456789
91752
123456789
91754
123456789
91756
123456789
91758
123456789
91760
123456789
91762
123456789
91764
123456789
91766
123456789
91768
123456789
91770
123456789
91772
123456789
91774
123456789
91776
123456789
91778
123456789
91780
123456789
91782
123456789
91784
123456789
91786
123456789
91788
123456789
91790
123456789
91792
123456789
91794
123456789
91796
123456789
91798
123456789
91800
123456789
91802
123456789
91804
123456789
91806
123456789
91808
123456789
91810
123456789
91812
123456789
91814
123456789
91816
123456789
91818
123456789
91820
123456789
91822
123456789
91824
123456789
91826
123456789
91828
123456789
91830
123456789
91832
123456789
91834
123456789
91836
123456789
91838
123456789
91840
123456789
91842
123456789
91844
123456789
91846
123456789
91848
123456789
91850
123456789
91852
123456789
91854
123456789
91856
123456789
91858
123456789
91860
123456789
91862
123456789
91864
123456789
91866
123456789
91868
123456789
91870
123456789
91872
123456789
91874
123456789
91876
123456789
91878
123456789
91880
123456789
91882
123456789
91884
123456789
91886
123456789
91888
123456789
91890
123456789
91892
123456789
91894
123456789
91896
123456789
91898
123456789
91900
123456789
91902
123456789
91904
123456789
91906
123456789
91908
123456789
91910
123456789
91912
123456789
91914
123456789
91916
123456789
91918
123456789
91920
123456789
91922
123456789
91924
123456789
91926
123456789
91928
123456789
91930
123456789
91932
123456789
91934
123456789
91936
123456789
91938
123456789
91940
123456789
91942
123456789
91944
123456789
91946
123456789
91948
123456789
91950
123456789
91952
123456789
91954
123456789
91956
123456789
91958
123456789
91960
123456789
91962
123456789
91964
123456789
91966
123456789
91968
123456789
91970
123456789
91972
123456789
91974
123456789
91976
123456789
91978
123456789
91980
123456789
91982
123456789
91984
123456789
91986
123456789
91988
123456789
91990
123456789
91992
123456789
91994
123456789
91996
123456789
91998
123456789
92000
123456789
92002
123456789
92004
123456789
92006
123456789
92008
123456789
92010
123456789
92012
123456789
92014
123456789
92016
123456789
92018
123456789
92020
123456789
92022
123456789
92024
123456789
92026
123456789
92028
123456789
92030
123456789
92032
123456789
92034
123456789
92036
123456789
92038
123456789
92040
123456789
92042
123456789
92044
123456789
92046
123456789
92048
123456789
92050
123456789
92052
123456789
92054
123456789
92056
123456789
92058
123456789
92060
123456789
92062
123456789
92064
123456789
92066
123456789
92068
123456789
92070
123456789
92072
123456789
92074
123456789
92076
123456789
92078
123456789
92080
123456789
92082
123456789
92084
123456789
92086
123456789
92088
123456789
92090
123456789
92092
123456789
92094
123456789
92096
123456789
92098
123456789
92100
123456789
92102
123456789
92104
123456789
92106
123456789
92108
123456789
92110
123456789
92112
123456789
92114
123456789
92116
123456789
92118
123456789
92120
123456789
92122
123456789
92124
123456789
92126
123456789
92128
123456789
92130
123456789
92132
123456789
92134
123456789
92136
123456789
92138
123456789
92140
123456789
92142
123456789
92144
123456789
92146
123456789
92148
123456789
92150
123456789
92152
123456789
92154
123456789
92156
123456789
92158
123456789
92160
123456789
92162
123456789
92164
123456789
92166
123456789
92168
123456789
92170
123456789
92172
123456789
92174
123456789
92176
123456789
92178
123456789
92180
123456789
92182
123456789
92184
123456789
92186
123456789
92188
123456789
92190
123456789
92192
123456789
92194
123456789
92196
123456789
92198
123456789
92200
123456789
92202
123456789
92204
123456789
92206
123456789
92208
123456789
92210
123456789
92212
123456789
92214
123456789
92216
123456789
92218
123456789
92220
123456789
92222
123456789
92224
123456789
92226
123456789
92228
123456789
92230
123456789
92232
123456789
92234
123456789
92236
123456789
92238
123456789
92240
123456789
92242
123456789
92244
123456789
92246
123456789
92248
123456789
92250
123456789
92252
123456789
92254
123456789
92256
123456789
92258
123456789
92260
123456789
92262
123456789
92264
123456789
92266
123456789
92268
123456789
92270
123456789
92272
123456789
92274
123456789
92276
123456789
92278
123456789
92280
123456789
92282
123456789
92284
123456789
92286
123456789
92288
123456789
92290
123456789
92292
123456789
92294
123456789
92296
123456789
92298
123456789
92300
123456789
92302
123456789
92304
123456789
92306
123456789
92308
123456789
92310
123456789
92312
123456789
92314
123456789
92316
123456789
92318
123456789
92320
123456789
92322
123456789
92324
123456789
92326
123456789
92328
123456789
92330
123456789
92332
123456789
92334
123456789
92336
123456789
92338
123456789
92340
123456789
92342
123456789
92344
123456789
92346
123456789
92348
123456789
92350
123456789
92352
123456789
92354
123456789
92356
123456789
92358
123456789
92360
123456789
92362
123456789
92364
123456789
92366
123456789
92368
123456789
92370
123456789
92372
123456789
92374
123456789
92376
123456789
92378
123456789
92380
123456789
92382
123456789
92384
123456789
92386
123456789
92388
123456789
92390
123456789
92392
123456789
92394
123456789
92396
123456789
92398
123456789
92400
123456789
92402
123456789
92404
123456789
92406
123456789
92408
123456789
92410
123456789
92412
123456789
92414
123456789
92416
123456789
92418
123456789
92420
123456789
92422
123456789
92424
123456789
92426
123456789
92428
123456789
92430
123456789
92432
123456789
92434
123456789
92436
123456789
92438
123456789
92440
123456789
92442
123456789
92444
123456789
92446
123456789
92448
123456789
92450
123456789
92452
123456789
92454
123456789
92456
123456789
92458
123456789
92460
123456789
92462
123456789
92464
123456789
92466
123456789
92468
123456789
92470
123456789
92472
123456789
92474
123456789
92476
123456789
92478
123456789
92480
123456789
92482
123456789
92484
123456789
92486
123456789
92488
123456789
92490
123456789
92492
123456789
92494
123456789
92496
123456789
92498
123456789
92500
123456789
92502
123456789
92504
123456789
92506
123456789
92508
123456789
92510
123456789
92512
123456789
92514
123456789
92516
123456789
92518
123456789
92520
123456789
92522
123456789
92524
123456789
92526
123456789
92528
123456789
92530
123456789
92532
123456789
92534
123456789
92536
123456789
92538
123456789
92540
123456789
92542
123456789
92544
123456789
92546
123456789
92548
123456789
92550
123456789
92552
123456789
92554
123456789
92556
123456789
92558
123456789
92560
123456789
92562
123456789
92564
123456789
92566
123456789
92568
123456789
92570
123456789
92572
123456789
92574
123456789
92576
123456789
92578
123456789
92580
123456789
92582
123456789
92584
123456789
92586
123456789
92588
123456789
92590
123456789
92592
123456789
92594
123456789
92596
123456789
92598
123456789
92600
123456789
92602
123456789
92604
123456789
92606
123456789
92608
123456789
92610
123456789
92612
123456789
92614
123456789
92616
123456789
92618
123456789
92620
123456789
92622
123456789
92624
123456789
92626
123456789
92628
123456789
92630
123456789
92632
123456789
92634
123456789
92636
123456789
92638
123456789
92640
123456789
92642
123456789
92644
123456789
92646
123456789
92648
123456789
92650
123456789
92652
123456789
92654
123456789
92656
123456789
92658
123456789
92660
123456789
92662
123456789
92664
123456789
92666
123456789
92668
123456789
92670
123456789
92672
123456789
92674
123456789
92676
123456789
92678
123456789
92680
123456789
92682
123456789
92684
123456789
92686
123456789
92688
123456789
92690
123456789
92692
123456789
92694
123456789
92696
123456789
92698
123456789
92700
123456789
92702
123456789
92704
123456789
92706
123456789
92708
123456789
92710
123456789
92712
123456789
92714
123456789
92716
123456789
92718
123456789
92720
123456789
92722
123456789
92724
123456789
92726
123456789
92728
123456789
92730
123456789
92732
123456789
92734
123456789
92736
123456789
92738
123456789
92740
123456789
92742
123456789
92744
123456789
92746
123456789
92748
123456789
92750
123456789
92752
123456789
92754
123456789
92756
123456789
92758
123456789
92760
123456789
92762
123456789
92764
123456789
92766
123456789
92768
123456789
92770
123456789
92772
123456789
92774
123456789
92776
123456789
92778
123456789
92780
123456789
92782
123456789
92784
123456789
92786
123456789
92788
123456789
92790
123456789
92792
123456789
92794
123456789
92796
123456789
92798
123456789
92800
123456789
92802
123456789
92804
123456789
92806
123456789
92808
123456789
92810
123456789
92812
123456789
92814
123456789
92816
123456789
92818
123456789
92820
123456789
92822
123456789
92824
123456789
92826
123456789
92828
123456789
92830
123456789
92832
123456789
92834
123456789
92836
123456789
92838
123456789
92840
123456789
92842
123456789
92844
123456789
92846
123456789
92848
123456789
92850
123456789
92852
123456789
92854
123456789
92856
123456789
92858
123456789
92860
123456789
92862
123456789
92864
123456789
92866
123456789
92868
123456789
92870
123456789
92872
123456789
92874
123456789
92876
123456789
92878
123456789
92880
123456789
92882
123456789
92884
123456789
92886
123456789
92888
123456789
92890
123456789
92892
123456789
92894
123456789
92896
123456789
92898
123456789
92900
123456789
92902
123456789
92904
123456789
92906
123456789
92908
123456789
92910
123456789
92912
123456789
92914
123456789
92916
123456789
92918
123456789
92920
123456789
92922
123456789
92924
123456789
92926
123456789
92928
123456789
92930
123456789
92932
123456789
92934
123456789
92936
123456789
92938
123456789
92940
123456789
92942
123456789
92944
123456789
92946
123456789
92948
123456789
92950
123456789
92952
123456789
92954
123456789
92956
123456789
92958
123456789
92960
123456789
92962
123456789
92964
123456789
92966
123456789
92968
123456789
92970
123456789
92972
123456789
92974
123456789
92976
123456789
92978
123456789
92980
123456789
92982
123456789
92984
123456789
92986
123456789
92988
123456789
92990
123456789
92992
123456789
92994
123456789
92996
123456789
92998
123456789
93000
123456789
93002
123456789
93004
123456789
93006
123456789
93008
123456789
93010
123456789
93012
123456789
93014
123456789
93016
123456789
93018
123456789
93020
123456789
93022
123456789
93024
123456789
93026
123456789
93028
123456789
93030
123456789
93032
123456789
93034
123456789
93036
123456789
93038
123456789
93040
123456789
93042
123456789
93044
123456789
93046
123456789
93048
123456789
93050
123456789
93052
123456789
93054
123456789
93056
123456789
93058
123456789
93060
123456789
93062
123456789
93064
123456789
93066
123456789
93068
123456789
93070
123456789
93072
123456789
93074
123456789
93076
123456789
93078
123456789
93080
123456789
93082
123456789
93084
123456789
93086
123456789
93088
123456789
93090
123456789
93092
123456789
93094
123456789
93096
123456789
93098
123456789
93100
123456789
93102
123456789
93104
123456789
93106
123456789
93108
123456789
93110
123456789
93112
123456789
93114
123456789
93116
123456789
93118
123456789
93120
123456789
93122
123456789
93124
123456789
93126
123456789
93128
123456789
93130
123456789
93132
123456789
93134
123456789
93136
123456789
93138
123456789
93140
123456789
93142
123456789
93144
123456789
93146
123456789
93148
123456789
93150
123456789
93152
123456789
93154
123456789
93156
123456789
93158
123456789
93160
123456789
93162
123456789
93164
123456789
93166
123456789
93168
123456789
93170
123456789
93172
123456789
93174
123456789
93176
123456789
93178
123456789
93180
123456789
93182
123456789
93184
123456789
93186
123456789
93188
123456789
93190
123456789
93192
123456789
93194
123456789
93196
123456789
93198
123456789
93200
123456789
93202
123456789
93204
123456789
93206
123456789
93208
123456789
93210
123456789
93212
123456789
93214
123456789
93216
123456789
93218
123456789
93220
123456789
93222
123456789
93224
123456789
93226
123456789
93228
123456789
93230
123456789
93232
123456789
93234
123456789
93236
123456789
93238
123456789
93240
123456789
93242
123456789
93244
123456789
93246
123456789
93248
123456789
93250
123456789
93252
123456789
93254
123456789
93256
123456789
93258
123456789
93260
123456789
93262
123456789
93264
123456789
93266
123456789
93268
123456789
93270
123456789
93272
123456789
93274
123456789
93276
123456789
93278
123456789
93280
123456789
93282
123456789
93284
123456789
93286
123456789
93288
123456789
93290
123456789
93292
123456789
93294
123456789
93296
123456789
93298
123456789
93300
123456789
93302
123456789
93304
123456789
93306
123456789
93308
123456789
93310
123456789
93312
123456789
93314
123456789
93316
123456789
93318
123456789
93320
123456789
93322
123456789
93324
123456789
93326
123456789
93328
123456789
93330
123456789
93332
123456789
93334
123456789
93336
123456789
93338
123456789
93340
123456789
93342
123456789
93344
123456789
93346
123456789
93348
123456789
93350
123456789
93352
123456789
93354
123456789
93356
123456789
93358
123456789
93360
123456789
93362
123456789
93364
123456789
93366
123456789
93368
123456789
93370
123456789
93372
123456789
93374
123456789
93376
123456789
93378
123456789
93380
123456789
93382
123456789
93384
123456789
93386
123456789
93388
123456789
93390
123456789
93392
123456789
93394
123456789
93396
123456789
93398
123456789
93400
123456789
93402
123456789
93404
123456789
93406
123456789
93408
123456789
93410
123456789
93412
123456789
93414
123456789
93416
123456789
93418
123456789
93420
123456789
93422
123456789
93424
123456789
93426
123456789
93428
123456789
93430
123456789
93432
123456789
93434
123456789
93436
123456789
93438
123456789
93440
123456789
93442
123456789
93444
123456789
93446
123456789
93448
123456789
93450
123456789
93452
123456789
93454
123456789
93456
123456789
93458
123456789
93460
123456789
93462
123456789
93464
123456789
93466
123456789
93468
123456789
93470
123456789
93472
123456789
93474
123456789
93476
123456789
93478
123456789
93480
123456789
93482
123456789
93484
123456789
93486
123456789
93488
123456789
93490
123456789
93492
123456789
93494
123456789
93496
123456789
93498
123456789
93500
123456789
93502
123456789
93504
123456789
93506
123456789
93508
123456789
93510
123456789
93512
123456789
93514
123456789
93516
123456789
93518
123456789
93520
123456789
93522
123456789
93524
123456789
93526
123456789
93528
123456789
93530
123456789
93532
123456789
93534
123456789
93536
123456789
93538
123456789
93540
123456789
93542
123456789
93544
123456789
93546
123456789
93548
123456789
93550
123456789
93552
123456789
93554
123456789
93556
123456789
93558
123456789
93560
123456789
93562
123456789
93564
123456789
93566
123456789
93568
123456789
93570
123456789
93572
123456789
93574
123456789
93576
123456789
93578
123456789
93580
123456789
93582
123456789
93584
123456789
93586
123456789
93588
123456789
93590
123456789
93592
123456789
93594
123456789
93596
123456789
93598
123456789
93600
123456789
93602
123456789
93604
123456789
93606
123456789
93608
123456789
93610
123456789
93612
123456789
93614
123456789
93616
123456789
93618
123456789
93620
123456789
93622
123456789
93624
123456789
93626
123456789
93628
123456789
93630
123456789
93632
123456789
93634
123456789
93636
123456789
93638
123456789
93640
123456789
93642
123456789
93644
123456789
93646
123456789
93648
123456789
93650
123456789
93652
123456789
93654
123456789
93656
123456789
93658
123456789
93660
123456789
93662
123456789
93664
123456789
93666
123456789
93668
123456789
93670
123456789
93672
123456789
93674
123456789
93676
123456789
93678
123456789
93680
123456789
93682
123456789
93684
123456789
93686
123456789
93688
123456789
93690
123456789
93692
123456789
93694
123456789
93696
123456789
93698
123456789
93700
123456789
93702
123456789
93704
123456789
93706
123456789
93708
123456789
93710
123456789
93712
123456789
93714
123456789
93716
123456789
93718
123456789
93720
123456789
93722
123456789
93724
123456789
93726
123456789
93728
123456789
93730
123456789
93732
123456789
93734
123456789
93736
123456789
93738
123456789
93740
123456789
93742
123456789
93744
123456789
93746
123456789
93748
123456789
93750
123456789
93752
123456789
93754
123456789
93756
123456789
93758
123456789
93760
123456789
93762
123456789
93764
123456789
93766
123456789
93768
123456789
93770
123456789
93772
123456789
93774
123456789
93776
123456789
93778
123456789
93780
123456789
93782
123456789
93784
123456789
93786
123456789
93788
123456789
93790
123456789
93792
123456789
93794
123456789
93796
123456789
93798
123456789
93800
123456789
93802
123456789
93804
123456789
93806
123456789
93808
123456789
93810
123456789
93812
123456789
93814
123456789
93816
123456789
93818
123456789
93820
123456789
93822
123456789
93824
123456789
93826
123456789
93828
123456789
93830
123456789
93832
123456789
93834
123456789
93836
123456789
93838
123456789
93840
123456789
93842
123456789
93844
123456789
93846
123456789
93848
123456789
93850
123456789
93852
123456789
93854
123456789
93856
123456789
93858
123456789
93860
123456789
93862
123456789
93864
123456789
93866
123456789
93868
123456789
93870
123456789
93872
123456789
93874
123456789
93876
123456789
93878
123456789
93880
123456789
93882
123456789
93884
123456789
93886
123456789
93888
123456789
93890
123456789
93892
123456789
93894
123456789
93896
123456789
93898
123456789
93900
123456789
93902
123456789
93904
123456789
93906
123456789
93908
123456789
93910
123456789
93912
123456789
93914
123456789
93916
123456789
93918
123456789
93920
123456789
93922
123456789
93924
123456789
93926
123456789
93928
123456789
93930
123456789
93932
123456789
93934
123456789
93936
123456789
93938
123456789
93940
123456789
93942
123456789
93944
123456789
93946
123456789
93948
123456789
93950
123456789
93952
123456789
93954
123456789
93956
123456789
93958
123456789
93960
123456789
93962
123456789
93964
123456789
93966
123456789
93968
123456789
93970
123456789
93972
123456789
93974
123456789
93976
123456789
93978
123456789
93980
123456789
93982
123456789
93984
123456789
93986
123456789
93988
123456789
93990
123456789
93992
123456789
93994
123456789
93996
123456789
93998
123456789
94000
123456789
94002
123456789
94004
123456789
94006
123456789
94008
123456789
94010
123456789
94012
123456789
94014
123456789
94016
123456789
94018
123456789
94020
123456789
94022
123456789
94024
123456789
94026
123456789
94028
123456789
94030
123456789
94032
123456789
94034
123456789
94036
123456789
94038
123456789
94040
123456789
94042
123456789
94044
123456789
94046
123456789
94048
123456789
94050
123456789
94052
123456789
94054
123456789
94056
123456789
94058
123456789
94060
123456789
94062
123456789
94064
123456789
94066
123456789
94068
123456789
94070
123456789
94072
123456789
94074
123456789
94076
123456789
94078
123456789
94080
123456789
94082
123456789
94084
123456789
94086
123456789
94088
123456789
94090
123456789
94092
123456789
94094
123456789
94096
123456789
94098
123456789
94100
123456789
94102
123456789
94104
123456789
94106
123456789
94108
123456789
94110
123456789
94112
123456789
94114
123456789
94116
123456789
94118
123456789
94120
123456789
94122
123456789
94124
123456789
94126
123456789
94128
123456789
94130
123456789
94132
123456789
94134
123456789
94136
123456789
94138
123456789
94140
123456789
94142
123456789
94144
123456789
94146
123456789
94148
123456789
94150
123456789
94152
123456789
94154
123456789
94156
123456789
94158
123456789
94160
123456789
94162
123456789
94164
123456789
94166
123456789
94168
123456789
94170
123456789
94172
123456789
94174
123456789
94176
123456789
94178
123456789
94180
123456789
94182
123456789
94184
123456789
94186
123456789
94188
123456789
94190
123456789
94192
123456789
94194
123456789
94196
123456789
94198
123456789
94200
123456789
94202
123456789
94204
123456789
94206
123456789
94208
123456789
94210
123456789
94212
123456789
94214
123456789
94216
123456789
94218
123456789
94220
123456789
94222
123456789
94224
123456789
94226
123456789
94228
123456789
94230
123456789
94232
123456789
94234
123456789
94236
123456789
94238
123456789
94240
123456789
94242
123456789
94244
123456789
94246
123456789
94248
123456789
94250
123456789
94252
123456789
94254
123456789
94256
123456789
94258
123456789
94260
123456789
94262
123456789
94264
123456789
94266
123456789
94268
123456789
94270
123456789
94272
123456789
94274
123456789
94276
123456789
94278
123456789
94280
123456789
94282
123456789
94284
123456789
94286
123456789
94288
123456789
94290
123456789
94292
123456789
94294
123456789
94296
123456789
94298
123456789
94300
123456789
94302
123456789
94304
123456789
94306
123456789
94308
123456789
94310
123456789
94312
123456789
94314
123456789
94316
123456789
94318
123456789
94320
123456789
94322
123456789
94324
123456789
94326
123456789
94328
123456789
94330
123456789
94332
123456789
94334
123456789
94336
123456789
94338
123456789
94340
123456789
94342
123456789
94344
123456789
94346
123456789
94348
123456789
94350
123456789
94352
123456789
94354
123456789
94356
123456789
94358
123456789
94360
123456789
94362
123456789
94364
123456789
94366
123456789
94368
123456789
94370
123456789
94372
123456789
94374
123456789
94376
123456789
94378
123456789
94380
123456789
94382
123456789
94384
123456789
94386
123456789
94388
123456789
94390
123456789
94392
123456789
94394
123456789
94396
123456789
94398
123456789
94400
123456789
94402
123456789
94404
123456789
94406
123456789
94408
123456789
94410
123456789
94412
123456789
94414
123456789
94416
123456789
94418
123456789
94420
123456789
94422
123456789
94424
123456789
94426
123456789
94428
123456789
94430
123456789
94432
123456789
94434
123456789
94436
123456789
94438
123456789
94440
123456789
94442
123456789
94444
123456789
94446
123456789
94448
123456789
94450
123456789
94452
123456789
94454
123456789
94456
123456789
94458
123456789
94460
123456789
94462
123456789
94464
123456789
94466
123456789
94468
123456789
94470
123456789
94472
123456789
94474
123456789
94476
123456789
94478
123456789
94480
123456789
94482
123456789
94484
123456789
94486
123456789
94488
123456789
94490
123456789
94492
123456789
94494
123456789
94496
123456789
94498
123456789
94500
123456789
94502
123456789
94504
123456789
94506
123456789
94508
123456789
94510
123456789
94512
123456789
94514
123456789
94516
123456789
94518
123456789
94520
123456789
94522
123456789
94524
123456789
94526
123456789
94528
123456789
94530
123456789
94532
123456789
94534
123456789
94536
123456789
94538
123456789
94540
123456789
94542
123456789
94544
123456789
94546
123456789
94548
123456789
94550
123456789
94552
123456789
94554
123456789
94556
123456789
94558
123456789
94560
123456789
94562
123456789
94564
123456789
94566
123456789
94568
123456789
94570
123456789
94572
123456789
94574
123456789
94576
123456789
94578
123456789
94580
123456789
94582
123456789
94584
123456789
94586
123456789
94588
123456789
94590
123456789
94592
123456789
94594
123456789
94596
123456789
94598
123456789
94600
123456789
94602
123456789
94604
123456789
94606
123456789
94608
123456789
94610
123456789
94612
123456789
94614
123456789
94616
123456789
94618
123456789
94620
123456789
94622
123456789
94624
123456789
94626
123456789
94628
123456789
94630
123456789
94632
123456789
94634
123456789
94636
123456789
94638
123456789
94640
123456789
94642
123456789
94644
123456789
94646
123456789
94648
123456789
94650
123456789
94652
123456789
94654
123456789
94656
123456789
94658
123456789
94660
123456789
94662
123456789
94664
123456789
94666
123456789
94668
123456789
94670
123456789
94672
123456789
94674
123456789
94676
123456789
94678
123456789
94680
123456789
94682
123456789
94684
123456789
94686
123456789
94688
123456789
94690
123456789
94692
123456789
94694
123456789
94696
123456789
94698
123456789
94700
123456789
94702
123456789
94704
123456789
94706
123456789
94708
123456789
94710
123456789
94712
123456789
94714
123456789
94716
123456789
94718
123456789
94720
123456789
94722
123456789
94724
123456789
94726
123456789
94728
123456789
94730
123456789
94732
123456789
94734
123456789
94736
123456789
94738
123456789
94740
123456789
94742
123456789
94744
123456789
94746
123456789
94748
123456789
94750
123456789
94752
123456789
94754
123456789
94756
123456789
94758
123456789
94760
123456789
94762
123456789
94764
123456789
94766
123456789
94768
123456789
94770
123456789
94772
123456789
94774
123456789
94776
123456789
94778
123456789
94780
123456789
94782
123456789
94784
123456789
94786
123456789
94788
123456789
94790
123456789
94792
123456789
94794
123456789
94796
123456789
94798
123456789
94800
123456789
94802
123456789
94804
123456789
94806
123456789
94808
123456789
94810
123456789
94812
123456789
94814
123456789
94816
123456789
94818
123456789
94820
123456789
94822
123456789
94824
123456789
94826
123456789
94828
123456789
94830
123456789
94832
123456789
94834
123456789
94836
123456789
94838
123456789
94840
123456789
94842
123456789
94844
123456789
94846
123456789
94848
123456789
94850
123456789
94852
123456789
94854
123456789
94856
123456789
94858
123456789
94860
123456789
94862
123456789
94864
123456789
94866
123456789
94868
123456789
94870
123456789
94872
123456789
94874
123456789
94876
123456789
94878
123456789
94880
123456789
94882
123456789
94884
123456789
94886
123456789
94888
123456789
94890
123456789
94892
123456789
94894
123456789
94896
123456789
94898
123456789
94900
123456789
94902
123456789
94904
123456789
94906
123456789
94908
123456789
94910
123456789
94912
123456789
94914
123456789
94916
123456789
94918
123456789
94920
123456789
94922
123456789
94924
123456789
94926
123456789
94928
123456789
94930
123456789
94932
123456789
94934
123456789
94936
123456789
94938
123456789
94940
123456789
94942
123456789
94944
123456789
94946
123456789
94948
123456789
94950
123456789
94952
123456789
94954
123456789
94956
123456789
94958
123456789
94960
123456789
94962
123456789
94964
123456789
94966
123456789
94968
123456789
94970
123456789
94972
123456789
94974
123456789
94976
123456789
94978
123456789
94980
123456789
94982
123456789
94984
123456789
94986
123456789
94988
123456789
94990
123456789
94992
123456789
94994
123456789
94996
123456789
94998
123456789
95000
123456789
95002
123456789
95004
123456789
95006
123456789
95008
123456789
95010
123456789
95012
123456789
95014
123456789
95016
123456789
95018
123456789
95020
123456789
95022
123456789
95024
123456789
95026
123456789
95028
123456789
95030
123456789
95032
123456789
95034
123456789
95036
123456789
95038
123456789
95040
123456789
95042
123456789
95044
123456789
95046
123456789
95048
123456789
95050
123456789
95052
123456789
95054
123456789
95056
123456789
95058
123456789
95060
123456789
95062
123456789
95064
123456789
95066
123456789
95068
123456789
95070
123456789
95072
123456789
95074
123456789
95076
123456789
95078
123456789
95080
123456789
95082
123456789
95084
123456789
95086
123456789
95088
123456789
95090
123456789
95092
123456789
95094
123456789
95096
123456789
95098
123456789
95100
123456789
95102
123456789
95104
123456789
95106
123456789
95108
123456789
95110
123456789
95112
123456789
95114
123456789
95116
123456789
95118
123456789
95120
123456789
95122
123456789
95124
123456789
95126
123456789
95128
123456789
95130
123456789
95132
123456789
95134
123456789
95136
123456789
95138
123456789
95140
123456789
95142
123456789
95144
123456789
95146
123456789
95148
123456789
95150
123456789
95152
123456789
95154
123456789
95156
123456789
95158
123456789
95160
123456789
95162
123456789
95164
123456789
95166
123456789
95168
123456789
95170
123456789
95172
123456789
95174
123456789
95176
123456789
95178
123456789
95180
123456789
95182
123456789
95184
123456789
95186
123456789
95188
123456789
95190
123456789
95192
123456789
95194
123456789
95196
123456789
95198
123456789
95200
123456789
95202
123456789
95204
123456789
95206
123456789
95208
123456789
95210
123456789
95212
123456789
95214
123456789
95216
123456789
95218
123456789
95220
123456789
95222
123456789
95224
123456789
95226
123456789
95228
123456789
95230
123456789
95232
123456789
95234
123456789
95236
123456789
95238
123456789
95240
123456789
95242
123456789
95244
123456789
95246
123456789
95248
123456789
95250
123456789
95252
123456789
95254
123456789
95256
123456789
95258
123456789
95260
123456789
95262
123456789
95264
123456789
95266
123456789
95268
123456789
95270
123456789
95272
123456789
95274
123456789
95276
123456789
95278
123456789
95280
123456789
95282
123456789
95284
123456789
95286
123456789
95288
123456789
95290
123456789
95292
123456789
95294
123456789
95296
123456789
95298
123456789
95300
123456789
95302
123456789
95304
123456789
95306
123456789
95308
123456789
95310
123456789
95312
123456789
95314
123456789
95316
123456789
95318
123456789
95320
123456789
95322
123456789
95324
123456789
95326
123456789
95328
123456789
95330
123456789
95332
123456789
95334
123456789
95336
123456789
95338
123456789
95340
123456789
95342
123456789
95344
123456789
95346
123456789
95348
123456789
95350
123456789
95352
123456789
95354
123456789
95356
123456789
95358
123456789
95360
123456789
95362
123456789
95364
123456789
95366
123456789
95368
123456789
95370
123456789
95372
123456789
95374
123456789
95376
123456789
95378
123456789
95380
123456789
95382
123456789
95384
123456789
95386
123456789
95388
123456789
95390
123456789
95392
123456789
95394
123456789
95396
123456789
95398
123456789
95400
123456789
95402
123456789
95404
123456789
95406
123456789
95408
123456789
95410
123456789
95412
123456789
95414
123456789
95416
123456789
95418
123456789
95420
123456789
95422
123456789
95424
123456789
95426
123456789
95428
123456789
95430
123456789
95432
123456789
95434
123456789
95436
123456789
95438
123456789
95440
123456789
95442
123456789
95444
123456789
95446
123456789
95448
123456789
95450
123456789
95452
123456789
95454
123456789
95456
123456789
95458
123456789
95460
123456789
95462
123456789
95464
123456789
95466
123456789
95468
123456789
95470
123456789
95472
123456789
95474
123456789
95476
123456789
95478
123456789
95480
123456789
95482
123456789
95484
123456789
95486
123456789
95488
123456789
95490
123456789
95492
123456789
95494
123456789
95496
123456789
95498
123456789
95500
123456789
95502
123456789
95504
123456789
95506
123456789
95508
123456789
95510
123456789
95512
123456789
95514
123456789
95516
123456789
95518
123456789
95520
123456789
95522
123456789
95524
123456789
95526
123456789
95528
123456789
95530
123456789
95532
123456789
95534
123456789
95536
123456789
95538
123456789
95540
123456789
95542
123456789
95544
123456789
95546
123456789
95548
123456789
95550
123456789
95552
123456789
95554
123456789
95556
123456789
95558
123456789
95560
123456789
95562
123456789
95564
123456789
95566
123456789
95568
123456789
95570
123456789
95572
123456789
95574
123456789
95576
123456789
95578
123456789
95580
123456789
95582
123456789
95584
123456789
95586
123456789
95588
123456789
95590
123456789
95592
123456789
95594
123456789
95596
123456789
95598
123456789
95600
123456789
95602
123456789
95604
123456789
95606
123456789
95608
123456789
95610
123456789
95612
123456789
95614
123456789
95616
123456789
95618
123456789
95620
123456789
95622
123456789
95624
123456789
95626
123456789
95628
123456789
95630
123456789
95632
123456789
95634
123456789
95636
123456789
95638
123456789
95640
123456789
95642
123456789
95644
123456789
95646
123456789
95648
123456789
95650
123456789
95652
123456789
95654
123456789
95656
123456789
95658
123456789
95660
123456789
95662
123456789
95664
123456789
95666
123456789
95668
123456789
95670
123456789
95672
123456789
95674
123456789
95676
123456789
95678
123456789
95680
123456789
95682
123456789
95684
123456789
95686
123456789
95688
123456789
95690
123456789
95692
123456789
95694
123456789
95696
123456789
95698
123456789
95700
123456789
95702
123456789
95704
123456789
95706
123456789
95708
123456789
95710
123456789
95712
123456789
95714
123456789
95716
123456789
95718
123456789
95720
123456789
95722
123456789
95724
123456789
95726
123456789
95728
123456789
95730
123456789
95732
123456789
95734
123456789
95736
123456789
95738
123456789
95740
123456789
95742
123456789
95744
123456789
95746
123456789
95748
123456789
95750
123456789
95752
123456789
95754
123456789
95756
123456789
95758
123456789
95760
123456789
95762
123456789
95764
123456789
95766
123456789
95768
123456789
95770
123456789
95772
123456789
95774
123456789
95776
123456789
95778
123456789
95780
123456789
95782
123456789
95784
123456789
95786
123456789
95788
123456789
95790
123456789
95792
123456789
95794
123456789
95796
123456789
95798
123456789
95800
123456789
95802
123456789
95804
123456789
95806
123456789
95808
123456789
95810
123456789
95812
123456789
95814
123456789
95816
123456789
95818
123456789
95820
123456789
95822
123456789
95824
123456789
95826
123456789
95828
123456789
95830
123456789
95832
123456789
95834
123456789
95836
123456789
95838
123456789
95840
123456789
95842
123456789
95844
123456789
95846
123456789
95848
123456789
95850
123456789
95852
123456789
95854
123456789
95856
123456789
95858
123456789
95860
123456789
95862
123456789
95864
123456789
95866
123456789
95868
123456789
95870
123456789
95872
123456789
95874
123456789
95876
123456789
95878
123456789
95880
123456789
95882
123456789
95884
123456789
95886
123456789
95888
123456789
95890
123456789
95892
123456789
95894
123456789
95896
123456789
95898
123456789
95900
123456789
95902
123456789
95904
123456789
95906
123456789
95908
123456789
95910
123456789
95912
123456789
95914
123456789
95916
123456789
95918
123456789
95920
123456789
95922
123456789
95924
123456789
95926
123456789
95928
123456789
95930
123456789
95932
123456789
95934
123456789
95936
123456789
95938
123456789
95940
123456789
95942
123456789
95944
123456789
95946
123456789
95948
123456789
95950
123456789
95952
123456789
95954
123456789
95956
123456789
95958
123456789
95960
123456789
95962
123456789
95964
123456789
95966
123456789
95968
123456789
95970
123456789
95972
123456789
95974
123456789
95976
123456789
95978
123456789
95980
123456789
95982
123456789
95984
123456789
95986
123456789
95988
123456789
95990
123456789
95992
123456789
95994
123456789
95996
123456789
95998
123456789
96000
123456789
96002
123456789
96004
123456789
96006
123456789
96008
123456789
96010
123456789
96012
123456789
96014
123456789
96016
123456789
96018
123456789
96020
123456789
96022
123456789
96024
123456789
96026
123456789
96028
123456789
96030
123456789
96032
123456789
96034
123456789
96036
123456789
96038
123456789
96040
123456789
96042
123456789
96044
123456789
96046
123456789
96048
123456789
96050
123456789
96052
123456789
96054
123456789
96056
123456789
96058
123456789
96060
123456789
96062
123456789
96064
123456789
96066
123456789
96068
123456789
96070
123456789
96072
123456789
96074
123456789
96076
123456789
96078
123456789
96080
123456789
96082
123456789
96084
123456789
96086
123456789
96088
123456789
96090
123456789
96092
123456789
96094
123456789
96096
123456789
96098
123456789
96100
123456789
96102
123456789
96104
123456789
96106
123456789
96108
123456789
96110
123456789
96112
123456789
96114
123456789
96116
123456789
96118
123456789
96120
123456789
96122
123456789
96124
123456789
96126
123456789
96128
123456789
96130
123456789
96132
123456789
96134
123456789
96136
123456789
96138
123456789
96140
123456789
96142
123456789
96144
123456789
96146
123456789
96148
123456789
96150
123456789
96152
123456789
96154
123456789
96156
123456789
96158
123456789
96160
123456789
96162
123456789
96164
123456789
96166
123456789
96168
123456789
96170
123456789
96172
123456789
96174
123456789
96176
123456789
96178
123456789
96180
123456789
96182
123456789
96184
123456789
96186
123456789
96188
123456789
96190
123456789
96192
123456789
96194
123456789
96196
123456789
96198
123456789
96200
123456789
96202
123456789
96204
123456789
96206
123456789
96208
123456789
96210
123456789
96212
123456789
96214
123456789
96216
123456789
96218
123456789
96220
123456789
96222
123456789
96224
123456789
96226
123456789
96228
123456789
96230
123456789
96232
123456789
96234
123456789
96236
123456789
96238
123456789
96240
123456789
96242
123456789
96244
123456789
96246
123456789
96248
123456789
96250
123456789
96252
123456789
96254
123456789
96256
123456789
96258
123456789
96260
123456789
96262
123456789
96264
123456789
96266
123456789
96268
123456789
96270
123456789
96272
123456789
96274
123456789
96276
123456789
96278
123456789
96280
123456789
96282
123456789
96284
123456789
96286
123456789
96288
123456789
96290
123456789
96292
123456789
96294
123456789
96296
123456789
96298
123456789
96300
123456789
96302
123456789
96304
123456789
96306
123456789
96308
123456789
96310
123456789
96312
123456789
96314
123456789
96316
123456789
96318
123456789
96320
123456789
96322
123456789
96324
123456789
96326
123456789
96328
123456789
96330
123456789
96332
123456789
96334
123456789
96336
123456789
96338
123456789
96340
123456789
96342
123456789
96344
123456789
96346
123456789
96348
123456789
96350
123456789
96352
123456789
96354
123456789
96356
123456789
96358
123456789
96360
123456789
96362
123456789
96364
123456789
96366
123456789
96368
123456789
96370
123456789
96372
123456789
96374
123456789
96376
123456789
96378
123456789
96380
123456789
96382
123456789
96384
123456789
96386
123456789
96388
123456789
96390
123456789
96392
123456789
96394
123456789
96396
123456789
96398
123456789
96400
123456789
96402
123456789
96404
123456789
96406
123456789
96408
123456789
96410
123456789
96412
123456789
96414
123456789
96416
123456789
96418
123456789
96420
123456789
96422
123456789
96424
123456789
96426
123456789
96428
123456789
96430
123456789
96432
123456789
96434
123456789
96436
123456789
96438
123456789
96440
123456789
96442
123456789
96444
123456789
96446
123456789
96448
123456789
96450
123456789
96452
123456789
96454
123456789
96456
123456789
96458
123456789
96460
123456789
96462
123456789
96464
123456789
96466
123456789
96468
123456789
96470
123456789
96472
123456789
96474
123456789
96476
123456789
96478
123456789
96480
123456789
96482
123456789
96484
123456789
96486
123456789
96488
123456789
96490
123456789
96492
123456789
96494
123456789
96496
123456789
96498
123456789
96500
123456789
96502
123456789
96504
123456789
96506
123456789
96508
123456789
96510
123456789
96512
123456789
96514
123456789
96516
123456789
96518
123456789
96520
123456789
96522
123456789
96524
123456789
96526
123456789
96528
123456789
96530
123456789
96532
123456789
96534
123456789
96536
123456789
96538
123456789
96540
123456789
96542
123456789
96544
123456789
96546
123456789
96548
123456789
96550
123456789
96552
123456789
96554
123456789
96556
123456789
96558
123456789
96560
123456789
96562
123456789
96564
123456789
96566
123456789
96568
123456789
96570
123456789
96572
123456789
96574
123456789
96576
123456789
96578
123456789
96580
123456789
96582
123456789
96584
123456789
96586
123456789
96588
123456789
96590
123456789
96592
123456789
96594
123456789
96596
123456789
96598
123456789
96600
123456789
96602
123456789
96604
123456789
96606
123456789
96608
123456789
96610
123456789
96612
123456789
96614
123456789
96616
123456789
96618
123456789
96620
123456789
96622
123456789
96624
123456789
96626
123456789
96628
123456789
96630
123456789
96632
123456789
96634
123456789
96636
123456789
96638
123456789
96640
123456789
96642
123456789
96644
123456789
96646
123456789
96648
123456789
96650
123456789
96652
123456789
96654
123456789
96656
123456789
96658
123456789
96660
123456789
96662
123456789
96664
123456789
96666
123456789
96668
123456789
96670
123456789
96672
123456789
96674
123456789
96676
123456789
96678
123456789
96680
123456789
96682
123456789
96684
123456789
96686
123456789
96688
123456789
96690
123456789
96692
123456789
96694
123456789
96696
123456789
96698
123456789
96700
123456789
96702
123456789
96704
123456789
96706
123456789
96708
123456789
96710
123456789
96712
123456789
96714
123456789
96716
123456789
96718
123456789
96720
123456789
96722
123456789
96724
123456789
96726
123456789
96728
123456789
96730
123456789
96732
123456789
96734
123456789
96736
123456789
96738
123456789
96740
123456789
96742
123456789
96744
123456789
96746
123456789
96748
123456789
96750
123456789
96752
123456789
96754
123456789
96756
123456789
96758
123456789
96760
123456789
96762
123456789
96764
123456789
96766
123456789
96768
123456789
96770
123456789
96772
123456789
96774
123456789
96776
123456789
96778
123456789
96780
123456789
96782
123456789
96784
123456789
96786
123456789
96788
123456789
96790
123456789
96792
123456789
96794
123456789
96796
123456789
96798
123456789
96800
123456789
96802
123456789
96804
123456789
96806
123456789
96808
123456789
96810
123456789
96812
123456789
96814
123456789
96816
123456789
96818
123456789
96820
123456789
96822
123456789
96824
123456789
96826
123456789
96828
123456789
96830
123456789
96832
123456789
96834
123456789
96836
123456789
96838
123456789
96840
123456789
96842
123456789
96844
123456789
96846
123456789
96848
123456789
96850
123456789
96852
123456789
96854
123456789
96856
123456789
96858
123456789
96860
123456789
96862
123456789
96864
123456789
96866
123456789
96868
123456789
96870
123456789
96872
123456789
96874
123456789
96876
123456789
96878
123456789
96880
123456789
96882
123456789
96884
123456789
96886
123456789
96888
123456789
96890
123456789
96892
123456789
96894
123456789
96896
123456789
96898
123456789
96900
123456789
96902
123456789
96904
123456789
96906
123456789
96908
123456789
96910
123456789
96912
123456789
96914
123456789
96916
123456789
96918
123456789
96920
123456789
96922
123456789
96924
123456789
96926
123456789
96928
123456789
96930
123456789
96932
123456789
96934
123456789
96936
123456789
96938
123456789
96940
123456789
96942
123456789
96944
123456789
96946
123456789
96948
123456789
96950
123456789
96952
123456789
96954
123456789
96956
123456789
96958
123456789
96960
123456789
96962
123456789
96964
123456789
96966
123456789
96968
123456789
96970
123456789
96972
123456789
96974
123456789
96976
123456789
96978
123456789
96980
123456789
96982
123456789
96984
123456789
96986
123456789
96988
123456789
96990
123456789
96992
123456789
96994
123456789
96996
123456789
96998
123456789
97000
123456789
97002
123456789
97004
123456789
97006
123456789
97008
123456789
97010
123456789
97012
123456789
97014
123456789
97016
123456789
97018
123456789
97020
123456789
97022
123456789
97024
123456789
97026
123456789
97028
123456789
97030
123456789
97032
123456789
97034
123456789
97036
123456789
97038
123456789
97040
123456789
97042
123456789
97044
123456789
97046
123456789
97048
123456789
97050
123456789
97052
123456789
97054
123456789
97056
123456789
97058
123456789
97060
123456789
97062
123456789
97064
123456789
97066
123456789
97068
123456789
97070
123456789
97072
123456789
97074
123456789
97076
123456789
97078
123456789
97080
123456789
97082
123456789
97084
123456789
97086
123456789
97088
123456789
97090
123456789
97092
123456789
97094
123456789
97096
123456789
97098
123456789
97100
123456789
97102
123456789
97104
123456789
97106
123456789
97108
123456789
97110
123456789
97112
123456789
97114
123456789
97116
123456789
97118
123456789
97120
123456789
97122
123456789
97124
123456789
97126
123456789
97128
123456789
97130
123456789
97132
123456789
97134
123456789
97136
123456789
97138
123456789
97140
123456789
97142
123456789
97144
123456789
97146
123456789
97148
123456789
97150
123456789
97152
123456789
97154
123456789
97156
123456789
97158
123456789
97160
123456789
97162
123456789
97164
123456789
97166
123456789
97168
123456789
97170
123456789
97172
123456789
97174
123456789
97176
123456789
97178
123456789
97180
123456789
97182
123456789
97184
123456789
97186
123456789
97188
123456789
97190
123456789
97192
123456789
97194
123456789
97196
123456789
97198
123456789
97200
123456789
97202
123456789
97204
123456789
97206
123456789
97208
123456789
97210
123456789
97212
123456789
97214
123456789
97216
123456789
97218
123456789
97220
123456789
97222
123456789
97224
123456789
97226
123456789
97228
123456789
97230
123456789
97232
123456789
97234
123456789
97236
123456789
97238
123456789
97240
123456789
97242
123456789
97244
123456789
97246
123456789
97248
123456789
97250
123456789
97252
123456789
97254
123456789
97256
123456789
97258
123456789
97260
123456789
97262
123456789
97264
123456789
97266
123456789
97268
123456789
97270
123456789
97272
123456789
97274
123456789
97276
123456789
97278
123456789
97280
123456789
97282
123456789
97284
123456789
97286
123456789
97288
123456789
97290
123456789
97292
123456789
97294
123456789
97296
123456789
97298
123456789
97300
123456789
97302
123456789
97304
123456789
97306
123456789
97308
123456789
97310
123456789
97312
123456789
97314
123456789
97316
123456789
97318
123456789
97320
123456789
97322
123456789
97324
123456789
97326
123456789
97328
123456789
97330
123456789
97332
123456789
97334
123456789
97336
123456789
97338
123456789
97340
123456789
97342
123456789
97344
123456789
97346
123456789
97348
123456789
97350
123456789
97352
123456789
97354
123456789
97356
123456789
97358
123456789
97360
123456789
97362
123456789
97364
123456789
97366
123456789
97368
123456789
97370
123456789
97372
123456789
97374
123456789
97376
123456789
97378
123456789
97380
123456789
97382
123456789
97384
123456789
97386
123456789
97388
123456789
97390
123456789
97392
123456789
97394
123456789
97396
123456789
97398
123456789
97400
123456789
97402
123456789
97404
123456789
97406
123456789
97408
123456789
97410
123456789
97412
123456789
97414
123456789
97416
123456789
97418
123456789
97420
123456789
97422
123456789
97424
123456789
97426
123456789
97428
123456789
97430
123456789
97432
123456789
97434
123456789
97436
123456789
97438
123456789
97440
123456789
97442
123456789
97444
123456789
97446
123456789
97448
123456789
97450
123456789
97452
123456789
97454
123456789
97456
123456789
97458
123456789
97460
123456789
97462
123456789
97464
123456789
97466
123456789
97468
123456789
97470
123456789
97472
123456789
97474
123456789
97476
123456789
97478
123456789
97480
123456789
97482
123456789
97484
123456789
97486
123456789
97488
123456789
97490
123456789
97492
123456789
97494
123456789
97496
123456789
97498
123456789
97500
123456789
97502
123456789
97504
123456789
97506
123456789
97508
123456789
97510
123456789
97512
123456789
97514
123456789
97516
123456789
97518
123456789
97520
123456789
97522
123456789
97524
123456789
97526
123456789
97528
123456789
97530
123456789
97532
123456789
97534
123456789
97536
123456789
97538
123456789
97540
123456789
97542
123456789
97544
123456789
97546
123456789
97548
123456789
97550
123456789
97552
123456789
97554
123456789
97556
123456789
97558
123456789
97560
123456789
97562
123456789
97564
123456789
97566
123456789
97568
123456789
97570
123456789
97572
123456789
97574
123456789
97576
123456789
97578
123456789
97580
123456789
97582
123456789
97584
123456789
97586
123456789
97588
123456789
97590
123456789
97592
123456789
97594
123456789
97596
123456789
97598
123456789
97600
123456789
97602
123456789
97604
123456789
97606
123456789
97608
123456789
97610
123456789
97612
123456789
97614
123456789
97616
123456789
97618
123456789
97620
123456789
97622
123456789
97624
123456789
97626
123456789
97628
123456789
97630
123456789
97632
123456789
97634
123456789
97636
123456789
97638
123456789
97640
123456789
97642
123456789
97644
123456789
97646
123456789
97648
123456789
97650
123456789
97652
123456789
97654
123456789
97656
123456789
97658
123456789
97660
123456789
97662
123456789
97664
123456789
97666
123456789
97668
123456789
97670
123456789
97672
123456789
97674
123456789
97676
123456789
97678
123456789
97680
123456789
97682
123456789
97684
123456789
97686
123456789
97688
123456789
97690
123456789
97692
123456789
97694
123456789
97696
123456789
97698
123456789
97700
123456789
97702
123456789
97704
123456789
97706
123456789
97708
123456789
97710
123456789
97712
123456789
97714
123456789
97716
123456789
97718
123456789
97720
123456789
97722
123456789
97724
123456789
97726
123456789
97728
123456789
97730
123456789
97732
123456789
97734
123456789
97736
123456789
97738
123456789
97740
123456789
97742
123456789
97744
123456789
97746
123456789
97748
123456789
97750
123456789
97752
123456789
97754
123456789
97756
123456789
97758
123456789
97760
123456789
97762
123456789
97764
123456789
97766
123456789
97768
123456789
97770
123456789
97772
123456789
97774
123456789
97776
123456789
97778
123456789
97780
123456789
97782
123456789
97784
123456789
97786
123456789
97788
123456789
97790
123456789
97792
123456789
97794
123456789
97796
123456789
97798
123456789
97800
123456789
97802
123456789
97804
123456789
97806
123456789
97808
123456789
97810
123456789
97812
123456789
97814
123456789
97816
123456789
97818
123456789
97820
123456789
97822
123456789
97824
123456789
97826
123456789
97828
123456789
97830
123456789
97832
123456789
97834
123456789
97836
123456789
97838
123456789
97840
123456789
97842
123456789
97844
123456789
97846
123456789
97848
123456789
97850
123456789
97852
123456789
97854
123456789
97856
123456789
97858
123456789
97860
123456789
97862
123456789
97864
123456789
97866
123456789
97868
123456789
97870
123456789
97872
123456789
97874
123456789
97876
123456789
97878
123456789
97880
123456789
97882
123456789
97884
123456789
97886
123456789
97888
123456789
97890
123456789
97892
123456789
97894
123456789
97896
123456789
97898
123456789
97900
123456789
97902
123456789
97904
123456789
97906
123456789
97908
123456789
97910
123456789
97912
123456789
97914
123456789
97916
123456789
97918
123456789
97920
123456789
97922
123456789
97924
123456789
97926
123456789
97928
123456789
97930
123456789
97932
123456789
97934
123456789
97936
123456789
97938
123456789
97940
123456789
97942
123456789
97944
123456789
97946
123456789
97948
123456789
97950
123456789
97952
123456789
97954
123456789
97956
123456789
97958
123456789
97960
123456789
97962
123456789
97964
123456789
97966
123456789
97968
123456789
97970
123456789
97972
123456789
97974
123456789
97976
123456789
97978
123456789
97980
123456789
97982
123456789
97984
123456789
97986
123456789
97988
123456789
97990
123456789
97992
123456789
97994
123456789
97996
123456789
97998
123456789
98000
123456789
98002
123456789
98004
123456789
98006
123456789
98008
123456789
98010
123456789
98012
123456789
98014
123456789
98016
123456789
98018
123456789
98020
123456789
98022
123456789
98024
123456789
98026
123456789
98028
123456789
98030
123456789
98032
123456789
98034
123456789
98036
123456789
98038
123456789
98040
123456789
98042
123456789
98044
123456789
98046
123456789
98048
123456789
98050
123456789
98052
123456789
98054
123456789
98056
123456789
98058
123456789
98060
123456789
98062
123456789
98064
123456789
98066
123456789
98068
123456789
98070
123456789
98072
123456789
98074
123456789
98076
123456789
98078
123456789
98080
123456789
98082
123456789
98084
123456789
98086
123456789
98088
123456789
98090
123456789
98092
123456789
98094
123456789
98096
123456789
98098
123456789
98100
123456789
98102
123456789
98104
123456789
98106
123456789
98108
123456789
98110
123456789
98112
123456789
98114
123456789
98116
123456789
98118
123456789
98120
123456789
98122
123456789
98124
123456789
98126
123456789
98128
123456789
98130
123456789
98132
123456789
98134
123456789
98136
123456789
98138
123456789
98140
123456789
98142
123456789
98144
123456789
98146
123456789
98148
123456789
98150
123456789
98152
123456789
98154
123456789
98156
123456789
98158
123456789
98160
123456789
98162
123456789
98164
123456789
98166
123456789
98168
123456789
98170
123456789
98172
123456789
98174
123456789
98176
123456789
98178
123456789
98180
123456789
98182
123456789
98184
123456789
98186
123456789
98188
123456789
98190
123456789
98192
123456789
98194
123456789
98196
123456789
98198
123456789
98200
123456789
98202
123456789
98204
123456789
98206
123456789
98208
123456789
98210
123456789
98212
123456789
98214
123456789
98216
123456789
98218
123456789
98220
123456789
98222
123456789
98224
123456789
98226
123456789
98228
123456789
98230
123456789
98232
123456789
98234
123456789
98236
123456789
98238
123456789
98240
123456789
98242
123456789
98244
123456789
98246
123456789
98248
123456789
98250
123456789
98252
123456789
98254
123456789
98256
123456789
98258
123456789
98260
123456789
98262
123456789
98264
123456789
98266
123456789
98268
123456789
98270
123456789
98272
123456789
98274
123456789
98276
123456789
98278
123456789
98280
123456789
98282
123456789
98284
123456789
98286
123456789
98288
123456789
98290
123456789
98292
123456789
98294
123456789
98296
123456789
98298
123456789
98300
123456789
98302
123456789
98304
123456789
98306
123456789
98308
123456789
98310
123456789
98312
123456789
98314
123456789
98316
123456789
98318
123456789
98320
123456789
98322
123456789
98324
123456789
98326
123456789
98328
123456789
98330
123456789
98332
123456789
98334
123456789
98336
123456789
98338
123456789
98340
123456789
98342
123456789
98344
123456789
98346
123456789
98348
123456789
98350
123456789
98352
123456789
98354
123456789
98356
123456789
98358
123456789
98360
123456789
98362
123456789
98364
123456789
98366
123456789
98368
123456789
98370
123456789
98372
123456789
98374
123456789
98376
123456789
98378
123456789
98380
123456789
98382
123456789
98384
123456789
98386
123456789
98388
123456789
98390
123456789
98392
123456789
98394
123456789
98396
123456789
98398
123456789
98400
123456789
98402
123456789
98404
123456789
98406
123456789
98408
123456789
98410
123456789
98412
123456789
98414
123456789
98416
123456789
98418
123456789
98420
123456789
98422
123456789
98424
123456789
98426
123456789
98428
123456789
98430
123456789
98432
123456789
98434
123456789
98436
123456789
98438
123456789
98440
123456789
98442
123456789
98444
123456789
98446
123456789
98448
123456789
98450
123456789
98452
123456789
98454
123456789
98456
123456789
98458
123456789
98460
123456789
98462
123456789
98464
123456789
98466
123456789
98468
123456789
98470
123456789
98472
123456789
98474
123456789
98476
123456789
98478
123456789
98480
123456789
98482
123456789
98484
123456789
98486
123456789
98488
123456789
98490
123456789
98492
123456789
98494
123456789
98496
123456789
98498
123456789
98500
123456789
98502
123456789
98504
123456789
98506
123456789
98508
123456789
98510
123456789
98512
123456789
98514
123456789
98516
123456789
98518
123456789
98520
123456789
98522
123456789
98524
123456789
98526
123456789
98528
123456789
98530
123456789
98532
123456789
98534
123456789
98536
123456789
98538
123456789
98540
123456789
98542
123456789
98544
123456789
98546
123456789
98548
123456789
98550
123456789
98552
123456789
98554
123456789
98556
123456789
98558
123456789
98560
123456789
98562
123456789
98564
123456789
98566
123456789
98568
123456789
98570
123456789
98572
123456789
98574
123456789
98576
123456789
98578
123456789
98580
123456789
98582
123456789
98584
123456789
98586
123456789
98588
123456789
98590
123456789
98592
123456789
98594
123456789
98596
123456789
98598
123456789
98600
123456789
98602
123456789
98604
123456789
98606
123456789
98608
123456789
98610
123456789
98612
123456789
98614
123456789
98616
123456789
98618
123456789
98620
123456789
98622
123456789
98624
123456789
98626
123456789
98628
123456789
98630
123456789
98632
123456789
98634
123456789
98636
123456789
98638
123456789
98640
123456789
98642
123456789
98644
123456789
98646
123456789
98648
123456789
98650
123456789
98652
123456789
98654
123456789
98656
123456789
98658
123456789
98660
123456789
98662
123456789
98664
123456789
98666
123456789
98668
123456789
98670
123456789
98672
123456789
98674
123456789
98676
123456789
98678
123456789
98680
123456789
98682
123456789
98684
123456789
98686
123456789
98688
123456789
98690
123456789
98692
123456789
98694
123456789
98696
123456789
98698
123456789
98700
123456789
98702
123456789
98704
123456789
98706
123456789
98708
123456789
98710
123456789
98712
123456789
98714
123456789
98716
123456789
98718
123456789
98720
123456789
98722
123456789
98724
123456789
98726
123456789
98728
123456789
98730
123456789
98732
123456789
98734
123456789
98736
123456789
98738
123456789
98740
123456789
98742
123456789
98744
123456789
98746
123456789
98748
123456789
98750
123456789
98752
123456789
98754
123456789
98756
123456789
98758
123456789
98760
123456789
98762
123456789
98764
123456789
98766
123456789
98768
123456789
98770
123456789
98772
123456789
98774
123456789
98776
123456789
98778
123456789
98780
123456789
98782
123456789
98784
123456789
98786
123456789
98788
123456789
98790
123456789
98792
123456789
98794
123456789
98796
123456789
98798
123456789
98800
123456789
98802
123456789
98804
123456789
98806
123456789
98808
123456789
98810
123456789
98812
123456789
98814
123456789
98816
123456789
98818
123456789
98820
123456789
98822
123456789
98824
123456789
98826
123456789
98828
123456789
98830
123456789
98832
123456789
98834
123456789
98836
123456789
98838
123456789
98840
123456789
98842
123456789
98844
123456789
98846
123456789
98848
123456789
98850
123456789
98852
123456789
98854
123456789
98856
123456789
98858
123456789
98860
123456789
98862
123456789
98864
123456789
98866
123456789
98868
123456789
98870
123456789
98872
123456789
98874
123456789
98876
123456789
98878
123456789
98880
123456789
98882
123456789
98884
123456789
98886
123456789
98888
123456789
98890
123456789
98892
123456789
98894
123456789
98896
123456789
98898
123456789
98900
123456789
98902
123456789
98904
123456789
98906
123456789
98908
123456789
98910
123456789
98912
123456789
98914
123456789
98916
123456789
98918
123456789
98920
123456789
98922
123456789
98924
123456789
98926
123456789
98928
123456789
98930
123456789
98932
123456789
98934
123456789
98936
123456789
98938
123456789
98940
123456789
98942
123456789
98944
123456789
98946
123456789
98948
123456789
98950
123456789
98952
123456789
98954
123456789
98956
123456789
98958
123456789
98960
123456789
98962
123456789
98964
123456789
98966
123456789
98968
123456789
98970
123456789
98972
123456789
98974
123456789
98976
123456789
98978
123456789
98980
123456789
98982
123456789
98984
123456789
98986
123456789
98988
123456789
98990
123456789
98992
123456789
98994
123456789
98996
123456789
98998
123456789
99000
123456789
99002
123456789
99004
123456789
99006
123456789
99008
123456789
99010
123456789
99012
123456789
99014
123456789
99016
123456789
99018
123456789
99020
123456789
99022
123456789
99024
123456789
99026
123456789
99028
123456789
99030
123456789
99032
123456789
99034
123456789
99036
123456789
99038
123456789
99040
123456789
99042
123456789
99044
123456789
99046
123456789
99048
123456789
99050
123456789
99052
123456789
99054
123456789
99056
123456789
99058
123456789
99060
123456789
99062
123456789
99064
123456789
99066
123456789
99068
123456789
99070
123456789
99072
123456789
99074
123456789
99076
123456789
99078
123456789
99080
123456789
99082
123456789
99084
123456789
99086
123456789
99088
123456789
99090
123456789
99092
123456789
99094
123456789
99096
123456789
99098
123456789
99100
123456789
99102
123456789
99104
123456789
99106
123456789
99108
123456789
99110
123456789
99112
123456789
99114
123456789
99116
123456789
99118
123456789
99120
123456789
99122
123456789
99124
123456789
99126
123456789
99128
123456789
99130
123456789
99132
123456789
99134
123456789
99136
123456789
99138
123456789
99140
123456789
99142
123456789
99144
123456789
99146
123456789
99148
123456789
99150
123456789
99152
123456789
99154
123456789
99156
123456789
99158
123456789
99160
123456789
99162
123456789
99164
123456789
99166
123456789
99168
123456789
99170
123456789
99172
123456789
99174
123456789
99176
123456789
99178
123456789
99180
123456789
99182
123456789
99184
123456789
99186
123456789
99188
123456789
99190
123456789
99192
123456789
99194
123456789
99196
123456789
99198
123456789
99200
123456789
99202
123456789
99204
123456789
99206
123456789
99208
123456789
99210
123456789
99212
123456789
99214
123456789
99216
123456789
99218
123456789
99220
123456789
99222
123456789
99224
123456789
99226
123456789
99228
123456789
99230
123456789
99232
123456789
99234
123456789
99236
123456789
99238
123456789
99240
123456789
99242
123456789
99244
123456789
99246
123456789
99248
123456789
99250
123456789
99252
123456789
99254
123456789
99256
123456789
99258
123456789
99260
123456789
99262
123456789
99264
123456789
99266
123456789
99268
123456789
99270
123456789
99272
123456789
99274
123456789
99276
123456789
99278
123456789
99280
123456789
99282
123456789
99284
123456789
99286
123456789
99288
123456789
99290
123456789
99292
123456789
99294
123456789
99296
123456789
99298
123456789
99300
123456789
99302
123456789
99304
123456789
99306
123456789
99308
123456789
99310
123456789
99312
123456789
99314
123456789
99316
123456789
99318
123456789
99320
123456789
99322
123456789
99324
123456789
99326
123456789
99328
123456789
99330
123456789
99332
123456789
99334
123456789
99336
123456789
99338
123456789
99340
123456789
99342
123456789
99344
123456789
99346
123456789
99348
123456789
99350
123456789
99352
123456789
99354
123456789
99356
123456789
99358
123456789
99360
123456789
99362
123456789
99364
123456789
99366
123456789
99368
123456789
99370
123456789
99372
123456789
99374
123456789
99376
123456789
99378
123456789
99380
123456789
99382
123456789
99384
123456789
99386
123456789
99388
123456789
99390
123456789
99392
123456789
99394
123456789
99396
123456789
99398
123456789
99400
123456789
99402
123456789
99404
123456789
99406
123456789
99408
123456789
99410
123456789
99412
123456789
99414
123456789
99416
123456789
99418
123456789
99420
123456789
99422
123456789
99424
123456789
99426
123456789
99428
123456789
99430
123456789
99432
123456789
99434
123456789
99436
123456789
99438
123456789
99440
123456789
99442
123456789
99444
123456789
99446
123456789
99448
123456789
99450
123456789
99452
123456789
99454
123456789
99456
123456789
99458
123456789
99460
123456789
99462
123456789
99464
123456789
99466
123456789
99468
123456789
99470
123456789
99472
123456789
99474
123456789
99476
123456789
99478
123456789
99480
123456789
99482
123456789
99484
123456789
99486
123456789
99488
123456789
99490
123456789
99492
123456789
99494
123456789
99496
123456789
99498
123456789
99500
123456789
99502
123456789
99504
123456789
99506
123456789
99508
123456789
99510
123456789
99512
123456789
99514
123456789
99516
123456789
99518
123456789
99520
123456789
99522
123456789
99524
123456789
99526
123456789
99528
123456789
99530
123456789
99532
123456789
99534
123456789
99536
123456789
99538
123456789
99540
123456789
99542
123456789
99544
123456789
99546
123456789
99548
123456789
99550
123456789
99552
123456789
99554
123456789
99556
123456789
99558
123456789
99560
123456789
99562
123456789
99564
123456789
99566
123456789
99568
123456789
99570
123456789
99572
123456789
99574
123456789
99576
123456789
99578
123456789
99580
123456789
99582
123456789
99584
123456789
99586
123456789
99588
123456789
99590
123456789
99592
123456789
99594
123456789
99596
123456789
99598
123456789
99600
123456789
99602
123456789
99604
123456789
99606
123456789
99608
123456789
99610
123456789
99612
123456789
99614
123456789
99616
123456789
99618
123456789
99620
123456789
99622
123456789
99624
123456789
99626
123456789
99628
123456789
99630
123456789
99632
123456789
99634
123456789
99636
123456789
99638
123456789
99640
123456789
99642
123456789
99644
123456789
99646
123456789
99648
123456789
99650
123456789
99652
123456789
99654
123456789
99656
123456789
99658
123456789
99660
123456789
99662
123456789
99664
123456789
99666
123456789
99668
123456789
99670
123456789
99672
123456789
99674
123456789
99676
123456789
99678
123456789
99680
123456789
99682
123456789
99684
123456789
99686
123456789
99688
123456789
99690
123456789
99692
123456789
99694
123456789
99696
123456789
99698
123456789
99700
123456789
99702
123456789
99704
123456789
99706
123456789
99708
123456789
99710
123456789
99712
123456789
99714
123456789
99716
123456789
99718
123456789
99720
123456789
99722
123456789
99724
123456789
99726
123456789
99728
123456789
99730
123456789
99732
123456789
99734
123456789
99736
123456789
99738
123456789
99740
123456789
99742
123456789
99744
123456789
99746
123456789
99748
123456789
99750
123456789
99752
123456789
99754
123456789
99756
123456789
99758
123456789
99760
123456789
99762
123456789
99764
123456789
99766
123456789
99768
123456789
99770
123456789
99772
123456789
99774
123456789
99776
123456789
99778
123456789
99780
123456789
99782
123456789
99784
123456789
99786
123456789
99788
123456789
99790
123456789
99792
123456789
99794
123456789
99796
123456789
99798
123456789
99800
123456789
99802
123456789
99804
123456789
99806
123456789
99808
123456789
99810
123456789
99812
123456789
99814
123456789
99816
123456789
99818
123456789
99820
123456789
99822
123456789
99824
123456789
99826
123456789
99828
123456789
99830
123456789
99832
123456789
99834
123456789
99836
123456789
99838
123456789
99840
123456789
99842
123456789
99844
123456789
99846
123456789
99848
123456789
99850
123456789
99852
123456789
99854
123456789
99856
123456789
99858
123456789
99860
123456789
99862
123456789
99864
123456789
99866
123456789
99868
123456789
99870
123456789
99872
123456789
99874
123456789
99876
123456789
99878
123456789
99880
123456789
99882
123456789
99884
123456789
99886
123456789
99888
123456789
99890
123456789
99892
123456789
99894
123456789
99896
123456789
99898
123456789
99900
123456789
99902
123456789
99904
123456789
99906
123456789
99908
123456789
99910
123456789
99912
123456789
99914
123456789
99916
123456789
99918
123456789
99920
123456789
99922
123456789
99924
123456789
99926
123456789
99928
123456789
99930
123456789
99932
123456789
99934
123456789
99936
123456789
99938
123456789
99940
123456789
99942
123456789
99944
123456789
99946
123456789
99948
123456789
99950
123456789
99952
123456789
99954
123456789
99956
123456789
99958
123456789
99960
123456789
99962
123456789
99964
123456789
99966
123456789
99968
123456789
99970
123456789
99972
123456789
99974
123456789
99976
123456789
99978
123456789
99980
123456789
99982
123456789
99984
123456789
99986
123456789
99988
123456789
99990
123456789
99992
123456789
99994
123456789
99996
123456789
99998
123456789
