0
1234567
2
1234567
4
1234567
6
1234567
8
1234567
10
1234567
12
1234567
14
1234567
16
1234567
18
1234567
20
1234567
22
1234567
24
1234567
26
1234567
28
1234567
30
1234567
32
1234567
34
1234567
36
1234567
38
1234567
40
1234567
42
1234567
44
1234567
46
1234567
48
1234567
50
1234567
52
1234567
54
1234567
56
1234567
58
1234567
60
1234567
62
1234567
64
1234567
66
1234567
68
1234567
70
1234567
72
1234567
74
1234567
76
1234567
78
1234567
80
1234567
82
1234567
84
1234567
86
1234567
88
1234567
90
1234567
92
1234567
94
1234567
96
1234567
98
1234567
100
1234567
102
1234567
104
1234567
106
1234567
108
1234567
110
1234567
112
1234567
114
1234567
116
1234567
118
1234567
120
1234567
122
1234567
124
1234567
126
1234567
128
1234567
130
1234567
132
1234567
134
1234567
136
1234567
138
1234567
140
1234567
142
1234567
144
1234567
146
1234567
148
1234567
150
1234567
152
1234567
154
1234567
156
1234567
158
1234567
160
1234567
162
1234567
164
1234567
166
1234567
168
1234567
170
1234567
172
1234567
174
1234567
176
1234567
178
1234567
180
1234567
182
1234567
184
1234567
186
1234567
188
1234567
190
1234567
192
1234567
194
1234567
196
1234567
198
1234567
200
1234567
202
1234567
204
1234567
206
1234567
208
1234567
210
1234567
212
1234567
214
1234567
216
1234567
218
1234567
220
1234567
222
1234567
224
1234567
226
1234567
228
1234567
230
1234567
232
1234567
234
1234567
236
1234567
238
1234567
240
1234567
242
1234567
244
1234567
246
1234567
248
1234567
250
1234567
252
1234567
254
1234567
256
1234567
258
1234567
260
1234567
262
1234567
264
1234567
266
1234567
268
1234567
270
1234567
272
1234567
274
1234567
276
1234567
278
1234567
280
1234567
282
1234567
284
1234567
286
1234567
288
1234567
290
1234567
292
1234567
294
1234567
296
1234567
298
1234567
300
1234567
302
1234567
304
1234567
306
1234567
308
1234567
310
1234567
312
1234567
314
1234567
316
1234567
318
1234567
320
1234567
322
1234567
324
1234567
326
1234567
328
1234567
330
1234567
332
1234567
334
1234567
336
1234567
338
1234567
340
1234567
342
1234567
344
1234567
346
1234567
348
1234567
350
1234567
352
1234567
354
1234567
356
1234567
358
1234567
360
1234567
362
1234567
364
1234567
366
1234567
368
1234567
370
1234567
372
1234567
374
1234567
376
1234567
378
1234567
380
1234567
382
1234567
384
1234567
386
1234567
388
1234567
390
1234567
392
1234567
394
1234567
396
1234567
398
1234567
400
1234567
402
1234567
404
1234567
406
1234567
408
1234567
410
1234567
412
1234567
414
1234567
416
1234567
418
1234567
420
1234567
422
1234567
424
1234567
426
1234567
428
1234567
430
1234567
432
1234567
434
1234567
436
1234567
438
1234567
440
1234567
442
1234567
444
1234567
446
1234567
448
1234567
450
1234567
452
1234567
454
1234567
456
1234567
458
1234567
460
1234567
462
1234567
464
1234567
466
1234567
468
1234567
470
1234567
472
1234567
474
1234567
476
1234567
478
1234567
480
1234567
482
1234567
484
1234567
486
1234567
488
1234567
490
1234567
492
1234567
494
1234567
496
1234567
498
1234567
500
1234567
502
1234567
504
1234567
506
1234567
508
1234567
510
1234567
512
1234567
514
1234567
516
1234567
518
1234567
520
1234567
522
1234567
524
1234567
526
1234567
528
1234567
530
1234567
532
1234567
534
1234567
536
1234567
538
1234567
540
1234567
542
1234567
544
1234567
546
1234567
548
1234567
550
1234567
552
1234567
554
1234567
556
1234567
558
1234567
560
1234567
562
1234567
564
1234567
566
1234567
568
1234567
570
1234567
572
1234567
574
1234567
576
1234567
578
1234567
580
1234567
582
1234567
584
1234567
586
1234567
588
1234567
590
1234567
592
1234567
594
1234567
596
1234567
598
1234567
600
1234567
602
1234567
604
1234567
606
1234567
608
1234567
610
1234567
612
1234567
614
1234567
616
1234567
618
1234567
620
1234567
622
1234567
624
1234567
626
1234567
628
1234567
630
1234567
632
1234567
634
1234567
636
1234567
638
1234567
640
1234567
642
1234567
644
1234567
646
1234567
648
1234567
650
1234567
652
1234567
654
1234567
656
1234567
658
1234567
660
1234567
662
1234567
664
1234567
666
1234567
668
1234567
670
1234567
672
1234567
674
1234567
676
1234567
678
1234567
680
1234567
682
1234567
684
1234567
686
1234567
688
1234567
690
1234567
692
1234567
694
1234567
696
1234567
698
1234567
700
1234567
702
1234567
704
1234567
706
1234567
708
1234567
710
1234567
712
1234567
714
1234567
716
1234567
718
1234567
720
1234567
722
1234567
724
1234567
726
1234567
728
1234567
730
1234567
732
1234567
734
1234567
736
1234567
738
1234567
740
1234567
742
1234567
744
1234567
746
1234567
748
1234567
750
1234567
752
1234567
754
1234567
756
1234567
758
1234567
760
1234567
762
1234567
764
1234567
766
1234567
768
1234567
770
1234567
772
1234567
774
1234567
776
1234567
778
1234567
780
1234567
782
1234567
784
1234567
786
1234567
788
1234567
790
1234567
792
1234567
794
1234567
796
1234567
798
1234567
800
1234567
802
1234567
804
1234567
806
1234567
808
1234567
810
1234567
812
1234567
814
1234567
816
1234567
818
1234567
820
1234567
822
1234567
824
1234567
826
1234567
828
1234567
830
1234567
832
1234567
834
1234567
836
1234567
838
1234567
840
1234567
842
1234567
844
1234567
846
1234567
848
1234567
850
1234567
852
1234567
854
1234567
856
1234567
858
1234567
860
1234567
862
1234567
864
1234567
866
1234567
868
1234567
870
1234567
872
1234567
874
1234567
876
1234567
878
1234567
880
1234567
882
1234567
884
1234567
886
1234567
888
1234567
890
1234567
892
1234567
894
1234567
896
1234567
898
1234567
900
1234567
902
1234567
904
1234567
906
1234567
908
1234567
910
1234567
912
1234567
914
1234567
916
1234567
918
1234567
920
1234567
922
1234567
924
1234567
926
1234567
928
1234567
930
1234567
932
1234567
934
1234567
936
1234567
938
1234567
940
1234567
942
1234567
944
1234567
946
1234567
948
1234567
950
1234567
952
1234567
954
1234567
956
1234567
958
1234567
960
1234567
962
1234567
964
1234567
966
1234567
968
1234567
970
1234567
972
1234567
974
1234567
976
1234567
978
1234567
980
1234567
982
1234567
984
1234567
986
1234567
988
1234567
990
1234567
992
1234567
994
1234567
996
1234567
998
1234567
1000
1234567
1002
1234567
1004
1234567
1006
1234567
1008
1234567
1010
1234567
1012
1234567
1014
1234567
1016
1234567
1018
1234567
1020
1234567
1022
1234567
1024
1234567
1026
1234567
1028
1234567
1030
1234567
1032
1234567
1034
1234567
1036
1234567
1038
1234567
1040
1234567
1042
1234567
1044
1234567
1046
1234567
1048
1234567
1050
1234567
1052
1234567
1054
1234567
1056
1234567
1058
1234567
1060
1234567
1062
1234567
1064
1234567
1066
1234567
1068
1234567
1070
1234567
1072
1234567
1074
1234567
1076
1234567
1078
1234567
1080
1234567
1082
1234567
1084
1234567
1086
1234567
1088
1234567
1090
1234567
1092
1234567
1094
1234567
1096
1234567
1098
1234567
1100
1234567
1102
1234567
1104
1234567
1106
1234567
1108
1234567
1110
1234567
1112
1234567
1114
1234567
1116
1234567
1118
1234567
1120
1234567
1122
1234567
1124
1234567
1126
1234567
1128
1234567
1130
1234567
1132
1234567
1134
1234567
1136
1234567
1138
1234567
1140
1234567
1142
1234567
1144
1234567
1146
1234567
1148
1234567
1150
1234567
1152
1234567
1154
1234567
1156
1234567
1158
1234567
1160
1234567
1162
1234567
1164
1234567
1166
1234567
1168
1234567
1170
1234567
1172
1234567
1174
1234567
1176
1234567
1178
1234567
1180
1234567
1182
1234567
1184
1234567
1186
1234567
1188
1234567
1190
1234567
1192
1234567
1194
1234567
1196
1234567
1198
1234567
1200
1234567
1202
1234567
1204
1234567
1206
1234567
1208
1234567
1210
1234567
1212
1234567
1214
1234567
1216
1234567
1218
1234567
1220
1234567
1222
1234567
1224
1234567
1226
1234567
1228
1234567
1230
1234567
1232
1234567
1234
1234567
1236
1234567
1238
1234567
1240
1234567
1242
1234567
1244
1234567
1246
1234567
1248
1234567
1250
1234567
1252
1234567
1254
1234567
1256
1234567
1258
1234567
1260
1234567
1262
1234567
1264
1234567
1266
1234567
1268
1234567
1270
1234567
1272
1234567
1274
1234567
1276
1234567
1278
1234567
1280
1234567
1282
1234567
1284
1234567
1286
1234567
1288
1234567
1290
1234567
1292
1234567
1294
1234567
1296
1234567
1298
1234567
1300
1234567
1302
1234567
1304
1234567
1306
1234567
1308
1234567
1310
1234567
1312
1234567
1314
1234567
1316
1234567
1318
1234567
1320
1234567
1322
1234567
1324
1234567
1326
1234567
1328
1234567
1330
1234567
1332
1234567
1334
1234567
1336
1234567
1338
1234567
1340
1234567
1342
1234567
1344
1234567
1346
1234567
1348
1234567
1350
1234567
1352
1234567
1354
1234567
1356
1234567
1358
1234567
1360
1234567
1362
1234567
1364
1234567
1366
1234567
1368
1234567
1370
1234567
1372
1234567
1374
1234567
1376
1234567
1378
1234567
1380
1234567
1382
1234567
1384
1234567
1386
1234567
1388
1234567
1390
1234567
1392
1234567
1394
1234567
1396
1234567
1398
1234567
1400
1234567
1402
1234567
1404
1234567
1406
1234567
1408
1234567
1410
1234567
1412
1234567
1414
1234567
1416
1234567
1418
1234567
1420
1234567
1422
1234567
1424
1234567
1426
1234567
1428
1234567
1430
1234567
1432
1234567
1434
1234567
1436
1234567
1438
1234567
1440
1234567
1442
1234567
1444
1234567
1446
1234567
1448
1234567
1450
1234567
1452
1234567
1454
1234567
1456
1234567
1458
1234567
1460
1234567
1462
1234567
1464
1234567
1466
1234567
1468
1234567
1470
1234567
1472
1234567
1474
1234567
1476
1234567
1478
1234567
1480
1234567
1482
1234567
1484
1234567
1486
1234567
1488
1234567
1490
1234567
1492
1234567
1494
1234567
1496
1234567
1498
1234567
1500
1234567
1502
1234567
1504
1234567
1506
1234567
1508
1234567
1510
1234567
1512
1234567
1514
1234567
1516
1234567
1518
1234567
1520
1234567
1522
1234567
1524
1234567
1526
1234567
1528
1234567
1530
1234567
1532
1234567
1534
1234567
1536
1234567
1538
1234567
1540
1234567
1542
1234567
1544
1234567
1546
1234567
1548
1234567
1550
1234567
1552
1234567
1554
1234567
1556
1234567
1558
1234567
1560
1234567
1562
1234567
1564
1234567
1566
1234567
1568
1234567
1570
1234567
1572
1234567
1574
1234567
1576
1234567
1578
1234567
1580
1234567
1582
1234567
1584
1234567
1586
1234567
1588
1234567
1590
1234567
1592
1234567
1594
1234567
1596
1234567
1598
1234567
1600
1234567
1602
1234567
1604
1234567
1606
1234567
1608
1234567
1610
1234567
1612
1234567
1614
1234567
1616
1234567
1618
1234567
1620
1234567
1622
1234567
1624
1234567
1626
1234567
1628
1234567
1630
1234567
1632
1234567
1634
1234567
1636
1234567
1638
1234567
1640
1234567
1642
1234567
1644
1234567
1646
1234567
1648
1234567
1650
1234567
1652
1234567
1654
1234567
1656
1234567
1658
1234567
1660
1234567
1662
1234567
1664
1234567
1666
1234567
1668
1234567
1670
1234567
1672
1234567
1674
1234567
1676
1234567
1678
1234567
1680
1234567
1682
1234567
1684
1234567
1686
1234567
1688
1234567
1690
1234567
1692
1234567
1694
1234567
1696
1234567
1698
1234567
1700
1234567
1702
1234567
1704
1234567
1706
1234567
1708
1234567
1710
1234567
1712
1234567
1714
1234567
1716
1234567
1718
1234567
1720
1234567
1722
1234567
1724
1234567
1726
1234567
1728
1234567
1730
1234567
1732
1234567
1734
1234567
1736
1234567
1738
1234567
1740
1234567
1742
1234567
1744
1234567
1746
1234567
1748
1234567
1750
1234567
1752
1234567
1754
1234567
1756
1234567
1758
1234567
1760
1234567
1762
1234567
1764
1234567
1766
1234567
1768
1234567
1770
1234567
1772
1234567
1774
1234567
1776
1234567
1778
1234567
1780
1234567
1782
1234567
1784
1234567
1786
1234567
1788
1234567
1790
1234567
1792
1234567
1794
1234567
1796
1234567
1798
1234567
1800
1234567
1802
1234567
1804
1234567
1806
1234567
1808
1234567
1810
1234567
1812
1234567
1814
1234567
1816
1234567
1818
1234567
1820
1234567
1822
1234567
1824
1234567
1826
1234567
1828
1234567
1830
1234567
1832
1234567
1834
1234567
1836
1234567
1838
1234567
1840
1234567
1842
1234567
1844
1234567
1846
1234567
1848
1234567
1850
1234567
1852
1234567
1854
1234567
1856
1234567
1858
1234567
1860
1234567
1862
1234567
1864
1234567
1866
1234567
1868
1234567
1870
1234567
1872
1234567
1874
1234567
1876
1234567
1878
1234567
1880
1234567
1882
1234567
1884
1234567
1886
1234567
1888
1234567
1890
1234567
1892
1234567
1894
1234567
1896
1234567
1898
1234567
1900
1234567
1902
1234567
1904
1234567
1906
1234567
1908
1234567
1910
1234567
1912
1234567
1914
1234567
1916
1234567
1918
1234567
1920
1234567
1922
1234567
1924
1234567
1926
1234567
1928
1234567
1930
1234567
1932
1234567
1934
1234567
1936
1234567
1938
1234567
1940
1234567
1942
1234567
1944
1234567
1946
1234567
1948
1234567
1950
1234567
1952
1234567
1954
1234567
1956
1234567
1958
1234567
1960
1234567
1962
1234567
1964
1234567
1966
1234567
1968
1234567
1970
1234567
1972
1234567
1974
1234567
1976
1234567
1978
1234567
1980
1234567
1982
1234567
1984
1234567
1986
1234567
1988
1234567
1990
1234567
1992
1234567
1994
1234567
1996
1234567
1998
1234567
2000
1234567
2002
1234567
2004
1234567
2006
1234567
2008
1234567
2010
1234567
2012
1234567
2014
1234567
2016
1234567
2018
1234567
2020
1234567
2022
1234567
2024
1234567
2026
1234567
2028
1234567
2030
1234567
2032
1234567
2034
1234567
2036
1234567
2038
1234567
2040
1234567
2042
1234567
2044
1234567
2046
1234567
2048
1234567
2050
1234567
2052
1234567
2054
1234567
2056
1234567
2058
1234567
2060
1234567
2062
1234567
2064
1234567
2066
1234567
2068
1234567
2070
1234567
2072
1234567
2074
1234567
2076
1234567
2078
1234567
2080
1234567
2082
1234567
2084
1234567
2086
1234567
2088
1234567
2090
1234567
2092
1234567
2094
1234567
2096
1234567
2098
1234567
2100
1234567
2102
1234567
2104
1234567
2106
1234567
2108
1234567
2110
1234567
2112
1234567
2114
1234567
2116
1234567
2118
1234567
2120
1234567
2122
1234567
2124
1234567
2126
1234567
2128
1234567
2130
1234567
2132
1234567
2134
1234567
2136
1234567
2138
1234567
2140
1234567
2142
1234567
2144
1234567
2146
1234567
2148
1234567
2150
1234567
2152
1234567
2154
1234567
2156
1234567
2158
1234567
2160
1234567
2162
1234567
2164
1234567
2166
1234567
2168
1234567
2170
1234567
2172
1234567
2174
1234567
2176
1234567
2178
1234567
2180
1234567
2182
1234567
2184
1234567
2186
1234567
2188
1234567
2190
1234567
2192
1234567
2194
1234567
2196
1234567
2198
1234567
2200
1234567
2202
1234567
2204
1234567
2206
1234567
2208
1234567
2210
1234567
2212
1234567
2214
1234567
2216
1234567
2218
1234567
2220
1234567
2222
1234567
2224
1234567
2226
1234567
2228
1234567
2230
1234567
2232
1234567
2234
1234567
2236
1234567
2238
1234567
2240
1234567
2242
1234567
2244
1234567
2246
1234567
2248
1234567
2250
1234567
2252
1234567
2254
1234567
2256
1234567
2258
1234567
2260
1234567
2262
1234567
2264
1234567
2266
1234567
2268
1234567
2270
1234567
2272
1234567
2274
1234567
2276
1234567
2278
1234567
2280
1234567
2282
1234567
2284
1234567
2286
1234567
2288
1234567
2290
1234567
2292
1234567
2294
1234567
2296
1234567
2298
1234567
2300
1234567
2302
1234567
2304
1234567
2306
1234567
2308
1234567
2310
1234567
2312
1234567
2314
1234567
2316
1234567
2318
1234567
2320
1234567
2322
1234567
2324
1234567
2326
1234567
2328
1234567
2330
1234567
2332
1234567
2334
1234567
2336
1234567
2338
1234567
2340
1234567
2342
1234567
2344
1234567
2346
1234567
2348
1234567
2350
1234567
2352
1234567
2354
1234567
2356
1234567
2358
1234567
2360
1234567
2362
1234567
2364
1234567
2366
1234567
2368
1234567
2370
1234567
2372
1234567
2374
1234567
2376
1234567
2378
1234567
2380
1234567
2382
1234567
2384
1234567
2386
1234567
2388
1234567
2390
1234567
2392
1234567
2394
1234567
2396
1234567
2398
1234567
2400
1234567
2402
1234567
2404
1234567
2406
1234567
2408
1234567
2410
1234567
2412
1234567
2414
1234567
2416
1234567
2418
1234567
2420
1234567
2422
1234567
2424
1234567
2426
1234567
2428
1234567
2430
1234567
2432
1234567
2434
1234567
2436
1234567
2438
1234567
2440
1234567
2442
1234567
2444
1234567
2446
1234567
2448
1234567
2450
1234567
2452
1234567
2454
1234567
2456
1234567
2458
1234567
2460
1234567
2462
1234567
2464
1234567
2466
1234567
2468
1234567
2470
1234567
2472
1234567
2474
1234567
2476
1234567
2478
1234567
2480
1234567
2482
1234567
2484
1234567
2486
1234567
2488
1234567
2490
1234567
2492
1234567
2494
1234567
2496
1234567
2498
1234567
2500
1234567
2502
1234567
2504
1234567
2506
1234567
2508
1234567
2510
1234567
2512
1234567
2514
1234567
2516
1234567
2518
1234567
2520
1234567
2522
1234567
2524
1234567
2526
1234567
2528
1234567
2530
1234567
2532
1234567
2534
1234567
2536
1234567
2538
1234567
2540
1234567
2542
1234567
2544
1234567
2546
1234567
2548
1234567
2550
1234567
2552
1234567
2554
1234567
2556
1234567
2558
1234567
2560
1234567
2562
1234567
2564
1234567
2566
1234567
2568
1234567
2570
1234567
2572
1234567
2574
1234567
2576
1234567
2578
1234567
2580
1234567
2582
1234567
2584
1234567
2586
1234567
2588
1234567
2590
1234567
2592
1234567
2594
1234567
2596
1234567
2598
1234567
2600
1234567
2602
1234567
2604
1234567
2606
1234567
2608
1234567
2610
1234567
2612
1234567
2614
1234567
2616
1234567
2618
1234567
2620
1234567
2622
1234567
2624
1234567
2626
1234567
2628
1234567
2630
1234567
2632
1234567
2634
1234567
2636
1234567
2638
1234567
2640
1234567
2642
1234567
2644
1234567
2646
1234567
2648
1234567
2650
1234567
2652
1234567
2654
1234567
2656
1234567
2658
1234567
2660
1234567
2662
1234567
2664
1234567
2666
1234567
2668
1234567
2670
1234567
2672
1234567
2674
1234567
2676
1234567
2678
1234567
2680
1234567
2682
1234567
2684
1234567
2686
1234567
2688
1234567
2690
1234567
2692
1234567
2694
1234567
2696
1234567
2698
1234567
2700
1234567
2702
1234567
2704
1234567
2706
1234567
2708
1234567
2710
1234567
2712
1234567
2714
1234567
2716
1234567
2718
1234567
2720
1234567
2722
1234567
2724
1234567
2726
1234567
2728
1234567
2730
1234567
2732
1234567
2734
1234567
2736
1234567
2738
1234567
2740
1234567
2742
1234567
2744
1234567
2746
1234567
2748
1234567
2750
1234567
2752
1234567
2754
1234567
2756
1234567
2758
1234567
2760
1234567
2762
1234567
2764
1234567
2766
1234567
2768
1234567
2770
1234567
2772
1234567
2774
1234567
2776
1234567
2778
1234567
2780
1234567
2782
1234567
2784
1234567
2786
1234567
2788
1234567
2790
1234567
2792
1234567
2794
1234567
2796
1234567
2798
1234567
2800
1234567
2802
1234567
2804
1234567
2806
1234567
2808
1234567
2810
1234567
2812
1234567
2814
1234567
2816
1234567
2818
1234567
2820
1234567
2822
1234567
2824
1234567
2826
1234567
2828
1234567
2830
1234567
2832
1234567
2834
1234567
2836
1234567
2838
1234567
2840
1234567
2842
1234567
2844
1234567
2846
1234567
2848
1234567
2850
1234567
2852
1234567
2854
1234567
2856
1234567
2858
1234567
2860
1234567
2862
1234567
2864
1234567
2866
1234567
2868
1234567
2870
1234567
2872
1234567
2874
1234567
2876
1234567
2878
1234567
2880
1234567
2882
1234567
2884
1234567
2886
1234567
2888
1234567
2890
1234567
2892
1234567
2894
1234567
2896
1234567
2898
1234567
2900
1234567
2902
1234567
2904
1234567
2906
1234567
2908
1234567
2910
1234567
2912
1234567
2914
1234567
2916
1234567
2918
1234567
2920
1234567
2922
1234567
2924
1234567
2926
1234567
2928
1234567
2930
1234567
2932
1234567
2934
1234567
2936
1234567
2938
1234567
2940
1234567
2942
1234567
2944
1234567
2946
1234567
2948
1234567
2950
1234567
2952
1234567
2954
1234567
2956
1234567
2958
1234567
2960
1234567
2962
1234567
2964
1234567
2966
1234567
2968
1234567
2970
1234567
2972
1234567
2974
1234567
2976
1234567
2978
1234567
2980
1234567
2982
1234567
2984
1234567
2986
1234567
2988
1234567
2990
1234567
2992
1234567
2994
1234567
2996
1234567
2998
1234567
3000
1234567
3002
1234567
3004
1234567
3006
1234567
3008
1234567
3010
1234567
3012
1234567
3014
1234567
3016
1234567
3018
1234567
3020
1234567
3022
1234567
3024
1234567
3026
1234567
3028
1234567
3030
1234567
3032
1234567
3034
1234567
3036
1234567
3038
1234567
3040
1234567
3042
1234567
3044
1234567
3046
1234567
3048
1234567
3050
1234567
3052
1234567
3054
1234567
3056
1234567
3058
1234567
3060
1234567
3062
1234567
3064
1234567
3066
1234567
3068
1234567
3070
1234567
3072
1234567
3074
1234567
3076
1234567
3078
1234567
3080
1234567
3082
1234567
3084
1234567
3086
1234567
3088
1234567
3090
1234567
3092
1234567
3094
1234567
3096
1234567
3098
1234567
3100
1234567
3102
1234567
3104
1234567
3106
1234567
3108
1234567
3110
1234567
3112
1234567
3114
1234567
3116
1234567
3118
1234567
3120
1234567
3122
1234567
3124
1234567
3126
1234567
3128
1234567
3130
1234567
3132
1234567
3134
1234567
3136
1234567
3138
1234567
3140
1234567
3142
1234567
3144
1234567
3146
1234567
3148
1234567
3150
1234567
3152
1234567
3154
1234567
3156
1234567
3158
1234567
3160
1234567
3162
1234567
3164
1234567
3166
1234567
3168
1234567
3170
1234567
3172
1234567
3174
1234567
3176
1234567
3178
1234567
3180
1234567
3182
1234567
3184
1234567
3186
1234567
3188
1234567
3190
1234567
3192
1234567
3194
1234567
3196
1234567
3198
1234567
3200
1234567
3202
1234567
3204
1234567
3206
1234567
3208
1234567
3210
1234567
3212
1234567
3214
1234567
3216
1234567
3218
1234567
3220
1234567
3222
1234567
3224
1234567
3226
1234567
3228
1234567
3230
1234567
3232
1234567
3234
1234567
3236
1234567
3238
1234567
3240
1234567
3242
1234567
3244
1234567
3246
1234567
3248
1234567
3250
1234567
3252
1234567
3254
1234567
3256
1234567
3258
1234567
3260
1234567
3262
1234567
3264
1234567
3266
1234567
3268
1234567
3270
1234567
3272
1234567
3274
1234567
3276
1234567
3278
1234567
3280
1234567
3282
1234567
3284
1234567
3286
1234567
3288
1234567
3290
1234567
3292
1234567
3294
1234567
3296
1234567
3298
1234567
3300
1234567
3302
1234567
3304
1234567
3306
1234567
3308
1234567
3310
1234567
3312
1234567
3314
1234567
3316
1234567
3318
1234567
3320
1234567
3322
1234567
3324
1234567
3326
1234567
3328
1234567
3330
1234567
3332
1234567
3334
1234567
3336
1234567
3338
1234567
3340
1234567
3342
1234567
3344
1234567
3346
1234567
3348
1234567
3350
1234567
3352
1234567
3354
1234567
3356
1234567
3358
1234567
3360
1234567
3362
1234567
3364
1234567
3366
1234567
3368
1234567
3370
1234567
3372
1234567
3374
1234567
3376
1234567
3378
1234567
3380
1234567
3382
1234567
3384
1234567
3386
1234567
3388
1234567
3390
1234567
3392
1234567
3394
1234567
3396
1234567
3398
1234567
3400
1234567
3402
1234567
3404
1234567
3406
1234567
3408
1234567
3410
1234567
3412
1234567
3414
1234567
3416
1234567
3418
1234567
3420
1234567
3422
1234567
3424
1234567
3426
1234567
3428
1234567
3430
1234567
3432
1234567
3434
1234567
3436
1234567
3438
1234567
3440
1234567
3442
1234567
3444
1234567
3446
1234567
3448
1234567
3450
1234567
3452
1234567
3454
1234567
3456
1234567
3458
1234567
3460
1234567
3462
1234567
3464
1234567
3466
1234567
3468
1234567
3470
1234567
3472
1234567
3474
1234567
3476
1234567
3478
1234567
3480
1234567
3482
1234567
3484
1234567
3486
1234567
3488
1234567
3490
1234567
3492
1234567
3494
1234567
3496
1234567
3498
1234567
3500
1234567
3502
1234567
3504
1234567
3506
1234567
3508
1234567
3510
1234567
3512
1234567
3514
1234567
3516
1234567
3518
1234567
3520
1234567
3522
1234567
3524
1234567
3526
1234567
3528
1234567
3530
1234567
3532
1234567
3534
1234567
3536
1234567
3538
1234567
3540
1234567
3542
1234567
3544
1234567
3546
1234567
3548
1234567
3550
1234567
3552
1234567
3554
1234567
3556
1234567
3558
1234567
3560
1234567
3562
1234567
3564
1234567
3566
1234567
3568
1234567
3570
1234567
3572
1234567
3574
1234567
3576
1234567
3578
1234567
3580
1234567
3582
1234567
3584
1234567
3586
1234567
3588
1234567
3590
1234567
3592
1234567
3594
1234567
3596
1234567
3598
1234567
3600
1234567
3602
1234567
3604
1234567
3606
1234567
3608
1234567
3610
1234567
3612
1234567
3614
1234567
3616
1234567
3618
1234567
3620
1234567
3622
1234567
3624
1234567
3626
1234567
3628
1234567
3630
1234567
3632
1234567
3634
1234567
3636
1234567
3638
1234567
3640
1234567
3642
1234567
3644
1234567
3646
1234567
3648
1234567
3650
1234567
3652
1234567
3654
1234567
3656
1234567
3658
1234567
3660
1234567
3662
1234567
3664
1234567
3666
1234567
3668
1234567
3670
1234567
3672
1234567
3674
1234567
3676
1234567
3678
1234567
3680
1234567
3682
1234567
3684
1234567
3686
1234567
3688
1234567
3690
1234567
3692
1234567
3694
1234567
3696
1234567
3698
1234567
3700
1234567
3702
1234567
3704
1234567
3706
1234567
3708
1234567
3710
1234567
3712
1234567
3714
1234567
3716
1234567
3718
1234567
3720
1234567
3722
1234567
3724
1234567
3726
1234567
3728
1234567
3730
1234567
3732
1234567
3734
1234567
3736
1234567
3738
1234567
3740
1234567
3742
1234567
3744
1234567
3746
1234567
3748
1234567
3750
1234567
3752
1234567
3754
1234567
3756
1234567
3758
1234567
3760
1234567
3762
1234567
3764
1234567
3766
1234567
3768
1234567
3770
1234567
3772
1234567
3774
1234567
3776
1234567
3778
1234567
3780
1234567
3782
1234567
3784
1234567
3786
1234567
3788
1234567
3790
1234567
3792
1234567
3794
1234567
3796
1234567
3798
1234567
3800
1234567
3802
1234567
3804
1234567
3806
1234567
3808
1234567
3810
1234567
3812
1234567
3814
1234567
3816
1234567
3818
1234567
3820
1234567
3822
1234567
3824
1234567
3826
1234567
3828
1234567
3830
1234567
3832
1234567
3834
1234567
3836
1234567
3838
1234567
3840
1234567
3842
1234567
3844
1234567
3846
1234567
3848
1234567
3850
1234567
3852
1234567
3854
1234567
3856
1234567
3858
1234567
3860
1234567
3862
1234567
3864
1234567
3866
1234567
3868
1234567
3870
1234567
3872
1234567
3874
1234567
3876
1234567
3878
1234567
3880
1234567
3882
1234567
3884
1234567
3886
1234567
3888
1234567
3890
1234567
3892
1234567
3894
1234567
3896
1234567
3898
1234567
3900
1234567
3902
1234567
3904
1234567
3906
1234567
3908
1234567
3910
1234567
3912
1234567
3914
1234567
3916
1234567
3918
1234567
3920
1234567
3922
1234567
3924
1234567
3926
1234567
3928
1234567
3930
1234567
3932
1234567
3934
1234567
3936
1234567
3938
1234567
3940
1234567
3942
1234567
3944
1234567
3946
1234567
3948
1234567
3950
1234567
3952
1234567
3954
1234567
3956
1234567
3958
1234567
3960
1234567
3962
1234567
3964
1234567
3966
1234567
3968
1234567
3970
1234567
3972
1234567
3974
1234567
3976
1234567
3978
1234567
3980
1234567
3982
1234567
3984
1234567
3986
1234567
3988
1234567
3990
1234567
3992
1234567
3994
1234567
3996
1234567
3998
1234567
4000
1234567
4002
1234567
4004
1234567
4006
1234567
4008
1234567
4010
1234567
4012
1234567
4014
1234567
4016
1234567
4018
1234567
4020
1234567
4022
1234567
4024
1234567
4026
1234567
4028
1234567
4030
1234567
4032
1234567
4034
1234567
4036
1234567
4038
1234567
4040
1234567
4042
1234567
4044
1234567
4046
1234567
4048
1234567
4050
1234567
4052
1234567
4054
1234567
4056
1234567
4058
1234567
4060
1234567
4062
1234567
4064
1234567
4066
1234567
4068
1234567
4070
1234567
4072
1234567
4074
1234567
4076
1234567
4078
1234567
4080
1234567
4082
1234567
4084
1234567
4086
1234567
4088
1234567
4090
1234567
4092
1234567
4094
1234567
4096
1234567
4098
1234567
4100
1234567
4102
1234567
4104
1234567
4106
1234567
4108
1234567
4110
1234567
4112
1234567
4114
1234567
4116
1234567
4118
1234567
4120
1234567
4122
1234567
4124
1234567
4126
1234567
4128
1234567
4130
1234567
4132
1234567
4134
1234567
4136
1234567
4138
1234567
4140
1234567
4142
1234567
4144
1234567
4146
1234567
4148
1234567
4150
1234567
4152
1234567
4154
1234567
4156
1234567
4158
1234567
4160
1234567
4162
1234567
4164
1234567
4166
1234567
4168
1234567
4170
1234567
4172
1234567
4174
1234567
4176
1234567
4178
1234567
4180
1234567
4182
1234567
4184
1234567
4186
1234567
4188
1234567
4190
1234567
4192
1234567
4194
1234567
4196
1234567
4198
1234567
4200
1234567
4202
1234567
4204
1234567
4206
1234567
4208
1234567
4210
1234567
4212
1234567
4214
1234567
4216
1234567
4218
1234567
4220
1234567
4222
1234567
4224
1234567
4226
1234567
4228
1234567
4230
1234567
4232
1234567
4234
1234567
4236
1234567
4238
1234567
4240
1234567
4242
1234567
4244
1234567
4246
1234567
4248
1234567
4250
1234567
4252
1234567
4254
1234567
4256
1234567
4258
1234567
4260
1234567
4262
1234567
4264
1234567
4266
1234567
4268
1234567
4270
1234567
4272
1234567
4274
1234567
4276
1234567
4278
1234567
4280
1234567
4282
1234567
4284
1234567
4286
1234567
4288
1234567
4290
1234567
4292
1234567
4294
1234567
4296
1234567
4298
1234567
4300
1234567
4302
1234567
4304
1234567
4306
1234567
4308
1234567
4310
1234567
4312
1234567
4314
1234567
4316
1234567
4318
1234567
4320
1234567
4322
1234567
4324
1234567
4326
1234567
4328
1234567
4330
1234567
4332
1234567
4334
1234567
4336
1234567
4338
1234567
4340
1234567
4342
1234567
4344
1234567
4346
1234567
4348
1234567
4350
1234567
4352
1234567
4354
1234567
4356
1234567
4358
1234567
4360
1234567
4362
1234567
4364
1234567
4366
1234567
4368
1234567
4370
1234567
4372
1234567
4374
1234567
4376
1234567
4378
1234567
4380
1234567
4382
1234567
4384
1234567
4386
1234567
4388
1234567
4390
1234567
4392
1234567
4394
1234567
4396
1234567
4398
1234567
4400
1234567
4402
1234567
4404
1234567
4406
1234567
4408
1234567
4410
1234567
4412
1234567
4414
1234567
4416
1234567
4418
1234567
4420
1234567
4422
1234567
4424
1234567
4426
1234567
4428
1234567
4430
1234567
4432
1234567
4434
1234567
4436
1234567
4438
1234567
4440
1234567
4442
1234567
4444
1234567
4446
1234567
4448
1234567
4450
1234567
4452
1234567
4454
1234567
4456
1234567
4458
1234567
4460
1234567
4462
1234567
4464
1234567
4466
1234567
4468
1234567
4470
1234567
4472
1234567
4474
1234567
4476
1234567
4478
1234567
4480
1234567
4482
1234567
4484
1234567
4486
1234567
4488
1234567
4490
1234567
4492
1234567
4494
1234567
4496
1234567
4498
1234567
4500
1234567
4502
1234567
4504
1234567
4506
1234567
4508
1234567
4510
1234567
4512
1234567
4514
1234567
4516
1234567
4518
1234567
4520
1234567
4522
1234567
4524
1234567
4526
1234567
4528
1234567
4530
1234567
4532
1234567
4534
1234567
4536
1234567
4538
1234567
4540
1234567
4542
1234567
4544
1234567
4546
1234567
4548
1234567
4550
1234567
4552
1234567
4554
1234567
4556
1234567
4558
1234567
4560
1234567
4562
1234567
4564
1234567
4566
1234567
4568
1234567
4570
1234567
4572
1234567
4574
1234567
4576
1234567
4578
1234567
4580
1234567
4582
1234567
4584
1234567
4586
1234567
4588
1234567
4590
1234567
4592
1234567
4594
1234567
4596
1234567
4598
1234567
4600
1234567
4602
1234567
4604
1234567
4606
1234567
4608
1234567
4610
1234567
4612
1234567
4614
1234567
4616
1234567
4618
1234567
4620
1234567
4622
1234567
4624
1234567
4626
1234567
4628
1234567
4630
1234567
4632
1234567
4634
1234567
4636
1234567
4638
1234567
4640
1234567
4642
1234567
4644
1234567
4646
1234567
4648
1234567
4650
1234567
4652
1234567
4654
1234567
4656
1234567
4658
1234567
4660
1234567
4662
1234567
4664
1234567
4666
1234567
4668
1234567
4670
1234567
4672
1234567
4674
1234567
4676
1234567
4678
1234567
4680
1234567
4682
1234567
4684
1234567
4686
1234567
4688
1234567
4690
1234567
4692
1234567
4694
1234567
4696
1234567
4698
1234567
4700
1234567
4702
1234567
4704
1234567
4706
1234567
4708
1234567
4710
1234567
4712
1234567
4714
1234567
4716
1234567
4718
1234567
4720
1234567
4722
1234567
4724
1234567
4726
1234567
4728
1234567
4730
1234567
4732
1234567
4734
1234567
4736
1234567
4738
1234567
4740
1234567
4742
1234567
4744
1234567
4746
1234567
4748
1234567
4750
1234567
4752
1234567
4754
1234567
4756
1234567
4758
1234567
4760
1234567
4762
1234567
4764
1234567
4766
1234567
4768
1234567
4770
1234567
4772
1234567
4774
1234567
4776
1234567
4778
1234567
4780
1234567
4782
1234567
4784
1234567
4786
1234567
4788
1234567
4790
1234567
4792
1234567
4794
1234567
4796
1234567
4798
1234567
4800
1234567
4802
1234567
4804
1234567
4806
1234567
4808
1234567
4810
1234567
4812
1234567
4814
1234567
4816
1234567
4818
1234567
4820
1234567
4822
1234567
4824
1234567
4826
1234567
4828
1234567
4830
1234567
4832
1234567
4834
1234567
4836
1234567
4838
1234567
4840
1234567
4842
1234567
4844
1234567
4846
1234567
4848
1234567
4850
1234567
4852
1234567
4854
1234567
4856
1234567
4858
1234567
4860
1234567
4862
1234567
4864
1234567
4866
1234567
4868
1234567
4870
1234567
4872
1234567
4874
1234567
4876
1234567
4878
1234567
4880
1234567
4882
1234567
4884
1234567
4886
1234567
4888
1234567
4890
1234567
4892
1234567
4894
1234567
4896
1234567
4898
1234567
4900
1234567
4902
1234567
4904
1234567
4906
1234567
4908
1234567
4910
1234567
4912
1234567
4914
1234567
4916
1234567
4918
1234567
4920
1234567
4922
1234567
4924
1234567
4926
1234567
4928
1234567
4930
1234567
4932
1234567
4934
1234567
4936
1234567
4938
1234567
4940
1234567
4942
1234567
4944
1234567
4946
1234567
4948
1234567
4950
1234567
4952
1234567
4954
1234567
4956
1234567
4958
1234567
4960
1234567
4962
1234567
4964
1234567
4966
1234567
4968
1234567
4970
1234567
4972
1234567
4974
1234567
4976
1234567
4978
1234567
4980
1234567
4982
1234567
4984
1234567
4986
1234567
4988
1234567
4990
1234567
4992
1234567
4994
1234567
4996
1234567
4998
1234567
5000
1234567
5002
1234567
5004
1234567
5006
1234567
5008
1234567
5010
1234567
5012
1234567
5014
1234567
5016
1234567
5018
1234567
5020
1234567
5022
1234567
5024
1234567
5026
1234567
5028
1234567
5030
1234567
5032
1234567
5034
1234567
5036
1234567
5038
1234567
5040
1234567
5042
1234567
5044
1234567
5046
1234567
5048
1234567
5050
1234567
5052
1234567
5054
1234567
5056
1234567
5058
1234567
5060
1234567
5062
1234567
5064
1234567
5066
1234567
5068
1234567
5070
1234567
5072
1234567
5074
1234567
5076
1234567
5078
1234567
5080
1234567
5082
1234567
5084
1234567
5086
1234567
5088
1234567
5090
1234567
5092
1234567
5094
1234567
5096
1234567
5098
1234567
5100
1234567
5102
1234567
5104
1234567
5106
1234567
5108
1234567
5110
1234567
5112
1234567
5114
1234567
5116
1234567
5118
1234567
5120
1234567
5122
1234567
5124
1234567
5126
1234567
5128
1234567
5130
1234567
5132
1234567
5134
1234567
5136
1234567
5138
1234567
5140
1234567
5142
1234567
5144
1234567
5146
1234567
5148
1234567
5150
1234567
5152
1234567
5154
1234567
5156
1234567
5158
1234567
5160
1234567
5162
1234567
5164
1234567
5166
1234567
5168
1234567
5170
1234567
5172
1234567
5174
1234567
5176
1234567
5178
1234567
5180
1234567
5182
1234567
5184
1234567
5186
1234567
5188
1234567
5190
1234567
5192
1234567
5194
1234567
5196
1234567
5198
1234567
5200
1234567
5202
1234567
5204
1234567
5206
1234567
5208
1234567
5210
1234567
5212
1234567
5214
1234567
5216
1234567
5218
1234567
5220
1234567
5222
1234567
5224
1234567
5226
1234567
5228
1234567
5230
1234567
5232
1234567
5234
1234567
5236
1234567
5238
1234567
5240
1234567
5242
1234567
5244
1234567
5246
1234567
5248
1234567
5250
1234567
5252
1234567
5254
1234567
5256
1234567
5258
1234567
5260
1234567
5262
1234567
5264
1234567
5266
1234567
5268
1234567
5270
1234567
5272
1234567
5274
1234567
5276
1234567
5278
1234567
5280
1234567
5282
1234567
5284
1234567
5286
1234567
5288
1234567
5290
1234567
5292
1234567
5294
1234567
5296
1234567
5298
1234567
5300
1234567
5302
1234567
5304
1234567
5306
1234567
5308
1234567
5310
1234567
5312
1234567
5314
1234567
5316
1234567
5318
1234567
5320
1234567
5322
1234567
5324
1234567
5326
1234567
5328
1234567
5330
1234567
5332
1234567
5334
1234567
5336
1234567
5338
1234567
5340
1234567
5342
1234567
5344
1234567
5346
1234567
5348
1234567
5350
1234567
5352
1234567
5354
1234567
5356
1234567
5358
1234567
5360
1234567
5362
1234567
5364
1234567
5366
1234567
5368
1234567
5370
1234567
5372
1234567
5374
1234567
5376
1234567
5378
1234567
5380
1234567
5382
1234567
5384
1234567
5386
1234567
5388
1234567
5390
1234567
5392
1234567
5394
1234567
5396
1234567
5398
1234567
5400
1234567
5402
1234567
5404
1234567
5406
1234567
5408
1234567
5410
1234567
5412
1234567
5414
1234567
5416
1234567
5418
1234567
5420
1234567
5422
1234567
5424
1234567
5426
1234567
5428
1234567
5430
1234567
5432
1234567
5434
1234567
5436
1234567
5438
1234567
5440
1234567
5442
1234567
5444
1234567
5446
1234567
5448
1234567
5450
1234567
5452
1234567
5454
1234567
5456
1234567
5458
1234567
5460
1234567
5462
1234567
5464
1234567
5466
1234567
5468
1234567
5470
1234567
5472
1234567
5474
1234567
5476
1234567
5478
1234567
5480
1234567
5482
1234567
5484
1234567
5486
1234567
5488
1234567
5490
1234567
5492
1234567
5494
1234567
5496
1234567
5498
1234567
5500
1234567
5502
1234567
5504
1234567
5506
1234567
5508
1234567
5510
1234567
5512
1234567
5514
1234567
5516
1234567
5518
1234567
5520
1234567
5522
1234567
5524
1234567
5526
1234567
5528
1234567
5530
1234567
5532
1234567
5534
1234567
5536
1234567
5538
1234567
5540
1234567
5542
1234567
5544
1234567
5546
1234567
5548
1234567
5550
1234567
5552
1234567
5554
1234567
5556
1234567
5558
1234567
5560
1234567
5562
1234567
5564
1234567
5566
1234567
5568
1234567
5570
1234567
5572
1234567
5574
1234567
5576
1234567
5578
1234567
5580
1234567
5582
1234567
5584
1234567
5586
1234567
5588
1234567
5590
1234567
5592
1234567
5594
1234567
5596
1234567
5598
1234567
5600
1234567
5602
1234567
5604
1234567
5606
1234567
5608
1234567
5610
1234567
5612
1234567
5614
1234567
5616
1234567
5618
1234567
5620
1234567
5622
1234567
5624
1234567
5626
1234567
5628
1234567
5630
1234567
5632
1234567
5634
1234567
5636
1234567
5638
1234567
5640
1234567
5642
1234567
5644
1234567
5646
1234567
5648
1234567
5650
1234567
5652
1234567
5654
1234567
5656
1234567
5658
1234567
5660
1234567
5662
1234567
5664
1234567
5666
1234567
5668
1234567
5670
1234567
5672
1234567
5674
1234567
5676
1234567
5678
1234567
5680
1234567
5682
1234567
5684
1234567
5686
1234567
5688
1234567
5690
1234567
5692
1234567
5694
1234567
5696
1234567
5698
1234567
5700
1234567
5702
1234567
5704
1234567
5706
1234567
5708
1234567
5710
1234567
5712
1234567
5714
1234567
5716
1234567
5718
1234567
5720
1234567
5722
1234567
5724
1234567
5726
1234567
5728
1234567
5730
1234567
5732
1234567
5734
1234567
5736
1234567
5738
1234567
5740
1234567
5742
1234567
5744
1234567
5746
1234567
5748
1234567
5750
1234567
5752
1234567
5754
1234567
5756
1234567
5758
1234567
5760
1234567
5762
1234567
5764
1234567
5766
1234567
5768
1234567
5770
1234567
5772
1234567
5774
1234567
5776
1234567
5778
1234567
5780
1234567
5782
1234567
5784
1234567
5786
1234567
5788
1234567
5790
1234567
5792
1234567
5794
1234567
5796
1234567
5798
1234567
5800
1234567
5802
1234567
5804
1234567
5806
1234567
5808
1234567
5810
1234567
5812
1234567
5814
1234567
5816
1234567
5818
1234567
5820
1234567
5822
1234567
5824
1234567
5826
1234567
5828
1234567
5830
1234567
5832
1234567
5834
1234567
5836
1234567
5838
1234567
5840
1234567
5842
1234567
5844
1234567
5846
1234567
5848
1234567
5850
1234567
5852
1234567
5854
1234567
5856
1234567
5858
1234567
5860
1234567
5862
1234567
5864
1234567
5866
1234567
5868
1234567
5870
1234567
5872
1234567
5874
1234567
5876
1234567
5878
1234567
5880
1234567
5882
1234567
5884
1234567
5886
1234567
5888
1234567
5890
1234567
5892
1234567
5894
1234567
5896
1234567
5898
1234567
5900
1234567
5902
1234567
5904
1234567
5906
1234567
5908
1234567
5910
1234567
5912
1234567
5914
1234567
5916
1234567
5918
1234567
5920
1234567
5922
1234567
5924
1234567
5926
1234567
5928
1234567
5930
1234567
5932
1234567
5934
1234567
5936
1234567
5938
1234567
5940
1234567
5942
1234567
5944
1234567
5946
1234567
5948
1234567
5950
1234567
5952
1234567
5954
1234567
5956
1234567
5958
1234567
5960
1234567
5962
1234567
5964
1234567
5966
1234567
5968
1234567
5970
1234567
5972
1234567
5974
1234567
5976
1234567
5978
1234567
5980
1234567
5982
1234567
5984
1234567
5986
1234567
5988
1234567
5990
1234567
5992
1234567
5994
1234567
5996
1234567
5998
1234567
6000
1234567
6002
1234567
6004
1234567
6006
1234567
6008
1234567
6010
1234567
6012
1234567
6014
1234567
6016
1234567
6018
1234567
6020
1234567
6022
1234567
6024
1234567
6026
1234567
6028
1234567
6030
1234567
6032
1234567
6034
1234567
6036
1234567
6038
1234567
6040
1234567
6042
1234567
6044
1234567
6046
1234567
6048
1234567
6050
1234567
6052
1234567
6054
1234567
6056
1234567
6058
1234567
6060
1234567
6062
1234567
6064
1234567
6066
1234567
6068
1234567
6070
1234567
6072
1234567
6074
1234567
6076
1234567
6078
1234567
6080
1234567
6082
1234567
6084
1234567
6086
1234567
6088
1234567
6090
1234567
6092
1234567
6094
1234567
6096
1234567
6098
1234567
6100
1234567
6102
1234567
6104
1234567
6106
1234567
6108
1234567
6110
1234567
6112
1234567
6114
1234567
6116
1234567
6118
1234567
6120
1234567
6122
1234567
6124
1234567
6126
1234567
6128
1234567
6130
1234567
6132
1234567
6134
1234567
6136
1234567
6138
1234567
6140
1234567
6142
1234567
6144
1234567
6146
1234567
6148
1234567
6150
1234567
6152
1234567
6154
1234567
6156
1234567
6158
1234567
6160
1234567
6162
1234567
6164
1234567
6166
1234567
6168
1234567
6170
1234567
6172
1234567
6174
1234567
6176
1234567
6178
1234567
6180
1234567
6182
1234567
6184
1234567
6186
1234567
6188
1234567
6190
1234567
6192
1234567
6194
1234567
6196
1234567
6198
1234567
6200
1234567
6202
1234567
6204
1234567
6206
1234567
6208
1234567
6210
1234567
6212
1234567
6214
1234567
6216
1234567
6218
1234567
6220
1234567
6222
1234567
6224
1234567
6226
1234567
6228
1234567
6230
1234567
6232
1234567
6234
1234567
6236
1234567
6238
1234567
6240
1234567
6242
1234567
6244
1234567
6246
1234567
6248
1234567
6250
1234567
6252
1234567
6254
1234567
6256
1234567
6258
1234567
6260
1234567
6262
1234567
6264
1234567
6266
1234567
6268
1234567
6270
1234567
6272
1234567
6274
1234567
6276
1234567
6278
1234567
6280
1234567
6282
1234567
6284
1234567
6286
1234567
6288
1234567
6290
1234567
6292
1234567
6294
1234567
6296
1234567
6298
1234567
6300
1234567
6302
1234567
6304
1234567
6306
1234567
6308
1234567
6310
1234567
6312
1234567
6314
1234567
6316
1234567
6318
1234567
6320
1234567
6322
1234567
6324
1234567
6326
1234567
6328
1234567
6330
1234567
6332
1234567
6334
1234567
6336
1234567
6338
1234567
6340
1234567
6342
1234567
6344
1234567
6346
1234567
6348
1234567
6350
1234567
6352
1234567
6354
1234567
6356
1234567
6358
1234567
6360
1234567
6362
1234567
6364
1234567
6366
1234567
6368
1234567
6370
1234567
6372
1234567
6374
1234567
6376
1234567
6378
1234567
6380
1234567
6382
1234567
6384
1234567
6386
1234567
6388
1234567
6390
1234567
6392
1234567
6394
1234567
6396
1234567
6398
1234567
6400
1234567
6402
1234567
6404
1234567
6406
1234567
6408
1234567
6410
1234567
6412
1234567
6414
1234567
6416
1234567
6418
1234567
6420
1234567
6422
1234567
6424
1234567
6426
1234567
6428
1234567
6430
1234567
6432
1234567
6434
1234567
6436
1234567
6438
1234567
6440
1234567
6442
1234567
6444
1234567
6446
1234567
6448
1234567
6450
1234567
6452
1234567
6454
1234567
6456
1234567
6458
1234567
6460
1234567
6462
1234567
6464
1234567
6466
1234567
6468
1234567
6470
1234567
6472
1234567
6474
1234567
6476
1234567
6478
1234567
6480
1234567
6482
1234567
6484
1234567
6486
1234567
6488
1234567
6490
1234567
6492
1234567
6494
1234567
6496
1234567
6498
1234567
6500
1234567
6502
1234567
6504
1234567
6506
1234567
6508
1234567
6510
1234567
6512
1234567
6514
1234567
6516
1234567
6518
1234567
6520
1234567
6522
1234567
6524
1234567
6526
1234567
6528
1234567
6530
1234567
6532
1234567
6534
1234567
6536
1234567
6538
1234567
6540
1234567
6542
1234567
6544
1234567
6546
1234567
6548
1234567
6550
1234567
6552
1234567
6554
1234567
6556
1234567
6558
1234567
6560
1234567
6562
1234567
6564
1234567
6566
1234567
6568
1234567
6570
1234567
6572
1234567
6574
1234567
6576
1234567
6578
1234567
6580
1234567
6582
1234567
6584
1234567
6586
1234567
6588
1234567
6590
1234567
6592
1234567
6594
1234567
6596
1234567
6598
1234567
6600
1234567
6602
1234567
6604
1234567
6606
1234567
6608
1234567
6610
1234567
6612
1234567
6614
1234567
6616
1234567
6618
1234567
6620
1234567
6622
1234567
6624
1234567
6626
1234567
6628
1234567
6630
1234567
6632
1234567
6634
1234567
6636
1234567
6638
1234567
6640
1234567
6642
1234567
6644
1234567
6646
1234567
6648
1234567
6650
1234567
6652
1234567
6654
1234567
6656
1234567
6658
1234567
6660
1234567
6662
1234567
6664
1234567
6666
1234567
6668
1234567
6670
1234567
6672
1234567
6674
1234567
6676
1234567
6678
1234567
6680
1234567
6682
1234567
6684
1234567
6686
1234567
6688
1234567
6690
1234567
6692
1234567
6694
1234567
6696
1234567
6698
1234567
6700
1234567
6702
1234567
6704
1234567
6706
1234567
6708
1234567
6710
1234567
6712
1234567
6714
1234567
6716
1234567
6718
1234567
6720
1234567
6722
1234567
6724
1234567
6726
1234567
6728
1234567
6730
1234567
6732
1234567
6734
1234567
6736
1234567
6738
1234567
6740
1234567
6742
1234567
6744
1234567
6746
1234567
6748
1234567
6750
1234567
6752
1234567
6754
1234567
6756
1234567
6758
1234567
6760
1234567
6762
1234567
6764
1234567
6766
1234567
6768
1234567
6770
1234567
6772
1234567
6774
1234567
6776
1234567
6778
1234567
6780
1234567
6782
1234567
6784
1234567
6786
1234567
6788
1234567
6790
1234567
6792
1234567
6794
1234567
6796
1234567
6798
1234567
6800
1234567
6802
1234567
6804
1234567
6806
1234567
6808
1234567
6810
1234567
6812
1234567
6814
1234567
6816
1234567
6818
1234567
6820
1234567
6822
1234567
6824
1234567
6826
1234567
6828
1234567
6830
1234567
6832
1234567
6834
1234567
6836
1234567
6838
1234567
6840
1234567
6842
1234567
6844
1234567
6846
1234567
6848
1234567
6850
1234567
6852
1234567
6854
1234567
6856
1234567
6858
1234567
6860
1234567
6862
1234567
6864
1234567
6866
1234567
6868
1234567
6870
1234567
6872
1234567
6874
1234567
6876
1234567
6878
1234567
6880
1234567
6882
1234567
6884
1234567
6886
1234567
6888
1234567
6890
1234567
6892
1234567
6894
1234567
6896
1234567
6898
1234567
6900
1234567
6902
1234567
6904
1234567
6906
1234567
6908
1234567
6910
1234567
6912
1234567
6914
1234567
6916
1234567
6918
1234567
6920
1234567
6922
1234567
6924
1234567
6926
1234567
6928
1234567
6930
1234567
6932
1234567
6934
1234567
6936
1234567
6938
1234567
6940
1234567
6942
1234567
6944
1234567
6946
1234567
6948
1234567
6950
1234567
6952
1234567
6954
1234567
6956
1234567
6958
1234567
6960
1234567
6962
1234567
6964
1234567
6966
1234567
6968
1234567
6970
1234567
6972
1234567
6974
1234567
6976
1234567
6978
1234567
6980
1234567
6982
1234567
6984
1234567
6986
1234567
6988
1234567
6990
1234567
6992
1234567
6994
1234567
6996
1234567
6998
1234567
7000
1234567
7002
1234567
7004
1234567
7006
1234567
7008
1234567
7010
1234567
7012
1234567
7014
1234567
7016
1234567
7018
1234567
7020
1234567
7022
1234567
7024
1234567
7026
1234567
7028
1234567
7030
1234567
7032
1234567
7034
1234567
7036
1234567
7038
1234567
7040
1234567
7042
1234567
7044
1234567
7046
1234567
7048
1234567
7050
1234567
7052
1234567
7054
1234567
7056
1234567
7058
1234567
7060
1234567
7062
1234567
7064
1234567
7066
1234567
7068
1234567
7070
1234567
7072
1234567
7074
1234567
7076
1234567
7078
1234567
7080
1234567
7082
1234567
7084
1234567
7086
1234567
7088
1234567
7090
1234567
7092
1234567
7094
1234567
7096
1234567
7098
1234567
7100
1234567
7102
1234567
7104
1234567
7106
1234567
7108
1234567
7110
1234567
7112
1234567
7114
1234567
7116
1234567
7118
1234567
7120
1234567
7122
1234567
7124
1234567
7126
1234567
7128
1234567
7130
1234567
7132
1234567
7134
1234567
7136
1234567
7138
1234567
7140
1234567
7142
1234567
7144
1234567
7146
1234567
7148
1234567
7150
1234567
7152
1234567
7154
1234567
7156
1234567
7158
1234567
7160
1234567
7162
1234567
7164
1234567
7166
1234567
7168
1234567
7170
1234567
7172
1234567
7174
1234567
7176
1234567
7178
1234567
7180
1234567
7182
1234567
7184
1234567
7186
1234567
7188
1234567
7190
1234567
7192
1234567
7194
1234567
7196
1234567
7198
1234567
7200
1234567
7202
1234567
7204
1234567
7206
1234567
7208
1234567
7210
1234567
7212
1234567
7214
1234567
7216
1234567
7218
1234567
7220
1234567
7222
1234567
7224
1234567
7226
1234567
7228
1234567
7230
1234567
7232
1234567
7234
1234567
7236
1234567
7238
1234567
7240
1234567
7242
1234567
7244
1234567
7246
1234567
7248
1234567
7250
1234567
7252
1234567
7254
1234567
7256
1234567
7258
1234567
7260
1234567
7262
1234567
7264
1234567
7266
1234567
7268
1234567
7270
1234567
7272
1234567
7274
1234567
7276
1234567
7278
1234567
7280
1234567
7282
1234567
7284
1234567
7286
1234567
7288
1234567
7290
1234567
7292
1234567
7294
1234567
7296
1234567
7298
1234567
7300
1234567
7302
1234567
7304
1234567
7306
1234567
7308
1234567
7310
1234567
7312
1234567
7314
1234567
7316
1234567
7318
1234567
7320
1234567
7322
1234567
7324
1234567
7326
1234567
7328
1234567
7330
1234567
7332
1234567
7334
1234567
7336
1234567
7338
1234567
7340
1234567
7342
1234567
7344
1234567
7346
1234567
7348
1234567
7350
1234567
7352
1234567
7354
1234567
7356
1234567
7358
1234567
7360
1234567
7362
1234567
7364
1234567
7366
1234567
7368
1234567
7370
1234567
7372
1234567
7374
1234567
7376
1234567
7378
1234567
7380
1234567
7382
1234567
7384
1234567
7386
1234567
7388
1234567
7390
1234567
7392
1234567
7394
1234567
7396
1234567
7398
1234567
7400
1234567
7402
1234567
7404
1234567
7406
1234567
7408
1234567
7410
1234567
7412
1234567
7414
1234567
7416
1234567
7418
1234567
7420
1234567
7422
1234567
7424
1234567
7426
1234567
7428
1234567
7430
1234567
7432
1234567
7434
1234567
7436
1234567
7438
1234567
7440
1234567
7442
1234567
7444
1234567
7446
1234567
7448
1234567
7450
1234567
7452
1234567
7454
1234567
7456
1234567
7458
1234567
7460
1234567
7462
1234567
7464
1234567
7466
1234567
7468
1234567
7470
1234567
7472
1234567
7474
1234567
7476
1234567
7478
1234567
7480
1234567
7482
1234567
7484
1234567
7486
1234567
7488
1234567
7490
1234567
7492
1234567
7494
1234567
7496
1234567
7498
1234567
7500
1234567
7502
1234567
7504
1234567
7506
1234567
7508
1234567
7510
1234567
7512
1234567
7514
1234567
7516
1234567
7518
1234567
7520
1234567
7522
1234567
7524
1234567
7526
1234567
7528
1234567
7530
1234567
7532
1234567
7534
1234567
7536
1234567
7538
1234567
7540
1234567
7542
1234567
7544
1234567
7546
1234567
7548
1234567
7550
1234567
7552
1234567
7554
1234567
7556
1234567
7558
1234567
7560
1234567
7562
1234567
7564
1234567
7566
1234567
7568
1234567
7570
1234567
7572
1234567
7574
1234567
7576
1234567
7578
1234567
7580
1234567
7582
1234567
7584
1234567
7586
1234567
7588
1234567
7590
1234567
7592
1234567
7594
1234567
7596
1234567
7598
1234567
7600
1234567
7602
1234567
7604
1234567
7606
1234567
7608
1234567
7610
1234567
7612
1234567
7614
1234567
7616
1234567
7618
1234567
7620
1234567
7622
1234567
7624
1234567
7626
1234567
7628
1234567
7630
1234567
7632
1234567
7634
1234567
7636
1234567
7638
1234567
7640
1234567
7642
1234567
7644
1234567
7646
1234567
7648
1234567
7650
1234567
7652
1234567
7654
1234567
7656
1234567
7658
1234567
7660
1234567
7662
1234567
7664
1234567
7666
1234567
7668
1234567
7670
1234567
7672
1234567
7674
1234567
7676
1234567
7678
1234567
7680
1234567
7682
1234567
7684
1234567
7686
1234567
7688
1234567
7690
1234567
7692
1234567
7694
1234567
7696
1234567
7698
1234567
7700
1234567
7702
1234567
7704
1234567
7706
1234567
7708
1234567
7710
1234567
7712
1234567
7714
1234567
7716
1234567
7718
1234567
7720
1234567
7722
1234567
7724
1234567
7726
1234567
7728
1234567
7730
1234567
7732
1234567
7734
1234567
7736
1234567
7738
1234567
7740
1234567
7742
1234567
7744
1234567
7746
1234567
7748
1234567
7750
1234567
7752
1234567
7754
1234567
7756
1234567
7758
1234567
7760
1234567
7762
1234567
7764
1234567
7766
1234567
7768
1234567
7770
1234567
7772
1234567
7774
1234567
7776
1234567
7778
1234567
7780
1234567
7782
1234567
7784
1234567
7786
1234567
7788
1234567
7790
1234567
7792
1234567
7794
1234567
7796
1234567
7798
1234567
7800
1234567
7802
1234567
7804
1234567
7806
1234567
7808
1234567
7810
1234567
7812
1234567
7814
1234567
7816
1234567
7818
1234567
7820
1234567
7822
1234567
7824
1234567
7826
1234567
7828
1234567
7830
1234567
7832
1234567
7834
1234567
7836
1234567
7838
1234567
7840
1234567
7842
1234567
7844
1234567
7846
1234567
7848
1234567
7850
1234567
7852
1234567
7854
1234567
7856
1234567
7858
1234567
7860
1234567
7862
1234567
7864
1234567
7866
1234567
7868
1234567
7870
1234567
7872
1234567
7874
1234567
7876
1234567
7878
1234567
7880
1234567
7882
1234567
7884
1234567
7886
1234567
7888
1234567
7890
1234567
7892
1234567
7894
1234567
7896
1234567
7898
1234567
7900
1234567
7902
1234567
7904
1234567
7906
1234567
7908
1234567
7910
1234567
7912
1234567
7914
1234567
7916
1234567
7918
1234567
7920
1234567
7922
1234567
7924
1234567
7926
1234567
7928
1234567
7930
1234567
7932
1234567
7934
1234567
7936
1234567
7938
1234567
7940
1234567
7942
1234567
7944
1234567
7946
1234567
7948
1234567
7950
1234567
7952
1234567
7954
1234567
7956
1234567
7958
1234567
7960
1234567
7962
1234567
7964
1234567
7966
1234567
7968
1234567
7970
1234567
7972
1234567
7974
1234567
7976
1234567
7978
1234567
7980
1234567
7982
1234567
7984
1234567
7986
1234567
7988
1234567
7990
1234567
7992
1234567
7994
1234567
7996
1234567
7998
1234567
8000
1234567
8002
1234567
8004
1234567
8006
1234567
8008
1234567
8010
1234567
8012
1234567
8014
1234567
8016
1234567
8018
1234567
8020
1234567
8022
1234567
8024
1234567
8026
1234567
8028
1234567
8030
1234567
8032
1234567
8034
1234567
8036
1234567
8038
1234567
8040
1234567
8042
1234567
8044
1234567
8046
1234567
8048
1234567
8050
1234567
8052
1234567
8054
1234567
8056
1234567
8058
1234567
8060
1234567
8062
1234567
8064
1234567
8066
1234567
8068
1234567
8070
1234567
8072
1234567
8074
1234567
8076
1234567
8078
1234567
8080
1234567
8082
1234567
8084
1234567
8086
1234567
8088
1234567
8090
1234567
8092
1234567
8094
1234567
8096
1234567
8098
1234567
8100
1234567
8102
1234567
8104
1234567
8106
1234567
8108
1234567
8110
1234567
8112
1234567
8114
1234567
8116
1234567
8118
1234567
8120
1234567
8122
1234567
8124
1234567
8126
1234567
8128
1234567
8130
1234567
8132
1234567
8134
1234567
8136
1234567
8138
1234567
8140
1234567
8142
1234567
8144
1234567
8146
1234567
8148
1234567
8150
1234567
8152
1234567
8154
1234567
8156
1234567
8158
1234567
8160
1234567
8162
1234567
8164
1234567
8166
1234567
8168
1234567
8170
1234567
8172
1234567
8174
1234567
8176
1234567
8178
1234567
8180
1234567
8182
1234567
8184
1234567
8186
1234567
8188
1234567
8190
1234567
8192
1234567
8194
1234567
8196
1234567
8198
1234567
8200
1234567
8202
1234567
8204
1234567
8206
1234567
8208
1234567
8210
1234567
8212
1234567
8214
1234567
8216
1234567
8218
1234567
8220
1234567
8222
1234567
8224
1234567
8226
1234567
8228
1234567
8230
1234567
8232
1234567
8234
1234567
8236
1234567
8238
1234567
8240
1234567
8242
1234567
8244
1234567
8246
1234567
8248
1234567
8250
1234567
8252
1234567
8254
1234567
8256
1234567
8258
1234567
8260
1234567
8262
1234567
8264
1234567
8266
1234567
8268
1234567
8270
1234567
8272
1234567
8274
1234567
8276
1234567
8278
1234567
8280
1234567
8282
1234567
8284
1234567
8286
1234567
8288
1234567
8290
1234567
8292
1234567
8294
1234567
8296
1234567
8298
1234567
8300
1234567
8302
1234567
8304
1234567
8306
1234567
8308
1234567
8310
1234567
8312
1234567
8314
1234567
8316
1234567
8318
1234567
8320
1234567
8322
1234567
8324
1234567
8326
1234567
8328
1234567
8330
1234567
8332
1234567
8334
1234567
8336
1234567
8338
1234567
8340
1234567
8342
1234567
8344
1234567
8346
1234567
8348
1234567
8350
1234567
8352
1234567
8354
1234567
8356
1234567
8358
1234567
8360
1234567
8362
1234567
8364
1234567
8366
1234567
8368
1234567
8370
1234567
8372
1234567
8374
1234567
8376
1234567
8378
1234567
8380
1234567
8382
1234567
8384
1234567
8386
1234567
8388
1234567
8390
1234567
8392
1234567
8394
1234567
8396
1234567
8398
1234567
8400
1234567
8402
1234567
8404
1234567
8406
1234567
8408
1234567
8410
1234567
8412
1234567
8414
1234567
8416
1234567
8418
1234567
8420
1234567
8422
1234567
8424
1234567
8426
1234567
8428
1234567
8430
1234567
8432
1234567
8434
1234567
8436
1234567
8438
1234567
8440
1234567
8442
1234567
8444
1234567
8446
1234567
8448
1234567
8450
1234567
8452
1234567
8454
1234567
8456
1234567
8458
1234567
8460
1234567
8462
1234567
8464
1234567
8466
1234567
8468
1234567
8470
1234567
8472
1234567
8474
1234567
8476
1234567
8478
1234567
8480
1234567
8482
1234567
8484
1234567
8486
1234567
8488
1234567
8490
1234567
8492
1234567
8494
1234567
8496
1234567
8498
1234567
8500
1234567
8502
1234567
8504
1234567
8506
1234567
8508
1234567
8510
1234567
8512
1234567
8514
1234567
8516
1234567
8518
1234567
8520
1234567
8522
1234567
8524
1234567
8526
1234567
8528
1234567
8530
1234567
8532
1234567
8534
1234567
8536
1234567
8538
1234567
8540
1234567
8542
1234567
8544
1234567
8546
1234567
8548
1234567
8550
1234567
8552
1234567
8554
1234567
8556
1234567
8558
1234567
8560
1234567
8562
1234567
8564
1234567
8566
1234567
8568
1234567
8570
1234567
8572
1234567
8574
1234567
8576
1234567
8578
1234567
8580
1234567
8582
1234567
8584
1234567
8586
1234567
8588
1234567
8590
1234567
8592
1234567
8594
1234567
8596
1234567
8598
1234567
8600
1234567
8602
1234567
8604
1234567
8606
1234567
8608
1234567
8610
1234567
8612
1234567
8614
1234567
8616
1234567
8618
1234567
8620
1234567
8622
1234567
8624
1234567
8626
1234567
8628
1234567
8630
1234567
8632
1234567
8634
1234567
8636
1234567
8638
1234567
8640
1234567
8642
1234567
8644
1234567
8646
1234567
8648
1234567
8650
1234567
8652
1234567
8654
1234567
8656
1234567
8658
1234567
8660
1234567
8662
1234567
8664
1234567
8666
1234567
8668
1234567
8670
1234567
8672
1234567
8674
1234567
8676
1234567
8678
1234567
8680
1234567
8682
1234567
8684
1234567
8686
1234567
8688
1234567
8690
1234567
8692
1234567
8694
1234567
8696
1234567
8698
1234567
8700
1234567
8702
1234567
8704
1234567
8706
1234567
8708
1234567
8710
1234567
8712
1234567
8714
1234567
8716
1234567
8718
1234567
8720
1234567
8722
1234567
8724
1234567
8726
1234567
8728
1234567
8730
1234567
8732
1234567
8734
1234567
8736
1234567
8738
1234567
8740
1234567
8742
1234567
8744
1234567
8746
1234567
8748
1234567
8750
1234567
8752
1234567
8754
1234567
8756
1234567
8758
1234567
8760
1234567
8762
1234567
8764
1234567
8766
1234567
8768
1234567
8770
1234567
8772
1234567
8774
1234567
8776
1234567
8778
1234567
8780
1234567
8782
1234567
8784
1234567
8786
1234567
8788
1234567
8790
1234567
8792
1234567
8794
1234567
8796
1234567
8798
1234567
8800
1234567
8802
1234567
8804
1234567
8806
1234567
8808
1234567
8810
1234567
8812
1234567
8814
1234567
8816
1234567
8818
1234567
8820
1234567
8822
1234567
8824
1234567
8826
1234567
8828
1234567
8830
1234567
8832
1234567
8834
1234567
8836
1234567
8838
1234567
8840
1234567
8842
1234567
8844
1234567
8846
1234567
8848
1234567
8850
1234567
8852
1234567
8854
1234567
8856
1234567
8858
1234567
8860
1234567
8862
1234567
8864
1234567
8866
1234567
8868
1234567
8870
1234567
8872
1234567
8874
1234567
8876
1234567
8878
1234567
8880
1234567
8882
1234567
8884
1234567
8886
1234567
8888
1234567
8890
1234567
8892
1234567
8894
1234567
8896
1234567
8898
1234567
8900
1234567
8902
1234567
8904
1234567
8906
1234567
8908
1234567
8910
1234567
8912
1234567
8914
1234567
8916
1234567
8918
1234567
8920
1234567
8922
1234567
8924
1234567
8926
1234567
8928
1234567
8930
1234567
8932
1234567
8934
1234567
8936
1234567
8938
1234567
8940
1234567
8942
1234567
8944
1234567
8946
1234567
8948
1234567
8950
1234567
8952
1234567
8954
1234567
8956
1234567
8958
1234567
8960
1234567
8962
1234567
8964
1234567
8966
1234567
8968
1234567
8970
1234567
8972
1234567
8974
1234567
8976
1234567
8978
1234567
8980
1234567
8982
1234567
8984
1234567
8986
1234567
8988
1234567
8990
1234567
8992
1234567
8994
1234567
8996
1234567
8998
1234567
9000
1234567
9002
1234567
9004
1234567
9006
1234567
9008
1234567
9010
1234567
9012
1234567
9014
1234567
9016
1234567
9018
1234567
9020
1234567
9022
1234567
9024
1234567
9026
1234567
9028
1234567
9030
1234567
9032
1234567
9034
1234567
9036
1234567
9038
1234567
9040
1234567
9042
1234567
9044
1234567
9046
1234567
9048
1234567
9050
1234567
9052
1234567
9054
1234567
9056
1234567
9058
1234567
9060
1234567
9062
1234567
9064
1234567
9066
1234567
9068
1234567
9070
1234567
9072
1234567
9074
1234567
9076
1234567
9078
1234567
9080
1234567
9082
1234567
9084
1234567
9086
1234567
9088
1234567
9090
1234567
9092
1234567
9094
1234567
9096
1234567
9098
1234567
9100
1234567
9102
1234567
9104
1234567
9106
1234567
9108
1234567
9110
1234567
9112
1234567
9114
1234567
9116
1234567
9118
1234567
9120
1234567
9122
1234567
9124
1234567
9126
1234567
9128
1234567
9130
1234567
9132
1234567
9134
1234567
9136
1234567
9138
1234567
9140
1234567
9142
1234567
9144
1234567
9146
1234567
9148
1234567
9150
1234567
9152
1234567
9154
1234567
9156
1234567
9158
1234567
9160
1234567
9162
1234567
9164
1234567
9166
1234567
9168
1234567
9170
1234567
9172
1234567
9174
1234567
9176
1234567
9178
1234567
9180
1234567
9182
1234567
9184
1234567
9186
1234567
9188
1234567
9190
1234567
9192
1234567
9194
1234567
9196
1234567
9198
1234567
9200
1234567
9202
1234567
9204
1234567
9206
1234567
9208
1234567
9210
1234567
9212
1234567
9214
1234567
9216
1234567
9218
1234567
9220
1234567
9222
1234567
9224
1234567
9226
1234567
9228
1234567
9230
1234567
9232
1234567
9234
1234567
9236
1234567
9238
1234567
9240
1234567
9242
1234567
9244
1234567
9246
1234567
9248
1234567
9250
1234567
9252
1234567
9254
1234567
9256
1234567
9258
1234567
9260
1234567
9262
1234567
9264
1234567
9266
1234567
9268
1234567
9270
1234567
9272
1234567
9274
1234567
9276
1234567
9278
1234567
9280
1234567
9282
1234567
9284
1234567
9286
1234567
9288
1234567
9290
1234567
9292
1234567
9294
1234567
9296
1234567
9298
1234567
9300
1234567
9302
1234567
9304
1234567
9306
1234567
9308
1234567
9310
1234567
9312
1234567
9314
1234567
9316
1234567
9318
1234567
9320
1234567
9322
1234567
9324
1234567
9326
1234567
9328
1234567
9330
1234567
9332
1234567
9334
1234567
9336
1234567
9338
1234567
9340
1234567
9342
1234567
9344
1234567
9346
1234567
9348
1234567
9350
1234567
9352
1234567
9354
1234567
9356
1234567
9358
1234567
9360
1234567
9362
1234567
9364
1234567
9366
1234567
9368
1234567
9370
1234567
9372
1234567
9374
1234567
9376
1234567
9378
1234567
9380
1234567
9382
1234567
9384
1234567
9386
1234567
9388
1234567
9390
1234567
9392
1234567
9394
1234567
9396
1234567
9398
1234567
9400
1234567
9402
1234567
9404
1234567
9406
1234567
9408
1234567
9410
1234567
9412
1234567
9414
1234567
9416
1234567
9418
1234567
9420
1234567
9422
1234567
9424
1234567
9426
1234567
9428
1234567
9430
1234567
9432
1234567
9434
1234567
9436
1234567
9438
1234567
9440
1234567
9442
1234567
9444
1234567
9446
1234567
9448
1234567
9450
1234567
9452
1234567
9454
1234567
9456
1234567
9458
1234567
9460
1234567
9462
1234567
9464
1234567
9466
1234567
9468
1234567
9470
1234567
9472
1234567
9474
1234567
9476
1234567
9478
1234567
9480
1234567
9482
1234567
9484
1234567
9486
1234567
9488
1234567
9490
1234567
9492
1234567
9494
1234567
9496
1234567
9498
1234567
9500
1234567
9502
1234567
9504
1234567
9506
1234567
9508
1234567
9510
1234567
9512
1234567
9514
1234567
9516
1234567
9518
1234567
9520
1234567
9522
1234567
9524
1234567
9526
1234567
9528
1234567
9530
1234567
9532
1234567
9534
1234567
9536
1234567
9538
1234567
9540
1234567
9542
1234567
9544
1234567
9546
1234567
9548
1234567
9550
1234567
9552
1234567
9554
1234567
9556
1234567
9558
1234567
9560
1234567
9562
1234567
9564
1234567
9566
1234567
9568
1234567
9570
1234567
9572
1234567
9574
1234567
9576
1234567
9578
1234567
9580
1234567
9582
1234567
9584
1234567
9586
1234567
9588
1234567
9590
1234567
9592
1234567
9594
1234567
9596
1234567
9598
1234567
9600
1234567
9602
1234567
9604
1234567
9606
1234567
9608
1234567
9610
1234567
9612
1234567
9614
1234567
9616
1234567
9618
1234567
9620
1234567
9622
1234567
9624
1234567
9626
1234567
9628
1234567
9630
1234567
9632
1234567
9634
1234567
9636
1234567
9638
1234567
9640
1234567
9642
1234567
9644
1234567
9646
1234567
9648
1234567
9650
1234567
9652
1234567
9654
1234567
9656
1234567
9658
1234567
9660
1234567
9662
1234567
9664
1234567
9666
1234567
9668
1234567
9670
1234567
9672
1234567
9674
1234567
9676
1234567
9678
1234567
9680
1234567
9682
1234567
9684
1234567
9686
1234567
9688
1234567
9690
1234567
9692
1234567
9694
1234567
9696
1234567
9698
1234567
9700
1234567
9702
1234567
9704
1234567
9706
1234567
9708
1234567
9710
1234567
9712
1234567
9714
1234567
9716
1234567
9718
1234567
9720
1234567
9722
1234567
9724
1234567
9726
1234567
9728
1234567
9730
1234567
9732
1234567
9734
1234567
9736
1234567
9738
1234567
9740
1234567
9742
1234567
9744
1234567
9746
1234567
9748
1234567
9750
1234567
9752
1234567
9754
1234567
9756
1234567
9758
1234567
9760
1234567
9762
1234567
9764
1234567
9766
1234567
9768
1234567
9770
1234567
9772
1234567
9774
1234567
9776
1234567
9778
1234567
9780
1234567
9782
1234567
9784
1234567
9786
1234567
9788
1234567
9790
1234567
9792
1234567
9794
1234567
9796
1234567
9798
1234567
9800
1234567
9802
1234567
9804
1234567
9806
1234567
9808
1234567
9810
1234567
9812
1234567
9814
1234567
9816
1234567
9818
1234567
9820
1234567
9822
1234567
9824
1234567
9826
1234567
9828
1234567
9830
1234567
9832
1234567
9834
1234567
9836
1234567
9838
1234567
9840
1234567
9842
1234567
9844
1234567
9846
1234567
9848
1234567
9850
1234567
9852
1234567
9854
1234567
9856
1234567
9858
1234567
9860
1234567
9862
1234567
9864
1234567
9866
1234567
9868
1234567
9870
1234567
9872
1234567
9874
1234567
9876
1234567
9878
1234567
9880
1234567
9882
1234567
9884
1234567
9886
1234567
9888
1234567
9890
1234567
9892
1234567
9894
1234567
9896
1234567
9898
1234567
9900
1234567
9902
1234567
9904
1234567
9906
1234567
9908
1234567
9910
1234567
9912
1234567
9914
1234567
9916
1234567
9918
1234567
9920
1234567
9922
1234567
9924
1234567
9926
1234567
9928
1234567
9930
1234567
9932
1234567
9934
1234567
9936
1234567
9938
1234567
9940
1234567
9942
1234567
9944
1234567
9946
1234567
9948
1234567
9950
1234567
9952
1234567
9954
1234567
9956
1234567
9958
1234567
9960
1234567
9962
1234567
9964
1234567
9966
1234567
9968
1234567
9970
1234567
9972
1234567
9974
1234567
9976
1234567
9978
1234567
9980
1234567
9982
1234567
9984
1234567
9986
1234567
9988
1234567
9990
1234567
9992
1234567
9994
1234567
9996
1234567
9998
1234567
10000
1234567
10002
1234567
10004
1234567
10006
1234567
10008
1234567
10010
1234567
10012
1234567
10014
1234567
10016
1234567
10018
1234567
10020
1234567
10022
1234567
10024
1234567
10026
1234567
10028
1234567
10030
1234567
10032
1234567
10034
1234567
10036
1234567
10038
1234567
10040
1234567
10042
1234567
10044
1234567
10046
1234567
10048
1234567
10050
1234567
10052
1234567
10054
1234567
10056
1234567
10058
1234567
10060
1234567
10062
1234567
10064
1234567
10066
1234567
10068
1234567
10070
1234567
10072
1234567
10074
1234567
10076
1234567
10078
1234567
10080
1234567
10082
1234567
10084
1234567
10086
1234567
10088
1234567
10090
1234567
10092
1234567
10094
1234567
10096
1234567
10098
1234567
10100
1234567
10102
1234567
10104
1234567
10106
1234567
10108
1234567
10110
1234567
10112
1234567
10114
1234567
10116
1234567
10118
1234567
10120
1234567
10122
1234567
10124
1234567
10126
1234567
10128
1234567
10130
1234567
10132
1234567
10134
1234567
10136
1234567
10138
1234567
10140
1234567
10142
1234567
10144
1234567
10146
1234567
10148
1234567
10150
1234567
10152
1234567
10154
1234567
10156
1234567
10158
1234567
10160
1234567
10162
1234567
10164
1234567
10166
1234567
10168
1234567
10170
1234567
10172
1234567
10174
1234567
10176
1234567
10178
1234567
10180
1234567
10182
1234567
10184
1234567
10186
1234567
10188
1234567
10190
1234567
10192
1234567
10194
1234567
10196
1234567
10198
1234567
10200
1234567
10202
1234567
10204
1234567
10206
1234567
10208
1234567
10210
1234567
10212
1234567
10214
1234567
10216
1234567
10218
1234567
10220
1234567
10222
1234567
10224
1234567
10226
1234567
10228
1234567
10230
1234567
10232
1234567
10234
1234567
10236
1234567
10238
1234567
10240
1234567
10242
1234567
10244
1234567
10246
1234567
10248
1234567
10250
1234567
10252
1234567
10254
1234567
10256
1234567
10258
1234567
10260
1234567
10262
1234567
10264
1234567
10266
1234567
10268
1234567
10270
1234567
10272
1234567
10274
1234567
10276
1234567
10278
1234567
10280
1234567
10282
1234567
10284
1234567
10286
1234567
10288
1234567
10290
1234567
10292
1234567
10294
1234567
10296
1234567
10298
1234567
10300
1234567
10302
1234567
10304
1234567
10306
1234567
10308
1234567
10310
1234567
10312
1234567
10314
1234567
10316
1234567
10318
1234567
10320
1234567
10322
1234567
10324
1234567
10326
1234567
10328
1234567
10330
1234567
10332
1234567
10334
1234567
10336
1234567
10338
1234567
10340
1234567
10342
1234567
10344
1234567
10346
1234567
10348
1234567
10350
1234567
10352
1234567
10354
1234567
10356
1234567
10358
1234567
10360
1234567
10362
1234567
10364
1234567
10366
1234567
10368
1234567
10370
1234567
10372
1234567
10374
1234567
10376
1234567
10378
1234567
10380
1234567
10382
1234567
10384
1234567
10386
1234567
10388
1234567
10390
1234567
10392
1234567
10394
1234567
10396
1234567
10398
1234567
10400
1234567
10402
1234567
10404
1234567
10406
1234567
10408
1234567
10410
1234567
10412
1234567
10414
1234567
10416
1234567
10418
1234567
10420
1234567
10422
1234567
10424
1234567
10426
1234567
10428
1234567
10430
1234567
10432
1234567
10434
1234567
10436
1234567
10438
1234567
10440
1234567
10442
1234567
10444
1234567
10446
1234567
10448
1234567
10450
1234567
10452
1234567
10454
1234567
10456
1234567
10458
1234567
10460
1234567
10462
1234567
10464
1234567
10466
1234567
10468
1234567
10470
1234567
10472
1234567
10474
1234567
10476
1234567
10478
1234567
10480
1234567
10482
1234567
10484
1234567
10486
1234567
10488
1234567
10490
1234567
10492
1234567
10494
1234567
10496
1234567
10498
1234567
10500
1234567
10502
1234567
10504
1234567
10506
1234567
10508
1234567
10510
1234567
10512
1234567
10514
1234567
10516
1234567
10518
1234567
10520
1234567
10522
1234567
10524
1234567
10526
1234567
10528
1234567
10530
1234567
10532
1234567
10534
1234567
10536
1234567
10538
1234567
10540
1234567
10542
1234567
10544
1234567
10546
1234567
10548
1234567
10550
1234567
10552
1234567
10554
1234567
10556
1234567
10558
1234567
10560
1234567
10562
1234567
10564
1234567
10566
1234567
10568
1234567
10570
1234567
10572
1234567
10574
1234567
10576
1234567
10578
1234567
10580
1234567
10582
1234567
10584
1234567
10586
1234567
10588
1234567
10590
1234567
10592
1234567
10594
1234567
10596
1234567
10598
1234567
10600
1234567
10602
1234567
10604
1234567
10606
1234567
10608
1234567
10610
1234567
10612
1234567
10614
1234567
10616
1234567
10618
1234567
10620
1234567
10622
1234567
10624
1234567
10626
1234567
10628
1234567
10630
1234567
10632
1234567
10634
1234567
10636
1234567
10638
1234567
10640
1234567
10642
1234567
10644
1234567
10646
1234567
10648
1234567
10650
1234567
10652
1234567
10654
1234567
10656
1234567
10658
1234567
10660
1234567
10662
1234567
10664
1234567
10666
1234567
10668
1234567
10670
1234567
10672
1234567
10674
1234567
10676
1234567
10678
1234567
10680
1234567
10682
1234567
10684
1234567
10686
1234567
10688
1234567
10690
1234567
10692
1234567
10694
1234567
10696
1234567
10698
1234567
10700
1234567
10702
1234567
10704
1234567
10706
1234567
10708
1234567
10710
1234567
10712
1234567
10714
1234567
10716
1234567
10718
1234567
10720
1234567
10722
1234567
10724
1234567
10726
1234567
10728
1234567
10730
1234567
10732
1234567
10734
1234567
10736
1234567
10738
1234567
10740
1234567
10742
1234567
10744
1234567
10746
1234567
10748
1234567
10750
1234567
10752
1234567
10754
1234567
10756
1234567
10758
1234567
10760
1234567
10762
1234567
10764
1234567
10766
1234567
10768
1234567
10770
1234567
10772
1234567
10774
1234567
10776
1234567
10778
1234567
10780
1234567
10782
1234567
10784
1234567
10786
1234567
10788
1234567
10790
1234567
10792
1234567
10794
1234567
10796
1234567
10798
1234567
10800
1234567
10802
1234567
10804
1234567
10806
1234567
10808
1234567
10810
1234567
10812
1234567
10814
1234567
10816
1234567
10818
1234567
10820
1234567
10822
1234567
10824
1234567
10826
1234567
10828
1234567
10830
1234567
10832
1234567
10834
1234567
10836
1234567
10838
1234567
10840
1234567
10842
1234567
10844
1234567
10846
1234567
10848
1234567
10850
1234567
10852
1234567
10854
1234567
10856
1234567
10858
1234567
10860
1234567
10862
1234567
10864
1234567
10866
1234567
10868
1234567
10870
1234567
10872
1234567
10874
1234567
10876
1234567
10878
1234567
10880
1234567
10882
1234567
10884
1234567
10886
1234567
10888
1234567
10890
1234567
10892
1234567
10894
1234567
10896
1234567
10898
1234567
10900
1234567
10902
1234567
10904
1234567
10906
1234567
10908
1234567
10910
1234567
10912
1234567
10914
1234567
10916
1234567
10918
1234567
10920
1234567
10922
1234567
10924
1234567
10926
1234567
10928
1234567
10930
1234567
10932
1234567
10934
1234567
10936
1234567
10938
1234567
10940
1234567
10942
1234567
10944
1234567
10946
1234567
10948
1234567
10950
1234567
10952
1234567
10954
1234567
10956
1234567
10958
1234567
10960
1234567
10962
1234567
10964
1234567
10966
1234567
10968
1234567
10970
1234567
10972
1234567
10974
1234567
10976
1234567
10978
1234567
10980
1234567
10982
1234567
10984
1234567
10986
1234567
10988
1234567
10990
1234567
10992
1234567
10994
1234567
10996
1234567
10998
1234567
11000
1234567
11002
1234567
11004
1234567
11006
1234567
11008
1234567
11010
1234567
11012
1234567
11014
1234567
11016
1234567
11018
1234567
11020
1234567
11022
1234567
11024
1234567
11026
1234567
11028
1234567
11030
1234567
11032
1234567
11034
1234567
11036
1234567
11038
1234567
11040
1234567
11042
1234567
11044
1234567
11046
1234567
11048
1234567
11050
1234567
11052
1234567
11054
1234567
11056
1234567
11058
1234567
11060
1234567
11062
1234567
11064
1234567
11066
1234567
11068
1234567
11070
1234567
11072
1234567
11074
1234567
11076
1234567
11078
1234567
11080
1234567
11082
1234567
11084
1234567
11086
1234567
11088
1234567
11090
1234567
11092
1234567
11094
1234567
11096
1234567
11098
1234567
11100
1234567
11102
1234567
11104
1234567
11106
1234567
11108
1234567
11110
1234567
11112
1234567
11114
1234567
11116
1234567
11118
1234567
11120
1234567
11122
1234567
11124
1234567
11126
1234567
11128
1234567
11130
1234567
11132
1234567
11134
1234567
11136
1234567
11138
1234567
11140
1234567
11142
1234567
11144
1234567
11146
1234567
11148
1234567
11150
1234567
11152
1234567
11154
1234567
11156
1234567
11158
1234567
11160
1234567
11162
1234567
11164
1234567
11166
1234567
11168
1234567
11170
1234567
11172
1234567
11174
1234567
11176
1234567
11178
1234567
11180
1234567
11182
1234567
11184
1234567
11186
1234567
11188
1234567
11190
1234567
11192
1234567
11194
1234567
11196
1234567
11198
1234567
11200
1234567
11202
1234567
11204
1234567
11206
1234567
11208
1234567
11210
1234567
11212
1234567
11214
1234567
11216
1234567
11218
1234567
11220
1234567
11222
1234567
11224
1234567
11226
1234567
11228
1234567
11230
1234567
11232
1234567
11234
1234567
11236
1234567
11238
1234567
11240
1234567
11242
1234567
11244
1234567
11246
1234567
11248
1234567
11250
1234567
11252
1234567
11254
1234567
11256
1234567
11258
1234567
11260
1234567
11262
1234567
11264
1234567
11266
1234567
11268
1234567
11270
1234567
11272
1234567
11274
1234567
11276
1234567
11278
1234567
11280
1234567
11282
1234567
11284
1234567
11286
1234567
11288
1234567
11290
1234567
11292
1234567
11294
1234567
11296
1234567
11298
1234567
11300
1234567
11302
1234567
11304
1234567
11306
1234567
11308
1234567
11310
1234567
11312
1234567
11314
1234567
11316
1234567
11318
1234567
11320
1234567
11322
1234567
11324
1234567
11326
1234567
11328
1234567
11330
1234567
11332
1234567
11334
1234567
11336
1234567
11338
1234567
11340
1234567
11342
1234567
11344
1234567
11346
1234567
11348
1234567
11350
1234567
11352
1234567
11354
1234567
11356
1234567
11358
1234567
11360
1234567
11362
1234567
11364
1234567
11366
1234567
11368
1234567
11370
1234567
11372
1234567
11374
1234567
11376
1234567
11378
1234567
11380
1234567
11382
1234567
11384
1234567
11386
1234567
11388
1234567
11390
1234567
11392
1234567
11394
1234567
11396
1234567
11398
1234567
11400
1234567
11402
1234567
11404
1234567
11406
1234567
11408
1234567
11410
1234567
11412
1234567
11414
1234567
11416
1234567
11418
1234567
11420
1234567
11422
1234567
11424
1234567
11426
1234567
11428
1234567
11430
1234567
11432
1234567
11434
1234567
11436
1234567
11438
1234567
11440
1234567
11442
1234567
11444
1234567
11446
1234567
11448
1234567
11450
1234567
11452
1234567
11454
1234567
11456
1234567
11458
1234567
11460
1234567
11462
1234567
11464
1234567
11466
1234567
11468
1234567
11470
1234567
11472
1234567
11474
1234567
11476
1234567
11478
1234567
11480
1234567
11482
1234567
11484
1234567
11486
1234567
11488
1234567
11490
1234567
11492
1234567
11494
1234567
11496
1234567
11498
1234567
11500
1234567
11502
1234567
11504
1234567
11506
1234567
11508
1234567
11510
1234567
11512
1234567
11514
1234567
11516
1234567
11518
1234567
11520
1234567
11522
1234567
11524
1234567
11526
1234567
11528
1234567
11530
1234567
11532
1234567
11534
1234567
11536
1234567
11538
1234567
11540
1234567
11542
1234567
11544
1234567
11546
1234567
11548
1234567
11550
1234567
11552
1234567
11554
1234567
11556
1234567
11558
1234567
11560
1234567
11562
1234567
11564
1234567
11566
1234567
11568
1234567
11570
1234567
11572
1234567
11574
1234567
11576
1234567
11578
1234567
11580
1234567
11582
1234567
11584
1234567
11586
1234567
11588
1234567
11590
1234567
11592
1234567
11594
1234567
11596
1234567
11598
1234567
11600
1234567
11602
1234567
11604
1234567
11606
1234567
11608
1234567
11610
1234567
11612
1234567
11614
1234567
11616
1234567
11618
1234567
11620
1234567
11622
1234567
11624
1234567
11626
1234567
11628
1234567
11630
1234567
11632
1234567
11634
1234567
11636
1234567
11638
1234567
11640
1234567
11642
1234567
11644
1234567
11646
1234567
11648
1234567
11650
1234567
11652
1234567
11654
1234567
11656
1234567
11658
1234567
11660
1234567
11662
1234567
11664
1234567
11666
1234567
11668
1234567
11670
1234567
11672
1234567
11674
1234567
11676
1234567
11678
1234567
11680
1234567
11682
1234567
11684
1234567
11686
1234567
11688
1234567
11690
1234567
11692
1234567
11694
1234567
11696
1234567
11698
1234567
11700
1234567
11702
1234567
11704
1234567
11706
1234567
11708
1234567
11710
1234567
11712
1234567
11714
1234567
11716
1234567
11718
1234567
11720
1234567
11722
1234567
11724
1234567
11726
1234567
11728
1234567
11730
1234567
11732
1234567
11734
1234567
11736
1234567
11738
1234567
11740
1234567
11742
1234567
11744
1234567
11746
1234567
11748
1234567
11750
1234567
11752
1234567
11754
1234567
11756
1234567
11758
1234567
11760
1234567
11762
1234567
11764
1234567
11766
1234567
11768
1234567
11770
1234567
11772
1234567
11774
1234567
11776
1234567
11778
1234567
11780
1234567
11782
1234567
11784
1234567
11786
1234567
11788
1234567
11790
1234567
11792
1234567
11794
1234567
11796
1234567
11798
1234567
11800
1234567
11802
1234567
11804
1234567
11806
1234567
11808
1234567
11810
1234567
11812
1234567
11814
1234567
11816
1234567
11818
1234567
11820
1234567
11822
1234567
11824
1234567
11826
1234567
11828
1234567
11830
1234567
11832
1234567
11834
1234567
11836
1234567
11838
1234567
11840
1234567
11842
1234567
11844
1234567
11846
1234567
11848
1234567
11850
1234567
11852
1234567
11854
1234567
11856
1234567
11858
1234567
11860
1234567
11862
1234567
11864
1234567
11866
1234567
11868
1234567
11870
1234567
11872
1234567
11874
1234567
11876
1234567
11878
1234567
11880
1234567
11882
1234567
11884
1234567
11886
1234567
11888
1234567
11890
1234567
11892
1234567
11894
1234567
11896
1234567
11898
1234567
11900
1234567
11902
1234567
11904
1234567
11906
1234567
11908
1234567
11910
1234567
11912
1234567
11914
1234567
11916
1234567
11918
1234567
11920
1234567
11922
1234567
11924
1234567
11926
1234567
11928
1234567
11930
1234567
11932
1234567
11934
1234567
11936
1234567
11938
1234567
11940
1234567
11942
1234567
11944
1234567
11946
1234567
11948
1234567
11950
1234567
11952
1234567
11954
1234567
11956
1234567
11958
1234567
11960
1234567
11962
1234567
11964
1234567
11966
1234567
11968
1234567
11970
1234567
11972
1234567
11974
1234567
11976
1234567
11978
1234567
11980
1234567
11982
1234567
11984
1234567
11986
1234567
11988
1234567
11990
1234567
11992
1234567
11994
1234567
11996
1234567
11998
1234567
12000
1234567
12002
1234567
12004
1234567
12006
1234567
12008
1234567
12010
1234567
12012
1234567
12014
1234567
12016
1234567
12018
1234567
12020
1234567
12022
1234567
12024
1234567
12026
1234567
12028
1234567
12030
1234567
12032
1234567
12034
1234567
12036
1234567
12038
1234567
12040
1234567
12042
1234567
12044
1234567
12046
1234567
12048
1234567
12050
1234567
12052
1234567
12054
1234567
12056
1234567
12058
1234567
12060
1234567
12062
1234567
12064
1234567
12066
1234567
12068
1234567
12070
1234567
12072
1234567
12074
1234567
12076
1234567
12078
1234567
12080
1234567
12082
1234567
12084
1234567
12086
1234567
12088
1234567
12090
1234567
12092
1234567
12094
1234567
12096
1234567
12098
1234567
12100
1234567
12102
1234567
12104
1234567
12106
1234567
12108
1234567
12110
1234567
12112
1234567
12114
1234567
12116
1234567
12118
1234567
12120
1234567
12122
1234567
12124
1234567
12126
1234567
12128
1234567
12130
1234567
12132
1234567
12134
1234567
12136
1234567
12138
1234567
12140
1234567
12142
1234567
12144
1234567
12146
1234567
12148
1234567
12150
1234567
12152
1234567
12154
1234567
12156
1234567
12158
1234567
12160
1234567
12162
1234567
12164
1234567
12166
1234567
12168
1234567
12170
1234567
12172
1234567
12174
1234567
12176
1234567
12178
1234567
12180
1234567
12182
1234567
12184
1234567
12186
1234567
12188
1234567
12190
1234567
12192
1234567
12194
1234567
12196
1234567
12198
1234567
12200
1234567
12202
1234567
12204
1234567
12206
1234567
12208
1234567
12210
1234567
12212
1234567
12214
1234567
12216
1234567
12218
1234567
12220
1234567
12222
1234567
12224
1234567
12226
1234567
12228
1234567
12230
1234567
12232
1234567
12234
1234567
12236
1234567
12238
1234567
12240
1234567
12242
1234567
12244
1234567
12246
1234567
12248
1234567
12250
1234567
12252
1234567
12254
1234567
12256
1234567
12258
1234567
12260
1234567
12262
1234567
12264
1234567
12266
1234567
12268
1234567
12270
1234567
12272
1234567
12274
1234567
12276
1234567
12278
1234567
12280
1234567
12282
1234567
12284
1234567
12286
1234567
12288
1234567
12290
1234567
12292
1234567
12294
1234567
12296
1234567
12298
1234567
12300
1234567
12302
1234567
12304
1234567
12306
1234567
12308
1234567
12310
1234567
12312
1234567
12314
1234567
12316
1234567
12318
1234567
12320
1234567
12322
1234567
12324
1234567
12326
1234567
12328
1234567
12330
1234567
12332
1234567
12334
1234567
12336
1234567
12338
1234567
12340
1234567
12342
1234567
12344
1234567
12346
1234567
12348
1234567
12350
1234567
12352
1234567
12354
1234567
12356
1234567
12358
1234567
12360
1234567
12362
1234567
12364
1234567
12366
1234567
12368
1234567
12370
1234567
12372
1234567
12374
1234567
12376
1234567
12378
1234567
12380
1234567
12382
1234567
12384
1234567
12386
1234567
12388
1234567
12390
1234567
12392
1234567
12394
1234567
12396
1234567
12398
1234567
12400
1234567
12402
1234567
12404
1234567
12406
1234567
12408
1234567
12410
1234567
12412
1234567
12414
1234567
12416
1234567
12418
1234567
12420
1234567
12422
1234567
12424
1234567
12426
1234567
12428
1234567
12430
1234567
12432
1234567
12434
1234567
12436
1234567
12438
1234567
12440
1234567
12442
1234567
12444
1234567
12446
1234567
12448
1234567
12450
1234567
12452
1234567
12454
1234567
12456
1234567
12458
1234567
12460
1234567
12462
1234567
12464
1234567
12466
1234567
12468
1234567
12470
1234567
12472
1234567
12474
1234567
12476
1234567
12478
1234567
12480
1234567
12482
1234567
12484
1234567
12486
1234567
12488
1234567
12490
1234567
12492
1234567
12494
1234567
12496
1234567
12498
1234567
12500
1234567
12502
1234567
12504
1234567
12506
1234567
12508
1234567
12510
1234567
12512
1234567
12514
1234567
12516
1234567
12518
1234567
12520
1234567
12522
1234567
12524
1234567
12526
1234567
12528
1234567
12530
1234567
12532
1234567
12534
1234567
12536
1234567
12538
1234567
12540
1234567
12542
1234567
12544
1234567
12546
1234567
12548
1234567
12550
1234567
12552
1234567
12554
1234567
12556
1234567
12558
1234567
12560
1234567
12562
1234567
12564
1234567
12566
1234567
12568
1234567
12570
1234567
12572
1234567
12574
1234567
12576
1234567
12578
1234567
12580
1234567
12582
1234567
12584
1234567
12586
1234567
12588
1234567
12590
1234567
12592
1234567
12594
1234567
12596
1234567
12598
1234567
12600
1234567
12602
1234567
12604
1234567
12606
1234567
12608
1234567
12610
1234567
12612
1234567
12614
1234567
12616
1234567
12618
1234567
12620
1234567
12622
1234567
12624
1234567
12626
1234567
12628
1234567
12630
1234567
12632
1234567
12634
1234567
12636
1234567
12638
1234567
12640
1234567
12642
1234567
12644
1234567
12646
1234567
12648
1234567
12650
1234567
12652
1234567
12654
1234567
12656
1234567
12658
1234567
12660
1234567
12662
1234567
12664
1234567
12666
1234567
12668
1234567
12670
1234567
12672
1234567
12674
1234567
12676
1234567
12678
1234567
12680
1234567
12682
1234567
12684
1234567
12686
1234567
12688
1234567
12690
1234567
12692
1234567
12694
1234567
12696
1234567
12698
1234567
12700
1234567
12702
1234567
12704
1234567
12706
1234567
12708
1234567
12710
1234567
12712
1234567
12714
1234567
12716
1234567
12718
1234567
12720
1234567
12722
1234567
12724
1234567
12726
1234567
12728
1234567
12730
1234567
12732
1234567
12734
1234567
12736
1234567
12738
1234567
12740
1234567
12742
1234567
12744
1234567
12746
1234567
12748
1234567
12750
1234567
12752
1234567
12754
1234567
12756
1234567
12758
1234567
12760
1234567
12762
1234567
12764
1234567
12766
1234567
12768
1234567
12770
1234567
12772
1234567
12774
1234567
12776
1234567
12778
1234567
12780
1234567
12782
1234567
12784
1234567
12786
1234567
12788
1234567
12790
1234567
12792
1234567
12794
1234567
12796
1234567
12798
1234567
12800
1234567
12802
1234567
12804
1234567
12806
1234567
12808
1234567
12810
1234567
12812
1234567
12814
1234567
12816
1234567
12818
1234567
12820
1234567
12822
1234567
12824
1234567
12826
1234567
12828
1234567
12830
1234567
12832
1234567
12834
1234567
12836
1234567
12838
1234567
12840
1234567
12842
1234567
12844
1234567
12846
1234567
12848
1234567
12850
1234567
12852
1234567
12854
1234567
12856
1234567
12858
1234567
12860
1234567
12862
1234567
12864
1234567
12866
1234567
12868
1234567
12870
1234567
12872
1234567
12874
1234567
12876
1234567
12878
1234567
12880
1234567
12882
1234567
12884
1234567
12886
1234567
12888
1234567
12890
1234567
12892
1234567
12894
1234567
12896
1234567
12898
1234567
12900
1234567
12902
1234567
12904
1234567
12906
1234567
12908
1234567
12910
1234567
12912
1234567
12914
1234567
12916
1234567
12918
1234567
12920
1234567
12922
1234567
12924
1234567
12926
1234567
12928
1234567
12930
1234567
12932
1234567
12934
1234567
12936
1234567
12938
1234567
12940
1234567
12942
1234567
12944
1234567
12946
1234567
12948
1234567
12950
1234567
12952
1234567
12954
1234567
12956
1234567
12958
1234567
12960
1234567
12962
1234567
12964
1234567
12966
1234567
12968
1234567
12970
1234567
12972
1234567
12974
1234567
12976
1234567
12978
1234567
12980
1234567
12982
1234567
12984
1234567
12986
1234567
12988
1234567
12990
1234567
12992
1234567
12994
1234567
12996
1234567
12998
1234567
13000
1234567
13002
1234567
13004
1234567
13006
1234567
13008
1234567
13010
1234567
13012
1234567
13014
1234567
13016
1234567
13018
1234567
13020
1234567
13022
1234567
13024
1234567
13026
1234567
13028
1234567
13030
1234567
13032
1234567
13034
1234567
13036
1234567
13038
1234567
13040
1234567
13042
1234567
13044
1234567
13046
1234567
13048
1234567
13050
1234567
13052
1234567
13054
1234567
13056
1234567
13058
1234567
13060
1234567
13062
1234567
13064
1234567
13066
1234567
13068
1234567
13070
1234567
13072
1234567
13074
1234567
13076
1234567
13078
1234567
13080
1234567
13082
1234567
13084
1234567
13086
1234567
13088
1234567
13090
1234567
13092
1234567
13094
1234567
13096
1234567
13098
1234567
13100
1234567
13102
1234567
13104
1234567
13106
1234567
13108
1234567
13110
1234567
13112
1234567
13114
1234567
13116
1234567
13118
1234567
13120
1234567
13122
1234567
13124
1234567
13126
1234567
13128
1234567
13130
1234567
13132
1234567
13134
1234567
13136
1234567
13138
1234567
13140
1234567
13142
1234567
13144
1234567
13146
1234567
13148
1234567
13150
1234567
13152
1234567
13154
1234567
13156
1234567
13158
1234567
13160
1234567
13162
1234567
13164
1234567
13166
1234567
13168
1234567
13170
1234567
13172
1234567
13174
1234567
13176
1234567
13178
1234567
13180
1234567
13182
1234567
13184
1234567
13186
1234567
13188
1234567
13190
1234567
13192
1234567
13194
1234567
13196
1234567
13198
1234567
13200
1234567
13202
1234567
13204
1234567
13206
1234567
13208
1234567
13210
1234567
13212
1234567
13214
1234567
13216
1234567
13218
1234567
13220
1234567
13222
1234567
13224
1234567
13226
1234567
13228
1234567
13230
1234567
13232
1234567
13234
1234567
13236
1234567
13238
1234567
13240
1234567
13242
1234567
13244
1234567
13246
1234567
13248
1234567
13250
1234567
13252
1234567
13254
1234567
13256
1234567
13258
1234567
13260
1234567
13262
1234567
13264
1234567
13266
1234567
13268
1234567
13270
1234567
13272
1234567
13274
1234567
13276
1234567
13278
1234567
13280
1234567
13282
1234567
13284
1234567
13286
1234567
13288
1234567
13290
1234567
13292
1234567
13294
1234567
13296
1234567
13298
1234567
13300
1234567
13302
1234567
13304
1234567
13306
1234567
13308
1234567
13310
1234567
13312
1234567
13314
1234567
13316
1234567
13318
1234567
13320
1234567
13322
1234567
13324
1234567
13326
1234567
13328
1234567
13330
1234567
13332
1234567
13334
1234567
13336
1234567
13338
1234567
13340
1234567
13342
1234567
13344
1234567
13346
1234567
13348
1234567
13350
1234567
13352
1234567
13354
1234567
13356
1234567
13358
1234567
13360
1234567
13362
1234567
13364
1234567
13366
1234567
13368
1234567
13370
1234567
13372
1234567
13374
1234567
13376
1234567
13378
1234567
13380
1234567
13382
1234567
13384
1234567
13386
1234567
13388
1234567
13390
1234567
13392
1234567
13394
1234567
13396
1234567
13398
1234567
13400
1234567
13402
1234567
13404
1234567
13406
1234567
13408
1234567
13410
1234567
13412
1234567
13414
1234567
13416
1234567
13418
1234567
13420
1234567
13422
1234567
13424
1234567
13426
1234567
13428
1234567
13430
1234567
13432
1234567
13434
1234567
13436
1234567
13438
1234567
13440
1234567
13442
1234567
13444
1234567
13446
1234567
13448
1234567
13450
1234567
13452
1234567
13454
1234567
13456
1234567
13458
1234567
13460
1234567
13462
1234567
13464
1234567
13466
1234567
13468
1234567
13470
1234567
13472
1234567
13474
1234567
13476
1234567
13478
1234567
13480
1234567
13482
1234567
13484
1234567
13486
1234567
13488
1234567
13490
1234567
13492
1234567
13494
1234567
13496
1234567
13498
1234567
13500
1234567
13502
1234567
13504
1234567
13506
1234567
13508
1234567
13510
1234567
13512
1234567
13514
1234567
13516
1234567
13518
1234567
13520
1234567
13522
1234567
13524
1234567
13526
1234567
13528
1234567
13530
1234567
13532
1234567
13534
1234567
13536
1234567
13538
1234567
13540
1234567
13542
1234567
13544
1234567
13546
1234567
13548
1234567
13550
1234567
13552
1234567
13554
1234567
13556
1234567
13558
1234567
13560
1234567
13562
1234567
13564
1234567
13566
1234567
13568
1234567
13570
1234567
13572
1234567
13574
1234567
13576
1234567
13578
1234567
13580
1234567
13582
1234567
13584
1234567
13586
1234567
13588
1234567
13590
1234567
13592
1234567
13594
1234567
13596
1234567
13598
1234567
13600
1234567
13602
1234567
13604
1234567
13606
1234567
13608
1234567
13610
1234567
13612
1234567
13614
1234567
13616
1234567
13618
1234567
13620
1234567
13622
1234567
13624
1234567
13626
1234567
13628
1234567
13630
1234567
13632
1234567
13634
1234567
13636
1234567
13638
1234567
13640
1234567
13642
1234567
13644
1234567
13646
1234567
13648
1234567
13650
1234567
13652
1234567
13654
1234567
13656
1234567
13658
1234567
13660
1234567
13662
1234567
13664
1234567
13666
1234567
13668
1234567
13670
1234567
13672
1234567
13674
1234567
13676
1234567
13678
1234567
13680
1234567
13682
1234567
13684
1234567
13686
1234567
13688
1234567
13690
1234567
13692
1234567
13694
1234567
13696
1234567
13698
1234567
13700
1234567
13702
1234567
13704
1234567
13706
1234567
13708
1234567
13710
1234567
13712
1234567
13714
1234567
13716
1234567
13718
1234567
13720
1234567
13722
1234567
13724
1234567
13726
1234567
13728
1234567
13730
1234567
13732
1234567
13734
1234567
13736
1234567
13738
1234567
13740
1234567
13742
1234567
13744
1234567
13746
1234567
13748
1234567
13750
1234567
13752
1234567
13754
1234567
13756
1234567
13758
1234567
13760
1234567
13762
1234567
13764
1234567
13766
1234567
13768
1234567
13770
1234567
13772
1234567
13774
1234567
13776
1234567
13778
1234567
13780
1234567
13782
1234567
13784
1234567
13786
1234567
13788
1234567
13790
1234567
13792
1234567
13794
1234567
13796
1234567
13798
1234567
13800
1234567
13802
1234567
13804
1234567
13806
1234567
13808
1234567
13810
1234567
13812
1234567
13814
1234567
13816
1234567
13818
1234567
13820
1234567
13822
1234567
13824
1234567
13826
1234567
13828
1234567
13830
1234567
13832
1234567
13834
1234567
13836
1234567
13838
1234567
13840
1234567
13842
1234567
13844
1234567
13846
1234567
13848
1234567
13850
1234567
13852
1234567
13854
1234567
13856
1234567
13858
1234567
13860
1234567
13862
1234567
13864
1234567
13866
1234567
13868
1234567
13870
1234567
13872
1234567
13874
1234567
13876
1234567
13878
1234567
13880
1234567
13882
1234567
13884
1234567
13886
1234567
13888
1234567
13890
1234567
13892
1234567
13894
1234567
13896
1234567
13898
1234567
13900
1234567
13902
1234567
13904
1234567
13906
1234567
13908
1234567
13910
1234567
13912
1234567
13914
1234567
13916
1234567
13918
1234567
13920
1234567
13922
1234567
13924
1234567
13926
1234567
13928
1234567
13930
1234567
13932
1234567
13934
1234567
13936
1234567
13938
1234567
13940
1234567
13942
1234567
13944
1234567
13946
1234567
13948
1234567
13950
1234567
13952
1234567
13954
1234567
13956
1234567
13958
1234567
13960
1234567
13962
1234567
13964
1234567
13966
1234567
13968
1234567
13970
1234567
13972
1234567
13974
1234567
13976
1234567
13978
1234567
13980
1234567
13982
1234567
13984
1234567
13986
1234567
13988
1234567
13990
1234567
13992
1234567
13994
1234567
13996
1234567
13998
1234567
14000
1234567
14002
1234567
14004
1234567
14006
1234567
14008
1234567
14010
1234567
14012
1234567
14014
1234567
14016
1234567
14018
1234567
14020
1234567
14022
1234567
14024
1234567
14026
1234567
14028
1234567
14030
1234567
14032
1234567
14034
1234567
14036
1234567
14038
1234567
14040
1234567
14042
1234567
14044
1234567
14046
1234567
14048
1234567
14050
1234567
14052
1234567
14054
1234567
14056
1234567
14058
1234567
14060
1234567
14062
1234567
14064
1234567
14066
1234567
14068
1234567
14070
1234567
14072
1234567
14074
1234567
14076
1234567
14078
1234567
14080
1234567
14082
1234567
14084
1234567
14086
1234567
14088
1234567
14090
1234567
14092
1234567
14094
1234567
14096
1234567
14098
1234567
14100
1234567
14102
1234567
14104
1234567
14106
1234567
14108
1234567
14110
1234567
14112
1234567
14114
1234567
14116
1234567
14118
1234567
14120
1234567
14122
1234567
14124
1234567
14126
1234567
14128
1234567
14130
1234567
14132
1234567
14134
1234567
14136
1234567
14138
1234567
14140
1234567
14142
1234567
14144
1234567
14146
1234567
14148
1234567
14150
1234567
14152
1234567
14154
1234567
14156
1234567
14158
1234567
14160
1234567
14162
1234567
14164
1234567
14166
1234567
14168
1234567
14170
1234567
14172
1234567
14174
1234567
14176
1234567
14178
1234567
14180
1234567
14182
1234567
14184
1234567
14186
1234567
14188
1234567
14190
1234567
14192
1234567
14194
1234567
14196
1234567
14198
1234567
14200
1234567
14202
1234567
14204
1234567
14206
1234567
14208
1234567
14210
1234567
14212
1234567
14214
1234567
14216
1234567
14218
1234567
14220
1234567
14222
1234567
14224
1234567
14226
1234567
14228
1234567
14230
1234567
14232
1234567
14234
1234567
14236
1234567
14238
1234567
14240
1234567
14242
1234567
14244
1234567
14246
1234567
14248
1234567
14250
1234567
14252
1234567
14254
1234567
14256
1234567
14258
1234567
14260
1234567
14262
1234567
14264
1234567
14266
1234567
14268
1234567
14270
1234567
14272
1234567
14274
1234567
14276
1234567
14278
1234567
14280
1234567
14282
1234567
14284
1234567
14286
1234567
14288
1234567
14290
1234567
14292
1234567
14294
1234567
14296
1234567
14298
1234567
14300
1234567
14302
1234567
14304
1234567
14306
1234567
14308
1234567
14310
1234567
14312
1234567
14314
1234567
14316
1234567
14318
1234567
14320
1234567
14322
1234567
14324
1234567
14326
1234567
14328
1234567
14330
1234567
14332
1234567
14334
1234567
14336
1234567
14338
1234567
14340
1234567
14342
1234567
14344
1234567
14346
1234567
14348
1234567
14350
1234567
14352
1234567
14354
1234567
14356
1234567
14358
1234567
14360
1234567
14362
1234567
14364
1234567
14366
1234567
14368
1234567
14370
1234567
14372
1234567
14374
1234567
14376
1234567
14378
1234567
14380
1234567
14382
1234567
14384
1234567
14386
1234567
14388
1234567
14390
1234567
14392
1234567
14394
1234567
14396
1234567
14398
1234567
14400
1234567
14402
1234567
14404
1234567
14406
1234567
14408
1234567
14410
1234567
14412
1234567
14414
1234567
14416
1234567
14418
1234567
14420
1234567
14422
1234567
14424
1234567
14426
1234567
14428
1234567
14430
1234567
14432
1234567
14434
1234567
14436
1234567
14438
1234567
14440
1234567
14442
1234567
14444
1234567
14446
1234567
14448
1234567
14450
1234567
14452
1234567
14454
1234567
14456
1234567
14458
1234567
14460
1234567
14462
1234567
14464
1234567
14466
1234567
14468
1234567
14470
1234567
14472
1234567
14474
1234567
14476
1234567
14478
1234567
14480
1234567
14482
1234567
14484
1234567
14486
1234567
14488
1234567
14490
1234567
14492
1234567
14494
1234567
14496
1234567
14498
1234567
14500
1234567
14502
1234567
14504
1234567
14506
1234567
14508
1234567
14510
1234567
14512
1234567
14514
1234567
14516
1234567
14518
1234567
14520
1234567
14522
1234567
14524
1234567
14526
1234567
14528
1234567
14530
1234567
14532
1234567
14534
1234567
14536
1234567
14538
1234567
14540
1234567
14542
1234567
14544
1234567
14546
1234567
14548
1234567
14550
1234567
14552
1234567
14554
1234567
14556
1234567
14558
1234567
14560
1234567
14562
1234567
14564
1234567
14566
1234567
14568
1234567
14570
1234567
14572
1234567
14574
1234567
14576
1234567
14578
1234567
14580
1234567
14582
1234567
14584
1234567
14586
1234567
14588
1234567
14590
1234567
14592
1234567
14594
1234567
14596
1234567
14598
1234567
14600
1234567
14602
1234567
14604
1234567
14606
1234567
14608
1234567
14610
1234567
14612
1234567
14614
1234567
14616
1234567
14618
1234567
14620
1234567
14622
1234567
14624
1234567
14626
1234567
14628
1234567
14630
1234567
14632
1234567
14634
1234567
14636
1234567
14638
1234567
14640
1234567
14642
1234567
14644
1234567
14646
1234567
14648
1234567
14650
1234567
14652
1234567
14654
1234567
14656
1234567
14658
1234567
14660
1234567
14662
1234567
14664
1234567
14666
1234567
14668
1234567
14670
1234567
14672
1234567
14674
1234567
14676
1234567
14678
1234567
14680
1234567
14682
1234567
14684
1234567
14686
1234567
14688
1234567
14690
1234567
14692
1234567
14694
1234567
14696
1234567
14698
1234567
14700
1234567
14702
1234567
14704
1234567
14706
1234567
14708
1234567
14710
1234567
14712
1234567
14714
1234567
14716
1234567
14718
1234567
14720
1234567
14722
1234567
14724
1234567
14726
1234567
14728
1234567
14730
1234567
14732
1234567
14734
1234567
14736
1234567
14738
1234567
14740
1234567
14742
1234567
14744
1234567
14746
1234567
14748
1234567
14750
1234567
14752
1234567
14754
1234567
14756
1234567
14758
1234567
14760
1234567
14762
1234567
14764
1234567
14766
1234567
14768
1234567
14770
1234567
14772
1234567
14774
1234567
14776
1234567
14778
1234567
14780
1234567
14782
1234567
14784
1234567
14786
1234567
14788
1234567
14790
1234567
14792
1234567
14794
1234567
14796
1234567
14798
1234567
14800
1234567
14802
1234567
14804
1234567
14806
1234567
14808
1234567
14810
1234567
14812
1234567
14814
1234567
14816
1234567
14818
1234567
14820
1234567
14822
1234567
14824
1234567
14826
1234567
14828
1234567
14830
1234567
14832
1234567
14834
1234567
14836
1234567
14838
1234567
14840
1234567
14842
1234567
14844
1234567
14846
1234567
14848
1234567
14850
1234567
14852
1234567
14854
1234567
14856
1234567
14858
1234567
14860
1234567
14862
1234567
14864
1234567
14866
1234567
14868
1234567
14870
1234567
14872
1234567
14874
1234567
14876
1234567
14878
1234567
14880
1234567
14882
1234567
14884
1234567
14886
1234567
14888
1234567
14890
1234567
14892
1234567
14894
1234567
14896
1234567
14898
1234567
14900
1234567
14902
1234567
14904
1234567
14906
1234567
14908
1234567
14910
1234567
14912
1234567
14914
1234567
14916
1234567
14918
1234567
14920
1234567
14922
1234567
14924
1234567
14926
1234567
14928
1234567
14930
1234567
14932
1234567
14934
1234567
14936
1234567
14938
1234567
14940
1234567
14942
1234567
14944
1234567
14946
1234567
14948
1234567
14950
1234567
14952
1234567
14954
1234567
14956
1234567
14958
1234567
14960
1234567
14962
1234567
14964
1234567
14966
1234567
14968
1234567
14970
1234567
14972
1234567
14974
1234567
14976
1234567
14978
1234567
14980
1234567
14982
1234567
14984
1234567
14986
1234567
14988
1234567
14990
1234567
14992
1234567
14994
1234567
14996
1234567
14998
1234567
15000
1234567
15002
1234567
15004
1234567
15006
1234567
15008
1234567
15010
1234567
15012
1234567
15014
1234567
15016
1234567
15018
1234567
15020
1234567
15022
1234567
15024
1234567
15026
1234567
15028
1234567
15030
1234567
15032
1234567
15034
1234567
15036
1234567
15038
1234567
15040
1234567
15042
1234567
15044
1234567
15046
1234567
15048
1234567
15050
1234567
15052
1234567
15054
1234567
15056
1234567
15058
1234567
15060
1234567
15062
1234567
15064
1234567
15066
1234567
15068
1234567
15070
1234567
15072
1234567
15074
1234567
15076
1234567
15078
1234567
15080
1234567
15082
1234567
15084
1234567
15086
1234567
15088
1234567
15090
1234567
15092
1234567
15094
1234567
15096
1234567
15098
1234567
15100
1234567
15102
1234567
15104
1234567
15106
1234567
15108
1234567
15110
1234567
15112
1234567
15114
1234567
15116
1234567
15118
1234567
15120
1234567
15122
1234567
15124
1234567
15126
1234567
15128
1234567
15130
1234567
15132
1234567
15134
1234567
15136
1234567
15138
1234567
15140
1234567
15142
1234567
15144
1234567
15146
1234567
15148
1234567
15150
1234567
15152
1234567
15154
1234567
15156
1234567
15158
1234567
15160
1234567
15162
1234567
15164
1234567
15166
1234567
15168
1234567
15170
1234567
15172
1234567
15174
1234567
15176
1234567
15178
1234567
15180
1234567
15182
1234567
15184
1234567
15186
1234567
15188
1234567
15190
1234567
15192
1234567
15194
1234567
15196
1234567
15198
1234567
15200
1234567
15202
1234567
15204
1234567
15206
1234567
15208
1234567
15210
1234567
15212
1234567
15214
1234567
15216
1234567
15218
1234567
15220
1234567
15222
1234567
15224
1234567
15226
1234567
15228
1234567
15230
1234567
15232
1234567
15234
1234567
15236
1234567
15238
1234567
15240
1234567
15242
1234567
15244
1234567
15246
1234567
15248
1234567
15250
1234567
15252
1234567
15254
1234567
15256
1234567
15258
1234567
15260
1234567
15262
1234567
15264
1234567
15266
1234567
15268
1234567
15270
1234567
15272
1234567
15274
1234567
15276
1234567
15278
1234567
15280
1234567
15282
1234567
15284
1234567
15286
1234567
15288
1234567
15290
1234567
15292
1234567
15294
1234567
15296
1234567
15298
1234567
15300
1234567
15302
1234567
15304
1234567
15306
1234567
15308
1234567
15310
1234567
15312
1234567
15314
1234567
15316
1234567
15318
1234567
15320
1234567
15322
1234567
15324
1234567
15326
1234567
15328
1234567
15330
1234567
15332
1234567
15334
1234567
15336
1234567
15338
1234567
15340
1234567
15342
1234567
15344
1234567
15346
1234567
15348
1234567
15350
1234567
15352
1234567
15354
1234567
15356
1234567
15358
1234567
15360
1234567
15362
1234567
15364
1234567
15366
1234567
15368
1234567
15370
1234567
15372
1234567
15374
1234567
15376
1234567
15378
1234567
15380
1234567
15382
1234567
15384
1234567
15386
1234567
15388
1234567
15390
1234567
15392
1234567
15394
1234567
15396
1234567
15398
1234567
15400
1234567
15402
1234567
15404
1234567
15406
1234567
15408
1234567
15410
1234567
15412
1234567
15414
1234567
15416
1234567
15418
1234567
15420
1234567
15422
1234567
15424
1234567
15426
1234567
15428
1234567
15430
1234567
15432
1234567
15434
1234567
15436
1234567
15438
1234567
15440
1234567
15442
1234567
15444
1234567
15446
1234567
15448
1234567
15450
1234567
15452
1234567
15454
1234567
15456
1234567
15458
1234567
15460
1234567
15462
1234567
15464
1234567
15466
1234567
15468
1234567
15470
1234567
15472
1234567
15474
1234567
15476
1234567
15478
1234567
15480
1234567
15482
1234567
15484
1234567
15486
1234567
15488
1234567
15490
1234567
15492
1234567
15494
1234567
15496
1234567
15498
1234567
15500
1234567
15502
1234567
15504
1234567
15506
1234567
15508
1234567
15510
1234567
15512
1234567
15514
1234567
15516
1234567
15518
1234567
15520
1234567
15522
1234567
15524
1234567
15526
1234567
15528
1234567
15530
1234567
15532
1234567
15534
1234567
15536
1234567
15538
1234567
15540
1234567
15542
1234567
15544
1234567
15546
1234567
15548
1234567
15550
1234567
15552
1234567
15554
1234567
15556
1234567
15558
1234567
15560
1234567
15562
1234567
15564
1234567
15566
1234567
15568
1234567
15570
1234567
15572
1234567
15574
1234567
15576
1234567
15578
1234567
15580
1234567
15582
1234567
15584
1234567
15586
1234567
15588
1234567
15590
1234567
15592
1234567
15594
1234567
15596
1234567
15598
1234567
15600
1234567
15602
1234567
15604
1234567
15606
1234567
15608
1234567
15610
1234567
15612
1234567
15614
1234567
15616
1234567
15618
1234567
15620
1234567
15622
1234567
15624
1234567
15626
1234567
15628
1234567
15630
1234567
15632
1234567
15634
1234567
15636
1234567
15638
1234567
15640
1234567
15642
1234567
15644
1234567
15646
1234567
15648
1234567
15650
1234567
15652
1234567
15654
1234567
15656
1234567
15658
1234567
15660
1234567
15662
1234567
15664
1234567
15666
1234567
15668
1234567
15670
1234567
15672
1234567
15674
1234567
15676
1234567
15678
1234567
15680
1234567
15682
1234567
15684
1234567
15686
1234567
15688
1234567
15690
1234567
15692
1234567
15694
1234567
15696
1234567
15698
1234567
15700
1234567
15702
1234567
15704
1234567
15706
1234567
15708
1234567
15710
1234567
15712
1234567
15714
1234567
15716
1234567
15718
1234567
15720
1234567
15722
1234567
15724
1234567
15726
1234567
15728
1234567
15730
1234567
15732
1234567
15734
1234567
15736
1234567
15738
1234567
15740
1234567
15742
1234567
15744
1234567
15746
1234567
15748
1234567
15750
1234567
15752
1234567
15754
1234567
15756
1234567
15758
1234567
15760
1234567
15762
1234567
15764
1234567
15766
1234567
15768
1234567
15770
1234567
15772
1234567
15774
1234567
15776
1234567
15778
1234567
15780
1234567
15782
1234567
15784
1234567
15786
1234567
15788
1234567
15790
1234567
15792
1234567
15794
1234567
15796
1234567
15798
1234567
15800
1234567
15802
1234567
15804
1234567
15806
1234567
15808
1234567
15810
1234567
15812
1234567
15814
1234567
15816
1234567
15818
1234567
15820
1234567
15822
1234567
15824
1234567
15826
1234567
15828
1234567
15830
1234567
15832
1234567
15834
1234567
15836
1234567
15838
1234567
15840
1234567
15842
1234567
15844
1234567
15846
1234567
15848
1234567
15850
1234567
15852
1234567
15854
1234567
15856
1234567
15858
1234567
15860
1234567
15862
1234567
15864
1234567
15866
1234567
15868
1234567
15870
1234567
15872
1234567
15874
1234567
15876
1234567
15878
1234567
15880
1234567
15882
1234567
15884
1234567
15886
1234567
15888
1234567
15890
1234567
15892
1234567
15894
1234567
15896
1234567
15898
1234567
15900
1234567
15902
1234567
15904
1234567
15906
1234567
15908
1234567
15910
1234567
15912
1234567
15914
1234567
15916
1234567
15918
1234567
15920
1234567
15922
1234567
15924
1234567
15926
1234567
15928
1234567
15930
1234567
15932
1234567
15934
1234567
15936
1234567
15938
1234567
15940
1234567
15942
1234567
15944
1234567
15946
1234567
15948
1234567
15950
1234567
15952
1234567
15954
1234567
15956
1234567
15958
1234567
15960
1234567
15962
1234567
15964
1234567
15966
1234567
15968
1234567
15970
1234567
15972
1234567
15974
1234567
15976
1234567
15978
1234567
15980
1234567
15982
1234567
15984
1234567
15986
1234567
15988
1234567
15990
1234567
15992
1234567
15994
1234567
15996
1234567
15998
1234567
16000
1234567
16002
1234567
16004
1234567
16006
1234567
16008
1234567
16010
1234567
16012
1234567
16014
1234567
16016
1234567
16018
1234567
16020
1234567
16022
1234567
16024
1234567
16026
1234567
16028
1234567
16030
1234567
16032
1234567
16034
1234567
16036
1234567
16038
1234567
16040
1234567
16042
1234567
16044
1234567
16046
1234567
16048
1234567
16050
1234567
16052
1234567
16054
1234567
16056
1234567
16058
1234567
16060
1234567
16062
1234567
16064
1234567
16066
1234567
16068
1234567
16070
1234567
16072
1234567
16074
1234567
16076
1234567
16078
1234567
16080
1234567
16082
1234567
16084
1234567
16086
1234567
16088
1234567
16090
1234567
16092
1234567
16094
1234567
16096
1234567
16098
1234567
16100
1234567
16102
1234567
16104
1234567
16106
1234567
16108
1234567
16110
1234567
16112
1234567
16114
1234567
16116
1234567
16118
1234567
16120
1234567
16122
1234567
16124
1234567
16126
1234567
16128
1234567
16130
1234567
16132
1234567
16134
1234567
16136
1234567
16138
1234567
16140
1234567
16142
1234567
16144
1234567
16146
1234567
16148
1234567
16150
1234567
16152
1234567
16154
1234567
16156
1234567
16158
1234567
16160
1234567
16162
1234567
16164
1234567
16166
1234567
16168
1234567
16170
1234567
16172
1234567
16174
1234567
16176
1234567
16178
1234567
16180
1234567
16182
1234567
16184
1234567
16186
1234567
16188
1234567
16190
1234567
16192
1234567
16194
1234567
16196
1234567
16198
1234567
16200
1234567
16202
1234567
16204
1234567
16206
1234567
16208
1234567
16210
1234567
16212
1234567
16214
1234567
16216
1234567
16218
1234567
16220
1234567
16222
1234567
16224
1234567
16226
1234567
16228
1234567
16230
1234567
16232
1234567
16234
1234567
16236
1234567
16238
1234567
16240
1234567
16242
1234567
16244
1234567
16246
1234567
16248
1234567
16250
1234567
16252
1234567
16254
1234567
16256
1234567
16258
1234567
16260
1234567
16262
1234567
16264
1234567
16266
1234567
16268
1234567
16270
1234567
16272
1234567
16274
1234567
16276
1234567
16278
1234567
16280
1234567
16282
1234567
16284
1234567
16286
1234567
16288
1234567
16290
1234567
16292
1234567
16294
1234567
16296
1234567
16298
1234567
16300
1234567
16302
1234567
16304
1234567
16306
1234567
16308
1234567
16310
1234567
16312
1234567
16314
1234567
16316
1234567
16318
1234567
16320
1234567
16322
1234567
16324
1234567
16326
1234567
16328
1234567
16330
1234567
16332
1234567
16334
1234567
16336
1234567
16338
1234567
16340
1234567
16342
1234567
16344
1234567
16346
1234567
16348
1234567
16350
1234567
16352
1234567
16354
1234567
16356
1234567
16358
1234567
16360
1234567
16362
1234567
16364
1234567
16366
1234567
16368
1234567
16370
1234567
16372
1234567
16374
1234567
16376
1234567
16378
1234567
16380
1234567
16382
1234567
16384
1234567
16386
1234567
16388
1234567
16390
1234567
16392
1234567
16394
1234567
16396
1234567
16398
1234567
16400
1234567
16402
1234567
16404
1234567
16406
1234567
16408
1234567
16410
1234567
16412
1234567
16414
1234567
16416
1234567
16418
1234567
16420
1234567
16422
1234567
16424
1234567
16426
1234567
16428
1234567
16430
1234567
16432
1234567
16434
1234567
16436
1234567
16438
1234567
16440
1234567
16442
1234567
16444
1234567
16446
1234567
16448
1234567
16450
1234567
16452
1234567
16454
1234567
16456
1234567
16458
1234567
16460
1234567
16462
1234567
16464
1234567
16466
1234567
16468
1234567
16470
1234567
16472
1234567
16474
1234567
16476
1234567
16478
1234567
16480
1234567
16482
1234567
16484
1234567
16486
1234567
16488
1234567
16490
1234567
16492
1234567
16494
1234567
16496
1234567
16498
1234567
16500
1234567
16502
1234567
16504
1234567
16506
1234567
16508
1234567
16510
1234567
16512
1234567
16514
1234567
16516
1234567
16518
1234567
16520
1234567
16522
1234567
16524
1234567
16526
1234567
16528
1234567
16530
1234567
16532
1234567
16534
1234567
16536
1234567
16538
1234567
16540
1234567
16542
1234567
16544
1234567
16546
1234567
16548
1234567
16550
1234567
16552
1234567
16554
1234567
16556
1234567
16558
1234567
16560
1234567
16562
1234567
16564
1234567
16566
1234567
16568
1234567
16570
1234567
16572
1234567
16574
1234567
16576
1234567
16578
1234567
16580
1234567
16582
1234567
16584
1234567
16586
1234567
16588
1234567
16590
1234567
16592
1234567
16594
1234567
16596
1234567
16598
1234567
16600
1234567
16602
1234567
16604
1234567
16606
1234567
16608
1234567
16610
1234567
16612
1234567
16614
1234567
16616
1234567
16618
1234567
16620
1234567
16622
1234567
16624
1234567
16626
1234567
16628
1234567
16630
1234567
16632
1234567
16634
1234567
16636
1234567
16638
1234567
16640
1234567
16642
1234567
16644
1234567
16646
1234567
16648
1234567
16650
1234567
16652
1234567
16654
1234567
16656
1234567
16658
1234567
16660
1234567
16662
1234567
16664
1234567
16666
1234567
16668
1234567
16670
1234567
16672
1234567
16674
1234567
16676
1234567
16678
1234567
16680
1234567
16682
1234567
16684
1234567
16686
1234567
16688
1234567
16690
1234567
16692
1234567
16694
1234567
16696
1234567
16698
1234567
16700
1234567
16702
1234567
16704
1234567
16706
1234567
16708
1234567
16710
1234567
16712
1234567
16714
1234567
16716
1234567
16718
1234567
16720
1234567
16722
1234567
16724
1234567
16726
1234567
16728
1234567
16730
1234567
16732
1234567
16734
1234567
16736
1234567
16738
1234567
16740
1234567
16742
1234567
16744
1234567
16746
1234567
16748
1234567
16750
1234567
16752
1234567
16754
1234567
16756
1234567
16758
1234567
16760
1234567
16762
1234567
16764
1234567
16766
1234567
16768
1234567
16770
1234567
16772
1234567
16774
1234567
16776
1234567
16778
1234567
16780
1234567
16782
1234567
16784
1234567
16786
1234567
16788
1234567
16790
1234567
16792
1234567
16794
1234567
16796
1234567
16798
1234567
16800
1234567
16802
1234567
16804
1234567
16806
1234567
16808
1234567
16810
1234567
16812
1234567
16814
1234567
16816
1234567
16818
1234567
16820
1234567
16822
1234567
16824
1234567
16826
1234567
16828
1234567
16830
1234567
16832
1234567
16834
1234567
16836
1234567
16838
1234567
16840
1234567
16842
1234567
16844
1234567
16846
1234567
16848
1234567
16850
1234567
16852
1234567
16854
1234567
16856
1234567
16858
1234567
16860
1234567
16862
1234567
16864
1234567
16866
1234567
16868
1234567
16870
1234567
16872
1234567
16874
1234567
16876
1234567
16878
1234567
16880
1234567
16882
1234567
16884
1234567
16886
1234567
16888
1234567
16890
1234567
16892
1234567
16894
1234567
16896
1234567
16898
1234567
16900
1234567
16902
1234567
16904
1234567
16906
1234567
16908
1234567
16910
1234567
16912
1234567
16914
1234567
16916
1234567
16918
1234567
16920
1234567
16922
1234567
16924
1234567
16926
1234567
16928
1234567
16930
1234567
16932
1234567
16934
1234567
16936
1234567
16938
1234567
16940
1234567
16942
1234567
16944
1234567
16946
1234567
16948
1234567
16950
1234567
16952
1234567
16954
1234567
16956
1234567
16958
1234567
16960
1234567
16962
1234567
16964
1234567
16966
1234567
16968
1234567
16970
1234567
16972
1234567
16974
1234567
16976
1234567
16978
1234567
16980
1234567
16982
1234567
16984
1234567
16986
1234567
16988
1234567
16990
1234567
16992
1234567
16994
1234567
16996
1234567
16998
1234567
17000
1234567
17002
1234567
17004
1234567
17006
1234567
17008
1234567
17010
1234567
17012
1234567
17014
1234567
17016
1234567
17018
1234567
17020
1234567
17022
1234567
17024
1234567
17026
1234567
17028
1234567
17030
1234567
17032
1234567
17034
1234567
17036
1234567
17038
1234567
17040
1234567
17042
1234567
17044
1234567
17046
1234567
17048
1234567
17050
1234567
17052
1234567
17054
1234567
17056
1234567
17058
1234567
17060
1234567
17062
1234567
17064
1234567
17066
1234567
17068
1234567
17070
1234567
17072
1234567
17074
1234567
17076
1234567
17078
1234567
17080
1234567
17082
1234567
17084
1234567
17086
1234567
17088
1234567
17090
1234567
17092
1234567
17094
1234567
17096
1234567
17098
1234567
17100
1234567
17102
1234567
17104
1234567
17106
1234567
17108
1234567
17110
1234567
17112
1234567
17114
1234567
17116
1234567
17118
1234567
17120
1234567
17122
1234567
17124
1234567
17126
1234567
17128
1234567
17130
1234567
17132
1234567
17134
1234567
17136
1234567
17138
1234567
17140
1234567
17142
1234567
17144
1234567
17146
1234567
17148
1234567
17150
1234567
17152
1234567
17154
1234567
17156
1234567
17158
1234567
17160
1234567
17162
1234567
17164
1234567
17166
1234567
17168
1234567
17170
1234567
17172
1234567
17174
1234567
17176
1234567
17178
1234567
17180
1234567
17182
1234567
17184
1234567
17186
1234567
17188
1234567
17190
1234567
17192
1234567
17194
1234567
17196
1234567
17198
1234567
17200
1234567
17202
1234567
17204
1234567
17206
1234567
17208
1234567
17210
1234567
17212
1234567
17214
1234567
17216
1234567
17218
1234567
17220
1234567
17222
1234567
17224
1234567
17226
1234567
17228
1234567
17230
1234567
17232
1234567
17234
1234567
17236
1234567
17238
1234567
17240
1234567
17242
1234567
17244
1234567
17246
1234567
17248
1234567
17250
1234567
17252
1234567
17254
1234567
17256
1234567
17258
1234567
17260
1234567
17262
1234567
17264
1234567
17266
1234567
17268
1234567
17270
1234567
17272
1234567
17274
1234567
17276
1234567
17278
1234567
17280
1234567
17282
1234567
17284
1234567
17286
1234567
17288
1234567
17290
1234567
17292
1234567
17294
1234567
17296
1234567
17298
1234567
17300
1234567
17302
1234567
17304
1234567
17306
1234567
17308
1234567
17310
1234567
17312
1234567
17314
1234567
17316
1234567
17318
1234567
17320
1234567
17322
1234567
17324
1234567
17326
1234567
17328
1234567
17330
1234567
17332
1234567
17334
1234567
17336
1234567
17338
1234567
17340
1234567
17342
1234567
17344
1234567
17346
1234567
17348
1234567
17350
1234567
17352
1234567
17354
1234567
17356
1234567
17358
1234567
17360
1234567
17362
1234567
17364
1234567
17366
1234567
17368
1234567
17370
1234567
17372
1234567
17374
1234567
17376
1234567
17378
1234567
17380
1234567
17382
1234567
17384
1234567
17386
1234567
17388
1234567
17390
1234567
17392
1234567
17394
1234567
17396
1234567
17398
1234567
17400
1234567
17402
1234567
17404
1234567
17406
1234567
17408
1234567
17410
1234567
17412
1234567
17414
1234567
17416
1234567
17418
1234567
17420
1234567
17422
1234567
17424
1234567
17426
1234567
17428
1234567
17430
1234567
17432
1234567
17434
1234567
17436
1234567
17438
1234567
17440
1234567
17442
1234567
17444
1234567
17446
1234567
17448
1234567
17450
1234567
17452
1234567
17454
1234567
17456
1234567
17458
1234567
17460
1234567
17462
1234567
17464
1234567
17466
1234567
17468
1234567
17470
1234567
17472
1234567
17474
1234567
17476
1234567
17478
1234567
17480
1234567
17482
1234567
17484
1234567
17486
1234567
17488
1234567
17490
1234567
17492
1234567
17494
1234567
17496
1234567
17498
1234567
17500
1234567
17502
1234567
17504
1234567
17506
1234567
17508
1234567
17510
1234567
17512
1234567
17514
1234567
17516
1234567
17518
1234567
17520
1234567
17522
1234567
17524
1234567
17526
1234567
17528
1234567
17530
1234567
17532
1234567
17534
1234567
17536
1234567
17538
1234567
17540
1234567
17542
1234567
17544
1234567
17546
1234567
17548
1234567
17550
1234567
17552
1234567
17554
1234567
17556
1234567
17558
1234567
17560
1234567
17562
1234567
17564
1234567
17566
1234567
17568
1234567
17570
1234567
17572
1234567
17574
1234567
17576
1234567
17578
1234567
17580
1234567
17582
1234567
17584
1234567
17586
1234567
17588
1234567
17590
1234567
17592
1234567
17594
1234567
17596
1234567
17598
1234567
17600
1234567
17602
1234567
17604
1234567
17606
1234567
17608
1234567
17610
1234567
17612
1234567
17614
1234567
17616
1234567
17618
1234567
17620
1234567
17622
1234567
17624
1234567
17626
1234567
17628
1234567
17630
1234567
17632
1234567
17634
1234567
17636
1234567
17638
1234567
17640
1234567
17642
1234567
17644
1234567
17646
1234567
17648
1234567
17650
1234567
17652
1234567
17654
1234567
17656
1234567
17658
1234567
17660
1234567
17662
1234567
17664
1234567
17666
1234567
17668
1234567
17670
1234567
17672
1234567
17674
1234567
17676
1234567
17678
1234567
17680
1234567
17682
1234567
17684
1234567
17686
1234567
17688
1234567
17690
1234567
17692
1234567
17694
1234567
17696
1234567
17698
1234567
17700
1234567
17702
1234567
17704
1234567
17706
1234567
17708
1234567
17710
1234567
17712
1234567
17714
1234567
17716
1234567
17718
1234567
17720
1234567
17722
1234567
17724
1234567
17726
1234567
17728
1234567
17730
1234567
17732
1234567
17734
1234567
17736
1234567
17738
1234567
17740
1234567
17742
1234567
17744
1234567
17746
1234567
17748
1234567
17750
1234567
17752
1234567
17754
1234567
17756
1234567
17758
1234567
17760
1234567
17762
1234567
17764
1234567
17766
1234567
17768
1234567
17770
1234567
17772
1234567
17774
1234567
17776
1234567
17778
1234567
17780
1234567
17782
1234567
17784
1234567
17786
1234567
17788
1234567
17790
1234567
17792
1234567
17794
1234567
17796
1234567
17798
1234567
17800
1234567
17802
1234567
17804
1234567
17806
1234567
17808
1234567
17810
1234567
17812
1234567
17814
1234567
17816
1234567
17818
1234567
17820
1234567
17822
1234567
17824
1234567
17826
1234567
17828
1234567
17830
1234567
17832
1234567
17834
1234567
17836
1234567
17838
1234567
17840
1234567
17842
1234567
17844
1234567
17846
1234567
17848
1234567
17850
1234567
17852
1234567
17854
1234567
17856
1234567
17858
1234567
17860
1234567
17862
1234567
17864
1234567
17866
1234567
17868
1234567
17870
1234567
17872
1234567
17874
1234567
17876
1234567
17878
1234567
17880
1234567
17882
1234567
17884
1234567
17886
1234567
17888
1234567
17890
1234567
17892
1234567
17894
1234567
17896
1234567
17898
1234567
17900
1234567
17902
1234567
17904
1234567
17906
1234567
17908
1234567
17910
1234567
17912
1234567
17914
1234567
17916
1234567
17918
1234567
17920
1234567
17922
1234567
17924
1234567
17926
1234567
17928
1234567
17930
1234567
17932
1234567
17934
1234567
17936
1234567
17938
1234567
17940
1234567
17942
1234567
17944
1234567
17946
1234567
17948
1234567
17950
1234567
17952
1234567
17954
1234567
17956
1234567
17958
1234567
17960
1234567
17962
1234567
17964
1234567
17966
1234567
17968
1234567
17970
1234567
17972
1234567
17974
1234567
17976
1234567
17978
1234567
17980
1234567
17982
1234567
17984
1234567
17986
1234567
17988
1234567
17990
1234567
17992
1234567
17994
1234567
17996
1234567
17998
1234567
18000
1234567
18002
1234567
18004
1234567
18006
1234567
18008
1234567
18010
1234567
18012
1234567
18014
1234567
18016
1234567
18018
1234567
18020
1234567
18022
1234567
18024
1234567
18026
1234567
18028
1234567
18030
1234567
18032
1234567
18034
1234567
18036
1234567
18038
1234567
18040
1234567
18042
1234567
18044
1234567
18046
1234567
18048
1234567
18050
1234567
18052
1234567
18054
1234567
18056
1234567
18058
1234567
18060
1234567
18062
1234567
18064
1234567
18066
1234567
18068
1234567
18070
1234567
18072
1234567
18074
1234567
18076
1234567
18078
1234567
18080
1234567
18082
1234567
18084
1234567
18086
1234567
18088
1234567
18090
1234567
18092
1234567
18094
1234567
18096
1234567
18098
1234567
18100
1234567
18102
1234567
18104
1234567
18106
1234567
18108
1234567
18110
1234567
18112
1234567
18114
1234567
18116
1234567
18118
1234567
18120
1234567
18122
1234567
18124
1234567
18126
1234567
18128
1234567
18130
1234567
18132
1234567
18134
1234567
18136
1234567
18138
1234567
18140
1234567
18142
1234567
18144
1234567
18146
1234567
18148
1234567
18150
1234567
18152
1234567
18154
1234567
18156
1234567
18158
1234567
18160
1234567
18162
1234567
18164
1234567
18166
1234567
18168
1234567
18170
1234567
18172
1234567
18174
1234567
18176
1234567
18178
1234567
18180
1234567
18182
1234567
18184
1234567
18186
1234567
18188
1234567
18190
1234567
18192
1234567
18194
1234567
18196
1234567
18198
1234567
18200
1234567
18202
1234567
18204
1234567
18206
1234567
18208
1234567
18210
1234567
18212
1234567
18214
1234567
18216
1234567
18218
1234567
18220
1234567
18222
1234567
18224
1234567
18226
1234567
18228
1234567
18230
1234567
18232
1234567
18234
1234567
18236
1234567
18238
1234567
18240
1234567
18242
1234567
18244
1234567
18246
1234567
18248
1234567
18250
1234567
18252
1234567
18254
1234567
18256
1234567
18258
1234567
18260
1234567
18262
1234567
18264
1234567
18266
1234567
18268
1234567
18270
1234567
18272
1234567
18274
1234567
18276
1234567
18278
1234567
18280
1234567
18282
1234567
18284
1234567
18286
1234567
18288
1234567
18290
1234567
18292
1234567
18294
1234567
18296
1234567
18298
1234567
18300
1234567
18302
1234567
18304
1234567
18306
1234567
18308
1234567
18310
1234567
18312
1234567
18314
1234567
18316
1234567
18318
1234567
18320
1234567
18322
1234567
18324
1234567
18326
1234567
18328
1234567
18330
1234567
18332
1234567
18334
1234567
18336
1234567
18338
1234567
18340
1234567
18342
1234567
18344
1234567
18346
1234567
18348
1234567
18350
1234567
18352
1234567
18354
1234567
18356
1234567
18358
1234567
18360
1234567
18362
1234567
18364
1234567
18366
1234567
18368
1234567
18370
1234567
18372
1234567
18374
1234567
18376
1234567
18378
1234567
18380
1234567
18382
1234567
18384
1234567
18386
1234567
18388
1234567
18390
1234567
18392
1234567
18394
1234567
18396
1234567
18398
1234567
18400
1234567
18402
1234567
18404
1234567
18406
1234567
18408
1234567
18410
1234567
18412
1234567
18414
1234567
18416
1234567
18418
1234567
18420
1234567
18422
1234567
18424
1234567
18426
1234567
18428
1234567
18430
1234567
18432
1234567
18434
1234567
18436
1234567
18438
1234567
18440
1234567
18442
1234567
18444
1234567
18446
1234567
18448
1234567
18450
1234567
18452
1234567
18454
1234567
18456
1234567
18458
1234567
18460
1234567
18462
1234567
18464
1234567
18466
1234567
18468
1234567
18470
1234567
18472
1234567
18474
1234567
18476
1234567
18478
1234567
18480
1234567
18482
1234567
18484
1234567
18486
1234567
18488
1234567
18490
1234567
18492
1234567
18494
1234567
18496
1234567
18498
1234567
18500
1234567
18502
1234567
18504
1234567
18506
1234567
18508
1234567
18510
1234567
18512
1234567
18514
1234567
18516
1234567
18518
1234567
18520
1234567
18522
1234567
18524
1234567
18526
1234567
18528
1234567
18530
1234567
18532
1234567
18534
1234567
18536
1234567
18538
1234567
18540
1234567
18542
1234567
18544
1234567
18546
1234567
18548
1234567
18550
1234567
18552
1234567
18554
1234567
18556
1234567
18558
1234567
18560
1234567
18562
1234567
18564
1234567
18566
1234567
18568
1234567
18570
1234567
18572
1234567
18574
1234567
18576
1234567
18578
1234567
18580
1234567
18582
1234567
18584
1234567
18586
1234567
18588
1234567
18590
1234567
18592
1234567
18594
1234567
18596
1234567
18598
1234567
18600
1234567
18602
1234567
18604
1234567
18606
1234567
18608
1234567
18610
1234567
18612
1234567
18614
1234567
18616
1234567
18618
1234567
18620
1234567
18622
1234567
18624
1234567
18626
1234567
18628
1234567
18630
1234567
18632
1234567
18634
1234567
18636
1234567
18638
1234567
18640
1234567
18642
1234567
18644
1234567
18646
1234567
18648
1234567
18650
1234567
18652
1234567
18654
1234567
18656
1234567
18658
1234567
18660
1234567
18662
1234567
18664
1234567
18666
1234567
18668
1234567
18670
1234567
18672
1234567
18674
1234567
18676
1234567
18678
1234567
18680
1234567
18682
1234567
18684
1234567
18686
1234567
18688
1234567
18690
1234567
18692
1234567
18694
1234567
18696
1234567
18698
1234567
18700
1234567
18702
1234567
18704
1234567
18706
1234567
18708
1234567
18710
1234567
18712
1234567
18714
1234567
18716
1234567
18718
1234567
18720
1234567
18722
1234567
18724
1234567
18726
1234567
18728
1234567
18730
1234567
18732
1234567
18734
1234567
18736
1234567
18738
1234567
18740
1234567
18742
1234567
18744
1234567
18746
1234567
18748
1234567
18750
1234567
18752
1234567
18754
1234567
18756
1234567
18758
1234567
18760
1234567
18762
1234567
18764
1234567
18766
1234567
18768
1234567
18770
1234567
18772
1234567
18774
1234567
18776
1234567
18778
1234567
18780
1234567
18782
1234567
18784
1234567
18786
1234567
18788
1234567
18790
1234567
18792
1234567
18794
1234567
18796
1234567
18798
1234567
18800
1234567
18802
1234567
18804
1234567
18806
1234567
18808
1234567
18810
1234567
18812
1234567
18814
1234567
18816
1234567
18818
1234567
18820
1234567
18822
1234567
18824
1234567
18826
1234567
18828
1234567
18830
1234567
18832
1234567
18834
1234567
18836
1234567
18838
1234567
18840
1234567
18842
1234567
18844
1234567
18846
1234567
18848
1234567
18850
1234567
18852
1234567
18854
1234567
18856
1234567
18858
1234567
18860
1234567
18862
1234567
18864
1234567
18866
1234567
18868
1234567
18870
1234567
18872
1234567
18874
1234567
18876
1234567
18878
1234567
18880
1234567
18882
1234567
18884
1234567
18886
1234567
18888
1234567
18890
1234567
18892
1234567
18894
1234567
18896
1234567
18898
1234567
18900
1234567
18902
1234567
18904
1234567
18906
1234567
18908
1234567
18910
1234567
18912
1234567
18914
1234567
18916
1234567
18918
1234567
18920
1234567
18922
1234567
18924
1234567
18926
1234567
18928
1234567
18930
1234567
18932
1234567
18934
1234567
18936
1234567
18938
1234567
18940
1234567
18942
1234567
18944
1234567
18946
1234567
18948
1234567
18950
1234567
18952
1234567
18954
1234567
18956
1234567
18958
1234567
18960
1234567
18962
1234567
18964
1234567
18966
1234567
18968
1234567
18970
1234567
18972
1234567
18974
1234567
18976
1234567
18978
1234567
18980
1234567
18982
1234567
18984
1234567
18986
1234567
18988
1234567
18990
1234567
18992
1234567
18994
1234567
18996
1234567
18998
1234567
19000
1234567
19002
1234567
19004
1234567
19006
1234567
19008
1234567
19010
1234567
19012
1234567
19014
1234567
19016
1234567
19018
1234567
19020
1234567
19022
1234567
19024
1234567
19026
1234567
19028
1234567
19030
1234567
19032
1234567
19034
1234567
19036
1234567
19038
1234567
19040
1234567
19042
1234567
19044
1234567
19046
1234567
19048
1234567
19050
1234567
19052
1234567
19054
1234567
19056
1234567
19058
1234567
19060
1234567
19062
1234567
19064
1234567
19066
1234567
19068
1234567
19070
1234567
19072
1234567
19074
1234567
19076
1234567
19078
1234567
19080
1234567
19082
1234567
19084
1234567
19086
1234567
19088
1234567
19090
1234567
19092
1234567
19094
1234567
19096
1234567
19098
1234567
19100
1234567
19102
1234567
19104
1234567
19106
1234567
19108
1234567
19110
1234567
19112
1234567
19114
1234567
19116
1234567
19118
1234567
19120
1234567
19122
1234567
19124
1234567
19126
1234567
19128
1234567
19130
1234567
19132
1234567
19134
1234567
19136
1234567
19138
1234567
19140
1234567
19142
1234567
19144
1234567
19146
1234567
19148
1234567
19150
1234567
19152
1234567
19154
1234567
19156
1234567
19158
1234567
19160
1234567
19162
1234567
19164
1234567
19166
1234567
19168
1234567
19170
1234567
19172
1234567
19174
1234567
19176
1234567
19178
1234567
19180
1234567
19182
1234567
19184
1234567
19186
1234567
19188
1234567
19190
1234567
19192
1234567
19194
1234567
19196
1234567
19198
1234567
19200
1234567
19202
1234567
19204
1234567
19206
1234567
19208
1234567
19210
1234567
19212
1234567
19214
1234567
19216
1234567
19218
1234567
19220
1234567
19222
1234567
19224
1234567
19226
1234567
19228
1234567
19230
1234567
19232
1234567
19234
1234567
19236
1234567
19238
1234567
19240
1234567
19242
1234567
19244
1234567
19246
1234567
19248
1234567
19250
1234567
19252
1234567
19254
1234567
19256
1234567
19258
1234567
19260
1234567
19262
1234567
19264
1234567
19266
1234567
19268
1234567
19270
1234567
19272
1234567
19274
1234567
19276
1234567
19278
1234567
19280
1234567
19282
1234567
19284
1234567
19286
1234567
19288
1234567
19290
1234567
19292
1234567
19294
1234567
19296
1234567
19298
1234567
19300
1234567
19302
1234567
19304
1234567
19306
1234567
19308
1234567
19310
1234567
19312
1234567
19314
1234567
19316
1234567
19318
1234567
19320
1234567
19322
1234567
19324
1234567
19326
1234567
19328
1234567
19330
1234567
19332
1234567
19334
1234567
19336
1234567
19338
1234567
19340
1234567
19342
1234567
19344
1234567
19346
1234567
19348
1234567
19350
1234567
19352
1234567
19354
1234567
19356
1234567
19358
1234567
19360
1234567
19362
1234567
19364
1234567
19366
1234567
19368
1234567
19370
1234567
19372
1234567
19374
1234567
19376
1234567
19378
1234567
19380
1234567
19382
1234567
19384
1234567
19386
1234567
19388
1234567
19390
1234567
19392
1234567
19394
1234567
19396
1234567
19398
1234567
19400
1234567
19402
1234567
19404
1234567
19406
1234567
19408
1234567
19410
1234567
19412
1234567
19414
1234567
19416
1234567
19418
1234567
19420
1234567
19422
1234567
19424
1234567
19426
1234567
19428
1234567
19430
1234567
19432
1234567
19434
1234567
19436
1234567
19438
1234567
19440
1234567
19442
1234567
19444
1234567
19446
1234567
19448
1234567
19450
1234567
19452
1234567
19454
1234567
19456
1234567
19458
1234567
19460
1234567
19462
1234567
19464
1234567
19466
1234567
19468
1234567
19470
1234567
19472
1234567
19474
1234567
19476
1234567
19478
1234567
19480
1234567
19482
1234567
19484
1234567
19486
1234567
19488
1234567
19490
1234567
19492
1234567
19494
1234567
19496
1234567
19498
1234567
19500
1234567
19502
1234567
19504
1234567
19506
1234567
19508
1234567
19510
1234567
19512
1234567
19514
1234567
19516
1234567
19518
1234567
19520
1234567
19522
1234567
19524
1234567
19526
1234567
19528
1234567
19530
1234567
19532
1234567
19534
1234567
19536
1234567
19538
1234567
19540
1234567
19542
1234567
19544
1234567
19546
1234567
19548
1234567
19550
1234567
19552
1234567
19554
1234567
19556
1234567
19558
1234567
19560
1234567
19562
1234567
19564
1234567
19566
1234567
19568
1234567
19570
1234567
19572
1234567
19574
1234567
19576
1234567
19578
1234567
19580
1234567
19582
1234567
19584
1234567
19586
1234567
19588
1234567
19590
1234567
19592
1234567
19594
1234567
19596
1234567
19598
1234567
19600
1234567
19602
1234567
19604
1234567
19606
1234567
19608
1234567
19610
1234567
19612
1234567
19614
1234567
19616
1234567
19618
1234567
19620
1234567
19622
1234567
19624
1234567
19626
1234567
19628
1234567
19630
1234567
19632
1234567
19634
1234567
19636
1234567
19638
1234567
19640
1234567
19642
1234567
19644
1234567
19646
1234567
19648
1234567
19650
1234567
19652
1234567
19654
1234567
19656
1234567
19658
1234567
19660
1234567
19662
1234567
19664
1234567
19666
1234567
19668
1234567
19670
1234567
19672
1234567
19674
1234567
19676
1234567
19678
1234567
19680
1234567
19682
1234567
19684
1234567
19686
1234567
19688
1234567
19690
1234567
19692
1234567
19694
1234567
19696
1234567
19698
1234567
19700
1234567
19702
1234567
19704
1234567
19706
1234567
19708
1234567
19710
1234567
19712
1234567
19714
1234567
19716
1234567
19718
1234567
19720
1234567
19722
1234567
19724
1234567
19726
1234567
19728
1234567
19730
1234567
19732
1234567
19734
1234567
19736
1234567
19738
1234567
19740
1234567
19742
1234567
19744
1234567
19746
1234567
19748
1234567
19750
1234567
19752
1234567
19754
1234567
19756
1234567
19758
1234567
19760
1234567
19762
1234567
19764
1234567
19766
1234567
19768
1234567
19770
1234567
19772
1234567
19774
1234567
19776
1234567
19778
1234567
19780
1234567
19782
1234567
19784
1234567
19786
1234567
19788
1234567
19790
1234567
19792
1234567
19794
1234567
19796
1234567
19798
1234567
19800
1234567
19802
1234567
19804
1234567
19806
1234567
19808
1234567
19810
1234567
19812
1234567
19814
1234567
19816
1234567
19818
1234567
19820
1234567
19822
1234567
19824
1234567
19826
1234567
19828
1234567
19830
1234567
19832
1234567
19834
1234567
19836
1234567
19838
1234567
19840
1234567
19842
1234567
19844
1234567
19846
1234567
19848
1234567
19850
1234567
19852
1234567
19854
1234567
19856
1234567
19858
1234567
19860
1234567
19862
1234567
19864
1234567
19866
1234567
19868
1234567
19870
1234567
19872
1234567
19874
1234567
19876
1234567
19878
1234567
19880
1234567
19882
1234567
19884
1234567
19886
1234567
19888
1234567
19890
1234567
19892
1234567
19894
1234567
19896
1234567
19898
1234567
19900
1234567
19902
1234567
19904
1234567
19906
1234567
19908
1234567
19910
1234567
19912
1234567
19914
1234567
19916
1234567
19918
1234567
19920
1234567
19922
1234567
19924
1234567
19926
1234567
19928
1234567
19930
1234567
19932
1234567
19934
1234567
19936
1234567
19938
1234567
19940
1234567
19942
1234567
19944
1234567
19946
1234567
19948
1234567
19950
1234567
19952
1234567
19954
1234567
19956
1234567
19958
1234567
19960
1234567
19962
1234567
19964
1234567
19966
1234567
19968
1234567
19970
1234567
19972
1234567
19974
1234567
19976
1234567
19978
1234567
19980
1234567
19982
1234567
19984
1234567
19986
1234567
19988
1234567
19990
1234567
19992
1234567
19994
1234567
19996
1234567
19998
1234567
20000
1234567
20002
1234567
20004
1234567
20006
1234567
20008
1234567
20010
1234567
20012
1234567
20014
1234567
20016
1234567
20018
1234567
20020
1234567
20022
1234567
20024
1234567
20026
1234567
20028
1234567
20030
1234567
20032
1234567
20034
1234567
20036
1234567
20038
1234567
20040
1234567
20042
1234567
20044
1234567
20046
1234567
20048
1234567
20050
1234567
20052
1234567
20054
1234567
20056
1234567
20058
1234567
20060
1234567
20062
1234567
20064
1234567
20066
1234567
20068
1234567
20070
1234567
20072
1234567
20074
1234567
20076
1234567
20078
1234567
20080
1234567
20082
1234567
20084
1234567
20086
1234567
20088
1234567
20090
1234567
20092
1234567
20094
1234567
20096
1234567
20098
1234567
20100
1234567
20102
1234567
20104
1234567
20106
1234567
20108
1234567
20110
1234567
20112
1234567
20114
1234567
20116
1234567
20118
1234567
20120
1234567
20122
1234567
20124
1234567
20126
1234567
20128
1234567
20130
1234567
20132
1234567
20134
1234567
20136
1234567
20138
1234567
20140
1234567
20142
1234567
20144
1234567
20146
1234567
20148
1234567
20150
1234567
20152
1234567
20154
1234567
20156
1234567
20158
1234567
20160
1234567
20162
1234567
20164
1234567
20166
1234567
20168
1234567
20170
1234567
20172
1234567
20174
1234567
20176
1234567
20178
1234567
20180
1234567
20182
1234567
20184
1234567
20186
1234567
20188
1234567
20190
1234567
20192
1234567
20194
1234567
20196
1234567
20198
1234567
20200
1234567
20202
1234567
20204
1234567
20206
1234567
20208
1234567
20210
1234567
20212
1234567
20214
1234567
20216
1234567
20218
1234567
20220
1234567
20222
1234567
20224
1234567
20226
1234567
20228
1234567
20230
1234567
20232
1234567
20234
1234567
20236
1234567
20238
1234567
20240
1234567
20242
1234567
20244
1234567
20246
1234567
20248
1234567
20250
1234567
20252
1234567
20254
1234567
20256
1234567
20258
1234567
20260
1234567
20262
1234567
20264
1234567
20266
1234567
20268
1234567
20270
1234567
20272
1234567
20274
1234567
20276
1234567
20278
1234567
20280
1234567
20282
1234567
20284
1234567
20286
1234567
20288
1234567
20290
1234567
20292
1234567
20294
1234567
20296
1234567
20298
1234567
20300
1234567
20302
1234567
20304
1234567
20306
1234567
20308
1234567
20310
1234567
20312
1234567
20314
1234567
20316
1234567
20318
1234567
20320
1234567
20322
1234567
20324
1234567
20326
1234567
20328
1234567
20330
1234567
20332
1234567
20334
1234567
20336
1234567
20338
1234567
20340
1234567
20342
1234567
20344
1234567
20346
1234567
20348
1234567
20350
1234567
20352
1234567
20354
1234567
20356
1234567
20358
1234567
20360
1234567
20362
1234567
20364
1234567
20366
1234567
20368
1234567
20370
1234567
20372
1234567
20374
1234567
20376
1234567
20378
1234567
20380
1234567
20382
1234567
20384
1234567
20386
1234567
20388
1234567
20390
1234567
20392
1234567
20394
1234567
20396
1234567
20398
1234567
20400
1234567
20402
1234567
20404
1234567
20406
1234567
20408
1234567
20410
1234567
20412
1234567
20414
1234567
20416
1234567
20418
1234567
20420
1234567
20422
1234567
20424
1234567
20426
1234567
20428
1234567
20430
1234567
20432
1234567
20434
1234567
20436
1234567
20438
1234567
20440
1234567
20442
1234567
20444
1234567
20446
1234567
20448
1234567
20450
1234567
20452
1234567
20454
1234567
20456
1234567
20458
1234567
20460
1234567
20462
1234567
20464
1234567
20466
1234567
20468
1234567
20470
1234567
20472
1234567
20474
1234567
20476
1234567
20478
1234567
20480
1234567
20482
1234567
20484
1234567
20486
1234567
20488
1234567
20490
1234567
20492
1234567
20494
1234567
20496
1234567
20498
1234567
20500
1234567
20502
1234567
20504
1234567
20506
1234567
20508
1234567
20510
1234567
20512
1234567
20514
1234567
20516
1234567
20518
1234567
20520
1234567
20522
1234567
20524
1234567
20526
1234567
20528
1234567
20530
1234567
20532
1234567
20534
1234567
20536
1234567
20538
1234567
20540
1234567
20542
1234567
20544
1234567
20546
1234567
20548
1234567
20550
1234567
20552
1234567
20554
1234567
20556
1234567
20558
1234567
20560
1234567
20562
1234567
20564
1234567
20566
1234567
20568
1234567
20570
1234567
20572
1234567
20574
1234567
20576
1234567
20578
1234567
20580
1234567
20582
1234567
20584
1234567
20586
1234567
20588
1234567
20590
1234567
20592
1234567
20594
1234567
20596
1234567
20598
1234567
20600
1234567
20602
1234567
20604
1234567
20606
1234567
20608
1234567
20610
1234567
20612
1234567
20614
1234567
20616
1234567
20618
1234567
20620
1234567
20622
1234567
20624
1234567
20626
1234567
20628
1234567
20630
1234567
20632
1234567
20634
1234567
20636
1234567
20638
1234567
20640
1234567
20642
1234567
20644
1234567
20646
1234567
20648
1234567
20650
1234567
20652
1234567
20654
1234567
20656
1234567
20658
1234567
20660
1234567
20662
1234567
20664
1234567
20666
1234567
20668
1234567
20670
1234567
20672
1234567
20674
1234567
20676
1234567
20678
1234567
20680
1234567
20682
1234567
20684
1234567
20686
1234567
20688
1234567
20690
1234567
20692
1234567
20694
1234567
20696
1234567
20698
1234567
20700
1234567
20702
1234567
20704
1234567
20706
1234567
20708
1234567
20710
1234567
20712
1234567
20714
1234567
20716
1234567
20718
1234567
20720
1234567
20722
1234567
20724
1234567
20726
1234567
20728
1234567
20730
1234567
20732
1234567
20734
1234567
20736
1234567
20738
1234567
20740
1234567
20742
1234567
20744
1234567
20746
1234567
20748
1234567
20750
1234567
20752
1234567
20754
1234567
20756
1234567
20758
1234567
20760
1234567
20762
1234567
20764
1234567
20766
1234567
20768
1234567
20770
1234567
20772
1234567
20774
1234567
20776
1234567
20778
1234567
20780
1234567
20782
1234567
20784
1234567
20786
1234567
20788
1234567
20790
1234567
20792
1234567
20794
1234567
20796
1234567
20798
1234567
20800
1234567
20802
1234567
20804
1234567
20806
1234567
20808
1234567
20810
1234567
20812
1234567
20814
1234567
20816
1234567
20818
1234567
20820
1234567
20822
1234567
20824
1234567
20826
1234567
20828
1234567
20830
1234567
20832
1234567
20834
1234567
20836
1234567
20838
1234567
20840
1234567
20842
1234567
20844
1234567
20846
1234567
20848
1234567
20850
1234567
20852
1234567
20854
1234567
20856
1234567
20858
1234567
20860
1234567
20862
1234567
20864
1234567
20866
1234567
20868
1234567
20870
1234567
20872
1234567
20874
1234567
20876
1234567
20878
1234567
20880
1234567
20882
1234567
20884
1234567
20886
1234567
20888
1234567
20890
1234567
20892
1234567
20894
1234567
20896
1234567
20898
1234567
20900
1234567
20902
1234567
20904
1234567
20906
1234567
20908
1234567
20910
1234567
20912
1234567
20914
1234567
20916
1234567
20918
1234567
20920
1234567
20922
1234567
20924
1234567
20926
1234567
20928
1234567
20930
1234567
20932
1234567
20934
1234567
20936
1234567
20938
1234567
20940
1234567
20942
1234567
20944
1234567
20946
1234567
20948
1234567
20950
1234567
20952
1234567
20954
1234567
20956
1234567
20958
1234567
20960
1234567
20962
1234567
20964
1234567
20966
1234567
20968
1234567
20970
1234567
20972
1234567
20974
1234567
20976
1234567
20978
1234567
20980
1234567
20982
1234567
20984
1234567
20986
1234567
20988
1234567
20990
1234567
20992
1234567
20994
1234567
20996
1234567
20998
1234567
21000
1234567
21002
1234567
21004
1234567
21006
1234567
21008
1234567
21010
1234567
21012
1234567
21014
1234567
21016
1234567
21018
1234567
21020
1234567
21022
1234567
21024
1234567
21026
1234567
21028
1234567
21030
1234567
21032
1234567
21034
1234567
21036
1234567
21038
1234567
21040
1234567
21042
1234567
21044
1234567
21046
1234567
21048
1234567
21050
1234567
21052
1234567
21054
1234567
21056
1234567
21058
1234567
21060
1234567
21062
1234567
21064
1234567
21066
1234567
21068
1234567
21070
1234567
21072
1234567
21074
1234567
21076
1234567
21078
1234567
21080
1234567
21082
1234567
21084
1234567
21086
1234567
21088
1234567
21090
1234567
21092
1234567
21094
1234567
21096
1234567
21098
1234567
21100
1234567
21102
1234567
21104
1234567
21106
1234567
21108
1234567
21110
1234567
21112
1234567
21114
1234567
21116
1234567
21118
1234567
21120
1234567
21122
1234567
21124
1234567
21126
1234567
21128
1234567
21130
1234567
21132
1234567
21134
1234567
21136
1234567
21138
1234567
21140
1234567
21142
1234567
21144
1234567
21146
1234567
21148
1234567
21150
1234567
21152
1234567
21154
1234567
21156
1234567
21158
1234567
21160
1234567
21162
1234567
21164
1234567
21166
1234567
21168
1234567
21170
1234567
21172
1234567
21174
1234567
21176
1234567
21178
1234567
21180
1234567
21182
1234567
21184
1234567
21186
1234567
21188
1234567
21190
1234567
21192
1234567
21194
1234567
21196
1234567
21198
1234567
21200
1234567
21202
1234567
21204
1234567
21206
1234567
21208
1234567
21210
1234567
21212
1234567
21214
1234567
21216
1234567
21218
1234567
21220
1234567
21222
1234567
21224
1234567
21226
1234567
21228
1234567
21230
1234567
21232
1234567
21234
1234567
21236
1234567
21238
1234567
21240
1234567
21242
1234567
21244
1234567
21246
1234567
21248
1234567
21250
1234567
21252
1234567
21254
1234567
21256
1234567
21258
1234567
21260
1234567
21262
1234567
21264
1234567
21266
1234567
21268
1234567
21270
1234567
21272
1234567
21274
1234567
21276
1234567
21278
1234567
21280
1234567
21282
1234567
21284
1234567
21286
1234567
21288
1234567
21290
1234567
21292
1234567
21294
1234567
21296
1234567
21298
1234567
21300
1234567
21302
1234567
21304
1234567
21306
1234567
21308
1234567
21310
1234567
21312
1234567
21314
1234567
21316
1234567
21318
1234567
21320
1234567
21322
1234567
21324
1234567
21326
1234567
21328
1234567
21330
1234567
21332
1234567
21334
1234567
21336
1234567
21338
1234567
21340
1234567
21342
1234567
21344
1234567
21346
1234567
21348
1234567
21350
1234567
21352
1234567
21354
1234567
21356
1234567
21358
1234567
21360
1234567
21362
1234567
21364
1234567
21366
1234567
21368
1234567
21370
1234567
21372
1234567
21374
1234567
21376
1234567
21378
1234567
21380
1234567
21382
1234567
21384
1234567
21386
1234567
21388
1234567
21390
1234567
21392
1234567
21394
1234567
21396
1234567
21398
1234567
21400
1234567
21402
1234567
21404
1234567
21406
1234567
21408
1234567
21410
1234567
21412
1234567
21414
1234567
21416
1234567
21418
1234567
21420
1234567
21422
1234567
21424
1234567
21426
1234567
21428
1234567
21430
1234567
21432
1234567
21434
1234567
21436
1234567
21438
1234567
21440
1234567
21442
1234567
21444
1234567
21446
1234567
21448
1234567
21450
1234567
21452
1234567
21454
1234567
21456
1234567
21458
1234567
21460
1234567
21462
1234567
21464
1234567
21466
1234567
21468
1234567
21470
1234567
21472
1234567
21474
1234567
21476
1234567
21478
1234567
21480
1234567
21482
1234567
21484
1234567
21486
1234567
21488
1234567
21490
1234567
21492
1234567
21494
1234567
21496
1234567
21498
1234567
21500
1234567
21502
1234567
21504
1234567
21506
1234567
21508
1234567
21510
1234567
21512
1234567
21514
1234567
21516
1234567
21518
1234567
21520
1234567
21522
1234567
21524
1234567
21526
1234567
21528
1234567
21530
1234567
21532
1234567
21534
1234567
21536
1234567
21538
1234567
21540
1234567
21542
1234567
21544
1234567
21546
1234567
21548
1234567
21550
1234567
21552
1234567
21554
1234567
21556
1234567
21558
1234567
21560
1234567
21562
1234567
21564
1234567
21566
1234567
21568
1234567
21570
1234567
21572
1234567
21574
1234567
21576
1234567
21578
1234567
21580
1234567
21582
1234567
21584
1234567
21586
1234567
21588
1234567
21590
1234567
21592
1234567
21594
1234567
21596
1234567
21598
1234567
21600
1234567
21602
1234567
21604
1234567
21606
1234567
21608
1234567
21610
1234567
21612
1234567
21614
1234567
21616
1234567
21618
1234567
21620
1234567
21622
1234567
21624
1234567
21626
1234567
21628
1234567
21630
1234567
21632
1234567
21634
1234567
21636
1234567
21638
1234567
21640
1234567
21642
1234567
21644
1234567
21646
1234567
21648
1234567
21650
1234567
21652
1234567
21654
1234567
21656
1234567
21658
1234567
21660
1234567
21662
1234567
21664
1234567
21666
1234567
21668
1234567
21670
1234567
21672
1234567
21674
1234567
21676
1234567
21678
1234567
21680
1234567
21682
1234567
21684
1234567
21686
1234567
21688
1234567
21690
1234567
21692
1234567
21694
1234567
21696
1234567
21698
1234567
21700
1234567
21702
1234567
21704
1234567
21706
1234567
21708
1234567
21710
1234567
21712
1234567
21714
1234567
21716
1234567
21718
1234567
21720
1234567
21722
1234567
21724
1234567
21726
1234567
21728
1234567
21730
1234567
21732
1234567
21734
1234567
21736
1234567
21738
1234567
21740
1234567
21742
1234567
21744
1234567
21746
1234567
21748
1234567
21750
1234567
21752
1234567
21754
1234567
21756
1234567
21758
1234567
21760
1234567
21762
1234567
21764
1234567
21766
1234567
21768
1234567
21770
1234567
21772
1234567
21774
1234567
21776
1234567
21778
1234567
21780
1234567
21782
1234567
21784
1234567
21786
1234567
21788
1234567
21790
1234567
21792
1234567
21794
1234567
21796
1234567
21798
1234567
21800
1234567
21802
1234567
21804
1234567
21806
1234567
21808
1234567
21810
1234567
21812
1234567
21814
1234567
21816
1234567
21818
1234567
21820
1234567
21822
1234567
21824
1234567
21826
1234567
21828
1234567
21830
1234567
21832
1234567
21834
1234567
21836
1234567
21838
1234567
21840
1234567
21842
1234567
21844
1234567
21846
1234567
21848
1234567
21850
1234567
21852
1234567
21854
1234567
21856
1234567
21858
1234567
21860
1234567
21862
1234567
21864
1234567
21866
1234567
21868
1234567
21870
1234567
21872
1234567
21874
1234567
21876
1234567
21878
1234567
21880
1234567
21882
1234567
21884
1234567
21886
1234567
21888
1234567
21890
1234567
21892
1234567
21894
1234567
21896
1234567
21898
1234567
21900
1234567
21902
1234567
21904
1234567
21906
1234567
21908
1234567
21910
1234567
21912
1234567
21914
1234567
21916
1234567
21918
1234567
21920
1234567
21922
1234567
21924
1234567
21926
1234567
21928
1234567
21930
1234567
21932
1234567
21934
1234567
21936
1234567
21938
1234567
21940
1234567
21942
1234567
21944
1234567
21946
1234567
21948
1234567
21950
1234567
21952
1234567
21954
1234567
21956
1234567
21958
1234567
21960
1234567
21962
1234567
21964
1234567
21966
1234567
21968
1234567
21970
1234567
21972
1234567
21974
1234567
21976
1234567
21978
1234567
21980
1234567
21982
1234567
21984
1234567
21986
1234567
21988
1234567
21990
1234567
21992
1234567
21994
1234567
21996
1234567
21998
1234567
22000
1234567
22002
1234567
22004
1234567
22006
1234567
22008
1234567
22010
1234567
22012
1234567
22014
1234567
22016
1234567
22018
1234567
22020
1234567
22022
1234567
22024
1234567
22026
1234567
22028
1234567
22030
1234567
22032
1234567
22034
1234567
22036
1234567
22038
1234567
22040
1234567
22042
1234567
22044
1234567
22046
1234567
22048
1234567
22050
1234567
22052
1234567
22054
1234567
22056
1234567
22058
1234567
22060
1234567
22062
1234567
22064
1234567
22066
1234567
22068
1234567
22070
1234567
22072
1234567
22074
1234567
22076
1234567
22078
1234567
22080
1234567
22082
1234567
22084
1234567
22086
1234567
22088
1234567
22090
1234567
22092
1234567
22094
1234567
22096
1234567
22098
1234567
22100
1234567
22102
1234567
22104
1234567
22106
1234567
22108
1234567
22110
1234567
22112
1234567
22114
1234567
22116
1234567
22118
1234567
22120
1234567
22122
1234567
22124
1234567
22126
1234567
22128
1234567
22130
1234567
22132
1234567
22134
1234567
22136
1234567
22138
1234567
22140
1234567
22142
1234567
22144
1234567
22146
1234567
22148
1234567
22150
1234567
22152
1234567
22154
1234567
22156
1234567
22158
1234567
22160
1234567
22162
1234567
22164
1234567
22166
1234567
22168
1234567
22170
1234567
22172
1234567
22174
1234567
22176
1234567
22178
1234567
22180
1234567
22182
1234567
22184
1234567
22186
1234567
22188
1234567
22190
1234567
22192
1234567
22194
1234567
22196
1234567
22198
1234567
22200
1234567
22202
1234567
22204
1234567
22206
1234567
22208
1234567
22210
1234567
22212
1234567
22214
1234567
22216
1234567
22218
1234567
22220
1234567
22222
1234567
22224
1234567
22226
1234567
22228
1234567
22230
1234567
22232
1234567
22234
1234567
22236
1234567
22238
1234567
22240
1234567
22242
1234567
22244
1234567
22246
1234567
22248
1234567
22250
1234567
22252
1234567
22254
1234567
22256
1234567
22258
1234567
22260
1234567
22262
1234567
22264
1234567
22266
1234567
22268
1234567
22270
1234567
22272
1234567
22274
1234567
22276
1234567
22278
1234567
22280
1234567
22282
1234567
22284
1234567
22286
1234567
22288
1234567
22290
1234567
22292
1234567
22294
1234567
22296
1234567
22298
1234567
22300
1234567
22302
1234567
22304
1234567
22306
1234567
22308
1234567
22310
1234567
22312
1234567
22314
1234567
22316
1234567
22318
1234567
22320
1234567
22322
1234567
22324
1234567
22326
1234567
22328
1234567
22330
1234567
22332
1234567
22334
1234567
22336
1234567
22338
1234567
22340
1234567
22342
1234567
22344
1234567
22346
1234567
22348
1234567
22350
1234567
22352
1234567
22354
1234567
22356
1234567
22358
1234567
22360
1234567
22362
1234567
22364
1234567
22366
1234567
22368
1234567
22370
1234567
22372
1234567
22374
1234567
22376
1234567
22378
1234567
22380
1234567
22382
1234567
22384
1234567
22386
1234567
22388
1234567
22390
1234567
22392
1234567
22394
1234567
22396
1234567
22398
1234567
22400
1234567
22402
1234567
22404
1234567
22406
1234567
22408
1234567
22410
1234567
22412
1234567
22414
1234567
22416
1234567
22418
1234567
22420
1234567
22422
1234567
22424
1234567
22426
1234567
22428
1234567
22430
1234567
22432
1234567
22434
1234567
22436
1234567
22438
1234567
22440
1234567
22442
1234567
22444
1234567
22446
1234567
22448
1234567
22450
1234567
22452
1234567
22454
1234567
22456
1234567
22458
1234567
22460
1234567
22462
1234567
22464
1234567
22466
1234567
22468
1234567
22470
1234567
22472
1234567
22474
1234567
22476
1234567
22478
1234567
22480
1234567
22482
1234567
22484
1234567
22486
1234567
22488
1234567
22490
1234567
22492
1234567
22494
1234567
22496
1234567
22498
1234567
22500
1234567
22502
1234567
22504
1234567
22506
1234567
22508
1234567
22510
1234567
22512
1234567
22514
1234567
22516
1234567
22518
1234567
22520
1234567
22522
1234567
22524
1234567
22526
1234567
22528
1234567
22530
1234567
22532
1234567
22534
1234567
22536
1234567
22538
1234567
22540
1234567
22542
1234567
22544
1234567
22546
1234567
22548
1234567
22550
1234567
22552
1234567
22554
1234567
22556
1234567
22558
1234567
22560
1234567
22562
1234567
22564
1234567
22566
1234567
22568
1234567
22570
1234567
22572
1234567
22574
1234567
22576
1234567
22578
1234567
22580
1234567
22582
1234567
22584
1234567
22586
1234567
22588
1234567
22590
1234567
22592
1234567
22594
1234567
22596
1234567
22598
1234567
22600
1234567
22602
1234567
22604
1234567
22606
1234567
22608
1234567
22610
1234567
22612
1234567
22614
1234567
22616
1234567
22618
1234567
22620
1234567
22622
1234567
22624
1234567
22626
1234567
22628
1234567
22630
1234567
22632
1234567
22634
1234567
22636
1234567
22638
1234567
22640
1234567
22642
1234567
22644
1234567
22646
1234567
22648
1234567
22650
1234567
22652
1234567
22654
1234567
22656
1234567
22658
1234567
22660
1234567
22662
1234567
22664
1234567
22666
1234567
22668
1234567
22670
1234567
22672
1234567
22674
1234567
22676
1234567
22678
1234567
22680
1234567
22682
1234567
22684
1234567
22686
1234567
22688
1234567
22690
1234567
22692
1234567
22694
1234567
22696
1234567
22698
1234567
22700
1234567
22702
1234567
22704
1234567
22706
1234567
22708
1234567
22710
1234567
22712
1234567
22714
1234567
22716
1234567
22718
1234567
22720
1234567
22722
1234567
22724
1234567
22726
1234567
22728
1234567
22730
1234567
22732
1234567
22734
1234567
22736
1234567
22738
1234567
22740
1234567
22742
1234567
22744
1234567
22746
1234567
22748
1234567
22750
1234567
22752
1234567
22754
1234567
22756
1234567
22758
1234567
22760
1234567
22762
1234567
22764
1234567
22766
1234567
22768
1234567
22770
1234567
22772
1234567
22774
1234567
22776
1234567
22778
1234567
22780
1234567
22782
1234567
22784
1234567
22786
1234567
22788
1234567
22790
1234567
22792
1234567
22794
1234567
22796
1234567
22798
1234567
22800
1234567
22802
1234567
22804
1234567
22806
1234567
22808
1234567
22810
1234567
22812
1234567
22814
1234567
22816
1234567
22818
1234567
22820
1234567
22822
1234567
22824
1234567
22826
1234567
22828
1234567
22830
1234567
22832
1234567
22834
1234567
22836
1234567
22838
1234567
22840
1234567
22842
1234567
22844
1234567
22846
1234567
22848
1234567
22850
1234567
22852
1234567
22854
1234567
22856
1234567
22858
1234567
22860
1234567
22862
1234567
22864
1234567
22866
1234567
22868
1234567
22870
1234567
22872
1234567
22874
1234567
22876
1234567
22878
1234567
22880
1234567
22882
1234567
22884
1234567
22886
1234567
22888
1234567
22890
1234567
22892
1234567
22894
1234567
22896
1234567
22898
1234567
22900
1234567
22902
1234567
22904
1234567
22906
1234567
22908
1234567
22910
1234567
22912
1234567
22914
1234567
22916
1234567
22918
1234567
22920
1234567
22922
1234567
22924
1234567
22926
1234567
22928
1234567
22930
1234567
22932
1234567
22934
1234567
22936
1234567
22938
1234567
22940
1234567
22942
1234567
22944
1234567
22946
1234567
22948
1234567
22950
1234567
22952
1234567
22954
1234567
22956
1234567
22958
1234567
22960
1234567
22962
1234567
22964
1234567
22966
1234567
22968
1234567
22970
1234567
22972
1234567
22974
1234567
22976
1234567
22978
1234567
22980
1234567
22982
1234567
22984
1234567
22986
1234567
22988
1234567
22990
1234567
22992
1234567
22994
1234567
22996
1234567
22998
1234567
23000
1234567
23002
1234567
23004
1234567
23006
1234567
23008
1234567
23010
1234567
23012
1234567
23014
1234567
23016
1234567
23018
1234567
23020
1234567
23022
1234567
23024
1234567
23026
1234567
23028
1234567
23030
1234567
23032
1234567
23034
1234567
23036
1234567
23038
1234567
23040
1234567
23042
1234567
23044
1234567
23046
1234567
23048
1234567
23050
1234567
23052
1234567
23054
1234567
23056
1234567
23058
1234567
23060
1234567
23062
1234567
23064
1234567
23066
1234567
23068
1234567
23070
1234567
23072
1234567
23074
1234567
23076
1234567
23078
1234567
23080
1234567
23082
1234567
23084
1234567
23086
1234567
23088
1234567
23090
1234567
23092
1234567
23094
1234567
23096
1234567
23098
1234567
23100
1234567
23102
1234567
23104
1234567
23106
1234567
23108
1234567
23110
1234567
23112
1234567
23114
1234567
23116
1234567
23118
1234567
23120
1234567
23122
1234567
23124
1234567
23126
1234567
23128
1234567
23130
1234567
23132
1234567
23134
1234567
23136
1234567
23138
1234567
23140
1234567
23142
1234567
23144
1234567
23146
1234567
23148
1234567
23150
1234567
23152
1234567
23154
1234567
23156
1234567
23158
1234567
23160
1234567
23162
1234567
23164
1234567
23166
1234567
23168
1234567
23170
1234567
23172
1234567
23174
1234567
23176
1234567
23178
1234567
23180
1234567
23182
1234567
23184
1234567
23186
1234567
23188
1234567
23190
1234567
23192
1234567
23194
1234567
23196
1234567
23198
1234567
23200
1234567
23202
1234567
23204
1234567
23206
1234567
23208
1234567
23210
1234567
23212
1234567
23214
1234567
23216
1234567
23218
1234567
23220
1234567
23222
1234567
23224
1234567
23226
1234567
23228
1234567
23230
1234567
23232
1234567
23234
1234567
23236
1234567
23238
1234567
23240
1234567
23242
1234567
23244
1234567
23246
1234567
23248
1234567
23250
1234567
23252
1234567
23254
1234567
23256
1234567
23258
1234567
23260
1234567
23262
1234567
23264
1234567
23266
1234567
23268
1234567
23270
1234567
23272
1234567
23274
1234567
23276
1234567
23278
1234567
23280
1234567
23282
1234567
23284
1234567
23286
1234567
23288
1234567
23290
1234567
23292
1234567
23294
1234567
23296
1234567
23298
1234567
23300
1234567
23302
1234567
23304
1234567
23306
1234567
23308
1234567
23310
1234567
23312
1234567
23314
1234567
23316
1234567
23318
1234567
23320
1234567
23322
1234567
23324
1234567
23326
1234567
23328
1234567
23330
1234567
23332
1234567
23334
1234567
23336
1234567
23338
1234567
23340
1234567
23342
1234567
23344
1234567
23346
1234567
23348
1234567
23350
1234567
23352
1234567
23354
1234567
23356
1234567
23358
1234567
23360
1234567
23362
1234567
23364
1234567
23366
1234567
23368
1234567
23370
1234567
23372
1234567
23374
1234567
23376
1234567
23378
1234567
23380
1234567
23382
1234567
23384
1234567
23386
1234567
23388
1234567
23390
1234567
23392
1234567
23394
1234567
23396
1234567
23398
1234567
23400
1234567
23402
1234567
23404
1234567
23406
1234567
23408
1234567
23410
1234567
23412
1234567
23414
1234567
23416
1234567
23418
1234567
23420
1234567
23422
1234567
23424
1234567
23426
1234567
23428
1234567
23430
1234567
23432
1234567
23434
1234567
23436
1234567
23438
1234567
23440
1234567
23442
1234567
23444
1234567
23446
1234567
23448
1234567
23450
1234567
23452
1234567
23454
1234567
23456
1234567
23458
1234567
23460
1234567
23462
1234567
23464
1234567
23466
1234567
23468
1234567
23470
1234567
23472
1234567
23474
1234567
23476
1234567
23478
1234567
23480
1234567
23482
1234567
23484
1234567
23486
1234567
23488
1234567
23490
1234567
23492
1234567
23494
1234567
23496
1234567
23498
1234567
23500
1234567
23502
1234567
23504
1234567
23506
1234567
23508
1234567
23510
1234567
23512
1234567
23514
1234567
23516
1234567
23518
1234567
23520
1234567
23522
1234567
23524
1234567
23526
1234567
23528
1234567
23530
1234567
23532
1234567
23534
1234567
23536
1234567
23538
1234567
23540
1234567
23542
1234567
23544
1234567
23546
1234567
23548
1234567
23550
1234567
23552
1234567
23554
1234567
23556
1234567
23558
1234567
23560
1234567
23562
1234567
23564
1234567
23566
1234567
23568
1234567
23570
1234567
23572
1234567
23574
1234567
23576
1234567
23578
1234567
23580
1234567
23582
1234567
23584
1234567
23586
1234567
23588
1234567
23590
1234567
23592
1234567
23594
1234567
23596
1234567
23598
1234567
23600
1234567
23602
1234567
23604
1234567
23606
1234567
23608
1234567
23610
1234567
23612
1234567
23614
1234567
23616
1234567
23618
1234567
23620
1234567
23622
1234567
23624
1234567
23626
1234567
23628
1234567
23630
1234567
23632
1234567
23634
1234567
23636
1234567
23638
1234567
23640
1234567
23642
1234567
23644
1234567
23646
1234567
23648
1234567
23650
1234567
23652
1234567
23654
1234567
23656
1234567
23658
1234567
23660
1234567
23662
1234567
23664
1234567
23666
1234567
23668
1234567
23670
1234567
23672
1234567
23674
1234567
23676
1234567
23678
1234567
23680
1234567
23682
1234567
23684
1234567
23686
1234567
23688
1234567
23690
1234567
23692
1234567
23694
1234567
23696
1234567
23698
1234567
23700
1234567
23702
1234567
23704
1234567
23706
1234567
23708
1234567
23710
1234567
23712
1234567
23714
1234567
23716
1234567
23718
1234567
23720
1234567
23722
1234567
23724
1234567
23726
1234567
23728
1234567
23730
1234567
23732
1234567
23734
1234567
23736
1234567
23738
1234567
23740
1234567
23742
1234567
23744
1234567
23746
1234567
23748
1234567
23750
1234567
23752
1234567
23754
1234567
23756
1234567
23758
1234567
23760
1234567
23762
1234567
23764
1234567
23766
1234567
23768
1234567
23770
1234567
23772
1234567
23774
1234567
23776
1234567
23778
1234567
23780
1234567
23782
1234567
23784
1234567
23786
1234567
23788
1234567
23790
1234567
23792
1234567
23794
1234567
23796
1234567
23798
1234567
23800
1234567
23802
1234567
23804
1234567
23806
1234567
23808
1234567
23810
1234567
23812
1234567
23814
1234567
23816
1234567
23818
1234567
23820
1234567
23822
1234567
23824
1234567
23826
1234567
23828
1234567
23830
1234567
23832
1234567
23834
1234567
23836
1234567
23838
1234567
23840
1234567
23842
1234567
23844
1234567
23846
1234567
23848
1234567
23850
1234567
23852
1234567
23854
1234567
23856
1234567
23858
1234567
23860
1234567
23862
1234567
23864
1234567
23866
1234567
23868
1234567
23870
1234567
23872
1234567
23874
1234567
23876
1234567
23878
1234567
23880
1234567
23882
1234567
23884
1234567
23886
1234567
23888
1234567
23890
1234567
23892
1234567
23894
1234567
23896
1234567
23898
1234567
23900
1234567
23902
1234567
23904
1234567
23906
1234567
23908
1234567
23910
1234567
23912
1234567
23914
1234567
23916
1234567
23918
1234567
23920
1234567
23922
1234567
23924
1234567
23926
1234567
23928
1234567
23930
1234567
23932
1234567
23934
1234567
23936
1234567
23938
1234567
23940
1234567
23942
1234567
23944
1234567
23946
1234567
23948
1234567
23950
1234567
23952
1234567
23954
1234567
23956
1234567
23958
1234567
23960
1234567
23962
1234567
23964
1234567
23966
1234567
23968
1234567
23970
1234567
23972
1234567
23974
1234567
23976
1234567
23978
1234567
23980
1234567
23982
1234567
23984
1234567
23986
1234567
23988
1234567
23990
1234567
23992
1234567
23994
1234567
23996
1234567
23998
1234567
24000
1234567
24002
1234567
24004
1234567
24006
1234567
24008
1234567
24010
1234567
24012
1234567
24014
1234567
24016
1234567
24018
1234567
24020
1234567
24022
1234567
24024
1234567
24026
1234567
24028
1234567
24030
1234567
24032
1234567
24034
1234567
24036
1234567
24038
1234567
24040
1234567
24042
1234567
24044
1234567
24046
1234567
24048
1234567
24050
1234567
24052
1234567
24054
1234567
24056
1234567
24058
1234567
24060
1234567
24062
1234567
24064
1234567
24066
1234567
24068
1234567
24070
1234567
24072
1234567
24074
1234567
24076
1234567
24078
1234567
24080
1234567
24082
1234567
24084
1234567
24086
1234567
24088
1234567
24090
1234567
24092
1234567
24094
1234567
24096
1234567
24098
1234567
24100
1234567
24102
1234567
24104
1234567
24106
1234567
24108
1234567
24110
1234567
24112
1234567
24114
1234567
24116
1234567
24118
1234567
24120
1234567
24122
1234567
24124
1234567
24126
1234567
24128
1234567
24130
1234567
24132
1234567
24134
1234567
24136
1234567
24138
1234567
24140
1234567
24142
1234567
24144
1234567
24146
1234567
24148
1234567
24150
1234567
24152
1234567
24154
1234567
24156
1234567
24158
1234567
24160
1234567
24162
1234567
24164
1234567
24166
1234567
24168
1234567
24170
1234567
24172
1234567
24174
1234567
24176
1234567
24178
1234567
24180
1234567
24182
1234567
24184
1234567
24186
1234567
24188
1234567
24190
1234567
24192
1234567
24194
1234567
24196
1234567
24198
1234567
24200
1234567
24202
1234567
24204
1234567
24206
1234567
24208
1234567
24210
1234567
24212
1234567
24214
1234567
24216
1234567
24218
1234567
24220
1234567
24222
1234567
24224
1234567
24226
1234567
24228
1234567
24230
1234567
24232
1234567
24234
1234567
24236
1234567
24238
1234567
24240
1234567
24242
1234567
24244
1234567
24246
1234567
24248
1234567
24250
1234567
24252
1234567
24254
1234567
24256
1234567
24258
1234567
24260
1234567
24262
1234567
24264
1234567
24266
1234567
24268
1234567
24270
1234567
24272
1234567
24274
1234567
24276
1234567
24278
1234567
24280
1234567
24282
1234567
24284
1234567
24286
1234567
24288
1234567
24290
1234567
24292
1234567
24294
1234567
24296
1234567
24298
1234567
24300
1234567
24302
1234567
24304
1234567
24306
1234567
24308
1234567
24310
1234567
24312
1234567
24314
1234567
24316
1234567
24318
1234567
24320
1234567
24322
1234567
24324
1234567
24326
1234567
24328
1234567
24330
1234567
24332
1234567
24334
1234567
24336
1234567
24338
1234567
24340
1234567
24342
1234567
24344
1234567
24346
1234567
24348
1234567
24350
1234567
24352
1234567
24354
1234567
24356
1234567
24358
1234567
24360
1234567
24362
1234567
24364
1234567
24366
1234567
24368
1234567
24370
1234567
24372
1234567
24374
1234567
24376
1234567
24378
1234567
24380
1234567
24382
1234567
24384
1234567
24386
1234567
24388
1234567
24390
1234567
24392
1234567
24394
1234567
24396
1234567
24398
1234567
24400
1234567
24402
1234567
24404
1234567
24406
1234567
24408
1234567
24410
1234567
24412
1234567
24414
1234567
24416
1234567
24418
1234567
24420
1234567
24422
1234567
24424
1234567
24426
1234567
24428
1234567
24430
1234567
24432
1234567
24434
1234567
24436
1234567
24438
1234567
24440
1234567
24442
1234567
24444
1234567
24446
1234567
24448
1234567
24450
1234567
24452
1234567
24454
1234567
24456
1234567
24458
1234567
24460
1234567
24462
1234567
24464
1234567
24466
1234567
24468
1234567
24470
1234567
24472
1234567
24474
1234567
24476
1234567
24478
1234567
24480
1234567
24482
1234567
24484
1234567
24486
1234567
24488
1234567
24490
1234567
24492
1234567
24494
1234567
24496
1234567
24498
1234567
24500
1234567
24502
1234567
24504
1234567
24506
1234567
24508
1234567
24510
1234567
24512
1234567
24514
1234567
24516
1234567
24518
1234567
24520
1234567
24522
1234567
24524
1234567
24526
1234567
24528
1234567
24530
1234567
24532
1234567
24534
1234567
24536
1234567
24538
1234567
24540
1234567
24542
1234567
24544
1234567
24546
1234567
24548
1234567
24550
1234567
24552
1234567
24554
1234567
24556
1234567
24558
1234567
24560
1234567
24562
1234567
24564
1234567
24566
1234567
24568
1234567
24570
1234567
24572
1234567
24574
1234567
24576
1234567
24578
1234567
24580
1234567
24582
1234567
24584
1234567
24586
1234567
24588
1234567
24590
1234567
24592
1234567
24594
1234567
24596
1234567
24598
1234567
24600
1234567
24602
1234567
24604
1234567
24606
1234567
24608
1234567
24610
1234567
24612
1234567
24614
1234567
24616
1234567
24618
1234567
24620
1234567
24622
1234567
24624
1234567
24626
1234567
24628
1234567
24630
1234567
24632
1234567
24634
1234567
24636
1234567
24638
1234567
24640
1234567
24642
1234567
24644
1234567
24646
1234567
24648
1234567
24650
1234567
24652
1234567
24654
1234567
24656
1234567
24658
1234567
24660
1234567
24662
1234567
24664
1234567
24666
1234567
24668
1234567
24670
1234567
24672
1234567
24674
1234567
24676
1234567
24678
1234567
24680
1234567
24682
1234567
24684
1234567
24686
1234567
24688
1234567
24690
1234567
24692
1234567
24694
1234567
24696
1234567
24698
1234567
24700
1234567
24702
1234567
24704
1234567
24706
1234567
24708
1234567
24710
1234567
24712
1234567
24714
1234567
24716
1234567
24718
1234567
24720
1234567
24722
1234567
24724
1234567
24726
1234567
24728
1234567
24730
1234567
24732
1234567
24734
1234567
24736
1234567
24738
1234567
24740
1234567
24742
1234567
24744
1234567
24746
1234567
24748
1234567
24750
1234567
24752
1234567
24754
1234567
24756
1234567
24758
1234567
24760
1234567
24762
1234567
24764
1234567
24766
1234567
24768
1234567
24770
1234567
24772
1234567
24774
1234567
24776
1234567
24778
1234567
24780
1234567
24782
1234567
24784
1234567
24786
1234567
24788
1234567
24790
1234567
24792
1234567
24794
1234567
24796
1234567
24798
1234567
24800
1234567
24802
1234567
24804
1234567
24806
1234567
24808
1234567
24810
1234567
24812
1234567
24814
1234567
24816
1234567
24818
1234567
24820
1234567
24822
1234567
24824
1234567
24826
1234567
24828
1234567
24830
1234567
24832
1234567
24834
1234567
24836
1234567
24838
1234567
24840
1234567
24842
1234567
24844
1234567
24846
1234567
24848
1234567
24850
1234567
24852
1234567
24854
1234567
24856
1234567
24858
1234567
24860
1234567
24862
1234567
24864
1234567
24866
1234567
24868
1234567
24870
1234567
24872
1234567
24874
1234567
24876
1234567
24878
1234567
24880
1234567
24882
1234567
24884
1234567
24886
1234567
24888
1234567
24890
1234567
24892
1234567
24894
1234567
24896
1234567
24898
1234567
24900
1234567
24902
1234567
24904
1234567
24906
1234567
24908
1234567
24910
1234567
24912
1234567
24914
1234567
24916
1234567
24918
1234567
24920
1234567
24922
1234567
24924
1234567
24926
1234567
24928
1234567
24930
1234567
24932
1234567
24934
1234567
24936
1234567
24938
1234567
24940
1234567
24942
1234567
24944
1234567
24946
1234567
24948
1234567
24950
1234567
24952
1234567
24954
1234567
24956
1234567
24958
1234567
24960
1234567
24962
1234567
24964
1234567
24966
1234567
24968
1234567
24970
1234567
24972
1234567
24974
1234567
24976
1234567
24978
1234567
24980
1234567
24982
1234567
24984
1234567
24986
1234567
24988
1234567
24990
1234567
24992
1234567
24994
1234567
24996
1234567
24998
1234567
25000
1234567
25002
1234567
25004
1234567
25006
1234567
25008
1234567
25010
1234567
25012
1234567
25014
1234567
25016
1234567
25018
1234567
25020
1234567
25022
1234567
25024
1234567
25026
1234567
25028
1234567
25030
1234567
25032
1234567
25034
1234567
25036
1234567
25038
1234567
25040
1234567
25042
1234567
25044
1234567
25046
1234567
25048
1234567
25050
1234567
25052
1234567
25054
1234567
25056
1234567
25058
1234567
25060
1234567
25062
1234567
25064
1234567
25066
1234567
25068
1234567
25070
1234567
25072
1234567
25074
1234567
25076
1234567
25078
1234567
25080
1234567
25082
1234567
25084
1234567
25086
1234567
25088
1234567
25090
1234567
25092
1234567
25094
1234567
25096
1234567
25098
1234567
25100
1234567
25102
1234567
25104
1234567
25106
1234567
25108
1234567
25110
1234567
25112
1234567
25114
1234567
25116
1234567
25118
1234567
25120
1234567
25122
1234567
25124
1234567
25126
1234567
25128
1234567
25130
1234567
25132
1234567
25134
1234567
25136
1234567
25138
1234567
25140
1234567
25142
1234567
25144
1234567
25146
1234567
25148
1234567
25150
1234567
25152
1234567
25154
1234567
25156
1234567
25158
1234567
25160
1234567
25162
1234567
25164
1234567
25166
1234567
25168
1234567
25170
1234567
25172
1234567
25174
1234567
25176
1234567
25178
1234567
25180
1234567
25182
1234567
25184
1234567
25186
1234567
25188
1234567
25190
1234567
25192
1234567
25194
1234567
25196
1234567
25198
1234567
25200
1234567
25202
1234567
25204
1234567
25206
1234567
25208
1234567
25210
1234567
25212
1234567
25214
1234567
25216
1234567
25218
1234567
25220
1234567
25222
1234567
25224
1234567
25226
1234567
25228
1234567
25230
1234567
25232
1234567
25234
1234567
25236
1234567
25238
1234567
25240
1234567
25242
1234567
25244
1234567
25246
1234567
25248
1234567
25250
1234567
25252
1234567
25254
1234567
25256
1234567
25258
1234567
25260
1234567
25262
1234567
25264
1234567
25266
1234567
25268
1234567
25270
1234567
25272
1234567
25274
1234567
25276
1234567
25278
1234567
25280
1234567
25282
1234567
25284
1234567
25286
1234567
25288
1234567
25290
1234567
25292
1234567
25294
1234567
25296
1234567
25298
1234567
25300
1234567
25302
1234567
25304
1234567
25306
1234567
25308
1234567
25310
1234567
25312
1234567
25314
1234567
25316
1234567
25318
1234567
25320
1234567
25322
1234567
25324
1234567
25326
1234567
25328
1234567
25330
1234567
25332
1234567
25334
1234567
25336
1234567
25338
1234567
25340
1234567
25342
1234567
25344
1234567
25346
1234567
25348
1234567
25350
1234567
25352
1234567
25354
1234567
25356
1234567
25358
1234567
25360
1234567
25362
1234567
25364
1234567
25366
1234567
25368
1234567
25370
1234567
25372
1234567
25374
1234567
25376
1234567
25378
1234567
25380
1234567
25382
1234567
25384
1234567
25386
1234567
25388
1234567
25390
1234567
25392
1234567
25394
1234567
25396
1234567
25398
1234567
25400
1234567
25402
1234567
25404
1234567
25406
1234567
25408
1234567
25410
1234567
25412
1234567
25414
1234567
25416
1234567
25418
1234567
25420
1234567
25422
1234567
25424
1234567
25426
1234567
25428
1234567
25430
1234567
25432
1234567
25434
1234567
25436
1234567
25438
1234567
25440
1234567
25442
1234567
25444
1234567
25446
1234567
25448
1234567
25450
1234567
25452
1234567
25454
1234567
25456
1234567
25458
1234567
25460
1234567
25462
1234567
25464
1234567
25466
1234567
25468
1234567
25470
1234567
25472
1234567
25474
1234567
25476
1234567
25478
1234567
25480
1234567
25482
1234567
25484
1234567
25486
1234567
25488
1234567
25490
1234567
25492
1234567
25494
1234567
25496
1234567
25498
1234567
25500
1234567
25502
1234567
25504
1234567
25506
1234567
25508
1234567
25510
1234567
25512
1234567
25514
1234567
25516
1234567
25518
1234567
25520
1234567
25522
1234567
25524
1234567
25526
1234567
25528
1234567
25530
1234567
25532
1234567
25534
1234567
25536
1234567
25538
1234567
25540
1234567
25542
1234567
25544
1234567
25546
1234567
25548
1234567
25550
1234567
25552
1234567
25554
1234567
25556
1234567
25558
1234567
25560
1234567
25562
1234567
25564
1234567
25566
1234567
25568
1234567
25570
1234567
25572
1234567
25574
1234567
25576
1234567
25578
1234567
25580
1234567
25582
1234567
25584
1234567
25586
1234567
25588
1234567
25590
1234567
25592
1234567
25594
1234567
25596
1234567
25598
1234567
25600
1234567
25602
1234567
25604
1234567
25606
1234567
25608
1234567
25610
1234567
25612
1234567
25614
1234567
25616
1234567
25618
1234567
25620
1234567
25622
1234567
25624
1234567
25626
1234567
25628
1234567
25630
1234567
25632
1234567
25634
1234567
25636
1234567
25638
1234567
25640
1234567
25642
1234567
25644
1234567
25646
1234567
25648
1234567
25650
1234567
25652
1234567
25654
1234567
25656
1234567
25658
1234567
25660
1234567
25662
1234567
25664
1234567
25666
1234567
25668
1234567
25670
1234567
25672
1234567
25674
1234567
25676
1234567
25678
1234567
25680
1234567
25682
1234567
25684
1234567
25686
1234567
25688
1234567
25690
1234567
25692
1234567
25694
1234567
25696
1234567
25698
1234567
25700
1234567
25702
1234567
25704
1234567
25706
1234567
25708
1234567
25710
1234567
25712
1234567
25714
1234567
25716
1234567
25718
1234567
25720
1234567
25722
1234567
25724
1234567
25726
1234567
25728
1234567
25730
1234567
25732
1234567
25734
1234567
25736
1234567
25738
1234567
25740
1234567
25742
1234567
25744
1234567
25746
1234567
25748
1234567
25750
1234567
25752
1234567
25754
1234567
25756
1234567
25758
1234567
25760
1234567
25762
1234567
25764
1234567
25766
1234567
25768
1234567
25770
1234567
25772
1234567
25774
1234567
25776
1234567
25778
1234567
25780
1234567
25782
1234567
25784
1234567
25786
1234567
25788
1234567
25790
1234567
25792
1234567
25794
1234567
25796
1234567
25798
1234567
25800
1234567
25802
1234567
25804
1234567
25806
1234567
25808
1234567
25810
1234567
25812
1234567
25814
1234567
25816
1234567
25818
1234567
25820
1234567
25822
1234567
25824
1234567
25826
1234567
25828
1234567
25830
1234567
25832
1234567
25834
1234567
25836
1234567
25838
1234567
25840
1234567
25842
1234567
25844
1234567
25846
1234567
25848
1234567
25850
1234567
25852
1234567
25854
1234567
25856
1234567
25858
1234567
25860
1234567
25862
1234567
25864
1234567
25866
1234567
25868
1234567
25870
1234567
25872
1234567
25874
1234567
25876
1234567
25878
1234567
25880
1234567
25882
1234567
25884
1234567
25886
1234567
25888
1234567
25890
1234567
25892
1234567
25894
1234567
25896
1234567
25898
1234567
25900
1234567
25902
1234567
25904
1234567
25906
1234567
25908
1234567
25910
1234567
25912
1234567
25914
1234567
25916
1234567
25918
1234567
25920
1234567
25922
1234567
25924
1234567
25926
1234567
25928
1234567
25930
1234567
25932
1234567
25934
1234567
25936
1234567
25938
1234567
25940
1234567
25942
1234567
25944
1234567
25946
1234567
25948
1234567
25950
1234567
25952
1234567
25954
1234567
25956
1234567
25958
1234567
25960
1234567
25962
1234567
25964
1234567
25966
1234567
25968
1234567
25970
1234567
25972
1234567
25974
1234567
25976
1234567
25978
1234567
25980
1234567
25982
1234567
25984
1234567
25986
1234567
25988
1234567
25990
1234567
25992
1234567
25994
1234567
25996
1234567
25998
1234567
26000
1234567
26002
1234567
26004
1234567
26006
1234567
26008
1234567
26010
1234567
26012
1234567
26014
1234567
26016
1234567
26018
1234567
26020
1234567
26022
1234567
26024
1234567
26026
1234567
26028
1234567
26030
1234567
26032
1234567
26034
1234567
26036
1234567
26038
1234567
26040
1234567
26042
1234567
26044
1234567
26046
1234567
26048
1234567
26050
1234567
26052
1234567
26054
1234567
26056
1234567
26058
1234567
26060
1234567
26062
1234567
26064
1234567
26066
1234567
26068
1234567
26070
1234567
26072
1234567
26074
1234567
26076
1234567
26078
1234567
26080
1234567
26082
1234567
26084
1234567
26086
1234567
26088
1234567
26090
1234567
26092
1234567
26094
1234567
26096
1234567
26098
1234567
26100
1234567
26102
1234567
26104
1234567
26106
1234567
26108
1234567
26110
1234567
26112
1234567
26114
1234567
26116
1234567
26118
1234567
26120
1234567
26122
1234567
26124
1234567
26126
1234567
26128
1234567
26130
1234567
26132
1234567
26134
1234567
26136
1234567
26138
1234567
26140
1234567
26142
1234567
26144
1234567
26146
1234567
26148
1234567
26150
1234567
26152
1234567
26154
1234567
26156
1234567
26158
1234567
26160
1234567
26162
1234567
26164
1234567
26166
1234567
26168
1234567
26170
1234567
26172
1234567
26174
1234567
26176
1234567
26178
1234567
26180
1234567
26182
1234567
26184
1234567
26186
1234567
26188
1234567
26190
1234567
26192
1234567
26194
1234567
26196
1234567
26198
1234567
26200
1234567
26202
1234567
26204
1234567
26206
1234567
26208
1234567
26210
1234567
26212
1234567
26214
1234567
26216
1234567
26218
1234567
26220
1234567
26222
1234567
26224
1234567
26226
1234567
26228
1234567
26230
1234567
26232
1234567
26234
1234567
26236
1234567
26238
1234567
26240
1234567
26242
1234567
26244
1234567
26246
1234567
26248
1234567
26250
1234567
26252
1234567
26254
1234567
26256
1234567
26258
1234567
26260
1234567
26262
1234567
26264
1234567
26266
1234567
26268
1234567
26270
1234567
26272
1234567
26274
1234567
26276
1234567
26278
1234567
26280
1234567
26282
1234567
26284
1234567
26286
1234567
26288
1234567
26290
1234567
26292
1234567
26294
1234567
26296
1234567
26298
1234567
26300
1234567
26302
1234567
26304
1234567
26306
1234567
26308
1234567
26310
1234567
26312
1234567
26314
1234567
26316
1234567
26318
1234567
26320
1234567
26322
1234567
26324
1234567
26326
1234567
26328
1234567
26330
1234567
26332
1234567
26334
1234567
26336
1234567
26338
1234567
26340
1234567
26342
1234567
26344
1234567
26346
1234567
26348
1234567
26350
1234567
26352
1234567
26354
1234567
26356
1234567
26358
1234567
26360
1234567
26362
1234567
26364
1234567
26366
1234567
26368
1234567
26370
1234567
26372
1234567
26374
1234567
26376
1234567
26378
1234567
26380
1234567
26382
1234567
26384
1234567
26386
1234567
26388
1234567
26390
1234567
26392
1234567
26394
1234567
26396
1234567
26398
1234567
26400
1234567
26402
1234567
26404
1234567
26406
1234567
26408
1234567
26410
1234567
26412
1234567
26414
1234567
26416
1234567
26418
1234567
26420
1234567
26422
1234567
26424
1234567
26426
1234567
26428
1234567
26430
1234567
26432
1234567
26434
1234567
26436
1234567
26438
1234567
26440
1234567
26442
1234567
26444
1234567
26446
1234567
26448
1234567
26450
1234567
26452
1234567
26454
1234567
26456
1234567
26458
1234567
26460
1234567
26462
1234567
26464
1234567
26466
1234567
26468
1234567
26470
1234567
26472
1234567
26474
1234567
26476
1234567
26478
1234567
26480
1234567
26482
1234567
26484
1234567
26486
1234567
26488
1234567
26490
1234567
26492
1234567
26494
1234567
26496
1234567
26498
1234567
26500
1234567
26502
1234567
26504
1234567
26506
1234567
26508
1234567
26510
1234567
26512
1234567
26514
1234567
26516
1234567
26518
1234567
26520
1234567
26522
1234567
26524
1234567
26526
1234567
26528
1234567
26530
1234567
26532
1234567
26534
1234567
26536
1234567
26538
1234567
26540
1234567
26542
1234567
26544
1234567
26546
1234567
26548
1234567
26550
1234567
26552
1234567
26554
1234567
26556
1234567
26558
1234567
26560
1234567
26562
1234567
26564
1234567
26566
1234567
26568
1234567
26570
1234567
26572
1234567
26574
1234567
26576
1234567
26578
1234567
26580
1234567
26582
1234567
26584
1234567
26586
1234567
26588
1234567
26590
1234567
26592
1234567
26594
1234567
26596
1234567
26598
1234567
26600
1234567
26602
1234567
26604
1234567
26606
1234567
26608
1234567
26610
1234567
26612
1234567
26614
1234567
26616
1234567
26618
1234567
26620
1234567
26622
1234567
26624
1234567
26626
1234567
26628
1234567
26630
1234567
26632
1234567
26634
1234567
26636
1234567
26638
1234567
26640
1234567
26642
1234567
26644
1234567
26646
1234567
26648
1234567
26650
1234567
26652
1234567
26654
1234567
26656
1234567
26658
1234567
26660
1234567
26662
1234567
26664
1234567
26666
1234567
26668
1234567
26670
1234567
26672
1234567
26674
1234567
26676
1234567
26678
1234567
26680
1234567
26682
1234567
26684
1234567
26686
1234567
26688
1234567
26690
1234567
26692
1234567
26694
1234567
26696
1234567
26698
1234567
26700
1234567
26702
1234567
26704
1234567
26706
1234567
26708
1234567
26710
1234567
26712
1234567
26714
1234567
26716
1234567
26718
1234567
26720
1234567
26722
1234567
26724
1234567
26726
1234567
26728
1234567
26730
1234567
26732
1234567
26734
1234567
26736
1234567
26738
1234567
26740
1234567
26742
1234567
26744
1234567
26746
1234567
26748
1234567
26750
1234567
26752
1234567
26754
1234567
26756
1234567
26758
1234567
26760
1234567
26762
1234567
26764
1234567
26766
1234567
26768
1234567
26770
1234567
26772
1234567
26774
1234567
26776
1234567
26778
1234567
26780
1234567
26782
1234567
26784
1234567
26786
1234567
26788
1234567
26790
1234567
26792
1234567
26794
1234567
26796
1234567
26798
1234567
26800
1234567
26802
1234567
26804
1234567
26806
1234567
26808
1234567
26810
1234567
26812
1234567
26814
1234567
26816
1234567
26818
1234567
26820
1234567
26822
1234567
26824
1234567
26826
1234567
26828
1234567
26830
1234567
26832
1234567
26834
1234567
26836
1234567
26838
1234567
26840
1234567
26842
1234567
26844
1234567
26846
1234567
26848
1234567
26850
1234567
26852
1234567
26854
1234567
26856
1234567
26858
1234567
26860
1234567
26862
1234567
26864
1234567
26866
1234567
26868
1234567
26870
1234567
26872
1234567
26874
1234567
26876
1234567
26878
1234567
26880
1234567
26882
1234567
26884
1234567
26886
1234567
26888
1234567
26890
1234567
26892
1234567
26894
1234567
26896
1234567
26898
1234567
26900
1234567
26902
1234567
26904
1234567
26906
1234567
26908
1234567
26910
1234567
26912
1234567
26914
1234567
26916
1234567
26918
1234567
26920
1234567
26922
1234567
26924
1234567
26926
1234567
26928
1234567
26930
1234567
26932
1234567
26934
1234567
26936
1234567
26938
1234567
26940
1234567
26942
1234567
26944
1234567
26946
1234567
26948
1234567
26950
1234567
26952
1234567
26954
1234567
26956
1234567
26958
1234567
26960
1234567
26962
1234567
26964
1234567
26966
1234567
26968
1234567
26970
1234567
26972
1234567
26974
1234567
26976
1234567
26978
1234567
26980
1234567
26982
1234567
26984
1234567
26986
1234567
26988
1234567
26990
1234567
26992
1234567
26994
1234567
26996
1234567
26998
1234567
27000
1234567
27002
1234567
27004
1234567
27006
1234567
27008
1234567
27010
1234567
27012
1234567
27014
1234567
27016
1234567
27018
1234567
27020
1234567
27022
1234567
27024
1234567
27026
1234567
27028
1234567
27030
1234567
27032
1234567
27034
1234567
27036
1234567
27038
1234567
27040
1234567
27042
1234567
27044
1234567
27046
1234567
27048
1234567
27050
1234567
27052
1234567
27054
1234567
27056
1234567
27058
1234567
27060
1234567
27062
1234567
27064
1234567
27066
1234567
27068
1234567
27070
1234567
27072
1234567
27074
1234567
27076
1234567
27078
1234567
27080
1234567
27082
1234567
27084
1234567
27086
1234567
27088
1234567
27090
1234567
27092
1234567
27094
1234567
27096
1234567
27098
1234567
27100
1234567
27102
1234567
27104
1234567
27106
1234567
27108
1234567
27110
1234567
27112
1234567
27114
1234567
27116
1234567
27118
1234567
27120
1234567
27122
1234567
27124
1234567
27126
1234567
27128
1234567
27130
1234567
27132
1234567
27134
1234567
27136
1234567
27138
1234567
27140
1234567
27142
1234567
27144
1234567
27146
1234567
27148
1234567
27150
1234567
27152
1234567
27154
1234567
27156
1234567
27158
1234567
27160
1234567
27162
1234567
27164
1234567
27166
1234567
27168
1234567
27170
1234567
27172
1234567
27174
1234567
27176
1234567
27178
1234567
27180
1234567
27182
1234567
27184
1234567
27186
1234567
27188
1234567
27190
1234567
27192
1234567
27194
1234567
27196
1234567
27198
1234567
27200
1234567
27202
1234567
27204
1234567
27206
1234567
27208
1234567
27210
1234567
27212
1234567
27214
1234567
27216
1234567
27218
1234567
27220
1234567
27222
1234567
27224
1234567
27226
1234567
27228
1234567
27230
1234567
27232
1234567
27234
1234567
27236
1234567
27238
1234567
27240
1234567
27242
1234567
27244
1234567
27246
1234567
27248
1234567
27250
1234567
27252
1234567
27254
1234567
27256
1234567
27258
1234567
27260
1234567
27262
1234567
27264
1234567
27266
1234567
27268
1234567
27270
1234567
27272
1234567
27274
1234567
27276
1234567
27278
1234567
27280
1234567
27282
1234567
27284
1234567
27286
1234567
27288
1234567
27290
1234567
27292
1234567
27294
1234567
27296
1234567
27298
1234567
27300
1234567
27302
1234567
27304
1234567
27306
1234567
27308
1234567
27310
1234567
27312
1234567
27314
1234567
27316
1234567
27318
1234567
27320
1234567
27322
1234567
27324
1234567
27326
1234567
27328
1234567
27330
1234567
27332
1234567
27334
1234567
27336
1234567
27338
1234567
27340
1234567
27342
1234567
27344
1234567
27346
1234567
27348
1234567
27350
1234567
27352
1234567
27354
1234567
27356
1234567
27358
1234567
27360
1234567
27362
1234567
27364
1234567
27366
1234567
27368
1234567
27370
1234567
27372
1234567
27374
1234567
27376
1234567
27378
1234567
27380
1234567
27382
1234567
27384
1234567
27386
1234567
27388
1234567
27390
1234567
27392
1234567
27394
1234567
27396
1234567
27398
1234567
27400
1234567
27402
1234567
27404
1234567
27406
1234567
27408
1234567
27410
1234567
27412
1234567
27414
1234567
27416
1234567
27418
1234567
27420
1234567
27422
1234567
27424
1234567
27426
1234567
27428
1234567
27430
1234567
27432
1234567
27434
1234567
27436
1234567
27438
1234567
27440
1234567
27442
1234567
27444
1234567
27446
1234567
27448
1234567
27450
1234567
27452
1234567
27454
1234567
27456
1234567
27458
1234567
27460
1234567
27462
1234567
27464
1234567
27466
1234567
27468
1234567
27470
1234567
27472
1234567
27474
1234567
27476
1234567
27478
1234567
27480
1234567
27482
1234567
27484
1234567
27486
1234567
27488
1234567
27490
1234567
27492
1234567
27494
1234567
27496
1234567
27498
1234567
27500
1234567
27502
1234567
27504
1234567
27506
1234567
27508
1234567
27510
1234567
27512
1234567
27514
1234567
27516
1234567
27518
1234567
27520
1234567
27522
1234567
27524
1234567
27526
1234567
27528
1234567
27530
1234567
27532
1234567
27534
1234567
27536
1234567
27538
1234567
27540
1234567
27542
1234567
27544
1234567
27546
1234567
27548
1234567
27550
1234567
27552
1234567
27554
1234567
27556
1234567
27558
1234567
27560
1234567
27562
1234567
27564
1234567
27566
1234567
27568
1234567
27570
1234567
27572
1234567
27574
1234567
27576
1234567
27578
1234567
27580
1234567
27582
1234567
27584
1234567
27586
1234567
27588
1234567
27590
1234567
27592
1234567
27594
1234567
27596
1234567
27598
1234567
27600
1234567
27602
1234567
27604
1234567
27606
1234567
27608
1234567
27610
1234567
27612
1234567
27614
1234567
27616
1234567
27618
1234567
27620
1234567
27622
1234567
27624
1234567
27626
1234567
27628
1234567
27630
1234567
27632
1234567
27634
1234567
27636
1234567
27638
1234567
27640
1234567
27642
1234567
27644
1234567
27646
1234567
27648
1234567
27650
1234567
27652
1234567
27654
1234567
27656
1234567
27658
1234567
27660
1234567
27662
1234567
27664
1234567
27666
1234567
27668
1234567
27670
1234567
27672
1234567
27674
1234567
27676
1234567
27678
1234567
27680
1234567
27682
1234567
27684
1234567
27686
1234567
27688
1234567
27690
1234567
27692
1234567
27694
1234567
27696
1234567
27698
1234567
27700
1234567
27702
1234567
27704
1234567
27706
1234567
27708
1234567
27710
1234567
27712
1234567
27714
1234567
27716
1234567
27718
1234567
27720
1234567
27722
1234567
27724
1234567
27726
1234567
27728
1234567
27730
1234567
27732
1234567
27734
1234567
27736
1234567
27738
1234567
27740
1234567
27742
1234567
27744
1234567
27746
1234567
27748
1234567
27750
1234567
27752
1234567
27754
1234567
27756
1234567
27758
1234567
27760
1234567
27762
1234567
27764
1234567
27766
1234567
27768
1234567
27770
1234567
27772
1234567
27774
1234567
27776
1234567
27778
1234567
27780
1234567
27782
1234567
27784
1234567
27786
1234567
27788
1234567
27790
1234567
27792
1234567
27794
1234567
27796
1234567
27798
1234567
27800
1234567
27802
1234567
27804
1234567
27806
1234567
27808
1234567
27810
1234567
27812
1234567
27814
1234567
27816
1234567
27818
1234567
27820
1234567
27822
1234567
27824
1234567
27826
1234567
27828
1234567
27830
1234567
27832
1234567
27834
1234567
27836
1234567
27838
1234567
27840
1234567
27842
1234567
27844
1234567
27846
1234567
27848
1234567
27850
1234567
27852
1234567
27854
1234567
27856
1234567
27858
1234567
27860
1234567
27862
1234567
27864
1234567
27866
1234567
27868
1234567
27870
1234567
27872
1234567
27874
1234567
27876
1234567
27878
1234567
27880
1234567
27882
1234567
27884
1234567
27886
1234567
27888
1234567
27890
1234567
27892
1234567
27894
1234567
27896
1234567
27898
1234567
27900
1234567
27902
1234567
27904
1234567
27906
1234567
27908
1234567
27910
1234567
27912
1234567
27914
1234567
27916
1234567
27918
1234567
27920
1234567
27922
1234567
27924
1234567
27926
1234567
27928
1234567
27930
1234567
27932
1234567
27934
1234567
27936
1234567
27938
1234567
27940
1234567
27942
1234567
27944
1234567
27946
1234567
27948
1234567
27950
1234567
27952
1234567
27954
1234567
27956
1234567
27958
1234567
27960
1234567
27962
1234567
27964
1234567
27966
1234567
27968
1234567
27970
1234567
27972
1234567
27974
1234567
27976
1234567
27978
1234567
27980
1234567
27982
1234567
27984
1234567
27986
1234567
27988
1234567
27990
1234567
27992
1234567
27994
1234567
27996
1234567
27998
1234567
28000
1234567
28002
1234567
28004
1234567
28006
1234567
28008
1234567
28010
1234567
28012
1234567
28014
1234567
28016
1234567
28018
1234567
28020
1234567
28022
1234567
28024
1234567
28026
1234567
28028
1234567
28030
1234567
28032
1234567
28034
1234567
28036
1234567
28038
1234567
28040
1234567
28042
1234567
28044
1234567
28046
1234567
28048
1234567
28050
1234567
28052
1234567
28054
1234567
28056
1234567
28058
1234567
28060
1234567
28062
1234567
28064
1234567
28066
1234567
28068
1234567
28070
1234567
28072
1234567
28074
1234567
28076
1234567
28078
1234567
28080
1234567
28082
1234567
28084
1234567
28086
1234567
28088
1234567
28090
1234567
28092
1234567
28094
1234567
28096
1234567
28098
1234567
28100
1234567
28102
1234567
28104
1234567
28106
1234567
28108
1234567
28110
1234567
28112
1234567
28114
1234567
28116
1234567
28118
1234567
28120
1234567
28122
1234567
28124
1234567
28126
1234567
28128
1234567
28130
1234567
28132
1234567
28134
1234567
28136
1234567
28138
1234567
28140
1234567
28142
1234567
28144
1234567
28146
1234567
28148
1234567
28150
1234567
28152
1234567
28154
1234567
28156
1234567
28158
1234567
28160
1234567
28162
1234567
28164
1234567
28166
1234567
28168
1234567
28170
1234567
28172
1234567
28174
1234567
28176
1234567
28178
1234567
28180
1234567
28182
1234567
28184
1234567
28186
1234567
28188
1234567
28190
1234567
28192
1234567
28194
1234567
28196
1234567
28198
1234567
28200
1234567
28202
1234567
28204
1234567
28206
1234567
28208
1234567
28210
1234567
28212
1234567
28214
1234567
28216
1234567
28218
1234567
28220
1234567
28222
1234567
28224
1234567
28226
1234567
28228
1234567
28230
1234567
28232
1234567
28234
1234567
28236
1234567
28238
1234567
28240
1234567
28242
1234567
28244
1234567
28246
1234567
28248
1234567
28250
1234567
28252
1234567
28254
1234567
28256
1234567
28258
1234567
28260
1234567
28262
1234567
28264
1234567
28266
1234567
28268
1234567
28270
1234567
28272
1234567
28274
1234567
28276
1234567
28278
1234567
28280
1234567
28282
1234567
28284
1234567
28286
1234567
28288
1234567
28290
1234567
28292
1234567
28294
1234567
28296
1234567
28298
1234567
28300
1234567
28302
1234567
28304
1234567
28306
1234567
28308
1234567
28310
1234567
28312
1234567
28314
1234567
28316
1234567
28318
1234567
28320
1234567
28322
1234567
28324
1234567
28326
1234567
28328
1234567
28330
1234567
28332
1234567
28334
1234567
28336
1234567
28338
1234567
28340
1234567
28342
1234567
28344
1234567
28346
1234567
28348
1234567
28350
1234567
28352
1234567
28354
1234567
28356
1234567
28358
1234567
28360
1234567
28362
1234567
28364
1234567
28366
1234567
28368
1234567
28370
1234567
28372
1234567
28374
1234567
28376
1234567
28378
1234567
28380
1234567
28382
1234567
28384
1234567
28386
1234567
28388
1234567
28390
1234567
28392
1234567
28394
1234567
28396
1234567
28398
1234567
28400
1234567
28402
1234567
28404
1234567
28406
1234567
28408
1234567
28410
1234567
28412
1234567
28414
1234567
28416
1234567
28418
1234567
28420
1234567
28422
1234567
28424
1234567
28426
1234567
28428
1234567
28430
1234567
28432
1234567
28434
1234567
28436
1234567
28438
1234567
28440
1234567
28442
1234567
28444
1234567
28446
1234567
28448
1234567
28450
1234567
28452
1234567
28454
1234567
28456
1234567
28458
1234567
28460
1234567
28462
1234567
28464
1234567
28466
1234567
28468
1234567
28470
1234567
28472
1234567
28474
1234567
28476
1234567
28478
1234567
28480
1234567
28482
1234567
28484
1234567
28486
1234567
28488
1234567
28490
1234567
28492
1234567
28494
1234567
28496
1234567
28498
1234567
28500
1234567
28502
1234567
28504
1234567
28506
1234567
28508
1234567
28510
1234567
28512
1234567
28514
1234567
28516
1234567
28518
1234567
28520
1234567
28522
1234567
28524
1234567
28526
1234567
28528
1234567
28530
1234567
28532
1234567
28534
1234567
28536
1234567
28538
1234567
28540
1234567
28542
1234567
28544
1234567
28546
1234567
28548
1234567
28550
1234567
28552
1234567
28554
1234567
28556
1234567
28558
1234567
28560
1234567
28562
1234567
28564
1234567
28566
1234567
28568
1234567
28570
1234567
28572
1234567
28574
1234567
28576
1234567
28578
1234567
28580
1234567
28582
1234567
28584
1234567
28586
1234567
28588
1234567
28590
1234567
28592
1234567
28594
1234567
28596
1234567
28598
1234567
28600
1234567
28602
1234567
28604
1234567
28606
1234567
28608
1234567
28610
1234567
28612
1234567
28614
1234567
28616
1234567
28618
1234567
28620
1234567
28622
1234567
28624
1234567
28626
1234567
28628
1234567
28630
1234567
28632
1234567
28634
1234567
28636
1234567
28638
1234567
28640
1234567
28642
1234567
28644
1234567
28646
1234567
28648
1234567
28650
1234567
28652
1234567
28654
1234567
28656
1234567
28658
1234567
28660
1234567
28662
1234567
28664
1234567
28666
1234567
28668
1234567
28670
1234567
28672
1234567
28674
1234567
28676
1234567
28678
1234567
28680
1234567
28682
1234567
28684
1234567
28686
1234567
28688
1234567
28690
1234567
28692
1234567
28694
1234567
28696
1234567
28698
1234567
28700
1234567
28702
1234567
28704
1234567
28706
1234567
28708
1234567
28710
1234567
28712
1234567
28714
1234567
28716
1234567
28718
1234567
28720
1234567
28722
1234567
28724
1234567
28726
1234567
28728
1234567
28730
1234567
28732
1234567
28734
1234567
28736
1234567
28738
1234567
28740
1234567
28742
1234567
28744
1234567
28746
1234567
28748
1234567
28750
1234567
28752
1234567
28754
1234567
28756
1234567
28758
1234567
28760
1234567
28762
1234567
28764
1234567
28766
1234567
28768
1234567
28770
1234567
28772
1234567
28774
1234567
28776
1234567
28778
1234567
28780
1234567
28782
1234567
28784
1234567
28786
1234567
28788
1234567
28790
1234567
28792
1234567
28794
1234567
28796
1234567
28798
1234567
28800
1234567
28802
1234567
28804
1234567
28806
1234567
28808
1234567
28810
1234567
28812
1234567
28814
1234567
28816
1234567
28818
1234567
28820
1234567
28822
1234567
28824
1234567
28826
1234567
28828
1234567
28830
1234567
28832
1234567
28834
1234567
28836
1234567
28838
1234567
28840
1234567
28842
1234567
28844
1234567
28846
1234567
28848
1234567
28850
1234567
28852
1234567
28854
1234567
28856
1234567
28858
1234567
28860
1234567
28862
1234567
28864
1234567
28866
1234567
28868
1234567
28870
1234567
28872
1234567
28874
1234567
28876
1234567
28878
1234567
28880
1234567
28882
1234567
28884
1234567
28886
1234567
28888
1234567
28890
1234567
28892
1234567
28894
1234567
28896
1234567
28898
1234567
28900
1234567
28902
1234567
28904
1234567
28906
1234567
28908
1234567
28910
1234567
28912
1234567
28914
1234567
28916
1234567
28918
1234567
28920
1234567
28922
1234567
28924
1234567
28926
1234567
28928
1234567
28930
1234567
28932
1234567
28934
1234567
28936
1234567
28938
1234567
28940
1234567
28942
1234567
28944
1234567
28946
1234567
28948
1234567
28950
1234567
28952
1234567
28954
1234567
28956
1234567
28958
1234567
28960
1234567
28962
1234567
28964
1234567
28966
1234567
28968
1234567
28970
1234567
28972
1234567
28974
1234567
28976
1234567
28978
1234567
28980
1234567
28982
1234567
28984
1234567
28986
1234567
28988
1234567
28990
1234567
28992
1234567
28994
1234567
28996
1234567
28998
1234567
29000
1234567
29002
1234567
29004
1234567
29006
1234567
29008
1234567
29010
1234567
29012
1234567
29014
1234567
29016
1234567
29018
1234567
29020
1234567
29022
1234567
29024
1234567
29026
1234567
29028
1234567
29030
1234567
29032
1234567
29034
1234567
29036
1234567
29038
1234567
29040
1234567
29042
1234567
29044
1234567
29046
1234567
29048
1234567
29050
1234567
29052
1234567
29054
1234567
29056
1234567
29058
1234567
29060
1234567
29062
1234567
29064
1234567
29066
1234567
29068
1234567
29070
1234567
29072
1234567
29074
1234567
29076
1234567
29078
1234567
29080
1234567
29082
1234567
29084
1234567
29086
1234567
29088
1234567
29090
1234567
29092
1234567
29094
1234567
29096
1234567
29098
1234567
29100
1234567
29102
1234567
29104
1234567
29106
1234567
29108
1234567
29110
1234567
29112
1234567
29114
1234567
29116
1234567
29118
1234567
29120
1234567
29122
1234567
29124
1234567
29126
1234567
29128
1234567
29130
1234567
29132
1234567
29134
1234567
29136
1234567
29138
1234567
29140
1234567
29142
1234567
29144
1234567
29146
1234567
29148
1234567
29150
1234567
29152
1234567
29154
1234567
29156
1234567
29158
1234567
29160
1234567
29162
1234567
29164
1234567
29166
1234567
29168
1234567
29170
1234567
29172
1234567
29174
1234567
29176
1234567
29178
1234567
29180
1234567
29182
1234567
29184
1234567
29186
1234567
29188
1234567
29190
1234567
29192
1234567
29194
1234567
29196
1234567
29198
1234567
29200
1234567
29202
1234567
29204
1234567
29206
1234567
29208
1234567
29210
1234567
29212
1234567
29214
1234567
29216
1234567
29218
1234567
29220
1234567
29222
1234567
29224
1234567
29226
1234567
29228
1234567
29230
1234567
29232
1234567
29234
1234567
29236
1234567
29238
1234567
29240
1234567
29242
1234567
29244
1234567
29246
1234567
29248
1234567
29250
1234567
29252
1234567
29254
1234567
29256
1234567
29258
1234567
29260
1234567
29262
1234567
29264
1234567
29266
1234567
29268
1234567
29270
1234567
29272
1234567
29274
1234567
29276
1234567
29278
1234567
29280
1234567
29282
1234567
29284
1234567
29286
1234567
29288
1234567
29290
1234567
29292
1234567
29294
1234567
29296
1234567
29298
1234567
29300
1234567
29302
1234567
29304
1234567
29306
1234567
29308
1234567
29310
1234567
29312
1234567
29314
1234567
29316
1234567
29318
1234567
29320
1234567
29322
1234567
29324
1234567
29326
1234567
29328
1234567
29330
1234567
29332
1234567
29334
1234567
29336
1234567
29338
1234567
29340
1234567
29342
1234567
29344
1234567
29346
1234567
29348
1234567
29350
1234567
29352
1234567
29354
1234567
29356
1234567
29358
1234567
29360
1234567
29362
1234567
29364
1234567
29366
1234567
29368
1234567
29370
1234567
29372
1234567
29374
1234567
29376
1234567
29378
1234567
29380
1234567
29382
1234567
29384
1234567
29386
1234567
29388
1234567
29390
1234567
29392
1234567
29394
1234567
29396
1234567
29398
1234567
29400
1234567
29402
1234567
29404
1234567
29406
1234567
29408
1234567
29410
1234567
29412
1234567
29414
1234567
29416
1234567
29418
1234567
29420
1234567
29422
1234567
29424
1234567
29426
1234567
29428
1234567
29430
1234567
29432
1234567
29434
1234567
29436
1234567
29438
1234567
29440
1234567
29442
1234567
29444
1234567
29446
1234567
29448
1234567
29450
1234567
29452
1234567
29454
1234567
29456
1234567
29458
1234567
29460
1234567
29462
1234567
29464
1234567
29466
1234567
29468
1234567
29470
1234567
29472
1234567
29474
1234567
29476
1234567
29478
1234567
29480
1234567
29482
1234567
29484
1234567
29486
1234567
29488
1234567
29490
1234567
29492
1234567
29494
1234567
29496
1234567
29498
1234567
29500
1234567
29502
1234567
29504
1234567
29506
1234567
29508
1234567
29510
1234567
29512
1234567
29514
1234567
29516
1234567
29518
1234567
29520
1234567
29522
1234567
29524
1234567
29526
1234567
29528
1234567
29530
1234567
29532
1234567
29534
1234567
29536
1234567
29538
1234567
29540
1234567
29542
1234567
29544
1234567
29546
1234567
29548
1234567
29550
1234567
29552
1234567
29554
1234567
29556
1234567
29558
1234567
29560
1234567
29562
1234567
29564
1234567
29566
1234567
29568
1234567
29570
1234567
29572
1234567
29574
1234567
29576
1234567
29578
1234567
29580
1234567
29582
1234567
29584
1234567
29586
1234567
29588
1234567
29590
1234567
29592
1234567
29594
1234567
29596
1234567
29598
1234567
29600
1234567
29602
1234567
29604
1234567
29606
1234567
29608
1234567
29610
1234567
29612
1234567
29614
1234567
29616
1234567
29618
1234567
29620
1234567
29622
1234567
29624
1234567
29626
1234567
29628
1234567
29630
1234567
29632
1234567
29634
1234567
29636
1234567
29638
1234567
29640
1234567
29642
1234567
29644
1234567
29646
1234567
29648
1234567
29650
1234567
29652
1234567
29654
1234567
29656
1234567
29658
1234567
29660
1234567
29662
1234567
29664
1234567
29666
1234567
29668
1234567
29670
1234567
29672
1234567
29674
1234567
29676
1234567
29678
1234567
29680
1234567
29682
1234567
29684
1234567
29686
1234567
29688
1234567
29690
1234567
29692
1234567
29694
1234567
29696
1234567
29698
1234567
29700
1234567
29702
1234567
29704
1234567
29706
1234567
29708
1234567
29710
1234567
29712
1234567
29714
1234567
29716
1234567
29718
1234567
29720
1234567
29722
1234567
29724
1234567
29726
1234567
29728
1234567
29730
1234567
29732
1234567
29734
1234567
29736
1234567
29738
1234567
29740
1234567
29742
1234567
29744
1234567
29746
1234567
29748
1234567
29750
1234567
29752
1234567
29754
1234567
29756
1234567
29758
1234567
29760
1234567
29762
1234567
29764
1234567
29766
1234567
29768
1234567
29770
1234567
29772
1234567
29774
1234567
29776
1234567
29778
1234567
29780
1234567
29782
1234567
29784
1234567
29786
1234567
29788
1234567
29790
1234567
29792
1234567
29794
1234567
29796
1234567
29798
1234567
29800
1234567
29802
1234567
29804
1234567
29806
1234567
29808
1234567
29810
1234567
29812
1234567
29814
1234567
29816
1234567
29818
1234567
29820
1234567
29822
1234567
29824
1234567
29826
1234567
29828
1234567
29830
1234567
29832
1234567
29834
1234567
29836
1234567
29838
1234567
29840
1234567
29842
1234567
29844
1234567
29846
1234567
29848
1234567
29850
1234567
29852
1234567
29854
1234567
29856
1234567
29858
1234567
29860
1234567
29862
1234567
29864
1234567
29866
1234567
29868
1234567
29870
1234567
29872
1234567
29874
1234567
29876
1234567
29878
1234567
29880
1234567
29882
1234567
29884
1234567
29886
1234567
29888
1234567
29890
1234567
29892
1234567
29894
1234567
29896
1234567
29898
1234567
29900
1234567
29902
1234567
29904
1234567
29906
1234567
29908
1234567
29910
1234567
29912
1234567
29914
1234567
29916
1234567
29918
1234567
29920
1234567
29922
1234567
29924
1234567
29926
1234567
29928
1234567
29930
1234567
29932
1234567
29934
1234567
29936
1234567
29938
1234567
29940
1234567
29942
1234567
29944
1234567
29946
1234567
29948
1234567
29950
1234567
29952
1234567
29954
1234567
29956
1234567
29958
1234567
29960
1234567
29962
1234567
29964
1234567
29966
1234567
29968
1234567
29970
1234567
29972
1234567
29974
1234567
29976
1234567
29978
1234567
29980
1234567
29982
1234567
29984
1234567
29986
1234567
29988
1234567
29990
1234567
29992
1234567
29994
1234567
29996
1234567
29998
1234567
30000
1234567
30002
1234567
30004
1234567
30006
1234567
30008
1234567
30010
1234567
30012
1234567
30014
1234567
30016
1234567
30018
1234567
30020
1234567
30022
1234567
30024
1234567
30026
1234567
30028
1234567
30030
1234567
30032
1234567
30034
1234567
30036
1234567
30038
1234567
30040
1234567
30042
1234567
30044
1234567
30046
1234567
30048
1234567
30050
1234567
30052
1234567
30054
1234567
30056
1234567
30058
1234567
30060
1234567
30062
1234567
30064
1234567
30066
1234567
30068
1234567
30070
1234567
30072
1234567
30074
1234567
30076
1234567
30078
1234567
30080
1234567
30082
1234567
30084
1234567
30086
1234567
30088
1234567
30090
1234567
30092
1234567
30094
1234567
30096
1234567
30098
1234567
30100
1234567
30102
1234567
30104
1234567
30106
1234567
30108
1234567
30110
1234567
30112
1234567
30114
1234567
30116
1234567
30118
1234567
30120
1234567
30122
1234567
30124
1234567
30126
1234567
30128
1234567
30130
1234567
30132
1234567
30134
1234567
30136
1234567
30138
1234567
30140
1234567
30142
1234567
30144
1234567
30146
1234567
30148
1234567
30150
1234567
30152
1234567
30154
1234567
30156
1234567
30158
1234567
30160
1234567
30162
1234567
30164
1234567
30166
1234567
30168
1234567
30170
1234567
30172
1234567
30174
1234567
30176
1234567
30178
1234567
30180
1234567
30182
1234567
30184
1234567
30186
1234567
30188
1234567
30190
1234567
30192
1234567
30194
1234567
30196
1234567
30198
1234567
30200
1234567
30202
1234567
30204
1234567
30206
1234567
30208
1234567
30210
1234567
30212
1234567
30214
1234567
30216
1234567
30218
1234567
30220
1234567
30222
1234567
30224
1234567
30226
1234567
30228
1234567
30230
1234567
30232
1234567
30234
1234567
30236
1234567
30238
1234567
30240
1234567
30242
1234567
30244
1234567
30246
1234567
30248
1234567
30250
1234567
30252
1234567
30254
1234567
30256
1234567
30258
1234567
30260
1234567
30262
1234567
30264
1234567
30266
1234567
30268
1234567
30270
1234567
30272
1234567
30274
1234567
30276
1234567
30278
1234567
30280
1234567
30282
1234567
30284
1234567
30286
1234567
30288
1234567
30290
1234567
30292
1234567
30294
1234567
30296
1234567
30298
1234567
30300
1234567
30302
1234567
30304
1234567
30306
1234567
30308
1234567
30310
1234567
30312
1234567
30314
1234567
30316
1234567
30318
1234567
30320
1234567
30322
1234567
30324
1234567
30326
1234567
30328
1234567
30330
1234567
30332
1234567
30334
1234567
30336
1234567
30338
1234567
30340
1234567
30342
1234567
30344
1234567
30346
1234567
30348
1234567
30350
1234567
30352
1234567
30354
1234567
30356
1234567
30358
1234567
30360
1234567
30362
1234567
30364
1234567
30366
1234567
30368
1234567
30370
1234567
30372
1234567
30374
1234567
30376
1234567
30378
1234567
30380
1234567
30382
1234567
30384
1234567
30386
1234567
30388
1234567
30390
1234567
30392
1234567
30394
1234567
30396
1234567
30398
1234567
30400
1234567
30402
1234567
30404
1234567
30406
1234567
30408
1234567
30410
1234567
30412
1234567
30414
1234567
30416
1234567
30418
1234567
30420
1234567
30422
1234567
30424
1234567
30426
1234567
30428
1234567
30430
1234567
30432
1234567
30434
1234567
30436
1234567
30438
1234567
30440
1234567
30442
1234567
30444
1234567
30446
1234567
30448
1234567
30450
1234567
30452
1234567
30454
1234567
30456
1234567
30458
1234567
30460
1234567
30462
1234567
30464
1234567
30466
1234567
30468
1234567
30470
1234567
30472
1234567
30474
1234567
30476
1234567
30478
1234567
30480
1234567
30482
1234567
30484
1234567
30486
1234567
30488
1234567
30490
1234567
30492
1234567
30494
1234567
30496
1234567
30498
1234567
30500
1234567
30502
1234567
30504
1234567
30506
1234567
30508
1234567
30510
1234567
30512
1234567
30514
1234567
30516
1234567
30518
1234567
30520
1234567
30522
1234567
30524
1234567
30526
1234567
30528
1234567
30530
1234567
30532
1234567
30534
1234567
30536
1234567
30538
1234567
30540
1234567
30542
1234567
30544
1234567
30546
1234567
30548
1234567
30550
1234567
30552
1234567
30554
1234567
30556
1234567
30558
1234567
30560
1234567
30562
1234567
30564
1234567
30566
1234567
30568
1234567
30570
1234567
30572
1234567
30574
1234567
30576
1234567
30578
1234567
30580
1234567
30582
1234567
30584
1234567
30586
1234567
30588
1234567
30590
1234567
30592
1234567
30594
1234567
30596
1234567
30598
1234567
30600
1234567
30602
1234567
30604
1234567
30606
1234567
30608
1234567
30610
1234567
30612
1234567
30614
1234567
30616
1234567
30618
1234567
30620
1234567
30622
1234567
30624
1234567
30626
1234567
30628
1234567
30630
1234567
30632
1234567
30634
1234567
30636
1234567
30638
1234567
30640
1234567
30642
1234567
30644
1234567
30646
1234567
30648
1234567
30650
1234567
30652
1234567
30654
1234567
30656
1234567
30658
1234567
30660
1234567
30662
1234567
30664
1234567
30666
1234567
30668
1234567
30670
1234567
30672
1234567
30674
1234567
30676
1234567
30678
1234567
30680
1234567
30682
1234567
30684
1234567
30686
1234567
30688
1234567
30690
1234567
30692
1234567
30694
1234567
30696
1234567
30698
1234567
30700
1234567
30702
1234567
30704
1234567
30706
1234567
30708
1234567
30710
1234567
30712
1234567
30714
1234567
30716
1234567
30718
1234567
30720
1234567
30722
1234567
30724
1234567
30726
1234567
30728
1234567
30730
1234567
30732
1234567
30734
1234567
30736
1234567
30738
1234567
30740
1234567
30742
1234567
30744
1234567
30746
1234567
30748
1234567
30750
1234567
30752
1234567
30754
1234567
30756
1234567
30758
1234567
30760
1234567
30762
1234567
30764
1234567
30766
1234567
30768
1234567
30770
1234567
30772
1234567
30774
1234567
30776
1234567
30778
1234567
30780
1234567
30782
1234567
30784
1234567
30786
1234567
30788
1234567
30790
1234567
30792
1234567
30794
1234567
30796
1234567
30798
1234567
30800
1234567
30802
1234567
30804
1234567
30806
1234567
30808
1234567
30810
1234567
30812
1234567
30814
1234567
30816
1234567
30818
1234567
30820
1234567
30822
1234567
30824
1234567
30826
1234567
30828
1234567
30830
1234567
30832
1234567
30834
1234567
30836
1234567
30838
1234567
30840
1234567
30842
1234567
30844
1234567
30846
1234567
30848
1234567
30850
1234567
30852
1234567
30854
1234567
30856
1234567
30858
1234567
30860
1234567
30862
1234567
30864
1234567
30866
1234567
30868
1234567
30870
1234567
30872
1234567
30874
1234567
30876
1234567
30878
1234567
30880
1234567
30882
1234567
30884
1234567
30886
1234567
30888
1234567
30890
1234567
30892
1234567
30894
1234567
30896
1234567
30898
1234567
30900
1234567
30902
1234567
30904
1234567
30906
1234567
30908
1234567
30910
1234567
30912
1234567
30914
1234567
30916
1234567
30918
1234567
30920
1234567
30922
1234567
30924
1234567
30926
1234567
30928
1234567
30930
1234567
30932
1234567
30934
1234567
30936
1234567
30938
1234567
30940
1234567
30942
1234567
30944
1234567
30946
1234567
30948
1234567
30950
1234567
30952
1234567
30954
1234567
30956
1234567
30958
1234567
30960
1234567
30962
1234567
30964
1234567
30966
1234567
30968
1234567
30970
1234567
30972
1234567
30974
1234567
30976
1234567
30978
1234567
30980
1234567
30982
1234567
30984
1234567
30986
1234567
30988
1234567
30990
1234567
30992
1234567
30994
1234567
30996
1234567
30998
1234567
31000
1234567
31002
1234567
31004
1234567
31006
1234567
31008
1234567
31010
1234567
31012
1234567
31014
1234567
31016
1234567
31018
1234567
31020
1234567
31022
1234567
31024
1234567
31026
1234567
31028
1234567
31030
1234567
31032
1234567
31034
1234567
31036
1234567
31038
1234567
31040
1234567
31042
1234567
31044
1234567
31046
1234567
31048
1234567
31050
1234567
31052
1234567
31054
1234567
31056
1234567
31058
1234567
31060
1234567
31062
1234567
31064
1234567
31066
1234567
31068
1234567
31070
1234567
31072
1234567
31074
1234567
31076
1234567
31078
1234567
31080
1234567
31082
1234567
31084
1234567
31086
1234567
31088
1234567
31090
1234567
31092
1234567
31094
1234567
31096
1234567
31098
1234567
31100
1234567
31102
1234567
31104
1234567
31106
1234567
31108
1234567
31110
1234567
31112
1234567
31114
1234567
31116
1234567
31118
1234567
31120
1234567
31122
1234567
31124
1234567
31126
1234567
31128
1234567
31130
1234567
31132
1234567
31134
1234567
31136
1234567
31138
1234567
31140
1234567
31142
1234567
31144
1234567
31146
1234567
31148
1234567
31150
1234567
31152
1234567
31154
1234567
31156
1234567
31158
1234567
31160
1234567
31162
1234567
31164
1234567
31166
1234567
31168
1234567
31170
1234567
31172
1234567
31174
1234567
31176
1234567
31178
1234567
31180
1234567
31182
1234567
31184
1234567
31186
1234567
31188
1234567
31190
1234567
31192
1234567
31194
1234567
31196
1234567
31198
1234567
31200
1234567
31202
1234567
31204
1234567
31206
1234567
31208
1234567
31210
1234567
31212
1234567
31214
1234567
31216
1234567
31218
1234567
31220
1234567
31222
1234567
31224
1234567
31226
1234567
31228
1234567
31230
1234567
31232
1234567
31234
1234567
31236
1234567
31238
1234567
31240
1234567
31242
1234567
31244
1234567
31246
1234567
31248
1234567
31250
1234567
31252
1234567
31254
1234567
31256
1234567
31258
1234567
31260
1234567
31262
1234567
31264
1234567
31266
1234567
31268
1234567
31270
1234567
31272
1234567
31274
1234567
31276
1234567
31278
1234567
31280
1234567
31282
1234567
31284
1234567
31286
1234567
31288
1234567
31290
1234567
31292
1234567
31294
1234567
31296
1234567
31298
1234567
31300
1234567
31302
1234567
31304
1234567
31306
1234567
31308
1234567
31310
1234567
31312
1234567
31314
1234567
31316
1234567
31318
1234567
31320
1234567
31322
1234567
31324
1234567
31326
1234567
31328
1234567
31330
1234567
31332
1234567
31334
1234567
31336
1234567
31338
1234567
31340
1234567
31342
1234567
31344
1234567
31346
1234567
31348
1234567
31350
1234567
31352
1234567
31354
1234567
31356
1234567
31358
1234567
31360
1234567
31362
1234567
31364
1234567
31366
1234567
31368
1234567
31370
1234567
31372
1234567
31374
1234567
31376
1234567
31378
1234567
31380
1234567
31382
1234567
31384
1234567
31386
1234567
31388
1234567
31390
1234567
31392
1234567
31394
1234567
31396
1234567
31398
1234567
31400
1234567
31402
1234567
31404
1234567
31406
1234567
31408
1234567
31410
1234567
31412
1234567
31414
1234567
31416
1234567
31418
1234567
31420
1234567
31422
1234567
31424
1234567
31426
1234567
31428
1234567
31430
1234567
31432
1234567
31434
1234567
31436
1234567
31438
1234567
31440
1234567
31442
1234567
31444
1234567
31446
1234567
31448
1234567
31450
1234567
31452
1234567
31454
1234567
31456
1234567
31458
1234567
31460
1234567
31462
1234567
31464
1234567
31466
1234567
31468
1234567
31470
1234567
31472
1234567
31474
1234567
31476
1234567
31478
1234567
31480
1234567
31482
1234567
31484
1234567
31486
1234567
31488
1234567
31490
1234567
31492
1234567
31494
1234567
31496
1234567
31498
1234567
31500
1234567
31502
1234567
31504
1234567
31506
1234567
31508
1234567
31510
1234567
31512
1234567
31514
1234567
31516
1234567
31518
1234567
31520
1234567
31522
1234567
31524
1234567
31526
1234567
31528
1234567
31530
1234567
31532
1234567
31534
1234567
31536
1234567
31538
1234567
31540
1234567
31542
1234567
31544
1234567
31546
1234567
31548
1234567
31550
1234567
31552
1234567
31554
1234567
31556
1234567
31558
1234567
31560
1234567
31562
1234567
31564
1234567
31566
1234567
31568
1234567
31570
1234567
31572
1234567
31574
1234567
31576
1234567
31578
1234567
31580
1234567
31582
1234567
31584
1234567
31586
1234567
31588
1234567
31590
1234567
31592
1234567
31594
1234567
31596
1234567
31598
1234567
31600
1234567
31602
1234567
31604
1234567
31606
1234567
31608
1234567
31610
1234567
31612
1234567
31614
1234567
31616
1234567
31618
1234567
31620
1234567
31622
1234567
31624
1234567
31626
1234567
31628
1234567
31630
1234567
31632
1234567
31634
1234567
31636
1234567
31638
1234567
31640
1234567
31642
1234567
31644
1234567
31646
1234567
31648
1234567
31650
1234567
31652
1234567
31654
1234567
31656
1234567
31658
1234567
31660
1234567
31662
1234567
31664
1234567
31666
1234567
31668
1234567
31670
1234567
31672
1234567
31674
1234567
31676
1234567
31678
1234567
31680
1234567
31682
1234567
31684
1234567
31686
1234567
31688
1234567
31690
1234567
31692
1234567
31694
1234567
31696
1234567
31698
1234567
31700
1234567
31702
1234567
31704
1234567
31706
1234567
31708
1234567
31710
1234567
31712
1234567
31714
1234567
31716
1234567
31718
1234567
31720
1234567
31722
1234567
31724
1234567
31726
1234567
31728
1234567
31730
1234567
31732
1234567
31734
1234567
31736
1234567
31738
1234567
31740
1234567
31742
1234567
31744
1234567
31746
1234567
31748
1234567
31750
1234567
31752
1234567
31754
1234567
31756
1234567
31758
1234567
31760
1234567
31762
1234567
31764
1234567
31766
1234567
31768
1234567
31770
1234567
31772
1234567
31774
1234567
31776
1234567
31778
1234567
31780
1234567
31782
1234567
31784
1234567
31786
1234567
31788
1234567
31790
1234567
31792
1234567
31794
1234567
31796
1234567
31798
1234567
31800
1234567
31802
1234567
31804
1234567
31806
1234567
31808
1234567
31810
1234567
31812
1234567
31814
1234567
31816
1234567
31818
1234567
31820
1234567
31822
1234567
31824
1234567
31826
1234567
31828
1234567
31830
1234567
31832
1234567
31834
1234567
31836
1234567
31838
1234567
31840
1234567
31842
1234567
31844
1234567
31846
1234567
31848
1234567
31850
1234567
31852
1234567
31854
1234567
31856
1234567
31858
1234567
31860
1234567
31862
1234567
31864
1234567
31866
1234567
31868
1234567
31870
1234567
31872
1234567
31874
1234567
31876
1234567
31878
1234567
31880
1234567
31882
1234567
31884
1234567
31886
1234567
31888
1234567
31890
1234567
31892
1234567
31894
1234567
31896
1234567
31898
1234567
31900
1234567
31902
1234567
31904
1234567
31906
1234567
31908
1234567
31910
1234567
31912
1234567
31914
1234567
31916
1234567
31918
1234567
31920
1234567
31922
1234567
31924
1234567
31926
1234567
31928
1234567
31930
1234567
31932
1234567
31934
1234567
31936
1234567
31938
1234567
31940
1234567
31942
1234567
31944
1234567
31946
1234567
31948
1234567
31950
1234567
31952
1234567
31954
1234567
31956
1234567
31958
1234567
31960
1234567
31962
1234567
31964
1234567
31966
1234567
31968
1234567
31970
1234567
31972
1234567
31974
1234567
31976
1234567
31978
1234567
31980
1234567
31982
1234567
31984
1234567
31986
1234567
31988
1234567
31990
1234567
31992
1234567
31994
1234567
31996
1234567
31998
1234567
32000
1234567
32002
1234567
32004
1234567
32006
1234567
32008
1234567
32010
1234567
32012
1234567
32014
1234567
32016
1234567
32018
1234567
32020
1234567
32022
1234567
32024
1234567
32026
1234567
32028
1234567
32030
1234567
32032
1234567
32034
1234567
32036
1234567
32038
1234567
32040
1234567
32042
1234567
32044
1234567
32046
1234567
32048
1234567
32050
1234567
32052
1234567
32054
1234567
32056
1234567
32058
1234567
32060
1234567
32062
1234567
32064
1234567
32066
1234567
32068
1234567
32070
1234567
32072
1234567
32074
1234567
32076
1234567
32078
1234567
32080
1234567
32082
1234567
32084
1234567
32086
1234567
32088
1234567
32090
1234567
32092
1234567
32094
1234567
32096
1234567
32098
1234567
32100
1234567
32102
1234567
32104
1234567
32106
1234567
32108
1234567
32110
1234567
32112
1234567
32114
1234567
32116
1234567
32118
1234567
32120
1234567
32122
1234567
32124
1234567
32126
1234567
32128
1234567
32130
1234567
32132
1234567
32134
1234567
32136
1234567
32138
1234567
32140
1234567
32142
1234567
32144
1234567
32146
1234567
32148
1234567
32150
1234567
32152
1234567
32154
1234567
32156
1234567
32158
1234567
32160
1234567
32162
1234567
32164
1234567
32166
1234567
32168
1234567
32170
1234567
32172
1234567
32174
1234567
32176
1234567
32178
1234567
32180
1234567
32182
1234567
32184
1234567
32186
1234567
32188
1234567
32190
1234567
32192
1234567
32194
1234567
32196
1234567
32198
1234567
32200
1234567
32202
1234567
32204
1234567
32206
1234567
32208
1234567
32210
1234567
32212
1234567
32214
1234567
32216
1234567
32218
1234567
32220
1234567
32222
1234567
32224
1234567
32226
1234567
32228
1234567
32230
1234567
32232
1234567
32234
1234567
32236
1234567
32238
1234567
32240
1234567
32242
1234567
32244
1234567
32246
1234567
32248
1234567
32250
1234567
32252
1234567
32254
1234567
32256
1234567
32258
1234567
32260
1234567
32262
1234567
32264
1234567
32266
1234567
32268
1234567
32270
1234567
32272
1234567
32274
1234567
32276
1234567
32278
1234567
32280
1234567
32282
1234567
32284
1234567
32286
1234567
32288
1234567
32290
1234567
32292
1234567
32294
1234567
32296
1234567
32298
1234567
32300
1234567
32302
1234567
32304
1234567
32306
1234567
32308
1234567
32310
1234567
32312
1234567
32314
1234567
32316
1234567
32318
1234567
32320
1234567
32322
1234567
32324
1234567
32326
1234567
32328
1234567
32330
1234567
32332
1234567
32334
1234567
32336
1234567
32338
1234567
32340
1234567
32342
1234567
32344
1234567
32346
1234567
32348
1234567
32350
1234567
32352
1234567
32354
1234567
32356
1234567
32358
1234567
32360
1234567
32362
1234567
32364
1234567
32366
1234567
32368
1234567
32370
1234567
32372
1234567
32374
1234567
32376
1234567
32378
1234567
32380
1234567
32382
1234567
32384
1234567
32386
1234567
32388
1234567
32390
1234567
32392
1234567
32394
1234567
32396
1234567
32398
1234567
32400
1234567
32402
1234567
32404
1234567
32406
1234567
32408
1234567
32410
1234567
32412
1234567
32414
1234567
32416
1234567
32418
1234567
32420
1234567
32422
1234567
32424
1234567
32426
1234567
32428
1234567
32430
1234567
32432
1234567
32434
1234567
32436
1234567
32438
1234567
32440
1234567
32442
1234567
32444
1234567
32446
1234567
32448
1234567
32450
1234567
32452
1234567
32454
1234567
32456
1234567
32458
1234567
32460
1234567
32462
1234567
32464
1234567
32466
1234567
32468
1234567
32470
1234567
32472
1234567
32474
1234567
32476
1234567
32478
1234567
32480
1234567
32482
1234567
32484
1234567
32486
1234567
32488
1234567
32490
1234567
32492
1234567
32494
1234567
32496
1234567
32498
1234567
32500
1234567
32502
1234567
32504
1234567
32506
1234567
32508
1234567
32510
1234567
32512
1234567
32514
1234567
32516
1234567
32518
1234567
32520
1234567
32522
1234567
32524
1234567
32526
1234567
32528
1234567
32530
1234567
32532
1234567
32534
1234567
32536
1234567
32538
1234567
32540
1234567
32542
1234567
32544
1234567
32546
1234567
32548
1234567
32550
1234567
32552
1234567
32554
1234567
32556
1234567
32558
1234567
32560
1234567
32562
1234567
32564
1234567
32566
1234567
32568
1234567
32570
1234567
32572
1234567
32574
1234567
32576
1234567
32578
1234567
32580
1234567
32582
1234567
32584
1234567
32586
1234567
32588
1234567
32590
1234567
32592
1234567
32594
1234567
32596
1234567
32598
1234567
32600
1234567
32602
1234567
32604
1234567
32606
1234567
32608
1234567
32610
1234567
32612
1234567
32614
1234567
32616
1234567
32618
1234567
32620
1234567
32622
1234567
32624
1234567
32626
1234567
32628
1234567
32630
1234567
32632
1234567
32634
1234567
32636
1234567
32638
1234567
32640
1234567
32642
1234567
32644
1234567
32646
1234567
32648
1234567
32650
1234567
32652
1234567
32654
1234567
32656
1234567
32658
1234567
32660
1234567
32662
1234567
32664
1234567
32666
1234567
32668
1234567
32670
1234567
32672
1234567
32674
1234567
32676
1234567
32678
1234567
32680
1234567
32682
1234567
32684
1234567
32686
1234567
32688
1234567
32690
1234567
32692
1234567
32694
1234567
32696
1234567
32698
1234567
32700
1234567
32702
1234567
32704
1234567
32706
1234567
32708
1234567
32710
1234567
32712
1234567
32714
1234567
32716
1234567
32718
1234567
32720
1234567
32722
1234567
32724
1234567
32726
1234567
32728
1234567
32730
1234567
32732
1234567
32734
1234567
32736
1234567
32738
1234567
32740
1234567
32742
1234567
32744
1234567
32746
1234567
32748
1234567
32750
1234567
32752
1234567
32754
1234567
32756
1234567
32758
1234567
32760
1234567
32762
1234567
32764
1234567
32766
1234567
32768
1234567
32770
1234567
32772
1234567
32774
1234567
32776
1234567
32778
1234567
32780
1234567
32782
1234567
32784
1234567
32786
1234567
32788
1234567
32790
1234567
32792
1234567
32794
1234567
32796
1234567
32798
1234567
32800
1234567
32802
1234567
32804
1234567
32806
1234567
32808
1234567
32810
1234567
32812
1234567
32814
1234567
32816
1234567
32818
1234567
32820
1234567
32822
1234567
32824
1234567
32826
1234567
32828
1234567
32830
1234567
32832
1234567
32834
1234567
32836
1234567
32838
1234567
32840
1234567
32842
1234567
32844
1234567
32846
1234567
32848
1234567
32850
1234567
32852
1234567
32854
1234567
32856
1234567
32858
1234567
32860
1234567
32862
1234567
32864
1234567
32866
1234567
32868
1234567
32870
1234567
32872
1234567
32874
1234567
32876
1234567
32878
1234567
32880
1234567
32882
1234567
32884
1234567
32886
1234567
32888
1234567
32890
1234567
32892
1234567
32894
1234567
32896
1234567
32898
1234567
32900
1234567
32902
1234567
32904
1234567
32906
1234567
32908
1234567
32910
1234567
32912
1234567
32914
1234567
32916
1234567
32918
1234567
32920
1234567
32922
1234567
32924
1234567
32926
1234567
32928
1234567
32930
1234567
32932
1234567
32934
1234567
32936
1234567
32938
1234567
32940
1234567
32942
1234567
32944
1234567
32946
1234567
32948
1234567
32950
1234567
32952
1234567
32954
1234567
32956
1234567
32958
1234567
32960
1234567
32962
1234567
32964
1234567
32966
1234567
32968
1234567
32970
1234567
32972
1234567
32974
1234567
32976
1234567
32978
1234567
32980
1234567
32982
1234567
32984
1234567
32986
1234567
32988
1234567
32990
1234567
32992
1234567
32994
1234567
32996
1234567
32998
1234567
33000
1234567
33002
1234567
33004
1234567
33006
1234567
33008
1234567
33010
1234567
33012
1234567
33014
1234567
33016
1234567
33018
1234567
33020
1234567
33022
1234567
33024
1234567
33026
1234567
33028
1234567
33030
1234567
33032
1234567
33034
1234567
33036
1234567
33038
1234567
33040
1234567
33042
1234567
33044
1234567
33046
1234567
33048
1234567
33050
1234567
33052
1234567
33054
1234567
33056
1234567
33058
1234567
33060
1234567
33062
1234567
33064
1234567
33066
1234567
33068
1234567
33070
1234567
33072
1234567
33074
1234567
33076
1234567
33078
1234567
33080
1234567
33082
1234567
33084
1234567
33086
1234567
33088
1234567
33090
1234567
33092
1234567
33094
1234567
33096
1234567
33098
1234567
33100
1234567
33102
1234567
33104
1234567
33106
1234567
33108
1234567
33110
1234567
33112
1234567
33114
1234567
33116
1234567
33118
1234567
33120
1234567
33122
1234567
33124
1234567
33126
1234567
33128
1234567
33130
1234567
33132
1234567
33134
1234567
33136
1234567
33138
1234567
33140
1234567
33142
1234567
33144
1234567
33146
1234567
33148
1234567
33150
1234567
33152
1234567
33154
1234567
33156
1234567
33158
1234567
33160
1234567
33162
1234567
33164
1234567
33166
1234567
33168
1234567
33170
1234567
33172
1234567
33174
1234567
33176
1234567
33178
1234567
33180
1234567
33182
1234567
33184
1234567
33186
1234567
33188
1234567
33190
1234567
33192
1234567
33194
1234567
33196
1234567
33198
1234567
33200
1234567
33202
1234567
33204
1234567
33206
1234567
33208
1234567
33210
1234567
33212
1234567
33214
1234567
33216
1234567
33218
1234567
33220
1234567
33222
1234567
33224
1234567
33226
1234567
33228
1234567
33230
1234567
33232
1234567
33234
1234567
33236
1234567
33238
1234567
33240
1234567
33242
1234567
33244
1234567
33246
1234567
33248
1234567
33250
1234567
33252
1234567
33254
1234567
33256
1234567
33258
1234567
33260
1234567
33262
1234567
33264
1234567
33266
1234567
33268
1234567
33270
1234567
33272
1234567
33274
1234567
33276
1234567
33278
1234567
33280
1234567
33282
1234567
33284
1234567
33286
1234567
33288
1234567
33290
1234567
33292
1234567
33294
1234567
33296
1234567
33298
1234567
33300
1234567
33302
1234567
33304
1234567
33306
1234567
33308
1234567
33310
1234567
33312
1234567
33314
1234567
33316
1234567
33318
1234567
33320
1234567
33322
1234567
33324
1234567
33326
1234567
33328
1234567
33330
1234567
33332
1234567
33334
1234567
33336
1234567
33338
1234567
33340
1234567
33342
1234567
33344
1234567
33346
1234567
33348
1234567
33350
1234567
33352
1234567
33354
1234567
33356
1234567
33358
1234567
33360
1234567
33362
1234567
33364
1234567
33366
1234567
33368
1234567
33370
1234567
33372
1234567
33374
1234567
33376
1234567
33378
1234567
33380
1234567
33382
1234567
33384
1234567
33386
1234567
33388
1234567
33390
1234567
33392
1234567
33394
1234567
33396
1234567
33398
1234567
33400
1234567
33402
1234567
33404
1234567
33406
1234567
33408
1234567
33410
1234567
33412
1234567
33414
1234567
33416
1234567
33418
1234567
33420
1234567
33422
1234567
33424
1234567
33426
1234567
33428
1234567
33430
1234567
33432
1234567
33434
1234567
33436
1234567
33438
1234567
33440
1234567
33442
1234567
33444
1234567
33446
1234567
33448
1234567
33450
1234567
33452
1234567
33454
1234567
33456
1234567
33458
1234567
33460
1234567
33462
1234567
33464
1234567
33466
1234567
33468
1234567
33470
1234567
33472
1234567
33474
1234567
33476
1234567
33478
1234567
33480
1234567
33482
1234567
33484
1234567
33486
1234567
33488
1234567
33490
1234567
33492
1234567
33494
1234567
33496
1234567
33498
1234567
33500
1234567
33502
1234567
33504
1234567
33506
1234567
33508
1234567
33510
1234567
33512
1234567
33514
1234567
33516
1234567
33518
1234567
33520
1234567
33522
1234567
33524
1234567
33526
1234567
33528
1234567
33530
1234567
33532
1234567
33534
1234567
33536
1234567
33538
1234567
33540
1234567
33542
1234567
33544
1234567
33546
1234567
33548
1234567
33550
1234567
33552
1234567
33554
1234567
33556
1234567
33558
1234567
33560
1234567
33562
1234567
33564
1234567
33566
1234567
33568
1234567
33570
1234567
33572
1234567
33574
1234567
33576
1234567
33578
1234567
33580
1234567
33582
1234567
33584
1234567
33586
1234567
33588
1234567
33590
1234567
33592
1234567
33594
1234567
33596
1234567
33598
1234567
33600
1234567
33602
1234567
33604
1234567
33606
1234567
33608
1234567
33610
1234567
33612
1234567
33614
1234567
33616
1234567
33618
1234567
33620
1234567
33622
1234567
33624
1234567
33626
1234567
33628
1234567
33630
1234567
33632
1234567
33634
1234567
33636
1234567
33638
1234567
33640
1234567
33642
1234567
33644
1234567
33646
1234567
33648
1234567
33650
1234567
33652
1234567
33654
1234567
33656
1234567
33658
1234567
33660
1234567
33662
1234567
33664
1234567
33666
1234567
33668
1234567
33670
1234567
33672
1234567
33674
1234567
33676
1234567
33678
1234567
33680
1234567
33682
1234567
33684
1234567
33686
1234567
33688
1234567
33690
1234567
33692
1234567
33694
1234567
33696
1234567
33698
1234567
33700
1234567
33702
1234567
33704
1234567
33706
1234567
33708
1234567
33710
1234567
33712
1234567
33714
1234567
33716
1234567
33718
1234567
33720
1234567
33722
1234567
33724
1234567
33726
1234567
33728
1234567
33730
1234567
33732
1234567
33734
1234567
33736
1234567
33738
1234567
33740
1234567
33742
1234567
33744
1234567
33746
1234567
33748
1234567
33750
1234567
33752
1234567
33754
1234567
33756
1234567
33758
1234567
33760
1234567
33762
1234567
33764
1234567
33766
1234567
33768
1234567
33770
1234567
33772
1234567
33774
1234567
33776
1234567
33778
1234567
33780
1234567
33782
1234567
33784
1234567
33786
1234567
33788
1234567
33790
1234567
33792
1234567
33794
1234567
33796
1234567
33798
1234567
33800
1234567
33802
1234567
33804
1234567
33806
1234567
33808
1234567
33810
1234567
33812
1234567
33814
1234567
33816
1234567
33818
1234567
33820
1234567
33822
1234567
33824
1234567
33826
1234567
33828
1234567
33830
1234567
33832
1234567
33834
1234567
33836
1234567
33838
1234567
33840
1234567
33842
1234567
33844
1234567
33846
1234567
33848
1234567
33850
1234567
33852
1234567
33854
1234567
33856
1234567
33858
1234567
33860
1234567
33862
1234567
33864
1234567
33866
1234567
33868
1234567
33870
1234567
33872
1234567
33874
1234567
33876
1234567
33878
1234567
33880
1234567
33882
1234567
33884
1234567
33886
1234567
33888
1234567
33890
1234567
33892
1234567
33894
1234567
33896
1234567
33898
1234567
33900
1234567
33902
1234567
33904
1234567
33906
1234567
33908
1234567
33910
1234567
33912
1234567
33914
1234567
33916
1234567
33918
1234567
33920
1234567
33922
1234567
33924
1234567
33926
1234567
33928
1234567
33930
1234567
33932
1234567
33934
1234567
33936
1234567
33938
1234567
33940
1234567
33942
1234567
33944
1234567
33946
1234567
33948
1234567
33950
1234567
33952
1234567
33954
1234567
33956
1234567
33958
1234567
33960
1234567
33962
1234567
33964
1234567
33966
1234567
33968
1234567
33970
1234567
33972
1234567
33974
1234567
33976
1234567
33978
1234567
33980
1234567
33982
1234567
33984
1234567
33986
1234567
33988
1234567
33990
1234567
33992
1234567
33994
1234567
33996
1234567
33998
1234567
34000
1234567
34002
1234567
34004
1234567
34006
1234567
34008
1234567
34010
1234567
34012
1234567
34014
1234567
34016
1234567
34018
1234567
34020
1234567
34022
1234567
34024
1234567
34026
1234567
34028
1234567
34030
1234567
34032
1234567
34034
1234567
34036
1234567
34038
1234567
34040
1234567
34042
1234567
34044
1234567
34046
1234567
34048
1234567
34050
1234567
34052
1234567
34054
1234567
34056
1234567
34058
1234567
34060
1234567
34062
1234567
34064
1234567
34066
1234567
34068
1234567
34070
1234567
34072
1234567
34074
1234567
34076
1234567
34078
1234567
34080
1234567
34082
1234567
34084
1234567
34086
1234567
34088
1234567
34090
1234567
34092
1234567
34094
1234567
34096
1234567
34098
1234567
34100
1234567
34102
1234567
34104
1234567
34106
1234567
34108
1234567
34110
1234567
34112
1234567
34114
1234567
34116
1234567
34118
1234567
34120
1234567
34122
1234567
34124
1234567
34126
1234567
34128
1234567
34130
1234567
34132
1234567
34134
1234567
34136
1234567
34138
1234567
34140
1234567
34142
1234567
34144
1234567
34146
1234567
34148
1234567
34150
1234567
34152
1234567
34154
1234567
34156
1234567
34158
1234567
34160
1234567
34162
1234567
34164
1234567
34166
1234567
34168
1234567
34170
1234567
34172
1234567
34174
1234567
34176
1234567
34178
1234567
34180
1234567
34182
1234567
34184
1234567
34186
1234567
34188
1234567
34190
1234567
34192
1234567
34194
1234567
34196
1234567
34198
1234567
34200
1234567
34202
1234567
34204
1234567
34206
1234567
34208
1234567
34210
1234567
34212
1234567
34214
1234567
34216
1234567
34218
1234567
34220
1234567
34222
1234567
34224
1234567
34226
1234567
34228
1234567
34230
1234567
34232
1234567
34234
1234567
34236
1234567
34238
1234567
34240
1234567
34242
1234567
34244
1234567
34246
1234567
34248
1234567
34250
1234567
34252
1234567
34254
1234567
34256
1234567
34258
1234567
34260
1234567
34262
1234567
34264
1234567
34266
1234567
34268
1234567
34270
1234567
34272
1234567
34274
1234567
34276
1234567
34278
1234567
34280
1234567
34282
1234567
34284
1234567
34286
1234567
34288
1234567
34290
1234567
34292
1234567
34294
1234567
34296
1234567
34298
1234567
34300
1234567
34302
1234567
34304
1234567
34306
1234567
34308
1234567
34310
1234567
34312
1234567
34314
1234567
34316
1234567
34318
1234567
34320
1234567
34322
1234567
34324
1234567
34326
1234567
34328
1234567
34330
1234567
34332
1234567
34334
1234567
34336
1234567
34338
1234567
34340
1234567
34342
1234567
34344
1234567
34346
1234567
34348
1234567
34350
1234567
34352
1234567
34354
1234567
34356
1234567
34358
1234567
34360
1234567
34362
1234567
34364
1234567
34366
1234567
34368
1234567
34370
1234567
34372
1234567
34374
1234567
34376
1234567
34378
1234567
34380
1234567
34382
1234567
34384
1234567
34386
1234567
34388
1234567
34390
1234567
34392
1234567
34394
1234567
34396
1234567
34398
1234567
34400
1234567
34402
1234567
34404
1234567
34406
1234567
34408
1234567
34410
1234567
34412
1234567
34414
1234567
34416
1234567
34418
1234567
34420
1234567
34422
1234567
34424
1234567
34426
1234567
34428
1234567
34430
1234567
34432
1234567
34434
1234567
34436
1234567
34438
1234567
34440
1234567
34442
1234567
34444
1234567
34446
1234567
34448
1234567
34450
1234567
34452
1234567
34454
1234567
34456
1234567
34458
1234567
34460
1234567
34462
1234567
34464
1234567
34466
1234567
34468
1234567
34470
1234567
34472
1234567
34474
1234567
34476
1234567
34478
1234567
34480
1234567
34482
1234567
34484
1234567
34486
1234567
34488
1234567
34490
1234567
34492
1234567
34494
1234567
34496
1234567
34498
1234567
34500
1234567
34502
1234567
34504
1234567
34506
1234567
34508
1234567
34510
1234567
34512
1234567
34514
1234567
34516
1234567
34518
1234567
34520
1234567
34522
1234567
34524
1234567
34526
1234567
34528
1234567
34530
1234567
34532
1234567
34534
1234567
34536
1234567
34538
1234567
34540
1234567
34542
1234567
34544
1234567
34546
1234567
34548
1234567
34550
1234567
34552
1234567
34554
1234567
34556
1234567
34558
1234567
34560
1234567
34562
1234567
34564
1234567
34566
1234567
34568
1234567
34570
1234567
34572
1234567
34574
1234567
34576
1234567
34578
1234567
34580
1234567
34582
1234567
34584
1234567
34586
1234567
34588
1234567
34590
1234567
34592
1234567
34594
1234567
34596
1234567
34598
1234567
34600
1234567
34602
1234567
34604
1234567
34606
1234567
34608
1234567
34610
1234567
34612
1234567
34614
1234567
34616
1234567
34618
1234567
34620
1234567
34622
1234567
34624
1234567
34626
1234567
34628
1234567
34630
1234567
34632
1234567
34634
1234567
34636
1234567
34638
1234567
34640
1234567
34642
1234567
34644
1234567
34646
1234567
34648
1234567
34650
1234567
34652
1234567
34654
1234567
34656
1234567
34658
1234567
34660
1234567
34662
1234567
34664
1234567
34666
1234567
34668
1234567
34670
1234567
34672
1234567
34674
1234567
34676
1234567
34678
1234567
34680
1234567
34682
1234567
34684
1234567
34686
1234567
34688
1234567
34690
1234567
34692
1234567
34694
1234567
34696
1234567
34698
1234567
34700
1234567
34702
1234567
34704
1234567
34706
1234567
34708
1234567
34710
1234567
34712
1234567
34714
1234567
34716
1234567
34718
1234567
34720
1234567
34722
1234567
34724
1234567
34726
1234567
34728
1234567
34730
1234567
34732
1234567
34734
1234567
34736
1234567
34738
1234567
34740
1234567
34742
1234567
34744
1234567
34746
1234567
34748
1234567
34750
1234567
34752
1234567
34754
1234567
34756
1234567
34758
1234567
34760
1234567
34762
1234567
34764
1234567
34766
1234567
34768
1234567
34770
1234567
34772
1234567
34774
1234567
34776
1234567
34778
1234567
34780
1234567
34782
1234567
34784
1234567
34786
1234567
34788
1234567
34790
1234567
34792
1234567
34794
1234567
34796
1234567
34798
1234567
34800
1234567
34802
1234567
34804
1234567
34806
1234567
34808
1234567
34810
1234567
34812
1234567
34814
1234567
34816
1234567
34818
1234567
34820
1234567
34822
1234567
34824
1234567
34826
1234567
34828
1234567
34830
1234567
34832
1234567
34834
1234567
34836
1234567
34838
1234567
34840
1234567
34842
1234567
34844
1234567
34846
1234567
34848
1234567
34850
1234567
34852
1234567
34854
1234567
34856
1234567
34858
1234567
34860
1234567
34862
1234567
34864
1234567
34866
1234567
34868
1234567
34870
1234567
34872
1234567
34874
1234567
34876
1234567
34878
1234567
34880
1234567
34882
1234567
34884
1234567
34886
1234567
34888
1234567
34890
1234567
34892
1234567
34894
1234567
34896
1234567
34898
1234567
34900
1234567
34902
1234567
34904
1234567
34906
1234567
34908
1234567
34910
1234567
34912
1234567
34914
1234567
34916
1234567
34918
1234567
34920
1234567
34922
1234567
34924
1234567
34926
1234567
34928
1234567
34930
1234567
34932
1234567
34934
1234567
34936
1234567
34938
1234567
34940
1234567
34942
1234567
34944
1234567
34946
1234567
34948
1234567
34950
1234567
34952
1234567
34954
1234567
34956
1234567
34958
1234567
34960
1234567
34962
1234567
34964
1234567
34966
1234567
34968
1234567
34970
1234567
34972
1234567
34974
1234567
34976
1234567
34978
1234567
34980
1234567
34982
1234567
34984
1234567
34986
1234567
34988
1234567
34990
1234567
34992
1234567
34994
1234567
34996
1234567
34998
1234567
35000
1234567
35002
1234567
35004
1234567
35006
1234567
35008
1234567
35010
1234567
35012
1234567
35014
1234567
35016
1234567
35018
1234567
35020
1234567
35022
1234567
35024
1234567
35026
1234567
35028
1234567
35030
1234567
35032
1234567
35034
1234567
35036
1234567
35038
1234567
35040
1234567
35042
1234567
35044
1234567
35046
1234567
35048
1234567
35050
1234567
35052
1234567
35054
1234567
35056
1234567
35058
1234567
35060
1234567
35062
1234567
35064
1234567
35066
1234567
35068
1234567
35070
1234567
35072
1234567
35074
1234567
35076
1234567
35078
1234567
35080
1234567
35082
1234567
35084
1234567
35086
1234567
35088
1234567
35090
1234567
35092
1234567
35094
1234567
35096
1234567
35098
1234567
35100
1234567
35102
1234567
35104
1234567
35106
1234567
35108
1234567
35110
1234567
35112
1234567
35114
1234567
35116
1234567
35118
1234567
35120
1234567
35122
1234567
35124
1234567
35126
1234567
35128
1234567
35130
1234567
35132
1234567
35134
1234567
35136
1234567
35138
1234567
35140
1234567
35142
1234567
35144
1234567
35146
1234567
35148
1234567
35150
1234567
35152
1234567
35154
1234567
35156
1234567
35158
1234567
35160
1234567
35162
1234567
35164
1234567
35166
1234567
35168
1234567
35170
1234567
35172
1234567
35174
1234567
35176
1234567
35178
1234567
35180
1234567
35182
1234567
35184
1234567
35186
1234567
35188
1234567
35190
1234567
35192
1234567
35194
1234567
35196
1234567
35198
1234567
35200
1234567
35202
1234567
35204
1234567
35206
1234567
35208
1234567
35210
1234567
35212
1234567
35214
1234567
35216
1234567
35218
1234567
35220
1234567
35222
1234567
35224
1234567
35226
1234567
35228
1234567
35230
1234567
35232
1234567
35234
1234567
35236
1234567
35238
1234567
35240
1234567
35242
1234567
35244
1234567
35246
1234567
35248
1234567
35250
1234567
35252
1234567
35254
1234567
35256
1234567
35258
1234567
35260
1234567
35262
1234567
35264
1234567
35266
1234567
35268
1234567
35270
1234567
35272
1234567
35274
1234567
35276
1234567
35278
1234567
35280
1234567
35282
1234567
35284
1234567
35286
1234567
35288
1234567
35290
1234567
35292
1234567
35294
1234567
35296
1234567
35298
1234567
35300
1234567
35302
1234567
35304
1234567
35306
1234567
35308
1234567
35310
1234567
35312
1234567
35314
1234567
35316
1234567
35318
1234567
35320
1234567
35322
1234567
35324
1234567
35326
1234567
35328
1234567
35330
1234567
35332
1234567
35334
1234567
35336
1234567
35338
1234567
35340
1234567
35342
1234567
35344
1234567
35346
1234567
35348
1234567
35350
1234567
35352
1234567
35354
1234567
35356
1234567
35358
1234567
35360
1234567
35362
1234567
35364
1234567
35366
1234567
35368
1234567
35370
1234567
35372
1234567
35374
1234567
35376
1234567
35378
1234567
35380
1234567
35382
1234567
35384
1234567
35386
1234567
35388
1234567
35390
1234567
35392
1234567
35394
1234567
35396
1234567
35398
1234567
35400
1234567
35402
1234567
35404
1234567
35406
1234567
35408
1234567
35410
1234567
35412
1234567
35414
1234567
35416
1234567
35418
1234567
35420
1234567
35422
1234567
35424
1234567
35426
1234567
35428
1234567
35430
1234567
35432
1234567
35434
1234567
35436
1234567
35438
1234567
35440
1234567
35442
1234567
35444
1234567
35446
1234567
35448
1234567
35450
1234567
35452
1234567
35454
1234567
35456
1234567
35458
1234567
35460
1234567
35462
1234567
35464
1234567
35466
1234567
35468
1234567
35470
1234567
35472
1234567
35474
1234567
35476
1234567
35478
1234567
35480
1234567
35482
1234567
35484
1234567
35486
1234567
35488
1234567
35490
1234567
35492
1234567
35494
1234567
35496
1234567
35498
1234567
35500
1234567
35502
1234567
35504
1234567
35506
1234567
35508
1234567
35510
1234567
35512
1234567
35514
1234567
35516
1234567
35518
1234567
35520
1234567
35522
1234567
35524
1234567
35526
1234567
35528
1234567
35530
1234567
35532
1234567
35534
1234567
35536
1234567
35538
1234567
35540
1234567
35542
1234567
35544
1234567
35546
1234567
35548
1234567
35550
1234567
35552
1234567
35554
1234567
35556
1234567
35558
1234567
35560
1234567
35562
1234567
35564
1234567
35566
1234567
35568
1234567
35570
1234567
35572
1234567
35574
1234567
35576
1234567
35578
1234567
35580
1234567
35582
1234567
35584
1234567
35586
1234567
35588
1234567
35590
1234567
35592
1234567
35594
1234567
35596
1234567
35598
1234567
35600
1234567
35602
1234567
35604
1234567
35606
1234567
35608
1234567
35610
1234567
35612
1234567
35614
1234567
35616
1234567
35618
1234567
35620
1234567
35622
1234567
35624
1234567
35626
1234567
35628
1234567
35630
1234567
35632
1234567
35634
1234567
35636
1234567
35638
1234567
35640
1234567
35642
1234567
35644
1234567
35646
1234567
35648
1234567
35650
1234567
35652
1234567
35654
1234567
35656
1234567
35658
1234567
35660
1234567
35662
1234567
35664
1234567
35666
1234567
35668
1234567
35670
1234567
35672
1234567
35674
1234567
35676
1234567
35678
1234567
35680
1234567
35682
1234567
35684
1234567
35686
1234567
35688
1234567
35690
1234567
35692
1234567
35694
1234567
35696
1234567
35698
1234567
35700
1234567
35702
1234567
35704
1234567
35706
1234567
35708
1234567
35710
1234567
35712
1234567
35714
1234567
35716
1234567
35718
1234567
35720
1234567
35722
1234567
35724
1234567
35726
1234567
35728
1234567
35730
1234567
35732
1234567
35734
1234567
35736
1234567
35738
1234567
35740
1234567
35742
1234567
35744
1234567
35746
1234567
35748
1234567
35750
1234567
35752
1234567
35754
1234567
35756
1234567
35758
1234567
35760
1234567
35762
1234567
35764
1234567
35766
1234567
35768
1234567
35770
1234567
35772
1234567
35774
1234567
35776
1234567
35778
1234567
35780
1234567
35782
1234567
35784
1234567
35786
1234567
35788
1234567
35790
1234567
35792
1234567
35794
1234567
35796
1234567
35798
1234567
35800
1234567
35802
1234567
35804
1234567
35806
1234567
35808
1234567
35810
1234567
35812
1234567
35814
1234567
35816
1234567
35818
1234567
35820
1234567
35822
1234567
35824
1234567
35826
1234567
35828
1234567
35830
1234567
35832
1234567
35834
1234567
35836
1234567
35838
1234567
35840
1234567
35842
1234567
35844
1234567
35846
1234567
35848
1234567
35850
1234567
35852
1234567
35854
1234567
35856
1234567
35858
1234567
35860
1234567
35862
1234567
35864
1234567
35866
1234567
35868
1234567
35870
1234567
35872
1234567
35874
1234567
35876
1234567
35878
1234567
35880
1234567
35882
1234567
35884
1234567
35886
1234567
35888
1234567
35890
1234567
35892
1234567
35894
1234567
35896
1234567
35898
1234567
35900
1234567
35902
1234567
35904
1234567
35906
1234567
35908
1234567
35910
1234567
35912
1234567
35914
1234567
35916
1234567
35918
1234567
35920
1234567
35922
1234567
35924
1234567
35926
1234567
35928
1234567
35930
1234567
35932
1234567
35934
1234567
35936
1234567
35938
1234567
35940
1234567
35942
1234567
35944
1234567
35946
1234567
35948
1234567
35950
1234567
35952
1234567
35954
1234567
35956
1234567
35958
1234567
35960
1234567
35962
1234567
35964
1234567
35966
1234567
35968
1234567
35970
1234567
35972
1234567
35974
1234567
35976
1234567
35978
1234567
35980
1234567
35982
1234567
35984
1234567
35986
1234567
35988
1234567
35990
1234567
35992
1234567
35994
1234567
35996
1234567
35998
1234567
36000
1234567
36002
1234567
36004
1234567
36006
1234567
36008
1234567
36010
1234567
36012
1234567
36014
1234567
36016
1234567
36018
1234567
36020
1234567
36022
1234567
36024
1234567
36026
1234567
36028
1234567
36030
1234567
36032
1234567
36034
1234567
36036
1234567
36038
1234567
36040
1234567
36042
1234567
36044
1234567
36046
1234567
36048
1234567
36050
1234567
36052
1234567
36054
1234567
36056
1234567
36058
1234567
36060
1234567
36062
1234567
36064
1234567
36066
1234567
36068
1234567
36070
1234567
36072
1234567
36074
1234567
36076
1234567
36078
1234567
36080
1234567
36082
1234567
36084
1234567
36086
1234567
36088
1234567
36090
1234567
36092
1234567
36094
1234567
36096
1234567
36098
1234567
36100
1234567
36102
1234567
36104
1234567
36106
1234567
36108
1234567
36110
1234567
36112
1234567
36114
1234567
36116
1234567
36118
1234567
36120
1234567
36122
1234567
36124
1234567
36126
1234567
36128
1234567
36130
1234567
36132
1234567
36134
1234567
36136
1234567
36138
1234567
36140
1234567
36142
1234567
36144
1234567
36146
1234567
36148
1234567
36150
1234567
36152
1234567
36154
1234567
36156
1234567
36158
1234567
36160
1234567
36162
1234567
36164
1234567
36166
1234567
36168
1234567
36170
1234567
36172
1234567
36174
1234567
36176
1234567
36178
1234567
36180
1234567
36182
1234567
36184
1234567
36186
1234567
36188
1234567
36190
1234567
36192
1234567
36194
1234567
36196
1234567
36198
1234567
36200
1234567
36202
1234567
36204
1234567
36206
1234567
36208
1234567
36210
1234567
36212
1234567
36214
1234567
36216
1234567
36218
1234567
36220
1234567
36222
1234567
36224
1234567
36226
1234567
36228
1234567
36230
1234567
36232
1234567
36234
1234567
36236
1234567
36238
1234567
36240
1234567
36242
1234567
36244
1234567
36246
1234567
36248
1234567
36250
1234567
36252
1234567
36254
1234567
36256
1234567
36258
1234567
36260
1234567
36262
1234567
36264
1234567
36266
1234567
36268
1234567
36270
1234567
36272
1234567
36274
1234567
36276
1234567
36278
1234567
36280
1234567
36282
1234567
36284
1234567
36286
1234567
36288
1234567
36290
1234567
36292
1234567
36294
1234567
36296
1234567
36298
1234567
36300
1234567
36302
1234567
36304
1234567
36306
1234567
36308
1234567
36310
1234567
36312
1234567
36314
1234567
36316
1234567
36318
1234567
36320
1234567
36322
1234567
36324
1234567
36326
1234567
36328
1234567
36330
1234567
36332
1234567
36334
1234567
36336
1234567
36338
1234567
36340
1234567
36342
1234567
36344
1234567
36346
1234567
36348
1234567
36350
1234567
36352
1234567
36354
1234567
36356
1234567
36358
1234567
36360
1234567
36362
1234567
36364
1234567
36366
1234567
36368
1234567
36370
1234567
36372
1234567
36374
1234567
36376
1234567
36378
1234567
36380
1234567
36382
1234567
36384
1234567
36386
1234567
36388
1234567
36390
1234567
36392
1234567
36394
1234567
36396
1234567
36398
1234567
36400
1234567
36402
1234567
36404
1234567
36406
1234567
36408
1234567
36410
1234567
36412
1234567
36414
1234567
36416
1234567
36418
1234567
36420
1234567
36422
1234567
36424
1234567
36426
1234567
36428
1234567
36430
1234567
36432
1234567
36434
1234567
36436
1234567
36438
1234567
36440
1234567
36442
1234567
36444
1234567
36446
1234567
36448
1234567
36450
1234567
36452
1234567
36454
1234567
36456
1234567
36458
1234567
36460
1234567
36462
1234567
36464
1234567
36466
1234567
36468
1234567
36470
1234567
36472
1234567
36474
1234567
36476
1234567
36478
1234567
36480
1234567
36482
1234567
36484
1234567
36486
1234567
36488
1234567
36490
1234567
36492
1234567
36494
1234567
36496
1234567
36498
1234567
36500
1234567
36502
1234567
36504
1234567
36506
1234567
36508
1234567
36510
1234567
36512
1234567
36514
1234567
36516
1234567
36518
1234567
36520
1234567
36522
1234567
36524
1234567
36526
1234567
36528
1234567
36530
1234567
36532
1234567
36534
1234567
36536
1234567
36538
1234567
36540
1234567
36542
1234567
36544
1234567
36546
1234567
36548
1234567
36550
1234567
36552
1234567
36554
1234567
36556
1234567
36558
1234567
36560
1234567
36562
1234567
36564
1234567
36566
1234567
36568
1234567
36570
1234567
36572
1234567
36574
1234567
36576
1234567
36578
1234567
36580
1234567
36582
1234567
36584
1234567
36586
1234567
36588
1234567
36590
1234567
36592
1234567
36594
1234567
36596
1234567
36598
1234567
36600
1234567
36602
1234567
36604
1234567
36606
1234567
36608
1234567
36610
1234567
36612
1234567
36614
1234567
36616
1234567
36618
1234567
36620
1234567
36622
1234567
36624
1234567
36626
1234567
36628
1234567
36630
1234567
36632
1234567
36634
1234567
36636
1234567
36638
1234567
36640
1234567
36642
1234567
36644
1234567
36646
1234567
36648
1234567
36650
1234567
36652
1234567
36654
1234567
36656
1234567
36658
1234567
36660
1234567
36662
1234567
36664
1234567
36666
1234567
36668
1234567
36670
1234567
36672
1234567
36674
1234567
36676
1234567
36678
1234567
36680
1234567
36682
1234567
36684
1234567
36686
1234567
36688
1234567
36690
1234567
36692
1234567
36694
1234567
36696
1234567
36698
1234567
36700
1234567
36702
1234567
36704
1234567
36706
1234567
36708
1234567
36710
1234567
36712
1234567
36714
1234567
36716
1234567
36718
1234567
36720
1234567
36722
1234567
36724
1234567
36726
1234567
36728
1234567
36730
1234567
36732
1234567
36734
1234567
36736
1234567
36738
1234567
36740
1234567
36742
1234567
36744
1234567
36746
1234567
36748
1234567
36750
1234567
36752
1234567
36754
1234567
36756
1234567
36758
1234567
36760
1234567
36762
1234567
36764
1234567
36766
1234567
36768
1234567
36770
1234567
36772
1234567
36774
1234567
36776
1234567
36778
1234567
36780
1234567
36782
1234567
36784
1234567
36786
1234567
36788
1234567
36790
1234567
36792
1234567
36794
1234567
36796
1234567
36798
1234567
36800
1234567
36802
1234567
36804
1234567
36806
1234567
36808
1234567
36810
1234567
36812
1234567
36814
1234567
36816
1234567
36818
1234567
36820
1234567
36822
1234567
36824
1234567
36826
1234567
36828
1234567
36830
1234567
36832
1234567
36834
1234567
36836
1234567
36838
1234567
36840
1234567
36842
1234567
36844
1234567
36846
1234567
36848
1234567
36850
1234567
36852
1234567
36854
1234567
36856
1234567
36858
1234567
36860
1234567
36862
1234567
36864
1234567
36866
1234567
36868
1234567
36870
1234567
36872
1234567
36874
1234567
36876
1234567
36878
1234567
36880
1234567
36882
1234567
36884
1234567
36886
1234567
36888
1234567
36890
1234567
36892
1234567
36894
1234567
36896
1234567
36898
1234567
36900
1234567
36902
1234567
36904
1234567
36906
1234567
36908
1234567
36910
1234567
36912
1234567
36914
1234567
36916
1234567
36918
1234567
36920
1234567
36922
1234567
36924
1234567
36926
1234567
36928
1234567
36930
1234567
36932
1234567
36934
1234567
36936
1234567
36938
1234567
36940
1234567
36942
1234567
36944
1234567
36946
1234567
36948
1234567
36950
1234567
36952
1234567
36954
1234567
36956
1234567
36958
1234567
36960
1234567
36962
1234567
36964
1234567
36966
1234567
36968
1234567
36970
1234567
36972
1234567
36974
1234567
36976
1234567
36978
1234567
36980
1234567
36982
1234567
36984
1234567
36986
1234567
36988
1234567
36990
1234567
36992
1234567
36994
1234567
36996
1234567
36998
1234567
37000
1234567
37002
1234567
37004
1234567
37006
1234567
37008
1234567
37010
1234567
37012
1234567
37014
1234567
37016
1234567
37018
1234567
37020
1234567
37022
1234567
37024
1234567
37026
1234567
37028
1234567
37030
1234567
37032
1234567
37034
1234567
37036
1234567
37038
1234567
37040
1234567
37042
1234567
37044
1234567
37046
1234567
37048
1234567
37050
1234567
37052
1234567
37054
1234567
37056
1234567
37058
1234567
37060
1234567
37062
1234567
37064
1234567
37066
1234567
37068
1234567
37070
1234567
37072
1234567
37074
1234567
37076
1234567
37078
1234567
37080
1234567
37082
1234567
37084
1234567
37086
1234567
37088
1234567
37090
1234567
37092
1234567
37094
1234567
37096
1234567
37098
1234567
37100
1234567
37102
1234567
37104
1234567
37106
1234567
37108
1234567
37110
1234567
37112
1234567
37114
1234567
37116
1234567
37118
1234567
37120
1234567
37122
1234567
37124
1234567
37126
1234567
37128
1234567
37130
1234567
37132
1234567
37134
1234567
37136
1234567
37138
1234567
37140
1234567
37142
1234567
37144
1234567
37146
1234567
37148
1234567
37150
1234567
37152
1234567
37154
1234567
37156
1234567
37158
1234567
37160
1234567
37162
1234567
37164
1234567
37166
1234567
37168
1234567
37170
1234567
37172
1234567
37174
1234567
37176
1234567
37178
1234567
37180
1234567
37182
1234567
37184
1234567
37186
1234567
37188
1234567
37190
1234567
37192
1234567
37194
1234567
37196
1234567
37198
1234567
37200
1234567
37202
1234567
37204
1234567
37206
1234567
37208
1234567
37210
1234567
37212
1234567
37214
1234567
37216
1234567
37218
1234567
37220
1234567
37222
1234567
37224
1234567
37226
1234567
37228
1234567
37230
1234567
37232
1234567
37234
1234567
37236
1234567
37238
1234567
37240
1234567
37242
1234567
37244
1234567
37246
1234567
37248
1234567
37250
1234567
37252
1234567
37254
1234567
37256
1234567
37258
1234567
37260
1234567
37262
1234567
37264
1234567
37266
1234567
37268
1234567
37270
1234567
37272
1234567
37274
1234567
37276
1234567
37278
1234567
37280
1234567
37282
1234567
37284
1234567
37286
1234567
37288
1234567
37290
1234567
37292
1234567
37294
1234567
37296
1234567
37298
1234567
37300
1234567
37302
1234567
37304
1234567
37306
1234567
37308
1234567
37310
1234567
37312
1234567
37314
1234567
37316
1234567
37318
1234567
37320
1234567
37322
1234567
37324
1234567
37326
1234567
37328
1234567
37330
1234567
37332
1234567
37334
1234567
37336
1234567
37338
1234567
37340
1234567
37342
1234567
37344
1234567
37346
1234567
37348
1234567
37350
1234567
37352
1234567
37354
1234567
37356
1234567
37358
1234567
37360
1234567
37362
1234567
37364
1234567
37366
1234567
37368
1234567
37370
1234567
37372
1234567
37374
1234567
37376
1234567
37378
1234567
37380
1234567
37382
1234567
37384
1234567
37386
1234567
37388
1234567
37390
1234567
37392
1234567
37394
1234567
37396
1234567
37398
1234567
37400
1234567
37402
1234567
37404
1234567
37406
1234567
37408
1234567
37410
1234567
37412
1234567
37414
1234567
37416
1234567
37418
1234567
37420
1234567
37422
1234567
37424
1234567
37426
1234567
37428
1234567
37430
1234567
37432
1234567
37434
1234567
37436
1234567
37438
1234567
37440
1234567
37442
1234567
37444
1234567
37446
1234567
37448
1234567
37450
1234567
37452
1234567
37454
1234567
37456
1234567
37458
1234567
37460
1234567
37462
1234567
37464
1234567
37466
1234567
37468
1234567
37470
1234567
37472
1234567
37474
1234567
37476
1234567
37478
1234567
37480
1234567
37482
1234567
37484
1234567
37486
1234567
37488
1234567
37490
1234567
37492
1234567
37494
1234567
37496
1234567
37498
1234567
37500
1234567
37502
1234567
37504
1234567
37506
1234567
37508
1234567
37510
1234567
37512
1234567
37514
1234567
37516
1234567
37518
1234567
37520
1234567
37522
1234567
37524
1234567
37526
1234567
37528
1234567
37530
1234567
37532
1234567
37534
1234567
37536
1234567
37538
1234567
37540
1234567
37542
1234567
37544
1234567
37546
1234567
37548
1234567
37550
1234567
37552
1234567
37554
1234567
37556
1234567
37558
1234567
37560
1234567
37562
1234567
37564
1234567
37566
1234567
37568
1234567
37570
1234567
37572
1234567
37574
1234567
37576
1234567
37578
1234567
37580
1234567
37582
1234567
37584
1234567
37586
1234567
37588
1234567
37590
1234567
37592
1234567
37594
1234567
37596
1234567
37598
1234567
37600
1234567
37602
1234567
37604
1234567
37606
1234567
37608
1234567
37610
1234567
37612
1234567
37614
1234567
37616
1234567
37618
1234567
37620
1234567
37622
1234567
37624
1234567
37626
1234567
37628
1234567
37630
1234567
37632
1234567
37634
1234567
37636
1234567
37638
1234567
37640
1234567
37642
1234567
37644
1234567
37646
1234567
37648
1234567
37650
1234567
37652
1234567
37654
1234567
37656
1234567
37658
1234567
37660
1234567
37662
1234567
37664
1234567
37666
1234567
37668
1234567
37670
1234567
37672
1234567
37674
1234567
37676
1234567
37678
1234567
37680
1234567
37682
1234567
37684
1234567
37686
1234567
37688
1234567
37690
1234567
37692
1234567
37694
1234567
37696
1234567
37698
1234567
37700
1234567
37702
1234567
37704
1234567
37706
1234567
37708
1234567
37710
1234567
37712
1234567
37714
1234567
37716
1234567
37718
1234567
37720
1234567
37722
1234567
37724
1234567
37726
1234567
37728
1234567
37730
1234567
37732
1234567
37734
1234567
37736
1234567
37738
1234567
37740
1234567
37742
1234567
37744
1234567
37746
1234567
37748
1234567
37750
1234567
37752
1234567
37754
1234567
37756
1234567
37758
1234567
37760
1234567
37762
1234567
37764
1234567
37766
1234567
37768
1234567
37770
1234567
37772
1234567
37774
1234567
37776
1234567
37778
1234567
37780
1234567
37782
1234567
37784
1234567
37786
1234567
37788
1234567
37790
1234567
37792
1234567
37794
1234567
37796
1234567
37798
1234567
37800
1234567
37802
1234567
37804
1234567
37806
1234567
37808
1234567
37810
1234567
37812
1234567
37814
1234567
37816
1234567
37818
1234567
37820
1234567
37822
1234567
37824
1234567
37826
1234567
37828
1234567
37830
1234567
37832
1234567
37834
1234567
37836
1234567
37838
1234567
37840
1234567
37842
1234567
37844
1234567
37846
1234567
37848
1234567
37850
1234567
37852
1234567
37854
1234567
37856
1234567
37858
1234567
37860
1234567
37862
1234567
37864
1234567
37866
1234567
37868
1234567
37870
1234567
37872
1234567
37874
1234567
37876
1234567
37878
1234567
37880
1234567
37882
1234567
37884
1234567
37886
1234567
37888
1234567
37890
1234567
37892
1234567
37894
1234567
37896
1234567
37898
1234567
37900
1234567
37902
1234567
37904
1234567
37906
1234567
37908
1234567
37910
1234567
37912
1234567
37914
1234567
37916
1234567
37918
1234567
37920
1234567
37922
1234567
37924
1234567
37926
1234567
37928
1234567
37930
1234567
37932
1234567
37934
1234567
37936
1234567
37938
1234567
37940
1234567
37942
1234567
37944
1234567
37946
1234567
37948
1234567
37950
1234567
37952
1234567
37954
1234567
37956
1234567
37958
1234567
37960
1234567
37962
1234567
37964
1234567
37966
1234567
37968
1234567
37970
1234567
37972
1234567
37974
1234567
37976
1234567
37978
1234567
37980
1234567
37982
1234567
37984
1234567
37986
1234567
37988
1234567
37990
1234567
37992
1234567
37994
1234567
37996
1234567
37998
1234567
38000
1234567
38002
1234567
38004
1234567
38006
1234567
38008
1234567
38010
1234567
38012
1234567
38014
1234567
38016
1234567
38018
1234567
38020
1234567
38022
1234567
38024
1234567
38026
1234567
38028
1234567
38030
1234567
38032
1234567
38034
1234567
38036
1234567
38038
1234567
38040
1234567
38042
1234567
38044
1234567
38046
1234567
38048
1234567
38050
1234567
38052
1234567
38054
1234567
38056
1234567
38058
1234567
38060
1234567
38062
1234567
38064
1234567
38066
1234567
38068
1234567
38070
1234567
38072
1234567
38074
1234567
38076
1234567
38078
1234567
38080
1234567
38082
1234567
38084
1234567
38086
1234567
38088
1234567
38090
1234567
38092
1234567
38094
1234567
38096
1234567
38098
1234567
38100
1234567
38102
1234567
38104
1234567
38106
1234567
38108
1234567
38110
1234567
38112
1234567
38114
1234567
38116
1234567
38118
1234567
38120
1234567
38122
1234567
38124
1234567
38126
1234567
38128
1234567
38130
1234567
38132
1234567
38134
1234567
38136
1234567
38138
1234567
38140
1234567
38142
1234567
38144
1234567
38146
1234567
38148
1234567
38150
1234567
38152
1234567
38154
1234567
38156
1234567
38158
1234567
38160
1234567
38162
1234567
38164
1234567
38166
1234567
38168
1234567
38170
1234567
38172
1234567
38174
1234567
38176
1234567
38178
1234567
38180
1234567
38182
1234567
38184
1234567
38186
1234567
38188
1234567
38190
1234567
38192
1234567
38194
1234567
38196
1234567
38198
1234567
38200
1234567
38202
1234567
38204
1234567
38206
1234567
38208
1234567
38210
1234567
38212
1234567
38214
1234567
38216
1234567
38218
1234567
38220
1234567
38222
1234567
38224
1234567
38226
1234567
38228
1234567
38230
1234567
38232
1234567
38234
1234567
38236
1234567
38238
1234567
38240
1234567
38242
1234567
38244
1234567
38246
1234567
38248
1234567
38250
1234567
38252
1234567
38254
1234567
38256
1234567
38258
1234567
38260
1234567
38262
1234567
38264
1234567
38266
1234567
38268
1234567
38270
1234567
38272
1234567
38274
1234567
38276
1234567
38278
1234567
38280
1234567
38282
1234567
38284
1234567
38286
1234567
38288
1234567
38290
1234567
38292
1234567
38294
1234567
38296
1234567
38298
1234567
38300
1234567
38302
1234567
38304
1234567
38306
1234567
38308
1234567
38310
1234567
38312
1234567
38314
1234567
38316
1234567
38318
1234567
38320
1234567
38322
1234567
38324
1234567
38326
1234567
38328
1234567
38330
1234567
38332
1234567
38334
1234567
38336
1234567
38338
1234567
38340
1234567
38342
1234567
38344
1234567
38346
1234567
38348
1234567
38350
1234567
38352
1234567
38354
1234567
38356
1234567
38358
1234567
38360
1234567
38362
1234567
38364
1234567
38366
1234567
38368
1234567
38370
1234567
38372
1234567
38374
1234567
38376
1234567
38378
1234567
38380
1234567
38382
1234567
38384
1234567
38386
1234567
38388
1234567
38390
1234567
38392
1234567
38394
1234567
38396
1234567
38398
1234567
38400
1234567
38402
1234567
38404
1234567
38406
1234567
38408
1234567
38410
1234567
38412
1234567
38414
1234567
38416
1234567
38418
1234567
38420
1234567
38422
1234567
38424
1234567
38426
1234567
38428
1234567
38430
1234567
38432
1234567
38434
1234567
38436
1234567
38438
1234567
38440
1234567
38442
1234567
38444
1234567
38446
1234567
38448
1234567
38450
1234567
38452
1234567
38454
1234567
38456
1234567
38458
1234567
38460
1234567
38462
1234567
38464
1234567
38466
1234567
38468
1234567
38470
1234567
38472
1234567
38474
1234567
38476
1234567
38478
1234567
38480
1234567
38482
1234567
38484
1234567
38486
1234567
38488
1234567
38490
1234567
38492
1234567
38494
1234567
38496
1234567
38498
1234567
38500
1234567
38502
1234567
38504
1234567
38506
1234567
38508
1234567
38510
1234567
38512
1234567
38514
1234567
38516
1234567
38518
1234567
38520
1234567
38522
1234567
38524
1234567
38526
1234567
38528
1234567
38530
1234567
38532
1234567
38534
1234567
38536
1234567
38538
1234567
38540
1234567
38542
1234567
38544
1234567
38546
1234567
38548
1234567
38550
1234567
38552
1234567
38554
1234567
38556
1234567
38558
1234567
38560
1234567
38562
1234567
38564
1234567
38566
1234567
38568
1234567
38570
1234567
38572
1234567
38574
1234567
38576
1234567
38578
1234567
38580
1234567
38582
1234567
38584
1234567
38586
1234567
38588
1234567
38590
1234567
38592
1234567
38594
1234567
38596
1234567
38598
1234567
38600
1234567
38602
1234567
38604
1234567
38606
1234567
38608
1234567
38610
1234567
38612
1234567
38614
1234567
38616
1234567
38618
1234567
38620
1234567
38622
1234567
38624
1234567
38626
1234567
38628
1234567
38630
1234567
38632
1234567
38634
1234567
38636
1234567
38638
1234567
38640
1234567
38642
1234567
38644
1234567
38646
1234567
38648
1234567
38650
1234567
38652
1234567
38654
1234567
38656
1234567
38658
1234567
38660
1234567
38662
1234567
38664
1234567
38666
1234567
38668
1234567
38670
1234567
38672
1234567
38674
1234567
38676
1234567
38678
1234567
38680
1234567
38682
1234567
38684
1234567
38686
1234567
38688
1234567
38690
1234567
38692
1234567
38694
1234567
38696
1234567
38698
1234567
38700
1234567
38702
1234567
38704
1234567
38706
1234567
38708
1234567
38710
1234567
38712
1234567
38714
1234567
38716
1234567
38718
1234567
38720
1234567
38722
1234567
38724
1234567
38726
1234567
38728
1234567
38730
1234567
38732
1234567
38734
1234567
38736
1234567
38738
1234567
38740
1234567
38742
1234567
38744
1234567
38746
1234567
38748
1234567
38750
1234567
38752
1234567
38754
1234567
38756
1234567
38758
1234567
38760
1234567
38762
1234567
38764
1234567
38766
1234567
38768
1234567
38770
1234567
38772
1234567
38774
1234567
38776
1234567
38778
1234567
38780
1234567
38782
1234567
38784
1234567
38786
1234567
38788
1234567
38790
1234567
38792
1234567
38794
1234567
38796
1234567
38798
1234567
38800
1234567
38802
1234567
38804
1234567
38806
1234567
38808
1234567
38810
1234567
38812
1234567
38814
1234567
38816
1234567
38818
1234567
38820
1234567
38822
1234567
38824
1234567
38826
1234567
38828
1234567
38830
1234567
38832
1234567
38834
1234567
38836
1234567
38838
1234567
38840
1234567
38842
1234567
38844
1234567
38846
1234567
38848
1234567
38850
1234567
38852
1234567
38854
1234567
38856
1234567
38858
1234567
38860
1234567
38862
1234567
38864
1234567
38866
1234567
38868
1234567
38870
1234567
38872
1234567
38874
1234567
38876
1234567
38878
1234567
38880
1234567
38882
1234567
38884
1234567
38886
1234567
38888
1234567
38890
1234567
38892
1234567
38894
1234567
38896
1234567
38898
1234567
38900
1234567
38902
1234567
38904
1234567
38906
1234567
38908
1234567
38910
1234567
38912
1234567
38914
1234567
38916
1234567
38918
1234567
38920
1234567
38922
1234567
38924
1234567
38926
1234567
38928
1234567
38930
1234567
38932
1234567
38934
1234567
38936
1234567
38938
1234567
38940
1234567
38942
1234567
38944
1234567
38946
1234567
38948
1234567
38950
1234567
38952
1234567
38954
1234567
38956
1234567
38958
1234567
38960
1234567
38962
1234567
38964
1234567
38966
1234567
38968
1234567
38970
1234567
38972
1234567
38974
1234567
38976
1234567
38978
1234567
38980
1234567
38982
1234567
38984
1234567
38986
1234567
38988
1234567
38990
1234567
38992
1234567
38994
1234567
38996
1234567
38998
1234567
39000
1234567
39002
1234567
39004
1234567
39006
1234567
39008
1234567
39010
1234567
39012
1234567
39014
1234567
39016
1234567
39018
1234567
39020
1234567
39022
1234567
39024
1234567
39026
1234567
39028
1234567
39030
1234567
39032
1234567
39034
1234567
39036
1234567
39038
1234567
39040
1234567
39042
1234567
39044
1234567
39046
1234567
39048
1234567
39050
1234567
39052
1234567
39054
1234567
39056
1234567
39058
1234567
39060
1234567
39062
1234567
39064
1234567
39066
1234567
39068
1234567
39070
1234567
39072
1234567
39074
1234567
39076
1234567
39078
1234567
39080
1234567
39082
1234567
39084
1234567
39086
1234567
39088
1234567
39090
1234567
39092
1234567
39094
1234567
39096
1234567
39098
1234567
39100
1234567
39102
1234567
39104
1234567
39106
1234567
39108
1234567
39110
1234567
39112
1234567
39114
1234567
39116
1234567
39118
1234567
39120
1234567
39122
1234567
39124
1234567
39126
1234567
39128
1234567
39130
1234567
39132
1234567
39134
1234567
39136
1234567
39138
1234567
39140
1234567
39142
1234567
39144
1234567
39146
1234567
39148
1234567
39150
1234567
39152
1234567
39154
1234567
39156
1234567
39158
1234567
39160
1234567
39162
1234567
39164
1234567
39166
1234567
39168
1234567
39170
1234567
39172
1234567
39174
1234567
39176
1234567
39178
1234567
39180
1234567
39182
1234567
39184
1234567
39186
1234567
39188
1234567
39190
1234567
39192
1234567
39194
1234567
39196
1234567
39198
1234567
39200
1234567
39202
1234567
39204
1234567
39206
1234567
39208
1234567
39210
1234567
39212
1234567
39214
1234567
39216
1234567
39218
1234567
39220
1234567
39222
1234567
39224
1234567
39226
1234567
39228
1234567
39230
1234567
39232
1234567
39234
1234567
39236
1234567
39238
1234567
39240
1234567
39242
1234567
39244
1234567
39246
1234567
39248
1234567
39250
1234567
39252
1234567
39254
1234567
39256
1234567
39258
1234567
39260
1234567
39262
1234567
39264
1234567
39266
1234567
39268
1234567
39270
1234567
39272
1234567
39274
1234567
39276
1234567
39278
1234567
39280
1234567
39282
1234567
39284
1234567
39286
1234567
39288
1234567
39290
1234567
39292
1234567
39294
1234567
39296
1234567
39298
1234567
39300
1234567
39302
1234567
39304
1234567
39306
1234567
39308
1234567
39310
1234567
39312
1234567
39314
1234567
39316
1234567
39318
1234567
39320
1234567
39322
1234567
39324
1234567
39326
1234567
39328
1234567
39330
1234567
39332
1234567
39334
1234567
39336
1234567
39338
1234567
39340
1234567
39342
1234567
39344
1234567
39346
1234567
39348
1234567
39350
1234567
39352
1234567
39354
1234567
39356
1234567
39358
1234567
39360
1234567
39362
1234567
39364
1234567
39366
1234567
39368
1234567
39370
1234567
39372
1234567
39374
1234567
39376
1234567
39378
1234567
39380
1234567
39382
1234567
39384
1234567
39386
1234567
39388
1234567
39390
1234567
39392
1234567
39394
1234567
39396
1234567
39398
1234567
39400
1234567
39402
1234567
39404
1234567
39406
1234567
39408
1234567
39410
1234567
39412
1234567
39414
1234567
39416
1234567
39418
1234567
39420
1234567
39422
1234567
39424
1234567
39426
1234567
39428
1234567
39430
1234567
39432
1234567
39434
1234567
39436
1234567
39438
1234567
39440
1234567
39442
1234567
39444
1234567
39446
1234567
39448
1234567
39450
1234567
39452
1234567
39454
1234567
39456
1234567
39458
1234567
39460
1234567
39462
1234567
39464
1234567
39466
1234567
39468
1234567
39470
1234567
39472
1234567
39474
1234567
39476
1234567
39478
1234567
39480
1234567
39482
1234567
39484
1234567
39486
1234567
39488
1234567
39490
1234567
39492
1234567
39494
1234567
39496
1234567
39498
1234567
39500
1234567
39502
1234567
39504
1234567
39506
1234567
39508
1234567
39510
1234567
39512
1234567
39514
1234567
39516
1234567
39518
1234567
39520
1234567
39522
1234567
39524
1234567
39526
1234567
39528
1234567
39530
1234567
39532
1234567
39534
1234567
39536
1234567
39538
1234567
39540
1234567
39542
1234567
39544
1234567
39546
1234567
39548
1234567
39550
1234567
39552
1234567
39554
1234567
39556
1234567
39558
1234567
39560
1234567
39562
1234567
39564
1234567
39566
1234567
39568
1234567
39570
1234567
39572
1234567
39574
1234567
39576
1234567
39578
1234567
39580
1234567
39582
1234567
39584
1234567
39586
1234567
39588
1234567
39590
1234567
39592
1234567
39594
1234567
39596
1234567
39598
1234567
39600
1234567
39602
1234567
39604
1234567
39606
1234567
39608
1234567
39610
1234567
39612
1234567
39614
1234567
39616
1234567
39618
1234567
39620
1234567
39622
1234567
39624
1234567
39626
1234567
39628
1234567
39630
1234567
39632
1234567
39634
1234567
39636
1234567
39638
1234567
39640
1234567
39642
1234567
39644
1234567
39646
1234567
39648
1234567
39650
1234567
39652
1234567
39654
1234567
39656
1234567
39658
1234567
39660
1234567
39662
1234567
39664
1234567
39666
1234567
39668
1234567
39670
1234567
39672
1234567
39674
1234567
39676
1234567
39678
1234567
39680
1234567
39682
1234567
39684
1234567
39686
1234567
39688
1234567
39690
1234567
39692
1234567
39694
1234567
39696
1234567
39698
1234567
39700
1234567
39702
1234567
39704
1234567
39706
1234567
39708
1234567
39710
1234567
39712
1234567
39714
1234567
39716
1234567
39718
1234567
39720
1234567
39722
1234567
39724
1234567
39726
1234567
39728
1234567
39730
1234567
39732
1234567
39734
1234567
39736
1234567
39738
1234567
39740
1234567
39742
1234567
39744
1234567
39746
1234567
39748
1234567
39750
1234567
39752
1234567
39754
1234567
39756
1234567
39758
1234567
39760
1234567
39762
1234567
39764
1234567
39766
1234567
39768
1234567
39770
1234567
39772
1234567
39774
1234567
39776
1234567
39778
1234567
39780
1234567
39782
1234567
39784
1234567
39786
1234567
39788
1234567
39790
1234567
39792
1234567
39794
1234567
39796
1234567
39798
1234567
39800
1234567
39802
1234567
39804
1234567
39806
1234567
39808
1234567
39810
1234567
39812
1234567
39814
1234567
39816
1234567
39818
1234567
39820
1234567
39822
1234567
39824
1234567
39826
1234567
39828
1234567
39830
1234567
39832
1234567
39834
1234567
39836
1234567
39838
1234567
39840
1234567
39842
1234567
39844
1234567
39846
1234567
39848
1234567
39850
1234567
39852
1234567
39854
1234567
39856
1234567
39858
1234567
39860
1234567
39862
1234567
39864
1234567
39866
1234567
39868
1234567
39870
1234567
39872
1234567
39874
1234567
39876
1234567
39878
1234567
39880
1234567
39882
1234567
39884
1234567
39886
1234567
39888
1234567
39890
1234567
39892
1234567
39894
1234567
39896
1234567
39898
1234567
39900
1234567
39902
1234567
39904
1234567
39906
1234567
39908
1234567
39910
1234567
39912
1234567
39914
1234567
39916
1234567
39918
1234567
39920
1234567
39922
1234567
39924
1234567
39926
1234567
39928
1234567
39930
1234567
39932
1234567
39934
1234567
39936
1234567
39938
1234567
39940
1234567
39942
1234567
39944
1234567
39946
1234567
39948
1234567
39950
1234567
39952
1234567
39954
1234567
39956
1234567
39958
1234567
39960
1234567
39962
1234567
39964
1234567
39966
1234567
39968
1234567
39970
1234567
39972
1234567
39974
1234567
39976
1234567
39978
1234567
39980
1234567
39982
1234567
39984
1234567
39986
1234567
39988
1234567
39990
1234567
39992
1234567
39994
1234567
39996
1234567
39998
1234567
40000
1234567
40002
1234567
40004
1234567
40006
1234567
40008
1234567
40010
1234567
40012
1234567
40014
1234567
40016
1234567
40018
1234567
40020
1234567
40022
1234567
40024
1234567
40026
1234567
40028
1234567
40030
1234567
40032
1234567
40034
1234567
40036
1234567
40038
1234567
40040
1234567
40042
1234567
40044
1234567
40046
1234567
40048
1234567
40050
1234567
40052
1234567
40054
1234567
40056
1234567
40058
1234567
40060
1234567
40062
1234567
40064
1234567
40066
1234567
40068
1234567
40070
1234567
40072
1234567
40074
1234567
40076
1234567
40078
1234567
40080
1234567
40082
1234567
40084
1234567
40086
1234567
40088
1234567
40090
1234567
40092
1234567
40094
1234567
40096
1234567
40098
1234567
40100
1234567
40102
1234567
40104
1234567
40106
1234567
40108
1234567
40110
1234567
40112
1234567
40114
1234567
40116
1234567
40118
1234567
40120
1234567
40122
1234567
40124
1234567
40126
1234567
40128
1234567
40130
1234567
40132
1234567
40134
1234567
40136
1234567
40138
1234567
40140
1234567
40142
1234567
40144
1234567
40146
1234567
40148
1234567
40150
1234567
40152
1234567
40154
1234567
40156
1234567
40158
1234567
40160
1234567
40162
1234567
40164
1234567
40166
1234567
40168
1234567
40170
1234567
40172
1234567
40174
1234567
40176
1234567
40178
1234567
40180
1234567
40182
1234567
40184
1234567
40186
1234567
40188
1234567
40190
1234567
40192
1234567
40194
1234567
40196
1234567
40198
1234567
40200
1234567
40202
1234567
40204
1234567
40206
1234567
40208
1234567
40210
1234567
40212
1234567
40214
1234567
40216
1234567
40218
1234567
40220
1234567
40222
1234567
40224
1234567
40226
1234567
40228
1234567
40230
1234567
40232
1234567
40234
1234567
40236
1234567
40238
1234567
40240
1234567
40242
1234567
40244
1234567
40246
1234567
40248
1234567
40250
1234567
40252
1234567
40254
1234567
40256
1234567
40258
1234567
40260
1234567
40262
1234567
40264
1234567
40266
1234567
40268
1234567
40270
1234567
40272
1234567
40274
1234567
40276
1234567
40278
1234567
40280
1234567
40282
1234567
40284
1234567
40286
1234567
40288
1234567
40290
1234567
40292
1234567
40294
1234567
40296
1234567
40298
1234567
40300
1234567
40302
1234567
40304
1234567
40306
1234567
40308
1234567
40310
1234567
40312
1234567
40314
1234567
40316
1234567
40318
1234567
40320
1234567
40322
1234567
40324
1234567
40326
1234567
40328
1234567
40330
1234567
40332
1234567
40334
1234567
40336
1234567
40338
1234567
40340
1234567
40342
1234567
40344
1234567
40346
1234567
40348
1234567
40350
1234567
40352
1234567
40354
1234567
40356
1234567
40358
1234567
40360
1234567
40362
1234567
40364
1234567
40366
1234567
40368
1234567
40370
1234567
40372
1234567
40374
1234567
40376
1234567
40378
1234567
40380
1234567
40382
1234567
40384
1234567
40386
1234567
40388
1234567
40390
1234567
40392
1234567
40394
1234567
40396
1234567
40398
1234567
40400
1234567
40402
1234567
40404
1234567
40406
1234567
40408
1234567
40410
1234567
40412
1234567
40414
1234567
40416
1234567
40418
1234567
40420
1234567
40422
1234567
40424
1234567
40426
1234567
40428
1234567
40430
1234567
40432
1234567
40434
1234567
40436
1234567
40438
1234567
40440
1234567
40442
1234567
40444
1234567
40446
1234567
40448
1234567
40450
1234567
40452
1234567
40454
1234567
40456
1234567
40458
1234567
40460
1234567
40462
1234567
40464
1234567
40466
1234567
40468
1234567
40470
1234567
40472
1234567
40474
1234567
40476
1234567
40478
1234567
40480
1234567
40482
1234567
40484
1234567
40486
1234567
40488
1234567
40490
1234567
40492
1234567
40494
1234567
40496
1234567
40498
1234567
40500
1234567
40502
1234567
40504
1234567
40506
1234567
40508
1234567
40510
1234567
40512
1234567
40514
1234567
40516
1234567
40518
1234567
40520
1234567
40522
1234567
40524
1234567
40526
1234567
40528
1234567
40530
1234567
40532
1234567
40534
1234567
40536
1234567
40538
1234567
40540
1234567
40542
1234567
40544
1234567
40546
1234567
40548
1234567
40550
1234567
40552
1234567
40554
1234567
40556
1234567
40558
1234567
40560
1234567
40562
1234567
40564
1234567
40566
1234567
40568
1234567
40570
1234567
40572
1234567
40574
1234567
40576
1234567
40578
1234567
40580
1234567
40582
1234567
40584
1234567
40586
1234567
40588
1234567
40590
1234567
40592
1234567
40594
1234567
40596
1234567
40598
1234567
40600
1234567
40602
1234567
40604
1234567
40606
1234567
40608
1234567
40610
1234567
40612
1234567
40614
1234567
40616
1234567
40618
1234567
40620
1234567
40622
1234567
40624
1234567
40626
1234567
40628
1234567
40630
1234567
40632
1234567
40634
1234567
40636
1234567
40638
1234567
40640
1234567
40642
1234567
40644
1234567
40646
1234567
40648
1234567
40650
1234567
40652
1234567
40654
1234567
40656
1234567
40658
1234567
40660
1234567
40662
1234567
40664
1234567
40666
1234567
40668
1234567
40670
1234567
40672
1234567
40674
1234567
40676
1234567
40678
1234567
40680
1234567
40682
1234567
40684
1234567
40686
1234567
40688
1234567
40690
1234567
40692
1234567
40694
1234567
40696
1234567
40698
1234567
40700
1234567
40702
1234567
40704
1234567
40706
1234567
40708
1234567
40710
1234567
40712
1234567
40714
1234567
40716
1234567
40718
1234567
40720
1234567
40722
1234567
40724
1234567
40726
1234567
40728
1234567
40730
1234567
40732
1234567
40734
1234567
40736
1234567
40738
1234567
40740
1234567
40742
1234567
40744
1234567
40746
1234567
40748
1234567
40750
1234567
40752
1234567
40754
1234567
40756
1234567
40758
1234567
40760
1234567
40762
1234567
40764
1234567
40766
1234567
40768
1234567
40770
1234567
40772
1234567
40774
1234567
40776
1234567
40778
1234567
40780
1234567
40782
1234567
40784
1234567
40786
1234567
40788
1234567
40790
1234567
40792
1234567
40794
1234567
40796
1234567
40798
1234567
40800
1234567
40802
1234567
40804
1234567
40806
1234567
40808
1234567
40810
1234567
40812
1234567
40814
1234567
40816
1234567
40818
1234567
40820
1234567
40822
1234567
40824
1234567
40826
1234567
40828
1234567
40830
1234567
40832
1234567
40834
1234567
40836
1234567
40838
1234567
40840
1234567
40842
1234567
40844
1234567
40846
1234567
40848
1234567
40850
1234567
40852
1234567
40854
1234567
40856
1234567
40858
1234567
40860
1234567
40862
1234567
40864
1234567
40866
1234567
40868
1234567
40870
1234567
40872
1234567
40874
1234567
40876
1234567
40878
1234567
40880
1234567
40882
1234567
40884
1234567
40886
1234567
40888
1234567
40890
1234567
40892
1234567
40894
1234567
40896
1234567
40898
1234567
40900
1234567
40902
1234567
40904
1234567
40906
1234567
40908
1234567
40910
1234567
40912
1234567
40914
1234567
40916
1234567
40918
1234567
40920
1234567
40922
1234567
40924
1234567
40926
1234567
40928
1234567
40930
1234567
40932
1234567
40934
1234567
40936
1234567
40938
1234567
40940
1234567
40942
1234567
40944
1234567
40946
1234567
40948
1234567
40950
1234567
40952
1234567
40954
1234567
40956
1234567
40958
1234567
40960
1234567
40962
1234567
40964
1234567
40966
1234567
40968
1234567
40970
1234567
40972
1234567
40974
1234567
40976
1234567
40978
1234567
40980
1234567
40982
1234567
40984
1234567
40986
1234567
40988
1234567
40990
1234567
40992
1234567
40994
1234567
40996
1234567
40998
1234567
41000
1234567
41002
1234567
41004
1234567
41006
1234567
41008
1234567
41010
1234567
41012
1234567
41014
1234567
41016
1234567
41018
1234567
41020
1234567
41022
1234567
41024
1234567
41026
1234567
41028
1234567
41030
1234567
41032
1234567
41034
1234567
41036
1234567
41038
1234567
41040
1234567
41042
1234567
41044
1234567
41046
1234567
41048
1234567
41050
1234567
41052
1234567
41054
1234567
41056
1234567
41058
1234567
41060
1234567
41062
1234567
41064
1234567
41066
1234567
41068
1234567
41070
1234567
41072
1234567
41074
1234567
41076
1234567
41078
1234567
41080
1234567
41082
1234567
41084
1234567
41086
1234567
41088
1234567
41090
1234567
41092
1234567
41094
1234567
41096
1234567
41098
1234567
41100
1234567
41102
1234567
41104
1234567
41106
1234567
41108
1234567
41110
1234567
41112
1234567
41114
1234567
41116
1234567
41118
1234567
41120
1234567
41122
1234567
41124
1234567
41126
1234567
41128
1234567
41130
1234567
41132
1234567
41134
1234567
41136
1234567
41138
1234567
41140
1234567
41142
1234567
41144
1234567
41146
1234567
41148
1234567
41150
1234567
41152
1234567
41154
1234567
41156
1234567
41158
1234567
41160
1234567
41162
1234567
41164
1234567
41166
1234567
41168
1234567
41170
1234567
41172
1234567
41174
1234567
41176
1234567
41178
1234567
41180
1234567
41182
1234567
41184
1234567
41186
1234567
41188
1234567
41190
1234567
41192
1234567
41194
1234567
41196
1234567
41198
1234567
41200
1234567
41202
1234567
41204
1234567
41206
1234567
41208
1234567
41210
1234567
41212
1234567
41214
1234567
41216
1234567
41218
1234567
41220
1234567
41222
1234567
41224
1234567
41226
1234567
41228
1234567
41230
1234567
41232
1234567
41234
1234567
41236
1234567
41238
1234567
41240
1234567
41242
1234567
41244
1234567
41246
1234567
41248
1234567
41250
1234567
41252
1234567
41254
1234567
41256
1234567
41258
1234567
41260
1234567
41262
1234567
41264
1234567
41266
1234567
41268
1234567
41270
1234567
41272
1234567
41274
1234567
41276
1234567
41278
1234567
41280
1234567
41282
1234567
41284
1234567
41286
1234567
41288
1234567
41290
1234567
41292
1234567
41294
1234567
41296
1234567
41298
1234567
41300
1234567
41302
1234567
41304
1234567
41306
1234567
41308
1234567
41310
1234567
41312
1234567
41314
1234567
41316
1234567
41318
1234567
41320
1234567
41322
1234567
41324
1234567
41326
1234567
41328
1234567
41330
1234567
41332
1234567
41334
1234567
41336
1234567
41338
1234567
41340
1234567
41342
1234567
41344
1234567
41346
1234567
41348
1234567
41350
1234567
41352
1234567
41354
1234567
41356
1234567
41358
1234567
41360
1234567
41362
1234567
41364
1234567
41366
1234567
41368
1234567
41370
1234567
41372
1234567
41374
1234567
41376
1234567
41378
1234567
41380
1234567
41382
1234567
41384
1234567
41386
1234567
41388
1234567
41390
1234567
41392
1234567
41394
1234567
41396
1234567
41398
1234567
41400
1234567
41402
1234567
41404
1234567
41406
1234567
41408
1234567
41410
1234567
41412
1234567
41414
1234567
41416
1234567
41418
1234567
41420
1234567
41422
1234567
41424
1234567
41426
1234567
41428
1234567
41430
1234567
41432
1234567
41434
1234567
41436
1234567
41438
1234567
41440
1234567
41442
1234567
41444
1234567
41446
1234567
41448
1234567
41450
1234567
41452
1234567
41454
1234567
41456
1234567
41458
1234567
41460
1234567
41462
1234567
41464
1234567
41466
1234567
41468
1234567
41470
1234567
41472
1234567
41474
1234567
41476
1234567
41478
1234567
41480
1234567
41482
1234567
41484
1234567
41486
1234567
41488
1234567
41490
1234567
41492
1234567
41494
1234567
41496
1234567
41498
1234567
41500
1234567
41502
1234567
41504
1234567
41506
1234567
41508
1234567
41510
1234567
41512
1234567
41514
1234567
41516
1234567
41518
1234567
41520
1234567
41522
1234567
41524
1234567
41526
1234567
41528
1234567
41530
1234567
41532
1234567
41534
1234567
41536
1234567
41538
1234567
41540
1234567
41542
1234567
41544
1234567
41546
1234567
41548
1234567
41550
1234567
41552
1234567
41554
1234567
41556
1234567
41558
1234567
41560
1234567
41562
1234567
41564
1234567
41566
1234567
41568
1234567
41570
1234567
41572
1234567
41574
1234567
41576
1234567
41578
1234567
41580
1234567
41582
1234567
41584
1234567
41586
1234567
41588
1234567
41590
1234567
41592
1234567
41594
1234567
41596
1234567
41598
1234567
41600
1234567
41602
1234567
41604
1234567
41606
1234567
41608
1234567
41610
1234567
41612
1234567
41614
1234567
41616
1234567
41618
1234567
41620
1234567
41622
1234567
41624
1234567
41626
1234567
41628
1234567
41630
1234567
41632
1234567
41634
1234567
41636
1234567
41638
1234567
41640
1234567
41642
1234567
41644
1234567
41646
1234567
41648
1234567
41650
1234567
41652
1234567
41654
1234567
41656
1234567
41658
1234567
41660
1234567
41662
1234567
41664
1234567
41666
1234567
41668
1234567
41670
1234567
41672
1234567
41674
1234567
41676
1234567
41678
1234567
41680
1234567
41682
1234567
41684
1234567
41686
1234567
41688
1234567
41690
1234567
41692
1234567
41694
1234567
41696
1234567
41698
1234567
41700
1234567
41702
1234567
41704
1234567
41706
1234567
41708
1234567
41710
1234567
41712
1234567
41714
1234567
41716
1234567
41718
1234567
41720
1234567
41722
1234567
41724
1234567
41726
1234567
41728
1234567
41730
1234567
41732
1234567
41734
1234567
41736
1234567
41738
1234567
41740
1234567
41742
1234567
41744
1234567
41746
1234567
41748
1234567
41750
1234567
41752
1234567
41754
1234567
41756
1234567
41758
1234567
41760
1234567
41762
1234567
41764
1234567
41766
1234567
41768
1234567
41770
1234567
41772
1234567
41774
1234567
41776
1234567
41778
1234567
41780
1234567
41782
1234567
41784
1234567
41786
1234567
41788
1234567
41790
1234567
41792
1234567
41794
1234567
41796
1234567
41798
1234567
41800
1234567
41802
1234567
41804
1234567
41806
1234567
41808
1234567
41810
1234567
41812
1234567
41814
1234567
41816
1234567
41818
1234567
41820
1234567
41822
1234567
41824
1234567
41826
1234567
41828
1234567
41830
1234567
41832
1234567
41834
1234567
41836
1234567
41838
1234567
41840
1234567
41842
1234567
41844
1234567
41846
1234567
41848
1234567
41850
1234567
41852
1234567
41854
1234567
41856
1234567
41858
1234567
41860
1234567
41862
1234567
41864
1234567
41866
1234567
41868
1234567
41870
1234567
41872
1234567
41874
1234567
41876
1234567
41878
1234567
41880
1234567
41882
1234567
41884
1234567
41886
1234567
41888
1234567
41890
1234567
41892
1234567
41894
1234567
41896
1234567
41898
1234567
41900
1234567
41902
1234567
41904
1234567
41906
1234567
41908
1234567
41910
1234567
41912
1234567
41914
1234567
41916
1234567
41918
1234567
41920
1234567
41922
1234567
41924
1234567
41926
1234567
41928
1234567
41930
1234567
41932
1234567
41934
1234567
41936
1234567
41938
1234567
41940
1234567
41942
1234567
41944
1234567
41946
1234567
41948
1234567
41950
1234567
41952
1234567
41954
1234567
41956
1234567
41958
1234567
41960
1234567
41962
1234567
41964
1234567
41966
1234567
41968
1234567
41970
1234567
41972
1234567
41974
1234567
41976
1234567
41978
1234567
41980
1234567
41982
1234567
41984
1234567
41986
1234567
41988
1234567
41990
1234567
41992
1234567
41994
1234567
41996
1234567
41998
1234567
42000
1234567
42002
1234567
42004
1234567
42006
1234567
42008
1234567
42010
1234567
42012
1234567
42014
1234567
42016
1234567
42018
1234567
42020
1234567
42022
1234567
42024
1234567
42026
1234567
42028
1234567
42030
1234567
42032
1234567
42034
1234567
42036
1234567
42038
1234567
42040
1234567
42042
1234567
42044
1234567
42046
1234567
42048
1234567
42050
1234567
42052
1234567
42054
1234567
42056
1234567
42058
1234567
42060
1234567
42062
1234567
42064
1234567
42066
1234567
42068
1234567
42070
1234567
42072
1234567
42074
1234567
42076
1234567
42078
1234567
42080
1234567
42082
1234567
42084
1234567
42086
1234567
42088
1234567
42090
1234567
42092
1234567
42094
1234567
42096
1234567
42098
1234567
42100
1234567
42102
1234567
42104
1234567
42106
1234567
42108
1234567
42110
1234567
42112
1234567
42114
1234567
42116
1234567
42118
1234567
42120
1234567
42122
1234567
42124
1234567
42126
1234567
42128
1234567
42130
1234567
42132
1234567
42134
1234567
42136
1234567
42138
1234567
42140
1234567
42142
1234567
42144
1234567
42146
1234567
42148
1234567
42150
1234567
42152
1234567
42154
1234567
42156
1234567
42158
1234567
42160
1234567
42162
1234567
42164
1234567
42166
1234567
42168
1234567
42170
1234567
42172
1234567
42174
1234567
42176
1234567
42178
1234567
42180
1234567
42182
1234567
42184
1234567
42186
1234567
42188
1234567
42190
1234567
42192
1234567
42194
1234567
42196
1234567
42198
1234567
42200
1234567
42202
1234567
42204
1234567
42206
1234567
42208
1234567
42210
1234567
42212
1234567
42214
1234567
42216
1234567
42218
1234567
42220
1234567
42222
1234567
42224
1234567
42226
1234567
42228
1234567
42230
1234567
42232
1234567
42234
1234567
42236
1234567
42238
1234567
42240
1234567
42242
1234567
42244
1234567
42246
1234567
42248
1234567
42250
1234567
42252
1234567
42254
1234567
42256
1234567
42258
1234567
42260
1234567
42262
1234567
42264
1234567
42266
1234567
42268
1234567
42270
1234567
42272
1234567
42274
1234567
42276
1234567
42278
1234567
42280
1234567
42282
1234567
42284
1234567
42286
1234567
42288
1234567
42290
1234567
42292
1234567
42294
1234567
42296
1234567
42298
1234567
42300
1234567
42302
1234567
42304
1234567
42306
1234567
42308
1234567
42310
1234567
42312
1234567
42314
1234567
42316
1234567
42318
1234567
42320
1234567
42322
1234567
42324
1234567
42326
1234567
42328
1234567
42330
1234567
42332
1234567
42334
1234567
42336
1234567
42338
1234567
42340
1234567
42342
1234567
42344
1234567
42346
1234567
42348
1234567
42350
1234567
42352
1234567
42354
1234567
42356
1234567
42358
1234567
42360
1234567
42362
1234567
42364
1234567
42366
1234567
42368
1234567
42370
1234567
42372
1234567
42374
1234567
42376
1234567
42378
1234567
42380
1234567
42382
1234567
42384
1234567
42386
1234567
42388
1234567
42390
1234567
42392
1234567
42394
1234567
42396
1234567
42398
1234567
42400
1234567
42402
1234567
42404
1234567
42406
1234567
42408
1234567
42410
1234567
42412
1234567
42414
1234567
42416
1234567
42418
1234567
42420
1234567
42422
1234567
42424
1234567
42426
1234567
42428
1234567
42430
1234567
42432
1234567
42434
1234567
42436
1234567
42438
1234567
42440
1234567
42442
1234567
42444
1234567
42446
1234567
42448
1234567
42450
1234567
42452
1234567
42454
1234567
42456
1234567
42458
1234567
42460
1234567
42462
1234567
42464
1234567
42466
1234567
42468
1234567
42470
1234567
42472
1234567
42474
1234567
42476
1234567
42478
1234567
42480
1234567
42482
1234567
42484
1234567
42486
1234567
42488
1234567
42490
1234567
42492
1234567
42494
1234567
42496
1234567
42498
1234567
42500
1234567
42502
1234567
42504
1234567
42506
1234567
42508
1234567
42510
1234567
42512
1234567
42514
1234567
42516
1234567
42518
1234567
42520
1234567
42522
1234567
42524
1234567
42526
1234567
42528
1234567
42530
1234567
42532
1234567
42534
1234567
42536
1234567
42538
1234567
42540
1234567
42542
1234567
42544
1234567
42546
1234567
42548
1234567
42550
1234567
42552
1234567
42554
1234567
42556
1234567
42558
1234567
42560
1234567
42562
1234567
42564
1234567
42566
1234567
42568
1234567
42570
1234567
42572
1234567
42574
1234567
42576
1234567
42578
1234567
42580
1234567
42582
1234567
42584
1234567
42586
1234567
42588
1234567
42590
1234567
42592
1234567
42594
1234567
42596
1234567
42598
1234567
42600
1234567
42602
1234567
42604
1234567
42606
1234567
42608
1234567
42610
1234567
42612
1234567
42614
1234567
42616
1234567
42618
1234567
42620
1234567
42622
1234567
42624
1234567
42626
1234567
42628
1234567
42630
1234567
42632
1234567
42634
1234567
42636
1234567
42638
1234567
42640
1234567
42642
1234567
42644
1234567
42646
1234567
42648
1234567
42650
1234567
42652
1234567
42654
1234567
42656
1234567
42658
1234567
42660
1234567
42662
1234567
42664
1234567
42666
1234567
42668
1234567
42670
1234567
42672
1234567
42674
1234567
42676
1234567
42678
1234567
42680
1234567
42682
1234567
42684
1234567
42686
1234567
42688
1234567
42690
1234567
42692
1234567
42694
1234567
42696
1234567
42698
1234567
42700
1234567
42702
1234567
42704
1234567
42706
1234567
42708
1234567
42710
1234567
42712
1234567
42714
1234567
42716
1234567
42718
1234567
42720
1234567
42722
1234567
42724
1234567
42726
1234567
42728
1234567
42730
1234567
42732
1234567
42734
1234567
42736
1234567
42738
1234567
42740
1234567
42742
1234567
42744
1234567
42746
1234567
42748
1234567
42750
1234567
42752
1234567
42754
1234567
42756
1234567
42758
1234567
42760
1234567
42762
1234567
42764
1234567
42766
1234567
42768
1234567
42770
1234567
42772
1234567
42774
1234567
42776
1234567
42778
1234567
42780
1234567
42782
1234567
42784
1234567
42786
1234567
42788
1234567
42790
1234567
42792
1234567
42794
1234567
42796
1234567
42798
1234567
42800
1234567
42802
1234567
42804
1234567
42806
1234567
42808
1234567
42810
1234567
42812
1234567
42814
1234567
42816
1234567
42818
1234567
42820
1234567
42822
1234567
42824
1234567
42826
1234567
42828
1234567
42830
1234567
42832
1234567
42834
1234567
42836
1234567
42838
1234567
42840
1234567
42842
1234567
42844
1234567
42846
1234567
42848
1234567
42850
1234567
42852
1234567
42854
1234567
42856
1234567
42858
1234567
42860
1234567
42862
1234567
42864
1234567
42866
1234567
42868
1234567
42870
1234567
42872
1234567
42874
1234567
42876
1234567
42878
1234567
42880
1234567
42882
1234567
42884
1234567
42886
1234567
42888
1234567
42890
1234567
42892
1234567
42894
1234567
42896
1234567
42898
1234567
42900
1234567
42902
1234567
42904
1234567
42906
1234567
42908
1234567
42910
1234567
42912
1234567
42914
1234567
42916
1234567
42918
1234567
42920
1234567
42922
1234567
42924
1234567
42926
1234567
42928
1234567
42930
1234567
42932
1234567
42934
1234567
42936
1234567
42938
1234567
42940
1234567
42942
1234567
42944
1234567
42946
1234567
42948
1234567
42950
1234567
42952
1234567
42954
1234567
42956
1234567
42958
1234567
42960
1234567
42962
1234567
42964
1234567
42966
1234567
42968
1234567
42970
1234567
42972
1234567
42974
1234567
42976
1234567
42978
1234567
42980
1234567
42982
1234567
42984
1234567
42986
1234567
42988
1234567
42990
1234567
42992
1234567
42994
1234567
42996
1234567
42998
1234567
43000
1234567
43002
1234567
43004
1234567
43006
1234567
43008
1234567
43010
1234567
43012
1234567
43014
1234567
43016
1234567
43018
1234567
43020
1234567
43022
1234567
43024
1234567
43026
1234567
43028
1234567
43030
1234567
43032
1234567
43034
1234567
43036
1234567
43038
1234567
43040
1234567
43042
1234567
43044
1234567
43046
1234567
43048
1234567
43050
1234567
43052
1234567
43054
1234567
43056
1234567
43058
1234567
43060
1234567
43062
1234567
43064
1234567
43066
1234567
43068
1234567
43070
1234567
43072
1234567
43074
1234567
43076
1234567
43078
1234567
43080
1234567
43082
1234567
43084
1234567
43086
1234567
43088
1234567
43090
1234567
43092
1234567
43094
1234567
43096
1234567
43098
1234567
43100
1234567
43102
1234567
43104
1234567
43106
1234567
43108
1234567
43110
1234567
43112
1234567
43114
1234567
43116
1234567
43118
1234567
43120
1234567
43122
1234567
43124
1234567
43126
1234567
43128
1234567
43130
1234567
43132
1234567
43134
1234567
43136
1234567
43138
1234567
43140
1234567
43142
1234567
43144
1234567
43146
1234567
43148
1234567
43150
1234567
43152
1234567
43154
1234567
43156
1234567
43158
1234567
43160
1234567
43162
1234567
43164
1234567
43166
1234567
43168
1234567
43170
1234567
43172
1234567
43174
1234567
43176
1234567
43178
1234567
43180
1234567
43182
1234567
43184
1234567
43186
1234567
43188
1234567
43190
1234567
43192
1234567
43194
1234567
43196
1234567
43198
1234567
43200
1234567
43202
1234567
43204
1234567
43206
1234567
43208
1234567
43210
1234567
43212
1234567
43214
1234567
43216
1234567
43218
1234567
43220
1234567
43222
1234567
43224
1234567
43226
1234567
43228
1234567
43230
1234567
43232
1234567
43234
1234567
43236
1234567
43238
1234567
43240
1234567
43242
1234567
43244
1234567
43246
1234567
43248
1234567
43250
1234567
43252
1234567
43254
1234567
43256
1234567
43258
1234567
43260
1234567
43262
1234567
43264
1234567
43266
1234567
43268
1234567
43270
1234567
43272
1234567
43274
1234567
43276
1234567
43278
1234567
43280
1234567
43282
1234567
43284
1234567
43286
1234567
43288
1234567
43290
1234567
43292
1234567
43294
1234567
43296
1234567
43298
1234567
43300
1234567
43302
1234567
43304
1234567
43306
1234567
43308
1234567
43310
1234567
43312
1234567
43314
1234567
43316
1234567
43318
1234567
43320
1234567
43322
1234567
43324
1234567
43326
1234567
43328
1234567
43330
1234567
43332
1234567
43334
1234567
43336
1234567
43338
1234567
43340
1234567
43342
1234567
43344
1234567
43346
1234567
43348
1234567
43350
1234567
43352
1234567
43354
1234567
43356
1234567
43358
1234567
43360
1234567
43362
1234567
43364
1234567
43366
1234567
43368
1234567
43370
1234567
43372
1234567
43374
1234567
43376
1234567
43378
1234567
43380
1234567
43382
1234567
43384
1234567
43386
1234567
43388
1234567
43390
1234567
43392
1234567
43394
1234567
43396
1234567
43398
1234567
43400
1234567
43402
1234567
43404
1234567
43406
1234567
43408
1234567
43410
1234567
43412
1234567
43414
1234567
43416
1234567
43418
1234567
43420
1234567
43422
1234567
43424
1234567
43426
1234567
43428
1234567
43430
1234567
43432
1234567
43434
1234567
43436
1234567
43438
1234567
43440
1234567
43442
1234567
43444
1234567
43446
1234567
43448
1234567
43450
1234567
43452
1234567
43454
1234567
43456
1234567
43458
1234567
43460
1234567
43462
1234567
43464
1234567
43466
1234567
43468
1234567
43470
1234567
43472
1234567
43474
1234567
43476
1234567
43478
1234567
43480
1234567
43482
1234567
43484
1234567
43486
1234567
43488
1234567
43490
1234567
43492
1234567
43494
1234567
43496
1234567
43498
1234567
43500
1234567
43502
1234567
43504
1234567
43506
1234567
43508
1234567
43510
1234567
43512
1234567
43514
1234567
43516
1234567
43518
1234567
43520
1234567
43522
1234567
43524
1234567
43526
1234567
43528
1234567
43530
1234567
43532
1234567
43534
1234567
43536
1234567
43538
1234567
43540
1234567
43542
1234567
43544
1234567
43546
1234567
43548
1234567
43550
1234567
43552
1234567
43554
1234567
43556
1234567
43558
1234567
43560
1234567
43562
1234567
43564
1234567
43566
1234567
43568
1234567
43570
1234567
43572
1234567
43574
1234567
43576
1234567
43578
1234567
43580
1234567
43582
1234567
43584
1234567
43586
1234567
43588
1234567
43590
1234567
43592
1234567
43594
1234567
43596
1234567
43598
1234567
43600
1234567
43602
1234567
43604
1234567
43606
1234567
43608
1234567
43610
1234567
43612
1234567
43614
1234567
43616
1234567
43618
1234567
43620
1234567
43622
1234567
43624
1234567
43626
1234567
43628
1234567
43630
1234567
43632
1234567
43634
1234567
43636
1234567
43638
1234567
43640
1234567
43642
1234567
43644
1234567
43646
1234567
43648
1234567
43650
1234567
43652
1234567
43654
1234567
43656
1234567
43658
1234567
43660
1234567
43662
1234567
43664
1234567
43666
1234567
43668
1234567
43670
1234567
43672
1234567
43674
1234567
43676
1234567
43678
1234567
43680
1234567
43682
1234567
43684
1234567
43686
1234567
43688
1234567
43690
1234567
43692
1234567
43694
1234567
43696
1234567
43698
1234567
43700
1234567
43702
1234567
43704
1234567
43706
1234567
43708
1234567
43710
1234567
43712
1234567
43714
1234567
43716
1234567
43718
1234567
43720
1234567
43722
1234567
43724
1234567
43726
1234567
43728
1234567
43730
1234567
43732
1234567
43734
1234567
43736
1234567
43738
1234567
43740
1234567
43742
1234567
43744
1234567
43746
1234567
43748
1234567
43750
1234567
43752
1234567
43754
1234567
43756
1234567
43758
1234567
43760
1234567
43762
1234567
43764
1234567
43766
1234567
43768
1234567
43770
1234567
43772
1234567
43774
1234567
43776
1234567
43778
1234567
43780
1234567
43782
1234567
43784
1234567
43786
1234567
43788
1234567
43790
1234567
43792
1234567
43794
1234567
43796
1234567
43798
1234567
43800
1234567
43802
1234567
43804
1234567
43806
1234567
43808
1234567
43810
1234567
43812
1234567
43814
1234567
43816
1234567
43818
1234567
43820
1234567
43822
1234567
43824
1234567
43826
1234567
43828
1234567
43830
1234567
43832
1234567
43834
1234567
43836
1234567
43838
1234567
43840
1234567
43842
1234567
43844
1234567
43846
1234567
43848
1234567
43850
1234567
43852
1234567
43854
1234567
43856
1234567
43858
1234567
43860
1234567
43862
1234567
43864
1234567
43866
1234567
43868
1234567
43870
1234567
43872
1234567
43874
1234567
43876
1234567
43878
1234567
43880
1234567
43882
1234567
43884
1234567
43886
1234567
43888
1234567
43890
1234567
43892
1234567
43894
1234567
43896
1234567
43898
1234567
43900
1234567
43902
1234567
43904
1234567
43906
1234567
43908
1234567
43910
1234567
43912
1234567
43914
1234567
43916
1234567
43918
1234567
43920
1234567
43922
1234567
43924
1234567
43926
1234567
43928
1234567
43930
1234567
43932
1234567
43934
1234567
43936
1234567
43938
1234567
43940
1234567
43942
1234567
43944
1234567
43946
1234567
43948
1234567
43950
1234567
43952
1234567
43954
1234567
43956
1234567
43958
1234567
43960
1234567
43962
1234567
43964
1234567
43966
1234567
43968
1234567
43970
1234567
43972
1234567
43974
1234567
43976
1234567
43978
1234567
43980
1234567
43982
1234567
43984
1234567
43986
1234567
43988
1234567
43990
1234567
43992
1234567
43994
1234567
43996
1234567
43998
1234567
44000
1234567
44002
1234567
44004
1234567
44006
1234567
44008
1234567
44010
1234567
44012
1234567
44014
1234567
44016
1234567
44018
1234567
44020
1234567
44022
1234567
44024
1234567
44026
1234567
44028
1234567
44030
1234567
44032
1234567
44034
1234567
44036
1234567
44038
1234567
44040
1234567
44042
1234567
44044
1234567
44046
1234567
44048
1234567
44050
1234567
44052
1234567
44054
1234567
44056
1234567
44058
1234567
44060
1234567
44062
1234567
44064
1234567
44066
1234567
44068
1234567
44070
1234567
44072
1234567
44074
1234567
44076
1234567
44078
1234567
44080
1234567
44082
1234567
44084
1234567
44086
1234567
44088
1234567
44090
1234567
44092
1234567
44094
1234567
44096
1234567
44098
1234567
44100
1234567
44102
1234567
44104
1234567
44106
1234567
44108
1234567
44110
1234567
44112
1234567
44114
1234567
44116
1234567
44118
1234567
44120
1234567
44122
1234567
44124
1234567
44126
1234567
44128
1234567
44130
1234567
44132
1234567
44134
1234567
44136
1234567
44138
1234567
44140
1234567
44142
1234567
44144
1234567
44146
1234567
44148
1234567
44150
1234567
44152
1234567
44154
1234567
44156
1234567
44158
1234567
44160
1234567
44162
1234567
44164
1234567
44166
1234567
44168
1234567
44170
1234567
44172
1234567
44174
1234567
44176
1234567
44178
1234567
44180
1234567
44182
1234567
44184
1234567
44186
1234567
44188
1234567
44190
1234567
44192
1234567
44194
1234567
44196
1234567
44198
1234567
44200
1234567
44202
1234567
44204
1234567
44206
1234567
44208
1234567
44210
1234567
44212
1234567
44214
1234567
44216
1234567
44218
1234567
44220
1234567
44222
1234567
44224
1234567
44226
1234567
44228
1234567
44230
1234567
44232
1234567
44234
1234567
44236
1234567
44238
1234567
44240
1234567
44242
1234567
44244
1234567
44246
1234567
44248
1234567
44250
1234567
44252
1234567
44254
1234567
44256
1234567
44258
1234567
44260
1234567
44262
1234567
44264
1234567
44266
1234567
44268
1234567
44270
1234567
44272
1234567
44274
1234567
44276
1234567
44278
1234567
44280
1234567
44282
1234567
44284
1234567
44286
1234567
44288
1234567
44290
1234567
44292
1234567
44294
1234567
44296
1234567
44298
1234567
44300
1234567
44302
1234567
44304
1234567
44306
1234567
44308
1234567
44310
1234567
44312
1234567
44314
1234567
44316
1234567
44318
1234567
44320
1234567
44322
1234567
44324
1234567
44326
1234567
44328
1234567
44330
1234567
44332
1234567
44334
1234567
44336
1234567
44338
1234567
44340
1234567
44342
1234567
44344
1234567
44346
1234567
44348
1234567
44350
1234567
44352
1234567
44354
1234567
44356
1234567
44358
1234567
44360
1234567
44362
1234567
44364
1234567
44366
1234567
44368
1234567
44370
1234567
44372
1234567
44374
1234567
44376
1234567
44378
1234567
44380
1234567
44382
1234567
44384
1234567
44386
1234567
44388
1234567
44390
1234567
44392
1234567
44394
1234567
44396
1234567
44398
1234567
44400
1234567
44402
1234567
44404
1234567
44406
1234567
44408
1234567
44410
1234567
44412
1234567
44414
1234567
44416
1234567
44418
1234567
44420
1234567
44422
1234567
44424
1234567
44426
1234567
44428
1234567
44430
1234567
44432
1234567
44434
1234567
44436
1234567
44438
1234567
44440
1234567
44442
1234567
44444
1234567
44446
1234567
44448
1234567
44450
1234567
44452
1234567
44454
1234567
44456
1234567
44458
1234567
44460
1234567
44462
1234567
44464
1234567
44466
1234567
44468
1234567
44470
1234567
44472
1234567
44474
1234567
44476
1234567
44478
1234567
44480
1234567
44482
1234567
44484
1234567
44486
1234567
44488
1234567
44490
1234567
44492
1234567
44494
1234567
44496
1234567
44498
1234567
44500
1234567
44502
1234567
44504
1234567
44506
1234567
44508
1234567
44510
1234567
44512
1234567
44514
1234567
44516
1234567
44518
1234567
44520
1234567
44522
1234567
44524
1234567
44526
1234567
44528
1234567
44530
1234567
44532
1234567
44534
1234567
44536
1234567
44538
1234567
44540
1234567
44542
1234567
44544
1234567
44546
1234567
44548
1234567
44550
1234567
44552
1234567
44554
1234567
44556
1234567
44558
1234567
44560
1234567
44562
1234567
44564
1234567
44566
1234567
44568
1234567
44570
1234567
44572
1234567
44574
1234567
44576
1234567
44578
1234567
44580
1234567
44582
1234567
44584
1234567
44586
1234567
44588
1234567
44590
1234567
44592
1234567
44594
1234567
44596
1234567
44598
1234567
44600
1234567
44602
1234567
44604
1234567
44606
1234567
44608
1234567
44610
1234567
44612
1234567
44614
1234567
44616
1234567
44618
1234567
44620
1234567
44622
1234567
44624
1234567
44626
1234567
44628
1234567
44630
1234567
44632
1234567
44634
1234567
44636
1234567
44638
1234567
44640
1234567
44642
1234567
44644
1234567
44646
1234567
44648
1234567
44650
1234567
44652
1234567
44654
1234567
44656
1234567
44658
1234567
44660
1234567
44662
1234567
44664
1234567
44666
1234567
44668
1234567
44670
1234567
44672
1234567
44674
1234567
44676
1234567
44678
1234567
44680
1234567
44682
1234567
44684
1234567
44686
1234567
44688
1234567
44690
1234567
44692
1234567
44694
1234567
44696
1234567
44698
1234567
44700
1234567
44702
1234567
44704
1234567
44706
1234567
44708
1234567
44710
1234567
44712
1234567
44714
1234567
44716
1234567
44718
1234567
44720
1234567
44722
1234567
44724
1234567
44726
1234567
44728
1234567
44730
1234567
44732
1234567
44734
1234567
44736
1234567
44738
1234567
44740
1234567
44742
1234567
44744
1234567
44746
1234567
44748
1234567
44750
1234567
44752
1234567
44754
1234567
44756
1234567
44758
1234567
44760
1234567
44762
1234567
44764
1234567
44766
1234567
44768
1234567
44770
1234567
44772
1234567
44774
1234567
44776
1234567
44778
1234567
44780
1234567
44782
1234567
44784
1234567
44786
1234567
44788
1234567
44790
1234567
44792
1234567
44794
1234567
44796
1234567
44798
1234567
44800
1234567
44802
1234567
44804
1234567
44806
1234567
44808
1234567
44810
1234567
44812
1234567
44814
1234567
44816
1234567
44818
1234567
44820
1234567
44822
1234567
44824
1234567
44826
1234567
44828
1234567
44830
1234567
44832
1234567
44834
1234567
44836
1234567
44838
1234567
44840
1234567
44842
1234567
44844
1234567
44846
1234567
44848
1234567
44850
1234567
44852
1234567
44854
1234567
44856
1234567
44858
1234567
44860
1234567
44862
1234567
44864
1234567
44866
1234567
44868
1234567
44870
1234567
44872
1234567
44874
1234567
44876
1234567
44878
1234567
44880
1234567
44882
1234567
44884
1234567
44886
1234567
44888
1234567
44890
1234567
44892
1234567
44894
1234567
44896
1234567
44898
1234567
44900
1234567
44902
1234567
44904
1234567
44906
1234567
44908
1234567
44910
1234567
44912
1234567
44914
1234567
44916
1234567
44918
1234567
44920
1234567
44922
1234567
44924
1234567
44926
1234567
44928
1234567
44930
1234567
44932
1234567
44934
1234567
44936
1234567
44938
1234567
44940
1234567
44942
1234567
44944
1234567
44946
1234567
44948
1234567
44950
1234567
44952
1234567
44954
1234567
44956
1234567
44958
1234567
44960
1234567
44962
1234567
44964
1234567
44966
1234567
44968
1234567
44970
1234567
44972
1234567
44974
1234567
44976
1234567
44978
1234567
44980
1234567
44982
1234567
44984
1234567
44986
1234567
44988
1234567
44990
1234567
44992
1234567
44994
1234567
44996
1234567
44998
1234567
45000
1234567
45002
1234567
45004
1234567
45006
1234567
45008
1234567
45010
1234567
45012
1234567
45014
1234567
45016
1234567
45018
1234567
45020
1234567
45022
1234567
45024
1234567
45026
1234567
45028
1234567
45030
1234567
45032
1234567
45034
1234567
45036
1234567
45038
1234567
45040
1234567
45042
1234567
45044
1234567
45046
1234567
45048
1234567
45050
1234567
45052
1234567
45054
1234567
45056
1234567
45058
1234567
45060
1234567
45062
1234567
45064
1234567
45066
1234567
45068
1234567
45070
1234567
45072
1234567
45074
1234567
45076
1234567
45078
1234567
45080
1234567
45082
1234567
45084
1234567
45086
1234567
45088
1234567
45090
1234567
45092
1234567
45094
1234567
45096
1234567
45098
1234567
45100
1234567
45102
1234567
45104
1234567
45106
1234567
45108
1234567
45110
1234567
45112
1234567
45114
1234567
45116
1234567
45118
1234567
45120
1234567
45122
1234567
45124
1234567
45126
1234567
45128
1234567
45130
1234567
45132
1234567
45134
1234567
45136
1234567
45138
1234567
45140
1234567
45142
1234567
45144
1234567
45146
1234567
45148
1234567
45150
1234567
45152
1234567
45154
1234567
45156
1234567
45158
1234567
45160
1234567
45162
1234567
45164
1234567
45166
1234567
45168
1234567
45170
1234567
45172
1234567
45174
1234567
45176
1234567
45178
1234567
45180
1234567
45182
1234567
45184
1234567
45186
1234567
45188
1234567
45190
1234567
45192
1234567
45194
1234567
45196
1234567
45198
1234567
45200
1234567
45202
1234567
45204
1234567
45206
1234567
45208
1234567
45210
1234567
45212
1234567
45214
1234567
45216
1234567
45218
1234567
45220
1234567
45222
1234567
45224
1234567
45226
1234567
45228
1234567
45230
1234567
45232
1234567
45234
1234567
45236
1234567
45238
1234567
45240
1234567
45242
1234567
45244
1234567
45246
1234567
45248
1234567
45250
1234567
45252
1234567
45254
1234567
45256
1234567
45258
1234567
45260
1234567
45262
1234567
45264
1234567
45266
1234567
45268
1234567
45270
1234567
45272
1234567
45274
1234567
45276
1234567
45278
1234567
45280
1234567
45282
1234567
45284
1234567
45286
1234567
45288
1234567
45290
1234567
45292
1234567
45294
1234567
45296
1234567
45298
1234567
45300
1234567
45302
1234567
45304
1234567
45306
1234567
45308
1234567
45310
1234567
45312
1234567
45314
1234567
45316
1234567
45318
1234567
45320
1234567
45322
1234567
45324
1234567
45326
1234567
45328
1234567
45330
1234567
45332
1234567
45334
1234567
45336
1234567
45338
1234567
45340
1234567
45342
1234567
45344
1234567
45346
1234567
45348
1234567
45350
1234567
45352
1234567
45354
1234567
45356
1234567
45358
1234567
45360
1234567
45362
1234567
45364
1234567
45366
1234567
45368
1234567
45370
1234567
45372
1234567
45374
1234567
45376
1234567
45378
1234567
45380
1234567
45382
1234567
45384
1234567
45386
1234567
45388
1234567
45390
1234567
45392
1234567
45394
1234567
45396
1234567
45398
1234567
45400
1234567
45402
1234567
45404
1234567
45406
1234567
45408
1234567
45410
1234567
45412
1234567
45414
1234567
45416
1234567
45418
1234567
45420
1234567
45422
1234567
45424
1234567
45426
1234567
45428
1234567
45430
1234567
45432
1234567
45434
1234567
45436
1234567
45438
1234567
45440
1234567
45442
1234567
45444
1234567
45446
1234567
45448
1234567
45450
1234567
45452
1234567
45454
1234567
45456
1234567
45458
1234567
45460
1234567
45462
1234567
45464
1234567
45466
1234567
45468
1234567
45470
1234567
45472
1234567
45474
1234567
45476
1234567
45478
1234567
45480
1234567
45482
1234567
45484
1234567
45486
1234567
45488
1234567
45490
1234567
45492
1234567
45494
1234567
45496
1234567
45498
1234567
45500
1234567
45502
1234567
45504
1234567
45506
1234567
45508
1234567
45510
1234567
45512
1234567
45514
1234567
45516
1234567
45518
1234567
45520
1234567
45522
1234567
45524
1234567
45526
1234567
45528
1234567
45530
1234567
45532
1234567
45534
1234567
45536
1234567
45538
1234567
45540
1234567
45542
1234567
45544
1234567
45546
1234567
45548
1234567
45550
1234567
45552
1234567
45554
1234567
45556
1234567
45558
1234567
45560
1234567
45562
1234567
45564
1234567
45566
1234567
45568
1234567
45570
1234567
45572
1234567
45574
1234567
45576
1234567
45578
1234567
45580
1234567
45582
1234567
45584
1234567
45586
1234567
45588
1234567
45590
1234567
45592
1234567
45594
1234567
45596
1234567
45598
1234567
45600
1234567
45602
1234567
45604
1234567
45606
1234567
45608
1234567
45610
1234567
45612
1234567
45614
1234567
45616
1234567
45618
1234567
45620
1234567
45622
1234567
45624
1234567
45626
1234567
45628
1234567
45630
1234567
45632
1234567
45634
1234567
45636
1234567
45638
1234567
45640
1234567
45642
1234567
45644
1234567
45646
1234567
45648
1234567
45650
1234567
45652
1234567
45654
1234567
45656
1234567
45658
1234567
45660
1234567
45662
1234567
45664
1234567
45666
1234567
45668
1234567
45670
1234567
45672
1234567
45674
1234567
45676
1234567
45678
1234567
45680
1234567
45682
1234567
45684
1234567
45686
1234567
45688
1234567
45690
1234567
45692
1234567
45694
1234567
45696
1234567
45698
1234567
45700
1234567
45702
1234567
45704
1234567
45706
1234567
45708
1234567
45710
1234567
45712
1234567
45714
1234567
45716
1234567
45718
1234567
45720
1234567
45722
1234567
45724
1234567
45726
1234567
45728
1234567
45730
1234567
45732
1234567
45734
1234567
45736
1234567
45738
1234567
45740
1234567
45742
1234567
45744
1234567
45746
1234567
45748
1234567
45750
1234567
45752
1234567
45754
1234567
45756
1234567
45758
1234567
45760
1234567
45762
1234567
45764
1234567
45766
1234567
45768
1234567
45770
1234567
45772
1234567
45774
1234567
45776
1234567
45778
1234567
45780
1234567
45782
1234567
45784
1234567
45786
1234567
45788
1234567
45790
1234567
45792
1234567
45794
1234567
45796
1234567
45798
1234567
45800
1234567
45802
1234567
45804
1234567
45806
1234567
45808
1234567
45810
1234567
45812
1234567
45814
1234567
45816
1234567
45818
1234567
45820
1234567
45822
1234567
45824
1234567
45826
1234567
45828
1234567
45830
1234567
45832
1234567
45834
1234567
45836
1234567
45838
1234567
45840
1234567
45842
1234567
45844
1234567
45846
1234567
45848
1234567
45850
1234567
45852
1234567
45854
1234567
45856
1234567
45858
1234567
45860
1234567
45862
1234567
45864
1234567
45866
1234567
45868
1234567
45870
1234567
45872
1234567
45874
1234567
45876
1234567
45878
1234567
45880
1234567
45882
1234567
45884
1234567
45886
1234567
45888
1234567
45890
1234567
45892
1234567
45894
1234567
45896
1234567
45898
1234567
45900
1234567
45902
1234567
45904
1234567
45906
1234567
45908
1234567
45910
1234567
45912
1234567
45914
1234567
45916
1234567
45918
1234567
45920
1234567
45922
1234567
45924
1234567
45926
1234567
45928
1234567
45930
1234567
45932
1234567
45934
1234567
45936
1234567
45938
1234567
45940
1234567
45942
1234567
45944
1234567
45946
1234567
45948
1234567
45950
1234567
45952
1234567
45954
1234567
45956
1234567
45958
1234567
45960
1234567
45962
1234567
45964
1234567
45966
1234567
45968
1234567
45970
1234567
45972
1234567
45974
1234567
45976
1234567
45978
1234567
45980
1234567
45982
1234567
45984
1234567
45986
1234567
45988
1234567
45990
1234567
45992
1234567
45994
1234567
45996
1234567
45998
1234567
46000
1234567
46002
1234567
46004
1234567
46006
1234567
46008
1234567
46010
1234567
46012
1234567
46014
1234567
46016
1234567
46018
1234567
46020
1234567
46022
1234567
46024
1234567
46026
1234567
46028
1234567
46030
1234567
46032
1234567
46034
1234567
46036
1234567
46038
1234567
46040
1234567
46042
1234567
46044
1234567
46046
1234567
46048
1234567
46050
1234567
46052
1234567
46054
1234567
46056
1234567
46058
1234567
46060
1234567
46062
1234567
46064
1234567
46066
1234567
46068
1234567
46070
1234567
46072
1234567
46074
1234567
46076
1234567
46078
1234567
46080
1234567
46082
1234567
46084
1234567
46086
1234567
46088
1234567
46090
1234567
46092
1234567
46094
1234567
46096
1234567
46098
1234567
46100
1234567
46102
1234567
46104
1234567
46106
1234567
46108
1234567
46110
1234567
46112
1234567
46114
1234567
46116
1234567
46118
1234567
46120
1234567
46122
1234567
46124
1234567
46126
1234567
46128
1234567
46130
1234567
46132
1234567
46134
1234567
46136
1234567
46138
1234567
46140
1234567
46142
1234567
46144
1234567
46146
1234567
46148
1234567
46150
1234567
46152
1234567
46154
1234567
46156
1234567
46158
1234567
46160
1234567
46162
1234567
46164
1234567
46166
1234567
46168
1234567
46170
1234567
46172
1234567
46174
1234567
46176
1234567
46178
1234567
46180
1234567
46182
1234567
46184
1234567
46186
1234567
46188
1234567
46190
1234567
46192
1234567
46194
1234567
46196
1234567
46198
1234567
46200
1234567
46202
1234567
46204
1234567
46206
1234567
46208
1234567
46210
1234567
46212
1234567
46214
1234567
46216
1234567
46218
1234567
46220
1234567
46222
1234567
46224
1234567
46226
1234567
46228
1234567
46230
1234567
46232
1234567
46234
1234567
46236
1234567
46238
1234567
46240
1234567
46242
1234567
46244
1234567
46246
1234567
46248
1234567
46250
1234567
46252
1234567
46254
1234567
46256
1234567
46258
1234567
46260
1234567
46262
1234567
46264
1234567
46266
1234567
46268
1234567
46270
1234567
46272
1234567
46274
1234567
46276
1234567
46278
1234567
46280
1234567
46282
1234567
46284
1234567
46286
1234567
46288
1234567
46290
1234567
46292
1234567
46294
1234567
46296
1234567
46298
1234567
46300
1234567
46302
1234567
46304
1234567
46306
1234567
46308
1234567
46310
1234567
46312
1234567
46314
1234567
46316
1234567
46318
1234567
46320
1234567
46322
1234567
46324
1234567
46326
1234567
46328
1234567
46330
1234567
46332
1234567
46334
1234567
46336
1234567
46338
1234567
46340
1234567
46342
1234567
46344
1234567
46346
1234567
46348
1234567
46350
1234567
46352
1234567
46354
1234567
46356
1234567
46358
1234567
46360
1234567
46362
1234567
46364
1234567
46366
1234567
46368
1234567
46370
1234567
46372
1234567
46374
1234567
46376
1234567
46378
1234567
46380
1234567
46382
1234567
46384
1234567
46386
1234567
46388
1234567
46390
1234567
46392
1234567
46394
1234567
46396
1234567
46398
1234567
46400
1234567
46402
1234567
46404
1234567
46406
1234567
46408
1234567
46410
1234567
46412
1234567
46414
1234567
46416
1234567
46418
1234567
46420
1234567
46422
1234567
46424
1234567
46426
1234567
46428
1234567
46430
1234567
46432
1234567
46434
1234567
46436
1234567
46438
1234567
46440
1234567
46442
1234567
46444
1234567
46446
1234567
46448
1234567
46450
1234567
46452
1234567
46454
1234567
46456
1234567
46458
1234567
46460
1234567
46462
1234567
46464
1234567
46466
1234567
46468
1234567
46470
1234567
46472
1234567
46474
1234567
46476
1234567
46478
1234567
46480
1234567
46482
1234567
46484
1234567
46486
1234567
46488
1234567
46490
1234567
46492
1234567
46494
1234567
46496
1234567
46498
1234567
46500
1234567
46502
1234567
46504
1234567
46506
1234567
46508
1234567
46510
1234567
46512
1234567
46514
1234567
46516
1234567
46518
1234567
46520
1234567
46522
1234567
46524
1234567
46526
1234567
46528
1234567
46530
1234567
46532
1234567
46534
1234567
46536
1234567
46538
1234567
46540
1234567
46542
1234567
46544
1234567
46546
1234567
46548
1234567
46550
1234567
46552
1234567
46554
1234567
46556
1234567
46558
1234567
46560
1234567
46562
1234567
46564
1234567
46566
1234567
46568
1234567
46570
1234567
46572
1234567
46574
1234567
46576
1234567
46578
1234567
46580
1234567
46582
1234567
46584
1234567
46586
1234567
46588
1234567
46590
1234567
46592
1234567
46594
1234567
46596
1234567
46598
1234567
46600
1234567
46602
1234567
46604
1234567
46606
1234567
46608
1234567
46610
1234567
46612
1234567
46614
1234567
46616
1234567
46618
1234567
46620
1234567
46622
1234567
46624
1234567
46626
1234567
46628
1234567
46630
1234567
46632
1234567
46634
1234567
46636
1234567
46638
1234567
46640
1234567
46642
1234567
46644
1234567
46646
1234567
46648
1234567
46650
1234567
46652
1234567
46654
1234567
46656
1234567
46658
1234567
46660
1234567
46662
1234567
46664
1234567
46666
1234567
46668
1234567
46670
1234567
46672
1234567
46674
1234567
46676
1234567
46678
1234567
46680
1234567
46682
1234567
46684
1234567
46686
1234567
46688
1234567
46690
1234567
46692
1234567
46694
1234567
46696
1234567
46698
1234567
46700
1234567
46702
1234567
46704
1234567
46706
1234567
46708
1234567
46710
1234567
46712
1234567
46714
1234567
46716
1234567
46718
1234567
46720
1234567
46722
1234567
46724
1234567
46726
1234567
46728
1234567
46730
1234567
46732
1234567
46734
1234567
46736
1234567
46738
1234567
46740
1234567
46742
1234567
46744
1234567
46746
1234567
46748
1234567
46750
1234567
46752
1234567
46754
1234567
46756
1234567
46758
1234567
46760
1234567
46762
1234567
46764
1234567
46766
1234567
46768
1234567
46770
1234567
46772
1234567
46774
1234567
46776
1234567
46778
1234567
46780
1234567
46782
1234567
46784
1234567
46786
1234567
46788
1234567
46790
1234567
46792
1234567
46794
1234567
46796
1234567
46798
1234567
46800
1234567
46802
1234567
46804
1234567
46806
1234567
46808
1234567
46810
1234567
46812
1234567
46814
1234567
46816
1234567
46818
1234567
46820
1234567
46822
1234567
46824
1234567
46826
1234567
46828
1234567
46830
1234567
46832
1234567
46834
1234567
46836
1234567
46838
1234567
46840
1234567
46842
1234567
46844
1234567
46846
1234567
46848
1234567
46850
1234567
46852
1234567
46854
1234567
46856
1234567
46858
1234567
46860
1234567
46862
1234567
46864
1234567
46866
1234567
46868
1234567
46870
1234567
46872
1234567
46874
1234567
46876
1234567
46878
1234567
46880
1234567
46882
1234567
46884
1234567
46886
1234567
46888
1234567
46890
1234567
46892
1234567
46894
1234567
46896
1234567
46898
1234567
46900
1234567
46902
1234567
46904
1234567
46906
1234567
46908
1234567
46910
1234567
46912
1234567
46914
1234567
46916
1234567
46918
1234567
46920
1234567
46922
1234567
46924
1234567
46926
1234567
46928
1234567
46930
1234567
46932
1234567
46934
1234567
46936
1234567
46938
1234567
46940
1234567
46942
1234567
46944
1234567
46946
1234567
46948
1234567
46950
1234567
46952
1234567
46954
1234567
46956
1234567
46958
1234567
46960
1234567
46962
1234567
46964
1234567
46966
1234567
46968
1234567
46970
1234567
46972
1234567
46974
1234567
46976
1234567
46978
1234567
46980
1234567
46982
1234567
46984
1234567
46986
1234567
46988
1234567
46990
1234567
46992
1234567
46994
1234567
46996
1234567
46998
1234567
47000
1234567
47002
1234567
47004
1234567
47006
1234567
47008
1234567
47010
1234567
47012
1234567
47014
1234567
47016
1234567
47018
1234567
47020
1234567
47022
1234567
47024
1234567
47026
1234567
47028
1234567
47030
1234567
47032
1234567
47034
1234567
47036
1234567
47038
1234567
47040
1234567
47042
1234567
47044
1234567
47046
1234567
47048
1234567
47050
1234567
47052
1234567
47054
1234567
47056
1234567
47058
1234567
47060
1234567
47062
1234567
47064
1234567
47066
1234567
47068
1234567
47070
1234567
47072
1234567
47074
1234567
47076
1234567
47078
1234567
47080
1234567
47082
1234567
47084
1234567
47086
1234567
47088
1234567
47090
1234567
47092
1234567
47094
1234567
47096
1234567
47098
1234567
47100
1234567
47102
1234567
47104
1234567
47106
1234567
47108
1234567
47110
1234567
47112
1234567
47114
1234567
47116
1234567
47118
1234567
47120
1234567
47122
1234567
47124
1234567
47126
1234567
47128
1234567
47130
1234567
47132
1234567
47134
1234567
47136
1234567
47138
1234567
47140
1234567
47142
1234567
47144
1234567
47146
1234567
47148
1234567
47150
1234567
47152
1234567
47154
1234567
47156
1234567
47158
1234567
47160
1234567
47162
1234567
47164
1234567
47166
1234567
47168
1234567
47170
1234567
47172
1234567
47174
1234567
47176
1234567
47178
1234567
47180
1234567
47182
1234567
47184
1234567
47186
1234567
47188
1234567
47190
1234567
47192
1234567
47194
1234567
47196
1234567
47198
1234567
47200
1234567
47202
1234567
47204
1234567
47206
1234567
47208
1234567
47210
1234567
47212
1234567
47214
1234567
47216
1234567
47218
1234567
47220
1234567
47222
1234567
47224
1234567
47226
1234567
47228
1234567
47230
1234567
47232
1234567
47234
1234567
47236
1234567
47238
1234567
47240
1234567
47242
1234567
47244
1234567
47246
1234567
47248
1234567
47250
1234567
47252
1234567
47254
1234567
47256
1234567
47258
1234567
47260
1234567
47262
1234567
47264
1234567
47266
1234567
47268
1234567
47270
1234567
47272
1234567
47274
1234567
47276
1234567
47278
1234567
47280
1234567
47282
1234567
47284
1234567
47286
1234567
47288
1234567
47290
1234567
47292
1234567
47294
1234567
47296
1234567
47298
1234567
47300
1234567
47302
1234567
47304
1234567
47306
1234567
47308
1234567
47310
1234567
47312
1234567
47314
1234567
47316
1234567
47318
1234567
47320
1234567
47322
1234567
47324
1234567
47326
1234567
47328
1234567
47330
1234567
47332
1234567
47334
1234567
47336
1234567
47338
1234567
47340
1234567
47342
1234567
47344
1234567
47346
1234567
47348
1234567
47350
1234567
47352
1234567
47354
1234567
47356
1234567
47358
1234567
47360
1234567
47362
1234567
47364
1234567
47366
1234567
47368
1234567
47370
1234567
47372
1234567
47374
1234567
47376
1234567
47378
1234567
47380
1234567
47382
1234567
47384
1234567
47386
1234567
47388
1234567
47390
1234567
47392
1234567
47394
1234567
47396
1234567
47398
1234567
47400
1234567
47402
1234567
47404
1234567
47406
1234567
47408
1234567
47410
1234567
47412
1234567
47414
1234567
47416
1234567
47418
1234567
47420
1234567
47422
1234567
47424
1234567
47426
1234567
47428
1234567
47430
1234567
47432
1234567
47434
1234567
47436
1234567
47438
1234567
47440
1234567
47442
1234567
47444
1234567
47446
1234567
47448
1234567
47450
1234567
47452
1234567
47454
1234567
47456
1234567
47458
1234567
47460
1234567
47462
1234567
47464
1234567
47466
1234567
47468
1234567
47470
1234567
47472
1234567
47474
1234567
47476
1234567
47478
1234567
47480
1234567
47482
1234567
47484
1234567
47486
1234567
47488
1234567
47490
1234567
47492
1234567
47494
1234567
47496
1234567
47498
1234567
47500
1234567
47502
1234567
47504
1234567
47506
1234567
47508
1234567
47510
1234567
47512
1234567
47514
1234567
47516
1234567
47518
1234567
47520
1234567
47522
1234567
47524
1234567
47526
1234567
47528
1234567
47530
1234567
47532
1234567
47534
1234567
47536
1234567
47538
1234567
47540
1234567
47542
1234567
47544
1234567
47546
1234567
47548
1234567
47550
1234567
47552
1234567
47554
1234567
47556
1234567
47558
1234567
47560
1234567
47562
1234567
47564
1234567
47566
1234567
47568
1234567
47570
1234567
47572
1234567
47574
1234567
47576
1234567
47578
1234567
47580
1234567
47582
1234567
47584
1234567
47586
1234567
47588
1234567
47590
1234567
47592
1234567
47594
1234567
47596
1234567
47598
1234567
47600
1234567
47602
1234567
47604
1234567
47606
1234567
47608
1234567
47610
1234567
47612
1234567
47614
1234567
47616
1234567
47618
1234567
47620
1234567
47622
1234567
47624
1234567
47626
1234567
47628
1234567
47630
1234567
47632
1234567
47634
1234567
47636
1234567
47638
1234567
47640
1234567
47642
1234567
47644
1234567
47646
1234567
47648
1234567
47650
1234567
47652
1234567
47654
1234567
47656
1234567
47658
1234567
47660
1234567
47662
1234567
47664
1234567
47666
1234567
47668
1234567
47670
1234567
47672
1234567
47674
1234567
47676
1234567
47678
1234567
47680
1234567
47682
1234567
47684
1234567
47686
1234567
47688
1234567
47690
1234567
47692
1234567
47694
1234567
47696
1234567
47698
1234567
47700
1234567
47702
1234567
47704
1234567
47706
1234567
47708
1234567
47710
1234567
47712
1234567
47714
1234567
47716
1234567
47718
1234567
47720
1234567
47722
1234567
47724
1234567
47726
1234567
47728
1234567
47730
1234567
47732
1234567
47734
1234567
47736
1234567
47738
1234567
47740
1234567
47742
1234567
47744
1234567
47746
1234567
47748
1234567
47750
1234567
47752
1234567
47754
1234567
47756
1234567
47758
1234567
47760
1234567
47762
1234567
47764
1234567
47766
1234567
47768
1234567
47770
1234567
47772
1234567
47774
1234567
47776
1234567
47778
1234567
47780
1234567
47782
1234567
47784
1234567
47786
1234567
47788
1234567
47790
1234567
47792
1234567
47794
1234567
47796
1234567
47798
1234567
47800
1234567
47802
1234567
47804
1234567
47806
1234567
47808
1234567
47810
1234567
47812
1234567
47814
1234567
47816
1234567
47818
1234567
47820
1234567
47822
1234567
47824
1234567
47826
1234567
47828
1234567
47830
1234567
47832
1234567
47834
1234567
47836
1234567
47838
1234567
47840
1234567
47842
1234567
47844
1234567
47846
1234567
47848
1234567
47850
1234567
47852
1234567
47854
1234567
47856
1234567
47858
1234567
47860
1234567
47862
1234567
47864
1234567
47866
1234567
47868
1234567
47870
1234567
47872
1234567
47874
1234567
47876
1234567
47878
1234567
47880
1234567
47882
1234567
47884
1234567
47886
1234567
47888
1234567
47890
1234567
47892
1234567
47894
1234567
47896
1234567
47898
1234567
47900
1234567
47902
1234567
47904
1234567
47906
1234567
47908
1234567
47910
1234567
47912
1234567
47914
1234567
47916
1234567
47918
1234567
47920
1234567
47922
1234567
47924
1234567
47926
1234567
47928
1234567
47930
1234567
47932
1234567
47934
1234567
47936
1234567
47938
1234567
47940
1234567
47942
1234567
47944
1234567
47946
1234567
47948
1234567
47950
1234567
47952
1234567
47954
1234567
47956
1234567
47958
1234567
47960
1234567
47962
1234567
47964
1234567
47966
1234567
47968
1234567
47970
1234567
47972
1234567
47974
1234567
47976
1234567
47978
1234567
47980
1234567
47982
1234567
47984
1234567
47986
1234567
47988
1234567
47990
1234567
47992
1234567
47994
1234567
47996
1234567
47998
1234567
48000
1234567
48002
1234567
48004
1234567
48006
1234567
48008
1234567
48010
1234567
48012
1234567
48014
1234567
48016
1234567
48018
1234567
48020
1234567
48022
1234567
48024
1234567
48026
1234567
48028
1234567
48030
1234567
48032
1234567
48034
1234567
48036
1234567
48038
1234567
48040
1234567
48042
1234567
48044
1234567
48046
1234567
48048
1234567
48050
1234567
48052
1234567
48054
1234567
48056
1234567
48058
1234567
48060
1234567
48062
1234567
48064
1234567
48066
1234567
48068
1234567
48070
1234567
48072
1234567
48074
1234567
48076
1234567
48078
1234567
48080
1234567
48082
1234567
48084
1234567
48086
1234567
48088
1234567
48090
1234567
48092
1234567
48094
1234567
48096
1234567
48098
1234567
48100
1234567
48102
1234567
48104
1234567
48106
1234567
48108
1234567
48110
1234567
48112
1234567
48114
1234567
48116
1234567
48118
1234567
48120
1234567
48122
1234567
48124
1234567
48126
1234567
48128
1234567
48130
1234567
48132
1234567
48134
1234567
48136
1234567
48138
1234567
48140
1234567
48142
1234567
48144
1234567
48146
1234567
48148
1234567
48150
1234567
48152
1234567
48154
1234567
48156
1234567
48158
1234567
48160
1234567
48162
1234567
48164
1234567
48166
1234567
48168
1234567
48170
1234567
48172
1234567
48174
1234567
48176
1234567
48178
1234567
48180
1234567
48182
1234567
48184
1234567
48186
1234567
48188
1234567
48190
1234567
48192
1234567
48194
1234567
48196
1234567
48198
1234567
48200
1234567
48202
1234567
48204
1234567
48206
1234567
48208
1234567
48210
1234567
48212
1234567
48214
1234567
48216
1234567
48218
1234567
48220
1234567
48222
1234567
48224
1234567
48226
1234567
48228
1234567
48230
1234567
48232
1234567
48234
1234567
48236
1234567
48238
1234567
48240
1234567
48242
1234567
48244
1234567
48246
1234567
48248
1234567
48250
1234567
48252
1234567
48254
1234567
48256
1234567
48258
1234567
48260
1234567
48262
1234567
48264
1234567
48266
1234567
48268
1234567
48270
1234567
48272
1234567
48274
1234567
48276
1234567
48278
1234567
48280
1234567
48282
1234567
48284
1234567
48286
1234567
48288
1234567
48290
1234567
48292
1234567
48294
1234567
48296
1234567
48298
1234567
48300
1234567
48302
1234567
48304
1234567
48306
1234567
48308
1234567
48310
1234567
48312
1234567
48314
1234567
48316
1234567
48318
1234567
48320
1234567
48322
1234567
48324
1234567
48326
1234567
48328
1234567
48330
1234567
48332
1234567
48334
1234567
48336
1234567
48338
1234567
48340
1234567
48342
1234567
48344
1234567
48346
1234567
48348
1234567
48350
1234567
48352
1234567
48354
1234567
48356
1234567
48358
1234567
48360
1234567
48362
1234567
48364
1234567
48366
1234567
48368
1234567
48370
1234567
48372
1234567
48374
1234567
48376
1234567
48378
1234567
48380
1234567
48382
1234567
48384
1234567
48386
1234567
48388
1234567
48390
1234567
48392
1234567
48394
1234567
48396
1234567
48398
1234567
48400
1234567
48402
1234567
48404
1234567
48406
1234567
48408
1234567
48410
1234567
48412
1234567
48414
1234567
48416
1234567
48418
1234567
48420
1234567
48422
1234567
48424
1234567
48426
1234567
48428
1234567
48430
1234567
48432
1234567
48434
1234567
48436
1234567
48438
1234567
48440
1234567
48442
1234567
48444
1234567
48446
1234567
48448
1234567
48450
1234567
48452
1234567
48454
1234567
48456
1234567
48458
1234567
48460
1234567
48462
1234567
48464
1234567
48466
1234567
48468
1234567
48470
1234567
48472
1234567
48474
1234567
48476
1234567
48478
1234567
48480
1234567
48482
1234567
48484
1234567
48486
1234567
48488
1234567
48490
1234567
48492
1234567
48494
1234567
48496
1234567
48498
1234567
48500
1234567
48502
1234567
48504
1234567
48506
1234567
48508
1234567
48510
1234567
48512
1234567
48514
1234567
48516
1234567
48518
1234567
48520
1234567
48522
1234567
48524
1234567
48526
1234567
48528
1234567
48530
1234567
48532
1234567
48534
1234567
48536
1234567
48538
1234567
48540
1234567
48542
1234567
48544
1234567
48546
1234567
48548
1234567
48550
1234567
48552
1234567
48554
1234567
48556
1234567
48558
1234567
48560
1234567
48562
1234567
48564
1234567
48566
1234567
48568
1234567
48570
1234567
48572
1234567
48574
1234567
48576
1234567
48578
1234567
48580
1234567
48582
1234567
48584
1234567
48586
1234567
48588
1234567
48590
1234567
48592
1234567
48594
1234567
48596
1234567
48598
1234567
48600
1234567
48602
1234567
48604
1234567
48606
1234567
48608
1234567
48610
1234567
48612
1234567
48614
1234567
48616
1234567
48618
1234567
48620
1234567
48622
1234567
48624
1234567
48626
1234567
48628
1234567
48630
1234567
48632
1234567
48634
1234567
48636
1234567
48638
1234567
48640
1234567
48642
1234567
48644
1234567
48646
1234567
48648
1234567
48650
1234567
48652
1234567
48654
1234567
48656
1234567
48658
1234567
48660
1234567
48662
1234567
48664
1234567
48666
1234567
48668
1234567
48670
1234567
48672
1234567
48674
1234567
48676
1234567
48678
1234567
48680
1234567
48682
1234567
48684
1234567
48686
1234567
48688
1234567
48690
1234567
48692
1234567
48694
1234567
48696
1234567
48698
1234567
48700
1234567
48702
1234567
48704
1234567
48706
1234567
48708
1234567
48710
1234567
48712
1234567
48714
1234567
48716
1234567
48718
1234567
48720
1234567
48722
1234567
48724
1234567
48726
1234567
48728
1234567
48730
1234567
48732
1234567
48734
1234567
48736
1234567
48738
1234567
48740
1234567
48742
1234567
48744
1234567
48746
1234567
48748
1234567
48750
1234567
48752
1234567
48754
1234567
48756
1234567
48758
1234567
48760
1234567
48762
1234567
48764
1234567
48766
1234567
48768
1234567
48770
1234567
48772
1234567
48774
1234567
48776
1234567
48778
1234567
48780
1234567
48782
1234567
48784
1234567
48786
1234567
48788
1234567
48790
1234567
48792
1234567
48794
1234567
48796
1234567
48798
1234567
48800
1234567
48802
1234567
48804
1234567
48806
1234567
48808
1234567
48810
1234567
48812
1234567
48814
1234567
48816
1234567
48818
1234567
48820
1234567
48822
1234567
48824
1234567
48826
1234567
48828
1234567
48830
1234567
48832
1234567
48834
1234567
48836
1234567
48838
1234567
48840
1234567
48842
1234567
48844
1234567
48846
1234567
48848
1234567
48850
1234567
48852
1234567
48854
1234567
48856
1234567
48858
1234567
48860
1234567
48862
1234567
48864
1234567
48866
1234567
48868
1234567
48870
1234567
48872
1234567
48874
1234567
48876
1234567
48878
1234567
48880
1234567
48882
1234567
48884
1234567
48886
1234567
48888
1234567
48890
1234567
48892
1234567
48894
1234567
48896
1234567
48898
1234567
48900
1234567
48902
1234567
48904
1234567
48906
1234567
48908
1234567
48910
1234567
48912
1234567
48914
1234567
48916
1234567
48918
1234567
48920
1234567
48922
1234567
48924
1234567
48926
1234567
48928
1234567
48930
1234567
48932
1234567
48934
1234567
48936
1234567
48938
1234567
48940
1234567
48942
1234567
48944
1234567
48946
1234567
48948
1234567
48950
1234567
48952
1234567
48954
1234567
48956
1234567
48958
1234567
48960
1234567
48962
1234567
48964
1234567
48966
1234567
48968
1234567
48970
1234567
48972
1234567
48974
1234567
48976
1234567
48978
1234567
48980
1234567
48982
1234567
48984
1234567
48986
1234567
48988
1234567
48990
1234567
48992
1234567
48994
1234567
48996
1234567
48998
1234567
49000
1234567
49002
1234567
49004
1234567
49006
1234567
49008
1234567
49010
1234567
49012
1234567
49014
1234567
49016
1234567
49018
1234567
49020
1234567
49022
1234567
49024
1234567
49026
1234567
49028
1234567
49030
1234567
49032
1234567
49034
1234567
49036
1234567
49038
1234567
49040
1234567
49042
1234567
49044
1234567
49046
1234567
49048
1234567
49050
1234567
49052
1234567
49054
1234567
49056
1234567
49058
1234567
49060
1234567
49062
1234567
49064
1234567
49066
1234567
49068
1234567
49070
1234567
49072
1234567
49074
1234567
49076
1234567
49078
1234567
49080
1234567
49082
1234567
49084
1234567
49086
1234567
49088
1234567
49090
1234567
49092
1234567
49094
1234567
49096
1234567
49098
1234567
49100
1234567
49102
1234567
49104
1234567
49106
1234567
49108
1234567
49110
1234567
49112
1234567
49114
1234567
49116
1234567
49118
1234567
49120
1234567
49122
1234567
49124
1234567
49126
1234567
49128
1234567
49130
1234567
49132
1234567
49134
1234567
49136
1234567
49138
1234567
49140
1234567
49142
1234567
49144
1234567
49146
1234567
49148
1234567
49150
1234567
49152
1234567
49154
1234567
49156
1234567
49158
1234567
49160
1234567
49162
1234567
49164
1234567
49166
1234567
49168
1234567
49170
1234567
49172
1234567
49174
1234567
49176
1234567
49178
1234567
49180
1234567
49182
1234567
49184
1234567
49186
1234567
49188
1234567
49190
1234567
49192
1234567
49194
1234567
49196
1234567
49198
1234567
49200
1234567
49202
1234567
49204
1234567
49206
1234567
49208
1234567
49210
1234567
49212
1234567
49214
1234567
49216
1234567
49218
1234567
49220
1234567
49222
1234567
49224
1234567
49226
1234567
49228
1234567
49230
1234567
49232
1234567
49234
1234567
49236
1234567
49238
1234567
49240
1234567
49242
1234567
49244
1234567
49246
1234567
49248
1234567
49250
1234567
49252
1234567
49254
1234567
49256
1234567
49258
1234567
49260
1234567
49262
1234567
49264
1234567
49266
1234567
49268
1234567
49270
1234567
49272
1234567
49274
1234567
49276
1234567
49278
1234567
49280
1234567
49282
1234567
49284
1234567
49286
1234567
49288
1234567
49290
1234567
49292
1234567
49294
1234567
49296
1234567
49298
1234567
49300
1234567
49302
1234567
49304
1234567
49306
1234567
49308
1234567
49310
1234567
49312
1234567
49314
1234567
49316
1234567
49318
1234567
49320
1234567
49322
1234567
49324
1234567
49326
1234567
49328
1234567
49330
1234567
49332
1234567
49334
1234567
49336
1234567
49338
1234567
49340
1234567
49342
1234567
49344
1234567
49346
1234567
49348
1234567
49350
1234567
49352
1234567
49354
1234567
49356
1234567
49358
1234567
49360
1234567
49362
1234567
49364
1234567
49366
1234567
49368
1234567
49370
1234567
49372
1234567
49374
1234567
49376
1234567
49378
1234567
49380
1234567
49382
1234567
49384
1234567
49386
1234567
49388
1234567
49390
1234567
49392
1234567
49394
1234567
49396
1234567
49398
1234567
49400
1234567
49402
1234567
49404
1234567
49406
1234567
49408
1234567
49410
1234567
49412
1234567
49414
1234567
49416
1234567
49418
1234567
49420
1234567
49422
1234567
49424
1234567
49426
1234567
49428
1234567
49430
1234567
49432
1234567
49434
1234567
49436
1234567
49438
1234567
49440
1234567
49442
1234567
49444
1234567
49446
1234567
49448
1234567
49450
1234567
49452
1234567
49454
1234567
49456
1234567
49458
1234567
49460
1234567
49462
1234567
49464
1234567
49466
1234567
49468
1234567
49470
1234567
49472
1234567
49474
1234567
49476
1234567
49478
1234567
49480
1234567
49482
1234567
49484
1234567
49486
1234567
49488
1234567
49490
1234567
49492
1234567
49494
1234567
49496
1234567
49498
1234567
49500
1234567
49502
1234567
49504
1234567
49506
1234567
49508
1234567
49510
1234567
49512
1234567
49514
1234567
49516
1234567
49518
1234567
49520
1234567
49522
1234567
49524
1234567
49526
1234567
49528
1234567
49530
1234567
49532
1234567
49534
1234567
49536
1234567
49538
1234567
49540
1234567
49542
1234567
49544
1234567
49546
1234567
49548
1234567
49550
1234567
49552
1234567
49554
1234567
49556
1234567
49558
1234567
49560
1234567
49562
1234567
49564
1234567
49566
1234567
49568
1234567
49570
1234567
49572
1234567
49574
1234567
49576
1234567
49578
1234567
49580
1234567
49582
1234567
49584
1234567
49586
1234567
49588
1234567
49590
1234567
49592
1234567
49594
1234567
49596
1234567
49598
1234567
49600
1234567
49602
1234567
49604
1234567
49606
1234567
49608
1234567
49610
1234567
49612
1234567
49614
1234567
49616
1234567
49618
1234567
49620
1234567
49622
1234567
49624
1234567
49626
1234567
49628
1234567
49630
1234567
49632
1234567
49634
1234567
49636
1234567
49638
1234567
49640
1234567
49642
1234567
49644
1234567
49646
1234567
49648
1234567
49650
1234567
49652
1234567
49654
1234567
49656
1234567
49658
1234567
49660
1234567
49662
1234567
49664
1234567
49666
1234567
49668
1234567
49670
1234567
49672
1234567
49674
1234567
49676
1234567
49678
1234567
49680
1234567
49682
1234567
49684
1234567
49686
1234567
49688
1234567
49690
1234567
49692
1234567
49694
1234567
49696
1234567
49698
1234567
49700
1234567
49702
1234567
49704
1234567
49706
1234567
49708
1234567
49710
1234567
49712
1234567
49714
1234567
49716
1234567
49718
1234567
49720
1234567
49722
1234567
49724
1234567
49726
1234567
49728
1234567
49730
1234567
49732
1234567
49734
1234567
49736
1234567
49738
1234567
49740
1234567
49742
1234567
49744
1234567
49746
1234567
49748
1234567
49750
1234567
49752
1234567
49754
1234567
49756
1234567
49758
1234567
49760
1234567
49762
1234567
49764
1234567
49766
1234567
49768
1234567
49770
1234567
49772
1234567
49774
1234567
49776
1234567
49778
1234567
49780
1234567
49782
1234567
49784
1234567
49786
1234567
49788
1234567
49790
1234567
49792
1234567
49794
1234567
49796
1234567
49798
1234567
49800
1234567
49802
1234567
49804
1234567
49806
1234567
49808
1234567
49810
1234567
49812
1234567
49814
1234567
49816
1234567
49818
1234567
49820
1234567
49822
1234567
49824
1234567
49826
1234567
49828
1234567
49830
1234567
49832
1234567
49834
1234567
49836
1234567
49838
1234567
49840
1234567
49842
1234567
49844
1234567
49846
1234567
49848
1234567
49850
1234567
49852
1234567
49854
1234567
49856
1234567
49858
1234567
49860
1234567
49862
1234567
49864
1234567
49866
1234567
49868
1234567
49870
1234567
49872
1234567
49874
1234567
49876
1234567
49878
1234567
49880
1234567
49882
1234567
49884
1234567
49886
1234567
49888
1234567
49890
1234567
49892
1234567
49894
1234567
49896
1234567
49898
1234567
49900
1234567
49902
1234567
49904
1234567
49906
1234567
49908
1234567
49910
1234567
49912
1234567
49914
1234567
49916
1234567
49918
1234567
49920
1234567
49922
1234567
49924
1234567
49926
1234567
49928
1234567
49930
1234567
49932
1234567
49934
1234567
49936
1234567
49938
1234567
49940
1234567
49942
1234567
49944
1234567
49946
1234567
49948
1234567
49950
1234567
49952
1234567
49954
1234567
49956
1234567
49958
1234567
49960
1234567
49962
1234567
49964
1234567
49966
1234567
49968
1234567
49970
1234567
49972
1234567
49974
1234567
49976
1234567
49978
1234567
49980
1234567
49982
1234567
49984
1234567
49986
1234567
49988
1234567
49990
1234567
49992
1234567
49994
1234567
49996
1234567
49998
1234567
50000
1234567
50002
1234567
50004
1234567
50006
1234567
50008
1234567
50010
1234567
50012
1234567
50014
1234567
50016
1234567
50018
1234567
50020
1234567
50022
1234567
50024
1234567
50026
1234567
50028
1234567
50030
1234567
50032
1234567
50034
1234567
50036
1234567
50038
1234567
50040
1234567
50042
1234567
50044
1234567
50046
1234567
50048
1234567
50050
1234567
50052
1234567
50054
1234567
50056
1234567
50058
1234567
50060
1234567
50062
1234567
50064
1234567
50066
1234567
50068
1234567
50070
1234567
50072
1234567
50074
1234567
50076
1234567
50078
1234567
50080
1234567
50082
1234567
50084
1234567
50086
1234567
50088
1234567
50090
1234567
50092
1234567
50094
1234567
50096
1234567
50098
1234567
50100
1234567
50102
1234567
50104
1234567
50106
1234567
50108
1234567
50110
1234567
50112
1234567
50114
1234567
50116
1234567
50118
1234567
50120
1234567
50122
1234567
50124
1234567
50126
1234567
50128
1234567
50130
1234567
50132
1234567
50134
1234567
50136
1234567
50138
1234567
50140
1234567
50142
1234567
50144
1234567
50146
1234567
50148
1234567
50150
1234567
50152
1234567
50154
1234567
50156
1234567
50158
1234567
50160
1234567
50162
1234567
50164
1234567
50166
1234567
50168
1234567
50170
1234567
50172
1234567
50174
1234567
50176
1234567
50178
1234567
50180
1234567
50182
1234567
50184
1234567
50186
1234567
50188
1234567
50190
1234567
50192
1234567
50194
1234567
50196
1234567
50198
1234567
50200
1234567
50202
1234567
50204
1234567
50206
1234567
50208
1234567
50210
1234567
50212
1234567
50214
1234567
50216
1234567
50218
1234567
50220
1234567
50222
1234567
50224
1234567
50226
1234567
50228
1234567
50230
1234567
50232
1234567
50234
1234567
50236
1234567
50238
1234567
50240
1234567
50242
1234567
50244
1234567
50246
1234567
50248
1234567
50250
1234567
50252
1234567
50254
1234567
50256
1234567
50258
1234567
50260
1234567
50262
1234567
50264
1234567
50266
1234567
50268
1234567
50270
1234567
50272
1234567
50274
1234567
50276
1234567
50278
1234567
50280
1234567
50282
1234567
50284
1234567
50286
1234567
50288
1234567
50290
1234567
50292
1234567
50294
1234567
50296
1234567
50298
1234567
50300
1234567
50302
1234567
50304
1234567
50306
1234567
50308
1234567
50310
1234567
50312
1234567
50314
1234567
50316
1234567
50318
1234567
50320
1234567
50322
1234567
50324
1234567
50326
1234567
50328
1234567
50330
1234567
50332
1234567
50334
1234567
50336
1234567
50338
1234567
50340
1234567
50342
1234567
50344
1234567
50346
1234567
50348
1234567
50350
1234567
50352
1234567
50354
1234567
50356
1234567
50358
1234567
50360
1234567
50362
1234567
50364
1234567
50366
1234567
50368
1234567
50370
1234567
50372
1234567
50374
1234567
50376
1234567
50378
1234567
50380
1234567
50382
1234567
50384
1234567
50386
1234567
50388
1234567
50390
1234567
50392
1234567
50394
1234567
50396
1234567
50398
1234567
50400
1234567
50402
1234567
50404
1234567
50406
1234567
50408
1234567
50410
1234567
50412
1234567
50414
1234567
50416
1234567
50418
1234567
50420
1234567
50422
1234567
50424
1234567
50426
1234567
50428
1234567
50430
1234567
50432
1234567
50434
1234567
50436
1234567
50438
1234567
50440
1234567
50442
1234567
50444
1234567
50446
1234567
50448
1234567
50450
1234567
50452
1234567
50454
1234567
50456
1234567
50458
1234567
50460
1234567
50462
1234567
50464
1234567
50466
1234567
50468
1234567
50470
1234567
50472
1234567
50474
1234567
50476
1234567
50478
1234567
50480
1234567
50482
1234567
50484
1234567
50486
1234567
50488
1234567
50490
1234567
50492
1234567
50494
1234567
50496
1234567
50498
1234567
50500
1234567
50502
1234567
50504
1234567
50506
1234567
50508
1234567
50510
1234567
50512
1234567
50514
1234567
50516
1234567
50518
1234567
50520
1234567
50522
1234567
50524
1234567
50526
1234567
50528
1234567
50530
1234567
50532
1234567
50534
1234567
50536
1234567
50538
1234567
50540
1234567
50542
1234567
50544
1234567
50546
1234567
50548
1234567
50550
1234567
50552
1234567
50554
1234567
50556
1234567
50558
1234567
50560
1234567
50562
1234567
50564
1234567
50566
1234567
50568
1234567
50570
1234567
50572
1234567
50574
1234567
50576
1234567
50578
1234567
50580
1234567
50582
1234567
50584
1234567
50586
1234567
50588
1234567
50590
1234567
50592
1234567
50594
1234567
50596
1234567
50598
1234567
50600
1234567
50602
1234567
50604
1234567
50606
1234567
50608
1234567
50610
1234567
50612
1234567
50614
1234567
50616
1234567
50618
1234567
50620
1234567
50622
1234567
50624
1234567
50626
1234567
50628
1234567
50630
1234567
50632
1234567
50634
1234567
50636
1234567
50638
1234567
50640
1234567
50642
1234567
50644
1234567
50646
1234567
50648
1234567
50650
1234567
50652
1234567
50654
1234567
50656
1234567
50658
1234567
50660
1234567
50662
1234567
50664
1234567
50666
1234567
50668
1234567
50670
1234567
50672
1234567
50674
1234567
50676
1234567
50678
1234567
50680
1234567
50682
1234567
50684
1234567
50686
1234567
50688
1234567
50690
1234567
50692
1234567
50694
1234567
50696
1234567
50698
1234567
50700
1234567
50702
1234567
50704
1234567
50706
1234567
50708
1234567
50710
1234567
50712
1234567
50714
1234567
50716
1234567
50718
1234567
50720
1234567
50722
1234567
50724
1234567
50726
1234567
50728
1234567
50730
1234567
50732
1234567
50734
1234567
50736
1234567
50738
1234567
50740
1234567
50742
1234567
50744
1234567
50746
1234567
50748
1234567
50750
1234567
50752
1234567
50754
1234567
50756
1234567
50758
1234567
50760
1234567
50762
1234567
50764
1234567
50766
1234567
50768
1234567
50770
1234567
50772
1234567
50774
1234567
50776
1234567
50778
1234567
50780
1234567
50782
1234567
50784
1234567
50786
1234567
50788
1234567
50790
1234567
50792
1234567
50794
1234567
50796
1234567
50798
1234567
50800
1234567
50802
1234567
50804
1234567
50806
1234567
50808
1234567
50810
1234567
50812
1234567
50814
1234567
50816
1234567
50818
1234567
50820
1234567
50822
1234567
50824
1234567
50826
1234567
50828
1234567
50830
1234567
50832
1234567
50834
1234567
50836
1234567
50838
1234567
50840
1234567
50842
1234567
50844
1234567
50846
1234567
50848
1234567
50850
1234567
50852
1234567
50854
1234567
50856
1234567
50858
1234567
50860
1234567
50862
1234567
50864
1234567
50866
1234567
50868
1234567
50870
1234567
50872
1234567
50874
1234567
50876
1234567
50878
1234567
50880
1234567
50882
1234567
50884
1234567
50886
1234567
50888
1234567
50890
1234567
50892
1234567
50894
1234567
50896
1234567
50898
1234567
50900
1234567
50902
1234567
50904
1234567
50906
1234567
50908
1234567
50910
1234567
50912
1234567
50914
1234567
50916
1234567
50918
1234567
50920
1234567
50922
1234567
50924
1234567
50926
1234567
50928
1234567
50930
1234567
50932
1234567
50934
1234567
50936
1234567
50938
1234567
50940
1234567
50942
1234567
50944
1234567
50946
1234567
50948
1234567
50950
1234567
50952
1234567
50954
1234567
50956
1234567
50958
1234567
50960
1234567
50962
1234567
50964
1234567
50966
1234567
50968
1234567
50970
1234567
50972
1234567
50974
1234567
50976
1234567
50978
1234567
50980
1234567
50982
1234567
50984
1234567
50986
1234567
50988
1234567
50990
1234567
50992
1234567
50994
1234567
50996
1234567
50998
1234567
51000
1234567
51002
1234567
51004
1234567
51006
1234567
51008
1234567
51010
1234567
51012
1234567
51014
1234567
51016
1234567
51018
1234567
51020
1234567
51022
1234567
51024
1234567
51026
1234567
51028
1234567
51030
1234567
51032
1234567
51034
1234567
51036
1234567
51038
1234567
51040
1234567
51042
1234567
51044
1234567
51046
1234567
51048
1234567
51050
1234567
51052
1234567
51054
1234567
51056
1234567
51058
1234567
51060
1234567
51062
1234567
51064
1234567
51066
1234567
51068
1234567
51070
1234567
51072
1234567
51074
1234567
51076
1234567
51078
1234567
51080
1234567
51082
1234567
51084
1234567
51086
1234567
51088
1234567
51090
1234567
51092
1234567
51094
1234567
51096
1234567
51098
1234567
51100
1234567
51102
1234567
51104
1234567
51106
1234567
51108
1234567
51110
1234567
51112
1234567
51114
1234567
51116
1234567
51118
1234567
51120
1234567
51122
1234567
51124
1234567
51126
1234567
51128
1234567
51130
1234567
51132
1234567
51134
1234567
51136
1234567
51138
1234567
51140
1234567
51142
1234567
51144
1234567
51146
1234567
51148
1234567
51150
1234567
51152
1234567
51154
1234567
51156
1234567
51158
1234567
51160
1234567
51162
1234567
51164
1234567
51166
1234567
51168
1234567
51170
1234567
51172
1234567
51174
1234567
51176
1234567
51178
1234567
51180
1234567
51182
1234567
51184
1234567
51186
1234567
51188
1234567
51190
1234567
51192
1234567
51194
1234567
51196
1234567
51198
1234567
51200
1234567
51202
1234567
51204
1234567
51206
1234567
51208
1234567
51210
1234567
51212
1234567
51214
1234567
51216
1234567
51218
1234567
51220
1234567
51222
1234567
51224
1234567
51226
1234567
51228
1234567
51230
1234567
51232
1234567
51234
1234567
51236
1234567
51238
1234567
51240
1234567
51242
1234567
51244
1234567
51246
1234567
51248
1234567
51250
1234567
51252
1234567
51254
1234567
51256
1234567
51258
1234567
51260
1234567
51262
1234567
51264
1234567
51266
1234567
51268
1234567
51270
1234567
51272
1234567
51274
1234567
51276
1234567
51278
1234567
51280
1234567
51282
1234567
51284
1234567
51286
1234567
51288
1234567
51290
1234567
51292
1234567
51294
1234567
51296
1234567
51298
1234567
51300
1234567
51302
1234567
51304
1234567
51306
1234567
51308
1234567
51310
1234567
51312
1234567
51314
1234567
51316
1234567
51318
1234567
51320
1234567
51322
1234567
51324
1234567
51326
1234567
51328
1234567
51330
1234567
51332
1234567
51334
1234567
51336
1234567
51338
1234567
51340
1234567
51342
1234567
51344
1234567
51346
1234567
51348
1234567
51350
1234567
51352
1234567
51354
1234567
51356
1234567
51358
1234567
51360
1234567
51362
1234567
51364
1234567
51366
1234567
51368
1234567
51370
1234567
51372
1234567
51374
1234567
51376
1234567
51378
1234567
51380
1234567
51382
1234567
51384
1234567
51386
1234567
51388
1234567
51390
1234567
51392
1234567
51394
1234567
51396
1234567
51398
1234567
51400
1234567
51402
1234567
51404
1234567
51406
1234567
51408
1234567
51410
1234567
51412
1234567
51414
1234567
51416
1234567
51418
1234567
51420
1234567
51422
1234567
51424
1234567
51426
1234567
51428
1234567
51430
1234567
51432
1234567
51434
1234567
51436
1234567
51438
1234567
51440
1234567
51442
1234567
51444
1234567
51446
1234567
51448
1234567
51450
1234567
51452
1234567
51454
1234567
51456
1234567
51458
1234567
51460
1234567
51462
1234567
51464
1234567
51466
1234567
51468
1234567
51470
1234567
51472
1234567
51474
1234567
51476
1234567
51478
1234567
51480
1234567
51482
1234567
51484
1234567
51486
1234567
51488
1234567
51490
1234567
51492
1234567
51494
1234567
51496
1234567
51498
1234567
51500
1234567
51502
1234567
51504
1234567
51506
1234567
51508
1234567
51510
1234567
51512
1234567
51514
1234567
51516
1234567
51518
1234567
51520
1234567
51522
1234567
51524
1234567
51526
1234567
51528
1234567
51530
1234567
51532
1234567
51534
1234567
51536
1234567
51538
1234567
51540
1234567
51542
1234567
51544
1234567
51546
1234567
51548
1234567
51550
1234567
51552
1234567
51554
1234567
51556
1234567
51558
1234567
51560
1234567
51562
1234567
51564
1234567
51566
1234567
51568
1234567
51570
1234567
51572
1234567
51574
1234567
51576
1234567
51578
1234567
51580
1234567
51582
1234567
51584
1234567
51586
1234567
51588
1234567
51590
1234567
51592
1234567
51594
1234567
51596
1234567
51598
1234567
51600
1234567
51602
1234567
51604
1234567
51606
1234567
51608
1234567
51610
1234567
51612
1234567
51614
1234567
51616
1234567
51618
1234567
51620
1234567
51622
1234567
51624
1234567
51626
1234567
51628
1234567
51630
1234567
51632
1234567
51634
1234567
51636
1234567
51638
1234567
51640
1234567
51642
1234567
51644
1234567
51646
1234567
51648
1234567
51650
1234567
51652
1234567
51654
1234567
51656
1234567
51658
1234567
51660
1234567
51662
1234567
51664
1234567
51666
1234567
51668
1234567
51670
1234567
51672
1234567
51674
1234567
51676
1234567
51678
1234567
51680
1234567
51682
1234567
51684
1234567
51686
1234567
51688
1234567
51690
1234567
51692
1234567
51694
1234567
51696
1234567
51698
1234567
51700
1234567
51702
1234567
51704
1234567
51706
1234567
51708
1234567
51710
1234567
51712
1234567
51714
1234567
51716
1234567
51718
1234567
51720
1234567
51722
1234567
51724
1234567
51726
1234567
51728
1234567
51730
1234567
51732
1234567
51734
1234567
51736
1234567
51738
1234567
51740
1234567
51742
1234567
51744
1234567
51746
1234567
51748
1234567
51750
1234567
51752
1234567
51754
1234567
51756
1234567
51758
1234567
51760
1234567
51762
1234567
51764
1234567
51766
1234567
51768
1234567
51770
1234567
51772
1234567
51774
1234567
51776
1234567
51778
1234567
51780
1234567
51782
1234567
51784
1234567
51786
1234567
51788
1234567
51790
1234567
51792
1234567
51794
1234567
51796
1234567
51798
1234567
51800
1234567
51802
1234567
51804
1234567
51806
1234567
51808
1234567
51810
1234567
51812
1234567
51814
1234567
51816
1234567
51818
1234567
51820
1234567
51822
1234567
51824
1234567
51826
1234567
51828
1234567
51830
1234567
51832
1234567
51834
1234567
51836
1234567
51838
1234567
51840
1234567
51842
1234567
51844
1234567
51846
1234567
51848
1234567
51850
1234567
51852
1234567
51854
1234567
51856
1234567
51858
1234567
51860
1234567
51862
1234567
51864
1234567
51866
1234567
51868
1234567
51870
1234567
51872
1234567
51874
1234567
51876
1234567
51878
1234567
51880
1234567
51882
1234567
51884
1234567
51886
1234567
51888
1234567
51890
1234567
51892
1234567
51894
1234567
51896
1234567
51898
1234567
51900
1234567
51902
1234567
51904
1234567
51906
1234567
51908
1234567
51910
1234567
51912
1234567
51914
1234567
51916
1234567
51918
1234567
51920
1234567
51922
1234567
51924
1234567
51926
1234567
51928
1234567
51930
1234567
51932
1234567
51934
1234567
51936
1234567
51938
1234567
51940
1234567
51942
1234567
51944
1234567
51946
1234567
51948
1234567
51950
1234567
51952
1234567
51954
1234567
51956
1234567
51958
1234567
51960
1234567
51962
1234567
51964
1234567
51966
1234567
51968
1234567
51970
1234567
51972
1234567
51974
1234567
51976
1234567
51978
1234567
51980
1234567
51982
1234567
51984
1234567
51986
1234567
51988
1234567
51990
1234567
51992
1234567
51994
1234567
51996
1234567
51998
1234567
52000
1234567
52002
1234567
52004
1234567
52006
1234567
52008
1234567
52010
1234567
52012
1234567
52014
1234567
52016
1234567
52018
1234567
52020
1234567
52022
1234567
52024
1234567
52026
1234567
52028
1234567
52030
1234567
52032
1234567
52034
1234567
52036
1234567
52038
1234567
52040
1234567
52042
1234567
52044
1234567
52046
1234567
52048
1234567
52050
1234567
52052
1234567
52054
1234567
52056
1234567
52058
1234567
52060
1234567
52062
1234567
52064
1234567
52066
1234567
52068
1234567
52070
1234567
52072
1234567
52074
1234567
52076
1234567
52078
1234567
52080
1234567
52082
1234567
52084
1234567
52086
1234567
52088
1234567
52090
1234567
52092
1234567
52094
1234567
52096
1234567
52098
1234567
52100
1234567
52102
1234567
52104
1234567
52106
1234567
52108
1234567
52110
1234567
52112
1234567
52114
1234567
52116
1234567
52118
1234567
52120
1234567
52122
1234567
52124
1234567
52126
1234567
52128
1234567
52130
1234567
52132
1234567
52134
1234567
52136
1234567
52138
1234567
52140
1234567
52142
1234567
52144
1234567
52146
1234567
52148
1234567
52150
1234567
52152
1234567
52154
1234567
52156
1234567
52158
1234567
52160
1234567
52162
1234567
52164
1234567
52166
1234567
52168
1234567
52170
1234567
52172
1234567
52174
1234567
52176
1234567
52178
1234567
52180
1234567
52182
1234567
52184
1234567
52186
1234567
52188
1234567
52190
1234567
52192
1234567
52194
1234567
52196
1234567
52198
1234567
52200
1234567
52202
1234567
52204
1234567
52206
1234567
52208
1234567
52210
1234567
52212
1234567
52214
1234567
52216
1234567
52218
1234567
52220
1234567
52222
1234567
52224
1234567
52226
1234567
52228
1234567
52230
1234567
52232
1234567
52234
1234567
52236
1234567
52238
1234567
52240
1234567
52242
1234567
52244
1234567
52246
1234567
52248
1234567
52250
1234567
52252
1234567
52254
1234567
52256
1234567
52258
1234567
52260
1234567
52262
1234567
52264
1234567
52266
1234567
52268
1234567
52270
1234567
52272
1234567
52274
1234567
52276
1234567
52278
1234567
52280
1234567
52282
1234567
52284
1234567
52286
1234567
52288
1234567
52290
1234567
52292
1234567
52294
1234567
52296
1234567
52298
1234567
52300
1234567
52302
1234567
52304
1234567
52306
1234567
52308
1234567
52310
1234567
52312
1234567
52314
1234567
52316
1234567
52318
1234567
52320
1234567
52322
1234567
52324
1234567
52326
1234567
52328
1234567
52330
1234567
52332
1234567
52334
1234567
52336
1234567
52338
1234567
52340
1234567
52342
1234567
52344
1234567
52346
1234567
52348
1234567
52350
1234567
52352
1234567
52354
1234567
52356
1234567
52358
1234567
52360
1234567
52362
1234567
52364
1234567
52366
1234567
52368
1234567
52370
1234567
52372
1234567
52374
1234567
52376
1234567
52378
1234567
52380
1234567
52382
1234567
52384
1234567
52386
1234567
52388
1234567
52390
1234567
52392
1234567
52394
1234567
52396
1234567
52398
1234567
52400
1234567
52402
1234567
52404
1234567
52406
1234567
52408
1234567
52410
1234567
52412
1234567
52414
1234567
52416
1234567
52418
1234567
52420
1234567
52422
1234567
52424
1234567
52426
1234567
52428
1234567
52430
1234567
52432
1234567
52434
1234567
52436
1234567
52438
1234567
52440
1234567
52442
1234567
52444
1234567
52446
1234567
52448
1234567
52450
1234567
52452
1234567
52454
1234567
52456
1234567
52458
1234567
52460
1234567
52462
1234567
52464
1234567
52466
1234567
52468
1234567
52470
1234567
52472
1234567
52474
1234567
52476
1234567
52478
1234567
52480
1234567
52482
1234567
52484
1234567
52486
1234567
52488
1234567
52490
1234567
52492
1234567
52494
1234567
52496
1234567
52498
1234567
52500
1234567
52502
1234567
52504
1234567
52506
1234567
52508
1234567
52510
1234567
52512
1234567
52514
1234567
52516
1234567
52518
1234567
52520
1234567
52522
1234567
52524
1234567
52526
1234567
52528
1234567
52530
1234567
52532
1234567
52534
1234567
52536
1234567
52538
1234567
52540
1234567
52542
1234567
52544
1234567
52546
1234567
52548
1234567
52550
1234567
52552
1234567
52554
1234567
52556
1234567
52558
1234567
52560
1234567
52562
1234567
52564
1234567
52566
1234567
52568
1234567
52570
1234567
52572
1234567
52574
1234567
52576
1234567
52578
1234567
52580
1234567
52582
1234567
52584
1234567
52586
1234567
52588
1234567
52590
1234567
52592
1234567
52594
1234567
52596
1234567
52598
1234567
52600
1234567
52602
1234567
52604
1234567
52606
1234567
52608
1234567
52610
1234567
52612
1234567
52614
1234567
52616
1234567
52618
1234567
52620
1234567
52622
1234567
52624
1234567
52626
1234567
52628
1234567
52630
1234567
52632
1234567
52634
1234567
52636
1234567
52638
1234567
52640
1234567
52642
1234567
52644
1234567
52646
1234567
52648
1234567
52650
1234567
52652
1234567
52654
1234567
52656
1234567
52658
1234567
52660
1234567
52662
1234567
52664
1234567
52666
1234567
52668
1234567
52670
1234567
52672
1234567
52674
1234567
52676
1234567
52678
1234567
52680
1234567
52682
1234567
52684
1234567
52686
1234567
52688
1234567
52690
1234567
52692
1234567
52694
1234567
52696
1234567
52698
1234567
52700
1234567
52702
1234567
52704
1234567
52706
1234567
52708
1234567
52710
1234567
52712
1234567
52714
1234567
52716
1234567
52718
1234567
52720
1234567
52722
1234567
52724
1234567
52726
1234567
52728
1234567
52730
1234567
52732
1234567
52734
1234567
52736
1234567
52738
1234567
52740
1234567
52742
1234567
52744
1234567
52746
1234567
52748
1234567
52750
1234567
52752
1234567
52754
1234567
52756
1234567
52758
1234567
52760
1234567
52762
1234567
52764
1234567
52766
1234567
52768
1234567
52770
1234567
52772
1234567
52774
1234567
52776
1234567
52778
1234567
52780
1234567
52782
1234567
52784
1234567
52786
1234567
52788
1234567
52790
1234567
52792
1234567
52794
1234567
52796
1234567
52798
1234567
52800
1234567
52802
1234567
52804
1234567
52806
1234567
52808
1234567
52810
1234567
52812
1234567
52814
1234567
52816
1234567
52818
1234567
52820
1234567
52822
1234567
52824
1234567
52826
1234567
52828
1234567
52830
1234567
52832
1234567
52834
1234567
52836
1234567
52838
1234567
52840
1234567
52842
1234567
52844
1234567
52846
1234567
52848
1234567
52850
1234567
52852
1234567
52854
1234567
52856
1234567
52858
1234567
52860
1234567
52862
1234567
52864
1234567
52866
1234567
52868
1234567
52870
1234567
52872
1234567
52874
1234567
52876
1234567
52878
1234567
52880
1234567
52882
1234567
52884
1234567
52886
1234567
52888
1234567
52890
1234567
52892
1234567
52894
1234567
52896
1234567
52898
1234567
52900
1234567
52902
1234567
52904
1234567
52906
1234567
52908
1234567
52910
1234567
52912
1234567
52914
1234567
52916
1234567
52918
1234567
52920
1234567
52922
1234567
52924
1234567
52926
1234567
52928
1234567
52930
1234567
52932
1234567
52934
1234567
52936
1234567
52938
1234567
52940
1234567
52942
1234567
52944
1234567
52946
1234567
52948
1234567
52950
1234567
52952
1234567
52954
1234567
52956
1234567
52958
1234567
52960
1234567
52962
1234567
52964
1234567
52966
1234567
52968
1234567
52970
1234567
52972
1234567
52974
1234567
52976
1234567
52978
1234567
52980
1234567
52982
1234567
52984
1234567
52986
1234567
52988
1234567
52990
1234567
52992
1234567
52994
1234567
52996
1234567
52998
1234567
53000
1234567
53002
1234567
53004
1234567
53006
1234567
53008
1234567
53010
1234567
53012
1234567
53014
1234567
53016
1234567
53018
1234567
53020
1234567
53022
1234567
53024
1234567
53026
1234567
53028
1234567
53030
1234567
53032
1234567
53034
1234567
53036
1234567
53038
1234567
53040
1234567
53042
1234567
53044
1234567
53046
1234567
53048
1234567
53050
1234567
53052
1234567
53054
1234567
53056
1234567
53058
1234567
53060
1234567
53062
1234567
53064
1234567
53066
1234567
53068
1234567
53070
1234567
53072
1234567
53074
1234567
53076
1234567
53078
1234567
53080
1234567
53082
1234567
53084
1234567
53086
1234567
53088
1234567
53090
1234567
53092
1234567
53094
1234567
53096
1234567
53098
1234567
53100
1234567
53102
1234567
53104
1234567
53106
1234567
53108
1234567
53110
1234567
53112
1234567
53114
1234567
53116
1234567
53118
1234567
53120
1234567
53122
1234567
53124
1234567
53126
1234567
53128
1234567
53130
1234567
53132
1234567
53134
1234567
53136
1234567
53138
1234567
53140
1234567
53142
1234567
53144
1234567
53146
1234567
53148
1234567
53150
1234567
53152
1234567
53154
1234567
53156
1234567
53158
1234567
53160
1234567
53162
1234567
53164
1234567
53166
1234567
53168
1234567
53170
1234567
53172
1234567
53174
1234567
53176
1234567
53178
1234567
53180
1234567
53182
1234567
53184
1234567
53186
1234567
53188
1234567
53190
1234567
53192
1234567
53194
1234567
53196
1234567
53198
1234567
53200
1234567
53202
1234567
53204
1234567
53206
1234567
53208
1234567
53210
1234567
53212
1234567
53214
1234567
53216
1234567
53218
1234567
53220
1234567
53222
1234567
53224
1234567
53226
1234567
53228
1234567
53230
1234567
53232
1234567
53234
1234567
53236
1234567
53238
1234567
53240
1234567
53242
1234567
53244
1234567
53246
1234567
53248
1234567
53250
1234567
53252
1234567
53254
1234567
53256
1234567
53258
1234567
53260
1234567
53262
1234567
53264
1234567
53266
1234567
53268
1234567
53270
1234567
53272
1234567
53274
1234567
53276
1234567
53278
1234567
53280
1234567
53282
1234567
53284
1234567
53286
1234567
53288
1234567
53290
1234567
53292
1234567
53294
1234567
53296
1234567
53298
1234567
53300
1234567
53302
1234567
53304
1234567
53306
1234567
53308
1234567
53310
1234567
53312
1234567
53314
1234567
53316
1234567
53318
1234567
53320
1234567
53322
1234567
53324
1234567
53326
1234567
53328
1234567
53330
1234567
53332
1234567
53334
1234567
53336
1234567
53338
1234567
53340
1234567
53342
1234567
53344
1234567
53346
1234567
53348
1234567
53350
1234567
53352
1234567
53354
1234567
53356
1234567
53358
1234567
53360
1234567
53362
1234567
53364
1234567
53366
1234567
53368
1234567
53370
1234567
53372
1234567
53374
1234567
53376
1234567
53378
1234567
53380
1234567
53382
1234567
53384
1234567
53386
1234567
53388
1234567
53390
1234567
53392
1234567
53394
1234567
53396
1234567
53398
1234567
53400
1234567
53402
1234567
53404
1234567
53406
1234567
53408
1234567
53410
1234567
53412
1234567
53414
1234567
53416
1234567
53418
1234567
53420
1234567
53422
1234567
53424
1234567
53426
1234567
53428
1234567
53430
1234567
53432
1234567
53434
1234567
53436
1234567
53438
1234567
53440
1234567
53442
1234567
53444
1234567
53446
1234567
53448
1234567
53450
1234567
53452
1234567
53454
1234567
53456
1234567
53458
1234567
53460
1234567
53462
1234567
53464
1234567
53466
1234567
53468
1234567
53470
1234567
53472
1234567
53474
1234567
53476
1234567
53478
1234567
53480
1234567
53482
1234567
53484
1234567
53486
1234567
53488
1234567
53490
1234567
53492
1234567
53494
1234567
53496
1234567
53498
1234567
53500
1234567
53502
1234567
53504
1234567
53506
1234567
53508
1234567
53510
1234567
53512
1234567
53514
1234567
53516
1234567
53518
1234567
53520
1234567
53522
1234567
53524
1234567
53526
1234567
53528
1234567
53530
1234567
53532
1234567
53534
1234567
53536
1234567
53538
1234567
53540
1234567
53542
1234567
53544
1234567
53546
1234567
53548
1234567
53550
1234567
53552
1234567
53554
1234567
53556
1234567
53558
1234567
53560
1234567
53562
1234567
53564
1234567
53566
1234567
53568
1234567
53570
1234567
53572
1234567
53574
1234567
53576
1234567
53578
1234567
53580
1234567
53582
1234567
53584
1234567
53586
1234567
53588
1234567
53590
1234567
53592
1234567
53594
1234567
53596
1234567
53598
1234567
53600
1234567
53602
1234567
53604
1234567
53606
1234567
53608
1234567
53610
1234567
53612
1234567
53614
1234567
53616
1234567
53618
1234567
53620
1234567
53622
1234567
53624
1234567
53626
1234567
53628
1234567
53630
1234567
53632
1234567
53634
1234567
53636
1234567
53638
1234567
53640
1234567
53642
1234567
53644
1234567
53646
1234567
53648
1234567
53650
1234567
53652
1234567
53654
1234567
53656
1234567
53658
1234567
53660
1234567
53662
1234567
53664
1234567
53666
1234567
53668
1234567
53670
1234567
53672
1234567
53674
1234567
53676
1234567
53678
1234567
53680
1234567
53682
1234567
53684
1234567
53686
1234567
53688
1234567
53690
1234567
53692
1234567
53694
1234567
53696
1234567
53698
1234567
53700
1234567
53702
1234567
53704
1234567
53706
1234567
53708
1234567
53710
1234567
53712
1234567
53714
1234567
53716
1234567
53718
1234567
53720
1234567
53722
1234567
53724
1234567
53726
1234567
53728
1234567
53730
1234567
53732
1234567
53734
1234567
53736
1234567
53738
1234567
53740
1234567
53742
1234567
53744
1234567
53746
1234567
53748
1234567
53750
1234567
53752
1234567
53754
1234567
53756
1234567
53758
1234567
53760
1234567
53762
1234567
53764
1234567
53766
1234567
53768
1234567
53770
1234567
53772
1234567
53774
1234567
53776
1234567
53778
1234567
53780
1234567
53782
1234567
53784
1234567
53786
1234567
53788
1234567
53790
1234567
53792
1234567
53794
1234567
53796
1234567
53798
1234567
53800
1234567
53802
1234567
53804
1234567
53806
1234567
53808
1234567
53810
1234567
53812
1234567
53814
1234567
53816
1234567
53818
1234567
53820
1234567
53822
1234567
53824
1234567
53826
1234567
53828
1234567
53830
1234567
53832
1234567
53834
1234567
53836
1234567
53838
1234567
53840
1234567
53842
1234567
53844
1234567
53846
1234567
53848
1234567
53850
1234567
53852
1234567
53854
1234567
53856
1234567
53858
1234567
53860
1234567
53862
1234567
53864
1234567
53866
1234567
53868
1234567
53870
1234567
53872
1234567
53874
1234567
53876
1234567
53878
1234567
53880
1234567
53882
1234567
53884
1234567
53886
1234567
53888
1234567
53890
1234567
53892
1234567
53894
1234567
53896
1234567
53898
1234567
53900
1234567
53902
1234567
53904
1234567
53906
1234567
53908
1234567
53910
1234567
53912
1234567
53914
1234567
53916
1234567
53918
1234567
53920
1234567
53922
1234567
53924
1234567
53926
1234567
53928
1234567
53930
1234567
53932
1234567
53934
1234567
53936
1234567
53938
1234567
53940
1234567
53942
1234567
53944
1234567
53946
1234567
53948
1234567
53950
1234567
53952
1234567
53954
1234567
53956
1234567
53958
1234567
53960
1234567
53962
1234567
53964
1234567
53966
1234567
53968
1234567
53970
1234567
53972
1234567
53974
1234567
53976
1234567
53978
1234567
53980
1234567
53982
1234567
53984
1234567
53986
1234567
53988
1234567
53990
1234567
53992
1234567
53994
1234567
53996
1234567
53998
1234567
54000
1234567
54002
1234567
54004
1234567
54006
1234567
54008
1234567
54010
1234567
54012
1234567
54014
1234567
54016
1234567
54018
1234567
54020
1234567
54022
1234567
54024
1234567
54026
1234567
54028
1234567
54030
1234567
54032
1234567
54034
1234567
54036
1234567
54038
1234567
54040
1234567
54042
1234567
54044
1234567
54046
1234567
54048
1234567
54050
1234567
54052
1234567
54054
1234567
54056
1234567
54058
1234567
54060
1234567
54062
1234567
54064
1234567
54066
1234567
54068
1234567
54070
1234567
54072
1234567
54074
1234567
54076
1234567
54078
1234567
54080
1234567
54082
1234567
54084
1234567
54086
1234567
54088
1234567
54090
1234567
54092
1234567
54094
1234567
54096
1234567
54098
1234567
54100
1234567
54102
1234567
54104
1234567
54106
1234567
54108
1234567
54110
1234567
54112
1234567
54114
1234567
54116
1234567
54118
1234567
54120
1234567
54122
1234567
54124
1234567
54126
1234567
54128
1234567
54130
1234567
54132
1234567
54134
1234567
54136
1234567
54138
1234567
54140
1234567
54142
1234567
54144
1234567
54146
1234567
54148
1234567
54150
1234567
54152
1234567
54154
1234567
54156
1234567
54158
1234567
54160
1234567
54162
1234567
54164
1234567
54166
1234567
54168
1234567
54170
1234567
54172
1234567
54174
1234567
54176
1234567
54178
1234567
54180
1234567
54182
1234567
54184
1234567
54186
1234567
54188
1234567
54190
1234567
54192
1234567
54194
1234567
54196
1234567
54198
1234567
54200
1234567
54202
1234567
54204
1234567
54206
1234567
54208
1234567
54210
1234567
54212
1234567
54214
1234567
54216
1234567
54218
1234567
54220
1234567
54222
1234567
54224
1234567
54226
1234567
54228
1234567
54230
1234567
54232
1234567
54234
1234567
54236
1234567
54238
1234567
54240
1234567
54242
1234567
54244
1234567
54246
1234567
54248
1234567
54250
1234567
54252
1234567
54254
1234567
54256
1234567
54258
1234567
54260
1234567
54262
1234567
54264
1234567
54266
1234567
54268
1234567
54270
1234567
54272
1234567
54274
1234567
54276
1234567
54278
1234567
54280
1234567
54282
1234567
54284
1234567
54286
1234567
54288
1234567
54290
1234567
54292
1234567
54294
1234567
54296
1234567
54298
1234567
54300
1234567
54302
1234567
54304
1234567
54306
1234567
54308
1234567
54310
1234567
54312
1234567
54314
1234567
54316
1234567
54318
1234567
54320
1234567
54322
1234567
54324
1234567
54326
1234567
54328
1234567
54330
1234567
54332
1234567
54334
1234567
54336
1234567
54338
1234567
54340
1234567
54342
1234567
54344
1234567
54346
1234567
54348
1234567
54350
1234567
54352
1234567
54354
1234567
54356
1234567
54358
1234567
54360
1234567
54362
1234567
54364
1234567
54366
1234567
54368
1234567
54370
1234567
54372
1234567
54374
1234567
54376
1234567
54378
1234567
54380
1234567
54382
1234567
54384
1234567
54386
1234567
54388
1234567
54390
1234567
54392
1234567
54394
1234567
54396
1234567
54398
1234567
54400
1234567
54402
1234567
54404
1234567
54406
1234567
54408
1234567
54410
1234567
54412
1234567
54414
1234567
54416
1234567
54418
1234567
54420
1234567
54422
1234567
54424
1234567
54426
1234567
54428
1234567
54430
1234567
54432
1234567
54434
1234567
54436
1234567
54438
1234567
54440
1234567
54442
1234567
54444
1234567
54446
1234567
54448
1234567
54450
1234567
54452
1234567
54454
1234567
54456
1234567
54458
1234567
54460
1234567
54462
1234567
54464
1234567
54466
1234567
54468
1234567
54470
1234567
54472
1234567
54474
1234567
54476
1234567
54478
1234567
54480
1234567
54482
1234567
54484
1234567
54486
1234567
54488
1234567
54490
1234567
54492
1234567
54494
1234567
54496
1234567
54498
1234567
54500
1234567
54502
1234567
54504
1234567
54506
1234567
54508
1234567
54510
1234567
54512
1234567
54514
1234567
54516
1234567
54518
1234567
54520
1234567
54522
1234567
54524
1234567
54526
1234567
54528
1234567
54530
1234567
54532
1234567
54534
1234567
54536
1234567
54538
1234567
54540
1234567
54542
1234567
54544
1234567
54546
1234567
54548
1234567
54550
1234567
54552
1234567
54554
1234567
54556
1234567
54558
1234567
54560
1234567
54562
1234567
54564
1234567
54566
1234567
54568
1234567
54570
1234567
54572
1234567
54574
1234567
54576
1234567
54578
1234567
54580
1234567
54582
1234567
54584
1234567
54586
1234567
54588
1234567
54590
1234567
54592
1234567
54594
1234567
54596
1234567
54598
1234567
54600
1234567
54602
1234567
54604
1234567
54606
1234567
54608
1234567
54610
1234567
54612
1234567
54614
1234567
54616
1234567
54618
1234567
54620
1234567
54622
1234567
54624
1234567
54626
1234567
54628
1234567
54630
1234567
54632
1234567
54634
1234567
54636
1234567
54638
1234567
54640
1234567
54642
1234567
54644
1234567
54646
1234567
54648
1234567
54650
1234567
54652
1234567
54654
1234567
54656
1234567
54658
1234567
54660
1234567
54662
1234567
54664
1234567
54666
1234567
54668
1234567
54670
1234567
54672
1234567
54674
1234567
54676
1234567
54678
1234567
54680
1234567
54682
1234567
54684
1234567
54686
1234567
54688
1234567
54690
1234567
54692
1234567
54694
1234567
54696
1234567
54698
1234567
54700
1234567
54702
1234567
54704
1234567
54706
1234567
54708
1234567
54710
1234567
54712
1234567
54714
1234567
54716
1234567
54718
1234567
54720
1234567
54722
1234567
54724
1234567
54726
1234567
54728
1234567
54730
1234567
54732
1234567
54734
1234567
54736
1234567
54738
1234567
54740
1234567
54742
1234567
54744
1234567
54746
1234567
54748
1234567
54750
1234567
54752
1234567
54754
1234567
54756
1234567
54758
1234567
54760
1234567
54762
1234567
54764
1234567
54766
1234567
54768
1234567
54770
1234567
54772
1234567
54774
1234567
54776
1234567
54778
1234567
54780
1234567
54782
1234567
54784
1234567
54786
1234567
54788
1234567
54790
1234567
54792
1234567
54794
1234567
54796
1234567
54798
1234567
54800
1234567
54802
1234567
54804
1234567
54806
1234567
54808
1234567
54810
1234567
54812
1234567
54814
1234567
54816
1234567
54818
1234567
54820
1234567
54822
1234567
54824
1234567
54826
1234567
54828
1234567
54830
1234567
54832
1234567
54834
1234567
54836
1234567
54838
1234567
54840
1234567
54842
1234567
54844
1234567
54846
1234567
54848
1234567
54850
1234567
54852
1234567
54854
1234567
54856
1234567
54858
1234567
54860
1234567
54862
1234567
54864
1234567
54866
1234567
54868
1234567
54870
1234567
54872
1234567
54874
1234567
54876
1234567
54878
1234567
54880
1234567
54882
1234567
54884
1234567
54886
1234567
54888
1234567
54890
1234567
54892
1234567
54894
1234567
54896
1234567
54898
1234567
54900
1234567
54902
1234567
54904
1234567
54906
1234567
54908
1234567
54910
1234567
54912
1234567
54914
1234567
54916
1234567
54918
1234567
54920
1234567
54922
1234567
54924
1234567
54926
1234567
54928
1234567
54930
1234567
54932
1234567
54934
1234567
54936
1234567
54938
1234567
54940
1234567
54942
1234567
54944
1234567
54946
1234567
54948
1234567
54950
1234567
54952
1234567
54954
1234567
54956
1234567
54958
1234567
54960
1234567
54962
1234567
54964
1234567
54966
1234567
54968
1234567
54970
1234567
54972
1234567
54974
1234567
54976
1234567
54978
1234567
54980
1234567
54982
1234567
54984
1234567
54986
1234567
54988
1234567
54990
1234567
54992
1234567
54994
1234567
54996
1234567
54998
1234567
55000
1234567
55002
1234567
55004
1234567
55006
1234567
55008
1234567
55010
1234567
55012
1234567
55014
1234567
55016
1234567
55018
1234567
55020
1234567
55022
1234567
55024
1234567
55026
1234567
55028
1234567
55030
1234567
55032
1234567
55034
1234567
55036
1234567
55038
1234567
55040
1234567
55042
1234567
55044
1234567
55046
1234567
55048
1234567
55050
1234567
55052
1234567
55054
1234567
55056
1234567
55058
1234567
55060
1234567
55062
1234567
55064
1234567
55066
1234567
55068
1234567
55070
1234567
55072
1234567
55074
1234567
55076
1234567
55078
1234567
55080
1234567
55082
1234567
55084
1234567
55086
1234567
55088
1234567
55090
1234567
55092
1234567
55094
1234567
55096
1234567
55098
1234567
55100
1234567
55102
1234567
55104
1234567
55106
1234567
55108
1234567
55110
1234567
55112
1234567
55114
1234567
55116
1234567
55118
1234567
55120
1234567
55122
1234567
55124
1234567
55126
1234567
55128
1234567
55130
1234567
55132
1234567
55134
1234567
55136
1234567
55138
1234567
55140
1234567
55142
1234567
55144
1234567
55146
1234567
55148
1234567
55150
1234567
55152
1234567
55154
1234567
55156
1234567
55158
1234567
55160
1234567
55162
1234567
55164
1234567
55166
1234567
55168
1234567
55170
1234567
55172
1234567
55174
1234567
55176
1234567
55178
1234567
55180
1234567
55182
1234567
55184
1234567
55186
1234567
55188
1234567
55190
1234567
55192
1234567
55194
1234567
55196
1234567
55198
1234567
55200
1234567
55202
1234567
55204
1234567
55206
1234567
55208
1234567
55210
1234567
55212
1234567
55214
1234567
55216
1234567
55218
1234567
55220
1234567
55222
1234567
55224
1234567
55226
1234567
55228
1234567
55230
1234567
55232
1234567
55234
1234567
55236
1234567
55238
1234567
55240
1234567
55242
1234567
55244
1234567
55246
1234567
55248
1234567
55250
1234567
55252
1234567
55254
1234567
55256
1234567
55258
1234567
55260
1234567
55262
1234567
55264
1234567
55266
1234567
55268
1234567
55270
1234567
55272
1234567
55274
1234567
55276
1234567
55278
1234567
55280
1234567
55282
1234567
55284
1234567
55286
1234567
55288
1234567
55290
1234567
55292
1234567
55294
1234567
55296
1234567
55298
1234567
55300
1234567
55302
1234567
55304
1234567
55306
1234567
55308
1234567
55310
1234567
55312
1234567
55314
1234567
55316
1234567
55318
1234567
55320
1234567
55322
1234567
55324
1234567
55326
1234567
55328
1234567
55330
1234567
55332
1234567
55334
1234567
55336
1234567
55338
1234567
55340
1234567
55342
1234567
55344
1234567
55346
1234567
55348
1234567
55350
1234567
55352
1234567
55354
1234567
55356
1234567
55358
1234567
55360
1234567
55362
1234567
55364
1234567
55366
1234567
55368
1234567
55370
1234567
55372
1234567
55374
1234567
55376
1234567
55378
1234567
55380
1234567
55382
1234567
55384
1234567
55386
1234567
55388
1234567
55390
1234567
55392
1234567
55394
1234567
55396
1234567
55398
1234567
55400
1234567
55402
1234567
55404
1234567
55406
1234567
55408
1234567
55410
1234567
55412
1234567
55414
1234567
55416
1234567
55418
1234567
55420
1234567
55422
1234567
55424
1234567
55426
1234567
55428
1234567
55430
1234567
55432
1234567
55434
1234567
55436
1234567
55438
1234567
55440
1234567
55442
1234567
55444
1234567
55446
1234567
55448
1234567
55450
1234567
55452
1234567
55454
1234567
55456
1234567
55458
1234567
55460
1234567
55462
1234567
55464
1234567
55466
1234567
55468
1234567
55470
1234567
55472
1234567
55474
1234567
55476
1234567
55478
1234567
55480
1234567
55482
1234567
55484
1234567
55486
1234567
55488
1234567
55490
1234567
55492
1234567
55494
1234567
55496
1234567
55498
1234567
55500
1234567
55502
1234567
55504
1234567
55506
1234567
55508
1234567
55510
1234567
55512
1234567
55514
1234567
55516
1234567
55518
1234567
55520
1234567
55522
1234567
55524
1234567
55526
1234567
55528
1234567
55530
1234567
55532
1234567
55534
1234567
55536
1234567
55538
1234567
55540
1234567
55542
1234567
55544
1234567
55546
1234567
55548
1234567
55550
1234567
55552
1234567
55554
1234567
55556
1234567
55558
1234567
55560
1234567
55562
1234567
55564
1234567
55566
1234567
55568
1234567
55570
1234567
55572
1234567
55574
1234567
55576
1234567
55578
1234567
55580
1234567
55582
1234567
55584
1234567
55586
1234567
55588
1234567
55590
1234567
55592
1234567
55594
1234567
55596
1234567
55598
1234567
55600
1234567
55602
1234567
55604
1234567
55606
1234567
55608
1234567
55610
1234567
55612
1234567
55614
1234567
55616
1234567
55618
1234567
55620
1234567
55622
1234567
55624
1234567
55626
1234567
55628
1234567
55630
1234567
55632
1234567
55634
1234567
55636
1234567
55638
1234567
55640
1234567
55642
1234567
55644
1234567
55646
1234567
55648
1234567
55650
1234567
55652
1234567
55654
1234567
55656
1234567
55658
1234567
55660
1234567
55662
1234567
55664
1234567
55666
1234567
55668
1234567
55670
1234567
55672
1234567
55674
1234567
55676
1234567
55678
1234567
55680
1234567
55682
1234567
55684
1234567
55686
1234567
55688
1234567
55690
1234567
55692
1234567
55694
1234567
55696
1234567
55698
1234567
55700
1234567
55702
1234567
55704
1234567
55706
1234567
55708
1234567
55710
1234567
55712
1234567
55714
1234567
55716
1234567
55718
1234567
55720
1234567
55722
1234567
55724
1234567
55726
1234567
55728
1234567
55730
1234567
55732
1234567
55734
1234567
55736
1234567
55738
1234567
55740
1234567
55742
1234567
55744
1234567
55746
1234567
55748
1234567
55750
1234567
55752
1234567
55754
1234567
55756
1234567
55758
1234567
55760
1234567
55762
1234567
55764
1234567
55766
1234567
55768
1234567
55770
1234567
55772
1234567
55774
1234567
55776
1234567
55778
1234567
55780
1234567
55782
1234567
55784
1234567
55786
1234567
55788
1234567
55790
1234567
55792
1234567
55794
1234567
55796
1234567
55798
1234567
55800
1234567
55802
1234567
55804
1234567
55806
1234567
55808
1234567
55810
1234567
55812
1234567
55814
1234567
55816
1234567
55818
1234567
55820
1234567
55822
1234567
55824
1234567
55826
1234567
55828
1234567
55830
1234567
55832
1234567
55834
1234567
55836
1234567
55838
1234567
55840
1234567
55842
1234567
55844
1234567
55846
1234567
55848
1234567
55850
1234567
55852
1234567
55854
1234567
55856
1234567
55858
1234567
55860
1234567
55862
1234567
55864
1234567
55866
1234567
55868
1234567
55870
1234567
55872
1234567
55874
1234567
55876
1234567
55878
1234567
55880
1234567
55882
1234567
55884
1234567
55886
1234567
55888
1234567
55890
1234567
55892
1234567
55894
1234567
55896
1234567
55898
1234567
55900
1234567
55902
1234567
55904
1234567
55906
1234567
55908
1234567
55910
1234567
55912
1234567
55914
1234567
55916
1234567
55918
1234567
55920
1234567
55922
1234567
55924
1234567
55926
1234567
55928
1234567
55930
1234567
55932
1234567
55934
1234567
55936
1234567
55938
1234567
55940
1234567
55942
1234567
55944
1234567
55946
1234567
55948
1234567
55950
1234567
55952
1234567
55954
1234567
55956
1234567
55958
1234567
55960
1234567
55962
1234567
55964
1234567
55966
1234567
55968
1234567
55970
1234567
55972
1234567
55974
1234567
55976
1234567
55978
1234567
55980
1234567
55982
1234567
55984
1234567
55986
1234567
55988
1234567
55990
1234567
55992
1234567
55994
1234567
55996
1234567
55998
1234567
56000
1234567
56002
1234567
56004
1234567
56006
1234567
56008
1234567
56010
1234567
56012
1234567
56014
1234567
56016
1234567
56018
1234567
56020
1234567
56022
1234567
56024
1234567
56026
1234567
56028
1234567
56030
1234567
56032
1234567
56034
1234567
56036
1234567
56038
1234567
56040
1234567
56042
1234567
56044
1234567
56046
1234567
56048
1234567
56050
1234567
56052
1234567
56054
1234567
56056
1234567
56058
1234567
56060
1234567
56062
1234567
56064
1234567
56066
1234567
56068
1234567
56070
1234567
56072
1234567
56074
1234567
56076
1234567
56078
1234567
56080
1234567
56082
1234567
56084
1234567
56086
1234567
56088
1234567
56090
1234567
56092
1234567
56094
1234567
56096
1234567
56098
1234567
56100
1234567
56102
1234567
56104
1234567
56106
1234567
56108
1234567
56110
1234567
56112
1234567
56114
1234567
56116
1234567
56118
1234567
56120
1234567
56122
1234567
56124
1234567
56126
1234567
56128
1234567
56130
1234567
56132
1234567
56134
1234567
56136
1234567
56138
1234567
56140
1234567
56142
1234567
56144
1234567
56146
1234567
56148
1234567
56150
1234567
56152
1234567
56154
1234567
56156
1234567
56158
1234567
56160
1234567
56162
1234567
56164
1234567
56166
1234567
56168
1234567
56170
1234567
56172
1234567
56174
1234567
56176
1234567
56178
1234567
56180
1234567
56182
1234567
56184
1234567
56186
1234567
56188
1234567
56190
1234567
56192
1234567
56194
1234567
56196
1234567
56198
1234567
56200
1234567
56202
1234567
56204
1234567
56206
1234567
56208
1234567
56210
1234567
56212
1234567
56214
1234567
56216
1234567
56218
1234567
56220
1234567
56222
1234567
56224
1234567
56226
1234567
56228
1234567
56230
1234567
56232
1234567
56234
1234567
56236
1234567
56238
1234567
56240
1234567
56242
1234567
56244
1234567
56246
1234567
56248
1234567
56250
1234567
56252
1234567
56254
1234567
56256
1234567
56258
1234567
56260
1234567
56262
1234567
56264
1234567
56266
1234567
56268
1234567
56270
1234567
56272
1234567
56274
1234567
56276
1234567
56278
1234567
56280
1234567
56282
1234567
56284
1234567
56286
1234567
56288
1234567
56290
1234567
56292
1234567
56294
1234567
56296
1234567
56298
1234567
56300
1234567
56302
1234567
56304
1234567
56306
1234567
56308
1234567
56310
1234567
56312
1234567
56314
1234567
56316
1234567
56318
1234567
56320
1234567
56322
1234567
56324
1234567
56326
1234567
56328
1234567
56330
1234567
56332
1234567
56334
1234567
56336
1234567
56338
1234567
56340
1234567
56342
1234567
56344
1234567
56346
1234567
56348
1234567
56350
1234567
56352
1234567
56354
1234567
56356
1234567
56358
1234567
56360
1234567
56362
1234567
56364
1234567
56366
1234567
56368
1234567
56370
1234567
56372
1234567
56374
1234567
56376
1234567
56378
1234567
56380
1234567
56382
1234567
56384
1234567
56386
1234567
56388
1234567
56390
1234567
56392
1234567
56394
1234567
56396
1234567
56398
1234567
56400
1234567
56402
1234567
56404
1234567
56406
1234567
56408
1234567
56410
1234567
56412
1234567
56414
1234567
56416
1234567
56418
1234567
56420
1234567
56422
1234567
56424
1234567
56426
1234567
56428
1234567
56430
1234567
56432
1234567
56434
1234567
56436
1234567
56438
1234567
56440
1234567
56442
1234567
56444
1234567
56446
1234567
56448
1234567
56450
1234567
56452
1234567
56454
1234567
56456
1234567
56458
1234567
56460
1234567
56462
1234567
56464
1234567
56466
1234567
56468
1234567
56470
1234567
56472
1234567
56474
1234567
56476
1234567
56478
1234567
56480
1234567
56482
1234567
56484
1234567
56486
1234567
56488
1234567
56490
1234567
56492
1234567
56494
1234567
56496
1234567
56498
1234567
56500
1234567
56502
1234567
56504
1234567
56506
1234567
56508
1234567
56510
1234567
56512
1234567
56514
1234567
56516
1234567
56518
1234567
56520
1234567
56522
1234567
56524
1234567
56526
1234567
56528
1234567
56530
1234567
56532
1234567
56534
1234567
56536
1234567
56538
1234567
56540
1234567
56542
1234567
56544
1234567
56546
1234567
56548
1234567
56550
1234567
56552
1234567
56554
1234567
56556
1234567
56558
1234567
56560
1234567
56562
1234567
56564
1234567
56566
1234567
56568
1234567
56570
1234567
56572
1234567
56574
1234567
56576
1234567
56578
1234567
56580
1234567
56582
1234567
56584
1234567
56586
1234567
56588
1234567
56590
1234567
56592
1234567
56594
1234567
56596
1234567
56598
1234567
56600
1234567
56602
1234567
56604
1234567
56606
1234567
56608
1234567
56610
1234567
56612
1234567
56614
1234567
56616
1234567
56618
1234567
56620
1234567
56622
1234567
56624
1234567
56626
1234567
56628
1234567
56630
1234567
56632
1234567
56634
1234567
56636
1234567
56638
1234567
56640
1234567
56642
1234567
56644
1234567
56646
1234567
56648
1234567
56650
1234567
56652
1234567
56654
1234567
56656
1234567
56658
1234567
56660
1234567
56662
1234567
56664
1234567
56666
1234567
56668
1234567
56670
1234567
56672
1234567
56674
1234567
56676
1234567
56678
1234567
56680
1234567
56682
1234567
56684
1234567
56686
1234567
56688
1234567
56690
1234567
56692
1234567
56694
1234567
56696
1234567
56698
1234567
56700
1234567
56702
1234567
56704
1234567
56706
1234567
56708
1234567
56710
1234567
56712
1234567
56714
1234567
56716
1234567
56718
1234567
56720
1234567
56722
1234567
56724
1234567
56726
1234567
56728
1234567
56730
1234567
56732
1234567
56734
1234567
56736
1234567
56738
1234567
56740
1234567
56742
1234567
56744
1234567
56746
1234567
56748
1234567
56750
1234567
56752
1234567
56754
1234567
56756
1234567
56758
1234567
56760
1234567
56762
1234567
56764
1234567
56766
1234567
56768
1234567
56770
1234567
56772
1234567
56774
1234567
56776
1234567
56778
1234567
56780
1234567
56782
1234567
56784
1234567
56786
1234567
56788
1234567
56790
1234567
56792
1234567
56794
1234567
56796
1234567
56798
1234567
56800
1234567
56802
1234567
56804
1234567
56806
1234567
56808
1234567
56810
1234567
56812
1234567
56814
1234567
56816
1234567
56818
1234567
56820
1234567
56822
1234567
56824
1234567
56826
1234567
56828
1234567
56830
1234567
56832
1234567
56834
1234567
56836
1234567
56838
1234567
56840
1234567
56842
1234567
56844
1234567
56846
1234567
56848
1234567
56850
1234567
56852
1234567
56854
1234567
56856
1234567
56858
1234567
56860
1234567
56862
1234567
56864
1234567
56866
1234567
56868
1234567
56870
1234567
56872
1234567
56874
1234567
56876
1234567
56878
1234567
56880
1234567
56882
1234567
56884
1234567
56886
1234567
56888
1234567
56890
1234567
56892
1234567
56894
1234567
56896
1234567
56898
1234567
56900
1234567
56902
1234567
56904
1234567
56906
1234567
56908
1234567
56910
1234567
56912
1234567
56914
1234567
56916
1234567
56918
1234567
56920
1234567
56922
1234567
56924
1234567
56926
1234567
56928
1234567
56930
1234567
56932
1234567
56934
1234567
56936
1234567
56938
1234567
56940
1234567
56942
1234567
56944
1234567
56946
1234567
56948
1234567
56950
1234567
56952
1234567
56954
1234567
56956
1234567
56958
1234567
56960
1234567
56962
1234567
56964
1234567
56966
1234567
56968
1234567
56970
1234567
56972
1234567
56974
1234567
56976
1234567
56978
1234567
56980
1234567
56982
1234567
56984
1234567
56986
1234567
56988
1234567
56990
1234567
56992
1234567
56994
1234567
56996
1234567
56998
1234567
57000
1234567
57002
1234567
57004
1234567
57006
1234567
57008
1234567
57010
1234567
57012
1234567
57014
1234567
57016
1234567
57018
1234567
57020
1234567
57022
1234567
57024
1234567
57026
1234567
57028
1234567
57030
1234567
57032
1234567
57034
1234567
57036
1234567
57038
1234567
57040
1234567
57042
1234567
57044
1234567
57046
1234567
57048
1234567
57050
1234567
57052
1234567
57054
1234567
57056
1234567
57058
1234567
57060
1234567
57062
1234567
57064
1234567
57066
1234567
57068
1234567
57070
1234567
57072
1234567
57074
1234567
57076
1234567
57078
1234567
57080
1234567
57082
1234567
57084
1234567
57086
1234567
57088
1234567
57090
1234567
57092
1234567
57094
1234567
57096
1234567
57098
1234567
57100
1234567
57102
1234567
57104
1234567
57106
1234567
57108
1234567
57110
1234567
57112
1234567
57114
1234567
57116
1234567
57118
1234567
57120
1234567
57122
1234567
57124
1234567
57126
1234567
57128
1234567
57130
1234567
57132
1234567
57134
1234567
57136
1234567
57138
1234567
57140
1234567
57142
1234567
57144
1234567
57146
1234567
57148
1234567
57150
1234567
57152
1234567
57154
1234567
57156
1234567
57158
1234567
57160
1234567
57162
1234567
57164
1234567
57166
1234567
57168
1234567
57170
1234567
57172
1234567
57174
1234567
57176
1234567
57178
1234567
57180
1234567
57182
1234567
57184
1234567
57186
1234567
57188
1234567
57190
1234567
57192
1234567
57194
1234567
57196
1234567
57198
1234567
57200
1234567
57202
1234567
57204
1234567
57206
1234567
57208
1234567
57210
1234567
57212
1234567
57214
1234567
57216
1234567
57218
1234567
57220
1234567
57222
1234567
57224
1234567
57226
1234567
57228
1234567
57230
1234567
57232
1234567
57234
1234567
57236
1234567
57238
1234567
57240
1234567
57242
1234567
57244
1234567
57246
1234567
57248
1234567
57250
1234567
57252
1234567
57254
1234567
57256
1234567
57258
1234567
57260
1234567
57262
1234567
57264
1234567
57266
1234567
57268
1234567
57270
1234567
57272
1234567
57274
1234567
57276
1234567
57278
1234567
57280
1234567
57282
1234567
57284
1234567
57286
1234567
57288
1234567
57290
1234567
57292
1234567
57294
1234567
57296
1234567
57298
1234567
57300
1234567
57302
1234567
57304
1234567
57306
1234567
57308
1234567
57310
1234567
57312
1234567
57314
1234567
57316
1234567
57318
1234567
57320
1234567
57322
1234567
57324
1234567
57326
1234567
57328
1234567
57330
1234567
57332
1234567
57334
1234567
57336
1234567
57338
1234567
57340
1234567
57342
1234567
57344
1234567
57346
1234567
57348
1234567
57350
1234567
57352
1234567
57354
1234567
57356
1234567
57358
1234567
57360
1234567
57362
1234567
57364
1234567
57366
1234567
57368
1234567
57370
1234567
57372
1234567
57374
1234567
57376
1234567
57378
1234567
57380
1234567
57382
1234567
57384
1234567
57386
1234567
57388
1234567
57390
1234567
57392
1234567
57394
1234567
57396
1234567
57398
1234567
57400
1234567
57402
1234567
57404
1234567
57406
1234567
57408
1234567
57410
1234567
57412
1234567
57414
1234567
57416
1234567
57418
1234567
57420
1234567
57422
1234567
57424
1234567
57426
1234567
57428
1234567
57430
1234567
57432
1234567
57434
1234567
57436
1234567
57438
1234567
57440
1234567
57442
1234567
57444
1234567
57446
1234567
57448
1234567
57450
1234567
57452
1234567
57454
1234567
57456
1234567
57458
1234567
57460
1234567
57462
1234567
57464
1234567
57466
1234567
57468
1234567
57470
1234567
57472
1234567
57474
1234567
57476
1234567
57478
1234567
57480
1234567
57482
1234567
57484
1234567
57486
1234567
57488
1234567
57490
1234567
57492
1234567
57494
1234567
57496
1234567
57498
1234567
57500
1234567
57502
1234567
57504
1234567
57506
1234567
57508
1234567
57510
1234567
57512
1234567
57514
1234567
57516
1234567
57518
1234567
57520
1234567
57522
1234567
57524
1234567
57526
1234567
57528
1234567
57530
1234567
57532
1234567
57534
1234567
57536
1234567
57538
1234567
57540
1234567
57542
1234567
57544
1234567
57546
1234567
57548
1234567
57550
1234567
57552
1234567
57554
1234567
57556
1234567
57558
1234567
57560
1234567
57562
1234567
57564
1234567
57566
1234567
57568
1234567
57570
1234567
57572
1234567
57574
1234567
57576
1234567
57578
1234567
57580
1234567
57582
1234567
57584
1234567
57586
1234567
57588
1234567
57590
1234567
57592
1234567
57594
1234567
57596
1234567
57598
1234567
57600
1234567
57602
1234567
57604
1234567
57606
1234567
57608
1234567
57610
1234567
57612
1234567
57614
1234567
57616
1234567
57618
1234567
57620
1234567
57622
1234567
57624
1234567
57626
1234567
57628
1234567
57630
1234567
57632
1234567
57634
1234567
57636
1234567
57638
1234567
57640
1234567
57642
1234567
57644
1234567
57646
1234567
57648
1234567
57650
1234567
57652
1234567
57654
1234567
57656
1234567
57658
1234567
57660
1234567
57662
1234567
57664
1234567
57666
1234567
57668
1234567
57670
1234567
57672
1234567
57674
1234567
57676
1234567
57678
1234567
57680
1234567
57682
1234567
57684
1234567
57686
1234567
57688
1234567
57690
1234567
57692
1234567
57694
1234567
57696
1234567
57698
1234567
57700
1234567
57702
1234567
57704
1234567
57706
1234567
57708
1234567
57710
1234567
57712
1234567
57714
1234567
57716
1234567
57718
1234567
57720
1234567
57722
1234567
57724
1234567
57726
1234567
57728
1234567
57730
1234567
57732
1234567
57734
1234567
57736
1234567
57738
1234567
57740
1234567
57742
1234567
57744
1234567
57746
1234567
57748
1234567
57750
1234567
57752
1234567
57754
1234567
57756
1234567
57758
1234567
57760
1234567
57762
1234567
57764
1234567
57766
1234567
57768
1234567
57770
1234567
57772
1234567
57774
1234567
57776
1234567
57778
1234567
57780
1234567
57782
1234567
57784
1234567
57786
1234567
57788
1234567
57790
1234567
57792
1234567
57794
1234567
57796
1234567
57798
1234567
57800
1234567
57802
1234567
57804
1234567
57806
1234567
57808
1234567
57810
1234567
57812
1234567
57814
1234567
57816
1234567
57818
1234567
57820
1234567
57822
1234567
57824
1234567
57826
1234567
57828
1234567
57830
1234567
57832
1234567
57834
1234567
57836
1234567
57838
1234567
57840
1234567
57842
1234567
57844
1234567
57846
1234567
57848
1234567
57850
1234567
57852
1234567
57854
1234567
57856
1234567
57858
1234567
57860
1234567
57862
1234567
57864
1234567
57866
1234567
57868
1234567
57870
1234567
57872
1234567
57874
1234567
57876
1234567
57878
1234567
57880
1234567
57882
1234567
57884
1234567
57886
1234567
57888
1234567
57890
1234567
57892
1234567
57894
1234567
57896
1234567
57898
1234567
57900
1234567
57902
1234567
57904
1234567
57906
1234567
57908
1234567
57910
1234567
57912
1234567
57914
1234567
57916
1234567
57918
1234567
57920
1234567
57922
1234567
57924
1234567
57926
1234567
57928
1234567
57930
1234567
57932
1234567
57934
1234567
57936
1234567
57938
1234567
57940
1234567
57942
1234567
57944
1234567
57946
1234567
57948
1234567
57950
1234567
57952
1234567
57954
1234567
57956
1234567
57958
1234567
57960
1234567
57962
1234567
57964
1234567
57966
1234567
57968
1234567
57970
1234567
57972
1234567
57974
1234567
57976
1234567
57978
1234567
57980
1234567
57982
1234567
57984
1234567
57986
1234567
57988
1234567
57990
1234567
57992
1234567
57994
1234567
57996
1234567
57998
1234567
58000
1234567
58002
1234567
58004
1234567
58006
1234567
58008
1234567
58010
1234567
58012
1234567
58014
1234567
58016
1234567
58018
1234567
58020
1234567
58022
1234567
58024
1234567
58026
1234567
58028
1234567
58030
1234567
58032
1234567
58034
1234567
58036
1234567
58038
1234567
58040
1234567
58042
1234567
58044
1234567
58046
1234567
58048
1234567
58050
1234567
58052
1234567
58054
1234567
58056
1234567
58058
1234567
58060
1234567
58062
1234567
58064
1234567
58066
1234567
58068
1234567
58070
1234567
58072
1234567
58074
1234567
58076
1234567
58078
1234567
58080
1234567
58082
1234567
58084
1234567
58086
1234567
58088
1234567
58090
1234567
58092
1234567
58094
1234567
58096
1234567
58098
1234567
58100
1234567
58102
1234567
58104
1234567
58106
1234567
58108
1234567
58110
1234567
58112
1234567
58114
1234567
58116
1234567
58118
1234567
58120
1234567
58122
1234567
58124
1234567
58126
1234567
58128
1234567
58130
1234567
58132
1234567
58134
1234567
58136
1234567
58138
1234567
58140
1234567
58142
1234567
58144
1234567
58146
1234567
58148
1234567
58150
1234567
58152
1234567
58154
1234567
58156
1234567
58158
1234567
58160
1234567
58162
1234567
58164
1234567
58166
1234567
58168
1234567
58170
1234567
58172
1234567
58174
1234567
58176
1234567
58178
1234567
58180
1234567
58182
1234567
58184
1234567
58186
1234567
58188
1234567
58190
1234567
58192
1234567
58194
1234567
58196
1234567
58198
1234567
58200
1234567
58202
1234567
58204
1234567
58206
1234567
58208
1234567
58210
1234567
58212
1234567
58214
1234567
58216
1234567
58218
1234567
58220
1234567
58222
1234567
58224
1234567
58226
1234567
58228
1234567
58230
1234567
58232
1234567
58234
1234567
58236
1234567
58238
1234567
58240
1234567
58242
1234567
58244
1234567
58246
1234567
58248
1234567
58250
1234567
58252
1234567
58254
1234567
58256
1234567
58258
1234567
58260
1234567
58262
1234567
58264
1234567
58266
1234567
58268
1234567
58270
1234567
58272
1234567
58274
1234567
58276
1234567
58278
1234567
58280
1234567
58282
1234567
58284
1234567
58286
1234567
58288
1234567
58290
1234567
58292
1234567
58294
1234567
58296
1234567
58298
1234567
58300
1234567
58302
1234567
58304
1234567
58306
1234567
58308
1234567
58310
1234567
58312
1234567
58314
1234567
58316
1234567
58318
1234567
58320
1234567
58322
1234567
58324
1234567
58326
1234567
58328
1234567
58330
1234567
58332
1234567
58334
1234567
58336
1234567
58338
1234567
58340
1234567
58342
1234567
58344
1234567
58346
1234567
58348
1234567
58350
1234567
58352
1234567
58354
1234567
58356
1234567
58358
1234567
58360
1234567
58362
1234567
58364
1234567
58366
1234567
58368
1234567
58370
1234567
58372
1234567
58374
1234567
58376
1234567
58378
1234567
58380
1234567
58382
1234567
58384
1234567
58386
1234567
58388
1234567
58390
1234567
58392
1234567
58394
1234567
58396
1234567
58398
1234567
58400
1234567
58402
1234567
58404
1234567
58406
1234567
58408
1234567
58410
1234567
58412
1234567
58414
1234567
58416
1234567
58418
1234567
58420
1234567
58422
1234567
58424
1234567
58426
1234567
58428
1234567
58430
1234567
58432
1234567
58434
1234567
58436
1234567
58438
1234567
58440
1234567
58442
1234567
58444
1234567
58446
1234567
58448
1234567
58450
1234567
58452
1234567
58454
1234567
58456
1234567
58458
1234567
58460
1234567
58462
1234567
58464
1234567
58466
1234567
58468
1234567
58470
1234567
58472
1234567
58474
1234567
58476
1234567
58478
1234567
58480
1234567
58482
1234567
58484
1234567
58486
1234567
58488
1234567
58490
1234567
58492
1234567
58494
1234567
58496
1234567
58498
1234567
58500
1234567
58502
1234567
58504
1234567
58506
1234567
58508
1234567
58510
1234567
58512
1234567
58514
1234567
58516
1234567
58518
1234567
58520
1234567
58522
1234567
58524
1234567
58526
1234567
58528
1234567
58530
1234567
58532
1234567
58534
1234567
58536
1234567
58538
1234567
58540
1234567
58542
1234567
58544
1234567
58546
1234567
58548
1234567
58550
1234567
58552
1234567
58554
1234567
58556
1234567
58558
1234567
58560
1234567
58562
1234567
58564
1234567
58566
1234567
58568
1234567
58570
1234567
58572
1234567
58574
1234567
58576
1234567
58578
1234567
58580
1234567
58582
1234567
58584
1234567
58586
1234567
58588
1234567
58590
1234567
58592
1234567
58594
1234567
58596
1234567
58598
1234567
58600
1234567
58602
1234567
58604
1234567
58606
1234567
58608
1234567
58610
1234567
58612
1234567
58614
1234567
58616
1234567
58618
1234567
58620
1234567
58622
1234567
58624
1234567
58626
1234567
58628
1234567
58630
1234567
58632
1234567
58634
1234567
58636
1234567
58638
1234567
58640
1234567
58642
1234567
58644
1234567
58646
1234567
58648
1234567
58650
1234567
58652
1234567
58654
1234567
58656
1234567
58658
1234567
58660
1234567
58662
1234567
58664
1234567
58666
1234567
58668
1234567
58670
1234567
58672
1234567
58674
1234567
58676
1234567
58678
1234567
58680
1234567
58682
1234567
58684
1234567
58686
1234567
58688
1234567
58690
1234567
58692
1234567
58694
1234567
58696
1234567
58698
1234567
58700
1234567
58702
1234567
58704
1234567
58706
1234567
58708
1234567
58710
1234567
58712
1234567
58714
1234567
58716
1234567
58718
1234567
58720
1234567
58722
1234567
58724
1234567
58726
1234567
58728
1234567
58730
1234567
58732
1234567
58734
1234567
58736
1234567
58738
1234567
58740
1234567
58742
1234567
58744
1234567
58746
1234567
58748
1234567
58750
1234567
58752
1234567
58754
1234567
58756
1234567
58758
1234567
58760
1234567
58762
1234567
58764
1234567
58766
1234567
58768
1234567
58770
1234567
58772
1234567
58774
1234567
58776
1234567
58778
1234567
58780
1234567
58782
1234567
58784
1234567
58786
1234567
58788
1234567
58790
1234567
58792
1234567
58794
1234567
58796
1234567
58798
1234567
58800
1234567
58802
1234567
58804
1234567
58806
1234567
58808
1234567
58810
1234567
58812
1234567
58814
1234567
58816
1234567
58818
1234567
58820
1234567
58822
1234567
58824
1234567
58826
1234567
58828
1234567
58830
1234567
58832
1234567
58834
1234567
58836
1234567
58838
1234567
58840
1234567
58842
1234567
58844
1234567
58846
1234567
58848
1234567
58850
1234567
58852
1234567
58854
1234567
58856
1234567
58858
1234567
58860
1234567
58862
1234567
58864
1234567
58866
1234567
58868
1234567
58870
1234567
58872
1234567
58874
1234567
58876
1234567
58878
1234567
58880
1234567
58882
1234567
58884
1234567
58886
1234567
58888
1234567
58890
1234567
58892
1234567
58894
1234567
58896
1234567
58898
1234567
58900
1234567
58902
1234567
58904
1234567
58906
1234567
58908
1234567
58910
1234567
58912
1234567
58914
1234567
58916
1234567
58918
1234567
58920
1234567
58922
1234567
58924
1234567
58926
1234567
58928
1234567
58930
1234567
58932
1234567
58934
1234567
58936
1234567
58938
1234567
58940
1234567
58942
1234567
58944
1234567
58946
1234567
58948
1234567
58950
1234567
58952
1234567
58954
1234567
58956
1234567
58958
1234567
58960
1234567
58962
1234567
58964
1234567
58966
1234567
58968
1234567
58970
1234567
58972
1234567
58974
1234567
58976
1234567
58978
1234567
58980
1234567
58982
1234567
58984
1234567
58986
1234567
58988
1234567
58990
1234567
58992
1234567
58994
1234567
58996
1234567
58998
1234567
59000
1234567
59002
1234567
59004
1234567
59006
1234567
59008
1234567
59010
1234567
59012
1234567
59014
1234567
59016
1234567
59018
1234567
59020
1234567
59022
1234567
59024
1234567
59026
1234567
59028
1234567
59030
1234567
59032
1234567
59034
1234567
59036
1234567
59038
1234567
59040
1234567
59042
1234567
59044
1234567
59046
1234567
59048
1234567
59050
1234567
59052
1234567
59054
1234567
59056
1234567
59058
1234567
59060
1234567
59062
1234567
59064
1234567
59066
1234567
59068
1234567
59070
1234567
59072
1234567
59074
1234567
59076
1234567
59078
1234567
59080
1234567
59082
1234567
59084
1234567
59086
1234567
59088
1234567
59090
1234567
59092
1234567
59094
1234567
59096
1234567
59098
1234567
59100
1234567
59102
1234567
59104
1234567
59106
1234567
59108
1234567
59110
1234567
59112
1234567
59114
1234567
59116
1234567
59118
1234567
59120
1234567
59122
1234567
59124
1234567
59126
1234567
59128
1234567
59130
1234567
59132
1234567
59134
1234567
59136
1234567
59138
1234567
59140
1234567
59142
1234567
59144
1234567
59146
1234567
59148
1234567
59150
1234567
59152
1234567
59154
1234567
59156
1234567
59158
1234567
59160
1234567
59162
1234567
59164
1234567
59166
1234567
59168
1234567
59170
1234567
59172
1234567
59174
1234567
59176
1234567
59178
1234567
59180
1234567
59182
1234567
59184
1234567
59186
1234567
59188
1234567
59190
1234567
59192
1234567
59194
1234567
59196
1234567
59198
1234567
59200
1234567
59202
1234567
59204
1234567
59206
1234567
59208
1234567
59210
1234567
59212
1234567
59214
1234567
59216
1234567
59218
1234567
59220
1234567
59222
1234567
59224
1234567
59226
1234567
59228
1234567
59230
1234567
59232
1234567
59234
1234567
59236
1234567
59238
1234567
59240
1234567
59242
1234567
59244
1234567
59246
1234567
59248
1234567
59250
1234567
59252
1234567
59254
1234567
59256
1234567
59258
1234567
59260
1234567
59262
1234567
59264
1234567
59266
1234567
59268
1234567
59270
1234567
59272
1234567
59274
1234567
59276
1234567
59278
1234567
59280
1234567
59282
1234567
59284
1234567
59286
1234567
59288
1234567
59290
1234567
59292
1234567
59294
1234567
59296
1234567
59298
1234567
59300
1234567
59302
1234567
59304
1234567
59306
1234567
59308
1234567
59310
1234567
59312
1234567
59314
1234567
59316
1234567
59318
1234567
59320
1234567
59322
1234567
59324
1234567
59326
1234567
59328
1234567
59330
1234567
59332
1234567
59334
1234567
59336
1234567
59338
1234567
59340
1234567
59342
1234567
59344
1234567
59346
1234567
59348
1234567
59350
1234567
59352
1234567
59354
1234567
59356
1234567
59358
1234567
59360
1234567
59362
1234567
59364
1234567
59366
1234567
59368
1234567
59370
1234567
59372
1234567
59374
1234567
59376
1234567
59378
1234567
59380
1234567
59382
1234567
59384
1234567
59386
1234567
59388
1234567
59390
1234567
59392
1234567
59394
1234567
59396
1234567
59398
1234567
59400
1234567
59402
1234567
59404
1234567
59406
1234567
59408
1234567
59410
1234567
59412
1234567
59414
1234567
59416
1234567
59418
1234567
59420
1234567
59422
1234567
59424
1234567
59426
1234567
59428
1234567
59430
1234567
59432
1234567
59434
1234567
59436
1234567
59438
1234567
59440
1234567
59442
1234567
59444
1234567
59446
1234567
59448
1234567
59450
1234567
59452
1234567
59454
1234567
59456
1234567
59458
1234567
59460
1234567
59462
1234567
59464
1234567
59466
1234567
59468
1234567
59470
1234567
59472
1234567
59474
1234567
59476
1234567
59478
1234567
59480
1234567
59482
1234567
59484
1234567
59486
1234567
59488
1234567
59490
1234567
59492
1234567
59494
1234567
59496
1234567
59498
1234567
59500
1234567
59502
1234567
59504
1234567
59506
1234567
59508
1234567
59510
1234567
59512
1234567
59514
1234567
59516
1234567
59518
1234567
59520
1234567
59522
1234567
59524
1234567
59526
1234567
59528
1234567
59530
1234567
59532
1234567
59534
1234567
59536
1234567
59538
1234567
59540
1234567
59542
1234567
59544
1234567
59546
1234567
59548
1234567
59550
1234567
59552
1234567
59554
1234567
59556
1234567
59558
1234567
59560
1234567
59562
1234567
59564
1234567
59566
1234567
59568
1234567
59570
1234567
59572
1234567
59574
1234567
59576
1234567
59578
1234567
59580
1234567
59582
1234567
59584
1234567
59586
1234567
59588
1234567
59590
1234567
59592
1234567
59594
1234567
59596
1234567
59598
1234567
59600
1234567
59602
1234567
59604
1234567
59606
1234567
59608
1234567
59610
1234567
59612
1234567
59614
1234567
59616
1234567
59618
1234567
59620
1234567
59622
1234567
59624
1234567
59626
1234567
59628
1234567
59630
1234567
59632
1234567
59634
1234567
59636
1234567
59638
1234567
59640
1234567
59642
1234567
59644
1234567
59646
1234567
59648
1234567
59650
1234567
59652
1234567
59654
1234567
59656
1234567
59658
1234567
59660
1234567
59662
1234567
59664
1234567
59666
1234567
59668
1234567
59670
1234567
59672
1234567
59674
1234567
59676
1234567
59678
1234567
59680
1234567
59682
1234567
59684
1234567
59686
1234567
59688
1234567
59690
1234567
59692
1234567
59694
1234567
59696
1234567
59698
1234567
59700
1234567
59702
1234567
59704
1234567
59706
1234567
59708
1234567
59710
1234567
59712
1234567
59714
1234567
59716
1234567
59718
1234567
59720
1234567
59722
1234567
59724
1234567
59726
1234567
59728
1234567
59730
1234567
59732
1234567
59734
1234567
59736
1234567
59738
1234567
59740
1234567
59742
1234567
59744
1234567
59746
1234567
59748
1234567
59750
1234567
59752
1234567
59754
1234567
59756
1234567
59758
1234567
59760
1234567
59762
1234567
59764
1234567
59766
1234567
59768
1234567
59770
1234567
59772
1234567
59774
1234567
59776
1234567
59778
1234567
59780
1234567
59782
1234567
59784
1234567
59786
1234567
59788
1234567
59790
1234567
59792
1234567
59794
1234567
59796
1234567
59798
1234567
59800
1234567
59802
1234567
59804
1234567
59806
1234567
59808
1234567
59810
1234567
59812
1234567
59814
1234567
59816
1234567
59818
1234567
59820
1234567
59822
1234567
59824
1234567
59826
1234567
59828
1234567
59830
1234567
59832
1234567
59834
1234567
59836
1234567
59838
1234567
59840
1234567
59842
1234567
59844
1234567
59846
1234567
59848
1234567
59850
1234567
59852
1234567
59854
1234567
59856
1234567
59858
1234567
59860
1234567
59862
1234567
59864
1234567
59866
1234567
59868
1234567
59870
1234567
59872
1234567
59874
1234567
59876
1234567
59878
1234567
59880
1234567
59882
1234567
59884
1234567
59886
1234567
59888
1234567
59890
1234567
59892
1234567
59894
1234567
59896
1234567
59898
1234567
59900
1234567
59902
1234567
59904
1234567
59906
1234567
59908
1234567
59910
1234567
59912
1234567
59914
1234567
59916
1234567
59918
1234567
59920
1234567
59922
1234567
59924
1234567
59926
1234567
59928
1234567
59930
1234567
59932
1234567
59934
1234567
59936
1234567
59938
1234567
59940
1234567
59942
1234567
59944
1234567
59946
1234567
59948
1234567
59950
1234567
59952
1234567
59954
1234567
59956
1234567
59958
1234567
59960
1234567
59962
1234567
59964
1234567
59966
1234567
59968
1234567
59970
1234567
59972
1234567
59974
1234567
59976
1234567
59978
1234567
59980
1234567
59982
1234567
59984
1234567
59986
1234567
59988
1234567
59990
1234567
59992
1234567
59994
1234567
59996
1234567
59998
1234567
60000
1234567
60002
1234567
60004
1234567
60006
1234567
60008
1234567
60010
1234567
60012
1234567
60014
1234567
60016
1234567
60018
1234567
60020
1234567
60022
1234567
60024
1234567
60026
1234567
60028
1234567
60030
1234567
60032
1234567
60034
1234567
60036
1234567
60038
1234567
60040
1234567
60042
1234567
60044
1234567
60046
1234567
60048
1234567
60050
1234567
60052
1234567
60054
1234567
60056
1234567
60058
1234567
60060
1234567
60062
1234567
60064
1234567
60066
1234567
60068
1234567
60070
1234567
60072
1234567
60074
1234567
60076
1234567
60078
1234567
60080
1234567
60082
1234567
60084
1234567
60086
1234567
60088
1234567
60090
1234567
60092
1234567
60094
1234567
60096
1234567
60098
1234567
60100
1234567
60102
1234567
60104
1234567
60106
1234567
60108
1234567
60110
1234567
60112
1234567
60114
1234567
60116
1234567
60118
1234567
60120
1234567
60122
1234567
60124
1234567
60126
1234567
60128
1234567
60130
1234567
60132
1234567
60134
1234567
60136
1234567
60138
1234567
60140
1234567
60142
1234567
60144
1234567
60146
1234567
60148
1234567
60150
1234567
60152
1234567
60154
1234567
60156
1234567
60158
1234567
60160
1234567
60162
1234567
60164
1234567
60166
1234567
60168
1234567
60170
1234567
60172
1234567
60174
1234567
60176
1234567
60178
1234567
60180
1234567
60182
1234567
60184
1234567
60186
1234567
60188
1234567
60190
1234567
60192
1234567
60194
1234567
60196
1234567
60198
1234567
60200
1234567
60202
1234567
60204
1234567
60206
1234567
60208
1234567
60210
1234567
60212
1234567
60214
1234567
60216
1234567
60218
1234567
60220
1234567
60222
1234567
60224
1234567
60226
1234567
60228
1234567
60230
1234567
60232
1234567
60234
1234567
60236
1234567
60238
1234567
60240
1234567
60242
1234567
60244
1234567
60246
1234567
60248
1234567
60250
1234567
60252
1234567
60254
1234567
60256
1234567
60258
1234567
60260
1234567
60262
1234567
60264
1234567
60266
1234567
60268
1234567
60270
1234567
60272
1234567
60274
1234567
60276
1234567
60278
1234567
60280
1234567
60282
1234567
60284
1234567
60286
1234567
60288
1234567
60290
1234567
60292
1234567
60294
1234567
60296
1234567
60298
1234567
60300
1234567
60302
1234567
60304
1234567
60306
1234567
60308
1234567
60310
1234567
60312
1234567
60314
1234567
60316
1234567
60318
1234567
60320
1234567
60322
1234567
60324
1234567
60326
1234567
60328
1234567
60330
1234567
60332
1234567
60334
1234567
60336
1234567
60338
1234567
60340
1234567
60342
1234567
60344
1234567
60346
1234567
60348
1234567
60350
1234567
60352
1234567
60354
1234567
60356
1234567
60358
1234567
60360
1234567
60362
1234567
60364
1234567
60366
1234567
60368
1234567
60370
1234567
60372
1234567
60374
1234567
60376
1234567
60378
1234567
60380
1234567
60382
1234567
60384
1234567
60386
1234567
60388
1234567
60390
1234567
60392
1234567
60394
1234567
60396
1234567
60398
1234567
60400
1234567
60402
1234567
60404
1234567
60406
1234567
60408
1234567
60410
1234567
60412
1234567
60414
1234567
60416
1234567
60418
1234567
60420
1234567
60422
1234567
60424
1234567
60426
1234567
60428
1234567
60430
1234567
60432
1234567
60434
1234567
60436
1234567
60438
1234567
60440
1234567
60442
1234567
60444
1234567
60446
1234567
60448
1234567
60450
1234567
60452
1234567
60454
1234567
60456
1234567
60458
1234567
60460
1234567
60462
1234567
60464
1234567
60466
1234567
60468
1234567
60470
1234567
60472
1234567
60474
1234567
60476
1234567
60478
1234567
60480
1234567
60482
1234567
60484
1234567
60486
1234567
60488
1234567
60490
1234567
60492
1234567
60494
1234567
60496
1234567
60498
1234567
60500
1234567
60502
1234567
60504
1234567
60506
1234567
60508
1234567
60510
1234567
60512
1234567
60514
1234567
60516
1234567
60518
1234567
60520
1234567
60522
1234567
60524
1234567
60526
1234567
60528
1234567
60530
1234567
60532
1234567
60534
1234567
60536
1234567
60538
1234567
60540
1234567
60542
1234567
60544
1234567
60546
1234567
60548
1234567
60550
1234567
60552
1234567
60554
1234567
60556
1234567
60558
1234567
60560
1234567
60562
1234567
60564
1234567
60566
1234567
60568
1234567
60570
1234567
60572
1234567
60574
1234567
60576
1234567
60578
1234567
60580
1234567
60582
1234567
60584
1234567
60586
1234567
60588
1234567
60590
1234567
60592
1234567
60594
1234567
60596
1234567
60598
1234567
60600
1234567
60602
1234567
60604
1234567
60606
1234567
60608
1234567
60610
1234567
60612
1234567
60614
1234567
60616
1234567
60618
1234567
60620
1234567
60622
1234567
60624
1234567
60626
1234567
60628
1234567
60630
1234567
60632
1234567
60634
1234567
60636
1234567
60638
1234567
60640
1234567
60642
1234567
60644
1234567
60646
1234567
60648
1234567
60650
1234567
60652
1234567
60654
1234567
60656
1234567
60658
1234567
60660
1234567
60662
1234567
60664
1234567
60666
1234567
60668
1234567
60670
1234567
60672
1234567
60674
1234567
60676
1234567
60678
1234567
60680
1234567
60682
1234567
60684
1234567
60686
1234567
60688
1234567
60690
1234567
60692
1234567
60694
1234567
60696
1234567
60698
1234567
60700
1234567
60702
1234567
60704
1234567
60706
1234567
60708
1234567
60710
1234567
60712
1234567
60714
1234567
60716
1234567
60718
1234567
60720
1234567
60722
1234567
60724
1234567
60726
1234567
60728
1234567
60730
1234567
60732
1234567
60734
1234567
60736
1234567
60738
1234567
60740
1234567
60742
1234567
60744
1234567
60746
1234567
60748
1234567
60750
1234567
60752
1234567
60754
1234567
60756
1234567
60758
1234567
60760
1234567
60762
1234567
60764
1234567
60766
1234567
60768
1234567
60770
1234567
60772
1234567
60774
1234567
60776
1234567
60778
1234567
60780
1234567
60782
1234567
60784
1234567
60786
1234567
60788
1234567
60790
1234567
60792
1234567
60794
1234567
60796
1234567
60798
1234567
60800
1234567
60802
1234567
60804
1234567
60806
1234567
60808
1234567
60810
1234567
60812
1234567
60814
1234567
60816
1234567
60818
1234567
60820
1234567
60822
1234567
60824
1234567
60826
1234567
60828
1234567
60830
1234567
60832
1234567
60834
1234567
60836
1234567
60838
1234567
60840
1234567
60842
1234567
60844
1234567
60846
1234567
60848
1234567
60850
1234567
60852
1234567
60854
1234567
60856
1234567
60858
1234567
60860
1234567
60862
1234567
60864
1234567
60866
1234567
60868
1234567
60870
1234567
60872
1234567
60874
1234567
60876
1234567
60878
1234567
60880
1234567
60882
1234567
60884
1234567
60886
1234567
60888
1234567
60890
1234567
60892
1234567
60894
1234567
60896
1234567
60898
1234567
60900
1234567
60902
1234567
60904
1234567
60906
1234567
60908
1234567
60910
1234567
60912
1234567
60914
1234567
60916
1234567
60918
1234567
60920
1234567
60922
1234567
60924
1234567
60926
1234567
60928
1234567
60930
1234567
60932
1234567
60934
1234567
60936
1234567
60938
1234567
60940
1234567
60942
1234567
60944
1234567
60946
1234567
60948
1234567
60950
1234567
60952
1234567
60954
1234567
60956
1234567
60958
1234567
60960
1234567
60962
1234567
60964
1234567
60966
1234567
60968
1234567
60970
1234567
60972
1234567
60974
1234567
60976
1234567
60978
1234567
60980
1234567
60982
1234567
60984
1234567
60986
1234567
60988
1234567
60990
1234567
60992
1234567
60994
1234567
60996
1234567
60998
1234567
61000
1234567
61002
1234567
61004
1234567
61006
1234567
61008
1234567
61010
1234567
61012
1234567
61014
1234567
61016
1234567
61018
1234567
61020
1234567
61022
1234567
61024
1234567
61026
1234567
61028
1234567
61030
1234567
61032
1234567
61034
1234567
61036
1234567
61038
1234567
61040
1234567
61042
1234567
61044
1234567
61046
1234567
61048
1234567
61050
1234567
61052
1234567
61054
1234567
61056
1234567
61058
1234567
61060
1234567
61062
1234567
61064
1234567
61066
1234567
61068
1234567
61070
1234567
61072
1234567
61074
1234567
61076
1234567
61078
1234567
61080
1234567
61082
1234567
61084
1234567
61086
1234567
61088
1234567
61090
1234567
61092
1234567
61094
1234567
61096
1234567
61098
1234567
61100
1234567
61102
1234567
61104
1234567
61106
1234567
61108
1234567
61110
1234567
61112
1234567
61114
1234567
61116
1234567
61118
1234567
61120
1234567
61122
1234567
61124
1234567
61126
1234567
61128
1234567
61130
1234567
61132
1234567
61134
1234567
61136
1234567
61138
1234567
61140
1234567
61142
1234567
61144
1234567
61146
1234567
61148
1234567
61150
1234567
61152
1234567
61154
1234567
61156
1234567
61158
1234567
61160
1234567
61162
1234567
61164
1234567
61166
1234567
61168
1234567
61170
1234567
61172
1234567
61174
1234567
61176
1234567
61178
1234567
61180
1234567
61182
1234567
61184
1234567
61186
1234567
61188
1234567
61190
1234567
61192
1234567
61194
1234567
61196
1234567
61198
1234567
61200
1234567
61202
1234567
61204
1234567
61206
1234567
61208
1234567
61210
1234567
61212
1234567
61214
1234567
61216
1234567
61218
1234567
61220
1234567
61222
1234567
61224
1234567
61226
1234567
61228
1234567
61230
1234567
61232
1234567
61234
1234567
61236
1234567
61238
1234567
61240
1234567
61242
1234567
61244
1234567
61246
1234567
61248
1234567
61250
1234567
61252
1234567
61254
1234567
61256
1234567
61258
1234567
61260
1234567
61262
1234567
61264
1234567
61266
1234567
61268
1234567
61270
1234567
61272
1234567
61274
1234567
61276
1234567
61278
1234567
61280
1234567
61282
1234567
61284
1234567
61286
1234567
61288
1234567
61290
1234567
61292
1234567
61294
1234567
61296
1234567
61298
1234567
61300
1234567
61302
1234567
61304
1234567
61306
1234567
61308
1234567
61310
1234567
61312
1234567
61314
1234567
61316
1234567
61318
1234567
61320
1234567
61322
1234567
61324
1234567
61326
1234567
61328
1234567
61330
1234567
61332
1234567
61334
1234567
61336
1234567
61338
1234567
61340
1234567
61342
1234567
61344
1234567
61346
1234567
61348
1234567
61350
1234567
61352
1234567
61354
1234567
61356
1234567
61358
1234567
61360
1234567
61362
1234567
61364
1234567
61366
1234567
61368
1234567
61370
1234567
61372
1234567
61374
1234567
61376
1234567
61378
1234567
61380
1234567
61382
1234567
61384
1234567
61386
1234567
61388
1234567
61390
1234567
61392
1234567
61394
1234567
61396
1234567
61398
1234567
61400
1234567
61402
1234567
61404
1234567
61406
1234567
61408
1234567
61410
1234567
61412
1234567
61414
1234567
61416
1234567
61418
1234567
61420
1234567
61422
1234567
61424
1234567
61426
1234567
61428
1234567
61430
1234567
61432
1234567
61434
1234567
61436
1234567
61438
1234567
61440
1234567
61442
1234567
61444
1234567
61446
1234567
61448
1234567
61450
1234567
61452
1234567
61454
1234567
61456
1234567
61458
1234567
61460
1234567
61462
1234567
61464
1234567
61466
1234567
61468
1234567
61470
1234567
61472
1234567
61474
1234567
61476
1234567
61478
1234567
61480
1234567
61482
1234567
61484
1234567
61486
1234567
61488
1234567
61490
1234567
61492
1234567
61494
1234567
61496
1234567
61498
1234567
61500
1234567
61502
1234567
61504
1234567
61506
1234567
61508
1234567
61510
1234567
61512
1234567
61514
1234567
61516
1234567
61518
1234567
61520
1234567
61522
1234567
61524
1234567
61526
1234567
61528
1234567
61530
1234567
61532
1234567
61534
1234567
61536
1234567
61538
1234567
61540
1234567
61542
1234567
61544
1234567
61546
1234567
61548
1234567
61550
1234567
61552
1234567
61554
1234567
61556
1234567
61558
1234567
61560
1234567
61562
1234567
61564
1234567
61566
1234567
61568
1234567
61570
1234567
61572
1234567
61574
1234567
61576
1234567
61578
1234567
61580
1234567
61582
1234567
61584
1234567
61586
1234567
61588
1234567
61590
1234567
61592
1234567
61594
1234567
61596
1234567
61598
1234567
61600
1234567
61602
1234567
61604
1234567
61606
1234567
61608
1234567
61610
1234567
61612
1234567
61614
1234567
61616
1234567
61618
1234567
61620
1234567
61622
1234567
61624
1234567
61626
1234567
61628
1234567
61630
1234567
61632
1234567
61634
1234567
61636
1234567
61638
1234567
61640
1234567
61642
1234567
61644
1234567
61646
1234567
61648
1234567
61650
1234567
61652
1234567
61654
1234567
61656
1234567
61658
1234567
61660
1234567
61662
1234567
61664
1234567
61666
1234567
61668
1234567
61670
1234567
61672
1234567
61674
1234567
61676
1234567
61678
1234567
61680
1234567
61682
1234567
61684
1234567
61686
1234567
61688
1234567
61690
1234567
61692
1234567
61694
1234567
61696
1234567
61698
1234567
61700
1234567
61702
1234567
61704
1234567
61706
1234567
61708
1234567
61710
1234567
61712
1234567
61714
1234567
61716
1234567
61718
1234567
61720
1234567
61722
1234567
61724
1234567
61726
1234567
61728
1234567
61730
1234567
61732
1234567
61734
1234567
61736
1234567
61738
1234567
61740
1234567
61742
1234567
61744
1234567
61746
1234567
61748
1234567
61750
1234567
61752
1234567
61754
1234567
61756
1234567
61758
1234567
61760
1234567
61762
1234567
61764
1234567
61766
1234567
61768
1234567
61770
1234567
61772
1234567
61774
1234567
61776
1234567
61778
1234567
61780
1234567
61782
1234567
61784
1234567
61786
1234567
61788
1234567
61790
1234567
61792
1234567
61794
1234567
61796
1234567
61798
1234567
61800
1234567
61802
1234567
61804
1234567
61806
1234567
61808
1234567
61810
1234567
61812
1234567
61814
1234567
61816
1234567
61818
1234567
61820
1234567
61822
1234567
61824
1234567
61826
1234567
61828
1234567
61830
1234567
61832
1234567
61834
1234567
61836
1234567
61838
1234567
61840
1234567
61842
1234567
61844
1234567
61846
1234567
61848
1234567
61850
1234567
61852
1234567
61854
1234567
61856
1234567
61858
1234567
61860
1234567
61862
1234567
61864
1234567
61866
1234567
61868
1234567
61870
1234567
61872
1234567
61874
1234567
61876
1234567
61878
1234567
61880
1234567
61882
1234567
61884
1234567
61886
1234567
61888
1234567
61890
1234567
61892
1234567
61894
1234567
61896
1234567
61898
1234567
61900
1234567
61902
1234567
61904
1234567
61906
1234567
61908
1234567
61910
1234567
61912
1234567
61914
1234567
61916
1234567
61918
1234567
61920
1234567
61922
1234567
61924
1234567
61926
1234567
61928
1234567
61930
1234567
61932
1234567
61934
1234567
61936
1234567
61938
1234567
61940
1234567
61942
1234567
61944
1234567
61946
1234567
61948
1234567
61950
1234567
61952
1234567
61954
1234567
61956
1234567
61958
1234567
61960
1234567
61962
1234567
61964
1234567
61966
1234567
61968
1234567
61970
1234567
61972
1234567
61974
1234567
61976
1234567
61978
1234567
61980
1234567
61982
1234567
61984
1234567
61986
1234567
61988
1234567
61990
1234567
61992
1234567
61994
1234567
61996
1234567
61998
1234567
62000
1234567
62002
1234567
62004
1234567
62006
1234567
62008
1234567
62010
1234567
62012
1234567
62014
1234567
62016
1234567
62018
1234567
62020
1234567
62022
1234567
62024
1234567
62026
1234567
62028
1234567
62030
1234567
62032
1234567
62034
1234567
62036
1234567
62038
1234567
62040
1234567
62042
1234567
62044
1234567
62046
1234567
62048
1234567
62050
1234567
62052
1234567
62054
1234567
62056
1234567
62058
1234567
62060
1234567
62062
1234567
62064
1234567
62066
1234567
62068
1234567
62070
1234567
62072
1234567
62074
1234567
62076
1234567
62078
1234567
62080
1234567
62082
1234567
62084
1234567
62086
1234567
62088
1234567
62090
1234567
62092
1234567
62094
1234567
62096
1234567
62098
1234567
62100
1234567
62102
1234567
62104
1234567
62106
1234567
62108
1234567
62110
1234567
62112
1234567
62114
1234567
62116
1234567
62118
1234567
62120
1234567
62122
1234567
62124
1234567
62126
1234567
62128
1234567
62130
1234567
62132
1234567
62134
1234567
62136
1234567
62138
1234567
62140
1234567
62142
1234567
62144
1234567
62146
1234567
62148
1234567
62150
1234567
62152
1234567
62154
1234567
62156
1234567
62158
1234567
62160
1234567
62162
1234567
62164
1234567
62166
1234567
62168
1234567
62170
1234567
62172
1234567
62174
1234567
62176
1234567
62178
1234567
62180
1234567
62182
1234567
62184
1234567
62186
1234567
62188
1234567
62190
1234567
62192
1234567
62194
1234567
62196
1234567
62198
1234567
62200
1234567
62202
1234567
62204
1234567
62206
1234567
62208
1234567
62210
1234567
62212
1234567
62214
1234567
62216
1234567
62218
1234567
62220
1234567
62222
1234567
62224
1234567
62226
1234567
62228
1234567
62230
1234567
62232
1234567
62234
1234567
62236
1234567
62238
1234567
62240
1234567
62242
1234567
62244
1234567
62246
1234567
62248
1234567
62250
1234567
62252
1234567
62254
1234567
62256
1234567
62258
1234567
62260
1234567
62262
1234567
62264
1234567
62266
1234567
62268
1234567
62270
1234567
62272
1234567
62274
1234567
62276
1234567
62278
1234567
62280
1234567
62282
1234567
62284
1234567
62286
1234567
62288
1234567
62290
1234567
62292
1234567
62294
1234567
62296
1234567
62298
1234567
62300
1234567
62302
1234567
62304
1234567
62306
1234567
62308
1234567
62310
1234567
62312
1234567
62314
1234567
62316
1234567
62318
1234567
62320
1234567
62322
1234567
62324
1234567
62326
1234567
62328
1234567
62330
1234567
62332
1234567
62334
1234567
62336
1234567
62338
1234567
62340
1234567
62342
1234567
62344
1234567
62346
1234567
62348
1234567
62350
1234567
62352
1234567
62354
1234567
62356
1234567
62358
1234567
62360
1234567
62362
1234567
62364
1234567
62366
1234567
62368
1234567
62370
1234567
62372
1234567
62374
1234567
62376
1234567
62378
1234567
62380
1234567
62382
1234567
62384
1234567
62386
1234567
62388
1234567
62390
1234567
62392
1234567
62394
1234567
62396
1234567
62398
1234567
62400
1234567
62402
1234567
62404
1234567
62406
1234567
62408
1234567
62410
1234567
62412
1234567
62414
1234567
62416
1234567
62418
1234567
62420
1234567
62422
1234567
62424
1234567
62426
1234567
62428
1234567
62430
1234567
62432
1234567
62434
1234567
62436
1234567
62438
1234567
62440
1234567
62442
1234567
62444
1234567
62446
1234567
62448
1234567
62450
1234567
62452
1234567
62454
1234567
62456
1234567
62458
1234567
62460
1234567
62462
1234567
62464
1234567
62466
1234567
62468
1234567
62470
1234567
62472
1234567
62474
1234567
62476
1234567
62478
1234567
62480
1234567
62482
1234567
62484
1234567
62486
1234567
62488
1234567
62490
1234567
62492
1234567
62494
1234567
62496
1234567
62498
1234567
62500
1234567
62502
1234567
62504
1234567
62506
1234567
62508
1234567
62510
1234567
62512
1234567
62514
1234567
62516
1234567
62518
1234567
62520
1234567
62522
1234567
62524
1234567
62526
1234567
62528
1234567
62530
1234567
62532
1234567
62534
1234567
62536
1234567
62538
1234567
62540
1234567
62542
1234567
62544
1234567
62546
1234567
62548
1234567
62550
1234567
62552
1234567
62554
1234567
62556
1234567
62558
1234567
62560
1234567
62562
1234567
62564
1234567
62566
1234567
62568
1234567
62570
1234567
62572
1234567
62574
1234567
62576
1234567
62578
1234567
62580
1234567
62582
1234567
62584
1234567
62586
1234567
62588
1234567
62590
1234567
62592
1234567
62594
1234567
62596
1234567
62598
1234567
62600
1234567
62602
1234567
62604
1234567
62606
1234567
62608
1234567
62610
1234567
62612
1234567
62614
1234567
62616
1234567
62618
1234567
62620
1234567
62622
1234567
62624
1234567
62626
1234567
62628
1234567
62630
1234567
62632
1234567
62634
1234567
62636
1234567
62638
1234567
62640
1234567
62642
1234567
62644
1234567
62646
1234567
62648
1234567
62650
1234567
62652
1234567
62654
1234567
62656
1234567
62658
1234567
62660
1234567
62662
1234567
62664
1234567
62666
1234567
62668
1234567
62670
1234567
62672
1234567
62674
1234567
62676
1234567
62678
1234567
62680
1234567
62682
1234567
62684
1234567
62686
1234567
62688
1234567
62690
1234567
62692
1234567
62694
1234567
62696
1234567
62698
1234567
62700
1234567
62702
1234567
62704
1234567
62706
1234567
62708
1234567
62710
1234567
62712
1234567
62714
1234567
62716
1234567
62718
1234567
62720
1234567
62722
1234567
62724
1234567
62726
1234567
62728
1234567
62730
1234567
62732
1234567
62734
1234567
62736
1234567
62738
1234567
62740
1234567
62742
1234567
62744
1234567
62746
1234567
62748
1234567
62750
1234567
62752
1234567
62754
1234567
62756
1234567
62758
1234567
62760
1234567
62762
1234567
62764
1234567
62766
1234567
62768
1234567
62770
1234567
62772
1234567
62774
1234567
62776
1234567
62778
1234567
62780
1234567
62782
1234567
62784
1234567
62786
1234567
62788
1234567
62790
1234567
62792
1234567
62794
1234567
62796
1234567
62798
1234567
62800
1234567
62802
1234567
62804
1234567
62806
1234567
62808
1234567
62810
1234567
62812
1234567
62814
1234567
62816
1234567
62818
1234567
62820
1234567
62822
1234567
62824
1234567
62826
1234567
62828
1234567
62830
1234567
62832
1234567
62834
1234567
62836
1234567
62838
1234567
62840
1234567
62842
1234567
62844
1234567
62846
1234567
62848
1234567
62850
1234567
62852
1234567
62854
1234567
62856
1234567
62858
1234567
62860
1234567
62862
1234567
62864
1234567
62866
1234567
62868
1234567
62870
1234567
62872
1234567
62874
1234567
62876
1234567
62878
1234567
62880
1234567
62882
1234567
62884
1234567
62886
1234567
62888
1234567
62890
1234567
62892
1234567
62894
1234567
62896
1234567
62898
1234567
62900
1234567
62902
1234567
62904
1234567
62906
1234567
62908
1234567
62910
1234567
62912
1234567
62914
1234567
62916
1234567
62918
1234567
62920
1234567
62922
1234567
62924
1234567
62926
1234567
62928
1234567
62930
1234567
62932
1234567
62934
1234567
62936
1234567
62938
1234567
62940
1234567
62942
1234567
62944
1234567
62946
1234567
62948
1234567
62950
1234567
62952
1234567
62954
1234567
62956
1234567
62958
1234567
62960
1234567
62962
1234567
62964
1234567
62966
1234567
62968
1234567
62970
1234567
62972
1234567
62974
1234567
62976
1234567
62978
1234567
62980
1234567
62982
1234567
62984
1234567
62986
1234567
62988
1234567
62990
1234567
62992
1234567
62994
1234567
62996
1234567
62998
1234567
63000
1234567
63002
1234567
63004
1234567
63006
1234567
63008
1234567
63010
1234567
63012
1234567
63014
1234567
63016
1234567
63018
1234567
63020
1234567
63022
1234567
63024
1234567
63026
1234567
63028
1234567
63030
1234567
63032
1234567
63034
1234567
63036
1234567
63038
1234567
63040
1234567
63042
1234567
63044
1234567
63046
1234567
63048
1234567
63050
1234567
63052
1234567
63054
1234567
63056
1234567
63058
1234567
63060
1234567
63062
1234567
63064
1234567
63066
1234567
63068
1234567
63070
1234567
63072
1234567
63074
1234567
63076
1234567
63078
1234567
63080
1234567
63082
1234567
63084
1234567
63086
1234567
63088
1234567
63090
1234567
63092
1234567
63094
1234567
63096
1234567
63098
1234567
63100
1234567
63102
1234567
63104
1234567
63106
1234567
63108
1234567
63110
1234567
63112
1234567
63114
1234567
63116
1234567
63118
1234567
63120
1234567
63122
1234567
63124
1234567
63126
1234567
63128
1234567
63130
1234567
63132
1234567
63134
1234567
63136
1234567
63138
1234567
63140
1234567
63142
1234567
63144
1234567
63146
1234567
63148
1234567
63150
1234567
63152
1234567
63154
1234567
63156
1234567
63158
1234567
63160
1234567
63162
1234567
63164
1234567
63166
1234567
63168
1234567
63170
1234567
63172
1234567
63174
1234567
63176
1234567
63178
1234567
63180
1234567
63182
1234567
63184
1234567
63186
1234567
63188
1234567
63190
1234567
63192
1234567
63194
1234567
63196
1234567
63198
1234567
63200
1234567
63202
1234567
63204
1234567
63206
1234567
63208
1234567
63210
1234567
63212
1234567
63214
1234567
63216
1234567
63218
1234567
63220
1234567
63222
1234567
63224
1234567
63226
1234567
63228
1234567
63230
1234567
63232
1234567
63234
1234567
63236
1234567
63238
1234567
63240
1234567
63242
1234567
63244
1234567
63246
1234567
63248
1234567
63250
1234567
63252
1234567
63254
1234567
63256
1234567
63258
1234567
63260
1234567
63262
1234567
63264
1234567
63266
1234567
63268
1234567
63270
1234567
63272
1234567
63274
1234567
63276
1234567
63278
1234567
63280
1234567
63282
1234567
63284
1234567
63286
1234567
63288
1234567
63290
1234567
63292
1234567
63294
1234567
63296
1234567
63298
1234567
63300
1234567
63302
1234567
63304
1234567
63306
1234567
63308
1234567
63310
1234567
63312
1234567
63314
1234567
63316
1234567
63318
1234567
63320
1234567
63322
1234567
63324
1234567
63326
1234567
63328
1234567
63330
1234567
63332
1234567
63334
1234567
63336
1234567
63338
1234567
63340
1234567
63342
1234567
63344
1234567
63346
1234567
63348
1234567
63350
1234567
63352
1234567
63354
1234567
63356
1234567
63358
1234567
63360
1234567
63362
1234567
63364
1234567
63366
1234567
63368
1234567
63370
1234567
63372
1234567
63374
1234567
63376
1234567
63378
1234567
63380
1234567
63382
1234567
63384
1234567
63386
1234567
63388
1234567
63390
1234567
63392
1234567
63394
1234567
63396
1234567
63398
1234567
63400
1234567
63402
1234567
63404
1234567
63406
1234567
63408
1234567
63410
1234567
63412
1234567
63414
1234567
63416
1234567
63418
1234567
63420
1234567
63422
1234567
63424
1234567
63426
1234567
63428
1234567
63430
1234567
63432
1234567
63434
1234567
63436
1234567
63438
1234567
63440
1234567
63442
1234567
63444
1234567
63446
1234567
63448
1234567
63450
1234567
63452
1234567
63454
1234567
63456
1234567
63458
1234567
63460
1234567
63462
1234567
63464
1234567
63466
1234567
63468
1234567
63470
1234567
63472
1234567
63474
1234567
63476
1234567
63478
1234567
63480
1234567
63482
1234567
63484
1234567
63486
1234567
63488
1234567
63490
1234567
63492
1234567
63494
1234567
63496
1234567
63498
1234567
63500
1234567
63502
1234567
63504
1234567
63506
1234567
63508
1234567
63510
1234567
63512
1234567
63514
1234567
63516
1234567
63518
1234567
63520
1234567
63522
1234567
63524
1234567
63526
1234567
63528
1234567
63530
1234567
63532
1234567
63534
1234567
63536
1234567
63538
1234567
63540
1234567
63542
1234567
63544
1234567
63546
1234567
63548
1234567
63550
1234567
63552
1234567
63554
1234567
63556
1234567
63558
1234567
63560
1234567
63562
1234567
63564
1234567
63566
1234567
63568
1234567
63570
1234567
63572
1234567
63574
1234567
63576
1234567
63578
1234567
63580
1234567
63582
1234567
63584
1234567
63586
1234567
63588
1234567
63590
1234567
63592
1234567
63594
1234567
63596
1234567
63598
1234567
63600
1234567
63602
1234567
63604
1234567
63606
1234567
63608
1234567
63610
1234567
63612
1234567
63614
1234567
63616
1234567
63618
1234567
63620
1234567
63622
1234567
63624
1234567
63626
1234567
63628
1234567
63630
1234567
63632
1234567
63634
1234567
63636
1234567
63638
1234567
63640
1234567
63642
1234567
63644
1234567
63646
1234567
63648
1234567
63650
1234567
63652
1234567
63654
1234567
63656
1234567
63658
1234567
63660
1234567
63662
1234567
63664
1234567
63666
1234567
63668
1234567
63670
1234567
63672
1234567
63674
1234567
63676
1234567
63678
1234567
63680
1234567
63682
1234567
63684
1234567
63686
1234567
63688
1234567
63690
1234567
63692
1234567
63694
1234567
63696
1234567
63698
1234567
63700
1234567
63702
1234567
63704
1234567
63706
1234567
63708
1234567
63710
1234567
63712
1234567
63714
1234567
63716
1234567
63718
1234567
63720
1234567
63722
1234567
63724
1234567
63726
1234567
63728
1234567
63730
1234567
63732
1234567
63734
1234567
63736
1234567
63738
1234567
63740
1234567
63742
1234567
63744
1234567
63746
1234567
63748
1234567
63750
1234567
63752
1234567
63754
1234567
63756
1234567
63758
1234567
63760
1234567
63762
1234567
63764
1234567
63766
1234567
63768
1234567
63770
1234567
63772
1234567
63774
1234567
63776
1234567
63778
1234567
63780
1234567
63782
1234567
63784
1234567
63786
1234567
63788
1234567
63790
1234567
63792
1234567
63794
1234567
63796
1234567
63798
1234567
63800
1234567
63802
1234567
63804
1234567
63806
1234567
63808
1234567
63810
1234567
63812
1234567
63814
1234567
63816
1234567
63818
1234567
63820
1234567
63822
1234567
63824
1234567
63826
1234567
63828
1234567
63830
1234567
63832
1234567
63834
1234567
63836
1234567
63838
1234567
63840
1234567
63842
1234567
63844
1234567
63846
1234567
63848
1234567
63850
1234567
63852
1234567
63854
1234567
63856
1234567
63858
1234567
63860
1234567
63862
1234567
63864
1234567
63866
1234567
63868
1234567
63870
1234567
63872
1234567
63874
1234567
63876
1234567
63878
1234567
63880
1234567
63882
1234567
63884
1234567
63886
1234567
63888
1234567
63890
1234567
63892
1234567
63894
1234567
63896
1234567
63898
1234567
63900
1234567
63902
1234567
63904
1234567
63906
1234567
63908
1234567
63910
1234567
63912
1234567
63914
1234567
63916
1234567
63918
1234567
63920
1234567
63922
1234567
63924
1234567
63926
1234567
63928
1234567
63930
1234567
63932
1234567
63934
1234567
63936
1234567
63938
1234567
63940
1234567
63942
1234567
63944
1234567
63946
1234567
63948
1234567
63950
1234567
63952
1234567
63954
1234567
63956
1234567
63958
1234567
63960
1234567
63962
1234567
63964
1234567
63966
1234567
63968
1234567
63970
1234567
63972
1234567
63974
1234567
63976
1234567
63978
1234567
63980
1234567
63982
1234567
63984
1234567
63986
1234567
63988
1234567
63990
1234567
63992
1234567
63994
1234567
63996
1234567
63998
1234567
64000
1234567
64002
1234567
64004
1234567
64006
1234567
64008
1234567
64010
1234567
64012
1234567
64014
1234567
64016
1234567
64018
1234567
64020
1234567
64022
1234567
64024
1234567
64026
1234567
64028
1234567
64030
1234567
64032
1234567
64034
1234567
64036
1234567
64038
1234567
64040
1234567
64042
1234567
64044
1234567
64046
1234567
64048
1234567
64050
1234567
64052
1234567
64054
1234567
64056
1234567
64058
1234567
64060
1234567
64062
1234567
64064
1234567
64066
1234567
64068
1234567
64070
1234567
64072
1234567
64074
1234567
64076
1234567
64078
1234567
64080
1234567
64082
1234567
64084
1234567
64086
1234567
64088
1234567
64090
1234567
64092
1234567
64094
1234567
64096
1234567
64098
1234567
64100
1234567
64102
1234567
64104
1234567
64106
1234567
64108
1234567
64110
1234567
64112
1234567
64114
1234567
64116
1234567
64118
1234567
64120
1234567
64122
1234567
64124
1234567
64126
1234567
64128
1234567
64130
1234567
64132
1234567
64134
1234567
64136
1234567
64138
1234567
64140
1234567
64142
1234567
64144
1234567
64146
1234567
64148
1234567
64150
1234567
64152
1234567
64154
1234567
64156
1234567
64158
1234567
64160
1234567
64162
1234567
64164
1234567
64166
1234567
64168
1234567
64170
1234567
64172
1234567
64174
1234567
64176
1234567
64178
1234567
64180
1234567
64182
1234567
64184
1234567
64186
1234567
64188
1234567
64190
1234567
64192
1234567
64194
1234567
64196
1234567
64198
1234567
64200
1234567
64202
1234567
64204
1234567
64206
1234567
64208
1234567
64210
1234567
64212
1234567
64214
1234567
64216
1234567
64218
1234567
64220
1234567
64222
1234567
64224
1234567
64226
1234567
64228
1234567
64230
1234567
64232
1234567
64234
1234567
64236
1234567
64238
1234567
64240
1234567
64242
1234567
64244
1234567
64246
1234567
64248
1234567
64250
1234567
64252
1234567
64254
1234567
64256
1234567
64258
1234567
64260
1234567
64262
1234567
64264
1234567
64266
1234567
64268
1234567
64270
1234567
64272
1234567
64274
1234567
64276
1234567
64278
1234567
64280
1234567
64282
1234567
64284
1234567
64286
1234567
64288
1234567
64290
1234567
64292
1234567
64294
1234567
64296
1234567
64298
1234567
64300
1234567
64302
1234567
64304
1234567
64306
1234567
64308
1234567
64310
1234567
64312
1234567
64314
1234567
64316
1234567
64318
1234567
64320
1234567
64322
1234567
64324
1234567
64326
1234567
64328
1234567
64330
1234567
64332
1234567
64334
1234567
64336
1234567
64338
1234567
64340
1234567
64342
1234567
64344
1234567
64346
1234567
64348
1234567
64350
1234567
64352
1234567
64354
1234567
64356
1234567
64358
1234567
64360
1234567
64362
1234567
64364
1234567
64366
1234567
64368
1234567
64370
1234567
64372
1234567
64374
1234567
64376
1234567
64378
1234567
64380
1234567
64382
1234567
64384
1234567
64386
1234567
64388
1234567
64390
1234567
64392
1234567
64394
1234567
64396
1234567
64398
1234567
64400
1234567
64402
1234567
64404
1234567
64406
1234567
64408
1234567
64410
1234567
64412
1234567
64414
1234567
64416
1234567
64418
1234567
64420
1234567
64422
1234567
64424
1234567
64426
1234567
64428
1234567
64430
1234567
64432
1234567
64434
1234567
64436
1234567
64438
1234567
64440
1234567
64442
1234567
64444
1234567
64446
1234567
64448
1234567
64450
1234567
64452
1234567
64454
1234567
64456
1234567
64458
1234567
64460
1234567
64462
1234567
64464
1234567
64466
1234567
64468
1234567
64470
1234567
64472
1234567
64474
1234567
64476
1234567
64478
1234567
64480
1234567
64482
1234567
64484
1234567
64486
1234567
64488
1234567
64490
1234567
64492
1234567
64494
1234567
64496
1234567
64498
1234567
64500
1234567
64502
1234567
64504
1234567
64506
1234567
64508
1234567
64510
1234567
64512
1234567
64514
1234567
64516
1234567
64518
1234567
64520
1234567
64522
1234567
64524
1234567
64526
1234567
64528
1234567
64530
1234567
64532
1234567
64534
1234567
64536
1234567
64538
1234567
64540
1234567
64542
1234567
64544
1234567
64546
1234567
64548
1234567
64550
1234567
64552
1234567
64554
1234567
64556
1234567
64558
1234567
64560
1234567
64562
1234567
64564
1234567
64566
1234567
64568
1234567
64570
1234567
64572
1234567
64574
1234567
64576
1234567
64578
1234567
64580
1234567
64582
1234567
64584
1234567
64586
1234567
64588
1234567
64590
1234567
64592
1234567
64594
1234567
64596
1234567
64598
1234567
64600
1234567
64602
1234567
64604
1234567
64606
1234567
64608
1234567
64610
1234567
64612
1234567
64614
1234567
64616
1234567
64618
1234567
64620
1234567
64622
1234567
64624
1234567
64626
1234567
64628
1234567
64630
1234567
64632
1234567
64634
1234567
64636
1234567
64638
1234567
64640
1234567
64642
1234567
64644
1234567
64646
1234567
64648
1234567
64650
1234567
64652
1234567
64654
1234567
64656
1234567
64658
1234567
64660
1234567
64662
1234567
64664
1234567
64666
1234567
64668
1234567
64670
1234567
64672
1234567
64674
1234567
64676
1234567
64678
1234567
64680
1234567
64682
1234567
64684
1234567
64686
1234567
64688
1234567
64690
1234567
64692
1234567
64694
1234567
64696
1234567
64698
1234567
64700
1234567
64702
1234567
64704
1234567
64706
1234567
64708
1234567
64710
1234567
64712
1234567
64714
1234567
64716
1234567
64718
1234567
64720
1234567
64722
1234567
64724
1234567
64726
1234567
64728
1234567
64730
1234567
64732
1234567
64734
1234567
64736
1234567
64738
1234567
64740
1234567
64742
1234567
64744
1234567
64746
1234567
64748
1234567
64750
1234567
64752
1234567
64754
1234567
64756
1234567
64758
1234567
64760
1234567
64762
1234567
64764
1234567
64766
1234567
64768
1234567
64770
1234567
64772
1234567
64774
1234567
64776
1234567
64778
1234567
64780
1234567
64782
1234567
64784
1234567
64786
1234567
64788
1234567
64790
1234567
64792
1234567
64794
1234567
64796
1234567
64798
1234567
64800
1234567
64802
1234567
64804
1234567
64806
1234567
64808
1234567
64810
1234567
64812
1234567
64814
1234567
64816
1234567
64818
1234567
64820
1234567
64822
1234567
64824
1234567
64826
1234567
64828
1234567
64830
1234567
64832
1234567
64834
1234567
64836
1234567
64838
1234567
64840
1234567
64842
1234567
64844
1234567
64846
1234567
64848
1234567
64850
1234567
64852
1234567
64854
1234567
64856
1234567
64858
1234567
64860
1234567
64862
1234567
64864
1234567
64866
1234567
64868
1234567
64870
1234567
64872
1234567
64874
1234567
64876
1234567
64878
1234567
64880
1234567
64882
1234567
64884
1234567
64886
1234567
64888
1234567
64890
1234567
64892
1234567
64894
1234567
64896
1234567
64898
1234567
64900
1234567
64902
1234567
64904
1234567
64906
1234567
64908
1234567
64910
1234567
64912
1234567
64914
1234567
64916
1234567
64918
1234567
64920
1234567
64922
1234567
64924
1234567
64926
1234567
64928
1234567
64930
1234567
64932
1234567
64934
1234567
64936
1234567
64938
1234567
64940
1234567
64942
1234567
64944
1234567
64946
1234567
64948
1234567
64950
1234567
64952
1234567
64954
1234567
64956
1234567
64958
1234567
64960
1234567
64962
1234567
64964
1234567
64966
1234567
64968
1234567
64970
1234567
64972
1234567
64974
1234567
64976
1234567
64978
1234567
64980
1234567
64982
1234567
64984
1234567
64986
1234567
64988
1234567
64990
1234567
64992
1234567
64994
1234567
64996
1234567
64998
1234567
65000
1234567
65002
1234567
65004
1234567
65006
1234567
65008
1234567
65010
1234567
65012
1234567
65014
1234567
65016
1234567
65018
1234567
65020
1234567
65022
1234567
65024
1234567
65026
1234567
65028
1234567
65030
1234567
65032
1234567
65034
1234567
65036
1234567
65038
1234567
65040
1234567
65042
1234567
65044
1234567
65046
1234567
65048
1234567
65050
1234567
65052
1234567
65054
1234567
65056
1234567
65058
1234567
65060
1234567
65062
1234567
65064
1234567
65066
1234567
65068
1234567
65070
1234567
65072
1234567
65074
1234567
65076
1234567
65078
1234567
65080
1234567
65082
1234567
65084
1234567
65086
1234567
65088
1234567
65090
1234567
65092
1234567
65094
1234567
65096
1234567
65098
1234567
65100
1234567
65102
1234567
65104
1234567
65106
1234567
65108
1234567
65110
1234567
65112
1234567
65114
1234567
65116
1234567
65118
1234567
65120
1234567
65122
1234567
65124
1234567
65126
1234567
65128
1234567
65130
1234567
65132
1234567
65134
1234567
65136
1234567
65138
1234567
65140
1234567
65142
1234567
65144
1234567
65146
1234567
65148
1234567
65150
1234567
65152
1234567
65154
1234567
65156
1234567
65158
1234567
65160
1234567
65162
1234567
65164
1234567
65166
1234567
65168
1234567
65170
1234567
65172
1234567
65174
1234567
65176
1234567
65178
1234567
65180
1234567
65182
1234567
65184
1234567
65186
1234567
65188
1234567
65190
1234567
65192
1234567
65194
1234567
65196
1234567
65198
1234567
65200
1234567
65202
1234567
65204
1234567
65206
1234567
65208
1234567
65210
1234567
65212
1234567
65214
1234567
65216
1234567
65218
1234567
65220
1234567
65222
1234567
65224
1234567
65226
1234567
65228
1234567
65230
1234567
65232
1234567
65234
1234567
65236
1234567
65238
1234567
65240
1234567
65242
1234567
65244
1234567
65246
1234567
65248
1234567
65250
1234567
65252
1234567
65254
1234567
65256
1234567
65258
1234567
65260
1234567
65262
1234567
65264
1234567
65266
1234567
65268
1234567
65270
1234567
65272
1234567
65274
1234567
65276
1234567
65278
1234567
65280
1234567
65282
1234567
65284
1234567
65286
1234567
65288
1234567
65290
1234567
65292
1234567
65294
1234567
65296
1234567
65298
1234567
65300
1234567
65302
1234567
65304
1234567
65306
1234567
65308
1234567
65310
1234567
65312
1234567
65314
1234567
65316
1234567
65318
1234567
65320
1234567
65322
1234567
65324
1234567
65326
1234567
65328
1234567
65330
1234567
65332
1234567
65334
1234567
65336
1234567
65338
1234567
65340
1234567
65342
1234567
65344
1234567
65346
1234567
65348
1234567
65350
1234567
65352
1234567
65354
1234567
65356
1234567
65358
1234567
65360
1234567
65362
1234567
65364
1234567
65366
1234567
65368
1234567
65370
1234567
65372
1234567
65374
1234567
65376
1234567
65378
1234567
65380
1234567
65382
1234567
65384
1234567
65386
1234567
65388
1234567
65390
1234567
65392
1234567
65394
1234567
65396
1234567
65398
1234567
65400
1234567
65402
1234567
65404
1234567
65406
1234567
65408
1234567
65410
1234567
65412
1234567
65414
1234567
65416
1234567
65418
1234567
65420
1234567
65422
1234567
65424
1234567
65426
1234567
65428
1234567
65430
1234567
65432
1234567
65434
1234567
65436
1234567
65438
1234567
65440
1234567
65442
1234567
65444
1234567
65446
1234567
65448
1234567
65450
1234567
65452
1234567
65454
1234567
65456
1234567
65458
1234567
65460
1234567
65462
1234567
65464
1234567
65466
1234567
65468
1234567
65470
1234567
65472
1234567
65474
1234567
65476
1234567
65478
1234567
65480
1234567
65482
1234567
65484
1234567
65486
1234567
65488
1234567
65490
1234567
65492
1234567
65494
1234567
65496
1234567
65498
1234567
65500
1234567
65502
1234567
65504
1234567
65506
1234567
65508
1234567
65510
1234567
65512
1234567
65514
1234567
65516
1234567
65518
1234567
65520
1234567
65522
1234567
65524
1234567
65526
1234567
65528
1234567
65530
1234567
65532
1234567
65534
1234567
65536
1234567
65538
1234567
65540
1234567
65542
1234567
65544
1234567
65546
1234567
65548
1234567
65550
1234567
65552
1234567
65554
1234567
65556
1234567
65558
1234567
65560
1234567
65562
1234567
65564
1234567
65566
1234567
65568
1234567
65570
1234567
65572
1234567
65574
1234567
65576
1234567
65578
1234567
65580
1234567
65582
1234567
65584
1234567
65586
1234567
65588
1234567
65590
1234567
65592
1234567
65594
1234567
65596
1234567
65598
1234567
65600
1234567
65602
1234567
65604
1234567
65606
1234567
65608
1234567
65610
1234567
65612
1234567
65614
1234567
65616
1234567
65618
1234567
65620
1234567
65622
1234567
65624
1234567
65626
1234567
65628
1234567
65630
1234567
65632
1234567
65634
1234567
65636
1234567
65638
1234567
65640
1234567
65642
1234567
65644
1234567
65646
1234567
65648
1234567
65650
1234567
65652
1234567
65654
1234567
65656
1234567
65658
1234567
65660
1234567
65662
1234567
65664
1234567
65666
1234567
65668
1234567
65670
1234567
65672
1234567
65674
1234567
65676
1234567
65678
1234567
65680
1234567
65682
1234567
65684
1234567
65686
1234567
65688
1234567
65690
1234567
65692
1234567
65694
1234567
65696
1234567
65698
1234567
65700
1234567
65702
1234567
65704
1234567
65706
1234567
65708
1234567
65710
1234567
65712
1234567
65714
1234567
65716
1234567
65718
1234567
65720
1234567
65722
1234567
65724
1234567
65726
1234567
65728
1234567
65730
1234567
65732
1234567
65734
1234567
65736
1234567
65738
1234567
65740
1234567
65742
1234567
65744
1234567
65746
1234567
65748
1234567
65750
1234567
65752
1234567
65754
1234567
65756
1234567
65758
1234567
65760
1234567
65762
1234567
65764
1234567
65766
1234567
65768
1234567
65770
1234567
65772
1234567
65774
1234567
65776
1234567
65778
1234567
65780
1234567
65782
1234567
65784
1234567
65786
1234567
65788
1234567
65790
1234567
65792
1234567
65794
1234567
65796
1234567
65798
1234567
65800
1234567
65802
1234567
65804
1234567
65806
1234567
65808
1234567
65810
1234567
65812
1234567
65814
1234567
65816
1234567
65818
1234567
65820
1234567
65822
1234567
65824
1234567
65826
1234567
65828
1234567
65830
1234567
65832
1234567
65834
1234567
65836
1234567
65838
1234567
65840
1234567
65842
1234567
65844
1234567
65846
1234567
65848
1234567
65850
1234567
65852
1234567
65854
1234567
65856
1234567
65858
1234567
65860
1234567
65862
1234567
65864
1234567
65866
1234567
65868
1234567
65870
1234567
65872
1234567
65874
1234567
65876
1234567
65878
1234567
65880
1234567
65882
1234567
65884
1234567
65886
1234567
65888
1234567
65890
1234567
65892
1234567
65894
1234567
65896
1234567
65898
1234567
65900
1234567
65902
1234567
65904
1234567
65906
1234567
65908
1234567
65910
1234567
65912
1234567
65914
1234567
65916
1234567
65918
1234567
65920
1234567
65922
1234567
65924
1234567
65926
1234567
65928
1234567
65930
1234567
65932
1234567
65934
1234567
65936
1234567
65938
1234567
65940
1234567
65942
1234567
65944
1234567
65946
1234567
65948
1234567
65950
1234567
65952
1234567
65954
1234567
65956
1234567
65958
1234567
65960
1234567
65962
1234567
65964
1234567
65966
1234567
65968
1234567
65970
1234567
65972
1234567
65974
1234567
65976
1234567
65978
1234567
65980
1234567
65982
1234567
65984
1234567
65986
1234567
65988
1234567
65990
1234567
65992
1234567
65994
1234567
65996
1234567
65998
1234567
66000
1234567
66002
1234567
66004
1234567
66006
1234567
66008
1234567
66010
1234567
66012
1234567
66014
1234567
66016
1234567
66018
1234567
66020
1234567
66022
1234567
66024
1234567
66026
1234567
66028
1234567
66030
1234567
66032
1234567
66034
1234567
66036
1234567
66038
1234567
66040
1234567
66042
1234567
66044
1234567
66046
1234567
66048
1234567
66050
1234567
66052
1234567
66054
1234567
66056
1234567
66058
1234567
66060
1234567
66062
1234567
66064
1234567
66066
1234567
66068
1234567
66070
1234567
66072
1234567
66074
1234567
66076
1234567
66078
1234567
66080
1234567
66082
1234567
66084
1234567
66086
1234567
66088
1234567
66090
1234567
66092
1234567
66094
1234567
66096
1234567
66098
1234567
66100
1234567
66102
1234567
66104
1234567
66106
1234567
66108
1234567
66110
1234567
66112
1234567
66114
1234567
66116
1234567
66118
1234567
66120
1234567
66122
1234567
66124
1234567
66126
1234567
66128
1234567
66130
1234567
66132
1234567
66134
1234567
66136
1234567
66138
1234567
66140
1234567
66142
1234567
66144
1234567
66146
1234567
66148
1234567
66150
1234567
66152
1234567
66154
1234567
66156
1234567
66158
1234567
66160
1234567
66162
1234567
66164
1234567
66166
1234567
66168
1234567
66170
1234567
66172
1234567
66174
1234567
66176
1234567
66178
1234567
66180
1234567
66182
1234567
66184
1234567
66186
1234567
66188
1234567
66190
1234567
66192
1234567
66194
1234567
66196
1234567
66198
1234567
66200
1234567
66202
1234567
66204
1234567
66206
1234567
66208
1234567
66210
1234567
66212
1234567
66214
1234567
66216
1234567
66218
1234567
66220
1234567
66222
1234567
66224
1234567
66226
1234567
66228
1234567
66230
1234567
66232
1234567
66234
1234567
66236
1234567
66238
1234567
66240
1234567
66242
1234567
66244
1234567
66246
1234567
66248
1234567
66250
1234567
66252
1234567
66254
1234567
66256
1234567
66258
1234567
66260
1234567
66262
1234567
66264
1234567
66266
1234567
66268
1234567
66270
1234567
66272
1234567
66274
1234567
66276
1234567
66278
1234567
66280
1234567
66282
1234567
66284
1234567
66286
1234567
66288
1234567
66290
1234567
66292
1234567
66294
1234567
66296
1234567
66298
1234567
66300
1234567
66302
1234567
66304
1234567
66306
1234567
66308
1234567
66310
1234567
66312
1234567
66314
1234567
66316
1234567
66318
1234567
66320
1234567
66322
1234567
66324
1234567
66326
1234567
66328
1234567
66330
1234567
66332
1234567
66334
1234567
66336
1234567
66338
1234567
66340
1234567
66342
1234567
66344
1234567
66346
1234567
66348
1234567
66350
1234567
66352
1234567
66354
1234567
66356
1234567
66358
1234567
66360
1234567
66362
1234567
66364
1234567
66366
1234567
66368
1234567
66370
1234567
66372
1234567
66374
1234567
66376
1234567
66378
1234567
66380
1234567
66382
1234567
66384
1234567
66386
1234567
66388
1234567
66390
1234567
66392
1234567
66394
1234567
66396
1234567
66398
1234567
66400
1234567
66402
1234567
66404
1234567
66406
1234567
66408
1234567
66410
1234567
66412
1234567
66414
1234567
66416
1234567
66418
1234567
66420
1234567
66422
1234567
66424
1234567
66426
1234567
66428
1234567
66430
1234567
66432
1234567
66434
1234567
66436
1234567
66438
1234567
66440
1234567
66442
1234567
66444
1234567
66446
1234567
66448
1234567
66450
1234567
66452
1234567
66454
1234567
66456
1234567
66458
1234567
66460
1234567
66462
1234567
66464
1234567
66466
1234567
66468
1234567
66470
1234567
66472
1234567
66474
1234567
66476
1234567
66478
1234567
66480
1234567
66482
1234567
66484
1234567
66486
1234567
66488
1234567
66490
1234567
66492
1234567
66494
1234567
66496
1234567
66498
1234567
66500
1234567
66502
1234567
66504
1234567
66506
1234567
66508
1234567
66510
1234567
66512
1234567
66514
1234567
66516
1234567
66518
1234567
66520
1234567
66522
1234567
66524
1234567
66526
1234567
66528
1234567
66530
1234567
66532
1234567
66534
1234567
66536
1234567
66538
1234567
66540
1234567
66542
1234567
66544
1234567
66546
1234567
66548
1234567
66550
1234567
66552
1234567
66554
1234567
66556
1234567
66558
1234567
66560
1234567
66562
1234567
66564
1234567
66566
1234567
66568
1234567
66570
1234567
66572
1234567
66574
1234567
66576
1234567
66578
1234567
66580
1234567
66582
1234567
66584
1234567
66586
1234567
66588
1234567
66590
1234567
66592
1234567
66594
1234567
66596
1234567
66598
1234567
66600
1234567
66602
1234567
66604
1234567
66606
1234567
66608
1234567
66610
1234567
66612
1234567
66614
1234567
66616
1234567
66618
1234567
66620
1234567
66622
1234567
66624
1234567
66626
1234567
66628
1234567
66630
1234567
66632
1234567
66634
1234567
66636
1234567
66638
1234567
66640
1234567
66642
1234567
66644
1234567
66646
1234567
66648
1234567
66650
1234567
66652
1234567
66654
1234567
66656
1234567
66658
1234567
66660
1234567
66662
1234567
66664
1234567
66666
1234567
66668
1234567
66670
1234567
66672
1234567
66674
1234567
66676
1234567
66678
1234567
66680
1234567
66682
1234567
66684
1234567
66686
1234567
66688
1234567
66690
1234567
66692
1234567
66694
1234567
66696
1234567
66698
1234567
66700
1234567
66702
1234567
66704
1234567
66706
1234567
66708
1234567
66710
1234567
66712
1234567
66714
1234567
66716
1234567
66718
1234567
66720
1234567
66722
1234567
66724
1234567
66726
1234567
66728
1234567
66730
1234567
66732
1234567
66734
1234567
66736
1234567
66738
1234567
66740
1234567
66742
1234567
66744
1234567
66746
1234567
66748
1234567
66750
1234567
66752
1234567
66754
1234567
66756
1234567
66758
1234567
66760
1234567
66762
1234567
66764
1234567
66766
1234567
66768
1234567
66770
1234567
66772
1234567
66774
1234567
66776
1234567
66778
1234567
66780
1234567
66782
1234567
66784
1234567
66786
1234567
66788
1234567
66790
1234567
66792
1234567
66794
1234567
66796
1234567
66798
1234567
66800
1234567
66802
1234567
66804
1234567
66806
1234567
66808
1234567
66810
1234567
66812
1234567
66814
1234567
66816
1234567
66818
1234567
66820
1234567
66822
1234567
66824
1234567
66826
1234567
66828
1234567
66830
1234567
66832
1234567
66834
1234567
66836
1234567
66838
1234567
66840
1234567
66842
1234567
66844
1234567
66846
1234567
66848
1234567
66850
1234567
66852
1234567
66854
1234567
66856
1234567
66858
1234567
66860
1234567
66862
1234567
66864
1234567
66866
1234567
66868
1234567
66870
1234567
66872
1234567
66874
1234567
66876
1234567
66878
1234567
66880
1234567
66882
1234567
66884
1234567
66886
1234567
66888
1234567
66890
1234567
66892
1234567
66894
1234567
66896
1234567
66898
1234567
66900
1234567
66902
1234567
66904
1234567
66906
1234567
66908
1234567
66910
1234567
66912
1234567
66914
1234567
66916
1234567
66918
1234567
66920
1234567
66922
1234567
66924
1234567
66926
1234567
66928
1234567
66930
1234567
66932
1234567
66934
1234567
66936
1234567
66938
1234567
66940
1234567
66942
1234567
66944
1234567
66946
1234567
66948
1234567
66950
1234567
66952
1234567
66954
1234567
66956
1234567
66958
1234567
66960
1234567
66962
1234567
66964
1234567
66966
1234567
66968
1234567
66970
1234567
66972
1234567
66974
1234567
66976
1234567
66978
1234567
66980
1234567
66982
1234567
66984
1234567
66986
1234567
66988
1234567
66990
1234567
66992
1234567
66994
1234567
66996
1234567
66998
1234567
67000
1234567
67002
1234567
67004
1234567
67006
1234567
67008
1234567
67010
1234567
67012
1234567
67014
1234567
67016
1234567
67018
1234567
67020
1234567
67022
1234567
67024
1234567
67026
1234567
67028
1234567
67030
1234567
67032
1234567
67034
1234567
67036
1234567
67038
1234567
67040
1234567
67042
1234567
67044
1234567
67046
1234567
67048
1234567
67050
1234567
67052
1234567
67054
1234567
67056
1234567
67058
1234567
67060
1234567
67062
1234567
67064
1234567
67066
1234567
67068
1234567
67070
1234567
67072
1234567
67074
1234567
67076
1234567
67078
1234567
67080
1234567
67082
1234567
67084
1234567
67086
1234567
67088
1234567
67090
1234567
67092
1234567
67094
1234567
67096
1234567
67098
1234567
67100
1234567
67102
1234567
67104
1234567
67106
1234567
67108
1234567
67110
1234567
67112
1234567
67114
1234567
67116
1234567
67118
1234567
67120
1234567
67122
1234567
67124
1234567
67126
1234567
67128
1234567
67130
1234567
67132
1234567
67134
1234567
67136
1234567
67138
1234567
67140
1234567
67142
1234567
67144
1234567
67146
1234567
67148
1234567
67150
1234567
67152
1234567
67154
1234567
67156
1234567
67158
1234567
67160
1234567
67162
1234567
67164
1234567
67166
1234567
67168
1234567
67170
1234567
67172
1234567
67174
1234567
67176
1234567
67178
1234567
67180
1234567
67182
1234567
67184
1234567
67186
1234567
67188
1234567
67190
1234567
67192
1234567
67194
1234567
67196
1234567
67198
1234567
67200
1234567
67202
1234567
67204
1234567
67206
1234567
67208
1234567
67210
1234567
67212
1234567
67214
1234567
67216
1234567
67218
1234567
67220
1234567
67222
1234567
67224
1234567
67226
1234567
67228
1234567
67230
1234567
67232
1234567
67234
1234567
67236
1234567
67238
1234567
67240
1234567
67242
1234567
67244
1234567
67246
1234567
67248
1234567
67250
1234567
67252
1234567
67254
1234567
67256
1234567
67258
1234567
67260
1234567
67262
1234567
67264
1234567
67266
1234567
67268
1234567
67270
1234567
67272
1234567
67274
1234567
67276
1234567
67278
1234567
67280
1234567
67282
1234567
67284
1234567
67286
1234567
67288
1234567
67290
1234567
67292
1234567
67294
1234567
67296
1234567
67298
1234567
67300
1234567
67302
1234567
67304
1234567
67306
1234567
67308
1234567
67310
1234567
67312
1234567
67314
1234567
67316
1234567
67318
1234567
67320
1234567
67322
1234567
67324
1234567
67326
1234567
67328
1234567
67330
1234567
67332
1234567
67334
1234567
67336
1234567
67338
1234567
67340
1234567
67342
1234567
67344
1234567
67346
1234567
67348
1234567
67350
1234567
67352
1234567
67354
1234567
67356
1234567
67358
1234567
67360
1234567
67362
1234567
67364
1234567
67366
1234567
67368
1234567
67370
1234567
67372
1234567
67374
1234567
67376
1234567
67378
1234567
67380
1234567
67382
1234567
67384
1234567
67386
1234567
67388
1234567
67390
1234567
67392
1234567
67394
1234567
67396
1234567
67398
1234567
67400
1234567
67402
1234567
67404
1234567
67406
1234567
67408
1234567
67410
1234567
67412
1234567
67414
1234567
67416
1234567
67418
1234567
67420
1234567
67422
1234567
67424
1234567
67426
1234567
67428
1234567
67430
1234567
67432
1234567
67434
1234567
67436
1234567
67438
1234567
67440
1234567
67442
1234567
67444
1234567
67446
1234567
67448
1234567
67450
1234567
67452
1234567
67454
1234567
67456
1234567
67458
1234567
67460
1234567
67462
1234567
67464
1234567
67466
1234567
67468
1234567
67470
1234567
67472
1234567
67474
1234567
67476
1234567
67478
1234567
67480
1234567
67482
1234567
67484
1234567
67486
1234567
67488
1234567
67490
1234567
67492
1234567
67494
1234567
67496
1234567
67498
1234567
67500
1234567
67502
1234567
67504
1234567
67506
1234567
67508
1234567
67510
1234567
67512
1234567
67514
1234567
67516
1234567
67518
1234567
67520
1234567
67522
1234567
67524
1234567
67526
1234567
67528
1234567
67530
1234567
67532
1234567
67534
1234567
67536
1234567
67538
1234567
67540
1234567
67542
1234567
67544
1234567
67546
1234567
67548
1234567
67550
1234567
67552
1234567
67554
1234567
67556
1234567
67558
1234567
67560
1234567
67562
1234567
67564
1234567
67566
1234567
67568
1234567
67570
1234567
67572
1234567
67574
1234567
67576
1234567
67578
1234567
67580
1234567
67582
1234567
67584
1234567
67586
1234567
67588
1234567
67590
1234567
67592
1234567
67594
1234567
67596
1234567
67598
1234567
67600
1234567
67602
1234567
67604
1234567
67606
1234567
67608
1234567
67610
1234567
67612
1234567
67614
1234567
67616
1234567
67618
1234567
67620
1234567
67622
1234567
67624
1234567
67626
1234567
67628
1234567
67630
1234567
67632
1234567
67634
1234567
67636
1234567
67638
1234567
67640
1234567
67642
1234567
67644
1234567
67646
1234567
67648
1234567
67650
1234567
67652
1234567
67654
1234567
67656
1234567
67658
1234567
67660
1234567
67662
1234567
67664
1234567
67666
1234567
67668
1234567
67670
1234567
67672
1234567
67674
1234567
67676
1234567
67678
1234567
67680
1234567
67682
1234567
67684
1234567
67686
1234567
67688
1234567
67690
1234567
67692
1234567
67694
1234567
67696
1234567
67698
1234567
67700
1234567
67702
1234567
67704
1234567
67706
1234567
67708
1234567
67710
1234567
67712
1234567
67714
1234567
67716
1234567
67718
1234567
67720
1234567
67722
1234567
67724
1234567
67726
1234567
67728
1234567
67730
1234567
67732
1234567
67734
1234567
67736
1234567
67738
1234567
67740
1234567
67742
1234567
67744
1234567
67746
1234567
67748
1234567
67750
1234567
67752
1234567
67754
1234567
67756
1234567
67758
1234567
67760
1234567
67762
1234567
67764
1234567
67766
1234567
67768
1234567
67770
1234567
67772
1234567
67774
1234567
67776
1234567
67778
1234567
67780
1234567
67782
1234567
67784
1234567
67786
1234567
67788
1234567
67790
1234567
67792
1234567
67794
1234567
67796
1234567
67798
1234567
67800
1234567
67802
1234567
67804
1234567
67806
1234567
67808
1234567
67810
1234567
67812
1234567
67814
1234567
67816
1234567
67818
1234567
67820
1234567
67822
1234567
67824
1234567
67826
1234567
67828
1234567
67830
1234567
67832
1234567
67834
1234567
67836
1234567
67838
1234567
67840
1234567
67842
1234567
67844
1234567
67846
1234567
67848
1234567
67850
1234567
67852
1234567
67854
1234567
67856
1234567
67858
1234567
67860
1234567
67862
1234567
67864
1234567
67866
1234567
67868
1234567
67870
1234567
67872
1234567
67874
1234567
67876
1234567
67878
1234567
67880
1234567
67882
1234567
67884
1234567
67886
1234567
67888
1234567
67890
1234567
67892
1234567
67894
1234567
67896
1234567
67898
1234567
67900
1234567
67902
1234567
67904
1234567
67906
1234567
67908
1234567
67910
1234567
67912
1234567
67914
1234567
67916
1234567
67918
1234567
67920
1234567
67922
1234567
67924
1234567
67926
1234567
67928
1234567
67930
1234567
67932
1234567
67934
1234567
67936
1234567
67938
1234567
67940
1234567
67942
1234567
67944
1234567
67946
1234567
67948
1234567
67950
1234567
67952
1234567
67954
1234567
67956
1234567
67958
1234567
67960
1234567
67962
1234567
67964
1234567
67966
1234567
67968
1234567
67970
1234567
67972
1234567
67974
1234567
67976
1234567
67978
1234567
67980
1234567
67982
1234567
67984
1234567
67986
1234567
67988
1234567
67990
1234567
67992
1234567
67994
1234567
67996
1234567
67998
1234567
68000
1234567
68002
1234567
68004
1234567
68006
1234567
68008
1234567
68010
1234567
68012
1234567
68014
1234567
68016
1234567
68018
1234567
68020
1234567
68022
1234567
68024
1234567
68026
1234567
68028
1234567
68030
1234567
68032
1234567
68034
1234567
68036
1234567
68038
1234567
68040
1234567
68042
1234567
68044
1234567
68046
1234567
68048
1234567
68050
1234567
68052
1234567
68054
1234567
68056
1234567
68058
1234567
68060
1234567
68062
1234567
68064
1234567
68066
1234567
68068
1234567
68070
1234567
68072
1234567
68074
1234567
68076
1234567
68078
1234567
68080
1234567
68082
1234567
68084
1234567
68086
1234567
68088
1234567
68090
1234567
68092
1234567
68094
1234567
68096
1234567
68098
1234567
68100
1234567
68102
1234567
68104
1234567
68106
1234567
68108
1234567
68110
1234567
68112
1234567
68114
1234567
68116
1234567
68118
1234567
68120
1234567
68122
1234567
68124
1234567
68126
1234567
68128
1234567
68130
1234567
68132
1234567
68134
1234567
68136
1234567
68138
1234567
68140
1234567
68142
1234567
68144
1234567
68146
1234567
68148
1234567
68150
1234567
68152
1234567
68154
1234567
68156
1234567
68158
1234567
68160
1234567
68162
1234567
68164
1234567
68166
1234567
68168
1234567
68170
1234567
68172
1234567
68174
1234567
68176
1234567
68178
1234567
68180
1234567
68182
1234567
68184
1234567
68186
1234567
68188
1234567
68190
1234567
68192
1234567
68194
1234567
68196
1234567
68198
1234567
68200
1234567
68202
1234567
68204
1234567
68206
1234567
68208
1234567
68210
1234567
68212
1234567
68214
1234567
68216
1234567
68218
1234567
68220
1234567
68222
1234567
68224
1234567
68226
1234567
68228
1234567
68230
1234567
68232
1234567
68234
1234567
68236
1234567
68238
1234567
68240
1234567
68242
1234567
68244
1234567
68246
1234567
68248
1234567
68250
1234567
68252
1234567
68254
1234567
68256
1234567
68258
1234567
68260
1234567
68262
1234567
68264
1234567
68266
1234567
68268
1234567
68270
1234567
68272
1234567
68274
1234567
68276
1234567
68278
1234567
68280
1234567
68282
1234567
68284
1234567
68286
1234567
68288
1234567
68290
1234567
68292
1234567
68294
1234567
68296
1234567
68298
1234567
68300
1234567
68302
1234567
68304
1234567
68306
1234567
68308
1234567
68310
1234567
68312
1234567
68314
1234567
68316
1234567
68318
1234567
68320
1234567
68322
1234567
68324
1234567
68326
1234567
68328
1234567
68330
1234567
68332
1234567
68334
1234567
68336
1234567
68338
1234567
68340
1234567
68342
1234567
68344
1234567
68346
1234567
68348
1234567
68350
1234567
68352
1234567
68354
1234567
68356
1234567
68358
1234567
68360
1234567
68362
1234567
68364
1234567
68366
1234567
68368
1234567
68370
1234567
68372
1234567
68374
1234567
68376
1234567
68378
1234567
68380
1234567
68382
1234567
68384
1234567
68386
1234567
68388
1234567
68390
1234567
68392
1234567
68394
1234567
68396
1234567
68398
1234567
68400
1234567
68402
1234567
68404
1234567
68406
1234567
68408
1234567
68410
1234567
68412
1234567
68414
1234567
68416
1234567
68418
1234567
68420
1234567
68422
1234567
68424
1234567
68426
1234567
68428
1234567
68430
1234567
68432
1234567
68434
1234567
68436
1234567
68438
1234567
68440
1234567
68442
1234567
68444
1234567
68446
1234567
68448
1234567
68450
1234567
68452
1234567
68454
1234567
68456
1234567
68458
1234567
68460
1234567
68462
1234567
68464
1234567
68466
1234567
68468
1234567
68470
1234567
68472
1234567
68474
1234567
68476
1234567
68478
1234567
68480
1234567
68482
1234567
68484
1234567
68486
1234567
68488
1234567
68490
1234567
68492
1234567
68494
1234567
68496
1234567
68498
1234567
68500
1234567
68502
1234567
68504
1234567
68506
1234567
68508
1234567
68510
1234567
68512
1234567
68514
1234567
68516
1234567
68518
1234567
68520
1234567
68522
1234567
68524
1234567
68526
1234567
68528
1234567
68530
1234567
68532
1234567
68534
1234567
68536
1234567
68538
1234567
68540
1234567
68542
1234567
68544
1234567
68546
1234567
68548
1234567
68550
1234567
68552
1234567
68554
1234567
68556
1234567
68558
1234567
68560
1234567
68562
1234567
68564
1234567
68566
1234567
68568
1234567
68570
1234567
68572
1234567
68574
1234567
68576
1234567
68578
1234567
68580
1234567
68582
1234567
68584
1234567
68586
1234567
68588
1234567
68590
1234567
68592
1234567
68594
1234567
68596
1234567
68598
1234567
68600
1234567
68602
1234567
68604
1234567
68606
1234567
68608
1234567
68610
1234567
68612
1234567
68614
1234567
68616
1234567
68618
1234567
68620
1234567
68622
1234567
68624
1234567
68626
1234567
68628
1234567
68630
1234567
68632
1234567
68634
1234567
68636
1234567
68638
1234567
68640
1234567
68642
1234567
68644
1234567
68646
1234567
68648
1234567
68650
1234567
68652
1234567
68654
1234567
68656
1234567
68658
1234567
68660
1234567
68662
1234567
68664
1234567
68666
1234567
68668
1234567
68670
1234567
68672
1234567
68674
1234567
68676
1234567
68678
1234567
68680
1234567
68682
1234567
68684
1234567
68686
1234567
68688
1234567
68690
1234567
68692
1234567
68694
1234567
68696
1234567
68698
1234567
68700
1234567
68702
1234567
68704
1234567
68706
1234567
68708
1234567
68710
1234567
68712
1234567
68714
1234567
68716
1234567
68718
1234567
68720
1234567
68722
1234567
68724
1234567
68726
1234567
68728
1234567
68730
1234567
68732
1234567
68734
1234567
68736
1234567
68738
1234567
68740
1234567
68742
1234567
68744
1234567
68746
1234567
68748
1234567
68750
1234567
68752
1234567
68754
1234567
68756
1234567
68758
1234567
68760
1234567
68762
1234567
68764
1234567
68766
1234567
68768
1234567
68770
1234567
68772
1234567
68774
1234567
68776
1234567
68778
1234567
68780
1234567
68782
1234567
68784
1234567
68786
1234567
68788
1234567
68790
1234567
68792
1234567
68794
1234567
68796
1234567
68798
1234567
68800
1234567
68802
1234567
68804
1234567
68806
1234567
68808
1234567
68810
1234567
68812
1234567
68814
1234567
68816
1234567
68818
1234567
68820
1234567
68822
1234567
68824
1234567
68826
1234567
68828
1234567
68830
1234567
68832
1234567
68834
1234567
68836
1234567
68838
1234567
68840
1234567
68842
1234567
68844
1234567
68846
1234567
68848
1234567
68850
1234567
68852
1234567
68854
1234567
68856
1234567
68858
1234567
68860
1234567
68862
1234567
68864
1234567
68866
1234567
68868
1234567
68870
1234567
68872
1234567
68874
1234567
68876
1234567
68878
1234567
68880
1234567
68882
1234567
68884
1234567
68886
1234567
68888
1234567
68890
1234567
68892
1234567
68894
1234567
68896
1234567
68898
1234567
68900
1234567
68902
1234567
68904
1234567
68906
1234567
68908
1234567
68910
1234567
68912
1234567
68914
1234567
68916
1234567
68918
1234567
68920
1234567
68922
1234567
68924
1234567
68926
1234567
68928
1234567
68930
1234567
68932
1234567
68934
1234567
68936
1234567
68938
1234567
68940
1234567
68942
1234567
68944
1234567
68946
1234567
68948
1234567
68950
1234567
68952
1234567
68954
1234567
68956
1234567
68958
1234567
68960
1234567
68962
1234567
68964
1234567
68966
1234567
68968
1234567
68970
1234567
68972
1234567
68974
1234567
68976
1234567
68978
1234567
68980
1234567
68982
1234567
68984
1234567
68986
1234567
68988
1234567
68990
1234567
68992
1234567
68994
1234567
68996
1234567
68998
1234567
69000
1234567
69002
1234567
69004
1234567
69006
1234567
69008
1234567
69010
1234567
69012
1234567
69014
1234567
69016
1234567
69018
1234567
69020
1234567
69022
1234567
69024
1234567
69026
1234567
69028
1234567
69030
1234567
69032
1234567
69034
1234567
69036
1234567
69038
1234567
69040
1234567
69042
1234567
69044
1234567
69046
1234567
69048
1234567
69050
1234567
69052
1234567
69054
1234567
69056
1234567
69058
1234567
69060
1234567
69062
1234567
69064
1234567
69066
1234567
69068
1234567
69070
1234567
69072
1234567
69074
1234567
69076
1234567
69078
1234567
69080
1234567
69082
1234567
69084
1234567
69086
1234567
69088
1234567
69090
1234567
69092
1234567
69094
1234567
69096
1234567
69098
1234567
69100
1234567
69102
1234567
69104
1234567
69106
1234567
69108
1234567
69110
1234567
69112
1234567
69114
1234567
69116
1234567
69118
1234567
69120
1234567
69122
1234567
69124
1234567
69126
1234567
69128
1234567
69130
1234567
69132
1234567
69134
1234567
69136
1234567
69138
1234567
69140
1234567
69142
1234567
69144
1234567
69146
1234567
69148
1234567
69150
1234567
69152
1234567
69154
1234567
69156
1234567
69158
1234567
69160
1234567
69162
1234567
69164
1234567
69166
1234567
69168
1234567
69170
1234567
69172
1234567
69174
1234567
69176
1234567
69178
1234567
69180
1234567
69182
1234567
69184
1234567
69186
1234567
69188
1234567
69190
1234567
69192
1234567
69194
1234567
69196
1234567
69198
1234567
69200
1234567
69202
1234567
69204
1234567
69206
1234567
69208
1234567
69210
1234567
69212
1234567
69214
1234567
69216
1234567
69218
1234567
69220
1234567
69222
1234567
69224
1234567
69226
1234567
69228
1234567
69230
1234567
69232
1234567
69234
1234567
69236
1234567
69238
1234567
69240
1234567
69242
1234567
69244
1234567
69246
1234567
69248
1234567
69250
1234567
69252
1234567
69254
1234567
69256
1234567
69258
1234567
69260
1234567
69262
1234567
69264
1234567
69266
1234567
69268
1234567
69270
1234567
69272
1234567
69274
1234567
69276
1234567
69278
1234567
69280
1234567
69282
1234567
69284
1234567
69286
1234567
69288
1234567
69290
1234567
69292
1234567
69294
1234567
69296
1234567
69298
1234567
69300
1234567
69302
1234567
69304
1234567
69306
1234567
69308
1234567
69310
1234567
69312
1234567
69314
1234567
69316
1234567
69318
1234567
69320
1234567
69322
1234567
69324
1234567
69326
1234567
69328
1234567
69330
1234567
69332
1234567
69334
1234567
69336
1234567
69338
1234567
69340
1234567
69342
1234567
69344
1234567
69346
1234567
69348
1234567
69350
1234567
69352
1234567
69354
1234567
69356
1234567
69358
1234567
69360
1234567
69362
1234567
69364
1234567
69366
1234567
69368
1234567
69370
1234567
69372
1234567
69374
1234567
69376
1234567
69378
1234567
69380
1234567
69382
1234567
69384
1234567
69386
1234567
69388
1234567
69390
1234567
69392
1234567
69394
1234567
69396
1234567
69398
1234567
69400
1234567
69402
1234567
69404
1234567
69406
1234567
69408
1234567
69410
1234567
69412
1234567
69414
1234567
69416
1234567
69418
1234567
69420
1234567
69422
1234567
69424
1234567
69426
1234567
69428
1234567
69430
1234567
69432
1234567
69434
1234567
69436
1234567
69438
1234567
69440
1234567
69442
1234567
69444
1234567
69446
1234567
69448
1234567
69450
1234567
69452
1234567
69454
1234567
69456
1234567
69458
1234567
69460
1234567
69462
1234567
69464
1234567
69466
1234567
69468
1234567
69470
1234567
69472
1234567
69474
1234567
69476
1234567
69478
1234567
69480
1234567
69482
1234567
69484
1234567
69486
1234567
69488
1234567
69490
1234567
69492
1234567
69494
1234567
69496
1234567
69498
1234567
69500
1234567
69502
1234567
69504
1234567
69506
1234567
69508
1234567
69510
1234567
69512
1234567
69514
1234567
69516
1234567
69518
1234567
69520
1234567
69522
1234567
69524
1234567
69526
1234567
69528
1234567
69530
1234567
69532
1234567
69534
1234567
69536
1234567
69538
1234567
69540
1234567
69542
1234567
69544
1234567
69546
1234567
69548
1234567
69550
1234567
69552
1234567
69554
1234567
69556
1234567
69558
1234567
69560
1234567
69562
1234567
69564
1234567
69566
1234567
69568
1234567
69570
1234567
69572
1234567
69574
1234567
69576
1234567
69578
1234567
69580
1234567
69582
1234567
69584
1234567
69586
1234567
69588
1234567
69590
1234567
69592
1234567
69594
1234567
69596
1234567
69598
1234567
69600
1234567
69602
1234567
69604
1234567
69606
1234567
69608
1234567
69610
1234567
69612
1234567
69614
1234567
69616
1234567
69618
1234567
69620
1234567
69622
1234567
69624
1234567
69626
1234567
69628
1234567
69630
1234567
69632
1234567
69634
1234567
69636
1234567
69638
1234567
69640
1234567
69642
1234567
69644
1234567
69646
1234567
69648
1234567
69650
1234567
69652
1234567
69654
1234567
69656
1234567
69658
1234567
69660
1234567
69662
1234567
69664
1234567
69666
1234567
69668
1234567
69670
1234567
69672
1234567
69674
1234567
69676
1234567
69678
1234567
69680
1234567
69682
1234567
69684
1234567
69686
1234567
69688
1234567
69690
1234567
69692
1234567
69694
1234567
69696
1234567
69698
1234567
69700
1234567
69702
1234567
69704
1234567
69706
1234567
69708
1234567
69710
1234567
69712
1234567
69714
1234567
69716
1234567
69718
1234567
69720
1234567
69722
1234567
69724
1234567
69726
1234567
69728
1234567
69730
1234567
69732
1234567
69734
1234567
69736
1234567
69738
1234567
69740
1234567
69742
1234567
69744
1234567
69746
1234567
69748
1234567
69750
1234567
69752
1234567
69754
1234567
69756
1234567
69758
1234567
69760
1234567
69762
1234567
69764
1234567
69766
1234567
69768
1234567
69770
1234567
69772
1234567
69774
1234567
69776
1234567
69778
1234567
69780
1234567
69782
1234567
69784
1234567
69786
1234567
69788
1234567
69790
1234567
69792
1234567
69794
1234567
69796
1234567
69798
1234567
69800
1234567
69802
1234567
69804
1234567
69806
1234567
69808
1234567
69810
1234567
69812
1234567
69814
1234567
69816
1234567
69818
1234567
69820
1234567
69822
1234567
69824
1234567
69826
1234567
69828
1234567
69830
1234567
69832
1234567
69834
1234567
69836
1234567
69838
1234567
69840
1234567
69842
1234567
69844
1234567
69846
1234567
69848
1234567
69850
1234567
69852
1234567
69854
1234567
69856
1234567
69858
1234567
69860
1234567
69862
1234567
69864
1234567
69866
1234567
69868
1234567
69870
1234567
69872
1234567
69874
1234567
69876
1234567
69878
1234567
69880
1234567
69882
1234567
69884
1234567
69886
1234567
69888
1234567
69890
1234567
69892
1234567
69894
1234567
69896
1234567
69898
1234567
69900
1234567
69902
1234567
69904
1234567
69906
1234567
69908
1234567
69910
1234567
69912
1234567
69914
1234567
69916
1234567
69918
1234567
69920
1234567
69922
1234567
69924
1234567
69926
1234567
69928
1234567
69930
1234567
69932
1234567
69934
1234567
69936
1234567
69938
1234567
69940
1234567
69942
1234567
69944
1234567
69946
1234567
69948
1234567
69950
1234567
69952
1234567
69954
1234567
69956
1234567
69958
1234567
69960
1234567
69962
1234567
69964
1234567
69966
1234567
69968
1234567
69970
1234567
69972
1234567
69974
1234567
69976
1234567
69978
1234567
69980
1234567
69982
1234567
69984
1234567
69986
1234567
69988
1234567
69990
1234567
69992
1234567
69994
1234567
69996
1234567
69998
1234567
70000
1234567
70002
1234567
70004
1234567
70006
1234567
70008
1234567
70010
1234567
70012
1234567
70014
1234567
70016
1234567
70018
1234567
70020
1234567
70022
1234567
70024
1234567
70026
1234567
70028
1234567
70030
1234567
70032
1234567
70034
1234567
70036
1234567
70038
1234567
70040
1234567
70042
1234567
70044
1234567
70046
1234567
70048
1234567
70050
1234567
70052
1234567
70054
1234567
70056
1234567
70058
1234567
70060
1234567
70062
1234567
70064
1234567
70066
1234567
70068
1234567
70070
1234567
70072
1234567
70074
1234567
70076
1234567
70078
1234567
70080
1234567
70082
1234567
70084
1234567
70086
1234567
70088
1234567
70090
1234567
70092
1234567
70094
1234567
70096
1234567
70098
1234567
70100
1234567
70102
1234567
70104
1234567
70106
1234567
70108
1234567
70110
1234567
70112
1234567
70114
1234567
70116
1234567
70118
1234567
70120
1234567
70122
1234567
70124
1234567
70126
1234567
70128
1234567
70130
1234567
70132
1234567
70134
1234567
70136
1234567
70138
1234567
70140
1234567
70142
1234567
70144
1234567
70146
1234567
70148
1234567
70150
1234567
70152
1234567
70154
1234567
70156
1234567
70158
1234567
70160
1234567
70162
1234567
70164
1234567
70166
1234567
70168
1234567
70170
1234567
70172
1234567
70174
1234567
70176
1234567
70178
1234567
70180
1234567
70182
1234567
70184
1234567
70186
1234567
70188
1234567
70190
1234567
70192
1234567
70194
1234567
70196
1234567
70198
1234567
70200
1234567
70202
1234567
70204
1234567
70206
1234567
70208
1234567
70210
1234567
70212
1234567
70214
1234567
70216
1234567
70218
1234567
70220
1234567
70222
1234567
70224
1234567
70226
1234567
70228
1234567
70230
1234567
70232
1234567
70234
1234567
70236
1234567
70238
1234567
70240
1234567
70242
1234567
70244
1234567
70246
1234567
70248
1234567
70250
1234567
70252
1234567
70254
1234567
70256
1234567
70258
1234567
70260
1234567
70262
1234567
70264
1234567
70266
1234567
70268
1234567
70270
1234567
70272
1234567
70274
1234567
70276
1234567
70278
1234567
70280
1234567
70282
1234567
70284
1234567
70286
1234567
70288
1234567
70290
1234567
70292
1234567
70294
1234567
70296
1234567
70298
1234567
70300
1234567
70302
1234567
70304
1234567
70306
1234567
70308
1234567
70310
1234567
70312
1234567
70314
1234567
70316
1234567
70318
1234567
70320
1234567
70322
1234567
70324
1234567
70326
1234567
70328
1234567
70330
1234567
70332
1234567
70334
1234567
70336
1234567
70338
1234567
70340
1234567
70342
1234567
70344
1234567
70346
1234567
70348
1234567
70350
1234567
70352
1234567
70354
1234567
70356
1234567
70358
1234567
70360
1234567
70362
1234567
70364
1234567
70366
1234567
70368
1234567
70370
1234567
70372
1234567
70374
1234567
70376
1234567
70378
1234567
70380
1234567
70382
1234567
70384
1234567
70386
1234567
70388
1234567
70390
1234567
70392
1234567
70394
1234567
70396
1234567
70398
1234567
70400
1234567
70402
1234567
70404
1234567
70406
1234567
70408
1234567
70410
1234567
70412
1234567
70414
1234567
70416
1234567
70418
1234567
70420
1234567
70422
1234567
70424
1234567
70426
1234567
70428
1234567
70430
1234567
70432
1234567
70434
1234567
70436
1234567
70438
1234567
70440
1234567
70442
1234567
70444
1234567
70446
1234567
70448
1234567
70450
1234567
70452
1234567
70454
1234567
70456
1234567
70458
1234567
70460
1234567
70462
1234567
70464
1234567
70466
1234567
70468
1234567
70470
1234567
70472
1234567
70474
1234567
70476
1234567
70478
1234567
70480
1234567
70482
1234567
70484
1234567
70486
1234567
70488
1234567
70490
1234567
70492
1234567
70494
1234567
70496
1234567
70498
1234567
70500
1234567
70502
1234567
70504
1234567
70506
1234567
70508
1234567
70510
1234567
70512
1234567
70514
1234567
70516
1234567
70518
1234567
70520
1234567
70522
1234567
70524
1234567
70526
1234567
70528
1234567
70530
1234567
70532
1234567
70534
1234567
70536
1234567
70538
1234567
70540
1234567
70542
1234567
70544
1234567
70546
1234567
70548
1234567
70550
1234567
70552
1234567
70554
1234567
70556
1234567
70558
1234567
70560
1234567
70562
1234567
70564
1234567
70566
1234567
70568
1234567
70570
1234567
70572
1234567
70574
1234567
70576
1234567
70578
1234567
70580
1234567
70582
1234567
70584
1234567
70586
1234567
70588
1234567
70590
1234567
70592
1234567
70594
1234567
70596
1234567
70598
1234567
70600
1234567
70602
1234567
70604
1234567
70606
1234567
70608
1234567
70610
1234567
70612
1234567
70614
1234567
70616
1234567
70618
1234567
70620
1234567
70622
1234567
70624
1234567
70626
1234567
70628
1234567
70630
1234567
70632
1234567
70634
1234567
70636
1234567
70638
1234567
70640
1234567
70642
1234567
70644
1234567
70646
1234567
70648
1234567
70650
1234567
70652
1234567
70654
1234567
70656
1234567
70658
1234567
70660
1234567
70662
1234567
70664
1234567
70666
1234567
70668
1234567
70670
1234567
70672
1234567
70674
1234567
70676
1234567
70678
1234567
70680
1234567
70682
1234567
70684
1234567
70686
1234567
70688
1234567
70690
1234567
70692
1234567
70694
1234567
70696
1234567
70698
1234567
70700
1234567
70702
1234567
70704
1234567
70706
1234567
70708
1234567
70710
1234567
70712
1234567
70714
1234567
70716
1234567
70718
1234567
70720
1234567
70722
1234567
70724
1234567
70726
1234567
70728
1234567
70730
1234567
70732
1234567
70734
1234567
70736
1234567
70738
1234567
70740
1234567
70742
1234567
70744
1234567
70746
1234567
70748
1234567
70750
1234567
70752
1234567
70754
1234567
70756
1234567
70758
1234567
70760
1234567
70762
1234567
70764
1234567
70766
1234567
70768
1234567
70770
1234567
70772
1234567
70774
1234567
70776
1234567
70778
1234567
70780
1234567
70782
1234567
70784
1234567
70786
1234567
70788
1234567
70790
1234567
70792
1234567
70794
1234567
70796
1234567
70798
1234567
70800
1234567
70802
1234567
70804
1234567
70806
1234567
70808
1234567
70810
1234567
70812
1234567
70814
1234567
70816
1234567
70818
1234567
70820
1234567
70822
1234567
70824
1234567
70826
1234567
70828
1234567
70830
1234567
70832
1234567
70834
1234567
70836
1234567
70838
1234567
70840
1234567
70842
1234567
70844
1234567
70846
1234567
70848
1234567
70850
1234567
70852
1234567
70854
1234567
70856
1234567
70858
1234567
70860
1234567
70862
1234567
70864
1234567
70866
1234567
70868
1234567
70870
1234567
70872
1234567
70874
1234567
70876
1234567
70878
1234567
70880
1234567
70882
1234567
70884
1234567
70886
1234567
70888
1234567
70890
1234567
70892
1234567
70894
1234567
70896
1234567
70898
1234567
70900
1234567
70902
1234567
70904
1234567
70906
1234567
70908
1234567
70910
1234567
70912
1234567
70914
1234567
70916
1234567
70918
1234567
70920
1234567
70922
1234567
70924
1234567
70926
1234567
70928
1234567
70930
1234567
70932
1234567
70934
1234567
70936
1234567
70938
1234567
70940
1234567
70942
1234567
70944
1234567
70946
1234567
70948
1234567
70950
1234567
70952
1234567
70954
1234567
70956
1234567
70958
1234567
70960
1234567
70962
1234567
70964
1234567
70966
1234567
70968
1234567
70970
1234567
70972
1234567
70974
1234567
70976
1234567
70978
1234567
70980
1234567
70982
1234567
70984
1234567
70986
1234567
70988
1234567
70990
1234567
70992
1234567
70994
1234567
70996
1234567
70998
1234567
71000
1234567
71002
1234567
71004
1234567
71006
1234567
71008
1234567
71010
1234567
71012
1234567
71014
1234567
71016
1234567
71018
1234567
71020
1234567
71022
1234567
71024
1234567
71026
1234567
71028
1234567
71030
1234567
71032
1234567
71034
1234567
71036
1234567
71038
1234567
71040
1234567
71042
1234567
71044
1234567
71046
1234567
71048
1234567
71050
1234567
71052
1234567
71054
1234567
71056
1234567
71058
1234567
71060
1234567
71062
1234567
71064
1234567
71066
1234567
71068
1234567
71070
1234567
71072
1234567
71074
1234567
71076
1234567
71078
1234567
71080
1234567
71082
1234567
71084
1234567
71086
1234567
71088
1234567
71090
1234567
71092
1234567
71094
1234567
71096
1234567
71098
1234567
71100
1234567
71102
1234567
71104
1234567
71106
1234567
71108
1234567
71110
1234567
71112
1234567
71114
1234567
71116
1234567
71118
1234567
71120
1234567
71122
1234567
71124
1234567
71126
1234567
71128
1234567
71130
1234567
71132
1234567
71134
1234567
71136
1234567
71138
1234567
71140
1234567
71142
1234567
71144
1234567
71146
1234567
71148
1234567
71150
1234567
71152
1234567
71154
1234567
71156
1234567
71158
1234567
71160
1234567
71162
1234567
71164
1234567
71166
1234567
71168
1234567
71170
1234567
71172
1234567
71174
1234567
71176
1234567
71178
1234567
71180
1234567
71182
1234567
71184
1234567
71186
1234567
71188
1234567
71190
1234567
71192
1234567
71194
1234567
71196
1234567
71198
1234567
71200
1234567
71202
1234567
71204
1234567
71206
1234567
71208
1234567
71210
1234567
71212
1234567
71214
1234567
71216
1234567
71218
1234567
71220
1234567
71222
1234567
71224
1234567
71226
1234567
71228
1234567
71230
1234567
71232
1234567
71234
1234567
71236
1234567
71238
1234567
71240
1234567
71242
1234567
71244
1234567
71246
1234567
71248
1234567
71250
1234567
71252
1234567
71254
1234567
71256
1234567
71258
1234567
71260
1234567
71262
1234567
71264
1234567
71266
1234567
71268
1234567
71270
1234567
71272
1234567
71274
1234567
71276
1234567
71278
1234567
71280
1234567
71282
1234567
71284
1234567
71286
1234567
71288
1234567
71290
1234567
71292
1234567
71294
1234567
71296
1234567
71298
1234567
71300
1234567
71302
1234567
71304
1234567
71306
1234567
71308
1234567
71310
1234567
71312
1234567
71314
1234567
71316
1234567
71318
1234567
71320
1234567
71322
1234567
71324
1234567
71326
1234567
71328
1234567
71330
1234567
71332
1234567
71334
1234567
71336
1234567
71338
1234567
71340
1234567
71342
1234567
71344
1234567
71346
1234567
71348
1234567
71350
1234567
71352
1234567
71354
1234567
71356
1234567
71358
1234567
71360
1234567
71362
1234567
71364
1234567
71366
1234567
71368
1234567
71370
1234567
71372
1234567
71374
1234567
71376
1234567
71378
1234567
71380
1234567
71382
1234567
71384
1234567
71386
1234567
71388
1234567
71390
1234567
71392
1234567
71394
1234567
71396
1234567
71398
1234567
71400
1234567
71402
1234567
71404
1234567
71406
1234567
71408
1234567
71410
1234567
71412
1234567
71414
1234567
71416
1234567
71418
1234567
71420
1234567
71422
1234567
71424
1234567
71426
1234567
71428
1234567
71430
1234567
71432
1234567
71434
1234567
71436
1234567
71438
1234567
71440
1234567
71442
1234567
71444
1234567
71446
1234567
71448
1234567
71450
1234567
71452
1234567
71454
1234567
71456
1234567
71458
1234567
71460
1234567
71462
1234567
71464
1234567
71466
1234567
71468
1234567
71470
1234567
71472
1234567
71474
1234567
71476
1234567
71478
1234567
71480
1234567
71482
1234567
71484
1234567
71486
1234567
71488
1234567
71490
1234567
71492
1234567
71494
1234567
71496
1234567
71498
1234567
71500
1234567
71502
1234567
71504
1234567
71506
1234567
71508
1234567
71510
1234567
71512
1234567
71514
1234567
71516
1234567
71518
1234567
71520
1234567
71522
1234567
71524
1234567
71526
1234567
71528
1234567
71530
1234567
71532
1234567
71534
1234567
71536
1234567
71538
1234567
71540
1234567
71542
1234567
71544
1234567
71546
1234567
71548
1234567
71550
1234567
71552
1234567
71554
1234567
71556
1234567
71558
1234567
71560
1234567
71562
1234567
71564
1234567
71566
1234567
71568
1234567
71570
1234567
71572
1234567
71574
1234567
71576
1234567
71578
1234567
71580
1234567
71582
1234567
71584
1234567
71586
1234567
71588
1234567
71590
1234567
71592
1234567
71594
1234567
71596
1234567
71598
1234567
71600
1234567
71602
1234567
71604
1234567
71606
1234567
71608
1234567
71610
1234567
71612
1234567
71614
1234567
71616
1234567
71618
1234567
71620
1234567
71622
1234567
71624
1234567
71626
1234567
71628
1234567
71630
1234567
71632
1234567
71634
1234567
71636
1234567
71638
1234567
71640
1234567
71642
1234567
71644
1234567
71646
1234567
71648
1234567
71650
1234567
71652
1234567
71654
1234567
71656
1234567
71658
1234567
71660
1234567
71662
1234567
71664
1234567
71666
1234567
71668
1234567
71670
1234567
71672
1234567
71674
1234567
71676
1234567
71678
1234567
71680
1234567
71682
1234567
71684
1234567
71686
1234567
71688
1234567
71690
1234567
71692
1234567
71694
1234567
71696
1234567
71698
1234567
71700
1234567
71702
1234567
71704
1234567
71706
1234567
71708
1234567
71710
1234567
71712
1234567
71714
1234567
71716
1234567
71718
1234567
71720
1234567
71722
1234567
71724
1234567
71726
1234567
71728
1234567
71730
1234567
71732
1234567
71734
1234567
71736
1234567
71738
1234567
71740
1234567
71742
1234567
71744
1234567
71746
1234567
71748
1234567
71750
1234567
71752
1234567
71754
1234567
71756
1234567
71758
1234567
71760
1234567
71762
1234567
71764
1234567
71766
1234567
71768
1234567
71770
1234567
71772
1234567
71774
1234567
71776
1234567
71778
1234567
71780
1234567
71782
1234567
71784
1234567
71786
1234567
71788
1234567
71790
1234567
71792
1234567
71794
1234567
71796
1234567
71798
1234567
71800
1234567
71802
1234567
71804
1234567
71806
1234567
71808
1234567
71810
1234567
71812
1234567
71814
1234567
71816
1234567
71818
1234567
71820
1234567
71822
1234567
71824
1234567
71826
1234567
71828
1234567
71830
1234567
71832
1234567
71834
1234567
71836
1234567
71838
1234567
71840
1234567
71842
1234567
71844
1234567
71846
1234567
71848
1234567
71850
1234567
71852
1234567
71854
1234567
71856
1234567
71858
1234567
71860
1234567
71862
1234567
71864
1234567
71866
1234567
71868
1234567
71870
1234567
71872
1234567
71874
1234567
71876
1234567
71878
1234567
71880
1234567
71882
1234567
71884
1234567
71886
1234567
71888
1234567
71890
1234567
71892
1234567
71894
1234567
71896
1234567
71898
1234567
71900
1234567
71902
1234567
71904
1234567
71906
1234567
71908
1234567
71910
1234567
71912
1234567
71914
1234567
71916
1234567
71918
1234567
71920
1234567
71922
1234567
71924
1234567
71926
1234567
71928
1234567
71930
1234567
71932
1234567
71934
1234567
71936
1234567
71938
1234567
71940
1234567
71942
1234567
71944
1234567
71946
1234567
71948
1234567
71950
1234567
71952
1234567
71954
1234567
71956
1234567
71958
1234567
71960
1234567
71962
1234567
71964
1234567
71966
1234567
71968
1234567
71970
1234567
71972
1234567
71974
1234567
71976
1234567
71978
1234567
71980
1234567
71982
1234567
71984
1234567
71986
1234567
71988
1234567
71990
1234567
71992
1234567
71994
1234567
71996
1234567
71998
1234567
72000
1234567
72002
1234567
72004
1234567
72006
1234567
72008
1234567
72010
1234567
72012
1234567
72014
1234567
72016
1234567
72018
1234567
72020
1234567
72022
1234567
72024
1234567
72026
1234567
72028
1234567
72030
1234567
72032
1234567
72034
1234567
72036
1234567
72038
1234567
72040
1234567
72042
1234567
72044
1234567
72046
1234567
72048
1234567
72050
1234567
72052
1234567
72054
1234567
72056
1234567
72058
1234567
72060
1234567
72062
1234567
72064
1234567
72066
1234567
72068
1234567
72070
1234567
72072
1234567
72074
1234567
72076
1234567
72078
1234567
72080
1234567
72082
1234567
72084
1234567
72086
1234567
72088
1234567
72090
1234567
72092
1234567
72094
1234567
72096
1234567
72098
1234567
72100
1234567
72102
1234567
72104
1234567
72106
1234567
72108
1234567
72110
1234567
72112
1234567
72114
1234567
72116
1234567
72118
1234567
72120
1234567
72122
1234567
72124
1234567
72126
1234567
72128
1234567
72130
1234567
72132
1234567
72134
1234567
72136
1234567
72138
1234567
72140
1234567
72142
1234567
72144
1234567
72146
1234567
72148
1234567
72150
1234567
72152
1234567
72154
1234567
72156
1234567
72158
1234567
72160
1234567
72162
1234567
72164
1234567
72166
1234567
72168
1234567
72170
1234567
72172
1234567
72174
1234567
72176
1234567
72178
1234567
72180
1234567
72182
1234567
72184
1234567
72186
1234567
72188
1234567
72190
1234567
72192
1234567
72194
1234567
72196
1234567
72198
1234567
72200
1234567
72202
1234567
72204
1234567
72206
1234567
72208
1234567
72210
1234567
72212
1234567
72214
1234567
72216
1234567
72218
1234567
72220
1234567
72222
1234567
72224
1234567
72226
1234567
72228
1234567
72230
1234567
72232
1234567
72234
1234567
72236
1234567
72238
1234567
72240
1234567
72242
1234567
72244
1234567
72246
1234567
72248
1234567
72250
1234567
72252
1234567
72254
1234567
72256
1234567
72258
1234567
72260
1234567
72262
1234567
72264
1234567
72266
1234567
72268
1234567
72270
1234567
72272
1234567
72274
1234567
72276
1234567
72278
1234567
72280
1234567
72282
1234567
72284
1234567
72286
1234567
72288
1234567
72290
1234567
72292
1234567
72294
1234567
72296
1234567
72298
1234567
72300
1234567
72302
1234567
72304
1234567
72306
1234567
72308
1234567
72310
1234567
72312
1234567
72314
1234567
72316
1234567
72318
1234567
72320
1234567
72322
1234567
72324
1234567
72326
1234567
72328
1234567
72330
1234567
72332
1234567
72334
1234567
72336
1234567
72338
1234567
72340
1234567
72342
1234567
72344
1234567
72346
1234567
72348
1234567
72350
1234567
72352
1234567
72354
1234567
72356
1234567
72358
1234567
72360
1234567
72362
1234567
72364
1234567
72366
1234567
72368
1234567
72370
1234567
72372
1234567
72374
1234567
72376
1234567
72378
1234567
72380
1234567
72382
1234567
72384
1234567
72386
1234567
72388
1234567
72390
1234567
72392
1234567
72394
1234567
72396
1234567
72398
1234567
72400
1234567
72402
1234567
72404
1234567
72406
1234567
72408
1234567
72410
1234567
72412
1234567
72414
1234567
72416
1234567
72418
1234567
72420
1234567
72422
1234567
72424
1234567
72426
1234567
72428
1234567
72430
1234567
72432
1234567
72434
1234567
72436
1234567
72438
1234567
72440
1234567
72442
1234567
72444
1234567
72446
1234567
72448
1234567
72450
1234567
72452
1234567
72454
1234567
72456
1234567
72458
1234567
72460
1234567
72462
1234567
72464
1234567
72466
1234567
72468
1234567
72470
1234567
72472
1234567
72474
1234567
72476
1234567
72478
1234567
72480
1234567
72482
1234567
72484
1234567
72486
1234567
72488
1234567
72490
1234567
72492
1234567
72494
1234567
72496
1234567
72498
1234567
72500
1234567
72502
1234567
72504
1234567
72506
1234567
72508
1234567
72510
1234567
72512
1234567
72514
1234567
72516
1234567
72518
1234567
72520
1234567
72522
1234567
72524
1234567
72526
1234567
72528
1234567
72530
1234567
72532
1234567
72534
1234567
72536
1234567
72538
1234567
72540
1234567
72542
1234567
72544
1234567
72546
1234567
72548
1234567
72550
1234567
72552
1234567
72554
1234567
72556
1234567
72558
1234567
72560
1234567
72562
1234567
72564
1234567
72566
1234567
72568
1234567
72570
1234567
72572
1234567
72574
1234567
72576
1234567
72578
1234567
72580
1234567
72582
1234567
72584
1234567
72586
1234567
72588
1234567
72590
1234567
72592
1234567
72594
1234567
72596
1234567
72598
1234567
72600
1234567
72602
1234567
72604
1234567
72606
1234567
72608
1234567
72610
1234567
72612
1234567
72614
1234567
72616
1234567
72618
1234567
72620
1234567
72622
1234567
72624
1234567
72626
1234567
72628
1234567
72630
1234567
72632
1234567
72634
1234567
72636
1234567
72638
1234567
72640
1234567
72642
1234567
72644
1234567
72646
1234567
72648
1234567
72650
1234567
72652
1234567
72654
1234567
72656
1234567
72658
1234567
72660
1234567
72662
1234567
72664
1234567
72666
1234567
72668
1234567
72670
1234567
72672
1234567
72674
1234567
72676
1234567
72678
1234567
72680
1234567
72682
1234567
72684
1234567
72686
1234567
72688
1234567
72690
1234567
72692
1234567
72694
1234567
72696
1234567
72698
1234567
72700
1234567
72702
1234567
72704
1234567
72706
1234567
72708
1234567
72710
1234567
72712
1234567
72714
1234567
72716
1234567
72718
1234567
72720
1234567
72722
1234567
72724
1234567
72726
1234567
72728
1234567
72730
1234567
72732
1234567
72734
1234567
72736
1234567
72738
1234567
72740
1234567
72742
1234567
72744
1234567
72746
1234567
72748
1234567
72750
1234567
72752
1234567
72754
1234567
72756
1234567
72758
1234567
72760
1234567
72762
1234567
72764
1234567
72766
1234567
72768
1234567
72770
1234567
72772
1234567
72774
1234567
72776
1234567
72778
1234567
72780
1234567
72782
1234567
72784
1234567
72786
1234567
72788
1234567
72790
1234567
72792
1234567
72794
1234567
72796
1234567
72798
1234567
72800
1234567
72802
1234567
72804
1234567
72806
1234567
72808
1234567
72810
1234567
72812
1234567
72814
1234567
72816
1234567
72818
1234567
72820
1234567
72822
1234567
72824
1234567
72826
1234567
72828
1234567
72830
1234567
72832
1234567
72834
1234567
72836
1234567
72838
1234567
72840
1234567
72842
1234567
72844
1234567
72846
1234567
72848
1234567
72850
1234567
72852
1234567
72854
1234567
72856
1234567
72858
1234567
72860
1234567
72862
1234567
72864
1234567
72866
1234567
72868
1234567
72870
1234567
72872
1234567
72874
1234567
72876
1234567
72878
1234567
72880
1234567
72882
1234567
72884
1234567
72886
1234567
72888
1234567
72890
1234567
72892
1234567
72894
1234567
72896
1234567
72898
1234567
72900
1234567
72902
1234567
72904
1234567
72906
1234567
72908
1234567
72910
1234567
72912
1234567
72914
1234567
72916
1234567
72918
1234567
72920
1234567
72922
1234567
72924
1234567
72926
1234567
72928
1234567
72930
1234567
72932
1234567
72934
1234567
72936
1234567
72938
1234567
72940
1234567
72942
1234567
72944
1234567
72946
1234567
72948
1234567
72950
1234567
72952
1234567
72954
1234567
72956
1234567
72958
1234567
72960
1234567
72962
1234567
72964
1234567
72966
1234567
72968
1234567
72970
1234567
72972
1234567
72974
1234567
72976
1234567
72978
1234567
72980
1234567
72982
1234567
72984
1234567
72986
1234567
72988
1234567
72990
1234567
72992
1234567
72994
1234567
72996
1234567
72998
1234567
73000
1234567
73002
1234567
73004
1234567
73006
1234567
73008
1234567
73010
1234567
73012
1234567
73014
1234567
73016
1234567
73018
1234567
73020
1234567
73022
1234567
73024
1234567
73026
1234567
73028
1234567
73030
1234567
73032
1234567
73034
1234567
73036
1234567
73038
1234567
73040
1234567
73042
1234567
73044
1234567
73046
1234567
73048
1234567
73050
1234567
73052
1234567
73054
1234567
73056
1234567
73058
1234567
73060
1234567
73062
1234567
73064
1234567
73066
1234567
73068
1234567
73070
1234567
73072
1234567
73074
1234567
73076
1234567
73078
1234567
73080
1234567
73082
1234567
73084
1234567
73086
1234567
73088
1234567
73090
1234567
73092
1234567
73094
1234567
73096
1234567
73098
1234567
73100
1234567
73102
1234567
73104
1234567
73106
1234567
73108
1234567
73110
1234567
73112
1234567
73114
1234567
73116
1234567
73118
1234567
73120
1234567
73122
1234567
73124
1234567
73126
1234567
73128
1234567
73130
1234567
73132
1234567
73134
1234567
73136
1234567
73138
1234567
73140
1234567
73142
1234567
73144
1234567
73146
1234567
73148
1234567
73150
1234567
73152
1234567
73154
1234567
73156
1234567
73158
1234567
73160
1234567
73162
1234567
73164
1234567
73166
1234567
73168
1234567
73170
1234567
73172
1234567
73174
1234567
73176
1234567
73178
1234567
73180
1234567
73182
1234567
73184
1234567
73186
1234567
73188
1234567
73190
1234567
73192
1234567
73194
1234567
73196
1234567
73198
1234567
73200
1234567
73202
1234567
73204
1234567
73206
1234567
73208
1234567
73210
1234567
73212
1234567
73214
1234567
73216
1234567
73218
1234567
73220
1234567
73222
1234567
73224
1234567
73226
1234567
73228
1234567
73230
1234567
73232
1234567
73234
1234567
73236
1234567
73238
1234567
73240
1234567
73242
1234567
73244
1234567
73246
1234567
73248
1234567
73250
1234567
73252
1234567
73254
1234567
73256
1234567
73258
1234567
73260
1234567
73262
1234567
73264
1234567
73266
1234567
73268
1234567
73270
1234567
73272
1234567
73274
1234567
73276
1234567
73278
1234567
73280
1234567
73282
1234567
73284
1234567
73286
1234567
73288
1234567
73290
1234567
73292
1234567
73294
1234567
73296
1234567
73298
1234567
73300
1234567
73302
1234567
73304
1234567
73306
1234567
73308
1234567
73310
1234567
73312
1234567
73314
1234567
73316
1234567
73318
1234567
73320
1234567
73322
1234567
73324
1234567
73326
1234567
73328
1234567
73330
1234567
73332
1234567
73334
1234567
73336
1234567
73338
1234567
73340
1234567
73342
1234567
73344
1234567
73346
1234567
73348
1234567
73350
1234567
73352
1234567
73354
1234567
73356
1234567
73358
1234567
73360
1234567
73362
1234567
73364
1234567
73366
1234567
73368
1234567
73370
1234567
73372
1234567
73374
1234567
73376
1234567
73378
1234567
73380
1234567
73382
1234567
73384
1234567
73386
1234567
73388
1234567
73390
1234567
73392
1234567
73394
1234567
73396
1234567
73398
1234567
73400
1234567
73402
1234567
73404
1234567
73406
1234567
73408
1234567
73410
1234567
73412
1234567
73414
1234567
73416
1234567
73418
1234567
73420
1234567
73422
1234567
73424
1234567
73426
1234567
73428
1234567
73430
1234567
73432
1234567
73434
1234567
73436
1234567
73438
1234567
73440
1234567
73442
1234567
73444
1234567
73446
1234567
73448
1234567
73450
1234567
73452
1234567
73454
1234567
73456
1234567
73458
1234567
73460
1234567
73462
1234567
73464
1234567
73466
1234567
73468
1234567
73470
1234567
73472
1234567
73474
1234567
73476
1234567
73478
1234567
73480
1234567
73482
1234567
73484
1234567
73486
1234567
73488
1234567
73490
1234567
73492
1234567
73494
1234567
73496
1234567
73498
1234567
73500
1234567
73502
1234567
73504
1234567
73506
1234567
73508
1234567
73510
1234567
73512
1234567
73514
1234567
73516
1234567
73518
1234567
73520
1234567
73522
1234567
73524
1234567
73526
1234567
73528
1234567
73530
1234567
73532
1234567
73534
1234567
73536
1234567
73538
1234567
73540
1234567
73542
1234567
73544
1234567
73546
1234567
73548
1234567
73550
1234567
73552
1234567
73554
1234567
73556
1234567
73558
1234567
73560
1234567
73562
1234567
73564
1234567
73566
1234567
73568
1234567
73570
1234567
73572
1234567
73574
1234567
73576
1234567
73578
1234567
73580
1234567
73582
1234567
73584
1234567
73586
1234567
73588
1234567
73590
1234567
73592
1234567
73594
1234567
73596
1234567
73598
1234567
73600
1234567
73602
1234567
73604
1234567
73606
1234567
73608
1234567
73610
1234567
73612
1234567
73614
1234567
73616
1234567
73618
1234567
73620
1234567
73622
1234567
73624
1234567
73626
1234567
73628
1234567
73630
1234567
73632
1234567
73634
1234567
73636
1234567
73638
1234567
73640
1234567
73642
1234567
73644
1234567
73646
1234567
73648
1234567
73650
1234567
73652
1234567
73654
1234567
73656
1234567
73658
1234567
73660
1234567
73662
1234567
73664
1234567
73666
1234567
73668
1234567
73670
1234567
73672
1234567
73674
1234567
73676
1234567
73678
1234567
73680
1234567
73682
1234567
73684
1234567
73686
1234567
73688
1234567
73690
1234567
73692
1234567
73694
1234567
73696
1234567
73698
1234567
73700
1234567
73702
1234567
73704
1234567
73706
1234567
73708
1234567
73710
1234567
73712
1234567
73714
1234567
73716
1234567
73718
1234567
73720
1234567
73722
1234567
73724
1234567
73726
1234567
73728
1234567
73730
1234567
73732
1234567
73734
1234567
73736
1234567
73738
1234567
73740
1234567
73742
1234567
73744
1234567
73746
1234567
73748
1234567
73750
1234567
73752
1234567
73754
1234567
73756
1234567
73758
1234567
73760
1234567
73762
1234567
73764
1234567
73766
1234567
73768
1234567
73770
1234567
73772
1234567
73774
1234567
73776
1234567
73778
1234567
73780
1234567
73782
1234567
73784
1234567
73786
1234567
73788
1234567
73790
1234567
73792
1234567
73794
1234567
73796
1234567
73798
1234567
73800
1234567
73802
1234567
73804
1234567
73806
1234567
73808
1234567
73810
1234567
73812
1234567
73814
1234567
73816
1234567
73818
1234567
73820
1234567
73822
1234567
73824
1234567
73826
1234567
73828
1234567
73830
1234567
73832
1234567
73834
1234567
73836
1234567
73838
1234567
73840
1234567
73842
1234567
73844
1234567
73846
1234567
73848
1234567
73850
1234567
73852
1234567
73854
1234567
73856
1234567
73858
1234567
73860
1234567
73862
1234567
73864
1234567
73866
1234567
73868
1234567
73870
1234567
73872
1234567
73874
1234567
73876
1234567
73878
1234567
73880
1234567
73882
1234567
73884
1234567
73886
1234567
73888
1234567
73890
1234567
73892
1234567
73894
1234567
73896
1234567
73898
1234567
73900
1234567
73902
1234567
73904
1234567
73906
1234567
73908
1234567
73910
1234567
73912
1234567
73914
1234567
73916
1234567
73918
1234567
73920
1234567
73922
1234567
73924
1234567
73926
1234567
73928
1234567
73930
1234567
73932
1234567
73934
1234567
73936
1234567
73938
1234567
73940
1234567
73942
1234567
73944
1234567
73946
1234567
73948
1234567
73950
1234567
73952
1234567
73954
1234567
73956
1234567
73958
1234567
73960
1234567
73962
1234567
73964
1234567
73966
1234567
73968
1234567
73970
1234567
73972
1234567
73974
1234567
73976
1234567
73978
1234567
73980
1234567
73982
1234567
73984
1234567
73986
1234567
73988
1234567
73990
1234567
73992
1234567
73994
1234567
73996
1234567
73998
1234567
74000
1234567
74002
1234567
74004
1234567
74006
1234567
74008
1234567
74010
1234567
74012
1234567
74014
1234567
74016
1234567
74018
1234567
74020
1234567
74022
1234567
74024
1234567
74026
1234567
74028
1234567
74030
1234567
74032
1234567
74034
1234567
74036
1234567
74038
1234567
74040
1234567
74042
1234567
74044
1234567
74046
1234567
74048
1234567
74050
1234567
74052
1234567
74054
1234567
74056
1234567
74058
1234567
74060
1234567
74062
1234567
74064
1234567
74066
1234567
74068
1234567
74070
1234567
74072
1234567
74074
1234567
74076
1234567
74078
1234567
74080
1234567
74082
1234567
74084
1234567
74086
1234567
74088
1234567
74090
1234567
74092
1234567
74094
1234567
74096
1234567
74098
1234567
74100
1234567
74102
1234567
74104
1234567
74106
1234567
74108
1234567
74110
1234567
74112
1234567
74114
1234567
74116
1234567
74118
1234567
74120
1234567
74122
1234567
74124
1234567
74126
1234567
74128
1234567
74130
1234567
74132
1234567
74134
1234567
74136
1234567
74138
1234567
74140
1234567
74142
1234567
74144
1234567
74146
1234567
74148
1234567
74150
1234567
74152
1234567
74154
1234567
74156
1234567
74158
1234567
74160
1234567
74162
1234567
74164
1234567
74166
1234567
74168
1234567
74170
1234567
74172
1234567
74174
1234567
74176
1234567
74178
1234567
74180
1234567
74182
1234567
74184
1234567
74186
1234567
74188
1234567
74190
1234567
74192
1234567
74194
1234567
74196
1234567
74198
1234567
74200
1234567
74202
1234567
74204
1234567
74206
1234567
74208
1234567
74210
1234567
74212
1234567
74214
1234567
74216
1234567
74218
1234567
74220
1234567
74222
1234567
74224
1234567
74226
1234567
74228
1234567
74230
1234567
74232
1234567
74234
1234567
74236
1234567
74238
1234567
74240
1234567
74242
1234567
74244
1234567
74246
1234567
74248
1234567
74250
1234567
74252
1234567
74254
1234567
74256
1234567
74258
1234567
74260
1234567
74262
1234567
74264
1234567
74266
1234567
74268
1234567
74270
1234567
74272
1234567
74274
1234567
74276
1234567
74278
1234567
74280
1234567
74282
1234567
74284
1234567
74286
1234567
74288
1234567
74290
1234567
74292
1234567
74294
1234567
74296
1234567
74298
1234567
74300
1234567
74302
1234567
74304
1234567
74306
1234567
74308
1234567
74310
1234567
74312
1234567
74314
1234567
74316
1234567
74318
1234567
74320
1234567
74322
1234567
74324
1234567
74326
1234567
74328
1234567
74330
1234567
74332
1234567
74334
1234567
74336
1234567
74338
1234567
74340
1234567
74342
1234567
74344
1234567
74346
1234567
74348
1234567
74350
1234567
74352
1234567
74354
1234567
74356
1234567
74358
1234567
74360
1234567
74362
1234567
74364
1234567
74366
1234567
74368
1234567
74370
1234567
74372
1234567
74374
1234567
74376
1234567
74378
1234567
74380
1234567
74382
1234567
74384
1234567
74386
1234567
74388
1234567
74390
1234567
74392
1234567
74394
1234567
74396
1234567
74398
1234567
74400
1234567
74402
1234567
74404
1234567
74406
1234567
74408
1234567
74410
1234567
74412
1234567
74414
1234567
74416
1234567
74418
1234567
74420
1234567
74422
1234567
74424
1234567
74426
1234567
74428
1234567
74430
1234567
74432
1234567
74434
1234567
74436
1234567
74438
1234567
74440
1234567
74442
1234567
74444
1234567
74446
1234567
74448
1234567
74450
1234567
74452
1234567
74454
1234567
74456
1234567
74458
1234567
74460
1234567
74462
1234567
74464
1234567
74466
1234567
74468
1234567
74470
1234567
74472
1234567
74474
1234567
74476
1234567
74478
1234567
74480
1234567
74482
1234567
74484
1234567
74486
1234567
74488
1234567
74490
1234567
74492
1234567
74494
1234567
74496
1234567
74498
1234567
74500
1234567
74502
1234567
74504
1234567
74506
1234567
74508
1234567
74510
1234567
74512
1234567
74514
1234567
74516
1234567
74518
1234567
74520
1234567
74522
1234567
74524
1234567
74526
1234567
74528
1234567
74530
1234567
74532
1234567
74534
1234567
74536
1234567
74538
1234567
74540
1234567
74542
1234567
74544
1234567
74546
1234567
74548
1234567
74550
1234567
74552
1234567
74554
1234567
74556
1234567
74558
1234567
74560
1234567
74562
1234567
74564
1234567
74566
1234567
74568
1234567
74570
1234567
74572
1234567
74574
1234567
74576
1234567
74578
1234567
74580
1234567
74582
1234567
74584
1234567
74586
1234567
74588
1234567
74590
1234567
74592
1234567
74594
1234567
74596
1234567
74598
1234567
74600
1234567
74602
1234567
74604
1234567
74606
1234567
74608
1234567
74610
1234567
74612
1234567
74614
1234567
74616
1234567
74618
1234567
74620
1234567
74622
1234567
74624
1234567
74626
1234567
74628
1234567
74630
1234567
74632
1234567
74634
1234567
74636
1234567
74638
1234567
74640
1234567
74642
1234567
74644
1234567
74646
1234567
74648
1234567
74650
1234567
74652
1234567
74654
1234567
74656
1234567
74658
1234567
74660
1234567
74662
1234567
74664
1234567
74666
1234567
74668
1234567
74670
1234567
74672
1234567
74674
1234567
74676
1234567
74678
1234567
74680
1234567
74682
1234567
74684
1234567
74686
1234567
74688
1234567
74690
1234567
74692
1234567
74694
1234567
74696
1234567
74698
1234567
74700
1234567
74702
1234567
74704
1234567
74706
1234567
74708
1234567
74710
1234567
74712
1234567
74714
1234567
74716
1234567
74718
1234567
74720
1234567
74722
1234567
74724
1234567
74726
1234567
74728
1234567
74730
1234567
74732
1234567
74734
1234567
74736
1234567
74738
1234567
74740
1234567
74742
1234567
74744
1234567
74746
1234567
74748
1234567
74750
1234567
74752
1234567
74754
1234567
74756
1234567
74758
1234567
74760
1234567
74762
1234567
74764
1234567
74766
1234567
74768
1234567
74770
1234567
74772
1234567
74774
1234567
74776
1234567
74778
1234567
74780
1234567
74782
1234567
74784
1234567
74786
1234567
74788
1234567
74790
1234567
74792
1234567
74794
1234567
74796
1234567
74798
1234567
74800
1234567
74802
1234567
74804
1234567
74806
1234567
74808
1234567
74810
1234567
74812
1234567
74814
1234567
74816
1234567
74818
1234567
74820
1234567
74822
1234567
74824
1234567
74826
1234567
74828
1234567
74830
1234567
74832
1234567
74834
1234567
74836
1234567
74838
1234567
74840
1234567
74842
1234567
74844
1234567
74846
1234567
74848
1234567
74850
1234567
74852
1234567
74854
1234567
74856
1234567
74858
1234567
74860
1234567
74862
1234567
74864
1234567
74866
1234567
74868
1234567
74870
1234567
74872
1234567
74874
1234567
74876
1234567
74878
1234567
74880
1234567
74882
1234567
74884
1234567
74886
1234567
74888
1234567
74890
1234567
74892
1234567
74894
1234567
74896
1234567
74898
1234567
74900
1234567
74902
1234567
74904
1234567
74906
1234567
74908
1234567
74910
1234567
74912
1234567
74914
1234567
74916
1234567
74918
1234567
74920
1234567
74922
1234567
74924
1234567
74926
1234567
74928
1234567
74930
1234567
74932
1234567
74934
1234567
74936
1234567
74938
1234567
74940
1234567
74942
1234567
74944
1234567
74946
1234567
74948
1234567
74950
1234567
74952
1234567
74954
1234567
74956
1234567
74958
1234567
74960
1234567
74962
1234567
74964
1234567
74966
1234567
74968
1234567
74970
1234567
74972
1234567
74974
1234567
74976
1234567
74978
1234567
74980
1234567
74982
1234567
74984
1234567
74986
1234567
74988
1234567
74990
1234567
74992
1234567
74994
1234567
74996
1234567
74998
1234567
75000
1234567
75002
1234567
75004
1234567
75006
1234567
75008
1234567
75010
1234567
75012
1234567
75014
1234567
75016
1234567
75018
1234567
75020
1234567
75022
1234567
75024
1234567
75026
1234567
75028
1234567
75030
1234567
75032
1234567
75034
1234567
75036
1234567
75038
1234567
75040
1234567
75042
1234567
75044
1234567
75046
1234567
75048
1234567
75050
1234567
75052
1234567
75054
1234567
75056
1234567
75058
1234567
75060
1234567
75062
1234567
75064
1234567
75066
1234567
75068
1234567
75070
1234567
75072
1234567
75074
1234567
75076
1234567
75078
1234567
75080
1234567
75082
1234567
75084
1234567
75086
1234567
75088
1234567
75090
1234567
75092
1234567
75094
1234567
75096
1234567
75098
1234567
75100
1234567
75102
1234567
75104
1234567
75106
1234567
75108
1234567
75110
1234567
75112
1234567
75114
1234567
75116
1234567
75118
1234567
75120
1234567
75122
1234567
75124
1234567
75126
1234567
75128
1234567
75130
1234567
75132
1234567
75134
1234567
75136
1234567
75138
1234567
75140
1234567
75142
1234567
75144
1234567
75146
1234567
75148
1234567
75150
1234567
75152
1234567
75154
1234567
75156
1234567
75158
1234567
75160
1234567
75162
1234567
75164
1234567
75166
1234567
75168
1234567
75170
1234567
75172
1234567
75174
1234567
75176
1234567
75178
1234567
75180
1234567
75182
1234567
75184
1234567
75186
1234567
75188
1234567
75190
1234567
75192
1234567
75194
1234567
75196
1234567
75198
1234567
75200
1234567
75202
1234567
75204
1234567
75206
1234567
75208
1234567
75210
1234567
75212
1234567
75214
1234567
75216
1234567
75218
1234567
75220
1234567
75222
1234567
75224
1234567
75226
1234567
75228
1234567
75230
1234567
75232
1234567
75234
1234567
75236
1234567
75238
1234567
75240
1234567
75242
1234567
75244
1234567
75246
1234567
75248
1234567
75250
1234567
75252
1234567
75254
1234567
75256
1234567
75258
1234567
75260
1234567
75262
1234567
75264
1234567
75266
1234567
75268
1234567
75270
1234567
75272
1234567
75274
1234567
75276
1234567
75278
1234567
75280
1234567
75282
1234567
75284
1234567
75286
1234567
75288
1234567
75290
1234567
75292
1234567
75294
1234567
75296
1234567
75298
1234567
75300
1234567
75302
1234567
75304
1234567
75306
1234567
75308
1234567
75310
1234567
75312
1234567
75314
1234567
75316
1234567
75318
1234567
75320
1234567
75322
1234567
75324
1234567
75326
1234567
75328
1234567
75330
1234567
75332
1234567
75334
1234567
75336
1234567
75338
1234567
75340
1234567
75342
1234567
75344
1234567
75346
1234567
75348
1234567
75350
1234567
75352
1234567
75354
1234567
75356
1234567
75358
1234567
75360
1234567
75362
1234567
75364
1234567
75366
1234567
75368
1234567
75370
1234567
75372
1234567
75374
1234567
75376
1234567
75378
1234567
75380
1234567
75382
1234567
75384
1234567
75386
1234567
75388
1234567
75390
1234567
75392
1234567
75394
1234567
75396
1234567
75398
1234567
75400
1234567
75402
1234567
75404
1234567
75406
1234567
75408
1234567
75410
1234567
75412
1234567
75414
1234567
75416
1234567
75418
1234567
75420
1234567
75422
1234567
75424
1234567
75426
1234567
75428
1234567
75430
1234567
75432
1234567
75434
1234567
75436
1234567
75438
1234567
75440
1234567
75442
1234567
75444
1234567
75446
1234567
75448
1234567
75450
1234567
75452
1234567
75454
1234567
75456
1234567
75458
1234567
75460
1234567
75462
1234567
75464
1234567
75466
1234567
75468
1234567
75470
1234567
75472
1234567
75474
1234567
75476
1234567
75478
1234567
75480
1234567
75482
1234567
75484
1234567
75486
1234567
75488
1234567
75490
1234567
75492
1234567
75494
1234567
75496
1234567
75498
1234567
75500
1234567
75502
1234567
75504
1234567
75506
1234567
75508
1234567
75510
1234567
75512
1234567
75514
1234567
75516
1234567
75518
1234567
75520
1234567
75522
1234567
75524
1234567
75526
1234567
75528
1234567
75530
1234567
75532
1234567
75534
1234567
75536
1234567
75538
1234567
75540
1234567
75542
1234567
75544
1234567
75546
1234567
75548
1234567
75550
1234567
75552
1234567
75554
1234567
75556
1234567
75558
1234567
75560
1234567
75562
1234567
75564
1234567
75566
1234567
75568
1234567
75570
1234567
75572
1234567
75574
1234567
75576
1234567
75578
1234567
75580
1234567
75582
1234567
75584
1234567
75586
1234567
75588
1234567
75590
1234567
75592
1234567
75594
1234567
75596
1234567
75598
1234567
75600
1234567
75602
1234567
75604
1234567
75606
1234567
75608
1234567
75610
1234567
75612
1234567
75614
1234567
75616
1234567
75618
1234567
75620
1234567
75622
1234567
75624
1234567
75626
1234567
75628
1234567
75630
1234567
75632
1234567
75634
1234567
75636
1234567
75638
1234567
75640
1234567
75642
1234567
75644
1234567
75646
1234567
75648
1234567
75650
1234567
75652
1234567
75654
1234567
75656
1234567
75658
1234567
75660
1234567
75662
1234567
75664
1234567
75666
1234567
75668
1234567
75670
1234567
75672
1234567
75674
1234567
75676
1234567
75678
1234567
75680
1234567
75682
1234567
75684
1234567
75686
1234567
75688
1234567
75690
1234567
75692
1234567
75694
1234567
75696
1234567
75698
1234567
75700
1234567
75702
1234567
75704
1234567
75706
1234567
75708
1234567
75710
1234567
75712
1234567
75714
1234567
75716
1234567
75718
1234567
75720
1234567
75722
1234567
75724
1234567
75726
1234567
75728
1234567
75730
1234567
75732
1234567
75734
1234567
75736
1234567
75738
1234567
75740
1234567
75742
1234567
75744
1234567
75746
1234567
75748
1234567
75750
1234567
75752
1234567
75754
1234567
75756
1234567
75758
1234567
75760
1234567
75762
1234567
75764
1234567
75766
1234567
75768
1234567
75770
1234567
75772
1234567
75774
1234567
75776
1234567
75778
1234567
75780
1234567
75782
1234567
75784
1234567
75786
1234567
75788
1234567
75790
1234567
75792
1234567
75794
1234567
75796
1234567
75798
1234567
75800
1234567
75802
1234567
75804
1234567
75806
1234567
75808
1234567
75810
1234567
75812
1234567
75814
1234567
75816
1234567
75818
1234567
75820
1234567
75822
1234567
75824
1234567
75826
1234567
75828
1234567
75830
1234567
75832
1234567
75834
1234567
75836
1234567
75838
1234567
75840
1234567
75842
1234567
75844
1234567
75846
1234567
75848
1234567
75850
1234567
75852
1234567
75854
1234567
75856
1234567
75858
1234567
75860
1234567
75862
1234567
75864
1234567
75866
1234567
75868
1234567
75870
1234567
75872
1234567
75874
1234567
75876
1234567
75878
1234567
75880
1234567
75882
1234567
75884
1234567
75886
1234567
75888
1234567
75890
1234567
75892
1234567
75894
1234567
75896
1234567
75898
1234567
75900
1234567
75902
1234567
75904
1234567
75906
1234567
75908
1234567
75910
1234567
75912
1234567
75914
1234567
75916
1234567
75918
1234567
75920
1234567
75922
1234567
75924
1234567
75926
1234567
75928
1234567
75930
1234567
75932
1234567
75934
1234567
75936
1234567
75938
1234567
75940
1234567
75942
1234567
75944
1234567
75946
1234567
75948
1234567
75950
1234567
75952
1234567
75954
1234567
75956
1234567
75958
1234567
75960
1234567
75962
1234567
75964
1234567
75966
1234567
75968
1234567
75970
1234567
75972
1234567
75974
1234567
75976
1234567
75978
1234567
75980
1234567
75982
1234567
75984
1234567
75986
1234567
75988
1234567
75990
1234567
75992
1234567
75994
1234567
75996
1234567
75998
1234567
76000
1234567
76002
1234567
76004
1234567
76006
1234567
76008
1234567
76010
1234567
76012
1234567
76014
1234567
76016
1234567
76018
1234567
76020
1234567
76022
1234567
76024
1234567
76026
1234567
76028
1234567
76030
1234567
76032
1234567
76034
1234567
76036
1234567
76038
1234567
76040
1234567
76042
1234567
76044
1234567
76046
1234567
76048
1234567
76050
1234567
76052
1234567
76054
1234567
76056
1234567
76058
1234567
76060
1234567
76062
1234567
76064
1234567
76066
1234567
76068
1234567
76070
1234567
76072
1234567
76074
1234567
76076
1234567
76078
1234567
76080
1234567
76082
1234567
76084
1234567
76086
1234567
76088
1234567
76090
1234567
76092
1234567
76094
1234567
76096
1234567
76098
1234567
76100
1234567
76102
1234567
76104
1234567
76106
1234567
76108
1234567
76110
1234567
76112
1234567
76114
1234567
76116
1234567
76118
1234567
76120
1234567
76122
1234567
76124
1234567
76126
1234567
76128
1234567
76130
1234567
76132
1234567
76134
1234567
76136
1234567
76138
1234567
76140
1234567
76142
1234567
76144
1234567
76146
1234567
76148
1234567
76150
1234567
76152
1234567
76154
1234567
76156
1234567
76158
1234567
76160
1234567
76162
1234567
76164
1234567
76166
1234567
76168
1234567
76170
1234567
76172
1234567
76174
1234567
76176
1234567
76178
1234567
76180
1234567
76182
1234567
76184
1234567
76186
1234567
76188
1234567
76190
1234567
76192
1234567
76194
1234567
76196
1234567
76198
1234567
76200
1234567
76202
1234567
76204
1234567
76206
1234567
76208
1234567
76210
1234567
76212
1234567
76214
1234567
76216
1234567
76218
1234567
76220
1234567
76222
1234567
76224
1234567
76226
1234567
76228
1234567
76230
1234567
76232
1234567
76234
1234567
76236
1234567
76238
1234567
76240
1234567
76242
1234567
76244
1234567
76246
1234567
76248
1234567
76250
1234567
76252
1234567
76254
1234567
76256
1234567
76258
1234567
76260
1234567
76262
1234567
76264
1234567
76266
1234567
76268
1234567
76270
1234567
76272
1234567
76274
1234567
76276
1234567
76278
1234567
76280
1234567
76282
1234567
76284
1234567
76286
1234567
76288
1234567
76290
1234567
76292
1234567
76294
1234567
76296
1234567
76298
1234567
76300
1234567
76302
1234567
76304
1234567
76306
1234567
76308
1234567
76310
1234567
76312
1234567
76314
1234567
76316
1234567
76318
1234567
76320
1234567
76322
1234567
76324
1234567
76326
1234567
76328
1234567
76330
1234567
76332
1234567
76334
1234567
76336
1234567
76338
1234567
76340
1234567
76342
1234567
76344
1234567
76346
1234567
76348
1234567
76350
1234567
76352
1234567
76354
1234567
76356
1234567
76358
1234567
76360
1234567
76362
1234567
76364
1234567
76366
1234567
76368
1234567
76370
1234567
76372
1234567
76374
1234567
76376
1234567
76378
1234567
76380
1234567
76382
1234567
76384
1234567
76386
1234567
76388
1234567
76390
1234567
76392
1234567
76394
1234567
76396
1234567
76398
1234567
76400
1234567
76402
1234567
76404
1234567
76406
1234567
76408
1234567
76410
1234567
76412
1234567
76414
1234567
76416
1234567
76418
1234567
76420
1234567
76422
1234567
76424
1234567
76426
1234567
76428
1234567
76430
1234567
76432
1234567
76434
1234567
76436
1234567
76438
1234567
76440
1234567
76442
1234567
76444
1234567
76446
1234567
76448
1234567
76450
1234567
76452
1234567
76454
1234567
76456
1234567
76458
1234567
76460
1234567
76462
1234567
76464
1234567
76466
1234567
76468
1234567
76470
1234567
76472
1234567
76474
1234567
76476
1234567
76478
1234567
76480
1234567
76482
1234567
76484
1234567
76486
1234567
76488
1234567
76490
1234567
76492
1234567
76494
1234567
76496
1234567
76498
1234567
76500
1234567
76502
1234567
76504
1234567
76506
1234567
76508
1234567
76510
1234567
76512
1234567
76514
1234567
76516
1234567
76518
1234567
76520
1234567
76522
1234567
76524
1234567
76526
1234567
76528
1234567
76530
1234567
76532
1234567
76534
1234567
76536
1234567
76538
1234567
76540
1234567
76542
1234567
76544
1234567
76546
1234567
76548
1234567
76550
1234567
76552
1234567
76554
1234567
76556
1234567
76558
1234567
76560
1234567
76562
1234567
76564
1234567
76566
1234567
76568
1234567
76570
1234567
76572
1234567
76574
1234567
76576
1234567
76578
1234567
76580
1234567
76582
1234567
76584
1234567
76586
1234567
76588
1234567
76590
1234567
76592
1234567
76594
1234567
76596
1234567
76598
1234567
76600
1234567
76602
1234567
76604
1234567
76606
1234567
76608
1234567
76610
1234567
76612
1234567
76614
1234567
76616
1234567
76618
1234567
76620
1234567
76622
1234567
76624
1234567
76626
1234567
76628
1234567
76630
1234567
76632
1234567
76634
1234567
76636
1234567
76638
1234567
76640
1234567
76642
1234567
76644
1234567
76646
1234567
76648
1234567
76650
1234567
76652
1234567
76654
1234567
76656
1234567
76658
1234567
76660
1234567
76662
1234567
76664
1234567
76666
1234567
76668
1234567
76670
1234567
76672
1234567
76674
1234567
76676
1234567
76678
1234567
76680
1234567
76682
1234567
76684
1234567
76686
1234567
76688
1234567
76690
1234567
76692
1234567
76694
1234567
76696
1234567
76698
1234567
76700
1234567
76702
1234567
76704
1234567
76706
1234567
76708
1234567
76710
1234567
76712
1234567
76714
1234567
76716
1234567
76718
1234567
76720
1234567
76722
1234567
76724
1234567
76726
1234567
76728
1234567
76730
1234567
76732
1234567
76734
1234567
76736
1234567
76738
1234567
76740
1234567
76742
1234567
76744
1234567
76746
1234567
76748
1234567
76750
1234567
76752
1234567
76754
1234567
76756
1234567
76758
1234567
76760
1234567
76762
1234567
76764
1234567
76766
1234567
76768
1234567
76770
1234567
76772
1234567
76774
1234567
76776
1234567
76778
1234567
76780
1234567
76782
1234567
76784
1234567
76786
1234567
76788
1234567
76790
1234567
76792
1234567
76794
1234567
76796
1234567
76798
1234567
76800
1234567
76802
1234567
76804
1234567
76806
1234567
76808
1234567
76810
1234567
76812
1234567
76814
1234567
76816
1234567
76818
1234567
76820
1234567
76822
1234567
76824
1234567
76826
1234567
76828
1234567
76830
1234567
76832
1234567
76834
1234567
76836
1234567
76838
1234567
76840
1234567
76842
1234567
76844
1234567
76846
1234567
76848
1234567
76850
1234567
76852
1234567
76854
1234567
76856
1234567
76858
1234567
76860
1234567
76862
1234567
76864
1234567
76866
1234567
76868
1234567
76870
1234567
76872
1234567
76874
1234567
76876
1234567
76878
1234567
76880
1234567
76882
1234567
76884
1234567
76886
1234567
76888
1234567
76890
1234567
76892
1234567
76894
1234567
76896
1234567
76898
1234567
76900
1234567
76902
1234567
76904
1234567
76906
1234567
76908
1234567
76910
1234567
76912
1234567
76914
1234567
76916
1234567
76918
1234567
76920
1234567
76922
1234567
76924
1234567
76926
1234567
76928
1234567
76930
1234567
76932
1234567
76934
1234567
76936
1234567
76938
1234567
76940
1234567
76942
1234567
76944
1234567
76946
1234567
76948
1234567
76950
1234567
76952
1234567
76954
1234567
76956
1234567
76958
1234567
76960
1234567
76962
1234567
76964
1234567
76966
1234567
76968
1234567
76970
1234567
76972
1234567
76974
1234567
76976
1234567
76978
1234567
76980
1234567
76982
1234567
76984
1234567
76986
1234567
76988
1234567
76990
1234567
76992
1234567
76994
1234567
76996
1234567
76998
1234567
77000
1234567
77002
1234567
77004
1234567
77006
1234567
77008
1234567
77010
1234567
77012
1234567
77014
1234567
77016
1234567
77018
1234567
77020
1234567
77022
1234567
77024
1234567
77026
1234567
77028
1234567
77030
1234567
77032
1234567
77034
1234567
77036
1234567
77038
1234567
77040
1234567
77042
1234567
77044
1234567
77046
1234567
77048
1234567
77050
1234567
77052
1234567
77054
1234567
77056
1234567
77058
1234567
77060
1234567
77062
1234567
77064
1234567
77066
1234567
77068
1234567
77070
1234567
77072
1234567
77074
1234567
77076
1234567
77078
1234567
77080
1234567
77082
1234567
77084
1234567
77086
1234567
77088
1234567
77090
1234567
77092
1234567
77094
1234567
77096
1234567
77098
1234567
77100
1234567
77102
1234567
77104
1234567
77106
1234567
77108
1234567
77110
1234567
77112
1234567
77114
1234567
77116
1234567
77118
1234567
77120
1234567
77122
1234567
77124
1234567
77126
1234567
77128
1234567
77130
1234567
77132
1234567
77134
1234567
77136
1234567
77138
1234567
77140
1234567
77142
1234567
77144
1234567
77146
1234567
77148
1234567
77150
1234567
77152
1234567
77154
1234567
77156
1234567
77158
1234567
77160
1234567
77162
1234567
77164
1234567
77166
1234567
77168
1234567
77170
1234567
77172
1234567
77174
1234567
77176
1234567
77178
1234567
77180
1234567
77182
1234567
77184
1234567
77186
1234567
77188
1234567
77190
1234567
77192
1234567
77194
1234567
77196
1234567
77198
1234567
77200
1234567
77202
1234567
77204
1234567
77206
1234567
77208
1234567
77210
1234567
77212
1234567
77214
1234567
77216
1234567
77218
1234567
77220
1234567
77222
1234567
77224
1234567
77226
1234567
77228
1234567
77230
1234567
77232
1234567
77234
1234567
77236
1234567
77238
1234567
77240
1234567
77242
1234567
77244
1234567
77246
1234567
77248
1234567
77250
1234567
77252
1234567
77254
1234567
77256
1234567
77258
1234567
77260
1234567
77262
1234567
77264
1234567
77266
1234567
77268
1234567
77270
1234567
77272
1234567
77274
1234567
77276
1234567
77278
1234567
77280
1234567
77282
1234567
77284
1234567
77286
1234567
77288
1234567
77290
1234567
77292
1234567
77294
1234567
77296
1234567
77298
1234567
77300
1234567
77302
1234567
77304
1234567
77306
1234567
77308
1234567
77310
1234567
77312
1234567
77314
1234567
77316
1234567
77318
1234567
77320
1234567
77322
1234567
77324
1234567
77326
1234567
77328
1234567
77330
1234567
77332
1234567
77334
1234567
77336
1234567
77338
1234567
77340
1234567
77342
1234567
77344
1234567
77346
1234567
77348
1234567
77350
1234567
77352
1234567
77354
1234567
77356
1234567
77358
1234567
77360
1234567
77362
1234567
77364
1234567
77366
1234567
77368
1234567
77370
1234567
77372
1234567
77374
1234567
77376
1234567
77378
1234567
77380
1234567
77382
1234567
77384
1234567
77386
1234567
77388
1234567
77390
1234567
77392
1234567
77394
1234567
77396
1234567
77398
1234567
77400
1234567
77402
1234567
77404
1234567
77406
1234567
77408
1234567
77410
1234567
77412
1234567
77414
1234567
77416
1234567
77418
1234567
77420
1234567
77422
1234567
77424
1234567
77426
1234567
77428
1234567
77430
1234567
77432
1234567
77434
1234567
77436
1234567
77438
1234567
77440
1234567
77442
1234567
77444
1234567
77446
1234567
77448
1234567
77450
1234567
77452
1234567
77454
1234567
77456
1234567
77458
1234567
77460
1234567
77462
1234567
77464
1234567
77466
1234567
77468
1234567
77470
1234567
77472
1234567
77474
1234567
77476
1234567
77478
1234567
77480
1234567
77482
1234567
77484
1234567
77486
1234567
77488
1234567
77490
1234567
77492
1234567
77494
1234567
77496
1234567
77498
1234567
77500
1234567
77502
1234567
77504
1234567
77506
1234567
77508
1234567
77510
1234567
77512
1234567
77514
1234567
77516
1234567
77518
1234567
77520
1234567
77522
1234567
77524
1234567
77526
1234567
77528
1234567
77530
1234567
77532
1234567
77534
1234567
77536
1234567
77538
1234567
77540
1234567
77542
1234567
77544
1234567
77546
1234567
77548
1234567
77550
1234567
77552
1234567
77554
1234567
77556
1234567
77558
1234567
77560
1234567
77562
1234567
77564
1234567
77566
1234567
77568
1234567
77570
1234567
77572
1234567
77574
1234567
77576
1234567
77578
1234567
77580
1234567
77582
1234567
77584
1234567
77586
1234567
77588
1234567
77590
1234567
77592
1234567
77594
1234567
77596
1234567
77598
1234567
77600
1234567
77602
1234567
77604
1234567
77606
1234567
77608
1234567
77610
1234567
77612
1234567
77614
1234567
77616
1234567
77618
1234567
77620
1234567
77622
1234567
77624
1234567
77626
1234567
77628
1234567
77630
1234567
77632
1234567
77634
1234567
77636
1234567
77638
1234567
77640
1234567
77642
1234567
77644
1234567
77646
1234567
77648
1234567
77650
1234567
77652
1234567
77654
1234567
77656
1234567
77658
1234567
77660
1234567
77662
1234567
77664
1234567
77666
1234567
77668
1234567
77670
1234567
77672
1234567
77674
1234567
77676
1234567
77678
1234567
77680
1234567
77682
1234567
77684
1234567
77686
1234567
77688
1234567
77690
1234567
77692
1234567
77694
1234567
77696
1234567
77698
1234567
77700
1234567
77702
1234567
77704
1234567
77706
1234567
77708
1234567
77710
1234567
77712
1234567
77714
1234567
77716
1234567
77718
1234567
77720
1234567
77722
1234567
77724
1234567
77726
1234567
77728
1234567
77730
1234567
77732
1234567
77734
1234567
77736
1234567
77738
1234567
77740
1234567
77742
1234567
77744
1234567
77746
1234567
77748
1234567
77750
1234567
77752
1234567
77754
1234567
77756
1234567
77758
1234567
77760
1234567
77762
1234567
77764
1234567
77766
1234567
77768
1234567
77770
1234567
77772
1234567
77774
1234567
77776
1234567
77778
1234567
77780
1234567
77782
1234567
77784
1234567
77786
1234567
77788
1234567
77790
1234567
77792
1234567
77794
1234567
77796
1234567
77798
1234567
77800
1234567
77802
1234567
77804
1234567
77806
1234567
77808
1234567
77810
1234567
77812
1234567
77814
1234567
77816
1234567
77818
1234567
77820
1234567
77822
1234567
77824
1234567
77826
1234567
77828
1234567
77830
1234567
77832
1234567
77834
1234567
77836
1234567
77838
1234567
77840
1234567
77842
1234567
77844
1234567
77846
1234567
77848
1234567
77850
1234567
77852
1234567
77854
1234567
77856
1234567
77858
1234567
77860
1234567
77862
1234567
77864
1234567
77866
1234567
77868
1234567
77870
1234567
77872
1234567
77874
1234567
77876
1234567
77878
1234567
77880
1234567
77882
1234567
77884
1234567
77886
1234567
77888
1234567
77890
1234567
77892
1234567
77894
1234567
77896
1234567
77898
1234567
77900
1234567
77902
1234567
77904
1234567
77906
1234567
77908
1234567
77910
1234567
77912
1234567
77914
1234567
77916
1234567
77918
1234567
77920
1234567
77922
1234567
77924
1234567
77926
1234567
77928
1234567
77930
1234567
77932
1234567
77934
1234567
77936
1234567
77938
1234567
77940
1234567
77942
1234567
77944
1234567
77946
1234567
77948
1234567
77950
1234567
77952
1234567
77954
1234567
77956
1234567
77958
1234567
77960
1234567
77962
1234567
77964
1234567
77966
1234567
77968
1234567
77970
1234567
77972
1234567
77974
1234567
77976
1234567
77978
1234567
77980
1234567
77982
1234567
77984
1234567
77986
1234567
77988
1234567
77990
1234567
77992
1234567
77994
1234567
77996
1234567
77998
1234567
78000
1234567
78002
1234567
78004
1234567
78006
1234567
78008
1234567
78010
1234567
78012
1234567
78014
1234567
78016
1234567
78018
1234567
78020
1234567
78022
1234567
78024
1234567
78026
1234567
78028
1234567
78030
1234567
78032
1234567
78034
1234567
78036
1234567
78038
1234567
78040
1234567
78042
1234567
78044
1234567
78046
1234567
78048
1234567
78050
1234567
78052
1234567
78054
1234567
78056
1234567
78058
1234567
78060
1234567
78062
1234567
78064
1234567
78066
1234567
78068
1234567
78070
1234567
78072
1234567
78074
1234567
78076
1234567
78078
1234567
78080
1234567
78082
1234567
78084
1234567
78086
1234567
78088
1234567
78090
1234567
78092
1234567
78094
1234567
78096
1234567
78098
1234567
78100
1234567
78102
1234567
78104
1234567
78106
1234567
78108
1234567
78110
1234567
78112
1234567
78114
1234567
78116
1234567
78118
1234567
78120
1234567
78122
1234567
78124
1234567
78126
1234567
78128
1234567
78130
1234567
78132
1234567
78134
1234567
78136
1234567
78138
1234567
78140
1234567
78142
1234567
78144
1234567
78146
1234567
78148
1234567
78150
1234567
78152
1234567
78154
1234567
78156
1234567
78158
1234567
78160
1234567
78162
1234567
78164
1234567
78166
1234567
78168
1234567
78170
1234567
78172
1234567
78174
1234567
78176
1234567
78178
1234567
78180
1234567
78182
1234567
78184
1234567
78186
1234567
78188
1234567
78190
1234567
78192
1234567
78194
1234567
78196
1234567
78198
1234567
78200
1234567
78202
1234567
78204
1234567
78206
1234567
78208
1234567
78210
1234567
78212
1234567
78214
1234567
78216
1234567
78218
1234567
78220
1234567
78222
1234567
78224
1234567
78226
1234567
78228
1234567
78230
1234567
78232
1234567
78234
1234567
78236
1234567
78238
1234567
78240
1234567
78242
1234567
78244
1234567
78246
1234567
78248
1234567
78250
1234567
78252
1234567
78254
1234567
78256
1234567
78258
1234567
78260
1234567
78262
1234567
78264
1234567
78266
1234567
78268
1234567
78270
1234567
78272
1234567
78274
1234567
78276
1234567
78278
1234567
78280
1234567
78282
1234567
78284
1234567
78286
1234567
78288
1234567
78290
1234567
78292
1234567
78294
1234567
78296
1234567
78298
1234567
78300
1234567
78302
1234567
78304
1234567
78306
1234567
78308
1234567
78310
1234567
78312
1234567
78314
1234567
78316
1234567
78318
1234567
78320
1234567
78322
1234567
78324
1234567
78326
1234567
78328
1234567
78330
1234567
78332
1234567
78334
1234567
78336
1234567
78338
1234567
78340
1234567
78342
1234567
78344
1234567
78346
1234567
78348
1234567
78350
1234567
78352
1234567
78354
1234567
78356
1234567
78358
1234567
78360
1234567
78362
1234567
78364
1234567
78366
1234567
78368
1234567
78370
1234567
78372
1234567
78374
1234567
78376
1234567
78378
1234567
78380
1234567
78382
1234567
78384
1234567
78386
1234567
78388
1234567
78390
1234567
78392
1234567
78394
1234567
78396
1234567
78398
1234567
78400
1234567
78402
1234567
78404
1234567
78406
1234567
78408
1234567
78410
1234567
78412
1234567
78414
1234567
78416
1234567
78418
1234567
78420
1234567
78422
1234567
78424
1234567
78426
1234567
78428
1234567
78430
1234567
78432
1234567
78434
1234567
78436
1234567
78438
1234567
78440
1234567
78442
1234567
78444
1234567
78446
1234567
78448
1234567
78450
1234567
78452
1234567
78454
1234567
78456
1234567
78458
1234567
78460
1234567
78462
1234567
78464
1234567
78466
1234567
78468
1234567
78470
1234567
78472
1234567
78474
1234567
78476
1234567
78478
1234567
78480
1234567
78482
1234567
78484
1234567
78486
1234567
78488
1234567
78490
1234567
78492
1234567
78494
1234567
78496
1234567
78498
1234567
78500
1234567
78502
1234567
78504
1234567
78506
1234567
78508
1234567
78510
1234567
78512
1234567
78514
1234567
78516
1234567
78518
1234567
78520
1234567
78522
1234567
78524
1234567
78526
1234567
78528
1234567
78530
1234567
78532
1234567
78534
1234567
78536
1234567
78538
1234567
78540
1234567
78542
1234567
78544
1234567
78546
1234567
78548
1234567
78550
1234567
78552
1234567
78554
1234567
78556
1234567
78558
1234567
78560
1234567
78562
1234567
78564
1234567
78566
1234567
78568
1234567
78570
1234567
78572
1234567
78574
1234567
78576
1234567
78578
1234567
78580
1234567
78582
1234567
78584
1234567
78586
1234567
78588
1234567
78590
1234567
78592
1234567
78594
1234567
78596
1234567
78598
1234567
78600
1234567
78602
1234567
78604
1234567
78606
1234567
78608
1234567
78610
1234567
78612
1234567
78614
1234567
78616
1234567
78618
1234567
78620
1234567
78622
1234567
78624
1234567
78626
1234567
78628
1234567
78630
1234567
78632
1234567
78634
1234567
78636
1234567
78638
1234567
78640
1234567
78642
1234567
78644
1234567
78646
1234567
78648
1234567
78650
1234567
78652
1234567
78654
1234567
78656
1234567
78658
1234567
78660
1234567
78662
1234567
78664
1234567
78666
1234567
78668
1234567
78670
1234567
78672
1234567
78674
1234567
78676
1234567
78678
1234567
78680
1234567
78682
1234567
78684
1234567
78686
1234567
78688
1234567
78690
1234567
78692
1234567
78694
1234567
78696
1234567
78698
1234567
78700
1234567
78702
1234567
78704
1234567
78706
1234567
78708
1234567
78710
1234567
78712
1234567
78714
1234567
78716
1234567
78718
1234567
78720
1234567
78722
1234567
78724
1234567
78726
1234567
78728
1234567
78730
1234567
78732
1234567
78734
1234567
78736
1234567
78738
1234567
78740
1234567
78742
1234567
78744
1234567
78746
1234567
78748
1234567
78750
1234567
78752
1234567
78754
1234567
78756
1234567
78758
1234567
78760
1234567
78762
1234567
78764
1234567
78766
1234567
78768
1234567
78770
1234567
78772
1234567
78774
1234567
78776
1234567
78778
1234567
78780
1234567
78782
1234567
78784
1234567
78786
1234567
78788
1234567
78790
1234567
78792
1234567
78794
1234567
78796
1234567
78798
1234567
78800
1234567
78802
1234567
78804
1234567
78806
1234567
78808
1234567
78810
1234567
78812
1234567
78814
1234567
78816
1234567
78818
1234567
78820
1234567
78822
1234567
78824
1234567
78826
1234567
78828
1234567
78830
1234567
78832
1234567
78834
1234567
78836
1234567
78838
1234567
78840
1234567
78842
1234567
78844
1234567
78846
1234567
78848
1234567
78850
1234567
78852
1234567
78854
1234567
78856
1234567
78858
1234567
78860
1234567
78862
1234567
78864
1234567
78866
1234567
78868
1234567
78870
1234567
78872
1234567
78874
1234567
78876
1234567
78878
1234567
78880
1234567
78882
1234567
78884
1234567
78886
1234567
78888
1234567
78890
1234567
78892
1234567
78894
1234567
78896
1234567
78898
1234567
78900
1234567
78902
1234567
78904
1234567
78906
1234567
78908
1234567
78910
1234567
78912
1234567
78914
1234567
78916
1234567
78918
1234567
78920
1234567
78922
1234567
78924
1234567
78926
1234567
78928
1234567
78930
1234567
78932
1234567
78934
1234567
78936
1234567
78938
1234567
78940
1234567
78942
1234567
78944
1234567
78946
1234567
78948
1234567
78950
1234567
78952
1234567
78954
1234567
78956
1234567
78958
1234567
78960
1234567
78962
1234567
78964
1234567
78966
1234567
78968
1234567
78970
1234567
78972
1234567
78974
1234567
78976
1234567
78978
1234567
78980
1234567
78982
1234567
78984
1234567
78986
1234567
78988
1234567
78990
1234567
78992
1234567
78994
1234567
78996
1234567
78998
1234567
79000
1234567
79002
1234567
79004
1234567
79006
1234567
79008
1234567
79010
1234567
79012
1234567
79014
1234567
79016
1234567
79018
1234567
79020
1234567
79022
1234567
79024
1234567
79026
1234567
79028
1234567
79030
1234567
79032
1234567
79034
1234567
79036
1234567
79038
1234567
79040
1234567
79042
1234567
79044
1234567
79046
1234567
79048
1234567
79050
1234567
79052
1234567
79054
1234567
79056
1234567
79058
1234567
79060
1234567
79062
1234567
79064
1234567
79066
1234567
79068
1234567
79070
1234567
79072
1234567
79074
1234567
79076
1234567
79078
1234567
79080
1234567
79082
1234567
79084
1234567
79086
1234567
79088
1234567
79090
1234567
79092
1234567
79094
1234567
79096
1234567
79098
1234567
79100
1234567
79102
1234567
79104
1234567
79106
1234567
79108
1234567
79110
1234567
79112
1234567
79114
1234567
79116
1234567
79118
1234567
79120
1234567
79122
1234567
79124
1234567
79126
1234567
79128
1234567
79130
1234567
79132
1234567
79134
1234567
79136
1234567
79138
1234567
79140
1234567
79142
1234567
79144
1234567
79146
1234567
79148
1234567
79150
1234567
79152
1234567
79154
1234567
79156
1234567
79158
1234567
79160
1234567
79162
1234567
79164
1234567
79166
1234567
79168
1234567
79170
1234567
79172
1234567
79174
1234567
79176
1234567
79178
1234567
79180
1234567
79182
1234567
79184
1234567
79186
1234567
79188
1234567
79190
1234567
79192
1234567
79194
1234567
79196
1234567
79198
1234567
79200
1234567
79202
1234567
79204
1234567
79206
1234567
79208
1234567
79210
1234567
79212
1234567
79214
1234567
79216
1234567
79218
1234567
79220
1234567
79222
1234567
79224
1234567
79226
1234567
79228
1234567
79230
1234567
79232
1234567
79234
1234567
79236
1234567
79238
1234567
79240
1234567
79242
1234567
79244
1234567
79246
1234567
79248
1234567
79250
1234567
79252
1234567
79254
1234567
79256
1234567
79258
1234567
79260
1234567
79262
1234567
79264
1234567
79266
1234567
79268
1234567
79270
1234567
79272
1234567
79274
1234567
79276
1234567
79278
1234567
79280
1234567
79282
1234567
79284
1234567
79286
1234567
79288
1234567
79290
1234567
79292
1234567
79294
1234567
79296
1234567
79298
1234567
79300
1234567
79302
1234567
79304
1234567
79306
1234567
79308
1234567
79310
1234567
79312
1234567
79314
1234567
79316
1234567
79318
1234567
79320
1234567
79322
1234567
79324
1234567
79326
1234567
79328
1234567
79330
1234567
79332
1234567
79334
1234567
79336
1234567
79338
1234567
79340
1234567
79342
1234567
79344
1234567
79346
1234567
79348
1234567
79350
1234567
79352
1234567
79354
1234567
79356
1234567
79358
1234567
79360
1234567
79362
1234567
79364
1234567
79366
1234567
79368
1234567
79370
1234567
79372
1234567
79374
1234567
79376
1234567
79378
1234567
79380
1234567
79382
1234567
79384
1234567
79386
1234567
79388
1234567
79390
1234567
79392
1234567
79394
1234567
79396
1234567
79398
1234567
79400
1234567
79402
1234567
79404
1234567
79406
1234567
79408
1234567
79410
1234567
79412
1234567
79414
1234567
79416
1234567
79418
1234567
79420
1234567
79422
1234567
79424
1234567
79426
1234567
79428
1234567
79430
1234567
79432
1234567
79434
1234567
79436
1234567
79438
1234567
79440
1234567
79442
1234567
79444
1234567
79446
1234567
79448
1234567
79450
1234567
79452
1234567
79454
1234567
79456
1234567
79458
1234567
79460
1234567
79462
1234567
79464
1234567
79466
1234567
79468
1234567
79470
1234567
79472
1234567
79474
1234567
79476
1234567
79478
1234567
79480
1234567
79482
1234567
79484
1234567
79486
1234567
79488
1234567
79490
1234567
79492
1234567
79494
1234567
79496
1234567
79498
1234567
79500
1234567
79502
1234567
79504
1234567
79506
1234567
79508
1234567
79510
1234567
79512
1234567
79514
1234567
79516
1234567
79518
1234567
79520
1234567
79522
1234567
79524
1234567
79526
1234567
79528
1234567
79530
1234567
79532
1234567
79534
1234567
79536
1234567
79538
1234567
79540
1234567
79542
1234567
79544
1234567
79546
1234567
79548
1234567
79550
1234567
79552
1234567
79554
1234567
79556
1234567
79558
1234567
79560
1234567
79562
1234567
79564
1234567
79566
1234567
79568
1234567
79570
1234567
79572
1234567
79574
1234567
79576
1234567
79578
1234567
79580
1234567
79582
1234567
79584
1234567
79586
1234567
79588
1234567
79590
1234567
79592
1234567
79594
1234567
79596
1234567
79598
1234567
79600
1234567
79602
1234567
79604
1234567
79606
1234567
79608
1234567
79610
1234567
79612
1234567
79614
1234567
79616
1234567
79618
1234567
79620
1234567
79622
1234567
79624
1234567
79626
1234567
79628
1234567
79630
1234567
79632
1234567
79634
1234567
79636
1234567
79638
1234567
79640
1234567
79642
1234567
79644
1234567
79646
1234567
79648
1234567
79650
1234567
79652
1234567
79654
1234567
79656
1234567
79658
1234567
79660
1234567
79662
1234567
79664
1234567
79666
1234567
79668
1234567
79670
1234567
79672
1234567
79674
1234567
79676
1234567
79678
1234567
79680
1234567
79682
1234567
79684
1234567
79686
1234567
79688
1234567
79690
1234567
79692
1234567
79694
1234567
79696
1234567
79698
1234567
79700
1234567
79702
1234567
79704
1234567
79706
1234567
79708
1234567
79710
1234567
79712
1234567
79714
1234567
79716
1234567
79718
1234567
79720
1234567
79722
1234567
79724
1234567
79726
1234567
79728
1234567
79730
1234567
79732
1234567
79734
1234567
79736
1234567
79738
1234567
79740
1234567
79742
1234567
79744
1234567
79746
1234567
79748
1234567
79750
1234567
79752
1234567
79754
1234567
79756
1234567
79758
1234567
79760
1234567
79762
1234567
79764
1234567
79766
1234567
79768
1234567
79770
1234567
79772
1234567
79774
1234567
79776
1234567
79778
1234567
79780
1234567
79782
1234567
79784
1234567
79786
1234567
79788
1234567
79790
1234567
79792
1234567
79794
1234567
79796
1234567
79798
1234567
79800
1234567
79802
1234567
79804
1234567
79806
1234567
79808
1234567
79810
1234567
79812
1234567
79814
1234567
79816
1234567
79818
1234567
79820
1234567
79822
1234567
79824
1234567
79826
1234567
79828
1234567
79830
1234567
79832
1234567
79834
1234567
79836
1234567
79838
1234567
79840
1234567
79842
1234567
79844
1234567
79846
1234567
79848
1234567
79850
1234567
79852
1234567
79854
1234567
79856
1234567
79858
1234567
79860
1234567
79862
1234567
79864
1234567
79866
1234567
79868
1234567
79870
1234567
79872
1234567
79874
1234567
79876
1234567
79878
1234567
79880
1234567
79882
1234567
79884
1234567
79886
1234567
79888
1234567
79890
1234567
79892
1234567
79894
1234567
79896
1234567
79898
1234567
79900
1234567
79902
1234567
79904
1234567
79906
1234567
79908
1234567
79910
1234567
79912
1234567
79914
1234567
79916
1234567
79918
1234567
79920
1234567
79922
1234567
79924
1234567
79926
1234567
79928
1234567
79930
1234567
79932
1234567
79934
1234567
79936
1234567
79938
1234567
79940
1234567
79942
1234567
79944
1234567
79946
1234567
79948
1234567
79950
1234567
79952
1234567
79954
1234567
79956
1234567
79958
1234567
79960
1234567
79962
1234567
79964
1234567
79966
1234567
79968
1234567
79970
1234567
79972
1234567
79974
1234567
79976
1234567
79978
1234567
79980
1234567
79982
1234567
79984
1234567
79986
1234567
79988
1234567
79990
1234567
79992
1234567
79994
1234567
79996
1234567
79998
1234567
80000
1234567
80002
1234567
80004
1234567
80006
1234567
80008
1234567
80010
1234567
80012
1234567
80014
1234567
80016
1234567
80018
1234567
80020
1234567
80022
1234567
80024
1234567
80026
1234567
80028
1234567
80030
1234567
80032
1234567
80034
1234567
80036
1234567
80038
1234567
80040
1234567
80042
1234567
80044
1234567
80046
1234567
80048
1234567
80050
1234567
80052
1234567
80054
1234567
80056
1234567
80058
1234567
80060
1234567
80062
1234567
80064
1234567
80066
1234567
80068
1234567
80070
1234567
80072
1234567
80074
1234567
80076
1234567
80078
1234567
80080
1234567
80082
1234567
80084
1234567
80086
1234567
80088
1234567
80090
1234567
80092
1234567
80094
1234567
80096
1234567
80098
1234567
80100
1234567
80102
1234567
80104
1234567
80106
1234567
80108
1234567
80110
1234567
80112
1234567
80114
1234567
80116
1234567
80118
1234567
80120
1234567
80122
1234567
80124
1234567
80126
1234567
80128
1234567
80130
1234567
80132
1234567
80134
1234567
80136
1234567
80138
1234567
80140
1234567
80142
1234567
80144
1234567
80146
1234567
80148
1234567
80150
1234567
80152
1234567
80154
1234567
80156
1234567
80158
1234567
80160
1234567
80162
1234567
80164
1234567
80166
1234567
80168
1234567
80170
1234567
80172
1234567
80174
1234567
80176
1234567
80178
1234567
80180
1234567
80182
1234567
80184
1234567
80186
1234567
80188
1234567
80190
1234567
80192
1234567
80194
1234567
80196
1234567
80198
1234567
80200
1234567
80202
1234567
80204
1234567
80206
1234567
80208
1234567
80210
1234567
80212
1234567
80214
1234567
80216
1234567
80218
1234567
80220
1234567
80222
1234567
80224
1234567
80226
1234567
80228
1234567
80230
1234567
80232
1234567
80234
1234567
80236
1234567
80238
1234567
80240
1234567
80242
1234567
80244
1234567
80246
1234567
80248
1234567
80250
1234567
80252
1234567
80254
1234567
80256
1234567
80258
1234567
80260
1234567
80262
1234567
80264
1234567
80266
1234567
80268
1234567
80270
1234567
80272
1234567
80274
1234567
80276
1234567
80278
1234567
80280
1234567
80282
1234567
80284
1234567
80286
1234567
80288
1234567
80290
1234567
80292
1234567
80294
1234567
80296
1234567
80298
1234567
80300
1234567
80302
1234567
80304
1234567
80306
1234567
80308
1234567
80310
1234567
80312
1234567
80314
1234567
80316
1234567
80318
1234567
80320
1234567
80322
1234567
80324
1234567
80326
1234567
80328
1234567
80330
1234567
80332
1234567
80334
1234567
80336
1234567
80338
1234567
80340
1234567
80342
1234567
80344
1234567
80346
1234567
80348
1234567
80350
1234567
80352
1234567
80354
1234567
80356
1234567
80358
1234567
80360
1234567
80362
1234567
80364
1234567
80366
1234567
80368
1234567
80370
1234567
80372
1234567
80374
1234567
80376
1234567
80378
1234567
80380
1234567
80382
1234567
80384
1234567
80386
1234567
80388
1234567
80390
1234567
80392
1234567
80394
1234567
80396
1234567
80398
1234567
80400
1234567
80402
1234567
80404
1234567
80406
1234567
80408
1234567
80410
1234567
80412
1234567
80414
1234567
80416
1234567
80418
1234567
80420
1234567
80422
1234567
80424
1234567
80426
1234567
80428
1234567
80430
1234567
80432
1234567
80434
1234567
80436
1234567
80438
1234567
80440
1234567
80442
1234567
80444
1234567
80446
1234567
80448
1234567
80450
1234567
80452
1234567
80454
1234567
80456
1234567
80458
1234567
80460
1234567
80462
1234567
80464
1234567
80466
1234567
80468
1234567
80470
1234567
80472
1234567
80474
1234567
80476
1234567
80478
1234567
80480
1234567
80482
1234567
80484
1234567
80486
1234567
80488
1234567
80490
1234567
80492
1234567
80494
1234567
80496
1234567
80498
1234567
80500
1234567
80502
1234567
80504
1234567
80506
1234567
80508
1234567
80510
1234567
80512
1234567
80514
1234567
80516
1234567
80518
1234567
80520
1234567
80522
1234567
80524
1234567
80526
1234567
80528
1234567
80530
1234567
80532
1234567
80534
1234567
80536
1234567
80538
1234567
80540
1234567
80542
1234567
80544
1234567
80546
1234567
80548
1234567
80550
1234567
80552
1234567
80554
1234567
80556
1234567
80558
1234567
80560
1234567
80562
1234567
80564
1234567
80566
1234567
80568
1234567
80570
1234567
80572
1234567
80574
1234567
80576
1234567
80578
1234567
80580
1234567
80582
1234567
80584
1234567
80586
1234567
80588
1234567
80590
1234567
80592
1234567
80594
1234567
80596
1234567
80598
1234567
80600
1234567
80602
1234567
80604
1234567
80606
1234567
80608
1234567
80610
1234567
80612
1234567
80614
1234567
80616
1234567
80618
1234567
80620
1234567
80622
1234567
80624
1234567
80626
1234567
80628
1234567
80630
1234567
80632
1234567
80634
1234567
80636
1234567
80638
1234567
80640
1234567
80642
1234567
80644
1234567
80646
1234567
80648
1234567
80650
1234567
80652
1234567
80654
1234567
80656
1234567
80658
1234567
80660
1234567
80662
1234567
80664
1234567
80666
1234567
80668
1234567
80670
1234567
80672
1234567
80674
1234567
80676
1234567
80678
1234567
80680
1234567
80682
1234567
80684
1234567
80686
1234567
80688
1234567
80690
1234567
80692
1234567
80694
1234567
80696
1234567
80698
1234567
80700
1234567
80702
1234567
80704
1234567
80706
1234567
80708
1234567
80710
1234567
80712
1234567
80714
1234567
80716
1234567
80718
1234567
80720
1234567
80722
1234567
80724
1234567
80726
1234567
80728
1234567
80730
1234567
80732
1234567
80734
1234567
80736
1234567
80738
1234567
80740
1234567
80742
1234567
80744
1234567
80746
1234567
80748
1234567
80750
1234567
80752
1234567
80754
1234567
80756
1234567
80758
1234567
80760
1234567
80762
1234567
80764
1234567
80766
1234567
80768
1234567
80770
1234567
80772
1234567
80774
1234567
80776
1234567
80778
1234567
80780
1234567
80782
1234567
80784
1234567
80786
1234567
80788
1234567
80790
1234567
80792
1234567
80794
1234567
80796
1234567
80798
1234567
80800
1234567
80802
1234567
80804
1234567
80806
1234567
80808
1234567
80810
1234567
80812
1234567
80814
1234567
80816
1234567
80818
1234567
80820
1234567
80822
1234567
80824
1234567
80826
1234567
80828
1234567
80830
1234567
80832
1234567
80834
1234567
80836
1234567
80838
1234567
80840
1234567
80842
1234567
80844
1234567
80846
1234567
80848
1234567
80850
1234567
80852
1234567
80854
1234567
80856
1234567
80858
1234567
80860
1234567
80862
1234567
80864
1234567
80866
1234567
80868
1234567
80870
1234567
80872
1234567
80874
1234567
80876
1234567
80878
1234567
80880
1234567
80882
1234567
80884
1234567
80886
1234567
80888
1234567
80890
1234567
80892
1234567
80894
1234567
80896
1234567
80898
1234567
80900
1234567
80902
1234567
80904
1234567
80906
1234567
80908
1234567
80910
1234567
80912
1234567
80914
1234567
80916
1234567
80918
1234567
80920
1234567
80922
1234567
80924
1234567
80926
1234567
80928
1234567
80930
1234567
80932
1234567
80934
1234567
80936
1234567
80938
1234567
80940
1234567
80942
1234567
80944
1234567
80946
1234567
80948
1234567
80950
1234567
80952
1234567
80954
1234567
80956
1234567
80958
1234567
80960
1234567
80962
1234567
80964
1234567
80966
1234567
80968
1234567
80970
1234567
80972
1234567
80974
1234567
80976
1234567
80978
1234567
80980
1234567
80982
1234567
80984
1234567
80986
1234567
80988
1234567
80990
1234567
80992
1234567
80994
1234567
80996
1234567
80998
1234567
81000
1234567
81002
1234567
81004
1234567
81006
1234567
81008
1234567
81010
1234567
81012
1234567
81014
1234567
81016
1234567
81018
1234567
81020
1234567
81022
1234567
81024
1234567
81026
1234567
81028
1234567
81030
1234567
81032
1234567
81034
1234567
81036
1234567
81038
1234567
81040
1234567
81042
1234567
81044
1234567
81046
1234567
81048
1234567
81050
1234567
81052
1234567
81054
1234567
81056
1234567
81058
1234567
81060
1234567
81062
1234567
81064
1234567
81066
1234567
81068
1234567
81070
1234567
81072
1234567
81074
1234567
81076
1234567
81078
1234567
81080
1234567
81082
1234567
81084
1234567
81086
1234567
81088
1234567
81090
1234567
81092
1234567
81094
1234567
81096
1234567
81098
1234567
81100
1234567
81102
1234567
81104
1234567
81106
1234567
81108
1234567
81110
1234567
81112
1234567
81114
1234567
81116
1234567
81118
1234567
81120
1234567
81122
1234567
81124
1234567
81126
1234567
81128
1234567
81130
1234567
81132
1234567
81134
1234567
81136
1234567
81138
1234567
81140
1234567
81142
1234567
81144
1234567
81146
1234567
81148
1234567
81150
1234567
81152
1234567
81154
1234567
81156
1234567
81158
1234567
81160
1234567
81162
1234567
81164
1234567
81166
1234567
81168
1234567
81170
1234567
81172
1234567
81174
1234567
81176
1234567
81178
1234567
81180
1234567
81182
1234567
81184
1234567
81186
1234567
81188
1234567
81190
1234567
81192
1234567
81194
1234567
81196
1234567
81198
1234567
81200
1234567
81202
1234567
81204
1234567
81206
1234567
81208
1234567
81210
1234567
81212
1234567
81214
1234567
81216
1234567
81218
1234567
81220
1234567
81222
1234567
81224
1234567
81226
1234567
81228
1234567
81230
1234567
81232
1234567
81234
1234567
81236
1234567
81238
1234567
81240
1234567
81242
1234567
81244
1234567
81246
1234567
81248
1234567
81250
1234567
81252
1234567
81254
1234567
81256
1234567
81258
1234567
81260
1234567
81262
1234567
81264
1234567
81266
1234567
81268
1234567
81270
1234567
81272
1234567
81274
1234567
81276
1234567
81278
1234567
81280
1234567
81282
1234567
81284
1234567
81286
1234567
81288
1234567
81290
1234567
81292
1234567
81294
1234567
81296
1234567
81298
1234567
81300
1234567
81302
1234567
81304
1234567
81306
1234567
81308
1234567
81310
1234567
81312
1234567
81314
1234567
81316
1234567
81318
1234567
81320
1234567
81322
1234567
81324
1234567
81326
1234567
81328
1234567
81330
1234567
81332
1234567
81334
1234567
81336
1234567
81338
1234567
81340
1234567
81342
1234567
81344
1234567
81346
1234567
81348
1234567
81350
1234567
81352
1234567
81354
1234567
81356
1234567
81358
1234567
81360
1234567
81362
1234567
81364
1234567
81366
1234567
81368
1234567
81370
1234567
81372
1234567
81374
1234567
81376
1234567
81378
1234567
81380
1234567
81382
1234567
81384
1234567
81386
1234567
81388
1234567
81390
1234567
81392
1234567
81394
1234567
81396
1234567
81398
1234567
81400
1234567
81402
1234567
81404
1234567
81406
1234567
81408
1234567
81410
1234567
81412
1234567
81414
1234567
81416
1234567
81418
1234567
81420
1234567
81422
1234567
81424
1234567
81426
1234567
81428
1234567
81430
1234567
81432
1234567
81434
1234567
81436
1234567
81438
1234567
81440
1234567
81442
1234567
81444
1234567
81446
1234567
81448
1234567
81450
1234567
81452
1234567
81454
1234567
81456
1234567
81458
1234567
81460
1234567
81462
1234567
81464
1234567
81466
1234567
81468
1234567
81470
1234567
81472
1234567
81474
1234567
81476
1234567
81478
1234567
81480
1234567
81482
1234567
81484
1234567
81486
1234567
81488
1234567
81490
1234567
81492
1234567
81494
1234567
81496
1234567
81498
1234567
81500
1234567
81502
1234567
81504
1234567
81506
1234567
81508
1234567
81510
1234567
81512
1234567
81514
1234567
81516
1234567
81518
1234567
81520
1234567
81522
1234567
81524
1234567
81526
1234567
81528
1234567
81530
1234567
81532
1234567
81534
1234567
81536
1234567
81538
1234567
81540
1234567
81542
1234567
81544
1234567
81546
1234567
81548
1234567
81550
1234567
81552
1234567
81554
1234567
81556
1234567
81558
1234567
81560
1234567
81562
1234567
81564
1234567
81566
1234567
81568
1234567
81570
1234567
81572
1234567
81574
1234567
81576
1234567
81578
1234567
81580
1234567
81582
1234567
81584
1234567
81586
1234567
81588
1234567
81590
1234567
81592
1234567
81594
1234567
81596
1234567
81598
1234567
81600
1234567
81602
1234567
81604
1234567
81606
1234567
81608
1234567
81610
1234567
81612
1234567
81614
1234567
81616
1234567
81618
1234567
81620
1234567
81622
1234567
81624
1234567
81626
1234567
81628
1234567
81630
1234567
81632
1234567
81634
1234567
81636
1234567
81638
1234567
81640
1234567
81642
1234567
81644
1234567
81646
1234567
81648
1234567
81650
1234567
81652
1234567
81654
1234567
81656
1234567
81658
1234567
81660
1234567
81662
1234567
81664
1234567
81666
1234567
81668
1234567
81670
1234567
81672
1234567
81674
1234567
81676
1234567
81678
1234567
81680
1234567
81682
1234567
81684
1234567
81686
1234567
81688
1234567
81690
1234567
81692
1234567
81694
1234567
81696
1234567
81698
1234567
81700
1234567
81702
1234567
81704
1234567
81706
1234567
81708
1234567
81710
1234567
81712
1234567
81714
1234567
81716
1234567
81718
1234567
81720
1234567
81722
1234567
81724
1234567
81726
1234567
81728
1234567
81730
1234567
81732
1234567
81734
1234567
81736
1234567
81738
1234567
81740
1234567
81742
1234567
81744
1234567
81746
1234567
81748
1234567
81750
1234567
81752
1234567
81754
1234567
81756
1234567
81758
1234567
81760
1234567
81762
1234567
81764
1234567
81766
1234567
81768
1234567
81770
1234567
81772
1234567
81774
1234567
81776
1234567
81778
1234567
81780
1234567
81782
1234567
81784
1234567
81786
1234567
81788
1234567
81790
1234567
81792
1234567
81794
1234567
81796
1234567
81798
1234567
81800
1234567
81802
1234567
81804
1234567
81806
1234567
81808
1234567
81810
1234567
81812
1234567
81814
1234567
81816
1234567
81818
1234567
81820
1234567
81822
1234567
81824
1234567
81826
1234567
81828
1234567
81830
1234567
81832
1234567
81834
1234567
81836
1234567
81838
1234567
81840
1234567
81842
1234567
81844
1234567
81846
1234567
81848
1234567
81850
1234567
81852
1234567
81854
1234567
81856
1234567
81858
1234567
81860
1234567
81862
1234567
81864
1234567
81866
1234567
81868
1234567
81870
1234567
81872
1234567
81874
1234567
81876
1234567
81878
1234567
81880
1234567
81882
1234567
81884
1234567
81886
1234567
81888
1234567
81890
1234567
81892
1234567
81894
1234567
81896
1234567
81898
1234567
81900
1234567
81902
1234567
81904
1234567
81906
1234567
81908
1234567
81910
1234567
81912
1234567
81914
1234567
81916
1234567
81918
1234567
81920
1234567
81922
1234567
81924
1234567
81926
1234567
81928
1234567
81930
1234567
81932
1234567
81934
1234567
81936
1234567
81938
1234567
81940
1234567
81942
1234567
81944
1234567
81946
1234567
81948
1234567
81950
1234567
81952
1234567
81954
1234567
81956
1234567
81958
1234567
81960
1234567
81962
1234567
81964
1234567
81966
1234567
81968
1234567
81970
1234567
81972
1234567
81974
1234567
81976
1234567
81978
1234567
81980
1234567
81982
1234567
81984
1234567
81986
1234567
81988
1234567
81990
1234567
81992
1234567
81994
1234567
81996
1234567
81998
1234567
82000
1234567
82002
1234567
82004
1234567
82006
1234567
82008
1234567
82010
1234567
82012
1234567
82014
1234567
82016
1234567
82018
1234567
82020
1234567
82022
1234567
82024
1234567
82026
1234567
82028
1234567
82030
1234567
82032
1234567
82034
1234567
82036
1234567
82038
1234567
82040
1234567
82042
1234567
82044
1234567
82046
1234567
82048
1234567
82050
1234567
82052
1234567
82054
1234567
82056
1234567
82058
1234567
82060
1234567
82062
1234567
82064
1234567
82066
1234567
82068
1234567
82070
1234567
82072
1234567
82074
1234567
82076
1234567
82078
1234567
82080
1234567
82082
1234567
82084
1234567
82086
1234567
82088
1234567
82090
1234567
82092
1234567
82094
1234567
82096
1234567
82098
1234567
82100
1234567
82102
1234567
82104
1234567
82106
1234567
82108
1234567
82110
1234567
82112
1234567
82114
1234567
82116
1234567
82118
1234567
82120
1234567
82122
1234567
82124
1234567
82126
1234567
82128
1234567
82130
1234567
82132
1234567
82134
1234567
82136
1234567
82138
1234567
82140
1234567
82142
1234567
82144
1234567
82146
1234567
82148
1234567
82150
1234567
82152
1234567
82154
1234567
82156
1234567
82158
1234567
82160
1234567
82162
1234567
82164
1234567
82166
1234567
82168
1234567
82170
1234567
82172
1234567
82174
1234567
82176
1234567
82178
1234567
82180
1234567
82182
1234567
82184
1234567
82186
1234567
82188
1234567
82190
1234567
82192
1234567
82194
1234567
82196
1234567
82198
1234567
82200
1234567
82202
1234567
82204
1234567
82206
1234567
82208
1234567
82210
1234567
82212
1234567
82214
1234567
82216
1234567
82218
1234567
82220
1234567
82222
1234567
82224
1234567
82226
1234567
82228
1234567
82230
1234567
82232
1234567
82234
1234567
82236
1234567
82238
1234567
82240
1234567
82242
1234567
82244
1234567
82246
1234567
82248
1234567
82250
1234567
82252
1234567
82254
1234567
82256
1234567
82258
1234567
82260
1234567
82262
1234567
82264
1234567
82266
1234567
82268
1234567
82270
1234567
82272
1234567
82274
1234567
82276
1234567
82278
1234567
82280
1234567
82282
1234567
82284
1234567
82286
1234567
82288
1234567
82290
1234567
82292
1234567
82294
1234567
82296
1234567
82298
1234567
82300
1234567
82302
1234567
82304
1234567
82306
1234567
82308
1234567
82310
1234567
82312
1234567
82314
1234567
82316
1234567
82318
1234567
82320
1234567
82322
1234567
82324
1234567
82326
1234567
82328
1234567
82330
1234567
82332
1234567
82334
1234567
82336
1234567
82338
1234567
82340
1234567
82342
1234567
82344
1234567
82346
1234567
82348
1234567
82350
1234567
82352
1234567
82354
1234567
82356
1234567
82358
1234567
82360
1234567
82362
1234567
82364
1234567
82366
1234567
82368
1234567
82370
1234567
82372
1234567
82374
1234567
82376
1234567
82378
1234567
82380
1234567
82382
1234567
82384
1234567
82386
1234567
82388
1234567
82390
1234567
82392
1234567
82394
1234567
82396
1234567
82398
1234567
82400
1234567
82402
1234567
82404
1234567
82406
1234567
82408
1234567
82410
1234567
82412
1234567
82414
1234567
82416
1234567
82418
1234567
82420
1234567
82422
1234567
82424
1234567
82426
1234567
82428
1234567
82430
1234567
82432
1234567
82434
1234567
82436
1234567
82438
1234567
82440
1234567
82442
1234567
82444
1234567
82446
1234567
82448
1234567
82450
1234567
82452
1234567
82454
1234567
82456
1234567
82458
1234567
82460
1234567
82462
1234567
82464
1234567
82466
1234567
82468
1234567
82470
1234567
82472
1234567
82474
1234567
82476
1234567
82478
1234567
82480
1234567
82482
1234567
82484
1234567
82486
1234567
82488
1234567
82490
1234567
82492
1234567
82494
1234567
82496
1234567
82498
1234567
82500
1234567
82502
1234567
82504
1234567
82506
1234567
82508
1234567
82510
1234567
82512
1234567
82514
1234567
82516
1234567
82518
1234567
82520
1234567
82522
1234567
82524
1234567
82526
1234567
82528
1234567
82530
1234567
82532
1234567
82534
1234567
82536
1234567
82538
1234567
82540
1234567
82542
1234567
82544
1234567
82546
1234567
82548
1234567
82550
1234567
82552
1234567
82554
1234567
82556
1234567
82558
1234567
82560
1234567
82562
1234567
82564
1234567
82566
1234567
82568
1234567
82570
1234567
82572
1234567
82574
1234567
82576
1234567
82578
1234567
82580
1234567
82582
1234567
82584
1234567
82586
1234567
82588
1234567
82590
1234567
82592
1234567
82594
1234567
82596
1234567
82598
1234567
82600
1234567
82602
1234567
82604
1234567
82606
1234567
82608
1234567
82610
1234567
82612
1234567
82614
1234567
82616
1234567
82618
1234567
82620
1234567
82622
1234567
82624
1234567
82626
1234567
82628
1234567
82630
1234567
82632
1234567
82634
1234567
82636
1234567
82638
1234567
82640
1234567
82642
1234567
82644
1234567
82646
1234567
82648
1234567
82650
1234567
82652
1234567
82654
1234567
82656
1234567
82658
1234567
82660
1234567
82662
1234567
82664
1234567
82666
1234567
82668
1234567
82670
1234567
82672
1234567
82674
1234567
82676
1234567
82678
1234567
82680
1234567
82682
1234567
82684
1234567
82686
1234567
82688
1234567
82690
1234567
82692
1234567
82694
1234567
82696
1234567
82698
1234567
82700
1234567
82702
1234567
82704
1234567
82706
1234567
82708
1234567
82710
1234567
82712
1234567
82714
1234567
82716
1234567
82718
1234567
82720
1234567
82722
1234567
82724
1234567
82726
1234567
82728
1234567
82730
1234567
82732
1234567
82734
1234567
82736
1234567
82738
1234567
82740
1234567
82742
1234567
82744
1234567
82746
1234567
82748
1234567
82750
1234567
82752
1234567
82754
1234567
82756
1234567
82758
1234567
82760
1234567
82762
1234567
82764
1234567
82766
1234567
82768
1234567
82770
1234567
82772
1234567
82774
1234567
82776
1234567
82778
1234567
82780
1234567
82782
1234567
82784
1234567
82786
1234567
82788
1234567
82790
1234567
82792
1234567
82794
1234567
82796
1234567
82798
1234567
82800
1234567
82802
1234567
82804
1234567
82806
1234567
82808
1234567
82810
1234567
82812
1234567
82814
1234567
82816
1234567
82818
1234567
82820
1234567
82822
1234567
82824
1234567
82826
1234567
82828
1234567
82830
1234567
82832
1234567
82834
1234567
82836
1234567
82838
1234567
82840
1234567
82842
1234567
82844
1234567
82846
1234567
82848
1234567
82850
1234567
82852
1234567
82854
1234567
82856
1234567
82858
1234567
82860
1234567
82862
1234567
82864
1234567
82866
1234567
82868
1234567
82870
1234567
82872
1234567
82874
1234567
82876
1234567
82878
1234567
82880
1234567
82882
1234567
82884
1234567
82886
1234567
82888
1234567
82890
1234567
82892
1234567
82894
1234567
82896
1234567
82898
1234567
82900
1234567
82902
1234567
82904
1234567
82906
1234567
82908
1234567
82910
1234567
82912
1234567
82914
1234567
82916
1234567
82918
1234567
82920
1234567
82922
1234567
82924
1234567
82926
1234567
82928
1234567
82930
1234567
82932
1234567
82934
1234567
82936
1234567
82938
1234567
82940
1234567
82942
1234567
82944
1234567
82946
1234567
82948
1234567
82950
1234567
82952
1234567
82954
1234567
82956
1234567
82958
1234567
82960
1234567
82962
1234567
82964
1234567
82966
1234567
82968
1234567
82970
1234567
82972
1234567
82974
1234567
82976
1234567
82978
1234567
82980
1234567
82982
1234567
82984
1234567
82986
1234567
82988
1234567
82990
1234567
82992
1234567
82994
1234567
82996
1234567
82998
1234567
83000
1234567
83002
1234567
83004
1234567
83006
1234567
83008
1234567
83010
1234567
83012
1234567
83014
1234567
83016
1234567
83018
1234567
83020
1234567
83022
1234567
83024
1234567
83026
1234567
83028
1234567
83030
1234567
83032
1234567
83034
1234567
83036
1234567
83038
1234567
83040
1234567
83042
1234567
83044
1234567
83046
1234567
83048
1234567
83050
1234567
83052
1234567
83054
1234567
83056
1234567
83058
1234567
83060
1234567
83062
1234567
83064
1234567
83066
1234567
83068
1234567
83070
1234567
83072
1234567
83074
1234567
83076
1234567
83078
1234567
83080
1234567
83082
1234567
83084
1234567
83086
1234567
83088
1234567
83090
1234567
83092
1234567
83094
1234567
83096
1234567
83098
1234567
83100
1234567
83102
1234567
83104
1234567
83106
1234567
83108
1234567
83110
1234567
83112
1234567
83114
1234567
83116
1234567
83118
1234567
83120
1234567
83122
1234567
83124
1234567
83126
1234567
83128
1234567
83130
1234567
83132
1234567
83134
1234567
83136
1234567
83138
1234567
83140
1234567
83142
1234567
83144
1234567
83146
1234567
83148
1234567
83150
1234567
83152
1234567
83154
1234567
83156
1234567
83158
1234567
83160
1234567
83162
1234567
83164
1234567
83166
1234567
83168
1234567
83170
1234567
83172
1234567
83174
1234567
83176
1234567
83178
1234567
83180
1234567
83182
1234567
83184
1234567
83186
1234567
83188
1234567
83190
1234567
83192
1234567
83194
1234567
83196
1234567
83198
1234567
83200
1234567
83202
1234567
83204
1234567
83206
1234567
83208
1234567
83210
1234567
83212
1234567
83214
1234567
83216
1234567
83218
1234567
83220
1234567
83222
1234567
83224
1234567
83226
1234567
83228
1234567
83230
1234567
83232
1234567
83234
1234567
83236
1234567
83238
1234567
83240
1234567
83242
1234567
83244
1234567
83246
1234567
83248
1234567
83250
1234567
83252
1234567
83254
1234567
83256
1234567
83258
1234567
83260
1234567
83262
1234567
83264
1234567
83266
1234567
83268
1234567
83270
1234567
83272
1234567
83274
1234567
83276
1234567
83278
1234567
83280
1234567
83282
1234567
83284
1234567
83286
1234567
83288
1234567
83290
1234567
83292
1234567
83294
1234567
83296
1234567
83298
1234567
83300
1234567
83302
1234567
83304
1234567
83306
1234567
83308
1234567
83310
1234567
83312
1234567
83314
1234567
83316
1234567
83318
1234567
83320
1234567
83322
1234567
83324
1234567
83326
1234567
83328
1234567
83330
1234567
83332
1234567
83334
1234567
83336
1234567
83338
1234567
83340
1234567
83342
1234567
83344
1234567
83346
1234567
83348
1234567
83350
1234567
83352
1234567
83354
1234567
83356
1234567
83358
1234567
83360
1234567
83362
1234567
83364
1234567
83366
1234567
83368
1234567
83370
1234567
83372
1234567
83374
1234567
83376
1234567
83378
1234567
83380
1234567
83382
1234567
83384
1234567
83386
1234567
83388
1234567
83390
1234567
83392
1234567
83394
1234567
83396
1234567
83398
1234567
83400
1234567
83402
1234567
83404
1234567
83406
1234567
83408
1234567
83410
1234567
83412
1234567
83414
1234567
83416
1234567
83418
1234567
83420
1234567
83422
1234567
83424
1234567
83426
1234567
83428
1234567
83430
1234567
83432
1234567
83434
1234567
83436
1234567
83438
1234567
83440
1234567
83442
1234567
83444
1234567
83446
1234567
83448
1234567
83450
1234567
83452
1234567
83454
1234567
83456
1234567
83458
1234567
83460
1234567
83462
1234567
83464
1234567
83466
1234567
83468
1234567
83470
1234567
83472
1234567
83474
1234567
83476
1234567
83478
1234567
83480
1234567
83482
1234567
83484
1234567
83486
1234567
83488
1234567
83490
1234567
83492
1234567
83494
1234567
83496
1234567
83498
1234567
83500
1234567
83502
1234567
83504
1234567
83506
1234567
83508
1234567
83510
1234567
83512
1234567
83514
1234567
83516
1234567
83518
1234567
83520
1234567
83522
1234567
83524
1234567
83526
1234567
83528
1234567
83530
1234567
83532
1234567
83534
1234567
83536
1234567
83538
1234567
83540
1234567
83542
1234567
83544
1234567
83546
1234567
83548
1234567
83550
1234567
83552
1234567
83554
1234567
83556
1234567
83558
1234567
83560
1234567
83562
1234567
83564
1234567
83566
1234567
83568
1234567
83570
1234567
83572
1234567
83574
1234567
83576
1234567
83578
1234567
83580
1234567
83582
1234567
83584
1234567
83586
1234567
83588
1234567
83590
1234567
83592
1234567
83594
1234567
83596
1234567
83598
1234567
83600
1234567
83602
1234567
83604
1234567
83606
1234567
83608
1234567
83610
1234567
83612
1234567
83614
1234567
83616
1234567
83618
1234567
83620
1234567
83622
1234567
83624
1234567
83626
1234567
83628
1234567
83630
1234567
83632
1234567
83634
1234567
83636
1234567
83638
1234567
83640
1234567
83642
1234567
83644
1234567
83646
1234567
83648
1234567
83650
1234567
83652
1234567
83654
1234567
83656
1234567
83658
1234567
83660
1234567
83662
1234567
83664
1234567
83666
1234567
83668
1234567
83670
1234567
83672
1234567
83674
1234567
83676
1234567
83678
1234567
83680
1234567
83682
1234567
83684
1234567
83686
1234567
83688
1234567
83690
1234567
83692
1234567
83694
1234567
83696
1234567
83698
1234567
83700
1234567
83702
1234567
83704
1234567
83706
1234567
83708
1234567
83710
1234567
83712
1234567
83714
1234567
83716
1234567
83718
1234567
83720
1234567
83722
1234567
83724
1234567
83726
1234567
83728
1234567
83730
1234567
83732
1234567
83734
1234567
83736
1234567
83738
1234567
83740
1234567
83742
1234567
83744
1234567
83746
1234567
83748
1234567
83750
1234567
83752
1234567
83754
1234567
83756
1234567
83758
1234567
83760
1234567
83762
1234567
83764
1234567
83766
1234567
83768
1234567
83770
1234567
83772
1234567
83774
1234567
83776
1234567
83778
1234567
83780
1234567
83782
1234567
83784
1234567
83786
1234567
83788
1234567
83790
1234567
83792
1234567
83794
1234567
83796
1234567
83798
1234567
83800
1234567
83802
1234567
83804
1234567
83806
1234567
83808
1234567
83810
1234567
83812
1234567
83814
1234567
83816
1234567
83818
1234567
83820
1234567
83822
1234567
83824
1234567
83826
1234567
83828
1234567
83830
1234567
83832
1234567
83834
1234567
83836
1234567
83838
1234567
83840
1234567
83842
1234567
83844
1234567
83846
1234567
83848
1234567
83850
1234567
83852
1234567
83854
1234567
83856
1234567
83858
1234567
83860
1234567
83862
1234567
83864
1234567
83866
1234567
83868
1234567
83870
1234567
83872
1234567
83874
1234567
83876
1234567
83878
1234567
83880
1234567
83882
1234567
83884
1234567
83886
1234567
83888
1234567
83890
1234567
83892
1234567
83894
1234567
83896
1234567
83898
1234567
83900
1234567
83902
1234567
83904
1234567
83906
1234567
83908
1234567
83910
1234567
83912
1234567
83914
1234567
83916
1234567
83918
1234567
83920
1234567
83922
1234567
83924
1234567
83926
1234567
83928
1234567
83930
1234567
83932
1234567
83934
1234567
83936
1234567
83938
1234567
83940
1234567
83942
1234567
83944
1234567
83946
1234567
83948
1234567
83950
1234567
83952
1234567
83954
1234567
83956
1234567
83958
1234567
83960
1234567
83962
1234567
83964
1234567
83966
1234567
83968
1234567
83970
1234567
83972
1234567
83974
1234567
83976
1234567
83978
1234567
83980
1234567
83982
1234567
83984
1234567
83986
1234567
83988
1234567
83990
1234567
83992
1234567
83994
1234567
83996
1234567
83998
1234567
84000
1234567
84002
1234567
84004
1234567
84006
1234567
84008
1234567
84010
1234567
84012
1234567
84014
1234567
84016
1234567
84018
1234567
84020
1234567
84022
1234567
84024
1234567
84026
1234567
84028
1234567
84030
1234567
84032
1234567
84034
1234567
84036
1234567
84038
1234567
84040
1234567
84042
1234567
84044
1234567
84046
1234567
84048
1234567
84050
1234567
84052
1234567
84054
1234567
84056
1234567
84058
1234567
84060
1234567
84062
1234567
84064
1234567
84066
1234567
84068
1234567
84070
1234567
84072
1234567
84074
1234567
84076
1234567
84078
1234567
84080
1234567
84082
1234567
84084
1234567
84086
1234567
84088
1234567
84090
1234567
84092
1234567
84094
1234567
84096
1234567
84098
1234567
84100
1234567
84102
1234567
84104
1234567
84106
1234567
84108
1234567
84110
1234567
84112
1234567
84114
1234567
84116
1234567
84118
1234567
84120
1234567
84122
1234567
84124
1234567
84126
1234567
84128
1234567
84130
1234567
84132
1234567
84134
1234567
84136
1234567
84138
1234567
84140
1234567
84142
1234567
84144
1234567
84146
1234567
84148
1234567
84150
1234567
84152
1234567
84154
1234567
84156
1234567
84158
1234567
84160
1234567
84162
1234567
84164
1234567
84166
1234567
84168
1234567
84170
1234567
84172
1234567
84174
1234567
84176
1234567
84178
1234567
84180
1234567
84182
1234567
84184
1234567
84186
1234567
84188
1234567
84190
1234567
84192
1234567
84194
1234567
84196
1234567
84198
1234567
84200
1234567
84202
1234567
84204
1234567
84206
1234567
84208
1234567
84210
1234567
84212
1234567
84214
1234567
84216
1234567
84218
1234567
84220
1234567
84222
1234567
84224
1234567
84226
1234567
84228
1234567
84230
1234567
84232
1234567
84234
1234567
84236
1234567
84238
1234567
84240
1234567
84242
1234567
84244
1234567
84246
1234567
84248
1234567
84250
1234567
84252
1234567
84254
1234567
84256
1234567
84258
1234567
84260
1234567
84262
1234567
84264
1234567
84266
1234567
84268
1234567
84270
1234567
84272
1234567
84274
1234567
84276
1234567
84278
1234567
84280
1234567
84282
1234567
84284
1234567
84286
1234567
84288
1234567
84290
1234567
84292
1234567
84294
1234567
84296
1234567
84298
1234567
84300
1234567
84302
1234567
84304
1234567
84306
1234567
84308
1234567
84310
1234567
84312
1234567
84314
1234567
84316
1234567
84318
1234567
84320
1234567
84322
1234567
84324
1234567
84326
1234567
84328
1234567
84330
1234567
84332
1234567
84334
1234567
84336
1234567
84338
1234567
84340
1234567
84342
1234567
84344
1234567
84346
1234567
84348
1234567
84350
1234567
84352
1234567
84354
1234567
84356
1234567
84358
1234567
84360
1234567
84362
1234567
84364
1234567
84366
1234567
84368
1234567
84370
1234567
84372
1234567
84374
1234567
84376
1234567
84378
1234567
84380
1234567
84382
1234567
84384
1234567
84386
1234567
84388
1234567
84390
1234567
84392
1234567
84394
1234567
84396
1234567
84398
1234567
84400
1234567
84402
1234567
84404
1234567
84406
1234567
84408
1234567
84410
1234567
84412
1234567
84414
1234567
84416
1234567
84418
1234567
84420
1234567
84422
1234567
84424
1234567
84426
1234567
84428
1234567
84430
1234567
84432
1234567
84434
1234567
84436
1234567
84438
1234567
84440
1234567
84442
1234567
84444
1234567
84446
1234567
84448
1234567
84450
1234567
84452
1234567
84454
1234567
84456
1234567
84458
1234567
84460
1234567
84462
1234567
84464
1234567
84466
1234567
84468
1234567
84470
1234567
84472
1234567
84474
1234567
84476
1234567
84478
1234567
84480
1234567
84482
1234567
84484
1234567
84486
1234567
84488
1234567
84490
1234567
84492
1234567
84494
1234567
84496
1234567
84498
1234567
84500
1234567
84502
1234567
84504
1234567
84506
1234567
84508
1234567
84510
1234567
84512
1234567
84514
1234567
84516
1234567
84518
1234567
84520
1234567
84522
1234567
84524
1234567
84526
1234567
84528
1234567
84530
1234567
84532
1234567
84534
1234567
84536
1234567
84538
1234567
84540
1234567
84542
1234567
84544
1234567
84546
1234567
84548
1234567
84550
1234567
84552
1234567
84554
1234567
84556
1234567
84558
1234567
84560
1234567
84562
1234567
84564
1234567
84566
1234567
84568
1234567
84570
1234567
84572
1234567
84574
1234567
84576
1234567
84578
1234567
84580
1234567
84582
1234567
84584
1234567
84586
1234567
84588
1234567
84590
1234567
84592
1234567
84594
1234567
84596
1234567
84598
1234567
84600
1234567
84602
1234567
84604
1234567
84606
1234567
84608
1234567
84610
1234567
84612
1234567
84614
1234567
84616
1234567
84618
1234567
84620
1234567
84622
1234567
84624
1234567
84626
1234567
84628
1234567
84630
1234567
84632
1234567
84634
1234567
84636
1234567
84638
1234567
84640
1234567
84642
1234567
84644
1234567
84646
1234567
84648
1234567
84650
1234567
84652
1234567
84654
1234567
84656
1234567
84658
1234567
84660
1234567
84662
1234567
84664
1234567
84666
1234567
84668
1234567
84670
1234567
84672
1234567
84674
1234567
84676
1234567
84678
1234567
84680
1234567
84682
1234567
84684
1234567
84686
1234567
84688
1234567
84690
1234567
84692
1234567
84694
1234567
84696
1234567
84698
1234567
84700
1234567
84702
1234567
84704
1234567
84706
1234567
84708
1234567
84710
1234567
84712
1234567
84714
1234567
84716
1234567
84718
1234567
84720
1234567
84722
1234567
84724
1234567
84726
1234567
84728
1234567
84730
1234567
84732
1234567
84734
1234567
84736
1234567
84738
1234567
84740
1234567
84742
1234567
84744
1234567
84746
1234567
84748
1234567
84750
1234567
84752
1234567
84754
1234567
84756
1234567
84758
1234567
84760
1234567
84762
1234567
84764
1234567
84766
1234567
84768
1234567
84770
1234567
84772
1234567
84774
1234567
84776
1234567
84778
1234567
84780
1234567
84782
1234567
84784
1234567
84786
1234567
84788
1234567
84790
1234567
84792
1234567
84794
1234567
84796
1234567
84798
1234567
84800
1234567
84802
1234567
84804
1234567
84806
1234567
84808
1234567
84810
1234567
84812
1234567
84814
1234567
84816
1234567
84818
1234567
84820
1234567
84822
1234567
84824
1234567
84826
1234567
84828
1234567
84830
1234567
84832
1234567
84834
1234567
84836
1234567
84838
1234567
84840
1234567
84842
1234567
84844
1234567
84846
1234567
84848
1234567
84850
1234567
84852
1234567
84854
1234567
84856
1234567
84858
1234567
84860
1234567
84862
1234567
84864
1234567
84866
1234567
84868
1234567
84870
1234567
84872
1234567
84874
1234567
84876
1234567
84878
1234567
84880
1234567
84882
1234567
84884
1234567
84886
1234567
84888
1234567
84890
1234567
84892
1234567
84894
1234567
84896
1234567
84898
1234567
84900
1234567
84902
1234567
84904
1234567
84906
1234567
84908
1234567
84910
1234567
84912
1234567
84914
1234567
84916
1234567
84918
1234567
84920
1234567
84922
1234567
84924
1234567
84926
1234567
84928
1234567
84930
1234567
84932
1234567
84934
1234567
84936
1234567
84938
1234567
84940
1234567
84942
1234567
84944
1234567
84946
1234567
84948
1234567
84950
1234567
84952
1234567
84954
1234567
84956
1234567
84958
1234567
84960
1234567
84962
1234567
84964
1234567
84966
1234567
84968
1234567
84970
1234567
84972
1234567
84974
1234567
84976
1234567
84978
1234567
84980
1234567
84982
1234567
84984
1234567
84986
1234567
84988
1234567
84990
1234567
84992
1234567
84994
1234567
84996
1234567
84998
1234567
85000
1234567
85002
1234567
85004
1234567
85006
1234567
85008
1234567
85010
1234567
85012
1234567
85014
1234567
85016
1234567
85018
1234567
85020
1234567
85022
1234567
85024
1234567
85026
1234567
85028
1234567
85030
1234567
85032
1234567
85034
1234567
85036
1234567
85038
1234567
85040
1234567
85042
1234567
85044
1234567
85046
1234567
85048
1234567
85050
1234567
85052
1234567
85054
1234567
85056
1234567
85058
1234567
85060
1234567
85062
1234567
85064
1234567
85066
1234567
85068
1234567
85070
1234567
85072
1234567
85074
1234567
85076
1234567
85078
1234567
85080
1234567
85082
1234567
85084
1234567
85086
1234567
85088
1234567
85090
1234567
85092
1234567
85094
1234567
85096
1234567
85098
1234567
85100
1234567
85102
1234567
85104
1234567
85106
1234567
85108
1234567
85110
1234567
85112
1234567
85114
1234567
85116
1234567
85118
1234567
85120
1234567
85122
1234567
85124
1234567
85126
1234567
85128
1234567
85130
1234567
85132
1234567
85134
1234567
85136
1234567
85138
1234567
85140
1234567
85142
1234567
85144
1234567
85146
1234567
85148
1234567
85150
1234567
85152
1234567
85154
1234567
85156
1234567
85158
1234567
85160
1234567
85162
1234567
85164
1234567
85166
1234567
85168
1234567
85170
1234567
85172
1234567
85174
1234567
85176
1234567
85178
1234567
85180
1234567
85182
1234567
85184
1234567
85186
1234567
85188
1234567
85190
1234567
85192
1234567
85194
1234567
85196
1234567
85198
1234567
85200
1234567
85202
1234567
85204
1234567
85206
1234567
85208
1234567
85210
1234567
85212
1234567
85214
1234567
85216
1234567
85218
1234567
85220
1234567
85222
1234567
85224
1234567
85226
1234567
85228
1234567
85230
1234567
85232
1234567
85234
1234567
85236
1234567
85238
1234567
85240
1234567
85242
1234567
85244
1234567
85246
1234567
85248
1234567
85250
1234567
85252
1234567
85254
1234567
85256
1234567
85258
1234567
85260
1234567
85262
1234567
85264
1234567
85266
1234567
85268
1234567
85270
1234567
85272
1234567
85274
1234567
85276
1234567
85278
1234567
85280
1234567
85282
1234567
85284
1234567
85286
1234567
85288
1234567
85290
1234567
85292
1234567
85294
1234567
85296
1234567
85298
1234567
85300
1234567
85302
1234567
85304
1234567
85306
1234567
85308
1234567
85310
1234567
85312
1234567
85314
1234567
85316
1234567
85318
1234567
85320
1234567
85322
1234567
85324
1234567
85326
1234567
85328
1234567
85330
1234567
85332
1234567
85334
1234567
85336
1234567
85338
1234567
85340
1234567
85342
1234567
85344
1234567
85346
1234567
85348
1234567
85350
1234567
85352
1234567
85354
1234567
85356
1234567
85358
1234567
85360
1234567
85362
1234567
85364
1234567
85366
1234567
85368
1234567
85370
1234567
85372
1234567
85374
1234567
85376
1234567
85378
1234567
85380
1234567
85382
1234567
85384
1234567
85386
1234567
85388
1234567
85390
1234567
85392
1234567
85394
1234567
85396
1234567
85398
1234567
85400
1234567
85402
1234567
85404
1234567
85406
1234567
85408
1234567
85410
1234567
85412
1234567
85414
1234567
85416
1234567
85418
1234567
85420
1234567
85422
1234567
85424
1234567
85426
1234567
85428
1234567
85430
1234567
85432
1234567
85434
1234567
85436
1234567
85438
1234567
85440
1234567
85442
1234567
85444
1234567
85446
1234567
85448
1234567
85450
1234567
85452
1234567
85454
1234567
85456
1234567
85458
1234567
85460
1234567
85462
1234567
85464
1234567
85466
1234567
85468
1234567
85470
1234567
85472
1234567
85474
1234567
85476
1234567
85478
1234567
85480
1234567
85482
1234567
85484
1234567
85486
1234567
85488
1234567
85490
1234567
85492
1234567
85494
1234567
85496
1234567
85498
1234567
85500
1234567
85502
1234567
85504
1234567
85506
1234567
85508
1234567
85510
1234567
85512
1234567
85514
1234567
85516
1234567
85518
1234567
85520
1234567
85522
1234567
85524
1234567
85526
1234567
85528
1234567
85530
1234567
85532
1234567
85534
1234567
85536
1234567
85538
1234567
85540
1234567
85542
1234567
85544
1234567
85546
1234567
85548
1234567
85550
1234567
85552
1234567
85554
1234567
85556
1234567
85558
1234567
85560
1234567
85562
1234567
85564
1234567
85566
1234567
85568
1234567
85570
1234567
85572
1234567
85574
1234567
85576
1234567
85578
1234567
85580
1234567
85582
1234567
85584
1234567
85586
1234567
85588
1234567
85590
1234567
85592
1234567
85594
1234567
85596
1234567
85598
1234567
85600
1234567
85602
1234567
85604
1234567
85606
1234567
85608
1234567
85610
1234567
85612
1234567
85614
1234567
85616
1234567
85618
1234567
85620
1234567
85622
1234567
85624
1234567
85626
1234567
85628
1234567
85630
1234567
85632
1234567
85634
1234567
85636
1234567
85638
1234567
85640
1234567
85642
1234567
85644
1234567
85646
1234567
85648
1234567
85650
1234567
85652
1234567
85654
1234567
85656
1234567
85658
1234567
85660
1234567
85662
1234567
85664
1234567
85666
1234567
85668
1234567
85670
1234567
85672
1234567
85674
1234567
85676
1234567
85678
1234567
85680
1234567
85682
1234567
85684
1234567
85686
1234567
85688
1234567
85690
1234567
85692
1234567
85694
1234567
85696
1234567
85698
1234567
85700
1234567
85702
1234567
85704
1234567
85706
1234567
85708
1234567
85710
1234567
85712
1234567
85714
1234567
85716
1234567
85718
1234567
85720
1234567
85722
1234567
85724
1234567
85726
1234567
85728
1234567
85730
1234567
85732
1234567
85734
1234567
85736
1234567
85738
1234567
85740
1234567
85742
1234567
85744
1234567
85746
1234567
85748
1234567
85750
1234567
85752
1234567
85754
1234567
85756
1234567
85758
1234567
85760
1234567
85762
1234567
85764
1234567
85766
1234567
85768
1234567
85770
1234567
85772
1234567
85774
1234567
85776
1234567
85778
1234567
85780
1234567
85782
1234567
85784
1234567
85786
1234567
85788
1234567
85790
1234567
85792
1234567
85794
1234567
85796
1234567
85798
1234567
85800
1234567
85802
1234567
85804
1234567
85806
1234567
85808
1234567
85810
1234567
85812
1234567
85814
1234567
85816
1234567
85818
1234567
85820
1234567
85822
1234567
85824
1234567
85826
1234567
85828
1234567
85830
1234567
85832
1234567
85834
1234567
85836
1234567
85838
1234567
85840
1234567
85842
1234567
85844
1234567
85846
1234567
85848
1234567
85850
1234567
85852
1234567
85854
1234567
85856
1234567
85858
1234567
85860
1234567
85862
1234567
85864
1234567
85866
1234567
85868
1234567
85870
1234567
85872
1234567
85874
1234567
85876
1234567
85878
1234567
85880
1234567
85882
1234567
85884
1234567
85886
1234567
85888
1234567
85890
1234567
85892
1234567
85894
1234567
85896
1234567
85898
1234567
85900
1234567
85902
1234567
85904
1234567
85906
1234567
85908
1234567
85910
1234567
85912
1234567
85914
1234567
85916
1234567
85918
1234567
85920
1234567
85922
1234567
85924
1234567
85926
1234567
85928
1234567
85930
1234567
85932
1234567
85934
1234567
85936
1234567
85938
1234567
85940
1234567
85942
1234567
85944
1234567
85946
1234567
85948
1234567
85950
1234567
85952
1234567
85954
1234567
85956
1234567
85958
1234567
85960
1234567
85962
1234567
85964
1234567
85966
1234567
85968
1234567
85970
1234567
85972
1234567
85974
1234567
85976
1234567
85978
1234567
85980
1234567
85982
1234567
85984
1234567
85986
1234567
85988
1234567
85990
1234567
85992
1234567
85994
1234567
85996
1234567
85998
1234567
86000
1234567
86002
1234567
86004
1234567
86006
1234567
86008
1234567
86010
1234567
86012
1234567
86014
1234567
86016
1234567
86018
1234567
86020
1234567
86022
1234567
86024
1234567
86026
1234567
86028
1234567
86030
1234567
86032
1234567
86034
1234567
86036
1234567
86038
1234567
86040
1234567
86042
1234567
86044
1234567
86046
1234567
86048
1234567
86050
1234567
86052
1234567
86054
1234567
86056
1234567
86058
1234567
86060
1234567
86062
1234567
86064
1234567
86066
1234567
86068
1234567
86070
1234567
86072
1234567
86074
1234567
86076
1234567
86078
1234567
86080
1234567
86082
1234567
86084
1234567
86086
1234567
86088
1234567
86090
1234567
86092
1234567
86094
1234567
86096
1234567
86098
1234567
86100
1234567
86102
1234567
86104
1234567
86106
1234567
86108
1234567
86110
1234567
86112
1234567
86114
1234567
86116
1234567
86118
1234567
86120
1234567
86122
1234567
86124
1234567
86126
1234567
86128
1234567
86130
1234567
86132
1234567
86134
1234567
86136
1234567
86138
1234567
86140
1234567
86142
1234567
86144
1234567
86146
1234567
86148
1234567
86150
1234567
86152
1234567
86154
1234567
86156
1234567
86158
1234567
86160
1234567
86162
1234567
86164
1234567
86166
1234567
86168
1234567
86170
1234567
86172
1234567
86174
1234567
86176
1234567
86178
1234567
86180
1234567
86182
1234567
86184
1234567
86186
1234567
86188
1234567
86190
1234567
86192
1234567
86194
1234567
86196
1234567
86198
1234567
86200
1234567
86202
1234567
86204
1234567
86206
1234567
86208
1234567
86210
1234567
86212
1234567
86214
1234567
86216
1234567
86218
1234567
86220
1234567
86222
1234567
86224
1234567
86226
1234567
86228
1234567
86230
1234567
86232
1234567
86234
1234567
86236
1234567
86238
1234567
86240
1234567
86242
1234567
86244
1234567
86246
1234567
86248
1234567
86250
1234567
86252
1234567
86254
1234567
86256
1234567
86258
1234567
86260
1234567
86262
1234567
86264
1234567
86266
1234567
86268
1234567
86270
1234567
86272
1234567
86274
1234567
86276
1234567
86278
1234567
86280
1234567
86282
1234567
86284
1234567
86286
1234567
86288
1234567
86290
1234567
86292
1234567
86294
1234567
86296
1234567
86298
1234567
86300
1234567
86302
1234567
86304
1234567
86306
1234567
86308
1234567
86310
1234567
86312
1234567
86314
1234567
86316
1234567
86318
1234567
86320
1234567
86322
1234567
86324
1234567
86326
1234567
86328
1234567
86330
1234567
86332
1234567
86334
1234567
86336
1234567
86338
1234567
86340
1234567
86342
1234567
86344
1234567
86346
1234567
86348
1234567
86350
1234567
86352
1234567
86354
1234567
86356
1234567
86358
1234567
86360
1234567
86362
1234567
86364
1234567
86366
1234567
86368
1234567
86370
1234567
86372
1234567
86374
1234567
86376
1234567
86378
1234567
86380
1234567
86382
1234567
86384
1234567
86386
1234567
86388
1234567
86390
1234567
86392
1234567
86394
1234567
86396
1234567
86398
1234567
86400
1234567
86402
1234567
86404
1234567
86406
1234567
86408
1234567
86410
1234567
86412
1234567
86414
1234567
86416
1234567
86418
1234567
86420
1234567
86422
1234567
86424
1234567
86426
1234567
86428
1234567
86430
1234567
86432
1234567
86434
1234567
86436
1234567
86438
1234567
86440
1234567
86442
1234567
86444
1234567
86446
1234567
86448
1234567
86450
1234567
86452
1234567
86454
1234567
86456
1234567
86458
1234567
86460
1234567
86462
1234567
86464
1234567
86466
1234567
86468
1234567
86470
1234567
86472
1234567
86474
1234567
86476
1234567
86478
1234567
86480
1234567
86482
1234567
86484
1234567
86486
1234567
86488
1234567
86490
1234567
86492
1234567
86494
1234567
86496
1234567
86498
1234567
86500
1234567
86502
1234567
86504
1234567
86506
1234567
86508
1234567
86510
1234567
86512
1234567
86514
1234567
86516
1234567
86518
1234567
86520
1234567
86522
1234567
86524
1234567
86526
1234567
86528
1234567
86530
1234567
86532
1234567
86534
1234567
86536
1234567
86538
1234567
86540
1234567
86542
1234567
86544
1234567
86546
1234567
86548
1234567
86550
1234567
86552
1234567
86554
1234567
86556
1234567
86558
1234567
86560
1234567
86562
1234567
86564
1234567
86566
1234567
86568
1234567
86570
1234567
86572
1234567
86574
1234567
86576
1234567
86578
1234567
86580
1234567
86582
1234567
86584
1234567
86586
1234567
86588
1234567
86590
1234567
86592
1234567
86594
1234567
86596
1234567
86598
1234567
86600
1234567
86602
1234567
86604
1234567
86606
1234567
86608
1234567
86610
1234567
86612
1234567
86614
1234567
86616
1234567
86618
1234567
86620
1234567
86622
1234567
86624
1234567
86626
1234567
86628
1234567
86630
1234567
86632
1234567
86634
1234567
86636
1234567
86638
1234567
86640
1234567
86642
1234567
86644
1234567
86646
1234567
86648
1234567
86650
1234567
86652
1234567
86654
1234567
86656
1234567
86658
1234567
86660
1234567
86662
1234567
86664
1234567
86666
1234567
86668
1234567
86670
1234567
86672
1234567
86674
1234567
86676
1234567
86678
1234567
86680
1234567
86682
1234567
86684
1234567
86686
1234567
86688
1234567
86690
1234567
86692
1234567
86694
1234567
86696
1234567
86698
1234567
86700
1234567
86702
1234567
86704
1234567
86706
1234567
86708
1234567
86710
1234567
86712
1234567
86714
1234567
86716
1234567
86718
1234567
86720
1234567
86722
1234567
86724
1234567
86726
1234567
86728
1234567
86730
1234567
86732
1234567
86734
1234567
86736
1234567
86738
1234567
86740
1234567
86742
1234567
86744
1234567
86746
1234567
86748
1234567
86750
1234567
86752
1234567
86754
1234567
86756
1234567
86758
1234567
86760
1234567
86762
1234567
86764
1234567
86766
1234567
86768
1234567
86770
1234567
86772
1234567
86774
1234567
86776
1234567
86778
1234567
86780
1234567
86782
1234567
86784
1234567
86786
1234567
86788
1234567
86790
1234567
86792
1234567
86794
1234567
86796
1234567
86798
1234567
86800
1234567
86802
1234567
86804
1234567
86806
1234567
86808
1234567
86810
1234567
86812
1234567
86814
1234567
86816
1234567
86818
1234567
86820
1234567
86822
1234567
86824
1234567
86826
1234567
86828
1234567
86830
1234567
86832
1234567
86834
1234567
86836
1234567
86838
1234567
86840
1234567
86842
1234567
86844
1234567
86846
1234567
86848
1234567
86850
1234567
86852
1234567
86854
1234567
86856
1234567
86858
1234567
86860
1234567
86862
1234567
86864
1234567
86866
1234567
86868
1234567
86870
1234567
86872
1234567
86874
1234567
86876
1234567
86878
1234567
86880
1234567
86882
1234567
86884
1234567
86886
1234567
86888
1234567
86890
1234567
86892
1234567
86894
1234567
86896
1234567
86898
1234567
86900
1234567
86902
1234567
86904
1234567
86906
1234567
86908
1234567
86910
1234567
86912
1234567
86914
1234567
86916
1234567
86918
1234567
86920
1234567
86922
1234567
86924
1234567
86926
1234567
86928
1234567
86930
1234567
86932
1234567
86934
1234567
86936
1234567
86938
1234567
86940
1234567
86942
1234567
86944
1234567
86946
1234567
86948
1234567
86950
1234567
86952
1234567
86954
1234567
86956
1234567
86958
1234567
86960
1234567
86962
1234567
86964
1234567
86966
1234567
86968
1234567
86970
1234567
86972
1234567
86974
1234567
86976
1234567
86978
1234567
86980
1234567
86982
1234567
86984
1234567
86986
1234567
86988
1234567
86990
1234567
86992
1234567
86994
1234567
86996
1234567
86998
1234567
87000
1234567
87002
1234567
87004
1234567
87006
1234567
87008
1234567
87010
1234567
87012
1234567
87014
1234567
87016
1234567
87018
1234567
87020
1234567
87022
1234567
87024
1234567
87026
1234567
87028
1234567
87030
1234567
87032
1234567
87034
1234567
87036
1234567
87038
1234567
87040
1234567
87042
1234567
87044
1234567
87046
1234567
87048
1234567
87050
1234567
87052
1234567
87054
1234567
87056
1234567
87058
1234567
87060
1234567
87062
1234567
87064
1234567
87066
1234567
87068
1234567
87070
1234567
87072
1234567
87074
1234567
87076
1234567
87078
1234567
87080
1234567
87082
1234567
87084
1234567
87086
1234567
87088
1234567
87090
1234567
87092
1234567
87094
1234567
87096
1234567
87098
1234567
87100
1234567
87102
1234567
87104
1234567
87106
1234567
87108
1234567
87110
1234567
87112
1234567
87114
1234567
87116
1234567
87118
1234567
87120
1234567
87122
1234567
87124
1234567
87126
1234567
87128
1234567
87130
1234567
87132
1234567
87134
1234567
87136
1234567
87138
1234567
87140
1234567
87142
1234567
87144
1234567
87146
1234567
87148
1234567
87150
1234567
87152
1234567
87154
1234567
87156
1234567
87158
1234567
87160
1234567
87162
1234567
87164
1234567
87166
1234567
87168
1234567
87170
1234567
87172
1234567
87174
1234567
87176
1234567
87178
1234567
87180
1234567
87182
1234567
87184
1234567
87186
1234567
87188
1234567
87190
1234567
87192
1234567
87194
1234567
87196
1234567
87198
1234567
87200
1234567
87202
1234567
87204
1234567
87206
1234567
87208
1234567
87210
1234567
87212
1234567
87214
1234567
87216
1234567
87218
1234567
87220
1234567
87222
1234567
87224
1234567
87226
1234567
87228
1234567
87230
1234567
87232
1234567
87234
1234567
87236
1234567
87238
1234567
87240
1234567
87242
1234567
87244
1234567
87246
1234567
87248
1234567
87250
1234567
87252
1234567
87254
1234567
87256
1234567
87258
1234567
87260
1234567
87262
1234567
87264
1234567
87266
1234567
87268
1234567
87270
1234567
87272
1234567
87274
1234567
87276
1234567
87278
1234567
87280
1234567
87282
1234567
87284
1234567
87286
1234567
87288
1234567
87290
1234567
87292
1234567
87294
1234567
87296
1234567
87298
1234567
87300
1234567
87302
1234567
87304
1234567
87306
1234567
87308
1234567
87310
1234567
87312
1234567
87314
1234567
87316
1234567
87318
1234567
87320
1234567
87322
1234567
87324
1234567
87326
1234567
87328
1234567
87330
1234567
87332
1234567
87334
1234567
87336
1234567
87338
1234567
87340
1234567
87342
1234567
87344
1234567
87346
1234567
87348
1234567
87350
1234567
87352
1234567
87354
1234567
87356
1234567
87358
1234567
87360
1234567
87362
1234567
87364
1234567
87366
1234567
87368
1234567
87370
1234567
87372
1234567
87374
1234567
87376
1234567
87378
1234567
87380
1234567
87382
1234567
87384
1234567
87386
1234567
87388
1234567
87390
1234567
87392
1234567
87394
1234567
87396
1234567
87398
1234567
87400
1234567
87402
1234567
87404
1234567
87406
1234567
87408
1234567
87410
1234567
87412
1234567
87414
1234567
87416
1234567
87418
1234567
87420
1234567
87422
1234567
87424
1234567
87426
1234567
87428
1234567
87430
1234567
87432
1234567
87434
1234567
87436
1234567
87438
1234567
87440
1234567
87442
1234567
87444
1234567
87446
1234567
87448
1234567
87450
1234567
87452
1234567
87454
1234567
87456
1234567
87458
1234567
87460
1234567
87462
1234567
87464
1234567
87466
1234567
87468
1234567
87470
1234567
87472
1234567
87474
1234567
87476
1234567
87478
1234567
87480
1234567
87482
1234567
87484
1234567
87486
1234567
87488
1234567
87490
1234567
87492
1234567
87494
1234567
87496
1234567
87498
1234567
87500
1234567
87502
1234567
87504
1234567
87506
1234567
87508
1234567
87510
1234567
87512
1234567
87514
1234567
87516
1234567
87518
1234567
87520
1234567
87522
1234567
87524
1234567
87526
1234567
87528
1234567
87530
1234567
87532
1234567
87534
1234567
87536
1234567
87538
1234567
87540
1234567
87542
1234567
87544
1234567
87546
1234567
87548
1234567
87550
1234567
87552
1234567
87554
1234567
87556
1234567
87558
1234567
87560
1234567
87562
1234567
87564
1234567
87566
1234567
87568
1234567
87570
1234567
87572
1234567
87574
1234567
87576
1234567
87578
1234567
87580
1234567
87582
1234567
87584
1234567
87586
1234567
87588
1234567
87590
1234567
87592
1234567
87594
1234567
87596
1234567
87598
1234567
87600
1234567
87602
1234567
87604
1234567
87606
1234567
87608
1234567
87610
1234567
87612
1234567
87614
1234567
87616
1234567
87618
1234567
87620
1234567
87622
1234567
87624
1234567
87626
1234567
87628
1234567
87630
1234567
87632
1234567
87634
1234567
87636
1234567
87638
1234567
87640
1234567
87642
1234567
87644
1234567
87646
1234567
87648
1234567
87650
1234567
87652
1234567
87654
1234567
87656
1234567
87658
1234567
87660
1234567
87662
1234567
87664
1234567
87666
1234567
87668
1234567
87670
1234567
87672
1234567
87674
1234567
87676
1234567
87678
1234567
87680
1234567
87682
1234567
87684
1234567
87686
1234567
87688
1234567
87690
1234567
87692
1234567
87694
1234567
87696
1234567
87698
1234567
87700
1234567
87702
1234567
87704
1234567
87706
1234567
87708
1234567
87710
1234567
87712
1234567
87714
1234567
87716
1234567
87718
1234567
87720
1234567
87722
1234567
87724
1234567
87726
1234567
87728
1234567
87730
1234567
87732
1234567
87734
1234567
87736
1234567
87738
1234567
87740
1234567
87742
1234567
87744
1234567
87746
1234567
87748
1234567
87750
1234567
87752
1234567
87754
1234567
87756
1234567
87758
1234567
87760
1234567
87762
1234567
87764
1234567
87766
1234567
87768
1234567
87770
1234567
87772
1234567
87774
1234567
87776
1234567
87778
1234567
87780
1234567
87782
1234567
87784
1234567
87786
1234567
87788
1234567
87790
1234567
87792
1234567
87794
1234567
87796
1234567
87798
1234567
87800
1234567
87802
1234567
87804
1234567
87806
1234567
87808
1234567
87810
1234567
87812
1234567
87814
1234567
87816
1234567
87818
1234567
87820
1234567
87822
1234567
87824
1234567
87826
1234567
87828
1234567
87830
1234567
87832
1234567
87834
1234567
87836
1234567
87838
1234567
87840
1234567
87842
1234567
87844
1234567
87846
1234567
87848
1234567
87850
1234567
87852
1234567
87854
1234567
87856
1234567
87858
1234567
87860
1234567
87862
1234567
87864
1234567
87866
1234567
87868
1234567
87870
1234567
87872
1234567
87874
1234567
87876
1234567
87878
1234567
87880
1234567
87882
1234567
87884
1234567
87886
1234567
87888
1234567
87890
1234567
87892
1234567
87894
1234567
87896
1234567
87898
1234567
87900
1234567
87902
1234567
87904
1234567
87906
1234567
87908
1234567
87910
1234567
87912
1234567
87914
1234567
87916
1234567
87918
1234567
87920
1234567
87922
1234567
87924
1234567
87926
1234567
87928
1234567
87930
1234567
87932
1234567
87934
1234567
87936
1234567
87938
1234567
87940
1234567
87942
1234567
87944
1234567
87946
1234567
87948
1234567
87950
1234567
87952
1234567
87954
1234567
87956
1234567
87958
1234567
87960
1234567
87962
1234567
87964
1234567
87966
1234567
87968
1234567
87970
1234567
87972
1234567
87974
1234567
87976
1234567
87978
1234567
87980
1234567
87982
1234567
87984
1234567
87986
1234567
87988
1234567
87990
1234567
87992
1234567
87994
1234567
87996
1234567
87998
1234567
88000
1234567
88002
1234567
88004
1234567
88006
1234567
88008
1234567
88010
1234567
88012
1234567
88014
1234567
88016
1234567
88018
1234567
88020
1234567
88022
1234567
88024
1234567
88026
1234567
88028
1234567
88030
1234567
88032
1234567
88034
1234567
88036
1234567
88038
1234567
88040
1234567
88042
1234567
88044
1234567
88046
1234567
88048
1234567
88050
1234567
88052
1234567
88054
1234567
88056
1234567
88058
1234567
88060
1234567
88062
1234567
88064
1234567
88066
1234567
88068
1234567
88070
1234567
88072
1234567
88074
1234567
88076
1234567
88078
1234567
88080
1234567
88082
1234567
88084
1234567
88086
1234567
88088
1234567
88090
1234567
88092
1234567
88094
1234567
88096
1234567
88098
1234567
88100
1234567
88102
1234567
88104
1234567
88106
1234567
88108
1234567
88110
1234567
88112
1234567
88114
1234567
88116
1234567
88118
1234567
88120
1234567
88122
1234567
88124
1234567
88126
1234567
88128
1234567
88130
1234567
88132
1234567
88134
1234567
88136
1234567
88138
1234567
88140
1234567
88142
1234567
88144
1234567
88146
1234567
88148
1234567
88150
1234567
88152
1234567
88154
1234567
88156
1234567
88158
1234567
88160
1234567
88162
1234567
88164
1234567
88166
1234567
88168
1234567
88170
1234567
88172
1234567
88174
1234567
88176
1234567
88178
1234567
88180
1234567
88182
1234567
88184
1234567
88186
1234567
88188
1234567
88190
1234567
88192
1234567
88194
1234567
88196
1234567
88198
1234567
88200
1234567
88202
1234567
88204
1234567
88206
1234567
88208
1234567
88210
1234567
88212
1234567
88214
1234567
88216
1234567
88218
1234567
88220
1234567
88222
1234567
88224
1234567
88226
1234567
88228
1234567
88230
1234567
88232
1234567
88234
1234567
88236
1234567
88238
1234567
88240
1234567
88242
1234567
88244
1234567
88246
1234567
88248
1234567
88250
1234567
88252
1234567
88254
1234567
88256
1234567
88258
1234567
88260
1234567
88262
1234567
88264
1234567
88266
1234567
88268
1234567
88270
1234567
88272
1234567
88274
1234567
88276
1234567
88278
1234567
88280
1234567
88282
1234567
88284
1234567
88286
1234567
88288
1234567
88290
1234567
88292
1234567
88294
1234567
88296
1234567
88298
1234567
88300
1234567
88302
1234567
88304
1234567
88306
1234567
88308
1234567
88310
1234567
88312
1234567
88314
1234567
88316
1234567
88318
1234567
88320
1234567
88322
1234567
88324
1234567
88326
1234567
88328
1234567
88330
1234567
88332
1234567
88334
1234567
88336
1234567
88338
1234567
88340
1234567
88342
1234567
88344
1234567
88346
1234567
88348
1234567
88350
1234567
88352
1234567
88354
1234567
88356
1234567
88358
1234567
88360
1234567
88362
1234567
88364
1234567
88366
1234567
88368
1234567
88370
1234567
88372
1234567
88374
1234567
88376
1234567
88378
1234567
88380
1234567
88382
1234567
88384
1234567
88386
1234567
88388
1234567
88390
1234567
88392
1234567
88394
1234567
88396
1234567
88398
1234567
88400
1234567
88402
1234567
88404
1234567
88406
1234567
88408
1234567
88410
1234567
88412
1234567
88414
1234567
88416
1234567
88418
1234567
88420
1234567
88422
1234567
88424
1234567
88426
1234567
88428
1234567
88430
1234567
88432
1234567
88434
1234567
88436
1234567
88438
1234567
88440
1234567
88442
1234567
88444
1234567
88446
1234567
88448
1234567
88450
1234567
88452
1234567
88454
1234567
88456
1234567
88458
1234567
88460
1234567
88462
1234567
88464
1234567
88466
1234567
88468
1234567
88470
1234567
88472
1234567
88474
1234567
88476
1234567
88478
1234567
88480
1234567
88482
1234567
88484
1234567
88486
1234567
88488
1234567
88490
1234567
88492
1234567
88494
1234567
88496
1234567
88498
1234567
88500
1234567
88502
1234567
88504
1234567
88506
1234567
88508
1234567
88510
1234567
88512
1234567
88514
1234567
88516
1234567
88518
1234567
88520
1234567
88522
1234567
88524
1234567
88526
1234567
88528
1234567
88530
1234567
88532
1234567
88534
1234567
88536
1234567
88538
1234567
88540
1234567
88542
1234567
88544
1234567
88546
1234567
88548
1234567
88550
1234567
88552
1234567
88554
1234567
88556
1234567
88558
1234567
88560
1234567
88562
1234567
88564
1234567
88566
1234567
88568
1234567
88570
1234567
88572
1234567
88574
1234567
88576
1234567
88578
1234567
88580
1234567
88582
1234567
88584
1234567
88586
1234567
88588
1234567
88590
1234567
88592
1234567
88594
1234567
88596
1234567
88598
1234567
88600
1234567
88602
1234567
88604
1234567
88606
1234567
88608
1234567
88610
1234567
88612
1234567
88614
1234567
88616
1234567
88618
1234567
88620
1234567
88622
1234567
88624
1234567
88626
1234567
88628
1234567
88630
1234567
88632
1234567
88634
1234567
88636
1234567
88638
1234567
88640
1234567
88642
1234567
88644
1234567
88646
1234567
88648
1234567
88650
1234567
88652
1234567
88654
1234567
88656
1234567
88658
1234567
88660
1234567
88662
1234567
88664
1234567
88666
1234567
88668
1234567
88670
1234567
88672
1234567
88674
1234567
88676
1234567
88678
1234567
88680
1234567
88682
1234567
88684
1234567
88686
1234567
88688
1234567
88690
1234567
88692
1234567
88694
1234567
88696
1234567
88698
1234567
88700
1234567
88702
1234567
88704
1234567
88706
1234567
88708
1234567
88710
1234567
88712
1234567
88714
1234567
88716
1234567
88718
1234567
88720
1234567
88722
1234567
88724
1234567
88726
1234567
88728
1234567
88730
1234567
88732
1234567
88734
1234567
88736
1234567
88738
1234567
88740
1234567
88742
1234567
88744
1234567
88746
1234567
88748
1234567
88750
1234567
88752
1234567
88754
1234567
88756
1234567
88758
1234567
88760
1234567
88762
1234567
88764
1234567
88766
1234567
88768
1234567
88770
1234567
88772
1234567
88774
1234567
88776
1234567
88778
1234567
88780
1234567
88782
1234567
88784
1234567
88786
1234567
88788
1234567
88790
1234567
88792
1234567
88794
1234567
88796
1234567
88798
1234567
88800
1234567
88802
1234567
88804
1234567
88806
1234567
88808
1234567
88810
1234567
88812
1234567
88814
1234567
88816
1234567
88818
1234567
88820
1234567
88822
1234567
88824
1234567
88826
1234567
88828
1234567
88830
1234567
88832
1234567
88834
1234567
88836
1234567
88838
1234567
88840
1234567
88842
1234567
88844
1234567
88846
1234567
88848
1234567
88850
1234567
88852
1234567
88854
1234567
88856
1234567
88858
1234567
88860
1234567
88862
1234567
88864
1234567
88866
1234567
88868
1234567
88870
1234567
88872
1234567
88874
1234567
88876
1234567
88878
1234567
88880
1234567
88882
1234567
88884
1234567
88886
1234567
88888
1234567
88890
1234567
88892
1234567
88894
1234567
88896
1234567
88898
1234567
88900
1234567
88902
1234567
88904
1234567
88906
1234567
88908
1234567
88910
1234567
88912
1234567
88914
1234567
88916
1234567
88918
1234567
88920
1234567
88922
1234567
88924
1234567
88926
1234567
88928
1234567
88930
1234567
88932
1234567
88934
1234567
88936
1234567
88938
1234567
88940
1234567
88942
1234567
88944
1234567
88946
1234567
88948
1234567
88950
1234567
88952
1234567
88954
1234567
88956
1234567
88958
1234567
88960
1234567
88962
1234567
88964
1234567
88966
1234567
88968
1234567
88970
1234567
88972
1234567
88974
1234567
88976
1234567
88978
1234567
88980
1234567
88982
1234567
88984
1234567
88986
1234567
88988
1234567
88990
1234567
88992
1234567
88994
1234567
88996
1234567
88998
1234567
89000
1234567
89002
1234567
89004
1234567
89006
1234567
89008
1234567
89010
1234567
89012
1234567
89014
1234567
89016
1234567
89018
1234567
89020
1234567
89022
1234567
89024
1234567
89026
1234567
89028
1234567
89030
1234567
89032
1234567
89034
1234567
89036
1234567
89038
1234567
89040
1234567
89042
1234567
89044
1234567
89046
1234567
89048
1234567
89050
1234567
89052
1234567
89054
1234567
89056
1234567
89058
1234567
89060
1234567
89062
1234567
89064
1234567
89066
1234567
89068
1234567
89070
1234567
89072
1234567
89074
1234567
89076
1234567
89078
1234567
89080
1234567
89082
1234567
89084
1234567
89086
1234567
89088
1234567
89090
1234567
89092
1234567
89094
1234567
89096
1234567
89098
1234567
89100
1234567
89102
1234567
89104
1234567
89106
1234567
89108
1234567
89110
1234567
89112
1234567
89114
1234567
89116
1234567
89118
1234567
89120
1234567
89122
1234567
89124
1234567
89126
1234567
89128
1234567
89130
1234567
89132
1234567
89134
1234567
89136
1234567
89138
1234567
89140
1234567
89142
1234567
89144
1234567
89146
1234567
89148
1234567
89150
1234567
89152
1234567
89154
1234567
89156
1234567
89158
1234567
89160
1234567
89162
1234567
89164
1234567
89166
1234567
89168
1234567
89170
1234567
89172
1234567
89174
1234567
89176
1234567
89178
1234567
89180
1234567
89182
1234567
89184
1234567
89186
1234567
89188
1234567
89190
1234567
89192
1234567
89194
1234567
89196
1234567
89198
1234567
89200
1234567
89202
1234567
89204
1234567
89206
1234567
89208
1234567
89210
1234567
89212
1234567
89214
1234567
89216
1234567
89218
1234567
89220
1234567
89222
1234567
89224
1234567
89226
1234567
89228
1234567
89230
1234567
89232
1234567
89234
1234567
89236
1234567
89238
1234567
89240
1234567
89242
1234567
89244
1234567
89246
1234567
89248
1234567
89250
1234567
89252
1234567
89254
1234567
89256
1234567
89258
1234567
89260
1234567
89262
1234567
89264
1234567
89266
1234567
89268
1234567
89270
1234567
89272
1234567
89274
1234567
89276
1234567
89278
1234567
89280
1234567
89282
1234567
89284
1234567
89286
1234567
89288
1234567
89290
1234567
89292
1234567
89294
1234567
89296
1234567
89298
1234567
89300
1234567
89302
1234567
89304
1234567
89306
1234567
89308
1234567
89310
1234567
89312
1234567
89314
1234567
89316
1234567
89318
1234567
89320
1234567
89322
1234567
89324
1234567
89326
1234567
89328
1234567
89330
1234567
89332
1234567
89334
1234567
89336
1234567
89338
1234567
89340
1234567
89342
1234567
89344
1234567
89346
1234567
89348
1234567
89350
1234567
89352
1234567
89354
1234567
89356
1234567
89358
1234567
89360
1234567
89362
1234567
89364
1234567
89366
1234567
89368
1234567
89370
1234567
89372
1234567
89374
1234567
89376
1234567
89378
1234567
89380
1234567
89382
1234567
89384
1234567
89386
1234567
89388
1234567
89390
1234567
89392
1234567
89394
1234567
89396
1234567
89398
1234567
89400
1234567
89402
1234567
89404
1234567
89406
1234567
89408
1234567
89410
1234567
89412
1234567
89414
1234567
89416
1234567
89418
1234567
89420
1234567
89422
1234567
89424
1234567
89426
1234567
89428
1234567
89430
1234567
89432
1234567
89434
1234567
89436
1234567
89438
1234567
89440
1234567
89442
1234567
89444
1234567
89446
1234567
89448
1234567
89450
1234567
89452
1234567
89454
1234567
89456
1234567
89458
1234567
89460
1234567
89462
1234567
89464
1234567
89466
1234567
89468
1234567
89470
1234567
89472
1234567
89474
1234567
89476
1234567
89478
1234567
89480
1234567
89482
1234567
89484
1234567
89486
1234567
89488
1234567
89490
1234567
89492
1234567
89494
1234567
89496
1234567
89498
1234567
89500
1234567
89502
1234567
89504
1234567
89506
1234567
89508
1234567
89510
1234567
89512
1234567
89514
1234567
89516
1234567
89518
1234567
89520
1234567
89522
1234567
89524
1234567
89526
1234567
89528
1234567
89530
1234567
89532
1234567
89534
1234567
89536
1234567
89538
1234567
89540
1234567
89542
1234567
89544
1234567
89546
1234567
89548
1234567
89550
1234567
89552
1234567
89554
1234567
89556
1234567
89558
1234567
89560
1234567
89562
1234567
89564
1234567
89566
1234567
89568
1234567
89570
1234567
89572
1234567
89574
1234567
89576
1234567
89578
1234567
89580
1234567
89582
1234567
89584
1234567
89586
1234567
89588
1234567
89590
1234567
89592
1234567
89594
1234567
89596
1234567
89598
1234567
89600
1234567
89602
1234567
89604
1234567
89606
1234567
89608
1234567
89610
1234567
89612
1234567
89614
1234567
89616
1234567
89618
1234567
89620
1234567
89622
1234567
89624
1234567
89626
1234567
89628
1234567
89630
1234567
89632
1234567
89634
1234567
89636
1234567
89638
1234567
89640
1234567
89642
1234567
89644
1234567
89646
1234567
89648
1234567
89650
1234567
89652
1234567
89654
1234567
89656
1234567
89658
1234567
89660
1234567
89662
1234567
89664
1234567
89666
1234567
89668
1234567
89670
1234567
89672
1234567
89674
1234567
89676
1234567
89678
1234567
89680
1234567
89682
1234567
89684
1234567
89686
1234567
89688
1234567
89690
1234567
89692
1234567
89694
1234567
89696
1234567
89698
1234567
89700
1234567
89702
1234567
89704
1234567
89706
1234567
89708
1234567
89710
1234567
89712
1234567
89714
1234567
89716
1234567
89718
1234567
89720
1234567
89722
1234567
89724
1234567
89726
1234567
89728
1234567
89730
1234567
89732
1234567
89734
1234567
89736
1234567
89738
1234567
89740
1234567
89742
1234567
89744
1234567
89746
1234567
89748
1234567
89750
1234567
89752
1234567
89754
1234567
89756
1234567
89758
1234567
89760
1234567
89762
1234567
89764
1234567
89766
1234567
89768
1234567
89770
1234567
89772
1234567
89774
1234567
89776
1234567
89778
1234567
89780
1234567
89782
1234567
89784
1234567
89786
1234567
89788
1234567
89790
1234567
89792
1234567
89794
1234567
89796
1234567
89798
1234567
89800
1234567
89802
1234567
89804
1234567
89806
1234567
89808
1234567
89810
1234567
89812
1234567
89814
1234567
89816
1234567
89818
1234567
89820
1234567
89822
1234567
89824
1234567
89826
1234567
89828
1234567
89830
1234567
89832
1234567
89834
1234567
89836
1234567
89838
1234567
89840
1234567
89842
1234567
89844
1234567
89846
1234567
89848
1234567
89850
1234567
89852
1234567
89854
1234567
89856
1234567
89858
1234567
89860
1234567
89862
1234567
89864
1234567
89866
1234567
89868
1234567
89870
1234567
89872
1234567
89874
1234567
89876
1234567
89878
1234567
89880
1234567
89882
1234567
89884
1234567
89886
1234567
89888
1234567
89890
1234567
89892
1234567
89894
1234567
89896
1234567
89898
1234567
89900
1234567
89902
1234567
89904
1234567
89906
1234567
89908
1234567
89910
1234567
89912
1234567
89914
1234567
89916
1234567
89918
1234567
89920
1234567
89922
1234567
89924
1234567
89926
1234567
89928
1234567
89930
1234567
89932
1234567
89934
1234567
89936
1234567
89938
1234567
89940
1234567
89942
1234567
89944
1234567
89946
1234567
89948
1234567
89950
1234567
89952
1234567
89954
1234567
89956
1234567
89958
1234567
89960
1234567
89962
1234567
89964
1234567
89966
1234567
89968
1234567
89970
1234567
89972
1234567
89974
1234567
89976
1234567
89978
1234567
89980
1234567
89982
1234567
89984
1234567
89986
1234567
89988
1234567
89990
1234567
89992
1234567
89994
1234567
89996
1234567
89998
1234567
90000
1234567
90002
1234567
90004
1234567
90006
1234567
90008
1234567
90010
1234567
90012
1234567
90014
1234567
90016
1234567
90018
1234567
90020
1234567
90022
1234567
90024
1234567
90026
1234567
90028
1234567
90030
1234567
90032
1234567
90034
1234567
90036
1234567
90038
1234567
90040
1234567
90042
1234567
90044
1234567
90046
1234567
90048
1234567
90050
1234567
90052
1234567
90054
1234567
90056
1234567
90058
1234567
90060
1234567
90062
1234567
90064
1234567
90066
1234567
90068
1234567
90070
1234567
90072
1234567
90074
1234567
90076
1234567
90078
1234567
90080
1234567
90082
1234567
90084
1234567
90086
1234567
90088
1234567
90090
1234567
90092
1234567
90094
1234567
90096
1234567
90098
1234567
90100
1234567
90102
1234567
90104
1234567
90106
1234567
90108
1234567
90110
1234567
90112
1234567
90114
1234567
90116
1234567
90118
1234567
90120
1234567
90122
1234567
90124
1234567
90126
1234567
90128
1234567
90130
1234567
90132
1234567
90134
1234567
90136
1234567
90138
1234567
90140
1234567
90142
1234567
90144
1234567
90146
1234567
90148
1234567
90150
1234567
90152
1234567
90154
1234567
90156
1234567
90158
1234567
90160
1234567
90162
1234567
90164
1234567
90166
1234567
90168
1234567
90170
1234567
90172
1234567
90174
1234567
90176
1234567
90178
1234567
90180
1234567
90182
1234567
90184
1234567
90186
1234567
90188
1234567
90190
1234567
90192
1234567
90194
1234567
90196
1234567
90198
1234567
90200
1234567
90202
1234567
90204
1234567
90206
1234567
90208
1234567
90210
1234567
90212
1234567
90214
1234567
90216
1234567
90218
1234567
90220
1234567
90222
1234567
90224
1234567
90226
1234567
90228
1234567
90230
1234567
90232
1234567
90234
1234567
90236
1234567
90238
1234567
90240
1234567
90242
1234567
90244
1234567
90246
1234567
90248
1234567
90250
1234567
90252
1234567
90254
1234567
90256
1234567
90258
1234567
90260
1234567
90262
1234567
90264
1234567
90266
1234567
90268
1234567
90270
1234567
90272
1234567
90274
1234567
90276
1234567
90278
1234567
90280
1234567
90282
1234567
90284
1234567
90286
1234567
90288
1234567
90290
1234567
90292
1234567
90294
1234567
90296
1234567
90298
1234567
90300
1234567
90302
1234567
90304
1234567
90306
1234567
90308
1234567
90310
1234567
90312
1234567
90314
1234567
90316
1234567
90318
1234567
90320
1234567
90322
1234567
90324
1234567
90326
1234567
90328
1234567
90330
1234567
90332
1234567
90334
1234567
90336
1234567
90338
1234567
90340
1234567
90342
1234567
90344
1234567
90346
1234567
90348
1234567
90350
1234567
90352
1234567
90354
1234567
90356
1234567
90358
1234567
90360
1234567
90362
1234567
90364
1234567
90366
1234567
90368
1234567
90370
1234567
90372
1234567
90374
1234567
90376
1234567
90378
1234567
90380
1234567
90382
1234567
90384
1234567
90386
1234567
90388
1234567
90390
1234567
90392
1234567
90394
1234567
90396
1234567
90398
1234567
90400
1234567
90402
1234567
90404
1234567
90406
1234567
90408
1234567
90410
1234567
90412
1234567
90414
1234567
90416
1234567
90418
1234567
90420
1234567
90422
1234567
90424
1234567
90426
1234567
90428
1234567
90430
1234567
90432
1234567
90434
1234567
90436
1234567
90438
1234567
90440
1234567
90442
1234567
90444
1234567
90446
1234567
90448
1234567
90450
1234567
90452
1234567
90454
1234567
90456
1234567
90458
1234567
90460
1234567
90462
1234567
90464
1234567
90466
1234567
90468
1234567
90470
1234567
90472
1234567
90474
1234567
90476
1234567
90478
1234567
90480
1234567
90482
1234567
90484
1234567
90486
1234567
90488
1234567
90490
1234567
90492
1234567
90494
1234567
90496
1234567
90498
1234567
90500
1234567
90502
1234567
90504
1234567
90506
1234567
90508
1234567
90510
1234567
90512
1234567
90514
1234567
90516
1234567
90518
1234567
90520
1234567
90522
1234567
90524
1234567
90526
1234567
90528
1234567
90530
1234567
90532
1234567
90534
1234567
90536
1234567
90538
1234567
90540
1234567
90542
1234567
90544
1234567
90546
1234567
90548
1234567
90550
1234567
90552
1234567
90554
1234567
90556
1234567
90558
1234567
90560
1234567
90562
1234567
90564
1234567
90566
1234567
90568
1234567
90570
1234567
90572
1234567
90574
1234567
90576
1234567
90578
1234567
90580
1234567
90582
1234567
90584
1234567
90586
1234567
90588
1234567
90590
1234567
90592
1234567
90594
1234567
90596
1234567
90598
1234567
90600
1234567
90602
1234567
90604
1234567
90606
1234567
90608
1234567
90610
1234567
90612
1234567
90614
1234567
90616
1234567
90618
1234567
90620
1234567
90622
1234567
90624
1234567
90626
1234567
90628
1234567
90630
1234567
90632
1234567
90634
1234567
90636
1234567
90638
1234567
90640
1234567
90642
1234567
90644
1234567
90646
1234567
90648
1234567
90650
1234567
90652
1234567
90654
1234567
90656
1234567
90658
1234567
90660
1234567
90662
1234567
90664
1234567
90666
1234567
90668
1234567
90670
1234567
90672
1234567
90674
1234567
90676
1234567
90678
1234567
90680
1234567
90682
1234567
90684
1234567
90686
1234567
90688
1234567
90690
1234567
90692
1234567
90694
1234567
90696
1234567
90698
1234567
90700
1234567
90702
1234567
90704
1234567
90706
1234567
90708
1234567
90710
1234567
90712
1234567
90714
1234567
90716
1234567
90718
1234567
90720
1234567
90722
1234567
90724
1234567
90726
1234567
90728
1234567
90730
1234567
90732
1234567
90734
1234567
90736
1234567
90738
1234567
90740
1234567
90742
1234567
90744
1234567
90746
1234567
90748
1234567
90750
1234567
90752
1234567
90754
1234567
90756
1234567
90758
1234567
90760
1234567
90762
1234567
90764
1234567
90766
1234567
90768
1234567
90770
1234567
90772
1234567
90774
1234567
90776
1234567
90778
1234567
90780
1234567
90782
1234567
90784
1234567
90786
1234567
90788
1234567
90790
1234567
90792
1234567
90794
1234567
90796
1234567
90798
1234567
90800
1234567
90802
1234567
90804
1234567
90806
1234567
90808
1234567
90810
1234567
90812
1234567
90814
1234567
90816
1234567
90818
1234567
90820
1234567
90822
1234567
90824
1234567
90826
1234567
90828
1234567
90830
1234567
90832
1234567
90834
1234567
90836
1234567
90838
1234567
90840
1234567
90842
1234567
90844
1234567
90846
1234567
90848
1234567
90850
1234567
90852
1234567
90854
1234567
90856
1234567
90858
1234567
90860
1234567
90862
1234567
90864
1234567
90866
1234567
90868
1234567
90870
1234567
90872
1234567
90874
1234567
90876
1234567
90878
1234567
90880
1234567
90882
1234567
90884
1234567
90886
1234567
90888
1234567
90890
1234567
90892
1234567
90894
1234567
90896
1234567
90898
1234567
90900
1234567
90902
1234567
90904
1234567
90906
1234567
90908
1234567
90910
1234567
90912
1234567
90914
1234567
90916
1234567
90918
1234567
90920
1234567
90922
1234567
90924
1234567
90926
1234567
90928
1234567
90930
1234567
90932
1234567
90934
1234567
90936
1234567
90938
1234567
90940
1234567
90942
1234567
90944
1234567
90946
1234567
90948
1234567
90950
1234567
90952
1234567
90954
1234567
90956
1234567
90958
1234567
90960
1234567
90962
1234567
90964
1234567
90966
1234567
90968
1234567
90970
1234567
90972
1234567
90974
1234567
90976
1234567
90978
1234567
90980
1234567
90982
1234567
90984
1234567
90986
1234567
90988
1234567
90990
1234567
90992
1234567
90994
1234567
90996
1234567
90998
1234567
91000
1234567
91002
1234567
91004
1234567
91006
1234567
91008
1234567
91010
1234567
91012
1234567
91014
1234567
91016
1234567
91018
1234567
91020
1234567
91022
1234567
91024
1234567
91026
1234567
91028
1234567
91030
1234567
91032
1234567
91034
1234567
91036
1234567
91038
1234567
91040
1234567
91042
1234567
91044
1234567
91046
1234567
91048
1234567
91050
1234567
91052
1234567
91054
1234567
91056
1234567
91058
1234567
91060
1234567
91062
1234567
91064
1234567
91066
1234567
91068
1234567
91070
1234567
91072
1234567
91074
1234567
91076
1234567
91078
1234567
91080
1234567
91082
1234567
91084
1234567
91086
1234567
91088
1234567
91090
1234567
91092
1234567
91094
1234567
91096
1234567
91098
1234567
91100
1234567
91102
1234567
91104
1234567
91106
1234567
91108
1234567
91110
1234567
91112
1234567
91114
1234567
91116
1234567
91118
1234567
91120
1234567
91122
1234567
91124
1234567
91126
1234567
91128
1234567
91130
1234567
91132
1234567
91134
1234567
91136
1234567
91138
1234567
91140
1234567
91142
1234567
91144
1234567
91146
1234567
91148
1234567
91150
1234567
91152
1234567
91154
1234567
91156
1234567
91158
1234567
91160
1234567
91162
1234567
91164
1234567
91166
1234567
91168
1234567
91170
1234567
91172
1234567
91174
1234567
91176
1234567
91178
1234567
91180
1234567
91182
1234567
91184
1234567
91186
1234567
91188
1234567
91190
1234567
91192
1234567
91194
1234567
91196
1234567
91198
1234567
91200
1234567
91202
1234567
91204
1234567
91206
1234567
91208
1234567
91210
1234567
91212
1234567
91214
1234567
91216
1234567
91218
1234567
91220
1234567
91222
1234567
91224
1234567
91226
1234567
91228
1234567
91230
1234567
91232
1234567
91234
1234567
91236
1234567
91238
1234567
91240
1234567
91242
1234567
91244
1234567
91246
1234567
91248
1234567
91250
1234567
91252
1234567
91254
1234567
91256
1234567
91258
1234567
91260
1234567
91262
1234567
91264
1234567
91266
1234567
91268
1234567
91270
1234567
91272
1234567
91274
1234567
91276
1234567
91278
1234567
91280
1234567
91282
1234567
91284
1234567
91286
1234567
91288
1234567
91290
1234567
91292
1234567
91294
1234567
91296
1234567
91298
1234567
91300
1234567
91302
1234567
91304
1234567
91306
1234567
91308
1234567
91310
1234567
91312
1234567
91314
1234567
91316
1234567
91318
1234567
91320
1234567
91322
1234567
91324
1234567
91326
1234567
91328
1234567
91330
1234567
91332
1234567
91334
1234567
91336
1234567
91338
1234567
91340
1234567
91342
1234567
91344
1234567
91346
1234567
91348
1234567
91350
1234567
91352
1234567
91354
1234567
91356
1234567
91358
1234567
91360
1234567
91362
1234567
91364
1234567
91366
1234567
91368
1234567
91370
1234567
91372
1234567
91374
1234567
91376
1234567
91378
1234567
91380
1234567
91382
1234567
91384
1234567
91386
1234567
91388
1234567
91390
1234567
91392
1234567
91394
1234567
91396
1234567
91398
1234567
91400
1234567
91402
1234567
91404
1234567
91406
1234567
91408
1234567
91410
1234567
91412
1234567
91414
1234567
91416
1234567
91418
1234567
91420
1234567
91422
1234567
91424
1234567
91426
1234567
91428
1234567
91430
1234567
91432
1234567
91434
1234567
91436
1234567
91438
1234567
91440
1234567
91442
1234567
91444
1234567
91446
1234567
91448
1234567
91450
1234567
91452
1234567
91454
1234567
91456
1234567
91458
1234567
91460
1234567
91462
1234567
91464
1234567
91466
1234567
91468
1234567
91470
1234567
91472
1234567
91474
1234567
91476
1234567
91478
1234567
91480
1234567
91482
1234567
91484
1234567
91486
1234567
91488
1234567
91490
1234567
91492
1234567
91494
1234567
91496
1234567
91498
1234567
91500
1234567
91502
1234567
91504
1234567
91506
1234567
91508
1234567
91510
1234567
91512
1234567
91514
1234567
91516
1234567
91518
1234567
91520
1234567
91522
1234567
91524
1234567
91526
1234567
91528
1234567
91530
1234567
91532
1234567
91534
1234567
91536
1234567
91538
1234567
91540
1234567
91542
1234567
91544
1234567
91546
1234567
91548
1234567
91550
1234567
91552
1234567
91554
1234567
91556
1234567
91558
1234567
91560
1234567
91562
1234567
91564
1234567
91566
1234567
91568
1234567
91570
1234567
91572
1234567
91574
1234567
91576
1234567
91578
1234567
91580
1234567
91582
1234567
91584
1234567
91586
1234567
91588
1234567
91590
1234567
91592
1234567
91594
1234567
91596
1234567
91598
1234567
91600
1234567
91602
1234567
91604
1234567
91606
1234567
91608
1234567
91610
1234567
91612
1234567
91614
1234567
91616
1234567
91618
1234567
91620
1234567
91622
1234567
91624
1234567
91626
1234567
91628
1234567
91630
1234567
91632
1234567
91634
1234567
91636
1234567
91638
1234567
91640
1234567
91642
1234567
91644
1234567
91646
1234567
91648
1234567
91650
1234567
91652
1234567
91654
1234567
91656
1234567
91658
1234567
91660
1234567
91662
1234567
91664
1234567
91666
1234567
91668
1234567
91670
1234567
91672
1234567
91674
1234567
91676
1234567
91678
1234567
91680
1234567
91682
1234567
91684
1234567
91686
1234567
91688
1234567
91690
1234567
91692
1234567
91694
1234567
91696
1234567
91698
1234567
91700
1234567
91702
1234567
91704
1234567
91706
1234567
91708
1234567
91710
1234567
91712
1234567
91714
1234567
91716
1234567
91718
1234567
91720
1234567
91722
1234567
91724
1234567
91726
1234567
91728
1234567
91730
1234567
91732
1234567
91734
1234567
91736
1234567
91738
1234567
91740
1234567
91742
1234567
91744
1234567
91746
1234567
91748
1234567
91750
1234567
91752
1234567
91754
1234567
91756
1234567
91758
1234567
91760
1234567
91762
1234567
91764
1234567
91766
1234567
91768
1234567
91770
1234567
91772
1234567
91774
1234567
91776
1234567
91778
1234567
91780
1234567
91782
1234567
91784
1234567
91786
1234567
91788
1234567
91790
1234567
91792
1234567
91794
1234567
91796
1234567
91798
1234567
91800
1234567
91802
1234567
91804
1234567
91806
1234567
91808
1234567
91810
1234567
91812
1234567
91814
1234567
91816
1234567
91818
1234567
91820
1234567
91822
1234567
91824
1234567
91826
1234567
91828
1234567
91830
1234567
91832
1234567
91834
1234567
91836
1234567
91838
1234567
91840
1234567
91842
1234567
91844
1234567
91846
1234567
91848
1234567
91850
1234567
91852
1234567
91854
1234567
91856
1234567
91858
1234567
91860
1234567
91862
1234567
91864
1234567
91866
1234567
91868
1234567
91870
1234567
91872
1234567
91874
1234567
91876
1234567
91878
1234567
91880
1234567
91882
1234567
91884
1234567
91886
1234567
91888
1234567
91890
1234567
91892
1234567
91894
1234567
91896
1234567
91898
1234567
91900
1234567
91902
1234567
91904
1234567
91906
1234567
91908
1234567
91910
1234567
91912
1234567
91914
1234567
91916
1234567
91918
1234567
91920
1234567
91922
1234567
91924
1234567
91926
1234567
91928
1234567
91930
1234567
91932
1234567
91934
1234567
91936
1234567
91938
1234567
91940
1234567
91942
1234567
91944
1234567
91946
1234567
91948
1234567
91950
1234567
91952
1234567
91954
1234567
91956
1234567
91958
1234567
91960
1234567
91962
1234567
91964
1234567
91966
1234567
91968
1234567
91970
1234567
91972
1234567
91974
1234567
91976
1234567
91978
1234567
91980
1234567
91982
1234567
91984
1234567
91986
1234567
91988
1234567
91990
1234567
91992
1234567
91994
1234567
91996
1234567
91998
1234567
92000
1234567
92002
1234567
92004
1234567
92006
1234567
92008
1234567
92010
1234567
92012
1234567
92014
1234567
92016
1234567
92018
1234567
92020
1234567
92022
1234567
92024
1234567
92026
1234567
92028
1234567
92030
1234567
92032
1234567
92034
1234567
92036
1234567
92038
1234567
92040
1234567
92042
1234567
92044
1234567
92046
1234567
92048
1234567
92050
1234567
92052
1234567
92054
1234567
92056
1234567
92058
1234567
92060
1234567
92062
1234567
92064
1234567
92066
1234567
92068
1234567
92070
1234567
92072
1234567
92074
1234567
92076
1234567
92078
1234567
92080
1234567
92082
1234567
92084
1234567
92086
1234567
92088
1234567
92090
1234567
92092
1234567
92094
1234567
92096
1234567
92098
1234567
92100
1234567
92102
1234567
92104
1234567
92106
1234567
92108
1234567
92110
1234567
92112
1234567
92114
1234567
92116
1234567
92118
1234567
92120
1234567
92122
1234567
92124
1234567
92126
1234567
92128
1234567
92130
1234567
92132
1234567
92134
1234567
92136
1234567
92138
1234567
92140
1234567
92142
1234567
92144
1234567
92146
1234567
92148
1234567
92150
1234567
92152
1234567
92154
1234567
92156
1234567
92158
1234567
92160
1234567
92162
1234567
92164
1234567
92166
1234567
92168
1234567
92170
1234567
92172
1234567
92174
1234567
92176
1234567
92178
1234567
92180
1234567
92182
1234567
92184
1234567
92186
1234567
92188
1234567
92190
1234567
92192
1234567
92194
1234567
92196
1234567
92198
1234567
92200
1234567
92202
1234567
92204
1234567
92206
1234567
92208
1234567
92210
1234567
92212
1234567
92214
1234567
92216
1234567
92218
1234567
92220
1234567
92222
1234567
92224
1234567
92226
1234567
92228
1234567
92230
1234567
92232
1234567
92234
1234567
92236
1234567
92238
1234567
92240
1234567
92242
1234567
92244
1234567
92246
1234567
92248
1234567
92250
1234567
92252
1234567
92254
1234567
92256
1234567
92258
1234567
92260
1234567
92262
1234567
92264
1234567
92266
1234567
92268
1234567
92270
1234567
92272
1234567
92274
1234567
92276
1234567
92278
1234567
92280
1234567
92282
1234567
92284
1234567
92286
1234567
92288
1234567
92290
1234567
92292
1234567
92294
1234567
92296
1234567
92298
1234567
92300
1234567
92302
1234567
92304
1234567
92306
1234567
92308
1234567
92310
1234567
92312
1234567
92314
1234567
92316
1234567
92318
1234567
92320
1234567
92322
1234567
92324
1234567
92326
1234567
92328
1234567
92330
1234567
92332
1234567
92334
1234567
92336
1234567
92338
1234567
92340
1234567
92342
1234567
92344
1234567
92346
1234567
92348
1234567
92350
1234567
92352
1234567
92354
1234567
92356
1234567
92358
1234567
92360
1234567
92362
1234567
92364
1234567
92366
1234567
92368
1234567
92370
1234567
92372
1234567
92374
1234567
92376
1234567
92378
1234567
92380
1234567
92382
1234567
92384
1234567
92386
1234567
92388
1234567
92390
1234567
92392
1234567
92394
1234567
92396
1234567
92398
1234567
92400
1234567
92402
1234567
92404
1234567
92406
1234567
92408
1234567
92410
1234567
92412
1234567
92414
1234567
92416
1234567
92418
1234567
92420
1234567
92422
1234567
92424
1234567
92426
1234567
92428
1234567
92430
1234567
92432
1234567
92434
1234567
92436
1234567
92438
1234567
92440
1234567
92442
1234567
92444
1234567
92446
1234567
92448
1234567
92450
1234567
92452
1234567
92454
1234567
92456
1234567
92458
1234567
92460
1234567
92462
1234567
92464
1234567
92466
1234567
92468
1234567
92470
1234567
92472
1234567
92474
1234567
92476
1234567
92478
1234567
92480
1234567
92482
1234567
92484
1234567
92486
1234567
92488
1234567
92490
1234567
92492
1234567
92494
1234567
92496
1234567
92498
1234567
92500
1234567
92502
1234567
92504
1234567
92506
1234567
92508
1234567
92510
1234567
92512
1234567
92514
1234567
92516
1234567
92518
1234567
92520
1234567
92522
1234567
92524
1234567
92526
1234567
92528
1234567
92530
1234567
92532
1234567
92534
1234567
92536
1234567
92538
1234567
92540
1234567
92542
1234567
92544
1234567
92546
1234567
92548
1234567
92550
1234567
92552
1234567
92554
1234567
92556
1234567
92558
1234567
92560
1234567
92562
1234567
92564
1234567
92566
1234567
92568
1234567
92570
1234567
92572
1234567
92574
1234567
92576
1234567
92578
1234567
92580
1234567
92582
1234567
92584
1234567
92586
1234567
92588
1234567
92590
1234567
92592
1234567
92594
1234567
92596
1234567
92598
1234567
92600
1234567
92602
1234567
92604
1234567
92606
1234567
92608
1234567
92610
1234567
92612
1234567
92614
1234567
92616
1234567
92618
1234567
92620
1234567
92622
1234567
92624
1234567
92626
1234567
92628
1234567
92630
1234567
92632
1234567
92634
1234567
92636
1234567
92638
1234567
92640
1234567
92642
1234567
92644
1234567
92646
1234567
92648
1234567
92650
1234567
92652
1234567
92654
1234567
92656
1234567
92658
1234567
92660
1234567
92662
1234567
92664
1234567
92666
1234567
92668
1234567
92670
1234567
92672
1234567
92674
1234567
92676
1234567
92678
1234567
92680
1234567
92682
1234567
92684
1234567
92686
1234567
92688
1234567
92690
1234567
92692
1234567
92694
1234567
92696
1234567
92698
1234567
92700
1234567
92702
1234567
92704
1234567
92706
1234567
92708
1234567
92710
1234567
92712
1234567
92714
1234567
92716
1234567
92718
1234567
92720
1234567
92722
1234567
92724
1234567
92726
1234567
92728
1234567
92730
1234567
92732
1234567
92734
1234567
92736
1234567
92738
1234567
92740
1234567
92742
1234567
92744
1234567
92746
1234567
92748
1234567
92750
1234567
92752
1234567
92754
1234567
92756
1234567
92758
1234567
92760
1234567
92762
1234567
92764
1234567
92766
1234567
92768
1234567
92770
1234567
92772
1234567
92774
1234567
92776
1234567
92778
1234567
92780
1234567
92782
1234567
92784
1234567
92786
1234567
92788
1234567
92790
1234567
92792
1234567
92794
1234567
92796
1234567
92798
1234567
92800
1234567
92802
1234567
92804
1234567
92806
1234567
92808
1234567
92810
1234567
92812
1234567
92814
1234567
92816
1234567
92818
1234567
92820
1234567
92822
1234567
92824
1234567
92826
1234567
92828
1234567
92830
1234567
92832
1234567
92834
1234567
92836
1234567
92838
1234567
92840
1234567
92842
1234567
92844
1234567
92846
1234567
92848
1234567
92850
1234567
92852
1234567
92854
1234567
92856
1234567
92858
1234567
92860
1234567
92862
1234567
92864
1234567
92866
1234567
92868
1234567
92870
1234567
92872
1234567
92874
1234567
92876
1234567
92878
1234567
92880
1234567
92882
1234567
92884
1234567
92886
1234567
92888
1234567
92890
1234567
92892
1234567
92894
1234567
92896
1234567
92898
1234567
92900
1234567
92902
1234567
92904
1234567
92906
1234567
92908
1234567
92910
1234567
92912
1234567
92914
1234567
92916
1234567
92918
1234567
92920
1234567
92922
1234567
92924
1234567
92926
1234567
92928
1234567
92930
1234567
92932
1234567
92934
1234567
92936
1234567
92938
1234567
92940
1234567
92942
1234567
92944
1234567
92946
1234567
92948
1234567
92950
1234567
92952
1234567
92954
1234567
92956
1234567
92958
1234567
92960
1234567
92962
1234567
92964
1234567
92966
1234567
92968
1234567
92970
1234567
92972
1234567
92974
1234567
92976
1234567
92978
1234567
92980
1234567
92982
1234567
92984
1234567
92986
1234567
92988
1234567
92990
1234567
92992
1234567
92994
1234567
92996
1234567
92998
1234567
93000
1234567
93002
1234567
93004
1234567
93006
1234567
93008
1234567
93010
1234567
93012
1234567
93014
1234567
93016
1234567
93018
1234567
93020
1234567
93022
1234567
93024
1234567
93026
1234567
93028
1234567
93030
1234567
93032
1234567
93034
1234567
93036
1234567
93038
1234567
93040
1234567
93042
1234567
93044
1234567
93046
1234567
93048
1234567
93050
1234567
93052
1234567
93054
1234567
93056
1234567
93058
1234567
93060
1234567
93062
1234567
93064
1234567
93066
1234567
93068
1234567
93070
1234567
93072
1234567
93074
1234567
93076
1234567
93078
1234567
93080
1234567
93082
1234567
93084
1234567
93086
1234567
93088
1234567
93090
1234567
93092
1234567
93094
1234567
93096
1234567
93098
1234567
93100
1234567
93102
1234567
93104
1234567
93106
1234567
93108
1234567
93110
1234567
93112
1234567
93114
1234567
93116
1234567
93118
1234567
93120
1234567
93122
1234567
93124
1234567
93126
1234567
93128
1234567
93130
1234567
93132
1234567
93134
1234567
93136
1234567
93138
1234567
93140
1234567
93142
1234567
93144
1234567
93146
1234567
93148
1234567
93150
1234567
93152
1234567
93154
1234567
93156
1234567
93158
1234567
93160
1234567
93162
1234567
93164
1234567
93166
1234567
93168
1234567
93170
1234567
93172
1234567
93174
1234567
93176
1234567
93178
1234567
93180
1234567
93182
1234567
93184
1234567
93186
1234567
93188
1234567
93190
1234567
93192
1234567
93194
1234567
93196
1234567
93198
1234567
93200
1234567
93202
1234567
93204
1234567
93206
1234567
93208
1234567
93210
1234567
93212
1234567
93214
1234567
93216
1234567
93218
1234567
93220
1234567
93222
1234567
93224
1234567
93226
1234567
93228
1234567
93230
1234567
93232
1234567
93234
1234567
93236
1234567
93238
1234567
93240
1234567
93242
1234567
93244
1234567
93246
1234567
93248
1234567
93250
1234567
93252
1234567
93254
1234567
93256
1234567
93258
1234567
93260
1234567
93262
1234567
93264
1234567
93266
1234567
93268
1234567
93270
1234567
93272
1234567
93274
1234567
93276
1234567
93278
1234567
93280
1234567
93282
1234567
93284
1234567
93286
1234567
93288
1234567
93290
1234567
93292
1234567
93294
1234567
93296
1234567
93298
1234567
93300
1234567
93302
1234567
93304
1234567
93306
1234567
93308
1234567
93310
1234567
93312
1234567
93314
1234567
93316
1234567
93318
1234567
93320
1234567
93322
1234567
93324
1234567
93326
1234567
93328
1234567
93330
1234567
93332
1234567
93334
1234567
93336
1234567
93338
1234567
93340
1234567
93342
1234567
93344
1234567
93346
1234567
93348
1234567
93350
1234567
93352
1234567
93354
1234567
93356
1234567
93358
1234567
93360
1234567
93362
1234567
93364
1234567
93366
1234567
93368
1234567
93370
1234567
93372
1234567
93374
1234567
93376
1234567
93378
1234567
93380
1234567
93382
1234567
93384
1234567
93386
1234567
93388
1234567
93390
1234567
93392
1234567
93394
1234567
93396
1234567
93398
1234567
93400
1234567
93402
1234567
93404
1234567
93406
1234567
93408
1234567
93410
1234567
93412
1234567
93414
1234567
93416
1234567
93418
1234567
93420
1234567
93422
1234567
93424
1234567
93426
1234567
93428
1234567
93430
1234567
93432
1234567
93434
1234567
93436
1234567
93438
1234567
93440
1234567
93442
1234567
93444
1234567
93446
1234567
93448
1234567
93450
1234567
93452
1234567
93454
1234567
93456
1234567
93458
1234567
93460
1234567
93462
1234567
93464
1234567
93466
1234567
93468
1234567
93470
1234567
93472
1234567
93474
1234567
93476
1234567
93478
1234567
93480
1234567
93482
1234567
93484
1234567
93486
1234567
93488
1234567
93490
1234567
93492
1234567
93494
1234567
93496
1234567
93498
1234567
93500
1234567
93502
1234567
93504
1234567
93506
1234567
93508
1234567
93510
1234567
93512
1234567
93514
1234567
93516
1234567
93518
1234567
93520
1234567
93522
1234567
93524
1234567
93526
1234567
93528
1234567
93530
1234567
93532
1234567
93534
1234567
93536
1234567
93538
1234567
93540
1234567
93542
1234567
93544
1234567
93546
1234567
93548
1234567
93550
1234567
93552
1234567
93554
1234567
93556
1234567
93558
1234567
93560
1234567
93562
1234567
93564
1234567
93566
1234567
93568
1234567
93570
1234567
93572
1234567
93574
1234567
93576
1234567
93578
1234567
93580
1234567
93582
1234567
93584
1234567
93586
1234567
93588
1234567
93590
1234567
93592
1234567
93594
1234567
93596
1234567
93598
1234567
93600
1234567
93602
1234567
93604
1234567
93606
1234567
93608
1234567
93610
1234567
93612
1234567
93614
1234567
93616
1234567
93618
1234567
93620
1234567
93622
1234567
93624
1234567
93626
1234567
93628
1234567
93630
1234567
93632
1234567
93634
1234567
93636
1234567
93638
1234567
93640
1234567
93642
1234567
93644
1234567
93646
1234567
93648
1234567
93650
1234567
93652
1234567
93654
1234567
93656
1234567
93658
1234567
93660
1234567
93662
1234567
93664
1234567
93666
1234567
93668
1234567
93670
1234567
93672
1234567
93674
1234567
93676
1234567
93678
1234567
93680
1234567
93682
1234567
93684
1234567
93686
1234567
93688
1234567
93690
1234567
93692
1234567
93694
1234567
93696
1234567
93698
1234567
93700
1234567
93702
1234567
93704
1234567
93706
1234567
93708
1234567
93710
1234567
93712
1234567
93714
1234567
93716
1234567
93718
1234567
93720
1234567
93722
1234567
93724
1234567
93726
1234567
93728
1234567
93730
1234567
93732
1234567
93734
1234567
93736
1234567
93738
1234567
93740
1234567
93742
1234567
93744
1234567
93746
1234567
93748
1234567
93750
1234567
93752
1234567
93754
1234567
93756
1234567
93758
1234567
93760
1234567
93762
1234567
93764
1234567
93766
1234567
93768
1234567
93770
1234567
93772
1234567
93774
1234567
93776
1234567
93778
1234567
93780
1234567
93782
1234567
93784
1234567
93786
1234567
93788
1234567
93790
1234567
93792
1234567
93794
1234567
93796
1234567
93798
1234567
93800
1234567
93802
1234567
93804
1234567
93806
1234567
93808
1234567
93810
1234567
93812
1234567
93814
1234567
93816
1234567
93818
1234567
93820
1234567
93822
1234567
93824
1234567
93826
1234567
93828
1234567
93830
1234567
93832
1234567
93834
1234567
93836
1234567
93838
1234567
93840
1234567
93842
1234567
93844
1234567
93846
1234567
93848
1234567
93850
1234567
93852
1234567
93854
1234567
93856
1234567
93858
1234567
93860
1234567
93862
1234567
93864
1234567
93866
1234567
93868
1234567
93870
1234567
93872
1234567
93874
1234567
93876
1234567
93878
1234567
93880
1234567
93882
1234567
93884
1234567
93886
1234567
93888
1234567
93890
1234567
93892
1234567
93894
1234567
93896
1234567
93898
1234567
93900
1234567
93902
1234567
93904
1234567
93906
1234567
93908
1234567
93910
1234567
93912
1234567
93914
1234567
93916
1234567
93918
1234567
93920
1234567
93922
1234567
93924
1234567
93926
1234567
93928
1234567
93930
1234567
93932
1234567
93934
1234567
93936
1234567
93938
1234567
93940
1234567
93942
1234567
93944
1234567
93946
1234567
93948
1234567
93950
1234567
93952
1234567
93954
1234567
93956
1234567
93958
1234567
93960
1234567
93962
1234567
93964
1234567
93966
1234567
93968
1234567
93970
1234567
93972
1234567
93974
1234567
93976
1234567
93978
1234567
93980
1234567
93982
1234567
93984
1234567
93986
1234567
93988
1234567
93990
1234567
93992
1234567
93994
1234567
93996
1234567
93998
1234567
94000
1234567
94002
1234567
94004
1234567
94006
1234567
94008
1234567
94010
1234567
94012
1234567
94014
1234567
94016
1234567
94018
1234567
94020
1234567
94022
1234567
94024
1234567
94026
1234567
94028
1234567
94030
1234567
94032
1234567
94034
1234567
94036
1234567
94038
1234567
94040
1234567
94042
1234567
94044
1234567
94046
1234567
94048
1234567
94050
1234567
94052
1234567
94054
1234567
94056
1234567
94058
1234567
94060
1234567
94062
1234567
94064
1234567
94066
1234567
94068
1234567
94070
1234567
94072
1234567
94074
1234567
94076
1234567
94078
1234567
94080
1234567
94082
1234567
94084
1234567
94086
1234567
94088
1234567
94090
1234567
94092
1234567
94094
1234567
94096
1234567
94098
1234567
94100
1234567
94102
1234567
94104
1234567
94106
1234567
94108
1234567
94110
1234567
94112
1234567
94114
1234567
94116
1234567
94118
1234567
94120
1234567
94122
1234567
94124
1234567
94126
1234567
94128
1234567
94130
1234567
94132
1234567
94134
1234567
94136
1234567
94138
1234567
94140
1234567
94142
1234567
94144
1234567
94146
1234567
94148
1234567
94150
1234567
94152
1234567
94154
1234567
94156
1234567
94158
1234567
94160
1234567
94162
1234567
94164
1234567
94166
1234567
94168
1234567
94170
1234567
94172
1234567
94174
1234567
94176
1234567
94178
1234567
94180
1234567
94182
1234567
94184
1234567
94186
1234567
94188
1234567
94190
1234567
94192
1234567
94194
1234567
94196
1234567
94198
1234567
94200
1234567
94202
1234567
94204
1234567
94206
1234567
94208
1234567
94210
1234567
94212
1234567
94214
1234567
94216
1234567
94218
1234567
94220
1234567
94222
1234567
94224
1234567
94226
1234567
94228
1234567
94230
1234567
94232
1234567
94234
1234567
94236
1234567
94238
1234567
94240
1234567
94242
1234567
94244
1234567
94246
1234567
94248
1234567
94250
1234567
94252
1234567
94254
1234567
94256
1234567
94258
1234567
94260
1234567
94262
1234567
94264
1234567
94266
1234567
94268
1234567
94270
1234567
94272
1234567
94274
1234567
94276
1234567
94278
1234567
94280
1234567
94282
1234567
94284
1234567
94286
1234567
94288
1234567
94290
1234567
94292
1234567
94294
1234567
94296
1234567
94298
1234567
94300
1234567
94302
1234567
94304
1234567
94306
1234567
94308
1234567
94310
1234567
94312
1234567
94314
1234567
94316
1234567
94318
1234567
94320
1234567
94322
1234567
94324
1234567
94326
1234567
94328
1234567
94330
1234567
94332
1234567
94334
1234567
94336
1234567
94338
1234567
94340
1234567
94342
1234567
94344
1234567
94346
1234567
94348
1234567
94350
1234567
94352
1234567
94354
1234567
94356
1234567
94358
1234567
94360
1234567
94362
1234567
94364
1234567
94366
1234567
94368
1234567
94370
1234567
94372
1234567
94374
1234567
94376
1234567
94378
1234567
94380
1234567
94382
1234567
94384
1234567
94386
1234567
94388
1234567
94390
1234567
94392
1234567
94394
1234567
94396
1234567
94398
1234567
94400
1234567
94402
1234567
94404
1234567
94406
1234567
94408
1234567
94410
1234567
94412
1234567
94414
1234567
94416
1234567
94418
1234567
94420
1234567
94422
1234567
94424
1234567
94426
1234567
94428
1234567
94430
1234567
94432
1234567
94434
1234567
94436
1234567
94438
1234567
94440
1234567
94442
1234567
94444
1234567
94446
1234567
94448
1234567
94450
1234567
94452
1234567
94454
1234567
94456
1234567
94458
1234567
94460
1234567
94462
1234567
94464
1234567
94466
1234567
94468
1234567
94470
1234567
94472
1234567
94474
1234567
94476
1234567
94478
1234567
94480
1234567
94482
1234567
94484
1234567
94486
1234567
94488
1234567
94490
1234567
94492
1234567
94494
1234567
94496
1234567
94498
1234567
94500
1234567
94502
1234567
94504
1234567
94506
1234567
94508
1234567
94510
1234567
94512
1234567
94514
1234567
94516
1234567
94518
1234567
94520
1234567
94522
1234567
94524
1234567
94526
1234567
94528
1234567
94530
1234567
94532
1234567
94534
1234567
94536
1234567
94538
1234567
94540
1234567
94542
1234567
94544
1234567
94546
1234567
94548
1234567
94550
1234567
94552
1234567
94554
1234567
94556
1234567
94558
1234567
94560
1234567
94562
1234567
94564
1234567
94566
1234567
94568
1234567
94570
1234567
94572
1234567
94574
1234567
94576
1234567
94578
1234567
94580
1234567
94582
1234567
94584
1234567
94586
1234567
94588
1234567
94590
1234567
94592
1234567
94594
1234567
94596
1234567
94598
1234567
94600
1234567
94602
1234567
94604
1234567
94606
1234567
94608
1234567
94610
1234567
94612
1234567
94614
1234567
94616
1234567
94618
1234567
94620
1234567
94622
1234567
94624
1234567
94626
1234567
94628
1234567
94630
1234567
94632
1234567
94634
1234567
94636
1234567
94638
1234567
94640
1234567
94642
1234567
94644
1234567
94646
1234567
94648
1234567
94650
1234567
94652
1234567
94654
1234567
94656
1234567
94658
1234567
94660
1234567
94662
1234567
94664
1234567
94666
1234567
94668
1234567
94670
1234567
94672
1234567
94674
1234567
94676
1234567
94678
1234567
94680
1234567
94682
1234567
94684
1234567
94686
1234567
94688
1234567
94690
1234567
94692
1234567
94694
1234567
94696
1234567
94698
1234567
94700
1234567
94702
1234567
94704
1234567
94706
1234567
94708
1234567
94710
1234567
94712
1234567
94714
1234567
94716
1234567
94718
1234567
94720
1234567
94722
1234567
94724
1234567
94726
1234567
94728
1234567
94730
1234567
94732
1234567
94734
1234567
94736
1234567
94738
1234567
94740
1234567
94742
1234567
94744
1234567
94746
1234567
94748
1234567
94750
1234567
94752
1234567
94754
1234567
94756
1234567
94758
1234567
94760
1234567
94762
1234567
94764
1234567
94766
1234567
94768
1234567
94770
1234567
94772
1234567
94774
1234567
94776
1234567
94778
1234567
94780
1234567
94782
1234567
94784
1234567
94786
1234567
94788
1234567
94790
1234567
94792
1234567
94794
1234567
94796
1234567
94798
1234567
94800
1234567
94802
1234567
94804
1234567
94806
1234567
94808
1234567
94810
1234567
94812
1234567
94814
1234567
94816
1234567
94818
1234567
94820
1234567
94822
1234567
94824
1234567
94826
1234567
94828
1234567
94830
1234567
94832
1234567
94834
1234567
94836
1234567
94838
1234567
94840
1234567
94842
1234567
94844
1234567
94846
1234567
94848
1234567
94850
1234567
94852
1234567
94854
1234567
94856
1234567
94858
1234567
94860
1234567
94862
1234567
94864
1234567
94866
1234567
94868
1234567
94870
1234567
94872
1234567
94874
1234567
94876
1234567
94878
1234567
94880
1234567
94882
1234567
94884
1234567
94886
1234567
94888
1234567
94890
1234567
94892
1234567
94894
1234567
94896
1234567
94898
1234567
94900
1234567
94902
1234567
94904
1234567
94906
1234567
94908
1234567
94910
1234567
94912
1234567
94914
1234567
94916
1234567
94918
1234567
94920
1234567
94922
1234567
94924
1234567
94926
1234567
94928
1234567
94930
1234567
94932
1234567
94934
1234567
94936
1234567
94938
1234567
94940
1234567
94942
1234567
94944
1234567
94946
1234567
94948
1234567
94950
1234567
94952
1234567
94954
1234567
94956
1234567
94958
1234567
94960
1234567
94962
1234567
94964
1234567
94966
1234567
94968
1234567
94970
1234567
94972
1234567
94974
1234567
94976
1234567
94978
1234567
94980
1234567
94982
1234567
94984
1234567
94986
1234567
94988
1234567
94990
1234567
94992
1234567
94994
1234567
94996
1234567
94998
1234567
95000
1234567
95002
1234567
95004
1234567
95006
1234567
95008
1234567
95010
1234567
95012
1234567
95014
1234567
95016
1234567
95018
1234567
95020
1234567
95022
1234567
95024
1234567
95026
1234567
95028
1234567
95030
1234567
95032
1234567
95034
1234567
95036
1234567
95038
1234567
95040
1234567
95042
1234567
95044
1234567
95046
1234567
95048
1234567
95050
1234567
95052
1234567
95054
1234567
95056
1234567
95058
1234567
95060
1234567
95062
1234567
95064
1234567
95066
1234567
95068
1234567
95070
1234567
95072
1234567
95074
1234567
95076
1234567
95078
1234567
95080
1234567
95082
1234567
95084
1234567
95086
1234567
95088
1234567
95090
1234567
95092
1234567
95094
1234567
95096
1234567
95098
1234567
95100
1234567
95102
1234567
95104
1234567
95106
1234567
95108
1234567
95110
1234567
95112
1234567
95114
1234567
95116
1234567
95118
1234567
95120
1234567
95122
1234567
95124
1234567
95126
1234567
95128
1234567
95130
1234567
95132
1234567
95134
1234567
95136
1234567
95138
1234567
95140
1234567
95142
1234567
95144
1234567
95146
1234567
95148
1234567
95150
1234567
95152
1234567
95154
1234567
95156
1234567
95158
1234567
95160
1234567
95162
1234567
95164
1234567
95166
1234567
95168
1234567
95170
1234567
95172
1234567
95174
1234567
95176
1234567
95178
1234567
95180
1234567
95182
1234567
95184
1234567
95186
1234567
95188
1234567
95190
1234567
95192
1234567
95194
1234567
95196
1234567
95198
1234567
95200
1234567
95202
1234567
95204
1234567
95206
1234567
95208
1234567
95210
1234567
95212
1234567
95214
1234567
95216
1234567
95218
1234567
95220
1234567
95222
1234567
95224
1234567
95226
1234567
95228
1234567
95230
1234567
95232
1234567
95234
1234567
95236
1234567
95238
1234567
95240
1234567
95242
1234567
95244
1234567
95246
1234567
95248
1234567
95250
1234567
95252
1234567
95254
1234567
95256
1234567
95258
1234567
95260
1234567
95262
1234567
95264
1234567
95266
1234567
95268
1234567
95270
1234567
95272
1234567
95274
1234567
95276
1234567
95278
1234567
95280
1234567
95282
1234567
95284
1234567
95286
1234567
95288
1234567
95290
1234567
95292
1234567
95294
1234567
95296
1234567
95298
1234567
95300
1234567
95302
1234567
95304
1234567
95306
1234567
95308
1234567
95310
1234567
95312
1234567
95314
1234567
95316
1234567
95318
1234567
95320
1234567
95322
1234567
95324
1234567
95326
1234567
95328
1234567
95330
1234567
95332
1234567
95334
1234567
95336
1234567
95338
1234567
95340
1234567
95342
1234567
95344
1234567
95346
1234567
95348
1234567
95350
1234567
95352
1234567
95354
1234567
95356
1234567
95358
1234567
95360
1234567
95362
1234567
95364
1234567
95366
1234567
95368
1234567
95370
1234567
95372
1234567
95374
1234567
95376
1234567
95378
1234567
95380
1234567
95382
1234567
95384
1234567
95386
1234567
95388
1234567
95390
1234567
95392
1234567
95394
1234567
95396
1234567
95398
1234567
95400
1234567
95402
1234567
95404
1234567
95406
1234567
95408
1234567
95410
1234567
95412
1234567
95414
1234567
95416
1234567
95418
1234567
95420
1234567
95422
1234567
95424
1234567
95426
1234567
95428
1234567
95430
1234567
95432
1234567
95434
1234567
95436
1234567
95438
1234567
95440
1234567
95442
1234567
95444
1234567
95446
1234567
95448
1234567
95450
1234567
95452
1234567
95454
1234567
95456
1234567
95458
1234567
95460
1234567
95462
1234567
95464
1234567
95466
1234567
95468
1234567
95470
1234567
95472
1234567
95474
1234567
95476
1234567
95478
1234567
95480
1234567
95482
1234567
95484
1234567
95486
1234567
95488
1234567
95490
1234567
95492
1234567
95494
1234567
95496
1234567
95498
1234567
95500
1234567
95502
1234567
95504
1234567
95506
1234567
95508
1234567
95510
1234567
95512
1234567
95514
1234567
95516
1234567
95518
1234567
95520
1234567
95522
1234567
95524
1234567
95526
1234567
95528
1234567
95530
1234567
95532
1234567
95534
1234567
95536
1234567
95538
1234567
95540
1234567
95542
1234567
95544
1234567
95546
1234567
95548
1234567
95550
1234567
95552
1234567
95554
1234567
95556
1234567
95558
1234567
95560
1234567
95562
1234567
95564
1234567
95566
1234567
95568
1234567
95570
1234567
95572
1234567
95574
1234567
95576
1234567
95578
1234567
95580
1234567
95582
1234567
95584
1234567
95586
1234567
95588
1234567
95590
1234567
95592
1234567
95594
1234567
95596
1234567
95598
1234567
95600
1234567
95602
1234567
95604
1234567
95606
1234567
95608
1234567
95610
1234567
95612
1234567
95614
1234567
95616
1234567
95618
1234567
95620
1234567
95622
1234567
95624
1234567
95626
1234567
95628
1234567
95630
1234567
95632
1234567
95634
1234567
95636
1234567
95638
1234567
95640
1234567
95642
1234567
95644
1234567
95646
1234567
95648
1234567
95650
1234567
95652
1234567
95654
1234567
95656
1234567
95658
1234567
95660
1234567
95662
1234567
95664
1234567
95666
1234567
95668
1234567
95670
1234567
95672
1234567
95674
1234567
95676
1234567
95678
1234567
95680
1234567
95682
1234567
95684
1234567
95686
1234567
95688
1234567
95690
1234567
95692
1234567
95694
1234567
95696
1234567
95698
1234567
95700
1234567
95702
1234567
95704
1234567
95706
1234567
95708
1234567
95710
1234567
95712
1234567
95714
1234567
95716
1234567
95718
1234567
95720
1234567
95722
1234567
95724
1234567
95726
1234567
95728
1234567
95730
1234567
95732
1234567
95734
1234567
95736
1234567
95738
1234567
95740
1234567
95742
1234567
95744
1234567
95746
1234567
95748
1234567
95750
1234567
95752
1234567
95754
1234567
95756
1234567
95758
1234567
95760
1234567
95762
1234567
95764
1234567
95766
1234567
95768
1234567
95770
1234567
95772
1234567
95774
1234567
95776
1234567
95778
1234567
95780
1234567
95782
1234567
95784
1234567
95786
1234567
95788
1234567
95790
1234567
95792
1234567
95794
1234567
95796
1234567
95798
1234567
95800
1234567
95802
1234567
95804
1234567
95806
1234567
95808
1234567
95810
1234567
95812
1234567
95814
1234567
95816
1234567
95818
1234567
95820
1234567
95822
1234567
95824
1234567
95826
1234567
95828
1234567
95830
1234567
95832
1234567
95834
1234567
95836
1234567
95838
1234567
95840
1234567
95842
1234567
95844
1234567
95846
1234567
95848
1234567
95850
1234567
95852
1234567
95854
1234567
95856
1234567
95858
1234567
95860
1234567
95862
1234567
95864
1234567
95866
1234567
95868
1234567
95870
1234567
95872
1234567
95874
1234567
95876
1234567
95878
1234567
95880
1234567
95882
1234567
95884
1234567
95886
1234567
95888
1234567
95890
1234567
95892
1234567
95894
1234567
95896
1234567
95898
1234567
95900
1234567
95902
1234567
95904
1234567
95906
1234567
95908
1234567
95910
1234567
95912
1234567
95914
1234567
95916
1234567
95918
1234567
95920
1234567
95922
1234567
95924
1234567
95926
1234567
95928
1234567
95930
1234567
95932
1234567
95934
1234567
95936
1234567
95938
1234567
95940
1234567
95942
1234567
95944
1234567
95946
1234567
95948
1234567
95950
1234567
95952
1234567
95954
1234567
95956
1234567
95958
1234567
95960
1234567
95962
1234567
95964
1234567
95966
1234567
95968
1234567
95970
1234567
95972
1234567
95974
1234567
95976
1234567
95978
1234567
95980
1234567
95982
1234567
95984
1234567
95986
1234567
95988
1234567
95990
1234567
95992
1234567
95994
1234567
95996
1234567
95998
1234567
96000
1234567
96002
1234567
96004
1234567
96006
1234567
96008
1234567
96010
1234567
96012
1234567
96014
1234567
96016
1234567
96018
1234567
96020
1234567
96022
1234567
96024
1234567
96026
1234567
96028
1234567
96030
1234567
96032
1234567
96034
1234567
96036
1234567
96038
1234567
96040
1234567
96042
1234567
96044
1234567
96046
1234567
96048
1234567
96050
1234567
96052
1234567
96054
1234567
96056
1234567
96058
1234567
96060
1234567
96062
1234567
96064
1234567
96066
1234567
96068
1234567
96070
1234567
96072
1234567
96074
1234567
96076
1234567
96078
1234567
96080
1234567
96082
1234567
96084
1234567
96086
1234567
96088
1234567
96090
1234567
96092
1234567
96094
1234567
96096
1234567
96098
1234567
96100
1234567
96102
1234567
96104
1234567
96106
1234567
96108
1234567
96110
1234567
96112
1234567
96114
1234567
96116
1234567
96118
1234567
96120
1234567
96122
1234567
96124
1234567
96126
1234567
96128
1234567
96130
1234567
96132
1234567
96134
1234567
96136
1234567
96138
1234567
96140
1234567
96142
1234567
96144
1234567
96146
1234567
96148
1234567
96150
1234567
96152
1234567
96154
1234567
96156
1234567
96158
1234567
96160
1234567
96162
1234567
96164
1234567
96166
1234567
96168
1234567
96170
1234567
96172
1234567
96174
1234567
96176
1234567
96178
1234567
96180
1234567
96182
1234567
96184
1234567
96186
1234567
96188
1234567
96190
1234567
96192
1234567
96194
1234567
96196
1234567
96198
1234567
96200
1234567
96202
1234567
96204
1234567
96206
1234567
96208
1234567
96210
1234567
96212
1234567
96214
1234567
96216
1234567
96218
1234567
96220
1234567
96222
1234567
96224
1234567
96226
1234567
96228
1234567
96230
1234567
96232
1234567
96234
1234567
96236
1234567
96238
1234567
96240
1234567
96242
1234567
96244
1234567
96246
1234567
96248
1234567
96250
1234567
96252
1234567
96254
1234567
96256
1234567
96258
1234567
96260
1234567
96262
1234567
96264
1234567
96266
1234567
96268
1234567
96270
1234567
96272
1234567
96274
1234567
96276
1234567
96278
1234567
96280
1234567
96282
1234567
96284
1234567
96286
1234567
96288
1234567
96290
1234567
96292
1234567
96294
1234567
96296
1234567
96298
1234567
96300
1234567
96302
1234567
96304
1234567
96306
1234567
96308
1234567
96310
1234567
96312
1234567
96314
1234567
96316
1234567
96318
1234567
96320
1234567
96322
1234567
96324
1234567
96326
1234567
96328
1234567
96330
1234567
96332
1234567
96334
1234567
96336
1234567
96338
1234567
96340
1234567
96342
1234567
96344
1234567
96346
1234567
96348
1234567
96350
1234567
96352
1234567
96354
1234567
96356
1234567
96358
1234567
96360
1234567
96362
1234567
96364
1234567
96366
1234567
96368
1234567
96370
1234567
96372
1234567
96374
1234567
96376
1234567
96378
1234567
96380
1234567
96382
1234567
96384
1234567
96386
1234567
96388
1234567
96390
1234567
96392
1234567
96394
1234567
96396
1234567
96398
1234567
96400
1234567
96402
1234567
96404
1234567
96406
1234567
96408
1234567
96410
1234567
96412
1234567
96414
1234567
96416
1234567
96418
1234567
96420
1234567
96422
1234567
96424
1234567
96426
1234567
96428
1234567
96430
1234567
96432
1234567
96434
1234567
96436
1234567
96438
1234567
96440
1234567
96442
1234567
96444
1234567
96446
1234567
96448
1234567
96450
1234567
96452
1234567
96454
1234567
96456
1234567
96458
1234567
96460
1234567
96462
1234567
96464
1234567
96466
1234567
96468
1234567
96470
1234567
96472
1234567
96474
1234567
96476
1234567
96478
1234567
96480
1234567
96482
1234567
96484
1234567
96486
1234567
96488
1234567
96490
1234567
96492
1234567
96494
1234567
96496
1234567
96498
1234567
96500
1234567
96502
1234567
96504
1234567
96506
1234567
96508
1234567
96510
1234567
96512
1234567
96514
1234567
96516
1234567
96518
1234567
96520
1234567
96522
1234567
96524
1234567
96526
1234567
96528
1234567
96530
1234567
96532
1234567
96534
1234567
96536
1234567
96538
1234567
96540
1234567
96542
1234567
96544
1234567
96546
1234567
96548
1234567
96550
1234567
96552
1234567
96554
1234567
96556
1234567
96558
1234567
96560
1234567
96562
1234567
96564
1234567
96566
1234567
96568
1234567
96570
1234567
96572
1234567
96574
1234567
96576
1234567
96578
1234567
96580
1234567
96582
1234567
96584
1234567
96586
1234567
96588
1234567
96590
1234567
96592
1234567
96594
1234567
96596
1234567
96598
1234567
96600
1234567
96602
1234567
96604
1234567
96606
1234567
96608
1234567
96610
1234567
96612
1234567
96614
1234567
96616
1234567
96618
1234567
96620
1234567
96622
1234567
96624
1234567
96626
1234567
96628
1234567
96630
1234567
96632
1234567
96634
1234567
96636
1234567
96638
1234567
96640
1234567
96642
1234567
96644
1234567
96646
1234567
96648
1234567
96650
1234567
96652
1234567
96654
1234567
96656
1234567
96658
1234567
96660
1234567
96662
1234567
96664
1234567
96666
1234567
96668
1234567
96670
1234567
96672
1234567
96674
1234567
96676
1234567
96678
1234567
96680
1234567
96682
1234567
96684
1234567
96686
1234567
96688
1234567
96690
1234567
96692
1234567
96694
1234567
96696
1234567
96698
1234567
96700
1234567
96702
1234567
96704
1234567
96706
1234567
96708
1234567
96710
1234567
96712
1234567
96714
1234567
96716
1234567
96718
1234567
96720
1234567
96722
1234567
96724
1234567
96726
1234567
96728
1234567
96730
1234567
96732
1234567
96734
1234567
96736
1234567
96738
1234567
96740
1234567
96742
1234567
96744
1234567
96746
1234567
96748
1234567
96750
1234567
96752
1234567
96754
1234567
96756
1234567
96758
1234567
96760
1234567
96762
1234567
96764
1234567
96766
1234567
96768
1234567
96770
1234567
96772
1234567
96774
1234567
96776
1234567
96778
1234567
96780
1234567
96782
1234567
96784
1234567
96786
1234567
96788
1234567
96790
1234567
96792
1234567
96794
1234567
96796
1234567
96798
1234567
96800
1234567
96802
1234567
96804
1234567
96806
1234567
96808
1234567
96810
1234567
96812
1234567
96814
1234567
96816
1234567
96818
1234567
96820
1234567
96822
1234567
96824
1234567
96826
1234567
96828
1234567
96830
1234567
96832
1234567
96834
1234567
96836
1234567
96838
1234567
96840
1234567
96842
1234567
96844
1234567
96846
1234567
96848
1234567
96850
1234567
96852
1234567
96854
1234567
96856
1234567
96858
1234567
96860
1234567
96862
1234567
96864
1234567
96866
1234567
96868
1234567
96870
1234567
96872
1234567
96874
1234567
96876
1234567
96878
1234567
96880
1234567
96882
1234567
96884
1234567
96886
1234567
96888
1234567
96890
1234567
96892
1234567
96894
1234567
96896
1234567
96898
1234567
96900
1234567
96902
1234567
96904
1234567
96906
1234567
96908
1234567
96910
1234567
96912
1234567
96914
1234567
96916
1234567
96918
1234567
96920
1234567
96922
1234567
96924
1234567
96926
1234567
96928
1234567
96930
1234567
96932
1234567
96934
1234567
96936
1234567
96938
1234567
96940
1234567
96942
1234567
96944
1234567
96946
1234567
96948
1234567
96950
1234567
96952
1234567
96954
1234567
96956
1234567
96958
1234567
96960
1234567
96962
1234567
96964
1234567
96966
1234567
96968
1234567
96970
1234567
96972
1234567
96974
1234567
96976
1234567
96978
1234567
96980
1234567
96982
1234567
96984
1234567
96986
1234567
96988
1234567
96990
1234567
96992
1234567
96994
1234567
96996
1234567
96998
1234567
97000
1234567
97002
1234567
97004
1234567
97006
1234567
97008
1234567
97010
1234567
97012
1234567
97014
1234567
97016
1234567
97018
1234567
97020
1234567
97022
1234567
97024
1234567
97026
1234567
97028
1234567
97030
1234567
97032
1234567
97034
1234567
97036
1234567
97038
1234567
97040
1234567
97042
1234567
97044
1234567
97046
1234567
97048
1234567
97050
1234567
97052
1234567
97054
1234567
97056
1234567
97058
1234567
97060
1234567
97062
1234567
97064
1234567
97066
1234567
97068
1234567
97070
1234567
97072
1234567
97074
1234567
97076
1234567
97078
1234567
97080
1234567
97082
1234567
97084
1234567
97086
1234567
97088
1234567
97090
1234567
97092
1234567
97094
1234567
97096
1234567
97098
1234567
97100
1234567
97102
1234567
97104
1234567
97106
1234567
97108
1234567
97110
1234567
97112
1234567
97114
1234567
97116
1234567
97118
1234567
97120
1234567
97122
1234567
97124
1234567
97126
1234567
97128
1234567
97130
1234567
97132
1234567
97134
1234567
97136
1234567
97138
1234567
97140
1234567
97142
1234567
97144
1234567
97146
1234567
97148
1234567
97150
1234567
97152
1234567
97154
1234567
97156
1234567
97158
1234567
97160
1234567
97162
1234567
97164
1234567
97166
1234567
97168
1234567
97170
1234567
97172
1234567
97174
1234567
97176
1234567
97178
1234567
97180
1234567
97182
1234567
97184
1234567
97186
1234567
97188
1234567
97190
1234567
97192
1234567
97194
1234567
97196
1234567
97198
1234567
97200
1234567
97202
1234567
97204
1234567
97206
1234567
97208
1234567
97210
1234567
97212
1234567
97214
1234567
97216
1234567
97218
1234567
97220
1234567
97222
1234567
97224
1234567
97226
1234567
97228
1234567
97230
1234567
97232
1234567
97234
1234567
97236
1234567
97238
1234567
97240
1234567
97242
1234567
97244
1234567
97246
1234567
97248
1234567
97250
1234567
97252
1234567
97254
1234567
97256
1234567
97258
1234567
97260
1234567
97262
1234567
97264
1234567
97266
1234567
97268
1234567
97270
1234567
97272
1234567
97274
1234567
97276
1234567
97278
1234567
97280
1234567
97282
1234567
97284
1234567
97286
1234567
97288
1234567
97290
1234567
97292
1234567
97294
1234567
97296
1234567
97298
1234567
97300
1234567
97302
1234567
97304
1234567
97306
1234567
97308
1234567
97310
1234567
97312
1234567
97314
1234567
97316
1234567
97318
1234567
97320
1234567
97322
1234567
97324
1234567
97326
1234567
97328
1234567
97330
1234567
97332
1234567
97334
1234567
97336
1234567
97338
1234567
97340
1234567
97342
1234567
97344
1234567
97346
1234567
97348
1234567
97350
1234567
97352
1234567
97354
1234567
97356
1234567
97358
1234567
97360
1234567
97362
1234567
97364
1234567
97366
1234567
97368
1234567
97370
1234567
97372
1234567
97374
1234567
97376
1234567
97378
1234567
97380
1234567
97382
1234567
97384
1234567
97386
1234567
97388
1234567
97390
1234567
97392
1234567
97394
1234567
97396
1234567
97398
1234567
97400
1234567
97402
1234567
97404
1234567
97406
1234567
97408
1234567
97410
1234567
97412
1234567
97414
1234567
97416
1234567
97418
1234567
97420
1234567
97422
1234567
97424
1234567
97426
1234567
97428
1234567
97430
1234567
97432
1234567
97434
1234567
97436
1234567
97438
1234567
97440
1234567
97442
1234567
97444
1234567
97446
1234567
97448
1234567
97450
1234567
97452
1234567
97454
1234567
97456
1234567
97458
1234567
97460
1234567
97462
1234567
97464
1234567
97466
1234567
97468
1234567
97470
1234567
97472
1234567
97474
1234567
97476
1234567
97478
1234567
97480
1234567
97482
1234567
97484
1234567
97486
1234567
97488
1234567
97490
1234567
97492
1234567
97494
1234567
97496
1234567
97498
1234567
97500
1234567
97502
1234567
97504
1234567
97506
1234567
97508
1234567
97510
1234567
97512
1234567
97514
1234567
97516
1234567
97518
1234567
97520
1234567
97522
1234567
97524
1234567
97526
1234567
97528
1234567
97530
1234567
97532
1234567
97534
1234567
97536
1234567
97538
1234567
97540
1234567
97542
1234567
97544
1234567
97546
1234567
97548
1234567
97550
1234567
97552
1234567
97554
1234567
97556
1234567
97558
1234567
97560
1234567
97562
1234567
97564
1234567
97566
1234567
97568
1234567
97570
1234567
97572
1234567
97574
1234567
97576
1234567
97578
1234567
97580
1234567
97582
1234567
97584
1234567
97586
1234567
97588
1234567
97590
1234567
97592
1234567
97594
1234567
97596
1234567
97598
1234567
97600
1234567
97602
1234567
97604
1234567
97606
1234567
97608
1234567
97610
1234567
97612
1234567
97614
1234567
97616
1234567
97618
1234567
97620
1234567
97622
1234567
97624
1234567
97626
1234567
97628
1234567
97630
1234567
97632
1234567
97634
1234567
97636
1234567
97638
1234567
97640
1234567
97642
1234567
97644
1234567
97646
1234567
97648
1234567
97650
1234567
97652
1234567
97654
1234567
97656
1234567
97658
1234567
97660
1234567
97662
1234567
97664
1234567
97666
1234567
97668
1234567
97670
1234567
97672
1234567
97674
1234567
97676
1234567
97678
1234567
97680
1234567
97682
1234567
97684
1234567
97686
1234567
97688
1234567
97690
1234567
97692
1234567
97694
1234567
97696
1234567
97698
1234567
97700
1234567
97702
1234567
97704
1234567
97706
1234567
97708
1234567
97710
1234567
97712
1234567
97714
1234567
97716
1234567
97718
1234567
97720
1234567
97722
1234567
97724
1234567
97726
1234567
97728
1234567
97730
1234567
97732
1234567
97734
1234567
97736
1234567
97738
1234567
97740
1234567
97742
1234567
97744
1234567
97746
1234567
97748
1234567
97750
1234567
97752
1234567
97754
1234567
97756
1234567
97758
1234567
97760
1234567
97762
1234567
97764
1234567
97766
1234567
97768
1234567
97770
1234567
97772
1234567
97774
1234567
97776
1234567
97778
1234567
97780
1234567
97782
1234567
97784
1234567
97786
1234567
97788
1234567
97790
1234567
97792
1234567
97794
1234567
97796
1234567
97798
1234567
97800
1234567
97802
1234567
97804
1234567
97806
1234567
97808
1234567
97810
1234567
97812
1234567
97814
1234567
97816
1234567
97818
1234567
97820
1234567
97822
1234567
97824
1234567
97826
1234567
97828
1234567
97830
1234567
97832
1234567
97834
1234567
97836
1234567
97838
1234567
97840
1234567
97842
1234567
97844
1234567
97846
1234567
97848
1234567
97850
1234567
97852
1234567
97854
1234567
97856
1234567
97858
1234567
97860
1234567
97862
1234567
97864
1234567
97866
1234567
97868
1234567
97870
1234567
97872
1234567
97874
1234567
97876
1234567
97878
1234567
97880
1234567
97882
1234567
97884
1234567
97886
1234567
97888
1234567
97890
1234567
97892
1234567
97894
1234567
97896
1234567
97898
1234567
97900
1234567
97902
1234567
97904
1234567
97906
1234567
97908
1234567
97910
1234567
97912
1234567
97914
1234567
97916
1234567
97918
1234567
97920
1234567
97922
1234567
97924
1234567
97926
1234567
97928
1234567
97930
1234567
97932
1234567
97934
1234567
97936
1234567
97938
1234567
97940
1234567
97942
1234567
97944
1234567
97946
1234567
97948
1234567
97950
1234567
97952
1234567
97954
1234567
97956
1234567
97958
1234567
97960
1234567
97962
1234567
97964
1234567
97966
1234567
97968
1234567
97970
1234567
97972
1234567
97974
1234567
97976
1234567
97978
1234567
97980
1234567
97982
1234567
97984
1234567
97986
1234567
97988
1234567
97990
1234567
97992
1234567
97994
1234567
97996
1234567
97998
1234567
98000
1234567
98002
1234567
98004
1234567
98006
1234567
98008
1234567
98010
1234567
98012
1234567
98014
1234567
98016
1234567
98018
1234567
98020
1234567
98022
1234567
98024
1234567
98026
1234567
98028
1234567
98030
1234567
98032
1234567
98034
1234567
98036
1234567
98038
1234567
98040
1234567
98042
1234567
98044
1234567
98046
1234567
98048
1234567
98050
1234567
98052
1234567
98054
1234567
98056
1234567
98058
1234567
98060
1234567
98062
1234567
98064
1234567
98066
1234567
98068
1234567
98070
1234567
98072
1234567
98074
1234567
98076
1234567
98078
1234567
98080
1234567
98082
1234567
98084
1234567
98086
1234567
98088
1234567
98090
1234567
98092
1234567
98094
1234567
98096
1234567
98098
1234567
98100
1234567
98102
1234567
98104
1234567
98106
1234567
98108
1234567
98110
1234567
98112
1234567
98114
1234567
98116
1234567
98118
1234567
98120
1234567
98122
1234567
98124
1234567
98126
1234567
98128
1234567
98130
1234567
98132
1234567
98134
1234567
98136
1234567
98138
1234567
98140
1234567
98142
1234567
98144
1234567
98146
1234567
98148
1234567
98150
1234567
98152
1234567
98154
1234567
98156
1234567
98158
1234567
98160
1234567
98162
1234567
98164
1234567
98166
1234567
98168
1234567
98170
1234567
98172
1234567
98174
1234567
98176
1234567
98178
1234567
98180
1234567
98182
1234567
98184
1234567
98186
1234567
98188
1234567
98190
1234567
98192
1234567
98194
1234567
98196
1234567
98198
1234567
98200
1234567
98202
1234567
98204
1234567
98206
1234567
98208
1234567
98210
1234567
98212
1234567
98214
1234567
98216
1234567
98218
1234567
98220
1234567
98222
1234567
98224
1234567
98226
1234567
98228
1234567
98230
1234567
98232
1234567
98234
1234567
98236
1234567
98238
1234567
98240
1234567
98242
1234567
98244
1234567
98246
1234567
98248
1234567
98250
1234567
98252
1234567
98254
1234567
98256
1234567
98258
1234567
98260
1234567
98262
1234567
98264
1234567
98266
1234567
98268
1234567
98270
1234567
98272
1234567
98274
1234567
98276
1234567
98278
1234567
98280
1234567
98282
1234567
98284
1234567
98286
1234567
98288
1234567
98290
1234567
98292
1234567
98294
1234567
98296
1234567
98298
1234567
98300
1234567
98302
1234567
98304
1234567
98306
1234567
98308
1234567
98310
1234567
98312
1234567
98314
1234567
98316
1234567
98318
1234567
98320
1234567
98322
1234567
98324
1234567
98326
1234567
98328
1234567
98330
1234567
98332
1234567
98334
1234567
98336
1234567
98338
1234567
98340
1234567
98342
1234567
98344
1234567
98346
1234567
98348
1234567
98350
1234567
98352
1234567
98354
1234567
98356
1234567
98358
1234567
98360
1234567
98362
1234567
98364
1234567
98366
1234567
98368
1234567
98370
1234567
98372
1234567
98374
1234567
98376
1234567
98378
1234567
98380
1234567
98382
1234567
98384
1234567
98386
1234567
98388
1234567
98390
1234567
98392
1234567
98394
1234567
98396
1234567
98398
1234567
98400
1234567
98402
1234567
98404
1234567
98406
1234567
98408
1234567
98410
1234567
98412
1234567
98414
1234567
98416
1234567
98418
1234567
98420
1234567
98422
1234567
98424
1234567
98426
1234567
98428
1234567
98430
1234567
98432
1234567
98434
1234567
98436
1234567
98438
1234567
98440
1234567
98442
1234567
98444
1234567
98446
1234567
98448
1234567
98450
1234567
98452
1234567
98454
1234567
98456
1234567
98458
1234567
98460
1234567
98462
1234567
98464
1234567
98466
1234567
98468
1234567
98470
1234567
98472
1234567
98474
1234567
98476
1234567
98478
1234567
98480
1234567
98482
1234567
98484
1234567
98486
1234567
98488
1234567
98490
1234567
98492
1234567
98494
1234567
98496
1234567
98498
1234567
98500
1234567
98502
1234567
98504
1234567
98506
1234567
98508
1234567
98510
1234567
98512
1234567
98514
1234567
98516
1234567
98518
1234567
98520
1234567
98522
1234567
98524
1234567
98526
1234567
98528
1234567
98530
1234567
98532
1234567
98534
1234567
98536
1234567
98538
1234567
98540
1234567
98542
1234567
98544
1234567
98546
1234567
98548
1234567
98550
1234567
98552
1234567
98554
1234567
98556
1234567
98558
1234567
98560
1234567
98562
1234567
98564
1234567
98566
1234567
98568
1234567
98570
1234567
98572
1234567
98574
1234567
98576
1234567
98578
1234567
98580
1234567
98582
1234567
98584
1234567
98586
1234567
98588
1234567
98590
1234567
98592
1234567
98594
1234567
98596
1234567
98598
1234567
98600
1234567
98602
1234567
98604
1234567
98606
1234567
98608
1234567
98610
1234567
98612
1234567
98614
1234567
98616
1234567
98618
1234567
98620
1234567
98622
1234567
98624
1234567
98626
1234567
98628
1234567
98630
1234567
98632
1234567
98634
1234567
98636
1234567
98638
1234567
98640
1234567
98642
1234567
98644
1234567
98646
1234567
98648
1234567
98650
1234567
98652
1234567
98654
1234567
98656
1234567
98658
1234567
98660
1234567
98662
1234567
98664
1234567
98666
1234567
98668
1234567
98670
1234567
98672
1234567
98674
1234567
98676
1234567
98678
1234567
98680
1234567
98682
1234567
98684
1234567
98686
1234567
98688
1234567
98690
1234567
98692
1234567
98694
1234567
98696
1234567
98698
1234567
98700
1234567
98702
1234567
98704
1234567
98706
1234567
98708
1234567
98710
1234567
98712
1234567
98714
1234567
98716
1234567
98718
1234567
98720
1234567
98722
1234567
98724
1234567
98726
1234567
98728
1234567
98730
1234567
98732
1234567
98734
1234567
98736
1234567
98738
1234567
98740
1234567
98742
1234567
98744
1234567
98746
1234567
98748
1234567
98750
1234567
98752
1234567
98754
1234567
98756
1234567
98758
1234567
98760
1234567
98762
1234567
98764
1234567
98766
1234567
98768
1234567
98770
1234567
98772
1234567
98774
1234567
98776
1234567
98778
1234567
98780
1234567
98782
1234567
98784
1234567
98786
1234567
98788
1234567
98790
1234567
98792
1234567
98794
1234567
98796
1234567
98798
1234567
98800
1234567
98802
1234567
98804
1234567
98806
1234567
98808
1234567
98810
1234567
98812
1234567
98814
1234567
98816
1234567
98818
1234567
98820
1234567
98822
1234567
98824
1234567
98826
1234567
98828
1234567
98830
1234567
98832
1234567
98834
1234567
98836
1234567
98838
1234567
98840
1234567
98842
1234567
98844
1234567
98846
1234567
98848
1234567
98850
1234567
98852
1234567
98854
1234567
98856
1234567
98858
1234567
98860
1234567
98862
1234567
98864
1234567
98866
1234567
98868
1234567
98870
1234567
98872
1234567
98874
1234567
98876
1234567
98878
1234567
98880
1234567
98882
1234567
98884
1234567
98886
1234567
98888
1234567
98890
1234567
98892
1234567
98894
1234567
98896
1234567
98898
1234567
98900
1234567
98902
1234567
98904
1234567
98906
1234567
98908
1234567
98910
1234567
98912
1234567
98914
1234567
98916
1234567
98918
1234567
98920
1234567
98922
1234567
98924
1234567
98926
1234567
98928
1234567
98930
1234567
98932
1234567
98934
1234567
98936
1234567
98938
1234567
98940
1234567
98942
1234567
98944
1234567
98946
1234567
98948
1234567
98950
1234567
98952
1234567
98954
1234567
98956
1234567
98958
1234567
98960
1234567
98962
1234567
98964
1234567
98966
1234567
98968
1234567
98970
1234567
98972
1234567
98974
1234567
98976
1234567
98978
1234567
98980
1234567
98982
1234567
98984
1234567
98986
1234567
98988
1234567
98990
1234567
98992
1234567
98994
1234567
98996
1234567
98998
1234567
99000
1234567
99002
1234567
99004
1234567
99006
1234567
99008
1234567
99010
1234567
99012
1234567
99014
1234567
99016
1234567
99018
1234567
99020
1234567
99022
1234567
99024
1234567
99026
1234567
99028
1234567
99030
1234567
99032
1234567
99034
1234567
99036
1234567
99038
1234567
99040
1234567
99042
1234567
99044
1234567
99046
1234567
99048
1234567
99050
1234567
99052
1234567
99054
1234567
99056
1234567
99058
1234567
99060
1234567
99062
1234567
99064
1234567
99066
1234567
99068
1234567
99070
1234567
99072
1234567
99074
1234567
99076
1234567
99078
1234567
99080
1234567
99082
1234567
99084
1234567
99086
1234567
99088
1234567
99090
1234567
99092
1234567
99094
1234567
99096
1234567
99098
1234567
99100
1234567
99102
1234567
99104
1234567
99106
1234567
99108
1234567
99110
1234567
99112
1234567
99114
1234567
99116
1234567
99118
1234567
99120
1234567
99122
1234567
99124
1234567
99126
1234567
99128
1234567
99130
1234567
99132
1234567
99134
1234567
99136
1234567
99138
1234567
99140
1234567
99142
1234567
99144
1234567
99146
1234567
99148
1234567
99150
1234567
99152
1234567
99154
1234567
99156
1234567
99158
1234567
99160
1234567
99162
1234567
99164
1234567
99166
1234567
99168
1234567
99170
1234567
99172
1234567
99174
1234567
99176
1234567
99178
1234567
99180
1234567
99182
1234567
99184
1234567
99186
1234567
99188
1234567
99190
1234567
99192
1234567
99194
1234567
99196
1234567
99198
1234567
99200
1234567
99202
1234567
99204
1234567
99206
1234567
99208
1234567
99210
1234567
99212
1234567
99214
1234567
99216
1234567
99218
1234567
99220
1234567
99222
1234567
99224
1234567
99226
1234567
99228
1234567
99230
1234567
99232
1234567
99234
1234567
99236
1234567
99238
1234567
99240
1234567
99242
1234567
99244
1234567
99246
1234567
99248
1234567
99250
1234567
99252
1234567
99254
1234567
99256
1234567
99258
1234567
99260
1234567
99262
1234567
99264
1234567
99266
1234567
99268
1234567
99270
1234567
99272
1234567
99274
1234567
99276
1234567
99278
1234567
99280
1234567
99282
1234567
99284
1234567
99286
1234567
99288
1234567
99290
1234567
99292
1234567
99294
1234567
99296
1234567
99298
1234567
99300
1234567
99302
1234567
99304
1234567
99306
1234567
99308
1234567
99310
1234567
99312
1234567
99314
1234567
99316
1234567
99318
1234567
99320
1234567
99322
1234567
99324
1234567
99326
1234567
99328
1234567
99330
1234567
99332
1234567
99334
1234567
99336
1234567
99338
1234567
99340
1234567
99342
1234567
99344
1234567
99346
1234567
99348
1234567
99350
1234567
99352
1234567
99354
1234567
99356
1234567
99358
1234567
99360
1234567
99362
1234567
99364
1234567
99366
1234567
99368
1234567
99370
1234567
99372
1234567
99374
1234567
99376
1234567
99378
1234567
99380
1234567
99382
1234567
99384
1234567
99386
1234567
99388
1234567
99390
1234567
99392
1234567
99394
1234567
99396
1234567
99398
1234567
99400
1234567
99402
1234567
99404
1234567
99406
1234567
99408
1234567
99410
1234567
99412
1234567
99414
1234567
99416
1234567
99418
1234567
99420
1234567
99422
1234567
99424
1234567
99426
1234567
99428
1234567
99430
1234567
99432
1234567
99434
1234567
99436
1234567
99438
1234567
99440
1234567
99442
1234567
99444
1234567
99446
1234567
99448
1234567
99450
1234567
99452
1234567
99454
1234567
99456
1234567
99458
1234567
99460
1234567
99462
1234567
99464
1234567
99466
1234567
99468
1234567
99470
1234567
99472
1234567
99474
1234567
99476
1234567
99478
1234567
99480
1234567
99482
1234567
99484
1234567
99486
1234567
99488
1234567
99490
1234567
99492
1234567
99494
1234567
99496
1234567
99498
1234567
99500
1234567
99502
1234567
99504
1234567
99506
1234567
99508
1234567
99510
1234567
99512
1234567
99514
1234567
99516
1234567
99518
1234567
99520
1234567
99522
1234567
99524
1234567
99526
1234567
99528
1234567
99530
1234567
99532
1234567
99534
1234567
99536
1234567
99538
1234567
99540
1234567
99542
1234567
99544
1234567
99546
1234567
99548
1234567
99550
1234567
99552
1234567
99554
1234567
99556
1234567
99558
1234567
99560
1234567
99562
1234567
99564
1234567
99566
1234567
99568
1234567
99570
1234567
99572
1234567
99574
1234567
99576
1234567
99578
1234567
99580
1234567
99582
1234567
99584
1234567
99586
1234567
99588
1234567
99590
1234567
99592
1234567
99594
1234567
99596
1234567
99598
1234567
99600
1234567
99602
1234567
99604
1234567
99606
1234567
99608
1234567
99610
1234567
99612
1234567
99614
1234567
99616
1234567
99618
1234567
99620
1234567
99622
1234567
99624
1234567
99626
1234567
99628
1234567
99630
1234567
99632
1234567
99634
1234567
99636
1234567
99638
1234567
99640
1234567
99642
1234567
99644
1234567
99646
1234567
99648
1234567
99650
1234567
99652
1234567
99654
1234567
99656
1234567
99658
1234567
99660
1234567
99662
1234567
99664
1234567
99666
1234567
99668
1234567
99670
1234567
99672
1234567
99674
1234567
99676
1234567
99678
1234567
99680
1234567
99682
1234567
99684
1234567
99686
1234567
99688
1234567
99690
1234567
99692
1234567
99694
1234567
99696
1234567
99698
1234567
99700
1234567
99702
1234567
99704
1234567
99706
1234567
99708
1234567
99710
1234567
99712
1234567
99714
1234567
99716
1234567
99718
1234567
99720
1234567
99722
1234567
99724
1234567
99726
1234567
99728
1234567
99730
1234567
99732
1234567
99734
1234567
99736
1234567
99738
1234567
99740
1234567
99742
1234567
99744
1234567
99746
1234567
99748
1234567
99750
1234567
99752
1234567
99754
1234567
99756
1234567
99758
1234567
99760
1234567
99762
1234567
99764
1234567
99766
1234567
99768
1234567
99770
1234567
99772
1234567
99774
1234567
99776
1234567
99778
1234567
99780
1234567
99782
1234567
99784
1234567
99786
1234567
99788
1234567
99790
1234567
99792
1234567
99794
1234567
99796
1234567
99798
1234567
99800
1234567
99802
1234567
99804
1234567
99806
1234567
99808
1234567
99810
1234567
99812
1234567
99814
1234567
99816
1234567
99818
1234567
99820
1234567
99822
1234567
99824
1234567
99826
1234567
99828
1234567
99830
1234567
99832
1234567
99834
1234567
99836
1234567
99838
1234567
99840
1234567
99842
1234567
99844
1234567
99846
1234567
99848
1234567
99850
1234567
99852
1234567
99854
1234567
99856
1234567
99858
1234567
99860
1234567
99862
1234567
99864
1234567
99866
1234567
99868
1234567
99870
1234567
99872
1234567
99874
1234567
99876
1234567
99878
1234567
99880
1234567
99882
1234567
99884
1234567
99886
1234567
99888
1234567
99890
1234567
99892
1234567
99894
1234567
99896
1234567
99898
1234567
99900
1234567
99902
1234567
99904
1234567
99906
1234567
99908
1234567
99910
1234567
99912
1234567
99914
1234567
99916
1234567
99918
1234567
99920
1234567
99922
1234567
99924
1234567
99926
1234567
99928
1234567
99930
1234567
99932
1234567
99934
1234567
99936
1234567
99938
1234567
99940
1234567
99942
1234567
99944
1234567
99946
1234567
99948
1234567
99950
1234567
99952
1234567
99954
1234567
99956
1234567
99958
1234567
99960
1234567
99962
1234567
99964
1234567
99966
1234567
99968
1234567
99970
1234567
99972
1234567
99974
1234567
99976
1234567
99978
1234567
99980
1234567
99982
1234567
99984
1234567
99986
1234567
99988
1234567
99990
1234567
99992
1234567
99994
1234567
99996
1234567
99998
1234567
